<?xml version="1.0" encoding="UTF-8"?>
<gpx creator="Garmin Connect" version="1.1"
  xsi:schemaLocation="http://www.topografix.com/GPX/1/1 http://www.topografix.com/GPX/11.xsd"
  xmlns:ns3="http://www.garmin.com/xmlschemas/TrackPointExtension/v1"
  xmlns="http://www.topografix.com/GPX/1/1"
  xmlns:xsi="http://www.w3.org/2001/XMLSchema-instance" xmlns:ns2="http://www.garmin.com/xmlschemas/GpxExtensions/v3">
  <metadata>
    <link href="connect.garmin.com">
      <text>Garmin Connect</text>
    </link>
    <time>2024-06-09T07:18:29.000Z</time>
  </metadata>
  <trk>
    <name>Circuit versant Cheile Turzii</name>
    <type>hiking</type>
    <trkseg>
      <trkpt lat="46.57108775340020656585693359375" lon="23.66695680655539035797119140625">
        <ele>468.79998779296875</ele>
        <time>2024-06-09T07:18:29.000Z</time>
        <extensions>
          <ns3:TrackPointExtension>
            <ns3:hr>76</ns3:hr>
            <ns3:cad>0</ns3:cad>
          </ns3:TrackPointExtension>
        </extensions>
      </trkpt>
      <trkpt lat="46.57108758576214313507080078125" lon="23.666953705251216888427734375">
        <ele>468.79998779296875</ele>
        <time>2024-06-09T07:18:30.000Z</time>
        <extensions>
          <ns3:TrackPointExtension>
            <ns3:hr>76</ns3:hr>
            <ns3:cad>0</ns3:cad>
          </ns3:TrackPointExtension>
        </extensions>
      </trkpt>
      <trkpt lat="46.57109521329402923583984375" lon="23.6669446527957916259765625">
        <ele>468.79998779296875</ele>
        <time>2024-06-09T07:18:31.000Z</time>
        <extensions>
          <ns3:TrackPointExtension>
            <ns3:hr>76</ns3:hr>
            <ns3:cad>0</ns3:cad>
          </ns3:TrackPointExtension>
        </extensions>
      </trkpt>
      <trkpt lat="46.57112094573676586151123046875" lon="23.66693861782550811767578125">
        <ele>468.600006103515625</ele>
        <time>2024-06-09T07:18:34.000Z</time>
        <extensions>
          <ns3:TrackPointExtension>
            <ns3:hr>78</ns3:hr>
            <ns3:cad>46</ns3:cad>
          </ns3:TrackPointExtension>
        </extensions>
      </trkpt>
      <trkpt lat="46.5711597539484500885009765625" lon="23.66693325340747833251953125">
        <ele>468.600006103515625</ele>
        <time>2024-06-09T07:18:38.000Z</time>
        <extensions>
          <ns3:TrackPointExtension>
            <ns3:hr>75</ns3:hr>
            <ns3:cad>47</ns3:cad>
          </ns3:TrackPointExtension>
        </extensions>
      </trkpt>
      <trkpt lat="46.57117836177349090576171875" lon="23.66692478768527507781982421875">
        <ele>468.600006103515625</ele>
        <time>2024-06-09T07:18:40.000Z</time>
        <extensions>
          <ns3:TrackPointExtension>
            <ns3:hr>74</ns3:hr>
            <ns3:cad>49</ns3:cad>
          </ns3:TrackPointExtension>
        </extensions>
      </trkpt>
      <trkpt lat="46.5712600015103816986083984375" lon="23.66690383292734622955322265625">
        <ele>468.20001220703125</ele>
        <time>2024-06-09T07:18:48.000Z</time>
        <extensions>
          <ns3:TrackPointExtension>
            <ns3:hr>75</ns3:hr>
            <ns3:cad>49</ns3:cad>
          </ns3:TrackPointExtension>
        </extensions>
      </trkpt>
      <trkpt lat="46.571283638477325439453125" lon="23.66689980961382389068603515625">
        <ele>468</ele>
        <time>2024-06-09T07:18:50.000Z</time>
        <extensions>
          <ns3:TrackPointExtension>
            <ns3:hr>78</ns3:hr>
            <ns3:cad>51</ns3:cad>
          </ns3:TrackPointExtension>
        </extensions>
      </trkpt>
      <trkpt lat="46.57130182720720767974853515625" lon="23.66690333001315593719482421875">
        <ele>467.79998779296875</ele>
        <time>2024-06-09T07:18:52.000Z</time>
        <extensions>
          <ns3:TrackPointExtension>
            <ns3:hr>82</ns3:hr>
            <ns3:cad>50</ns3:cad>
          </ns3:TrackPointExtension>
        </extensions>
      </trkpt>
      <trkpt lat="46.5713091194629669189453125" lon="23.6669109575450420379638671875">
        <ele>467.79998779296875</ele>
        <time>2024-06-09T07:18:53.000Z</time>
        <extensions>
          <ns3:TrackPointExtension>
            <ns3:hr>86</ns3:hr>
            <ns3:cad>50</ns3:cad>
          </ns3:TrackPointExtension>
        </extensions>
      </trkpt>
      <trkpt lat="46.5713206864893436431884765625" lon="23.666915483772754669189453125">
        <ele>467.600006103515625</ele>
        <time>2024-06-09T07:18:54.000Z</time>
        <extensions>
          <ns3:TrackPointExtension>
            <ns3:hr>88</ns3:hr>
            <ns3:cad>50</ns3:cad>
          </ns3:TrackPointExtension>
        </extensions>
      </trkpt>
      <trkpt lat="46.57135010696947574615478515625" lon="23.66692679934203624725341796875">
        <ele>467.399993896484375</ele>
        <time>2024-06-09T07:18:56.000Z</time>
        <extensions>
          <ns3:TrackPointExtension>
            <ns3:hr>89</ns3:hr>
            <ns3:cad>48</ns3:cad>
          </ns3:TrackPointExtension>
        </extensions>
      </trkpt>
      <trkpt lat="46.571374498307704925537109375" lon="23.6669377796351909637451171875">
        <ele>467.399993896484375</ele>
        <time>2024-06-09T07:18:58.000Z</time>
        <extensions>
          <ns3:TrackPointExtension>
            <ns3:hr>85</ns3:hr>
            <ns3:cad>48</ns3:cad>
          </ns3:TrackPointExtension>
        </extensions>
      </trkpt>
      <trkpt lat="46.571440882980823516845703125" lon="23.66692931391298770904541015625">
        <ele>467.20001220703125</ele>
        <time>2024-06-09T07:19:05.000Z</time>
        <extensions>
          <ns3:TrackPointExtension>
            <ns3:hr>87</ns3:hr>
            <ns3:cad>48</ns3:cad>
          </ns3:TrackPointExtension>
        </extensions>
      </trkpt>
      <trkpt lat="46.57145990990102291107177734375" lon="23.6669293977320194244384765625">
        <ele>467.20001220703125</ele>
        <time>2024-06-09T07:19:07.000Z</time>
        <extensions>
          <ns3:TrackPointExtension>
            <ns3:hr>90</ns3:hr>
            <ns3:cad>48</ns3:cad>
          </ns3:TrackPointExtension>
        </extensions>
      </trkpt>
      <trkpt lat="46.57150425016880035400390625" lon="23.66690500639379024505615234375">
        <ele>466.600006103515625</ele>
        <time>2024-06-09T07:19:12.000Z</time>
        <extensions>
          <ns3:TrackPointExtension>
            <ns3:hr>92</ns3:hr>
            <ns3:cad>51</ns3:cad>
          </ns3:TrackPointExtension>
        </extensions>
      </trkpt>
      <trkpt lat="46.57155881635844707489013671875" lon="23.66684549488127231597900390625">
        <ele>465.600006103515625</ele>
        <time>2024-06-09T07:19:17.000Z</time>
        <extensions>
          <ns3:TrackPointExtension>
            <ns3:hr>94</ns3:hr>
            <ns3:cad>51</ns3:cad>
          </ns3:TrackPointExtension>
        </extensions>
      </trkpt>
      <trkpt lat="46.5715825371444225311279296875" lon="23.66681900806725025177001953125">
        <ele>465.600006103515625</ele>
        <time>2024-06-09T07:19:19.000Z</time>
        <extensions>
          <ns3:TrackPointExtension>
            <ns3:hr>94</ns3:hr>
            <ns3:cad>49</ns3:cad>
          </ns3:TrackPointExtension>
        </extensions>
      </trkpt>
      <trkpt lat="46.5716283023357391357421875" lon="23.66679235361516475677490234375">
        <ele>465.79998779296875</ele>
        <time>2024-06-09T07:19:24.000Z</time>
        <extensions>
          <ns3:TrackPointExtension>
            <ns3:hr>91</ns3:hr>
            <ns3:cad>48</ns3:cad>
          </ns3:TrackPointExtension>
        </extensions>
      </trkpt>
      <trkpt lat="46.57164095900952816009521484375" lon="23.66678128950297832489013671875">
        <ele>465.600006103515625</ele>
        <time>2024-06-09T07:19:25.000Z</time>
        <extensions>
          <ns3:TrackPointExtension>
            <ns3:hr>91</ns3:hr>
            <ns3:cad>48</ns3:cad>
          </ns3:TrackPointExtension>
        </extensions>
      </trkpt>
      <trkpt lat="46.57167934812605381011962890625" lon="23.66675295867025852203369140625">
        <ele>465.79998779296875</ele>
        <time>2024-06-09T07:19:30.000Z</time>
        <extensions>
          <ns3:TrackPointExtension>
            <ns3:hr>92</ns3:hr>
            <ns3:cad>0</ns3:cad>
          </ns3:TrackPointExtension>
        </extensions>
      </trkpt>
      <trkpt lat="46.57169812358915805816650390625" lon="23.666702918708324432373046875">
        <ele>465.79998779296875</ele>
        <time>2024-06-09T07:19:36.000Z</time>
        <extensions>
          <ns3:TrackPointExtension>
            <ns3:hr>93</ns3:hr>
            <ns3:cad>52</ns3:cad>
          </ns3:TrackPointExtension>
        </extensions>
      </trkpt>
      <trkpt lat="46.57167918048799037933349609375" lon="23.66663955152034759521484375">
        <ele>465.600006103515625</ele>
        <time>2024-06-09T07:19:42.000Z</time>
        <extensions>
          <ns3:TrackPointExtension>
            <ns3:hr>88</ns3:hr>
            <ns3:cad>43</ns3:cad>
          </ns3:TrackPointExtension>
        </extensions>
      </trkpt>
      <trkpt lat="46.57167633064091205596923828125" lon="23.66662882268428802490234375">
        <ele>465.600006103515625</ele>
        <time>2024-06-09T07:19:43.000Z</time>
        <extensions>
          <ns3:TrackPointExtension>
            <ns3:hr>87</ns3:hr>
            <ns3:cad>42</ns3:cad>
          </ns3:TrackPointExtension>
        </extensions>
      </trkpt>
      <trkpt lat="46.57165219075977802276611328125" lon="23.6665612645447254180908203125">
        <ele>465.79998779296875</ele>
        <time>2024-06-09T07:19:47.000Z</time>
        <extensions>
          <ns3:TrackPointExtension>
            <ns3:hr>90</ns3:hr>
            <ns3:cad>43</ns3:cad>
          </ns3:TrackPointExtension>
        </extensions>
      </trkpt>
      <trkpt lat="46.57164598815143108367919921875" lon="23.66653067059814929962158203125">
        <ele>465.79998779296875</ele>
        <time>2024-06-09T07:19:50.000Z</time>
        <extensions>
          <ns3:TrackPointExtension>
            <ns3:hr>92</ns3:hr>
            <ns3:cad>44</ns3:cad>
          </ns3:TrackPointExtension>
        </extensions>
      </trkpt>
      <trkpt lat="46.57163240946829319000244140625" lon="23.666457496583461761474609375">
        <ele>465.79998779296875</ele>
        <time>2024-06-09T07:19:56.000Z</time>
        <extensions>
          <ns3:TrackPointExtension>
            <ns3:hr>93</ns3:hr>
            <ns3:cad>0</ns3:cad>
          </ns3:TrackPointExtension>
        </extensions>
      </trkpt>
      <trkpt lat="46.57162754796445369720458984375" lon="23.6664341948926448822021484375">
        <ele>466</ele>
        <time>2024-06-09T07:20:04.000Z</time>
        <extensions>
          <ns3:TrackPointExtension>
            <ns3:hr>95</ns3:hr>
            <ns3:cad>0</ns3:cad>
          </ns3:TrackPointExtension>
        </extensions>
      </trkpt>
      <trkpt lat="46.57163592986762523651123046875" lon="23.66640091873705387115478515625">
        <ele>466</ele>
        <time>2024-06-09T07:20:07.000Z</time>
        <extensions>
          <ns3:TrackPointExtension>
            <ns3:hr>92</ns3:hr>
            <ns3:cad>0</ns3:cad>
          </ns3:TrackPointExtension>
        </extensions>
      </trkpt>
      <trkpt lat="46.5716626681387424468994140625" lon="23.66636739112436771392822265625">
        <ele>466.20001220703125</ele>
        <time>2024-06-09T07:20:10.000Z</time>
        <extensions>
          <ns3:TrackPointExtension>
            <ns3:hr>89</ns3:hr>
            <ns3:cad>0</ns3:cad>
          </ns3:TrackPointExtension>
        </extensions>
      </trkpt>
      <trkpt lat="46.57171480357646942138671875" lon="23.666338138282299041748046875">
        <ele>466.600006103515625</ele>
        <time>2024-06-09T07:20:16.000Z</time>
        <extensions>
          <ns3:TrackPointExtension>
            <ns3:hr>87</ns3:hr>
            <ns3:cad>41</ns3:cad>
          </ns3:TrackPointExtension>
        </extensions>
      </trkpt>
      <trkpt lat="46.57172695733606815338134765625" lon="23.66633989848196506500244140625">
        <ele>466.600006103515625</ele>
        <time>2024-06-09T07:20:17.000Z</time>
        <extensions>
          <ns3:TrackPointExtension>
            <ns3:hr>84</ns3:hr>
            <ns3:cad>40</ns3:cad>
          </ns3:TrackPointExtension>
        </extensions>
      </trkpt>
      <trkpt lat="46.57179392874240875244140625" lon="23.66631391458213329315185546875">
        <ele>466.600006103515625</ele>
        <time>2024-06-09T07:20:24.000Z</time>
        <extensions>
          <ns3:TrackPointExtension>
            <ns3:hr>85</ns3:hr>
            <ns3:cad>48</ns3:cad>
          </ns3:TrackPointExtension>
        </extensions>
      </trkpt>
      <trkpt lat="46.57180876471102237701416015625" lon="23.6663124896585941314697265625">
        <ele>466.600006103515625</ele>
        <time>2024-06-09T07:20:25.000Z</time>
        <extensions>
          <ns3:TrackPointExtension>
            <ns3:hr>85</ns3:hr>
            <ns3:cad>49</ns3:cad>
          </ns3:TrackPointExtension>
        </extensions>
      </trkpt>
      <trkpt lat="46.57187439501285552978515625" lon="23.6662970669567584991455078125">
        <ele>466.399993896484375</ele>
        <time>2024-06-09T07:20:30.000Z</time>
        <extensions>
          <ns3:TrackPointExtension>
            <ns3:hr>86</ns3:hr>
            <ns3:cad>49</ns3:cad>
          </ns3:TrackPointExtension>
        </extensions>
      </trkpt>
      <trkpt lat="46.57189023680984973907470703125" lon="23.66630100645124912261962890625">
        <ele>466.600006103515625</ele>
        <time>2024-06-09T07:20:32.000Z</time>
        <extensions>
          <ns3:TrackPointExtension>
            <ns3:hr>86</ns3:hr>
            <ns3:cad>49</ns3:cad>
          </ns3:TrackPointExtension>
        </extensions>
      </trkpt>
      <trkpt lat="46.571935079991817474365234375" lon="23.66630955599248409271240234375">
        <ele>466.600006103515625</ele>
        <time>2024-06-09T07:20:37.000Z</time>
        <extensions>
          <ns3:TrackPointExtension>
            <ns3:hr>87</ns3:hr>
            <ns3:cad>49</ns3:cad>
          </ns3:TrackPointExtension>
        </extensions>
      </trkpt>
      <trkpt lat="46.57200121320784091949462890625" lon="23.6662839911878108978271484375">
        <ele>466.600006103515625</ele>
        <time>2024-06-09T07:20:44.000Z</time>
        <extensions>
          <ns3:TrackPointExtension>
            <ns3:hr>86</ns3:hr>
            <ns3:cad>44</ns3:cad>
          </ns3:TrackPointExtension>
        </extensions>
      </trkpt>
      <trkpt lat="46.57202116213738918304443359375" lon="23.66627133451402187347412109375">
        <ele>466.600006103515625</ele>
        <time>2024-06-09T07:20:46.000Z</time>
        <extensions>
          <ns3:TrackPointExtension>
            <ns3:hr>86</ns3:hr>
            <ns3:cad>44</ns3:cad>
          </ns3:TrackPointExtension>
        </extensions>
      </trkpt>
      <trkpt lat="46.57204748131334781646728515625" lon="23.6662625335156917572021484375">
        <ele>466.600006103515625</ele>
        <time>2024-06-09T07:20:49.000Z</time>
        <extensions>
          <ns3:TrackPointExtension>
            <ns3:hr>85</ns3:hr>
            <ns3:cad>44</ns3:cad>
          </ns3:TrackPointExtension>
        </extensions>
      </trkpt>
      <trkpt lat="46.572132222354412078857421875" lon="23.66626462899148464202880859375">
        <ele>467.20001220703125</ele>
        <time>2024-06-09T07:20:57.000Z</time>
        <extensions>
          <ns3:TrackPointExtension>
            <ns3:hr>85</ns3:hr>
            <ns3:cad>79</ns3:cad>
          </ns3:TrackPointExtension>
        </extensions>
      </trkpt>
      <trkpt lat="46.5721793286502361297607421875" lon="23.6662606894969940185546875">
        <ele>467.600006103515625</ele>
        <time>2024-06-09T07:21:02.000Z</time>
        <extensions>
          <ns3:TrackPointExtension>
            <ns3:hr>86</ns3:hr>
            <ns3:cad>79</ns3:cad>
          </ns3:TrackPointExtension>
        </extensions>
      </trkpt>
      <trkpt lat="46.57221126370131969451904296875" lon="23.6662551574409008026123046875">
        <ele>467.79998779296875</ele>
        <time>2024-06-09T07:21:05.000Z</time>
        <extensions>
          <ns3:TrackPointExtension>
            <ns3:hr>87</ns3:hr>
            <ns3:cad>41</ns3:cad>
          </ns3:TrackPointExtension>
        </extensions>
      </trkpt>
      <trkpt lat="46.5722809173166751861572265625" lon="23.66621986962854862213134765625">
        <ele>468.600006103515625</ele>
        <time>2024-06-09T07:21:13.000Z</time>
        <extensions>
          <ns3:TrackPointExtension>
            <ns3:hr>90</ns3:hr>
            <ns3:cad>41</ns3:cad>
          </ns3:TrackPointExtension>
        </extensions>
      </trkpt>
      <trkpt lat="46.57228854484856128692626953125" lon="23.6662177741527557373046875">
        <ele>468.79998779296875</ele>
        <time>2024-06-09T07:21:14.000Z</time>
        <extensions>
          <ns3:TrackPointExtension>
            <ns3:hr>90</ns3:hr>
            <ns3:cad>41</ns3:cad>
          </ns3:TrackPointExtension>
        </extensions>
      </trkpt>
      <trkpt lat="46.57233196310698986053466796875" lon="23.66620595566928386688232421875">
        <ele>469.600006103515625</ele>
        <time>2024-06-09T07:21:20.000Z</time>
        <extensions>
          <ns3:TrackPointExtension>
            <ns3:hr>93</ns3:hr>
            <ns3:cad>79</ns3:cad>
          </ns3:TrackPointExtension>
        </extensions>
      </trkpt>
      <trkpt lat="46.57233841717243194580078125" lon="23.6661984957754611968994140625">
        <ele>469.79998779296875</ele>
        <time>2024-06-09T07:21:21.000Z</time>
        <extensions>
          <ns3:TrackPointExtension>
            <ns3:hr>94</ns3:hr>
            <ns3:cad>41</ns3:cad>
          </ns3:TrackPointExtension>
        </extensions>
      </trkpt>
      <trkpt lat="46.57235811464488506317138671875" lon="23.66618583910167217254638671875">
        <ele>470.20001220703125</ele>
        <time>2024-06-09T07:21:23.000Z</time>
        <extensions>
          <ns3:TrackPointExtension>
            <ns3:hr>99</ns3:hr>
            <ns3:cad>41</ns3:cad>
          </ns3:TrackPointExtension>
        </extensions>
      </trkpt>
      <trkpt lat="46.57236817292869091033935546875" lon="23.66618080995976924896240234375">
        <ele>470.399993896484375</ele>
        <time>2024-06-09T07:21:24.000Z</time>
        <extensions>
          <ns3:TrackPointExtension>
            <ns3:hr>100</ns3:hr>
            <ns3:cad>41</ns3:cad>
          </ns3:TrackPointExtension>
        </extensions>
      </trkpt>
      <trkpt lat="46.57240203581750392913818359375" lon="23.66616890765726566314697265625">
        <ele>471</ele>
        <time>2024-06-09T07:21:27.000Z</time>
        <extensions>
          <ns3:TrackPointExtension>
            <ns3:hr>101</ns3:hr>
            <ns3:cad>41</ns3:cad>
          </ns3:TrackPointExtension>
        </extensions>
      </trkpt>
      <trkpt lat="46.57241125591099262237548828125" lon="23.6661528982222080230712890625">
        <ele>471.399993896484375</ele>
        <time>2024-06-09T07:21:30.000Z</time>
        <extensions>
          <ns3:TrackPointExtension>
            <ns3:hr>102</ns3:hr>
            <ns3:cad>40</ns3:cad>
          </ns3:TrackPointExtension>
        </extensions>
      </trkpt>
      <trkpt lat="46.57241159118711948394775390625" lon="23.66613923572003841400146484375">
        <ele>471.79998779296875</ele>
        <time>2024-06-09T07:21:31.000Z</time>
        <extensions>
          <ns3:TrackPointExtension>
            <ns3:hr>102</ns3:hr>
            <ns3:cad>40</ns3:cad>
          </ns3:TrackPointExtension>
        </extensions>
      </trkpt>
      <trkpt lat="46.572416536509990692138671875" lon="23.66609640419483184814453125">
        <ele>472</ele>
        <time>2024-06-09T07:21:35.000Z</time>
        <extensions>
          <ns3:TrackPointExtension>
            <ns3:hr>103</ns3:hr>
            <ns3:cad>41</ns3:cad>
          </ns3:TrackPointExtension>
        </extensions>
      </trkpt>
      <trkpt lat="46.5724249184131622314453125" lon="23.66605156101286411285400390625">
        <ele>472.399993896484375</ele>
        <time>2024-06-09T07:21:39.000Z</time>
        <extensions>
          <ns3:TrackPointExtension>
            <ns3:hr>104</ns3:hr>
            <ns3:cad>76</ns3:cad>
          </ns3:TrackPointExtension>
        </extensions>
      </trkpt>
      <trkpt lat="46.57243589870631694793701171875" lon="23.66594611667096614837646484375">
        <ele>473.20001220703125</ele>
        <time>2024-06-09T07:21:47.000Z</time>
        <extensions>
          <ns3:TrackPointExtension>
            <ns3:hr>103</ns3:hr>
            <ns3:cad>78</ns3:cad>
          </ns3:TrackPointExtension>
        </extensions>
      </trkpt>
      <trkpt lat="46.57244394533336162567138671875" lon="23.66591493599116802215576171875">
        <ele>473.399993896484375</ele>
        <time>2024-06-09T07:21:50.000Z</time>
        <extensions>
          <ns3:TrackPointExtension>
            <ns3:hr>99</ns3:hr>
            <ns3:cad>42</ns3:cad>
          </ns3:TrackPointExtension>
        </extensions>
      </trkpt>
      <trkpt lat="46.5724700130522251129150390625" lon="23.66585056297481060028076171875">
        <ele>474.20001220703125</ele>
        <time>2024-06-09T07:21:55.000Z</time>
        <extensions>
          <ns3:TrackPointExtension>
            <ns3:hr>97</ns3:hr>
            <ns3:cad>43</ns3:cad>
          </ns3:TrackPointExtension>
        </extensions>
      </trkpt>
      <trkpt lat="46.5724812448024749755859375" lon="23.6658263392746448516845703125">
        <ele>474.399993896484375</ele>
        <time>2024-06-09T07:21:57.000Z</time>
        <extensions>
          <ns3:TrackPointExtension>
            <ns3:hr>100</ns3:hr>
            <ns3:cad>43</ns3:cad>
          </ns3:TrackPointExtension>
        </extensions>
      </trkpt>
      <trkpt lat="46.572486273944377899169921875" lon="23.6657968349754810333251953125">
        <ele>475</ele>
        <time>2024-06-09T07:22:01.000Z</time>
        <extensions>
          <ns3:TrackPointExtension>
            <ns3:hr>103</ns3:hr>
            <ns3:cad>79</ns3:cad>
          </ns3:TrackPointExtension>
        </extensions>
      </trkpt>
      <trkpt lat="46.57248686067759990692138671875" lon="23.665782250463962554931640625">
        <ele>475.20001220703125</ele>
        <time>2024-06-09T07:22:03.000Z</time>
        <extensions>
          <ns3:TrackPointExtension>
            <ns3:hr>103</ns3:hr>
            <ns3:cad>78</ns3:cad>
          </ns3:TrackPointExtension>
        </extensions>
      </trkpt>
      <trkpt lat="46.57249021343886852264404296875" lon="23.6657698452472686767578125">
        <ele>475.399993896484375</ele>
        <time>2024-06-09T07:22:04.000Z</time>
        <extensions>
          <ns3:TrackPointExtension>
            <ns3:hr>103</ns3:hr>
            <ns3:cad>77</ns3:cad>
          </ns3:TrackPointExtension>
        </extensions>
      </trkpt>
      <trkpt lat="46.57251276075839996337890625" lon="23.66571309976279735565185546875">
        <ele>476.399993896484375</ele>
        <time>2024-06-09T07:22:09.000Z</time>
        <extensions>
          <ns3:TrackPointExtension>
            <ns3:hr>106</ns3:hr>
            <ns3:cad>78</ns3:cad>
          </ns3:TrackPointExtension>
        </extensions>
      </trkpt>
      <trkpt lat="46.57252139411866664886474609375" lon="23.66568376310169696807861328125">
        <ele>476.79998779296875</ele>
        <time>2024-06-09T07:22:12.000Z</time>
        <extensions>
          <ns3:TrackPointExtension>
            <ns3:hr>107</ns3:hr>
            <ns3:cad>77</ns3:cad>
          </ns3:TrackPointExtension>
        </extensions>
      </trkpt>
      <trkpt lat="46.57252885401248931884765625" lon="23.6656486429274082183837890625">
        <ele>477.399993896484375</ele>
        <time>2024-06-09T07:22:15.000Z</time>
        <extensions>
          <ns3:TrackPointExtension>
            <ns3:hr>107</ns3:hr>
            <ns3:cad>41</ns3:cad>
          </ns3:TrackPointExtension>
        </extensions>
      </trkpt>
      <trkpt lat="46.57254335470497608184814453125" lon="23.665617965161800384521484375">
        <ele>477.79998779296875</ele>
        <time>2024-06-09T07:22:18.000Z</time>
        <extensions>
          <ns3:TrackPointExtension>
            <ns3:hr>108</ns3:hr>
            <ns3:cad>40</ns3:cad>
          </ns3:TrackPointExtension>
        </extensions>
      </trkpt>
      <trkpt lat="46.57254871912300586700439453125" lon="23.66557882167398929595947265625">
        <ele>478.600006103515625</ele>
        <time>2024-06-09T07:22:21.000Z</time>
        <extensions>
          <ns3:TrackPointExtension>
            <ns3:hr>111</ns3:hr>
            <ns3:cad>77</ns3:cad>
          </ns3:TrackPointExtension>
        </extensions>
      </trkpt>
      <trkpt lat="46.57255240716040134429931640625" lon="23.66550824604928493499755859375">
        <ele>479.399993896484375</ele>
        <time>2024-06-09T07:22:26.000Z</time>
        <extensions>
          <ns3:TrackPointExtension>
            <ns3:hr>113</ns3:hr>
            <ns3:cad>41</ns3:cad>
          </ns3:TrackPointExtension>
        </extensions>
      </trkpt>
      <trkpt lat="46.57254234887659549713134765625" lon="23.66548695601522922515869140625">
        <ele>479.600006103515625</ele>
        <time>2024-06-09T07:22:28.000Z</time>
        <extensions>
          <ns3:TrackPointExtension>
            <ns3:hr>113</ns3:hr>
            <ns3:cad>78</ns3:cad>
          </ns3:TrackPointExtension>
        </extensions>
      </trkpt>
      <trkpt lat="46.5725427679717540740966796875" lon="23.6654823459684848785400390625">
        <ele>479.600006103515625</ele>
        <time>2024-06-09T07:22:29.000Z</time>
        <extensions>
          <ns3:TrackPointExtension>
            <ns3:hr>113</ns3:hr>
            <ns3:cad>78</ns3:cad>
          </ns3:TrackPointExtension>
        </extensions>
      </trkpt>
      <trkpt lat="46.5725290216505527496337890625" lon="23.66545611061155796051025390625">
        <ele>480</ele>
        <time>2024-06-09T07:22:32.000Z</time>
        <extensions>
          <ns3:TrackPointExtension>
            <ns3:hr>113</ns3:hr>
            <ns3:cad>77</ns3:cad>
          </ns3:TrackPointExtension>
        </extensions>
      </trkpt>
      <trkpt lat="46.57251703552901744842529296875" lon="23.6653760634362697601318359375">
        <ele>480.600006103515625</ele>
        <time>2024-06-09T07:22:39.000Z</time>
        <extensions>
          <ns3:TrackPointExtension>
            <ns3:hr>112</ns3:hr>
            <ns3:cad>79</ns3:cad>
          </ns3:TrackPointExtension>
        </extensions>
      </trkpt>
      <trkpt lat="46.5725186280906200408935546875" lon="23.6652870476245880126953125">
        <ele>481.600006103515625</ele>
        <time>2024-06-09T07:22:46.000Z</time>
        <extensions>
          <ns3:TrackPointExtension>
            <ns3:hr>112</ns3:hr>
            <ns3:cad>78</ns3:cad>
          </ns3:TrackPointExtension>
        </extensions>
      </trkpt>
      <trkpt lat="46.5725196339190006256103515625" lon="23.66527740843594074249267578125">
        <ele>481.79998779296875</ele>
        <time>2024-06-09T07:22:47.000Z</time>
        <extensions>
          <ns3:TrackPointExtension>
            <ns3:hr>112</ns3:hr>
            <ns3:cad>77</ns3:cad>
          </ns3:TrackPointExtension>
        </extensions>
      </trkpt>
      <trkpt lat="46.572515778243541717529296875" lon="23.66523809731006622314453125">
        <ele>482.79998779296875</ele>
        <time>2024-06-09T07:22:51.000Z</time>
        <extensions>
          <ns3:TrackPointExtension>
            <ns3:hr>111</ns3:hr>
            <ns3:cad>72</ns3:cad>
          </ns3:TrackPointExtension>
        </extensions>
      </trkpt>
      <trkpt lat="46.57252223230898380279541015625" lon="23.6652280390262603759765625">
        <ele>483.20001220703125</ele>
        <time>2024-06-09T07:22:52.000Z</time>
        <extensions>
          <ns3:TrackPointExtension>
            <ns3:hr>111</ns3:hr>
            <ns3:cad>0</ns3:cad>
          </ns3:TrackPointExtension>
        </extensions>
      </trkpt>
      <trkpt lat="46.5725263394415378570556640625" lon="23.66521957330405712127685546875">
        <ele>483.399993896484375</ele>
        <time>2024-06-09T07:22:53.000Z</time>
        <extensions>
          <ns3:TrackPointExtension>
            <ns3:hr>111</ns3:hr>
            <ns3:cad>0</ns3:cad>
          </ns3:TrackPointExtension>
        </extensions>
      </trkpt>
      <trkpt lat="46.57253715209662914276123046875" lon="23.66516743786633014678955078125">
        <ele>483.79998779296875</ele>
        <time>2024-06-09T07:22:59.000Z</time>
        <extensions>
          <ns3:TrackPointExtension>
            <ns3:hr>114</ns3:hr>
            <ns3:cad>0</ns3:cad>
          </ns3:TrackPointExtension>
        </extensions>
      </trkpt>
      <trkpt lat="46.57253463752567768096923828125" lon="23.66518252529203891754150390625">
        <ele>484</ele>
        <time>2024-06-09T07:23:00.000Z</time>
        <extensions>
          <ns3:TrackPointExtension>
            <ns3:hr>114</ns3:hr>
            <ns3:cad>0</ns3:cad>
          </ns3:TrackPointExtension>
        </extensions>
      </trkpt>
      <trkpt lat="46.572531200945377349853515625" lon="23.66515805013477802276611328125">
        <ele>484.79998779296875</ele>
        <time>2024-06-09T07:23:06.000Z</time>
        <extensions>
          <ns3:TrackPointExtension>
            <ns3:hr>110</ns3:hr>
            <ns3:cad>0</ns3:cad>
          </ns3:TrackPointExtension>
        </extensions>
      </trkpt>
      <trkpt lat="46.572531200945377349853515625" lon="23.66515805013477802276611328125">
        <ele>484.79998779296875</ele>
        <time>2024-06-09T07:23:07.000Z</time>
        <extensions>
          <ns3:TrackPointExtension>
            <ns3:hr>108</ns3:hr>
            <ns3:cad>0</ns3:cad>
          </ns3:TrackPointExtension>
        </extensions>
      </trkpt>
      <trkpt lat="46.5725306980311870574951171875" lon="23.66515855304896831512451171875">
        <ele>484.79998779296875</ele>
        <time>2024-06-09T07:23:16.000Z</time>
        <extensions>
          <ns3:TrackPointExtension>
            <ns3:hr>108</ns3:hr>
            <ns3:cad>0</ns3:cad>
          </ns3:TrackPointExtension>
        </extensions>
      </trkpt>
      <trkpt lat="46.572529859840869903564453125" lon="23.66516492329537868499755859375">
        <ele>485</ele>
        <time>2024-06-09T07:23:19.000Z</time>
        <extensions>
          <ns3:TrackPointExtension>
            <ns3:hr>108</ns3:hr>
            <ns3:cad>0</ns3:cad>
          </ns3:TrackPointExtension>
        </extensions>
      </trkpt>
      <trkpt lat="46.57251770608127117156982421875" lon="23.66516190581023693084716796875">
        <ele>485.20001220703125</ele>
        <time>2024-06-09T07:23:24.000Z</time>
        <extensions>
          <ns3:TrackPointExtension>
            <ns3:hr>106</ns3:hr>
            <ns3:cad>0</ns3:cad>
          </ns3:TrackPointExtension>
        </extensions>
      </trkpt>
      <trkpt lat="46.5724678337574005126953125" lon="23.6650860495865345001220703125">
        <ele>485</ele>
        <time>2024-06-09T07:23:31.000Z</time>
        <extensions>
          <ns3:TrackPointExtension>
            <ns3:hr>106</ns3:hr>
            <ns3:cad>44</ns3:cad>
          </ns3:TrackPointExtension>
        </extensions>
      </trkpt>
      <trkpt lat="46.57244168221950531005859375" lon="23.66505679674446582794189453125">
        <ele>485.399993896484375</ele>
        <time>2024-06-09T07:23:35.000Z</time>
        <extensions>
          <ns3:TrackPointExtension>
            <ns3:hr>103</ns3:hr>
            <ns3:cad>76</ns3:cad>
          </ns3:TrackPointExtension>
        </extensions>
      </trkpt>
      <trkpt lat="46.57243891619145870208740234375" lon="23.66503315977752208709716796875">
        <ele>485.79998779296875</ele>
        <time>2024-06-09T07:23:37.000Z</time>
        <extensions>
          <ns3:TrackPointExtension>
            <ns3:hr>102</ns3:hr>
            <ns3:cad>76</ns3:cad>
          </ns3:TrackPointExtension>
        </extensions>
      </trkpt>
      <trkpt lat="46.5724257566034793853759765625" lon="23.66500684060156345367431640625">
        <ele>486</ele>
        <time>2024-06-09T07:23:39.000Z</time>
        <extensions>
          <ns3:TrackPointExtension>
            <ns3:hr>103</ns3:hr>
            <ns3:cad>76</ns3:cad>
          </ns3:TrackPointExtension>
        </extensions>
      </trkpt>
      <trkpt lat="46.57239650376141071319580078125" lon="23.664962165057659149169921875">
        <ele>486.20001220703125</ele>
        <time>2024-06-09T07:23:43.000Z</time>
        <extensions>
          <ns3:TrackPointExtension>
            <ns3:hr>103</ns3:hr>
            <ns3:cad>74</ns3:cad>
          </ns3:TrackPointExtension>
        </extensions>
      </trkpt>
      <trkpt lat="46.5723739564418792724609375" lon="23.66493190638720989227294921875">
        <ele>487.20001220703125</ele>
        <time>2024-06-09T07:23:46.000Z</time>
        <extensions>
          <ns3:TrackPointExtension>
            <ns3:hr>101</ns3:hr>
            <ns3:cad>74</ns3:cad>
          </ns3:TrackPointExtension>
        </extensions>
      </trkpt>
      <trkpt lat="46.57236012630164623260498046875" lon="23.66485663689672946929931640625">
        <ele>487.79998779296875</ele>
        <time>2024-06-09T07:23:52.000Z</time>
        <extensions>
          <ns3:TrackPointExtension>
            <ns3:hr>102</ns3:hr>
            <ns3:cad>0</ns3:cad>
          </ns3:TrackPointExtension>
        </extensions>
      </trkpt>
      <trkpt lat="46.57235761173069477081298828125" lon="23.6648418009281158447265625">
        <ele>488.600006103515625</ele>
        <time>2024-06-09T07:23:53.000Z</time>
        <extensions>
          <ns3:TrackPointExtension>
            <ns3:hr>102</ns3:hr>
            <ns3:cad>0</ns3:cad>
          </ns3:TrackPointExtension>
        </extensions>
      </trkpt>
      <trkpt lat="46.57232257537543773651123046875" lon="23.6647896654903888702392578125">
        <ele>489.20001220703125</ele>
        <time>2024-06-09T07:23:59.000Z</time>
        <extensions>
          <ns3:TrackPointExtension>
            <ns3:hr>105</ns3:hr>
            <ns3:cad>78</ns3:cad>
          </ns3:TrackPointExtension>
        </extensions>
      </trkpt>
      <trkpt lat="46.57232039608061313629150390625" lon="23.66478958167135715484619140625">
        <ele>489.600006103515625</ele>
        <time>2024-06-09T07:24:00.000Z</time>
        <extensions>
          <ns3:TrackPointExtension>
            <ns3:hr>106</ns3:hr>
            <ns3:cad>75</ns3:cad>
          </ns3:TrackPointExtension>
        </extensions>
      </trkpt>
      <trkpt lat="46.5723020397126674652099609375" lon="23.66477550007402896881103515625">
        <ele>489.79998779296875</ele>
        <time>2024-06-09T07:24:02.000Z</time>
        <extensions>
          <ns3:TrackPointExtension>
            <ns3:hr>109</ns3:hr>
            <ns3:cad>75</ns3:cad>
          </ns3:TrackPointExtension>
        </extensions>
      </trkpt>
      <trkpt lat="46.5722946636378765106201171875" lon="23.66476996801793575286865234375">
        <ele>489.79998779296875</ele>
        <time>2024-06-09T07:24:03.000Z</time>
        <extensions>
          <ns3:TrackPointExtension>
            <ns3:hr>112</ns3:hr>
            <ns3:cad>40</ns3:cad>
          </ns3:TrackPointExtension>
        </extensions>
      </trkpt>
      <trkpt lat="46.5722685120999813079833984375" lon="23.66474993526935577392578125">
        <ele>490</ele>
        <time>2024-06-09T07:24:06.000Z</time>
        <extensions>
          <ns3:TrackPointExtension>
            <ns3:hr>113</ns3:hr>
            <ns3:cad>78</ns3:cad>
          </ns3:TrackPointExtension>
        </extensions>
      </trkpt>
      <trkpt lat="46.572264321148395538330078125" lon="23.66473786532878875732421875">
        <ele>490.20001220703125</ele>
        <time>2024-06-09T07:24:08.000Z</time>
        <extensions>
          <ns3:TrackPointExtension>
            <ns3:hr>113</ns3:hr>
            <ns3:cad>40</ns3:cad>
          </ns3:TrackPointExtension>
        </extensions>
      </trkpt>
      <trkpt lat="46.57224814407527446746826171875" lon="23.6647108756005764007568359375">
        <ele>491</ele>
        <time>2024-06-09T07:24:11.000Z</time>
        <extensions>
          <ns3:TrackPointExtension>
            <ns3:hr>113</ns3:hr>
            <ns3:cad>40</ns3:cad>
          </ns3:TrackPointExtension>
        </extensions>
      </trkpt>
      <trkpt lat="46.57222668640315532684326171875" lon="23.6646957881748676300048828125">
        <ele>491.600006103515625</ele>
        <time>2024-06-09T07:24:14.000Z</time>
        <extensions>
          <ns3:TrackPointExtension>
            <ns3:hr>112</ns3:hr>
            <ns3:cad>78</ns3:cad>
          </ns3:TrackPointExtension>
        </extensions>
      </trkpt>
      <trkpt lat="46.5722188912332057952880859375" lon="23.66468681953847408294677734375">
        <ele>492</ele>
        <time>2024-06-09T07:24:16.000Z</time>
        <extensions>
          <ns3:TrackPointExtension>
            <ns3:hr>112</ns3:hr>
            <ns3:cad>77</ns3:cad>
          </ns3:TrackPointExtension>
        </extensions>
      </trkpt>
      <trkpt lat="46.57220019958913326263427734375" lon="23.66467022337019443511962890625">
        <ele>493.20001220703125</ele>
        <time>2024-06-09T07:24:20.000Z</time>
        <extensions>
          <ns3:TrackPointExtension>
            <ns3:hr>112</ns3:hr>
            <ns3:cad>72</ns3:cad>
          </ns3:TrackPointExtension>
        </extensions>
      </trkpt>
      <trkpt lat="46.57217706553637981414794921875" lon="23.66465094499289989471435546875">
        <ele>493.79998779296875</ele>
        <time>2024-06-09T07:24:23.000Z</time>
        <extensions>
          <ns3:TrackPointExtension>
            <ns3:hr>112</ns3:hr>
            <ns3:cad>75</ns3:cad>
          </ns3:TrackPointExtension>
        </extensions>
      </trkpt>
      <trkpt lat="46.5721645765006542205810546875" lon="23.6646384559571743011474609375">
        <ele>494.399993896484375</ele>
        <time>2024-06-09T07:24:25.000Z</time>
        <extensions>
          <ns3:TrackPointExtension>
            <ns3:hr>113</ns3:hr>
            <ns3:cad>75</ns3:cad>
          </ns3:TrackPointExtension>
        </extensions>
      </trkpt>
      <trkpt lat="46.57215242274105548858642578125" lon="23.66462797857820987701416015625">
        <ele>495.399993896484375</ele>
        <time>2024-06-09T07:24:28.000Z</time>
        <extensions>
          <ns3:TrackPointExtension>
            <ns3:hr>116</ns3:hr>
            <ns3:cad>74</ns3:cad>
          </ns3:TrackPointExtension>
        </extensions>
      </trkpt>
      <trkpt lat="46.5721451304852962493896484375" lon="23.66462563164532184600830078125">
        <ele>495.600006103515625</ele>
        <time>2024-06-09T07:24:29.000Z</time>
        <extensions>
          <ns3:TrackPointExtension>
            <ns3:hr>116</ns3:hr>
            <ns3:cad>73</ns3:cad>
          </ns3:TrackPointExtension>
        </extensions>
      </trkpt>
      <trkpt lat="46.57212543301284313201904296875" lon="23.66460719145834445953369140625">
        <ele>496.20001220703125</ele>
        <time>2024-06-09T07:24:32.000Z</time>
        <extensions>
          <ns3:TrackPointExtension>
            <ns3:hr>116</ns3:hr>
            <ns3:cad>70</ns3:cad>
          </ns3:TrackPointExtension>
        </extensions>
      </trkpt>
      <trkpt lat="46.57211872749030590057373046875" lon="23.66459763608872890472412109375">
        <ele>496.79998779296875</ele>
        <time>2024-06-09T07:24:34.000Z</time>
        <extensions>
          <ns3:TrackPointExtension>
            <ns3:hr>116</ns3:hr>
            <ns3:cad>69</ns3:cad>
          </ns3:TrackPointExtension>
        </extensions>
      </trkpt>
      <trkpt lat="46.572087295353412628173828125" lon="23.66457022726535797119140625">
        <ele>497.79998779296875</ele>
        <time>2024-06-09T07:24:39.000Z</time>
        <extensions>
          <ns3:TrackPointExtension>
            <ns3:hr>118</ns3:hr>
            <ns3:cad>72</ns3:cad>
          </ns3:TrackPointExtension>
        </extensions>
      </trkpt>
      <trkpt lat="46.57207690179347991943359375" lon="23.66456888616085052490234375">
        <ele>498.600006103515625</ele>
        <time>2024-06-09T07:24:41.000Z</time>
        <extensions>
          <ns3:TrackPointExtension>
            <ns3:hr>118</ns3:hr>
            <ns3:cad>74</ns3:cad>
          </ns3:TrackPointExtension>
        </extensions>
      </trkpt>
      <trkpt lat="46.5720717050135135650634765625" lon="23.6645646952092647552490234375">
        <ele>499</ele>
        <time>2024-06-09T07:24:42.000Z</time>
        <extensions>
          <ns3:TrackPointExtension>
            <ns3:hr>118</ns3:hr>
            <ns3:cad>74</ns3:cad>
          </ns3:TrackPointExtension>
        </extensions>
      </trkpt>
      <trkpt lat="46.57204798422753810882568359375" lon="23.66453879512846469879150390625">
        <ele>499.600006103515625</ele>
        <time>2024-06-09T07:24:47.000Z</time>
        <extensions>
          <ns3:TrackPointExtension>
            <ns3:hr>121</ns3:hr>
            <ns3:cad>76</ns3:cad>
          </ns3:TrackPointExtension>
        </extensions>
      </trkpt>
      <trkpt lat="46.5720413625240325927734375" lon="23.664535023272037506103515625">
        <ele>499.79998779296875</ele>
        <time>2024-06-09T07:24:48.000Z</time>
        <extensions>
          <ns3:TrackPointExtension>
            <ns3:hr>121</ns3:hr>
            <ns3:cad>62</ns3:cad>
          </ns3:TrackPointExtension>
        </extensions>
      </trkpt>
      <trkpt lat="46.5720261074602603912353515625" lon="23.6645304970443248748779296875">
        <ele>500.20001220703125</ele>
        <time>2024-06-09T07:24:50.000Z</time>
        <extensions>
          <ns3:TrackPointExtension>
            <ns3:hr>122</ns3:hr>
            <ns3:cad>65</ns3:cad>
          </ns3:TrackPointExtension>
        </extensions>
      </trkpt>
      <trkpt lat="46.5719890594482421875" lon="23.664528317749500274658203125">
        <ele>500.79998779296875</ele>
        <time>2024-06-09T07:24:56.000Z</time>
        <extensions>
          <ns3:TrackPointExtension>
            <ns3:hr>122</ns3:hr>
            <ns3:cad>70</ns3:cad>
          </ns3:TrackPointExtension>
        </extensions>
      </trkpt>
      <trkpt lat="46.571981012821197509765625" lon="23.66451063193380832672119140625">
        <ele>501.600006103515625</ele>
        <time>2024-06-09T07:24:59.000Z</time>
        <extensions>
          <ns3:TrackPointExtension>
            <ns3:hr>121</ns3:hr>
            <ns3:cad>71</ns3:cad>
          </ns3:TrackPointExtension>
        </extensions>
      </trkpt>
      <trkpt lat="46.57195980660617351531982421875" lon="23.66449655033648014068603515625">
        <ele>502.600006103515625</ele>
        <time>2024-06-09T07:25:04.000Z</time>
        <extensions>
          <ns3:TrackPointExtension>
            <ns3:hr>121</ns3:hr>
            <ns3:cad>64</ns3:cad>
          </ns3:TrackPointExtension>
        </extensions>
      </trkpt>
      <trkpt lat="46.5719533525407314300537109375" lon="23.66448950953781604766845703125">
        <ele>502.79998779296875</ele>
        <time>2024-06-09T07:25:05.000Z</time>
        <extensions>
          <ns3:TrackPointExtension>
            <ns3:hr>121</ns3:hr>
            <ns3:cad>70</ns3:cad>
          </ns3:TrackPointExtension>
        </extensions>
      </trkpt>
      <trkpt lat="46.571938097476959228515625" lon="23.664470650255680084228515625">
        <ele>504</ele>
        <time>2024-06-09T07:25:11.000Z</time>
        <extensions>
          <ns3:TrackPointExtension>
            <ns3:hr>121</ns3:hr>
            <ns3:cad>0</ns3:cad>
          </ns3:TrackPointExtension>
        </extensions>
      </trkpt>
      <trkpt lat="46.5718956850469112396240234375" lon="23.6644480191171169281005859375">
        <ele>505.20001220703125</ele>
        <time>2024-06-09T07:25:17.000Z</time>
        <extensions>
          <ns3:TrackPointExtension>
            <ns3:hr>123</ns3:hr>
            <ns3:cad>75</ns3:cad>
          </ns3:TrackPointExtension>
        </extensions>
      </trkpt>
      <trkpt lat="46.57189090736210346221923828125" lon="23.66444014012813568115234375">
        <ele>505.79998779296875</ele>
        <time>2024-06-09T07:25:20.000Z</time>
        <extensions>
          <ns3:TrackPointExtension>
            <ns3:hr>125</ns3:hr>
            <ns3:cad>75</ns3:cad>
          </ns3:TrackPointExtension>
        </extensions>
      </trkpt>
      <trkpt lat="46.57191538251936435699462890625" lon="23.6644154973328113555908203125">
        <ele>506.20001220703125</ele>
        <time>2024-06-09T07:25:29.000Z</time>
        <extensions>
          <ns3:TrackPointExtension>
            <ns3:hr>126</ns3:hr>
            <ns3:cad>0</ns3:cad>
          </ns3:TrackPointExtension>
        </extensions>
      </trkpt>
      <trkpt lat="46.5719248540699481964111328125" lon="23.6643973924219608306884765625">
        <ele>506.399993896484375</ele>
        <time>2024-06-09T07:25:31.000Z</time>
        <extensions>
          <ns3:TrackPointExtension>
            <ns3:hr>126</ns3:hr>
            <ns3:cad>79</ns3:cad>
          </ns3:TrackPointExtension>
        </extensions>
      </trkpt>
      <trkpt lat="46.5719251893460750579833984375" lon="23.66437040269374847412109375">
        <ele>506.399993896484375</ele>
        <time>2024-06-09T07:25:34.000Z</time>
        <extensions>
          <ns3:TrackPointExtension>
            <ns3:hr>123</ns3:hr>
            <ns3:cad>78</ns3:cad>
          </ns3:TrackPointExtension>
        </extensions>
      </trkpt>
      <trkpt lat="46.57191337086260318756103515625" lon="23.66435338743031024932861328125">
        <ele>506.399993896484375</ele>
        <time>2024-06-09T07:25:36.000Z</time>
        <extensions>
          <ns3:TrackPointExtension>
            <ns3:hr>122</ns3:hr>
            <ns3:cad>78</ns3:cad>
          </ns3:TrackPointExtension>
        </extensions>
      </trkpt>
      <trkpt lat="46.5719045698642730712890625" lon="23.664346598088741302490234375">
        <ele>506.399993896484375</ele>
        <time>2024-06-09T07:25:37.000Z</time>
        <extensions>
          <ns3:TrackPointExtension>
            <ns3:hr>122</ns3:hr>
            <ns3:cad>78</ns3:cad>
          </ns3:TrackPointExtension>
        </extensions>
      </trkpt>
      <trkpt lat="46.57188889570534229278564453125" lon="23.6643417365849018096923828125">
        <ele>506.600006103515625</ele>
        <time>2024-06-09T07:25:39.000Z</time>
        <extensions>
          <ns3:TrackPointExtension>
            <ns3:hr>118</ns3:hr>
            <ns3:cad>0</ns3:cad>
          </ns3:TrackPointExtension>
        </extensions>
      </trkpt>
      <trkpt lat="46.57183659262955188751220703125" lon="23.66433695890009403228759765625">
        <ele>507.20001220703125</ele>
        <time>2024-06-09T07:25:45.000Z</time>
        <extensions>
          <ns3:TrackPointExtension>
            <ns3:hr>118</ns3:hr>
            <ns3:cad>77</ns3:cad>
          </ns3:TrackPointExtension>
        </extensions>
      </trkpt>
      <trkpt lat="46.57182988710701465606689453125" lon="23.66433712653815746307373046875">
        <ele>507.399993896484375</ele>
        <time>2024-06-09T07:25:46.000Z</time>
        <extensions>
          <ns3:TrackPointExtension>
            <ns3:hr>118</ns3:hr>
            <ns3:cad>77</ns3:cad>
          </ns3:TrackPointExtension>
        </extensions>
      </trkpt>
      <trkpt lat="46.5717930905520915985107421875" lon="23.664349950850009918212890625">
        <ele>508.600006103515625</ele>
        <time>2024-06-09T07:25:53.000Z</time>
        <extensions>
          <ns3:TrackPointExtension>
            <ns3:hr>117</ns3:hr>
            <ns3:cad>73</ns3:cad>
          </ns3:TrackPointExtension>
        </extensions>
      </trkpt>
      <trkpt lat="46.57177322544157505035400390625" lon="23.66435338743031024932861328125">
        <ele>509.600006103515625</ele>
        <time>2024-06-09T07:25:58.000Z</time>
        <extensions>
          <ns3:TrackPointExtension>
            <ns3:hr>118</ns3:hr>
            <ns3:cad>69</ns3:cad>
          </ns3:TrackPointExtension>
        </extensions>
      </trkpt>
      <trkpt lat="46.5717478282749652862548828125" lon="23.6643504537642002105712890625">
        <ele>510.600006103515625</ele>
        <time>2024-06-09T07:26:03.000Z</time>
        <extensions>
          <ns3:TrackPointExtension>
            <ns3:hr>118</ns3:hr>
            <ns3:cad>0</ns3:cad>
          </ns3:TrackPointExtension>
        </extensions>
      </trkpt>
      <trkpt lat="46.5717478282749652862548828125" lon="23.6643504537642002105712890625">
        <ele>510.79998779296875</ele>
        <time>2024-06-09T07:26:04.000Z</time>
        <extensions>
          <ns3:TrackPointExtension>
            <ns3:hr>117</ns3:hr>
            <ns3:cad>0</ns3:cad>
          </ns3:TrackPointExtension>
        </extensions>
      </trkpt>
      <trkpt lat="46.5717478282749652862548828125" lon="23.6643504537642002105712890625">
        <ele>510.600006103515625</ele>
        <time>2024-06-09T07:26:11.000Z</time>
        <extensions>
          <ns3:TrackPointExtension>
            <ns3:hr>115</ns3:hr>
            <ns3:cad>0</ns3:cad>
          </ns3:TrackPointExtension>
        </extensions>
      </trkpt>
      <trkpt lat="46.5717478282749652862548828125" lon="23.6643504537642002105712890625">
        <ele>510</ele>
        <time>2024-06-09T07:26:19.000Z</time>
        <extensions>
          <ns3:TrackPointExtension>
            <ns3:hr>112</ns3:hr>
            <ns3:cad>0</ns3:cad>
          </ns3:TrackPointExtension>
        </extensions>
      </trkpt>
      <trkpt lat="46.5717478282749652862548828125" lon="23.6643504537642002105712890625">
        <ele>510</ele>
        <time>2024-06-09T07:26:22.000Z</time>
        <extensions>
          <ns3:TrackPointExtension>
            <ns3:hr>108</ns3:hr>
            <ns3:cad>0</ns3:cad>
          </ns3:TrackPointExtension>
        </extensions>
      </trkpt>
      <trkpt lat="46.5717478282749652862548828125" lon="23.6643504537642002105712890625">
        <ele>509.79998779296875</ele>
        <time>2024-06-09T07:26:24.000Z</time>
        <extensions>
          <ns3:TrackPointExtension>
            <ns3:hr>105</ns3:hr>
            <ns3:cad>0</ns3:cad>
          </ns3:TrackPointExtension>
        </extensions>
      </trkpt>
      <trkpt lat="46.5717478282749652862548828125" lon="23.6643504537642002105712890625">
        <ele>509.600006103515625</ele>
        <time>2024-06-09T07:26:26.000Z</time>
        <extensions>
          <ns3:TrackPointExtension>
            <ns3:hr>104</ns3:hr>
            <ns3:cad>0</ns3:cad>
          </ns3:TrackPointExtension>
        </extensions>
      </trkpt>
      <trkpt lat="46.5717478282749652862548828125" lon="23.6643504537642002105712890625">
        <ele>509.399993896484375</ele>
        <time>2024-06-09T07:26:29.000Z</time>
        <extensions>
          <ns3:TrackPointExtension>
            <ns3:hr>102</ns3:hr>
            <ns3:cad>0</ns3:cad>
          </ns3:TrackPointExtension>
        </extensions>
      </trkpt>
      <trkpt lat="46.5717478282749652862548828125" lon="23.6643504537642002105712890625">
        <ele>509.399993896484375</ele>
        <time>2024-06-09T07:26:30.000Z</time>
        <extensions>
          <ns3:TrackPointExtension>
            <ns3:hr>101</ns3:hr>
            <ns3:cad>0</ns3:cad>
          </ns3:TrackPointExtension>
        </extensions>
      </trkpt>
      <trkpt lat="46.57175160013139247894287109375" lon="23.6643531359732151031494140625">
        <ele>509</ele>
        <time>2024-06-09T07:26:34.000Z</time>
        <extensions>
          <ns3:TrackPointExtension>
            <ns3:hr>98</ns3:hr>
            <ns3:cad>0</ns3:cad>
          </ns3:TrackPointExtension>
        </extensions>
      </trkpt>
      <trkpt lat="46.5717478282749652862548828125" lon="23.6643504537642002105712890625">
        <ele>508.79998779296875</ele>
        <time>2024-06-09T07:26:36.000Z</time>
        <extensions>
          <ns3:TrackPointExtension>
            <ns3:hr>93</ns3:hr>
            <ns3:cad>0</ns3:cad>
          </ns3:TrackPointExtension>
        </extensions>
      </trkpt>
      <trkpt lat="46.5717478282749652862548828125" lon="23.6643504537642002105712890625">
        <ele>508.79998779296875</ele>
        <time>2024-06-09T07:26:38.000Z</time>
        <extensions>
          <ns3:TrackPointExtension>
            <ns3:hr>89</ns3:hr>
            <ns3:cad>0</ns3:cad>
          </ns3:TrackPointExtension>
        </extensions>
      </trkpt>
      <trkpt lat="46.57174858264625072479248046875" lon="23.66435774601995944976806640625">
        <ele>508.79998779296875</ele>
        <time>2024-06-09T07:26:41.000Z</time>
        <extensions>
          <ns3:TrackPointExtension>
            <ns3:hr>85</ns3:hr>
            <ns3:cad>0</ns3:cad>
          </ns3:TrackPointExtension>
        </extensions>
      </trkpt>
      <trkpt lat="46.57174807973206043243408203125" lon="23.66435833275318145751953125">
        <ele>508.600006103515625</ele>
        <time>2024-06-09T07:26:42.000Z</time>
        <extensions>
          <ns3:TrackPointExtension>
            <ns3:hr>82</ns3:hr>
            <ns3:cad>0</ns3:cad>
          </ns3:TrackPointExtension>
        </extensions>
      </trkpt>
      <trkpt lat="46.5717478282749652862548828125" lon="23.6643504537642002105712890625">
        <ele>508.600006103515625</ele>
        <time>2024-06-09T07:26:44.000Z</time>
        <extensions>
          <ns3:TrackPointExtension>
            <ns3:hr>79</ns3:hr>
            <ns3:cad>0</ns3:cad>
          </ns3:TrackPointExtension>
        </extensions>
      </trkpt>
      <trkpt lat="46.5717478282749652862548828125" lon="23.66437400691211223602294921875">
        <ele>508.399993896484375</ele>
        <time>2024-06-09T07:26:50.000Z</time>
        <extensions>
          <ns3:TrackPointExtension>
            <ns3:hr>81</ns3:hr>
            <ns3:cad>0</ns3:cad>
          </ns3:TrackPointExtension>
        </extensions>
      </trkpt>
      <trkpt lat="46.57174606807529926300048828125" lon="23.66437308490276336669921875">
        <ele>508</ele>
        <time>2024-06-09T07:26:54.000Z</time>
        <extensions>
          <ns3:TrackPointExtension>
            <ns3:hr>85</ns3:hr>
            <ns3:cad>0</ns3:cad>
          </ns3:TrackPointExtension>
        </extensions>
      </trkpt>
      <trkpt lat="46.5717478282749652862548828125" lon="23.66437400691211223602294921875">
        <ele>508.600006103515625</ele>
        <time>2024-06-09T07:26:59.000Z</time>
        <extensions>
          <ns3:TrackPointExtension>
            <ns3:hr>87</ns3:hr>
            <ns3:cad>0</ns3:cad>
          </ns3:TrackPointExtension>
        </extensions>
      </trkpt>
      <trkpt lat="46.571731232106685638427734375" lon="23.66437484510242938995361328125">
        <ele>508.600006103515625</ele>
        <time>2024-06-09T07:27:06.000Z</time>
        <extensions>
          <ns3:TrackPointExtension>
            <ns3:hr>88</ns3:hr>
            <ns3:cad>0</ns3:cad>
          </ns3:TrackPointExtension>
        </extensions>
      </trkpt>
      <trkpt lat="46.5717200003564357757568359375" lon="23.66435439325869083404541015625">
        <ele>508.600006103515625</ele>
        <time>2024-06-09T07:27:15.000Z</time>
        <extensions>
          <ns3:TrackPointExtension>
            <ns3:hr>87</ns3:hr>
            <ns3:cad>0</ns3:cad>
          </ns3:TrackPointExtension>
        </extensions>
      </trkpt>
      <trkpt lat="46.57170566730201244354248046875" lon="23.66435321979224681854248046875">
        <ele>509</ele>
        <time>2024-06-09T07:27:21.000Z</time>
        <extensions>
          <ns3:TrackPointExtension>
            <ns3:hr>87</ns3:hr>
            <ns3:cad>0</ns3:cad>
          </ns3:TrackPointExtension>
        </extensions>
      </trkpt>
      <trkpt lat="46.57166426070034503936767578125" lon="23.6643645353615283966064453125">
        <ele>509</ele>
        <time>2024-06-09T07:27:27.000Z</time>
        <extensions>
          <ns3:TrackPointExtension>
            <ns3:hr>87</ns3:hr>
            <ns3:cad>0</ns3:cad>
          </ns3:TrackPointExtension>
        </extensions>
      </trkpt>
      <trkpt lat="46.57164531759917736053466796875" lon="23.66436109878122806549072265625">
        <ele>509.399993896484375</ele>
        <time>2024-06-09T07:27:29.000Z</time>
        <extensions>
          <ns3:TrackPointExtension>
            <ns3:hr>88</ns3:hr>
            <ns3:cad>41</ns3:cad>
          </ns3:TrackPointExtension>
        </extensions>
      </trkpt>
      <trkpt lat="46.57163911499083042144775390625" lon="23.664352633059024810791015625">
        <ele>509.79998779296875</ele>
        <time>2024-06-09T07:27:30.000Z</time>
        <extensions>
          <ns3:TrackPointExtension>
            <ns3:hr>88</ns3:hr>
            <ns3:cad>41</ns3:cad>
          </ns3:TrackPointExtension>
        </extensions>
      </trkpt>
      <trkpt lat="46.57161715440452098846435546875" lon="23.66435623727738857269287109375">
        <ele>510.600006103515625</ele>
        <time>2024-06-09T07:27:33.000Z</time>
        <extensions>
          <ns3:TrackPointExtension>
            <ns3:hr>90</ns3:hr>
            <ns3:cad>43</ns3:cad>
          </ns3:TrackPointExtension>
        </extensions>
      </trkpt>
      <trkpt lat="46.57157608307898044586181640625" lon="23.66434601135551929473876953125">
        <ele>511.79998779296875</ele>
        <time>2024-06-09T07:27:38.000Z</time>
        <extensions>
          <ns3:TrackPointExtension>
            <ns3:hr>90</ns3:hr>
            <ns3:cad>41</ns3:cad>
          </ns3:TrackPointExtension>
        </extensions>
      </trkpt>
      <trkpt lat="46.57156057655811309814453125" lon="23.664341233670711517333984375">
        <ele>512</ele>
        <time>2024-06-09T07:27:40.000Z</time>
        <extensions>
          <ns3:TrackPointExtension>
            <ns3:hr>90</ns3:hr>
            <ns3:cad>40</ns3:cad>
          </ns3:TrackPointExtension>
        </extensions>
      </trkpt>
      <trkpt lat="46.5715392865240573883056640625" lon="23.66433980874717235565185546875">
        <ele>513</ele>
        <time>2024-06-09T07:27:43.000Z</time>
        <extensions>
          <ns3:TrackPointExtension>
            <ns3:hr>90</ns3:hr>
            <ns3:cad>77</ns3:cad>
          </ns3:TrackPointExtension>
        </extensions>
      </trkpt>
      <trkpt lat="46.5715129673480987548828125" lon="23.66433025337755680084228515625">
        <ele>514.20001220703125</ele>
        <time>2024-06-09T07:27:47.000Z</time>
        <extensions>
          <ns3:TrackPointExtension>
            <ns3:hr>93</ns3:hr>
            <ns3:cad>76</ns3:cad>
          </ns3:TrackPointExtension>
        </extensions>
      </trkpt>
      <trkpt lat="46.5715027414262294769287109375" lon="23.66432270966470241546630859375">
        <ele>514.79998779296875</ele>
        <time>2024-06-09T07:27:49.000Z</time>
        <extensions>
          <ns3:TrackPointExtension>
            <ns3:hr>98</ns3:hr>
            <ns3:cad>74</ns3:cad>
          </ns3:TrackPointExtension>
        </extensions>
      </trkpt>
      <trkpt lat="46.5714950300753116607666015625" lon="23.6643186025321483612060546875">
        <ele>515</ele>
        <time>2024-06-09T07:27:50.000Z</time>
        <extensions>
          <ns3:TrackPointExtension>
            <ns3:hr>103</ns3:hr>
            <ns3:cad>74</ns3:cad>
          </ns3:TrackPointExtension>
        </extensions>
      </trkpt>
      <trkpt lat="46.57148622907698154449462890625" lon="23.664313070476055145263671875">
        <ele>515.20001220703125</ele>
        <time>2024-06-09T07:27:51.000Z</time>
        <extensions>
          <ns3:TrackPointExtension>
            <ns3:hr>106</ns3:hr>
            <ns3:cad>74</ns3:cad>
          </ns3:TrackPointExtension>
        </extensions>
      </trkpt>
      <trkpt lat="46.57146535813808441162109375" lon="23.66430477239191532135009765625">
        <ele>515.79998779296875</ele>
        <time>2024-06-09T07:27:53.000Z</time>
        <extensions>
          <ns3:TrackPointExtension>
            <ns3:hr>109</ns3:hr>
            <ns3:cad>77</ns3:cad>
          </ns3:TrackPointExtension>
        </extensions>
      </trkpt>
      <trkpt lat="46.57145102508366107940673828125" lon="23.66429840214550495147705078125">
        <ele>516.4000244140625</ele>
        <time>2024-06-09T07:27:55.000Z</time>
        <extensions>
          <ns3:TrackPointExtension>
            <ns3:hr>113</ns3:hr>
            <ns3:cad>75</ns3:cad>
          </ns3:TrackPointExtension>
        </extensions>
      </trkpt>
      <trkpt lat="46.57144390046596527099609375" lon="23.66429605521261692047119140625">
        <ele>516.5999755859375</ele>
        <time>2024-06-09T07:27:56.000Z</time>
        <extensions>
          <ns3:TrackPointExtension>
            <ns3:hr>114</ns3:hr>
            <ns3:cad>75</ns3:cad>
          </ns3:TrackPointExtension>
        </extensions>
      </trkpt>
      <trkpt lat="46.5714303217828273773193359375" lon="23.66426571272313594818115234375">
        <ele>517.79998779296875</ele>
        <time>2024-06-09T07:28:00.000Z</time>
        <extensions>
          <ns3:TrackPointExtension>
            <ns3:hr>117</ns3:hr>
            <ns3:cad>72</ns3:cad>
          </ns3:TrackPointExtension>
        </extensions>
      </trkpt>
      <trkpt lat="46.57142378389835357666015625" lon="23.66423738189041614532470703125">
        <ele>518</ele>
        <time>2024-06-09T07:28:02.000Z</time>
        <extensions>
          <ns3:TrackPointExtension>
            <ns3:hr>120</ns3:hr>
            <ns3:cad>73</ns3:cad>
          </ns3:TrackPointExtension>
        </extensions>
      </trkpt>
      <trkpt lat="46.571424119174480438232421875" lon="23.66421022452414035797119140625">
        <ele>518.20001220703125</ele>
        <time>2024-06-09T07:28:04.000Z</time>
        <extensions>
          <ns3:TrackPointExtension>
            <ns3:hr>122</ns3:hr>
            <ns3:cad>74</ns3:cad>
          </ns3:TrackPointExtension>
        </extensions>
      </trkpt>
      <trkpt lat="46.5714217722415924072265625" lon="23.664158172905445098876953125">
        <ele>518.79998779296875</ele>
        <time>2024-06-09T07:28:08.000Z</time>
        <extensions>
          <ns3:TrackPointExtension>
            <ns3:hr>121</ns3:hr>
            <ns3:cad>73</ns3:cad>
          </ns3:TrackPointExtension>
        </extensions>
      </trkpt>
      <trkpt lat="46.571407355368137359619140625" lon="23.66410109214484691619873046875">
        <ele>519.79998779296875</ele>
        <time>2024-06-09T07:28:13.000Z</time>
        <extensions>
          <ns3:TrackPointExtension>
            <ns3:hr>122</ns3:hr>
            <ns3:cad>76</ns3:cad>
          </ns3:TrackPointExtension>
        </extensions>
      </trkpt>
      <trkpt lat="46.57139922492206096649169921875" lon="23.664086759090423583984375">
        <ele>520</ele>
        <time>2024-06-09T07:28:14.000Z</time>
        <extensions>
          <ns3:TrackPointExtension>
            <ns3:hr>123</ns3:hr>
            <ns3:cad>78</ns3:cad>
          </ns3:TrackPointExtension>
        </extensions>
      </trkpt>
      <trkpt lat="46.57137491740286350250244140625" lon="23.66403755731880664825439453125">
        <ele>521.20001220703125</ele>
        <time>2024-06-09T07:28:19.000Z</time>
        <extensions>
          <ns3:TrackPointExtension>
            <ns3:hr>125</ns3:hr>
            <ns3:cad>79</ns3:cad>
          </ns3:TrackPointExtension>
        </extensions>
      </trkpt>
      <trkpt lat="46.5713681280612945556640625" lon="23.66400034166872501373291015625">
        <ele>521.4000244140625</ele>
        <time>2024-06-09T07:28:23.000Z</time>
        <extensions>
          <ns3:TrackPointExtension>
            <ns3:hr>128</ns3:hr>
            <ns3:cad>42</ns3:cad>
          </ns3:TrackPointExtension>
        </extensions>
      </trkpt>
      <trkpt lat="46.57136267982423305511474609375" lon="23.66396429948508739471435546875">
        <ele>521.5999755859375</ele>
        <time>2024-06-09T07:28:26.000Z</time>
        <extensions>
          <ns3:TrackPointExtension>
            <ns3:hr>128</ns3:hr>
            <ns3:cad>41</ns3:cad>
          </ns3:TrackPointExtension>
        </extensions>
      </trkpt>
      <trkpt lat="46.571349017322063446044921875" lon="23.66390495561063289642333984375">
        <ele>522</ele>
        <time>2024-06-09T07:28:30.000Z</time>
        <extensions>
          <ns3:TrackPointExtension>
            <ns3:hr>125</ns3:hr>
            <ns3:cad>41</ns3:cad>
          </ns3:TrackPointExtension>
        </extensions>
      </trkpt>
      <trkpt lat="46.57134457491338253021240234375" lon="23.663887269794940948486328125">
        <ele>522.20001220703125</ele>
        <time>2024-06-09T07:28:31.000Z</time>
        <extensions>
          <ns3:TrackPointExtension>
            <ns3:hr>125</ns3:hr>
            <ns3:cad>41</ns3:cad>
          </ns3:TrackPointExtension>
        </extensions>
      </trkpt>
      <trkpt lat="46.571335606276988983154296875" lon="23.66385600529611110687255859375">
        <ele>522.5999755859375</ele>
        <time>2024-06-09T07:28:33.000Z</time>
        <extensions>
          <ns3:TrackPointExtension>
            <ns3:hr>125</ns3:hr>
            <ns3:cad>42</ns3:cad>
          </ns3:TrackPointExtension>
        </extensions>
      </trkpt>
      <trkpt lat="46.5713159926235675811767578125" lon="23.66377872414886951446533203125">
        <ele>523.4000244140625</ele>
        <time>2024-06-09T07:28:39.000Z</time>
        <extensions>
          <ns3:TrackPointExtension>
            <ns3:hr>124</ns3:hr>
            <ns3:cad>47</ns3:cad>
          </ns3:TrackPointExtension>
        </extensions>
      </trkpt>
      <trkpt lat="46.571313478052616119384765625" lon="23.66376380436122417449951171875">
        <ele>523.4000244140625</ele>
        <time>2024-06-09T07:28:40.000Z</time>
        <extensions>
          <ns3:TrackPointExtension>
            <ns3:hr>124</ns3:hr>
            <ns3:cad>47</ns3:cad>
          </ns3:TrackPointExtension>
        </extensions>
      </trkpt>
      <trkpt lat="46.57129109837114810943603515625" lon="23.66364779882133007049560546875">
        <ele>523.79998779296875</ele>
        <time>2024-06-09T07:28:48.000Z</time>
        <extensions>
          <ns3:TrackPointExtension>
            <ns3:hr>123</ns3:hr>
            <ns3:cad>51</ns3:cad>
          </ns3:TrackPointExtension>
        </extensions>
      </trkpt>
      <trkpt lat="46.57128221355378627777099609375" lon="23.6635799892246723175048828125">
        <ele>524.4000244140625</ele>
        <time>2024-06-09T07:28:53.000Z</time>
        <extensions>
          <ns3:TrackPointExtension>
            <ns3:hr>122</ns3:hr>
            <ns3:cad>79</ns3:cad>
          </ns3:TrackPointExtension>
        </extensions>
      </trkpt>
      <trkpt lat="46.5712734125554561614990234375" lon="23.66354587487876415252685546875">
        <ele>524.5999755859375</ele>
        <time>2024-06-09T07:28:56.000Z</time>
        <extensions>
          <ns3:TrackPointExtension>
            <ns3:hr>119</ns3:hr>
            <ns3:cad>42</ns3:cad>
          </ns3:TrackPointExtension>
        </extensions>
      </trkpt>
      <trkpt lat="46.571268551051616668701171875" lon="23.6635296978056430816650390625">
        <ele>524.5999755859375</ele>
        <time>2024-06-09T07:28:57.000Z</time>
        <extensions>
          <ns3:TrackPointExtension>
            <ns3:hr>116</ns3:hr>
            <ns3:cad>43</ns3:cad>
          </ns3:TrackPointExtension>
        </extensions>
      </trkpt>
      <trkpt lat="46.5712278150022029876708984375" lon="23.66344294510781764984130859375">
        <ele>525</ele>
        <time>2024-06-09T07:29:04.000Z</time>
        <extensions>
          <ns3:TrackPointExtension>
            <ns3:hr>118</ns3:hr>
            <ns3:cad>44</ns3:cad>
          </ns3:TrackPointExtension>
        </extensions>
      </trkpt>
      <trkpt lat="46.57118196599185466766357421875" lon="23.6633918993175029754638671875">
        <ele>525.4000244140625</ele>
        <time>2024-06-09T07:29:11.000Z</time>
        <extensions>
          <ns3:TrackPointExtension>
            <ns3:hr>115</ns3:hr>
            <ns3:cad>43</ns3:cad>
          </ns3:TrackPointExtension>
        </extensions>
      </trkpt>
      <trkpt lat="46.5711694769561290740966796875" lon="23.6633813381195068359375">
        <ele>525.79998779296875</ele>
        <time>2024-06-09T07:29:13.000Z</time>
        <extensions>
          <ns3:TrackPointExtension>
            <ns3:hr>114</ns3:hr>
            <ns3:cad>41</ns3:cad>
          </ns3:TrackPointExtension>
        </extensions>
      </trkpt>
      <trkpt lat="46.571155898272991180419921875" lon="23.66337941028177738189697265625">
        <ele>526.4000244140625</ele>
        <time>2024-06-09T07:29:16.000Z</time>
        <extensions>
          <ns3:TrackPointExtension>
            <ns3:hr>110</ns3:hr>
            <ns3:cad>41</ns3:cad>
          </ns3:TrackPointExtension>
        </extensions>
      </trkpt>
      <trkpt lat="46.57115112058818340301513671875" lon="23.6633781529963016510009765625">
        <ele>526.5999755859375</ele>
        <time>2024-06-09T07:29:17.000Z</time>
        <extensions>
          <ns3:TrackPointExtension>
            <ns3:hr>110</ns3:hr>
            <ns3:cad>77</ns3:cad>
          </ns3:TrackPointExtension>
        </extensions>
      </trkpt>
      <trkpt lat="46.57113385386765003204345703125" lon="23.6633734591305255889892578125">
        <ele>527.20001220703125</ele>
        <time>2024-06-09T07:29:20.000Z</time>
        <extensions>
          <ns3:TrackPointExtension>
            <ns3:hr>109</ns3:hr>
            <ns3:cad>78</ns3:cad>
          </ns3:TrackPointExtension>
        </extensions>
      </trkpt>
      <trkpt lat="46.57110862433910369873046875" lon="23.66336834616959095001220703125">
        <ele>527.79998779296875</ele>
        <time>2024-06-09T07:29:23.000Z</time>
        <extensions>
          <ns3:TrackPointExtension>
            <ns3:hr>110</ns3:hr>
            <ns3:cad>76</ns3:cad>
          </ns3:TrackPointExtension>
        </extensions>
      </trkpt>
      <trkpt lat="46.571033857762813568115234375" lon="23.66334655322134494781494140625">
        <ele>528.79998779296875</ele>
        <time>2024-06-09T07:29:29.000Z</time>
        <extensions>
          <ns3:TrackPointExtension>
            <ns3:hr>111</ns3:hr>
            <ns3:cad>79</ns3:cad>
          </ns3:TrackPointExtension>
        </extensions>
      </trkpt>
      <trkpt lat="46.570999659597873687744140625" lon="23.6633261851966381072998046875">
        <ele>529.5999755859375</ele>
        <time>2024-06-09T07:29:33.000Z</time>
        <extensions>
          <ns3:TrackPointExtension>
            <ns3:hr>114</ns3:hr>
            <ns3:cad>40</ns3:cad>
          </ns3:TrackPointExtension>
        </extensions>
      </trkpt>
      <trkpt lat="46.57099404372274875640869140625" lon="23.66331688128411769866943359375">
        <ele>530</ele>
        <time>2024-06-09T07:29:34.000Z</time>
        <extensions>
          <ns3:TrackPointExtension>
            <ns3:hr>116</ns3:hr>
            <ns3:cad>40</ns3:cad>
          </ns3:TrackPointExtension>
        </extensions>
      </trkpt>
      <trkpt lat="46.57098515890538692474365234375" lon="23.66329877637326717376708984375">
        <ele>530.4000244140625</ele>
        <time>2024-06-09T07:29:36.000Z</time>
        <extensions>
          <ns3:TrackPointExtension>
            <ns3:hr>117</ns3:hr>
            <ns3:cad>41</ns3:cad>
          </ns3:TrackPointExtension>
        </extensions>
      </trkpt>
      <trkpt lat="46.57096990384161472320556640625" lon="23.66326407529413700103759765625">
        <ele>531.20001220703125</ele>
        <time>2024-06-09T07:29:39.000Z</time>
        <extensions>
          <ns3:TrackPointExtension>
            <ns3:hr>116</ns3:hr>
            <ns3:cad>41</ns3:cad>
          </ns3:TrackPointExtension>
        </extensions>
      </trkpt>
      <trkpt lat="46.57095448113977909088134765625" lon="23.663240186870098114013671875">
        <ele>532.4000244140625</ele>
        <time>2024-06-09T07:29:42.000Z</time>
        <extensions>
          <ns3:TrackPointExtension>
            <ns3:hr>116</ns3:hr>
            <ns3:cad>77</ns3:cad>
          </ns3:TrackPointExtension>
        </extensions>
      </trkpt>
      <trkpt lat="46.57092547975480556488037109375" lon="23.6631971038877964019775390625">
        <ele>532.5999755859375</ele>
        <time>2024-06-09T07:29:47.000Z</time>
        <extensions>
          <ns3:TrackPointExtension>
            <ns3:hr>116</ns3:hr>
            <ns3:cad>79</ns3:cad>
          </ns3:TrackPointExtension>
        </extensions>
      </trkpt>
      <trkpt lat="46.57090184278786182403564453125" lon="23.6631689406931400299072265625">
        <ele>533</ele>
        <time>2024-06-09T07:29:50.000Z</time>
        <extensions>
          <ns3:TrackPointExtension>
            <ns3:hr>119</ns3:hr>
            <ns3:cad>77</ns3:cad>
          </ns3:TrackPointExtension>
        </extensions>
      </trkpt>
      <trkpt lat="46.57089111395180225372314453125" lon="23.6631598882377147674560546875">
        <ele>533.4000244140625</ele>
        <time>2024-06-09T07:29:52.000Z</time>
        <extensions>
          <ns3:TrackPointExtension>
            <ns3:hr>119</ns3:hr>
            <ns3:cad>75</ns3:cad>
          </ns3:TrackPointExtension>
        </extensions>
      </trkpt>
      <trkpt lat="46.5708710812032222747802734375" lon="23.663140274584293365478515625">
        <ele>534</ele>
        <time>2024-06-09T07:29:55.000Z</time>
        <extensions>
          <ns3:TrackPointExtension>
            <ns3:hr>119</ns3:hr>
            <ns3:cad>75</ns3:cad>
          </ns3:TrackPointExtension>
        </extensions>
      </trkpt>
      <trkpt lat="46.5708476118743419647216796875" lon="23.6631122790277004241943359375">
        <ele>534.4000244140625</ele>
        <time>2024-06-09T07:29:58.000Z</time>
        <extensions>
          <ns3:TrackPointExtension>
            <ns3:hr>118</ns3:hr>
            <ns3:cad>76</ns3:cad>
          </ns3:TrackPointExtension>
        </extensions>
      </trkpt>
      <trkpt lat="46.570822633802890777587890625" lon="23.66309476085007190704345703125">
        <ele>535</ele>
        <time>2024-06-09T07:30:01.000Z</time>
        <extensions>
          <ns3:TrackPointExtension>
            <ns3:hr>115</ns3:hr>
            <ns3:cad>40</ns3:cad>
          </ns3:TrackPointExtension>
        </extensions>
      </trkpt>
      <trkpt lat="46.57080017030239105224609375" lon="23.6630750633776187896728515625">
        <ele>535.5999755859375</ele>
        <time>2024-06-09T07:30:04.000Z</time>
        <extensions>
          <ns3:TrackPointExtension>
            <ns3:hr>114</ns3:hr>
            <ns3:cad>40</ns3:cad>
          </ns3:TrackPointExtension>
        </extensions>
      </trkpt>
      <trkpt lat="46.5707943029701709747314453125" lon="23.66306827403604984283447265625">
        <ele>535.5999755859375</ele>
        <time>2024-06-09T07:30:05.000Z</time>
        <extensions>
          <ns3:TrackPointExtension>
            <ns3:hr>114</ns3:hr>
            <ns3:cad>40</ns3:cad>
          </ns3:TrackPointExtension>
        </extensions>
      </trkpt>
      <trkpt lat="46.57074652612209320068359375" lon="23.66304337978363037109375">
        <ele>536.4000244140625</ele>
        <time>2024-06-09T07:30:13.000Z</time>
        <extensions>
          <ns3:TrackPointExtension>
            <ns3:hr>115</ns3:hr>
            <ns3:cad>78</ns3:cad>
          </ns3:TrackPointExtension>
        </extensions>
      </trkpt>
      <trkpt lat="46.570725739002227783203125" lon="23.663023598492145538330078125">
        <ele>536.5999755859375</ele>
        <time>2024-06-09T07:30:15.000Z</time>
        <extensions>
          <ns3:TrackPointExtension>
            <ns3:hr>116</ns3:hr>
            <ns3:cad>78</ns3:cad>
          </ns3:TrackPointExtension>
        </extensions>
      </trkpt>
      <trkpt lat="46.5706964023411273956298828125" lon="23.6630080081522464752197265625">
        <ele>536.5999755859375</ele>
        <time>2024-06-09T07:30:18.000Z</time>
        <extensions>
          <ns3:TrackPointExtension>
            <ns3:hr>119</ns3:hr>
            <ns3:cad>41</ns3:cad>
          </ns3:TrackPointExtension>
        </extensions>
      </trkpt>
      <trkpt lat="46.57065398991107940673828125" lon="23.663007505238056182861328125">
        <ele>537.4000244140625</ele>
        <time>2024-06-09T07:30:24.000Z</time>
        <extensions>
          <ns3:TrackPointExtension>
            <ns3:hr>120</ns3:hr>
            <ns3:cad>79</ns3:cad>
          </ns3:TrackPointExtension>
        </extensions>
      </trkpt>
      <trkpt lat="46.5706464461982250213623046875" lon="23.66300691850483417510986328125">
        <ele>537.79998779296875</ele>
        <time>2024-06-09T07:30:25.000Z</time>
        <extensions>
          <ns3:TrackPointExtension>
            <ns3:hr>120</ns3:hr>
            <ns3:cad>77</ns3:cad>
          </ns3:TrackPointExtension>
        </extensions>
      </trkpt>
      <trkpt lat="46.57061249949038028717041015625" lon="23.6630076728761196136474609375">
        <ele>538.79998779296875</ele>
        <time>2024-06-09T07:30:30.000Z</time>
        <extensions>
          <ns3:TrackPointExtension>
            <ns3:hr>121</ns3:hr>
            <ns3:cad>79</ns3:cad>
          </ns3:TrackPointExtension>
        </extensions>
      </trkpt>
      <trkpt lat="46.57057754695415496826171875" lon="23.663003481924533843994140625">
        <ele>539.5999755859375</ele>
        <time>2024-06-09T07:30:34.000Z</time>
        <extensions>
          <ns3:TrackPointExtension>
            <ns3:hr>121</ns3:hr>
            <ns3:cad>68</ns3:cad>
          </ns3:TrackPointExtension>
        </extensions>
      </trkpt>
      <trkpt lat="46.57055617310106754302978515625" lon="23.66299887187778949737548828125">
        <ele>540</ele>
        <time>2024-06-09T07:30:38.000Z</time>
        <extensions>
          <ns3:TrackPointExtension>
            <ns3:hr>122</ns3:hr>
            <ns3:cad>73</ns3:cad>
          </ns3:TrackPointExtension>
        </extensions>
      </trkpt>
      <trkpt lat="46.57052231021225452423095703125" lon="23.66298764012753963470458984375">
        <ele>541</ele>
        <time>2024-06-09T07:30:44.000Z</time>
        <extensions>
          <ns3:TrackPointExtension>
            <ns3:hr>122</ns3:hr>
            <ns3:cad>70</ns3:cad>
          </ns3:TrackPointExtension>
        </extensions>
      </trkpt>
      <trkpt lat="46.57050806097686290740966796875" lon="23.66299602203071117401123046875">
        <ele>541.4000244140625</ele>
        <time>2024-06-09T07:30:46.000Z</time>
        <extensions>
          <ns3:TrackPointExtension>
            <ns3:hr>122</ns3:hr>
            <ns3:cad>72</ns3:cad>
          </ns3:TrackPointExtension>
        </extensions>
      </trkpt>
      <trkpt lat="46.57046816311776638031005859375" lon="23.662998788058757781982421875">
        <ele>542.20001220703125</ele>
        <time>2024-06-09T07:30:51.000Z</time>
        <extensions>
          <ns3:TrackPointExtension>
            <ns3:hr>117</ns3:hr>
            <ns3:cad>71</ns3:cad>
          </ns3:TrackPointExtension>
        </extensions>
      </trkpt>
      <trkpt lat="46.570442430675029754638671875" lon="23.662984706461429595947265625">
        <ele>543</ele>
        <time>2024-06-09T07:30:55.000Z</time>
        <extensions>
          <ns3:TrackPointExtension>
            <ns3:hr>118</ns3:hr>
            <ns3:cad>74</ns3:cad>
          </ns3:TrackPointExtension>
        </extensions>
      </trkpt>
      <trkpt lat="46.570441089570522308349609375" lon="23.66298680193722248077392578125">
        <ele>543.20001220703125</ele>
        <time>2024-06-09T07:30:56.000Z</time>
        <extensions>
          <ns3:TrackPointExtension>
            <ns3:hr>118</ns3:hr>
            <ns3:cad>72</ns3:cad>
          </ns3:TrackPointExtension>
        </extensions>
      </trkpt>
      <trkpt lat="46.57041250728070735931396484375" lon="23.66298948414623737335205078125">
        <ele>544.20001220703125</ele>
        <time>2024-06-09T07:31:02.000Z</time>
        <extensions>
          <ns3:TrackPointExtension>
            <ns3:hr>118</ns3:hr>
            <ns3:cad>75</ns3:cad>
          </ns3:TrackPointExtension>
        </extensions>
      </trkpt>
      <trkpt lat="46.57040596939623355865478515625" lon="23.66299065761268138885498046875">
        <ele>544.4000244140625</ele>
        <time>2024-06-09T07:31:03.000Z</time>
        <extensions>
          <ns3:TrackPointExtension>
            <ns3:hr>119</ns3:hr>
            <ns3:cad>74</ns3:cad>
          </ns3:TrackPointExtension>
        </extensions>
      </trkpt>
      <trkpt lat="46.570362634956836700439453125" lon="23.6629964411258697509765625">
        <ele>545.20001220703125</ele>
        <time>2024-06-09T07:31:07.000Z</time>
        <extensions>
          <ns3:TrackPointExtension>
            <ns3:hr>116</ns3:hr>
            <ns3:cad>74</ns3:cad>
          </ns3:TrackPointExtension>
        </extensions>
      </trkpt>
      <trkpt lat="46.5703353099524974822998046875" lon="23.66299384273588657379150390625">
        <ele>545.5999755859375</ele>
        <time>2024-06-09T07:31:09.000Z</time>
        <extensions>
          <ns3:TrackPointExtension>
            <ns3:hr>116</ns3:hr>
            <ns3:cad>74</ns3:cad>
          </ns3:TrackPointExtension>
        </extensions>
      </trkpt>
      <trkpt lat="46.57030991278588771820068359375" lon="23.66299132816493511199951171875">
        <ele>545.79998779296875</ele>
        <time>2024-06-09T07:31:11.000Z</time>
        <extensions>
          <ns3:TrackPointExtension>
            <ns3:hr>114</ns3:hr>
            <ns3:cad>74</ns3:cad>
          </ns3:TrackPointExtension>
        </extensions>
      </trkpt>
      <trkpt lat="46.57025191001594066619873046875" lon="23.66296836175024509429931640625">
        <ele>546.5999755859375</ele>
        <time>2024-06-09T07:31:19.000Z</time>
        <extensions>
          <ns3:TrackPointExtension>
            <ns3:hr>114</ns3:hr>
            <ns3:cad>73</ns3:cad>
          </ns3:TrackPointExtension>
        </extensions>
      </trkpt>
      <trkpt lat="46.57024838961660861968994140625" lon="23.66297154687345027923583984375">
        <ele>546.5999755859375</ele>
        <time>2024-06-09T07:31:20.000Z</time>
        <extensions>
          <ns3:TrackPointExtension>
            <ns3:hr>115</ns3:hr>
            <ns3:cad>71</ns3:cad>
          </ns3:TrackPointExtension>
        </extensions>
      </trkpt>
      <trkpt lat="46.570206396281719207763671875" lon="23.662979342043399810791015625">
        <ele>547.4000244140625</ele>
        <time>2024-06-09T07:31:27.000Z</time>
        <extensions>
          <ns3:TrackPointExtension>
            <ns3:hr>115</ns3:hr>
            <ns3:cad>72</ns3:cad>
          </ns3:TrackPointExtension>
        </extensions>
      </trkpt>
      <trkpt lat="46.57020094804465770721435546875" lon="23.66297523491084575653076171875">
        <ele>547.79998779296875</ele>
        <time>2024-06-09T07:31:28.000Z</time>
        <extensions>
          <ns3:TrackPointExtension>
            <ns3:hr>115</ns3:hr>
            <ns3:cad>72</ns3:cad>
          </ns3:TrackPointExtension>
        </extensions>
      </trkpt>
      <trkpt lat="46.57017949037253856658935546875" lon="23.66296299733221530914306640625">
        <ele>549</ele>
        <time>2024-06-09T07:31:34.000Z</time>
        <extensions>
          <ns3:TrackPointExtension>
            <ns3:hr>115</ns3:hr>
            <ns3:cad>70</ns3:cad>
          </ns3:TrackPointExtension>
        </extensions>
      </trkpt>
      <trkpt lat="46.57017446123063564300537109375" lon="23.66295997984707355499267578125">
        <ele>549</ele>
        <time>2024-06-09T07:31:35.000Z</time>
        <extensions>
          <ns3:TrackPointExtension>
            <ns3:hr>115</ns3:hr>
            <ns3:cad>69</ns3:cad>
          </ns3:TrackPointExtension>
        </extensions>
      </trkpt>
      <trkpt lat="46.57014277763664722442626953125" lon="23.66295285522937774658203125">
        <ele>550</ele>
        <time>2024-06-09T07:31:41.000Z</time>
        <extensions>
          <ns3:TrackPointExtension>
            <ns3:hr>115</ns3:hr>
            <ns3:cad>71</ns3:cad>
          </ns3:TrackPointExtension>
        </extensions>
      </trkpt>
      <trkpt lat="46.57012701965868473052978515625" lon="23.66296199150383472442626953125">
        <ele>550</ele>
        <time>2024-06-09T07:31:43.000Z</time>
        <extensions>
          <ns3:TrackPointExtension>
            <ns3:hr>119</ns3:hr>
            <ns3:cad>70</ns3:cad>
          </ns3:TrackPointExtension>
        </extensions>
      </trkpt>
      <trkpt lat="46.57009684480726718902587890625" lon="23.6629781685769557952880859375">
        <ele>551.20001220703125</ele>
        <time>2024-06-09T07:31:48.000Z</time>
        <extensions>
          <ns3:TrackPointExtension>
            <ns3:hr>117</ns3:hr>
            <ns3:cad>64</ns3:cad>
          </ns3:TrackPointExtension>
        </extensions>
      </trkpt>
      <trkpt lat="46.5700872056186199188232421875" lon="23.66296316497027873992919921875">
        <ele>551.4000244140625</ele>
        <time>2024-06-09T07:31:50.000Z</time>
        <extensions>
          <ns3:TrackPointExtension>
            <ns3:hr>117</ns3:hr>
            <ns3:cad>0</ns3:cad>
          </ns3:TrackPointExtension>
        </extensions>
      </trkpt>
      <trkpt lat="46.57002761028707027435302734375" lon="23.66296484135091304779052734375">
        <ele>552.4000244140625</ele>
        <time>2024-06-09T07:31:57.000Z</time>
        <extensions>
          <ns3:TrackPointExtension>
            <ns3:hr>118</ns3:hr>
            <ns3:cad>62</ns3:cad>
          </ns3:TrackPointExtension>
        </extensions>
      </trkpt>
      <trkpt lat="46.57001688145101070404052734375" lon="23.66297070868313312530517578125">
        <ele>552.79998779296875</ele>
        <time>2024-06-09T07:31:59.000Z</time>
        <extensions>
          <ns3:TrackPointExtension>
            <ns3:hr>118</ns3:hr>
            <ns3:cad>66</ns3:cad>
          </ns3:TrackPointExtension>
        </extensions>
      </trkpt>
      <trkpt lat="46.57000481151044368743896484375" lon="23.66297833621501922607421875">
        <ele>553.5999755859375</ele>
        <time>2024-06-09T07:32:04.000Z</time>
        <extensions>
          <ns3:TrackPointExtension>
            <ns3:hr>117</ns3:hr>
            <ns3:cad>66</ns3:cad>
          </ns3:TrackPointExtension>
        </extensions>
      </trkpt>
      <trkpt lat="46.5699815936386585235595703125" lon="23.66299484856426715850830078125">
        <ele>554</ele>
        <time>2024-06-09T07:32:07.000Z</time>
        <extensions>
          <ns3:TrackPointExtension>
            <ns3:hr>117</ns3:hr>
            <ns3:cad>0</ns3:cad>
          </ns3:TrackPointExtension>
        </extensions>
      </trkpt>
      <trkpt lat="46.569944880902767181396484375" lon="23.6630210839211940765380859375">
        <ele>554.4000244140625</ele>
        <time>2024-06-09T07:32:11.000Z</time>
        <extensions>
          <ns3:TrackPointExtension>
            <ns3:hr>120</ns3:hr>
            <ns3:cad>66</ns3:cad>
          </ns3:TrackPointExtension>
        </extensions>
      </trkpt>
      <trkpt lat="46.5699339844286441802978515625" lon="23.66302737034857273101806640625">
        <ele>554.5999755859375</ele>
        <time>2024-06-09T07:32:12.000Z</time>
        <extensions>
          <ns3:TrackPointExtension>
            <ns3:hr>124</ns3:hr>
            <ns3:cad>66</ns3:cad>
          </ns3:TrackPointExtension>
        </extensions>
      </trkpt>
      <trkpt lat="46.569889895617961883544921875" lon="23.6630324833095073699951171875">
        <ele>555.4000244140625</ele>
        <time>2024-06-09T07:32:17.000Z</time>
        <extensions>
          <ns3:TrackPointExtension>
            <ns3:hr>127</ns3:hr>
            <ns3:cad>61</ns3:cad>
          </ns3:TrackPointExtension>
        </extensions>
      </trkpt>
      <trkpt lat="46.56988126225769519805908203125" lon="23.66303072310984134674072265625">
        <ele>555.5999755859375</ele>
        <time>2024-06-09T07:32:18.000Z</time>
        <extensions>
          <ns3:TrackPointExtension>
            <ns3:hr>127</ns3:hr>
            <ns3:cad>65</ns3:cad>
          </ns3:TrackPointExtension>
        </extensions>
      </trkpt>
      <trkpt lat="46.56987740658223628997802734375" lon="23.6630311422049999237060546875">
        <ele>556</ele>
        <time>2024-06-09T07:32:19.000Z</time>
        <extensions>
          <ns3:TrackPointExtension>
            <ns3:hr>127</ns3:hr>
            <ns3:cad>65</ns3:cad>
          </ns3:TrackPointExtension>
        </extensions>
      </trkpt>
      <trkpt lat="46.5698285400867462158203125" lon="23.6630301363766193389892578125">
        <ele>557</ele>
        <time>2024-06-09T07:32:25.000Z</time>
        <extensions>
          <ns3:TrackPointExtension>
            <ns3:hr>127</ns3:hr>
            <ns3:cad>68</ns3:cad>
          </ns3:TrackPointExtension>
        </extensions>
      </trkpt>
      <trkpt lat="46.56980951316654682159423828125" lon="23.66303122602403163909912109375">
        <ele>557.4000244140625</ele>
        <time>2024-06-09T07:32:27.000Z</time>
        <extensions>
          <ns3:TrackPointExtension>
            <ns3:hr>127</ns3:hr>
            <ns3:cad>68</ns3:cad>
          </ns3:TrackPointExtension>
        </extensions>
      </trkpt>
      <trkpt lat="46.5697686932981014251708984375" lon="23.66304212249815464019775390625">
        <ele>558.20001220703125</ele>
        <time>2024-06-09T07:32:33.000Z</time>
        <extensions>
          <ns3:TrackPointExtension>
            <ns3:hr>128</ns3:hr>
            <ns3:cad>71</ns3:cad>
          </ns3:TrackPointExtension>
        </extensions>
      </trkpt>
      <trkpt lat="46.56975335441529750823974609375" lon="23.6630418710410594940185546875">
        <ele>558.5999755859375</ele>
        <time>2024-06-09T07:32:36.000Z</time>
        <extensions>
          <ns3:TrackPointExtension>
            <ns3:hr>125</ns3:hr>
            <ns3:cad>67</ns3:cad>
          </ns3:TrackPointExtension>
        </extensions>
      </trkpt>
      <trkpt lat="46.5697401948273181915283203125" lon="23.66304061375558376312255859375">
        <ele>559.20001220703125</ele>
        <time>2024-06-09T07:32:39.000Z</time>
        <extensions>
          <ns3:TrackPointExtension>
            <ns3:hr>122</ns3:hr>
            <ns3:cad>72</ns3:cad>
          </ns3:TrackPointExtension>
        </extensions>
      </trkpt>
      <trkpt lat="46.56972535885870456695556640625" lon="23.66304195486009120941162109375">
        <ele>560.20001220703125</ele>
        <time>2024-06-09T07:32:45.000Z</time>
        <extensions>
          <ns3:TrackPointExtension>
            <ns3:hr>125</ns3:hr>
            <ns3:cad>69</ns3:cad>
          </ns3:TrackPointExtension>
        </extensions>
      </trkpt>
      <trkpt lat="46.5697212517261505126953125" lon="23.66304446943104267120361328125">
        <ele>560.4000244140625</ele>
        <time>2024-06-09T07:32:46.000Z</time>
        <extensions>
          <ns3:TrackPointExtension>
            <ns3:hr>125</ns3:hr>
            <ns3:cad>69</ns3:cad>
          </ns3:TrackPointExtension>
        </extensions>
      </trkpt>
      <trkpt lat="46.56970851123332977294921875" lon="23.663063831627368927001953125">
        <ele>561.5999755859375</ele>
        <time>2024-06-09T07:32:50.000Z</time>
        <extensions>
          <ns3:TrackPointExtension>
            <ns3:hr>124</ns3:hr>
            <ns3:cad>72</ns3:cad>
          </ns3:TrackPointExtension>
        </extensions>
      </trkpt>
      <trkpt lat="46.569694094359874725341796875" lon="23.66309140808880329132080078125">
        <ele>562</ele>
        <time>2024-06-09T07:32:54.000Z</time>
        <extensions>
          <ns3:TrackPointExtension>
            <ns3:hr>124</ns3:hr>
            <ns3:cad>66</ns3:cad>
          </ns3:TrackPointExtension>
        </extensions>
      </trkpt>
      <trkpt lat="46.569674313068389892578125" lon="23.6631064116954803466796875">
        <ele>562.5999755859375</ele>
        <time>2024-06-09T07:32:57.000Z</time>
        <extensions>
          <ns3:TrackPointExtension>
            <ns3:hr>124</ns3:hr>
            <ns3:cad>68</ns3:cad>
          </ns3:TrackPointExtension>
        </extensions>
      </trkpt>
      <trkpt lat="46.5696406178176403045654296875" lon="23.66313080303370952606201171875">
        <ele>563.79998779296875</ele>
        <time>2024-06-09T07:33:02.000Z</time>
        <extensions>
          <ns3:TrackPointExtension>
            <ns3:hr>123</ns3:hr>
            <ns3:cad>72</ns3:cad>
          </ns3:TrackPointExtension>
        </extensions>
      </trkpt>
      <trkpt lat="46.569630391895771026611328125" lon="23.66313851438462734222412109375">
        <ele>564</ele>
        <time>2024-06-09T07:33:03.000Z</time>
        <extensions>
          <ns3:TrackPointExtension>
            <ns3:hr>123</ns3:hr>
            <ns3:cad>71</ns3:cad>
          </ns3:TrackPointExtension>
        </extensions>
      </trkpt>
      <trkpt lat="46.56960801221430301666259765625" lon="23.6631505005061626434326171875">
        <ele>564.79998779296875</ele>
        <time>2024-06-09T07:33:07.000Z</time>
        <extensions>
          <ns3:TrackPointExtension>
            <ns3:hr>125</ns3:hr>
            <ns3:cad>68</ns3:cad>
          </ns3:TrackPointExtension>
        </extensions>
      </trkpt>
      <trkpt lat="46.5695698745548725128173828125" lon="23.66316181607544422149658203125">
        <ele>566</ele>
        <time>2024-06-09T07:33:13.000Z</time>
        <extensions>
          <ns3:TrackPointExtension>
            <ns3:hr>124</ns3:hr>
            <ns3:cad>68</ns3:cad>
          </ns3:TrackPointExtension>
        </extensions>
      </trkpt>
      <trkpt lat="46.56952687539160251617431640625" lon="23.6631900630891323089599609375">
        <ele>567</ele>
        <time>2024-06-09T07:33:19.000Z</time>
        <extensions>
          <ns3:TrackPointExtension>
            <ns3:hr>124</ns3:hr>
            <ns3:cad>69</ns3:cad>
          </ns3:TrackPointExtension>
        </extensions>
      </trkpt>
      <trkpt lat="46.569519080221652984619140625" lon="23.66320925764739513397216796875">
        <ele>567.79998779296875</ele>
        <time>2024-06-09T07:33:23.000Z</time>
        <extensions>
          <ns3:TrackPointExtension>
            <ns3:hr>124</ns3:hr>
            <ns3:cad>71</ns3:cad>
          </ns3:TrackPointExtension>
        </extensions>
      </trkpt>
      <trkpt lat="46.56952343881130218505859375" lon="23.6632110178470611572265625">
        <ele>568.20001220703125</ele>
        <time>2024-06-09T07:33:25.000Z</time>
        <extensions>
          <ns3:TrackPointExtension>
            <ns3:hr>124</ns3:hr>
            <ns3:cad>0</ns3:cad>
          </ns3:TrackPointExtension>
        </extensions>
      </trkpt>
      <trkpt lat="46.5695366822183132171630859375" lon="23.66320900619029998779296875">
        <ele>569.20001220703125</ele>
        <time>2024-06-09T07:33:29.000Z</time>
        <extensions>
          <ns3:TrackPointExtension>
            <ns3:hr>123</ns3:hr>
            <ns3:cad>0</ns3:cad>
          </ns3:TrackPointExtension>
        </extensions>
      </trkpt>
      <trkpt lat="46.56954078935086727142333984375" lon="23.6632185615599155426025390625">
        <ele>569.20001220703125</ele>
        <time>2024-06-09T07:33:32.000Z</time>
        <extensions>
          <ns3:TrackPointExtension>
            <ns3:hr>122</ns3:hr>
            <ns3:cad>0</ns3:cad>
          </ns3:TrackPointExtension>
        </extensions>
      </trkpt>
      <trkpt lat="46.56955017708241939544677734375" lon="23.6632296256721019744873046875">
        <ele>569</ele>
        <time>2024-06-09T07:33:37.000Z</time>
        <extensions>
          <ns3:TrackPointExtension>
            <ns3:hr>119</ns3:hr>
            <ns3:cad>0</ns3:cad>
          </ns3:TrackPointExtension>
        </extensions>
      </trkpt>
      <trkpt lat="46.569545231759548187255859375" lon="23.66322333924472332000732421875">
        <ele>568.5999755859375</ele>
        <time>2024-06-09T07:33:42.000Z</time>
        <extensions>
          <ns3:TrackPointExtension>
            <ns3:hr>120</ns3:hr>
            <ns3:cad>0</ns3:cad>
          </ns3:TrackPointExtension>
        </extensions>
      </trkpt>
      <trkpt lat="46.56954179517924785614013671875" lon="23.66323607973754405975341796875">
        <ele>568.20001220703125</ele>
        <time>2024-06-09T07:33:50.000Z</time>
        <extensions>
          <ns3:TrackPointExtension>
            <ns3:hr>122</ns3:hr>
            <ns3:cad>0</ns3:cad>
          </ns3:TrackPointExtension>
        </extensions>
      </trkpt>
      <trkpt lat="46.56952251680195331573486328125" lon="23.663230128586292266845703125">
        <ele>568.20001220703125</ele>
        <time>2024-06-09T07:33:54.000Z</time>
        <extensions>
          <ns3:TrackPointExtension>
            <ns3:hr>118</ns3:hr>
            <ns3:cad>0</ns3:cad>
          </ns3:TrackPointExtension>
        </extensions>
      </trkpt>
      <trkpt lat="46.56952067278325557708740234375" lon="23.66322970949113368988037109375">
        <ele>568.20001220703125</ele>
        <time>2024-06-09T07:33:55.000Z</time>
        <extensions>
          <ns3:TrackPointExtension>
            <ns3:hr>115</ns3:hr>
            <ns3:cad>0</ns3:cad>
          </ns3:TrackPointExtension>
        </extensions>
      </trkpt>
      <trkpt lat="46.569518409669399261474609375" lon="23.66322912275791168212890625">
        <ele>568</ele>
        <time>2024-06-09T07:33:56.000Z</time>
        <extensions>
          <ns3:TrackPointExtension>
            <ns3:hr>112</ns3:hr>
            <ns3:cad>0</ns3:cad>
          </ns3:TrackPointExtension>
        </extensions>
      </trkpt>
      <trkpt lat="46.5695147216320037841796875" lon="23.66323188878595829010009765625">
        <ele>567.5999755859375</ele>
        <time>2024-06-09T07:33:58.000Z</time>
        <extensions>
          <ns3:TrackPointExtension>
            <ns3:hr>108</ns3:hr>
            <ns3:cad>0</ns3:cad>
          </ns3:TrackPointExtension>
        </extensions>
      </trkpt>
      <trkpt lat="46.5695098601281642913818359375" lon="23.6632302962243556976318359375">
        <ele>567.4000244140625</ele>
        <time>2024-06-09T07:34:00.000Z</time>
        <extensions>
          <ns3:TrackPointExtension>
            <ns3:hr>106</ns3:hr>
            <ns3:cad>0</ns3:cad>
          </ns3:TrackPointExtension>
        </extensions>
      </trkpt>
      <trkpt lat="46.56952419318258762359619140625" lon="23.66323658265173435211181640625">
        <ele>567</ele>
        <time>2024-06-09T07:34:04.000Z</time>
        <extensions>
          <ns3:TrackPointExtension>
            <ns3:hr>104</ns3:hr>
            <ns3:cad>0</ns3:cad>
          </ns3:TrackPointExtension>
        </extensions>
      </trkpt>
      <trkpt lat="46.5695366822183132171630859375" lon="23.663252256810665130615234375">
        <ele>566.4000244140625</ele>
        <time>2024-06-09T07:34:13.000Z</time>
        <extensions>
          <ns3:TrackPointExtension>
            <ns3:hr>103</ns3:hr>
            <ns3:cad>0</ns3:cad>
          </ns3:TrackPointExtension>
        </extensions>
      </trkpt>
      <trkpt lat="46.5695450641214847564697265625" lon="23.663258291780948638916015625">
        <ele>566.20001220703125</ele>
        <time>2024-06-09T07:34:15.000Z</time>
        <extensions>
          <ns3:TrackPointExtension>
            <ns3:hr>99</ns3:hr>
            <ns3:cad>0</ns3:cad>
          </ns3:TrackPointExtension>
        </extensions>
      </trkpt>
      <trkpt lat="46.56955705024302005767822265625" lon="23.66326927207410335540771484375">
        <ele>566</ele>
        <time>2024-06-09T07:34:20.000Z</time>
        <extensions>
          <ns3:TrackPointExtension>
            <ns3:hr>97</ns3:hr>
            <ns3:cad>0</ns3:cad>
          </ns3:TrackPointExtension>
        </extensions>
      </trkpt>
      <trkpt lat="46.56956727616488933563232421875" lon="23.6632673442363739013671875">
        <ele>566</ele>
        <time>2024-06-09T07:34:23.000Z</time>
        <extensions>
          <ns3:TrackPointExtension>
            <ns3:hr>97</ns3:hr>
            <ns3:cad>0</ns3:cad>
          </ns3:TrackPointExtension>
        </extensions>
      </trkpt>
      <trkpt lat="46.56956442631781101226806640625" lon="23.66327228955924510955810546875">
        <ele>565.79998779296875</ele>
        <time>2024-06-09T07:34:27.000Z</time>
        <extensions>
          <ns3:TrackPointExtension>
            <ns3:hr>92</ns3:hr>
            <ns3:cad>0</ns3:cad>
          </ns3:TrackPointExtension>
        </extensions>
      </trkpt>
      <trkpt lat="46.56954229809343814849853515625" lon="23.66328754462301731109619140625">
        <ele>565.79998779296875</ele>
        <time>2024-06-09T07:34:31.000Z</time>
        <extensions>
          <ns3:TrackPointExtension>
            <ns3:hr>91</ns3:hr>
            <ns3:cad>0</ns3:cad>
          </ns3:TrackPointExtension>
        </extensions>
      </trkpt>
      <trkpt lat="46.5695276297628879547119140625" lon="23.6632886342704296112060546875">
        <ele>565.79998779296875</ele>
        <time>2024-06-09T07:34:34.000Z</time>
        <extensions>
          <ns3:TrackPointExtension>
            <ns3:hr>94</ns3:hr>
            <ns3:cad>0</ns3:cad>
          </ns3:TrackPointExtension>
        </extensions>
      </trkpt>
      <trkpt lat="46.569521091878414154052734375" lon="23.66327413357794284820556640625">
        <ele>565.5999755859375</ele>
        <time>2024-06-09T07:34:37.000Z</time>
        <extensions>
          <ns3:TrackPointExtension>
            <ns3:hr>97</ns3:hr>
            <ns3:cad>0</ns3:cad>
          </ns3:TrackPointExtension>
        </extensions>
      </trkpt>
      <trkpt lat="46.5695209242403507232666015625" lon="23.6632634885609149932861328125">
        <ele>565.5999755859375</ele>
        <time>2024-06-09T07:34:43.000Z</time>
        <extensions>
          <ns3:TrackPointExtension>
            <ns3:hr>98</ns3:hr>
            <ns3:cad>0</ns3:cad>
          </ns3:TrackPointExtension>
        </extensions>
      </trkpt>
      <trkpt lat="46.5695504285395145416259765625" lon="23.66325871087610721588134765625">
        <ele>565.79998779296875</ele>
        <time>2024-06-09T07:34:50.000Z</time>
        <extensions>
          <ns3:TrackPointExtension>
            <ns3:hr>92</ns3:hr>
            <ns3:cad>0</ns3:cad>
          </ns3:TrackPointExtension>
        </extensions>
      </trkpt>
      <trkpt lat="46.5695611573755741119384765625" lon="23.66324814967811107635498046875">
        <ele>565.79998779296875</ele>
        <time>2024-06-09T07:34:52.000Z</time>
        <extensions>
          <ns3:TrackPointExtension>
            <ns3:hr>90</ns3:hr>
            <ns3:cad>0</ns3:cad>
          </ns3:TrackPointExtension>
        </extensions>
      </trkpt>
      <trkpt lat="46.56954095698893070220947265625" lon="23.6632319726049900054931640625">
        <ele>565.5999755859375</ele>
        <time>2024-06-09T07:35:00.000Z</time>
        <extensions>
          <ns3:TrackPointExtension>
            <ns3:hr>90</ns3:hr>
            <ns3:cad>0</ns3:cad>
          </ns3:TrackPointExtension>
        </extensions>
      </trkpt>
      <trkpt lat="46.5695420466363430023193359375" lon="23.66322216577827930450439453125">
        <ele>565.4000244140625</ele>
        <time>2024-06-09T07:35:02.000Z</time>
        <extensions>
          <ns3:TrackPointExtension>
            <ns3:hr>93</ns3:hr>
            <ns3:cad>0</ns3:cad>
          </ns3:TrackPointExtension>
        </extensions>
      </trkpt>
      <trkpt lat="46.569547913968563079833984375" lon="23.66320808418095111846923828125">
        <ele>565.4000244140625</ele>
        <time>2024-06-09T07:35:06.000Z</time>
        <extensions>
          <ns3:TrackPointExtension>
            <ns3:hr>90</ns3:hr>
            <ns3:cad>0</ns3:cad>
          </ns3:TrackPointExtension>
        </extensions>
      </trkpt>
      <trkpt lat="46.56955067999660968780517578125" lon="23.6632121913135051727294921875">
        <ele>565.5999755859375</ele>
        <time>2024-06-09T07:35:09.000Z</time>
        <extensions>
          <ns3:TrackPointExtension>
            <ns3:hr>91</ns3:hr>
            <ns3:cad>0</ns3:cad>
          </ns3:TrackPointExtension>
        </extensions>
      </trkpt>
      <trkpt lat="46.569556631147861480712890625" lon="23.66323851048946380615234375">
        <ele>565.5999755859375</ele>
        <time>2024-06-09T07:35:12.000Z</time>
        <extensions>
          <ns3:TrackPointExtension>
            <ns3:hr>95</ns3:hr>
            <ns3:cad>0</ns3:cad>
          </ns3:TrackPointExtension>
        </extensions>
      </trkpt>
      <trkpt lat="46.56955428421497344970703125" lon="23.6632373370230197906494140625">
        <ele>565.5999755859375</ele>
        <time>2024-06-09T07:35:14.000Z</time>
        <extensions>
          <ns3:TrackPointExtension>
            <ns3:hr>93</ns3:hr>
            <ns3:cad>0</ns3:cad>
          </ns3:TrackPointExtension>
        </extensions>
      </trkpt>
      <trkpt lat="46.56955587677657604217529296875" lon="23.66324781440198421478271484375">
        <ele>565.79998779296875</ele>
        <time>2024-06-09T07:35:21.000Z</time>
        <extensions>
          <ns3:TrackPointExtension>
            <ns3:hr>94</ns3:hr>
            <ns3:cad>0</ns3:cad>
          </ns3:TrackPointExtension>
        </extensions>
      </trkpt>
      <trkpt lat="46.56954095698893070220947265625" lon="23.66325988434255123138427734375">
        <ele>566</ele>
        <time>2024-06-09T07:35:28.000Z</time>
        <extensions>
          <ns3:TrackPointExtension>
            <ns3:hr>91</ns3:hr>
            <ns3:cad>0</ns3:cad>
          </ns3:TrackPointExtension>
        </extensions>
      </trkpt>
      <trkpt lat="46.56954380683600902557373046875" lon="23.6632598005235195159912109375">
        <ele>565.79998779296875</ele>
        <time>2024-06-09T07:35:29.000Z</time>
        <extensions>
          <ns3:TrackPointExtension>
            <ns3:hr>91</ns3:hr>
            <ns3:cad>0</ns3:cad>
          </ns3:TrackPointExtension>
        </extensions>
      </trkpt>
      <trkpt lat="46.5695790946483612060546875" lon="23.66321110166609287261962890625">
        <ele>565.79998779296875</ele>
        <time>2024-06-09T07:35:40.000Z</time>
        <extensions>
          <ns3:TrackPointExtension>
            <ns3:hr>89</ns3:hr>
            <ns3:cad>0</ns3:cad>
          </ns3:TrackPointExtension>
        </extensions>
      </trkpt>
      <trkpt lat="46.56958043575286865234375" lon="23.66320271976292133331298828125">
        <ele>566</ele>
        <time>2024-06-09T07:35:46.000Z</time>
        <extensions>
          <ns3:TrackPointExtension>
            <ns3:hr>92</ns3:hr>
            <ns3:cad>0</ns3:cad>
          </ns3:TrackPointExtension>
        </extensions>
      </trkpt>
      <trkpt lat="46.5695522725582122802734375" lon="23.663206994533538818359375">
        <ele>566</ele>
        <time>2024-06-09T07:35:51.000Z</time>
        <extensions>
          <ns3:TrackPointExtension>
            <ns3:hr>91</ns3:hr>
            <ns3:cad>0</ns3:cad>
          </ns3:TrackPointExtension>
        </extensions>
      </trkpt>
      <trkpt lat="46.56954481266438961029052734375" lon="23.6632282845675945281982421875">
        <ele>566</ele>
        <time>2024-06-09T07:36:00.000Z</time>
        <extensions>
          <ns3:TrackPointExtension>
            <ns3:hr>93</ns3:hr>
            <ns3:cad>0</ns3:cad>
          </ns3:TrackPointExtension>
        </extensions>
      </trkpt>
      <trkpt lat="46.56954598613083362579345703125" lon="23.66322400979697704315185546875">
        <ele>565.79998779296875</ele>
        <time>2024-06-09T07:36:02.000Z</time>
        <extensions>
          <ns3:TrackPointExtension>
            <ns3:hr>96</ns3:hr>
            <ns3:cad>0</ns3:cad>
          </ns3:TrackPointExtension>
        </extensions>
      </trkpt>
      <trkpt lat="46.5695631690323352813720703125" lon="23.6632440425455570220947265625">
        <ele>566</ele>
        <time>2024-06-09T07:36:10.000Z</time>
        <extensions>
          <ns3:TrackPointExtension>
            <ns3:hr>97</ns3:hr>
            <ns3:cad>0</ns3:cad>
          </ns3:TrackPointExtension>
        </extensions>
      </trkpt>
      <trkpt lat="46.56954548321664333343505859375" lon="23.6632846109569072723388671875">
        <ele>565.79998779296875</ele>
        <time>2024-06-09T07:36:18.000Z</time>
        <extensions>
          <ns3:TrackPointExtension>
            <ns3:hr>97</ns3:hr>
            <ns3:cad>0</ns3:cad>
          </ns3:TrackPointExtension>
        </extensions>
      </trkpt>
      <trkpt lat="46.56953441910445690155029296875" lon="23.6632859520614147186279296875">
        <ele>565.5999755859375</ele>
        <time>2024-06-09T07:36:22.000Z</time>
        <extensions>
          <ns3:TrackPointExtension>
            <ns3:hr>93</ns3:hr>
            <ns3:cad>0</ns3:cad>
          </ns3:TrackPointExtension>
        </extensions>
      </trkpt>
      <trkpt lat="46.569543890655040740966796875" lon="23.6632571183145046234130859375">
        <ele>565.5999755859375</ele>
        <time>2024-06-09T07:36:29.000Z</time>
        <extensions>
          <ns3:TrackPointExtension>
            <ns3:hr>93</ns3:hr>
            <ns3:cad>0</ns3:cad>
          </ns3:TrackPointExtension>
        </extensions>
      </trkpt>
      <trkpt lat="46.56953827477991580963134765625" lon="23.663233481347560882568359375">
        <ele>565.79998779296875</ele>
        <time>2024-06-09T07:36:39.000Z</time>
        <extensions>
          <ns3:TrackPointExtension>
            <ns3:hr>94</ns3:hr>
            <ns3:cad>0</ns3:cad>
          </ns3:TrackPointExtension>
        </extensions>
      </trkpt>
      <trkpt lat="46.56954145990312099456787109375" lon="23.66324312053620815277099609375">
        <ele>565.79998779296875</ele>
        <time>2024-06-09T07:36:46.000Z</time>
        <extensions>
          <ns3:TrackPointExtension>
            <ns3:hr>89</ns3:hr>
            <ns3:cad>0</ns3:cad>
          </ns3:TrackPointExtension>
        </extensions>
      </trkpt>
      <trkpt lat="46.569548584520816802978515625" lon="23.66326357237994670867919921875">
        <ele>565.79998779296875</ele>
        <time>2024-06-09T07:36:55.000Z</time>
        <extensions>
          <ns3:TrackPointExtension>
            <ns3:hr>87</ns3:hr>
            <ns3:cad>0</ns3:cad>
          </ns3:TrackPointExtension>
        </extensions>
      </trkpt>
      <trkpt lat="46.5695564635097980499267578125" lon="23.6632856167852878570556640625">
        <ele>565.20001220703125</ele>
        <time>2024-06-09T07:37:03.000Z</time>
        <extensions>
          <ns3:TrackPointExtension>
            <ns3:hr>90</ns3:hr>
            <ns3:cad>0</ns3:cad>
          </ns3:TrackPointExtension>
        </extensions>
      </trkpt>
      <trkpt lat="46.569550596177577972412109375" lon="23.6632916517555713653564453125">
        <ele>565.20001220703125</ele>
        <time>2024-06-09T07:37:06.000Z</time>
        <extensions>
          <ns3:TrackPointExtension>
            <ns3:hr>91</ns3:hr>
            <ns3:cad>0</ns3:cad>
          </ns3:TrackPointExtension>
        </extensions>
      </trkpt>
      <trkpt lat="46.5695578046143054962158203125" lon="23.6632450483739376068115234375">
        <ele>565.79998779296875</ele>
        <time>2024-06-09T07:37:16.000Z</time>
        <extensions>
          <ns3:TrackPointExtension>
            <ns3:hr>92</ns3:hr>
            <ns3:cad>0</ns3:cad>
          </ns3:TrackPointExtension>
        </extensions>
      </trkpt>
      <trkpt lat="46.56956710852682590484619140625" lon="23.66321814246475696563720703125">
        <ele>565.79998779296875</ele>
        <time>2024-06-09T07:37:26.000Z</time>
        <extensions>
          <ns3:TrackPointExtension>
            <ns3:hr>92</ns3:hr>
            <ns3:cad>0</ns3:cad>
          </ns3:TrackPointExtension>
        </extensions>
      </trkpt>
      <trkpt lat="46.569555290043354034423828125" lon="23.663267679512500762939453125">
        <ele>565.79998779296875</ele>
        <time>2024-06-09T07:37:34.000Z</time>
        <extensions>
          <ns3:TrackPointExtension>
            <ns3:hr>91</ns3:hr>
            <ns3:cad>0</ns3:cad>
          </ns3:TrackPointExtension>
        </extensions>
      </trkpt>
      <trkpt lat="46.56954246573150157928466796875" lon="23.66327078081667423248291015625">
        <ele>565.5999755859375</ele>
        <time>2024-06-09T07:37:38.000Z</time>
        <extensions>
          <ns3:TrackPointExtension>
            <ns3:hr>94</ns3:hr>
            <ns3:cad>0</ns3:cad>
          </ns3:TrackPointExtension>
        </extensions>
      </trkpt>
      <trkpt lat="46.56953416764736175537109375" lon="23.66326935589313507080078125">
        <ele>565.5999755859375</ele>
        <time>2024-06-09T07:37:42.000Z</time>
        <extensions>
          <ns3:TrackPointExtension>
            <ns3:hr>95</ns3:hr>
            <ns3:cad>0</ns3:cad>
          </ns3:TrackPointExtension>
        </extensions>
      </trkpt>
      <trkpt lat="46.56952100805938243865966796875" lon="23.66328368894755840301513671875">
        <ele>565.5999755859375</ele>
        <time>2024-06-09T07:37:48.000Z</time>
        <extensions>
          <ns3:TrackPointExtension>
            <ns3:hr>96</ns3:hr>
            <ns3:cad>0</ns3:cad>
          </ns3:TrackPointExtension>
        </extensions>
      </trkpt>
      <trkpt lat="46.56951941549777984619140625" lon="23.66325837559998035430908203125">
        <ele>565.20001220703125</ele>
        <time>2024-06-09T07:37:54.000Z</time>
        <extensions>
          <ns3:TrackPointExtension>
            <ns3:hr>99</ns3:hr>
            <ns3:cad>0</ns3:cad>
          </ns3:TrackPointExtension>
        </extensions>
      </trkpt>
      <trkpt lat="46.56952301971614360809326171875" lon="23.663249574601650238037109375">
        <ele>565.20001220703125</ele>
        <time>2024-06-09T07:37:57.000Z</time>
        <extensions>
          <ns3:TrackPointExtension>
            <ns3:hr>97</ns3:hr>
            <ns3:cad>0</ns3:cad>
          </ns3:TrackPointExtension>
        </extensions>
      </trkpt>
      <trkpt lat="46.56952838413417339324951171875" lon="23.66324831731617450714111328125">
        <ele>565.20001220703125</ele>
        <time>2024-06-09T07:38:01.000Z</time>
        <extensions>
          <ns3:TrackPointExtension>
            <ns3:hr>93</ns3:hr>
            <ns3:cad>0</ns3:cad>
          </ns3:TrackPointExtension>
        </extensions>
      </trkpt>
      <trkpt lat="46.56952737830579280853271484375" lon="23.6632500775158405303955078125">
        <ele>565.20001220703125</ele>
        <time>2024-06-09T07:38:03.000Z</time>
        <extensions>
          <ns3:TrackPointExtension>
            <ns3:hr>90</ns3:hr>
            <ns3:cad>0</ns3:cad>
          </ns3:TrackPointExtension>
        </extensions>
      </trkpt>
      <trkpt lat="46.56954045407474040985107421875" lon="23.66327664814889430999755859375">
        <ele>565.20001220703125</ele>
        <time>2024-06-09T07:38:06.000Z</time>
        <extensions>
          <ns3:TrackPointExtension>
            <ns3:hr>90</ns3:hr>
            <ns3:cad>0</ns3:cad>
          </ns3:TrackPointExtension>
        </extensions>
      </trkpt>
      <trkpt lat="46.56954615376889705657958984375" lon="23.663284443318843841552734375">
        <ele>565.20001220703125</ele>
        <time>2024-06-09T07:38:08.000Z</time>
        <extensions>
          <ns3:TrackPointExtension>
            <ns3:hr>93</ns3:hr>
            <ns3:cad>0</ns3:cad>
          </ns3:TrackPointExtension>
        </extensions>
      </trkpt>
      <trkpt lat="46.5695319883525371551513671875" lon="23.66329274140298366546630859375">
        <ele>565.20001220703125</ele>
        <time>2024-06-09T07:38:13.000Z</time>
        <extensions>
          <ns3:TrackPointExtension>
            <ns3:hr>88</ns3:hr>
            <ns3:cad>0</ns3:cad>
          </ns3:TrackPointExtension>
        </extensions>
      </trkpt>
      <trkpt lat="46.56952050514519214630126953125" lon="23.66328838281333446502685546875">
        <ele>565.4000244140625</ele>
        <time>2024-06-09T07:38:14.000Z</time>
        <extensions>
          <ns3:TrackPointExtension>
            <ns3:hr>84</ns3:hr>
            <ns3:cad>0</ns3:cad>
          </ns3:TrackPointExtension>
        </extensions>
      </trkpt>
      <trkpt lat="46.56951279379427433013916015625" lon="23.66328553296625614166259765625">
        <ele>565.5999755859375</ele>
        <time>2024-06-09T07:38:15.000Z</time>
        <extensions>
          <ns3:TrackPointExtension>
            <ns3:hr>81</ns3:hr>
            <ns3:cad>0</ns3:cad>
          </ns3:TrackPointExtension>
        </extensions>
      </trkpt>
      <trkpt lat="46.5694428049027919769287109375" lon="23.66330430842936038970947265625">
        <ele>566.5999755859375</ele>
        <time>2024-06-09T07:38:23.000Z</time>
        <extensions>
          <ns3:TrackPointExtension>
            <ns3:hr>86</ns3:hr>
            <ns3:cad>43</ns3:cad>
          </ns3:TrackPointExtension>
        </extensions>
      </trkpt>
      <trkpt lat="46.56943090260028839111328125" lon="23.66330984048545360565185546875">
        <ele>567</ele>
        <time>2024-06-09T07:38:24.000Z</time>
        <extensions>
          <ns3:TrackPointExtension>
            <ns3:hr>90</ns3:hr>
            <ns3:cad>43</ns3:cad>
          </ns3:TrackPointExtension>
        </extensions>
      </trkpt>
      <trkpt lat="46.5694240294396877288818359375" lon="23.66331537254154682159423828125">
        <ele>567.20001220703125</ele>
        <time>2024-06-09T07:38:25.000Z</time>
        <extensions>
          <ns3:TrackPointExtension>
            <ns3:hr>93</ns3:hr>
            <ns3:cad>43</ns3:cad>
          </ns3:TrackPointExtension>
        </extensions>
      </trkpt>
      <trkpt lat="46.56941858120262622833251953125" lon="23.6633211560547351837158203125">
        <ele>567.4000244140625</ele>
        <time>2024-06-09T07:38:26.000Z</time>
        <extensions>
          <ns3:TrackPointExtension>
            <ns3:hr>96</ns3:hr>
            <ns3:cad>43</ns3:cad>
          </ns3:TrackPointExtension>
        </extensions>
      </trkpt>
      <trkpt lat="46.56939460895955562591552734375" lon="23.66333431564271450042724609375">
        <ele>568</ele>
        <time>2024-06-09T07:38:30.000Z</time>
        <extensions>
          <ns3:TrackPointExtension>
            <ns3:hr>99</ns3:hr>
            <ns3:cad>42</ns3:cad>
          </ns3:TrackPointExtension>
        </extensions>
      </trkpt>
      <trkpt lat="46.5693824551999568939208984375" lon="23.66333129815757274627685546875">
        <ele>568.4000244140625</ele>
        <time>2024-06-09T07:38:31.000Z</time>
        <extensions>
          <ns3:TrackPointExtension>
            <ns3:hr>100</ns3:hr>
            <ns3:cad>42</ns3:cad>
          </ns3:TrackPointExtension>
        </extensions>
      </trkpt>
      <trkpt lat="46.569365523755550384521484375" lon="23.66333230398595333099365234375">
        <ele>568.4000244140625</ele>
        <time>2024-06-09T07:38:32.000Z</time>
        <extensions>
          <ns3:TrackPointExtension>
            <ns3:hr>100</ns3:hr>
            <ns3:cad>42</ns3:cad>
          </ns3:TrackPointExtension>
        </extensions>
      </trkpt>
      <trkpt lat="46.56929972581565380096435546875" lon="23.66331285797059535980224609375">
        <ele>569.20001220703125</ele>
        <time>2024-06-09T07:38:37.000Z</time>
        <extensions>
          <ns3:TrackPointExtension>
            <ns3:hr>103</ns3:hr>
            <ns3:cad>43</ns3:cad>
          </ns3:TrackPointExtension>
        </extensions>
      </trkpt>
      <trkpt lat="46.56929276883602142333984375" lon="23.66331419907510280609130859375">
        <ele>569.4000244140625</ele>
        <time>2024-06-09T07:38:38.000Z</time>
        <extensions>
          <ns3:TrackPointExtension>
            <ns3:hr>103</ns3:hr>
            <ns3:cad>44</ns3:cad>
          </ns3:TrackPointExtension>
        </extensions>
      </trkpt>
      <trkpt lat="46.56928145326673984527587890625" lon="23.663314282894134521484375">
        <ele>569.4000244140625</ele>
        <time>2024-06-09T07:38:39.000Z</time>
        <extensions>
          <ns3:TrackPointExtension>
            <ns3:hr>104</ns3:hr>
            <ns3:cad>44</ns3:cad>
          </ns3:TrackPointExtension>
        </extensions>
      </trkpt>
      <trkpt lat="46.5692493505775928497314453125" lon="23.6633156239986419677734375">
        <ele>569.5999755859375</ele>
        <time>2024-06-09T07:38:42.000Z</time>
        <extensions>
          <ns3:TrackPointExtension>
            <ns3:hr>107</ns3:hr>
            <ns3:cad>44</ns3:cad>
          </ns3:TrackPointExtension>
        </extensions>
      </trkpt>
      <trkpt lat="46.569198556244373321533203125" lon="23.66332425735890865325927734375">
        <ele>569.5999755859375</ele>
        <time>2024-06-09T07:38:48.000Z</time>
        <extensions>
          <ns3:TrackPointExtension>
            <ns3:hr>109</ns3:hr>
            <ns3:cad>44</ns3:cad>
          </ns3:TrackPointExtension>
        </extensions>
      </trkpt>
      <trkpt lat="46.56911985017359256744384765625" lon="23.663348145782947540283203125">
        <ele>570.4000244140625</ele>
        <time>2024-06-09T07:38:57.000Z</time>
        <extensions>
          <ns3:TrackPointExtension>
            <ns3:hr>112</ns3:hr>
            <ns3:cad>0</ns3:cad>
          </ns3:TrackPointExtension>
        </extensions>
      </trkpt>
      <trkpt lat="46.56911465339362621307373046875" lon="23.66334655322134494781494140625">
        <ele>570.4000244140625</ele>
        <time>2024-06-09T07:38:58.000Z</time>
        <extensions>
          <ns3:TrackPointExtension>
            <ns3:hr>112</ns3:hr>
            <ns3:cad>0</ns3:cad>
          </ns3:TrackPointExtension>
        </extensions>
      </trkpt>
      <trkpt lat="46.5691068582236766815185546875" lon="23.66334605030715465545654296875">
        <ele>570.4000244140625</ele>
        <time>2024-06-09T07:38:59.000Z</time>
        <extensions>
          <ns3:TrackPointExtension>
            <ns3:hr>113</ns3:hr>
            <ns3:cad>0</ns3:cad>
          </ns3:TrackPointExtension>
        </extensions>
      </trkpt>
      <trkpt lat="46.569057740271091461181640625" lon="23.66335116326808929443359375">
        <ele>570.5999755859375</ele>
        <time>2024-06-09T07:39:06.000Z</time>
        <extensions>
          <ns3:TrackPointExtension>
            <ns3:hr>112</ns3:hr>
            <ns3:cad>0</ns3:cad>
          </ns3:TrackPointExtension>
        </extensions>
      </trkpt>
      <trkpt lat="46.56904156319797039031982421875" lon="23.6633573658764362335205078125">
        <ele>570.5999755859375</ele>
        <time>2024-06-09T07:39:08.000Z</time>
        <extensions>
          <ns3:TrackPointExtension>
            <ns3:hr>109</ns3:hr>
            <ns3:cad>49</ns3:cad>
          </ns3:TrackPointExtension>
        </extensions>
      </trkpt>
      <trkpt lat="46.5690185129642486572265625" lon="23.66336884908378124237060546875">
        <ele>570.79998779296875</ele>
        <time>2024-06-09T07:39:11.000Z</time>
        <extensions>
          <ns3:TrackPointExtension>
            <ns3:hr>106</ns3:hr>
            <ns3:cad>49</ns3:cad>
          </ns3:TrackPointExtension>
        </extensions>
      </trkpt>
      <trkpt lat="46.5689935348927974700927734375" lon="23.663395754992961883544921875">
        <ele>571.4000244140625</ele>
        <time>2024-06-09T07:39:16.000Z</time>
        <extensions>
          <ns3:TrackPointExtension>
            <ns3:hr>105</ns3:hr>
            <ns3:cad>44</ns3:cad>
          </ns3:TrackPointExtension>
        </extensions>
      </trkpt>
      <trkpt lat="46.5689321793615818023681640625" lon="23.663442023098468780517578125">
        <ele>572.5999755859375</ele>
        <time>2024-06-09T07:39:22.000Z</time>
        <extensions>
          <ns3:TrackPointExtension>
            <ns3:hr>107</ns3:hr>
            <ns3:cad>44</ns3:cad>
          </ns3:TrackPointExtension>
        </extensions>
      </trkpt>
      <trkpt lat="46.56890141777694225311279296875" lon="23.66346121765673160552978515625">
        <ele>572.79998779296875</ele>
        <time>2024-06-09T07:39:25.000Z</time>
        <extensions>
          <ns3:TrackPointExtension>
            <ns3:hr>109</ns3:hr>
            <ns3:cad>41</ns3:cad>
          </ns3:TrackPointExtension>
        </extensions>
      </trkpt>
      <trkpt lat="46.56886403448879718780517578125" lon="23.66347295232117176055908203125">
        <ele>573.4000244140625</ele>
        <time>2024-06-09T07:39:29.000Z</time>
        <extensions>
          <ns3:TrackPointExtension>
            <ns3:hr>112</ns3:hr>
            <ns3:cad>41</ns3:cad>
          </ns3:TrackPointExtension>
        </extensions>
      </trkpt>
      <trkpt lat="46.56885565258562564849853515625" lon="23.66347747854888439178466796875">
        <ele>573.5999755859375</ele>
        <time>2024-06-09T07:39:30.000Z</time>
        <extensions>
          <ns3:TrackPointExtension>
            <ns3:hr>112</ns3:hr>
            <ns3:cad>41</ns3:cad>
          </ns3:TrackPointExtension>
        </extensions>
      </trkpt>
      <trkpt lat="46.568818353116512298583984375" lon="23.6634887941181659698486328125">
        <ele>574.5999755859375</ele>
        <time>2024-06-09T07:39:35.000Z</time>
        <extensions>
          <ns3:TrackPointExtension>
            <ns3:hr>110</ns3:hr>
            <ns3:cad>41</ns3:cad>
          </ns3:TrackPointExtension>
        </extensions>
      </trkpt>
      <trkpt lat="46.5688012540340423583984375" lon="23.663485944271087646484375">
        <ele>575</ele>
        <time>2024-06-09T07:39:37.000Z</time>
        <extensions>
          <ns3:TrackPointExtension>
            <ns3:hr>110</ns3:hr>
            <ns3:cad>41</ns3:cad>
          </ns3:TrackPointExtension>
        </extensions>
      </trkpt>
      <trkpt lat="46.5687836520373821258544921875" lon="23.66348904557526111602783203125">
        <ele>575.5999755859375</ele>
        <time>2024-06-09T07:39:39.000Z</time>
        <extensions>
          <ns3:TrackPointExtension>
            <ns3:hr>110</ns3:hr>
            <ns3:cad>41</ns3:cad>
          </ns3:TrackPointExtension>
        </extensions>
      </trkpt>
      <trkpt lat="46.5687199495732784271240234375" lon="23.66351704113185405731201171875">
        <ele>576.5999755859375</ele>
        <time>2024-06-09T07:39:45.000Z</time>
        <extensions>
          <ns3:TrackPointExtension>
            <ns3:hr>110</ns3:hr>
            <ns3:cad>43</ns3:cad>
          </ns3:TrackPointExtension>
        </extensions>
      </trkpt>
      <trkpt lat="46.5687082149088382720947265625" lon="23.663527853786945343017578125">
        <ele>576.79998779296875</ele>
        <time>2024-06-09T07:39:46.000Z</time>
        <extensions>
          <ns3:TrackPointExtension>
            <ns3:hr>110</ns3:hr>
            <ns3:cad>41</ns3:cad>
          </ns3:TrackPointExtension>
        </extensions>
      </trkpt>
      <trkpt lat="46.568683572113513946533203125" lon="23.6635555140674114227294921875">
        <ele>577.79998779296875</ele>
        <time>2024-06-09T07:39:50.000Z</time>
        <extensions>
          <ns3:TrackPointExtension>
            <ns3:hr>112</ns3:hr>
            <ns3:cad>41</ns3:cad>
          </ns3:TrackPointExtension>
        </extensions>
      </trkpt>
      <trkpt lat="46.568677537143230438232421875" lon="23.663564734160900115966796875">
        <ele>578.79998779296875</ele>
        <time>2024-06-09T07:39:53.000Z</time>
        <extensions>
          <ns3:TrackPointExtension>
            <ns3:hr>112</ns3:hr>
            <ns3:cad>41</ns3:cad>
          </ns3:TrackPointExtension>
        </extensions>
      </trkpt>
      <trkpt lat="46.5686723403632640838623046875" lon="23.6635709367692470550537109375">
        <ele>579</ele>
        <time>2024-06-09T07:39:54.000Z</time>
        <extensions>
          <ns3:TrackPointExtension>
            <ns3:hr>112</ns3:hr>
            <ns3:cad>41</ns3:cad>
          </ns3:TrackPointExtension>
        </extensions>
      </trkpt>
      <trkpt lat="46.56864593736827373504638671875" lon="23.66360203363001346588134765625">
        <ele>580</ele>
        <time>2024-06-09T07:39:59.000Z</time>
        <extensions>
          <ns3:TrackPointExtension>
            <ns3:hr>113</ns3:hr>
            <ns3:cad>72</ns3:cad>
          </ns3:TrackPointExtension>
        </extensions>
      </trkpt>
      <trkpt lat="46.56863336451351642608642578125" lon="23.6636249162256717681884765625">
        <ele>580.4000244140625</ele>
        <time>2024-06-09T07:40:01.000Z</time>
        <extensions>
          <ns3:TrackPointExtension>
            <ns3:hr>113</ns3:hr>
            <ns3:cad>75</ns3:cad>
          </ns3:TrackPointExtension>
        </extensions>
      </trkpt>
      <trkpt lat="46.56862934119999408721923828125" lon="23.6636574380099773406982421875">
        <ele>581</ele>
        <time>2024-06-09T07:40:04.000Z</time>
        <extensions>
          <ns3:TrackPointExtension>
            <ns3:hr>116</ns3:hr>
            <ns3:cad>74</ns3:cad>
          </ns3:TrackPointExtension>
        </extensions>
      </trkpt>
      <trkpt lat="46.56862313859164714813232421875" lon="23.66368954069912433624267578125">
        <ele>581.4000244140625</ele>
        <time>2024-06-09T07:40:07.000Z</time>
        <extensions>
          <ns3:TrackPointExtension>
            <ns3:hr>119</ns3:hr>
            <ns3:cad>69</ns3:cad>
          </ns3:TrackPointExtension>
        </extensions>
      </trkpt>
      <trkpt lat="46.568618528544902801513671875" lon="23.6637030355632305145263671875">
        <ele>581.5999755859375</ele>
        <time>2024-06-09T07:40:08.000Z</time>
        <extensions>
          <ns3:TrackPointExtension>
            <ns3:hr>120</ns3:hr>
            <ns3:cad>69</ns3:cad>
          </ns3:TrackPointExtension>
        </extensions>
      </trkpt>
      <trkpt lat="46.568611152470111846923828125" lon="23.66371368058025836944580078125">
        <ele>582.20001220703125</ele>
        <time>2024-06-09T07:40:11.000Z</time>
        <extensions>
          <ns3:TrackPointExtension>
            <ns3:hr>121</ns3:hr>
            <ns3:cad>69</ns3:cad>
          </ns3:TrackPointExtension>
        </extensions>
      </trkpt>
      <trkpt lat="46.5686009265482425689697265625" lon="23.6637409217655658721923828125">
        <ele>582.79998779296875</ele>
        <time>2024-06-09T07:40:14.000Z</time>
        <extensions>
          <ns3:TrackPointExtension>
            <ns3:hr>121</ns3:hr>
            <ns3:cad>65</ns3:cad>
          </ns3:TrackPointExtension>
        </extensions>
      </trkpt>
      <trkpt lat="46.568571589887142181396484375" lon="23.66381024010479450225830078125">
        <ele>583.20001220703125</ele>
        <time>2024-06-09T07:40:20.000Z</time>
        <extensions>
          <ns3:TrackPointExtension>
            <ns3:hr>119</ns3:hr>
            <ns3:cad>70</ns3:cad>
          </ns3:TrackPointExtension>
        </extensions>
      </trkpt>
      <trkpt lat="46.56856128014624118804931640625" lon="23.6638264171779155731201171875">
        <ele>583.4000244140625</ele>
        <time>2024-06-09T07:40:22.000Z</time>
        <extensions>
          <ns3:TrackPointExtension>
            <ns3:hr>119</ns3:hr>
            <ns3:cad>70</ns3:cad>
          </ns3:TrackPointExtension>
        </extensions>
      </trkpt>
      <trkpt lat="46.56853982247412204742431640625" lon="23.66386673413217067718505859375">
        <ele>584</ele>
        <time>2024-06-09T07:40:27.000Z</time>
        <extensions>
          <ns3:TrackPointExtension>
            <ns3:hr>122</ns3:hr>
            <ns3:cad>75</ns3:cad>
          </ns3:TrackPointExtension>
        </extensions>
      </trkpt>
      <trkpt lat="46.56852842308580875396728515625" lon="23.66388265974819660186767578125">
        <ele>584.4000244140625</ele>
        <time>2024-06-09T07:40:29.000Z</time>
        <extensions>
          <ns3:TrackPointExtension>
            <ns3:hr>124</ns3:hr>
            <ns3:cad>74</ns3:cad>
          </ns3:TrackPointExtension>
        </extensions>
      </trkpt>
      <trkpt lat="46.5685236454010009765625" lon="23.66389087401330471038818359375">
        <ele>584.5999755859375</ele>
        <time>2024-06-09T07:40:30.000Z</time>
        <extensions>
          <ns3:TrackPointExtension>
            <ns3:hr>124</ns3:hr>
            <ns3:cad>71</ns3:cad>
          </ns3:TrackPointExtension>
        </extensions>
      </trkpt>
      <trkpt lat="46.5684835799038410186767578125" lon="23.66392088122665882110595703125">
        <ele>585.4000244140625</ele>
        <time>2024-06-09T07:40:36.000Z</time>
        <extensions>
          <ns3:TrackPointExtension>
            <ns3:hr>123</ns3:hr>
            <ns3:cad>69</ns3:cad>
          </ns3:TrackPointExtension>
        </extensions>
      </trkpt>
      <trkpt lat="46.56846891157329082489013671875" lon="23.66392808966338634490966796875">
        <ele>585.79998779296875</ele>
        <time>2024-06-09T07:40:39.000Z</time>
        <extensions>
          <ns3:TrackPointExtension>
            <ns3:hr>122</ns3:hr>
            <ns3:cad>70</ns3:cad>
          </ns3:TrackPointExtension>
        </extensions>
      </trkpt>
      <trkpt lat="46.56844661571085453033447265625" lon="23.66394652985036373138427734375">
        <ele>586.5999755859375</ele>
        <time>2024-06-09T07:40:44.000Z</time>
        <extensions>
          <ns3:TrackPointExtension>
            <ns3:hr>122</ns3:hr>
            <ns3:cad>70</ns3:cad>
          </ns3:TrackPointExtension>
        </extensions>
      </trkpt>
      <trkpt lat="46.568441502749919891357421875" lon="23.6639501340687274932861328125">
        <ele>586.5999755859375</ele>
        <time>2024-06-09T07:40:45.000Z</time>
        <extensions>
          <ns3:TrackPointExtension>
            <ns3:hr>122</ns3:hr>
            <ns3:cad>70</ns3:cad>
          </ns3:TrackPointExtension>
        </extensions>
      </trkpt>
      <trkpt lat="46.56837436370551586151123046875" lon="23.6639866791665554046630859375">
        <ele>587.79998779296875</ele>
        <time>2024-06-09T07:40:52.000Z</time>
        <extensions>
          <ns3:TrackPointExtension>
            <ns3:hr>120</ns3:hr>
            <ns3:cad>75</ns3:cad>
          </ns3:TrackPointExtension>
        </extensions>
      </trkpt>
      <trkpt lat="46.5683561749756336212158203125" lon="23.66399732418358325958251953125">
        <ele>588.20001220703125</ele>
        <time>2024-06-09T07:40:54.000Z</time>
        <extensions>
          <ns3:TrackPointExtension>
            <ns3:hr>120</ns3:hr>
            <ns3:cad>74</ns3:cad>
          </ns3:TrackPointExtension>
        </extensions>
      </trkpt>
      <trkpt lat="46.5683166123926639556884765625" lon="23.664027415215969085693359375">
        <ele>588.79998779296875</ele>
        <time>2024-06-09T07:40:59.000Z</time>
        <extensions>
          <ns3:TrackPointExtension>
            <ns3:hr>120</ns3:hr>
            <ns3:cad>76</ns3:cad>
          </ns3:TrackPointExtension>
        </extensions>
      </trkpt>
      <trkpt lat="46.56828987412154674530029296875" lon="23.66404610686004161834716796875">
        <ele>589.20001220703125</ele>
        <time>2024-06-09T07:41:03.000Z</time>
        <extensions>
          <ns3:TrackPointExtension>
            <ns3:hr>120</ns3:hr>
            <ns3:cad>75</ns3:cad>
          </ns3:TrackPointExtension>
        </extensions>
      </trkpt>
      <trkpt lat="46.56824595294892787933349609375" lon="23.66409237496554851531982421875">
        <ele>590</ele>
        <time>2024-06-09T07:41:09.000Z</time>
        <extensions>
          <ns3:TrackPointExtension>
            <ns3:hr>120</ns3:hr>
            <ns3:cad>78</ns3:cad>
          </ns3:TrackPointExtension>
        </extensions>
      </trkpt>
      <trkpt lat="46.5682388283312320709228515625" lon="23.66409539245069026947021484375">
        <ele>590</ele>
        <time>2024-06-09T07:41:10.000Z</time>
        <extensions>
          <ns3:TrackPointExtension>
            <ns3:hr>121</ns3:hr>
            <ns3:cad>78</ns3:cad>
          </ns3:TrackPointExtension>
        </extensions>
      </trkpt>
      <trkpt lat="46.56820421107113361358642578125" lon="23.6641127429902553558349609375">
        <ele>590.5999755859375</ele>
        <time>2024-06-09T07:41:15.000Z</time>
        <extensions>
          <ns3:TrackPointExtension>
            <ns3:hr>117</ns3:hr>
            <ns3:cad>76</ns3:cad>
          </ns3:TrackPointExtension>
        </extensions>
      </trkpt>
      <trkpt lat="46.56817520968616008758544921875" lon="23.6641261540353298187255859375">
        <ele>590.79998779296875</ele>
        <time>2024-06-09T07:41:19.000Z</time>
        <extensions>
          <ns3:TrackPointExtension>
            <ns3:hr>115</ns3:hr>
            <ns3:cad>73</ns3:cad>
          </ns3:TrackPointExtension>
        </extensions>
      </trkpt>
      <trkpt lat="46.56815140508115291595458984375" lon="23.66414216347038745880126953125">
        <ele>591</ele>
        <time>2024-06-09T07:41:23.000Z</time>
        <extensions>
          <ns3:TrackPointExtension>
            <ns3:hr>115</ns3:hr>
            <ns3:cad>75</ns3:cad>
          </ns3:TrackPointExtension>
        </extensions>
      </trkpt>
      <trkpt lat="46.5681253373622894287109375" lon="23.66416630335152149200439453125">
        <ele>591.20001220703125</ele>
        <time>2024-06-09T07:41:27.000Z</time>
        <extensions>
          <ns3:TrackPointExtension>
            <ns3:hr>114</ns3:hr>
            <ns3:cad>78</ns3:cad>
          </ns3:TrackPointExtension>
        </extensions>
      </trkpt>
      <trkpt lat="46.5680772252380847930908203125" lon="23.66420050151646137237548828125">
        <ele>591.4000244140625</ele>
        <time>2024-06-09T07:41:35.000Z</time>
        <extensions>
          <ns3:TrackPointExtension>
            <ns3:hr>113</ns3:hr>
            <ns3:cad>71</ns3:cad>
          </ns3:TrackPointExtension>
        </extensions>
      </trkpt>
      <trkpt lat="46.56804663129150867462158203125" lon="23.66422497667372226715087890625">
        <ele>592</ele>
        <time>2024-06-09T07:41:40.000Z</time>
        <extensions>
          <ns3:TrackPointExtension>
            <ns3:hr>113</ns3:hr>
            <ns3:cad>70</ns3:cad>
          </ns3:TrackPointExtension>
        </extensions>
      </trkpt>
      <trkpt lat="46.56803171150386333465576171875" lon="23.66423687897622585296630859375">
        <ele>592.4000244140625</ele>
        <time>2024-06-09T07:41:43.000Z</time>
        <extensions>
          <ns3:TrackPointExtension>
            <ns3:hr>112</ns3:hr>
            <ns3:cad>71</ns3:cad>
          </ns3:TrackPointExtension>
        </extensions>
      </trkpt>
      <trkpt lat="46.5680138580501079559326171875" lon="23.66424878127872943878173828125">
        <ele>593.20001220703125</ele>
        <time>2024-06-09T07:41:47.000Z</time>
        <extensions>
          <ns3:TrackPointExtension>
            <ns3:hr>111</ns3:hr>
            <ns3:cad>71</ns3:cad>
          </ns3:TrackPointExtension>
        </extensions>
      </trkpt>
      <trkpt lat="46.5679944120347499847412109375" lon="23.6642763577401638031005859375">
        <ele>593.79998779296875</ele>
        <time>2024-06-09T07:41:51.000Z</time>
        <extensions>
          <ns3:TrackPointExtension>
            <ns3:hr>111</ns3:hr>
            <ns3:cad>69</ns3:cad>
          </ns3:TrackPointExtension>
        </extensions>
      </trkpt>
      <trkpt lat="46.5679756365716457366943359375" lon="23.66429538466036319732666015625">
        <ele>594.20001220703125</ele>
        <time>2024-06-09T07:41:54.000Z</time>
        <extensions>
          <ns3:TrackPointExtension>
            <ns3:hr>112</ns3:hr>
            <ns3:cad>67</ns3:cad>
          </ns3:TrackPointExtension>
        </extensions>
      </trkpt>
      <trkpt lat="46.56796331517398357391357421875" lon="23.66431315429508686065673828125">
        <ele>594.79998779296875</ele>
        <time>2024-06-09T07:41:57.000Z</time>
        <extensions>
          <ns3:TrackPointExtension>
            <ns3:hr>116</ns3:hr>
            <ns3:cad>64</ns3:cad>
          </ns3:TrackPointExtension>
        </extensions>
      </trkpt>
      <trkpt lat="46.56795191578567028045654296875" lon="23.664326481521129608154296875">
        <ele>595.20001220703125</ele>
        <time>2024-06-09T07:41:59.000Z</time>
        <extensions>
          <ns3:TrackPointExtension>
            <ns3:hr>119</ns3:hr>
            <ns3:cad>64</ns3:cad>
          </ns3:TrackPointExtension>
        </extensions>
      </trkpt>
      <trkpt lat="46.56794621609151363372802734375" lon="23.66433410905301570892333984375">
        <ele>595.20001220703125</ele>
        <time>2024-06-09T07:42:00.000Z</time>
        <extensions>
          <ns3:TrackPointExtension>
            <ns3:hr>120</ns3:hr>
            <ns3:cad>65</ns3:cad>
          </ns3:TrackPointExtension>
        </extensions>
      </trkpt>
      <trkpt lat="46.56791470013558864593505859375" lon="23.66435967385768890380859375">
        <ele>596</ele>
        <time>2024-06-09T07:42:07.000Z</time>
        <extensions>
          <ns3:TrackPointExtension>
            <ns3:hr>120</ns3:hr>
            <ns3:cad>65</ns3:cad>
          </ns3:TrackPointExtension>
        </extensions>
      </trkpt>
      <trkpt lat="46.56790950335562229156494140625" lon="23.66435925476253032684326171875">
        <ele>596.4000244140625</ele>
        <time>2024-06-09T07:42:09.000Z</time>
        <extensions>
          <ns3:TrackPointExtension>
            <ns3:hr>120</ns3:hr>
            <ns3:cad>65</ns3:cad>
          </ns3:TrackPointExtension>
        </extensions>
      </trkpt>
      <trkpt lat="46.56788460910320281982421875" lon="23.6643672175705432891845703125">
        <ele>597.20001220703125</ele>
        <time>2024-06-09T07:42:14.000Z</time>
        <extensions>
          <ns3:TrackPointExtension>
            <ns3:hr>120</ns3:hr>
            <ns3:cad>68</ns3:cad>
          </ns3:TrackPointExtension>
        </extensions>
      </trkpt>
      <trkpt lat="46.5678733773529529571533203125" lon="23.66437434218823909759521484375">
        <ele>597.4000244140625</ele>
        <time>2024-06-09T07:42:16.000Z</time>
        <extensions>
          <ns3:TrackPointExtension>
            <ns3:hr>119</ns3:hr>
            <ns3:cad>66</ns3:cad>
          </ns3:TrackPointExtension>
        </extensions>
      </trkpt>
      <trkpt lat="46.5678535960614681243896484375" lon="23.66438649594783782958984375">
        <ele>598.20001220703125</ele>
        <time>2024-06-09T07:42:20.000Z</time>
        <extensions>
          <ns3:TrackPointExtension>
            <ns3:hr>119</ns3:hr>
            <ns3:cad>62</ns3:cad>
          </ns3:TrackPointExtension>
        </extensions>
      </trkpt>
      <trkpt lat="46.56784328632056713104248046875" lon="23.66439144127070903778076171875">
        <ele>598.5999755859375</ele>
        <time>2024-06-09T07:42:22.000Z</time>
        <extensions>
          <ns3:TrackPointExtension>
            <ns3:hr>119</ns3:hr>
            <ns3:cad>62</ns3:cad>
          </ns3:TrackPointExtension>
        </extensions>
      </trkpt>
      <trkpt lat="46.56781026162207126617431640625" lon="23.6644233763217926025390625">
        <ele>599</ele>
        <time>2024-06-09T07:42:28.000Z</time>
        <extensions>
          <ns3:TrackPointExtension>
            <ns3:hr>120</ns3:hr>
            <ns3:cad>60</ns3:cad>
          </ns3:TrackPointExtension>
        </extensions>
      </trkpt>
      <trkpt lat="46.5677820146083831787109375" lon="23.66444357670843601226806640625">
        <ele>599.79998779296875</ele>
        <time>2024-06-09T07:42:33.000Z</time>
        <extensions>
          <ns3:TrackPointExtension>
            <ns3:hr>123</ns3:hr>
            <ns3:cad>57</ns3:cad>
          </ns3:TrackPointExtension>
        </extensions>
      </trkpt>
      <trkpt lat="46.56776550225913524627685546875" lon="23.66446696221828460693359375">
        <ele>600.4000244140625</ele>
        <time>2024-06-09T07:42:37.000Z</time>
        <extensions>
          <ns3:TrackPointExtension>
            <ns3:hr>125</ns3:hr>
            <ns3:cad>61</ns3:cad>
          </ns3:TrackPointExtension>
        </extensions>
      </trkpt>
      <trkpt lat="46.56774857081472873687744140625" lon="23.6644664593040943145751953125">
        <ele>601</ele>
        <time>2024-06-09T07:42:41.000Z</time>
        <extensions>
          <ns3:TrackPointExtension>
            <ns3:hr>124</ns3:hr>
            <ns3:cad>62</ns3:cad>
          </ns3:TrackPointExtension>
        </extensions>
      </trkpt>
      <trkpt lat="46.567723341286182403564453125" lon="23.66449780762195587158203125">
        <ele>601.5999755859375</ele>
        <time>2024-06-09T07:42:47.000Z</time>
        <extensions>
          <ns3:TrackPointExtension>
            <ns3:hr>125</ns3:hr>
            <ns3:cad>0</ns3:cad>
          </ns3:TrackPointExtension>
        </extensions>
      </trkpt>
      <trkpt lat="46.56769417226314544677734375" lon="23.66453896276652812957763671875">
        <ele>602.20001220703125</ele>
        <time>2024-06-09T07:42:54.000Z</time>
        <extensions>
          <ns3:TrackPointExtension>
            <ns3:hr>125</ns3:hr>
            <ns3:cad>57</ns3:cad>
          </ns3:TrackPointExtension>
        </extensions>
      </trkpt>
      <trkpt lat="46.56768084503710269927978515625" lon="23.6645569838583469390869140625">
        <ele>602.4000244140625</ele>
        <time>2024-06-09T07:42:57.000Z</time>
        <extensions>
          <ns3:TrackPointExtension>
            <ns3:hr>125</ns3:hr>
            <ns3:cad>57</ns3:cad>
          </ns3:TrackPointExtension>
        </extensions>
      </trkpt>
      <trkpt lat="46.56766860745847225189208984375" lon="23.66458640433847904205322265625">
        <ele>602.4000244140625</ele>
        <time>2024-06-09T07:43:00.000Z</time>
        <extensions>
          <ns3:TrackPointExtension>
            <ns3:hr>122</ns3:hr>
            <ns3:cad>61</ns3:cad>
          </ns3:TrackPointExtension>
        </extensions>
      </trkpt>
      <trkpt lat="46.567646563053131103515625" lon="23.664632253348827362060546875">
        <ele>603.20001220703125</ele>
        <time>2024-06-09T07:43:05.000Z</time>
        <extensions>
          <ns3:TrackPointExtension>
            <ns3:hr>121</ns3:hr>
            <ns3:cad>69</ns3:cad>
          </ns3:TrackPointExtension>
        </extensions>
      </trkpt>
      <trkpt lat="46.56763860024511814117431640625" lon="23.66464440710842609405517578125">
        <ele>603.4000244140625</ele>
        <time>2024-06-09T07:43:06.000Z</time>
        <extensions>
          <ns3:TrackPointExtension>
            <ns3:hr>121</ns3:hr>
            <ns3:cad>69</ns3:cad>
          </ns3:TrackPointExtension>
        </extensions>
      </trkpt>
      <trkpt lat="46.567595936357975006103515625" lon="23.66467793472111225128173828125">
        <ele>604.4000244140625</ele>
        <time>2024-06-09T07:43:12.000Z</time>
        <extensions>
          <ns3:TrackPointExtension>
            <ns3:hr>121</ns3:hr>
            <ns3:cad>71</ns3:cad>
          </ns3:TrackPointExtension>
        </extensions>
      </trkpt>
      <trkpt lat="46.56759090721607208251953125" lon="23.6646800301969051361083984375">
        <ele>604.5999755859375</ele>
        <time>2024-06-09T07:43:13.000Z</time>
        <extensions>
          <ns3:TrackPointExtension>
            <ns3:hr>121</ns3:hr>
            <ns3:cad>70</ns3:cad>
          </ns3:TrackPointExtension>
        </extensions>
      </trkpt>
      <trkpt lat="46.5675786696374416351318359375" lon="23.6647021584212779998779296875">
        <ele>605.4000244140625</ele>
        <time>2024-06-09T07:43:16.000Z</time>
        <extensions>
          <ns3:TrackPointExtension>
            <ns3:hr>121</ns3:hr>
            <ns3:cad>63</ns3:cad>
          </ns3:TrackPointExtension>
        </extensions>
      </trkpt>
      <trkpt lat="46.56755209900438785552978515625" lon="23.66473853588104248046875">
        <ele>606</ele>
        <time>2024-06-09T07:43:21.000Z</time>
        <extensions>
          <ns3:TrackPointExtension>
            <ns3:hr>121</ns3:hr>
            <ns3:cad>65</ns3:cad>
          </ns3:TrackPointExtension>
        </extensions>
      </trkpt>
      <trkpt lat="46.5675277076661586761474609375" lon="23.664760328829288482666015625">
        <ele>606.79998779296875</ele>
        <time>2024-06-09T07:43:24.000Z</time>
        <extensions>
          <ns3:TrackPointExtension>
            <ns3:hr>120</ns3:hr>
            <ns3:cad>73</ns3:cad>
          </ns3:TrackPointExtension>
        </extensions>
      </trkpt>
      <trkpt lat="46.56750180758535861968994140625" lon="23.66477952338755130767822265625">
        <ele>608</ele>
        <time>2024-06-09T07:43:28.000Z</time>
        <extensions>
          <ns3:TrackPointExtension>
            <ns3:hr>120</ns3:hr>
            <ns3:cad>70</ns3:cad>
          </ns3:TrackPointExtension>
        </extensions>
      </trkpt>
      <trkpt lat="46.5674869716167449951171875" lon="23.66479075513780117034912109375">
        <ele>608.4000244140625</ele>
        <time>2024-06-09T07:43:30.000Z</time>
        <extensions>
          <ns3:TrackPointExtension>
            <ns3:hr>120</ns3:hr>
            <ns3:cad>70</ns3:cad>
          </ns3:TrackPointExtension>
        </extensions>
      </trkpt>
      <trkpt lat="46.56746693886816501617431640625" lon="23.6648042500019073486328125">
        <ele>609</ele>
        <time>2024-06-09T07:43:33.000Z</time>
        <extensions>
          <ns3:TrackPointExtension>
            <ns3:hr>120</ns3:hr>
            <ns3:cad>74</ns3:cad>
          </ns3:TrackPointExtension>
        </extensions>
      </trkpt>
      <trkpt lat="46.56744070351123809814453125" lon="23.66482025943696498870849609375">
        <ele>610</ele>
        <time>2024-06-09T07:43:37.000Z</time>
        <extensions>
          <ns3:TrackPointExtension>
            <ns3:hr>121</ns3:hr>
            <ns3:cad>74</ns3:cad>
          </ns3:TrackPointExtension>
        </extensions>
      </trkpt>
      <trkpt lat="46.56743475235998630523681640625" lon="23.6648221872746944427490234375">
        <ele>610.20001220703125</ele>
        <time>2024-06-09T07:43:38.000Z</time>
        <extensions>
          <ns3:TrackPointExtension>
            <ns3:hr>121</ns3:hr>
            <ns3:cad>74</ns3:cad>
          </ns3:TrackPointExtension>
        </extensions>
      </trkpt>
      <trkpt lat="46.56739376485347747802734375" lon="23.6648847162723541259765625">
        <ele>610.4000244140625</ele>
        <time>2024-06-09T07:43:47.000Z</time>
        <extensions>
          <ns3:TrackPointExtension>
            <ns3:hr>122</ns3:hr>
            <ns3:cad>77</ns3:cad>
          </ns3:TrackPointExtension>
        </extensions>
      </trkpt>
      <trkpt lat="46.56736417673528194427490234375" lon="23.66493106819689273834228515625">
        <ele>610.79998779296875</ele>
        <time>2024-06-09T07:43:53.000Z</time>
        <extensions>
          <ns3:TrackPointExtension>
            <ns3:hr>123</ns3:hr>
            <ns3:cad>68</ns3:cad>
          </ns3:TrackPointExtension>
        </extensions>
      </trkpt>
      <trkpt lat="46.5673233568668365478515625" lon="23.66497348062694072723388671875">
        <ele>611</ele>
        <time>2024-06-09T07:43:58.000Z</time>
        <extensions>
          <ns3:TrackPointExtension>
            <ns3:hr>124</ns3:hr>
            <ns3:cad>71</ns3:cad>
          </ns3:TrackPointExtension>
        </extensions>
      </trkpt>
      <trkpt lat="46.56731472350656986236572265625" lon="23.6649839580059051513671875">
        <ele>611.20001220703125</ele>
        <time>2024-06-09T07:43:59.000Z</time>
        <extensions>
          <ns3:TrackPointExtension>
            <ns3:hr>124</ns3:hr>
            <ns3:cad>71</ns3:cad>
          </ns3:TrackPointExtension>
        </extensions>
      </trkpt>
      <trkpt lat="46.5672913379967212677001953125" lon="23.665002398192882537841796875">
        <ele>612.20001220703125</ele>
        <time>2024-06-09T07:44:03.000Z</time>
        <extensions>
          <ns3:TrackPointExtension>
            <ns3:hr>125</ns3:hr>
            <ns3:cad>78</ns3:cad>
          </ns3:TrackPointExtension>
        </extensions>
      </trkpt>
      <trkpt lat="46.56726258806884288787841796875" lon="23.66500801406800746917724609375">
        <ele>613</ele>
        <time>2024-06-09T07:44:06.000Z</time>
        <extensions>
          <ns3:TrackPointExtension>
            <ns3:hr>124</ns3:hr>
            <ns3:cad>76</ns3:cad>
          </ns3:TrackPointExtension>
        </extensions>
      </trkpt>
      <trkpt lat="46.56725428998470306396484375" lon="23.66501270793378353118896484375">
        <ele>613.4000244140625</ele>
        <time>2024-06-09T07:44:07.000Z</time>
        <extensions>
          <ns3:TrackPointExtension>
            <ns3:hr>124</ns3:hr>
            <ns3:cad>75</ns3:cad>
          </ns3:TrackPointExtension>
        </extensions>
      </trkpt>
      <trkpt lat="46.5672467462718486785888671875" lon="23.665021173655986785888671875">
        <ele>614</ele>
        <time>2024-06-09T07:44:14.000Z</time>
        <extensions>
          <ns3:TrackPointExtension>
            <ns3:hr>125</ns3:hr>
            <ns3:cad>0</ns3:cad>
          </ns3:TrackPointExtension>
        </extensions>
      </trkpt>
      <trkpt lat="46.56723794527351856231689453125" lon="23.66502058692276477813720703125">
        <ele>614</ele>
        <time>2024-06-09T07:44:20.000Z</time>
        <extensions>
          <ns3:TrackPointExtension>
            <ns3:hr>125</ns3:hr>
            <ns3:cad>0</ns3:cad>
          </ns3:TrackPointExtension>
        </extensions>
      </trkpt>
      <trkpt lat="46.5672467462718486785888671875" lon="23.665021173655986785888671875">
        <ele>613.20001220703125</ele>
        <time>2024-06-09T07:44:26.000Z</time>
        <extensions>
          <ns3:TrackPointExtension>
            <ns3:hr>125</ns3:hr>
            <ns3:cad>0</ns3:cad>
          </ns3:TrackPointExtension>
        </extensions>
      </trkpt>
      <trkpt lat="46.5672333352267742156982421875" lon="23.6650283820927143096923828125">
        <ele>613.20001220703125</ele>
        <time>2024-06-09T07:44:27.000Z</time>
        <extensions>
          <ns3:TrackPointExtension>
            <ns3:hr>125</ns3:hr>
            <ns3:cad>0</ns3:cad>
          </ns3:TrackPointExtension>
        </extensions>
      </trkpt>
      <trkpt lat="46.56723417341709136962890625" lon="23.665029220283031463623046875">
        <ele>612.5999755859375</ele>
        <time>2024-06-09T07:44:35.000Z</time>
        <extensions>
          <ns3:TrackPointExtension>
            <ns3:hr>125</ns3:hr>
            <ns3:cad>0</ns3:cad>
          </ns3:TrackPointExtension>
        </extensions>
      </trkpt>
      <trkpt lat="46.56725672073662281036376953125" lon="23.66503098048269748687744140625">
        <ele>612.5999755859375</ele>
        <time>2024-06-09T07:44:43.000Z</time>
        <extensions>
          <ns3:TrackPointExtension>
            <ns3:hr>126</ns3:hr>
            <ns3:cad>0</ns3:cad>
          </ns3:TrackPointExtension>
        </extensions>
      </trkpt>
      <trkpt lat="46.56725672073662281036376953125" lon="23.66503098048269748687744140625">
        <ele>612.5999755859375</ele>
        <time>2024-06-09T07:44:48.000Z</time>
        <extensions>
          <ns3:TrackPointExtension>
            <ns3:hr>123</ns3:hr>
            <ns3:cad>0</ns3:cad>
          </ns3:TrackPointExtension>
        </extensions>
      </trkpt>
      <trkpt lat="46.56725672073662281036376953125" lon="23.66503098048269748687744140625">
        <ele>612.5999755859375</ele>
        <time>2024-06-09T07:44:49.000Z</time>
        <extensions>
          <ns3:TrackPointExtension>
            <ns3:hr>120</ns3:hr>
            <ns3:cad>0</ns3:cad>
          </ns3:TrackPointExtension>
        </extensions>
      </trkpt>
      <trkpt lat="46.56725672073662281036376953125" lon="23.66503098048269748687744140625">
        <ele>612.4000244140625</ele>
        <time>2024-06-09T07:44:51.000Z</time>
        <extensions>
          <ns3:TrackPointExtension>
            <ns3:hr>117</ns3:hr>
            <ns3:cad>0</ns3:cad>
          </ns3:TrackPointExtension>
        </extensions>
      </trkpt>
      <trkpt lat="46.56725672073662281036376953125" lon="23.66503098048269748687744140625">
        <ele>612.4000244140625</ele>
        <time>2024-06-09T07:44:54.000Z</time>
        <extensions>
          <ns3:TrackPointExtension>
            <ns3:hr>115</ns3:hr>
            <ns3:cad>0</ns3:cad>
          </ns3:TrackPointExtension>
        </extensions>
      </trkpt>
      <trkpt lat="46.56725672073662281036376953125" lon="23.66503098048269748687744140625">
        <ele>612.4000244140625</ele>
        <time>2024-06-09T07:44:57.000Z</time>
        <extensions>
          <ns3:TrackPointExtension>
            <ns3:hr>108</ns3:hr>
            <ns3:cad>0</ns3:cad>
          </ns3:TrackPointExtension>
        </extensions>
      </trkpt>
      <trkpt lat="46.56725672073662281036376953125" lon="23.66503098048269748687744140625">
        <ele>612.4000244140625</ele>
        <time>2024-06-09T07:44:58.000Z</time>
        <extensions>
          <ns3:TrackPointExtension>
            <ns3:hr>105</ns3:hr>
            <ns3:cad>0</ns3:cad>
          </ns3:TrackPointExtension>
        </extensions>
      </trkpt>
      <trkpt lat="46.56725672073662281036376953125" lon="23.66503098048269748687744140625">
        <ele>612.4000244140625</ele>
        <time>2024-06-09T07:44:59.000Z</time>
        <extensions>
          <ns3:TrackPointExtension>
            <ns3:hr>105</ns3:hr>
            <ns3:cad>0</ns3:cad>
          </ns3:TrackPointExtension>
        </extensions>
      </trkpt>
      <trkpt lat="46.56725672073662281036376953125" lon="23.66503098048269748687744140625">
        <ele>611.79998779296875</ele>
        <time>2024-06-09T07:45:08.000Z</time>
        <extensions>
          <ns3:TrackPointExtension>
            <ns3:hr>105</ns3:hr>
            <ns3:cad>0</ns3:cad>
          </ns3:TrackPointExtension>
        </extensions>
      </trkpt>
      <trkpt lat="46.56725672073662281036376953125" lon="23.66503098048269748687744140625">
        <ele>612</ele>
        <time>2024-06-09T07:45:14.000Z</time>
        <extensions>
          <ns3:TrackPointExtension>
            <ns3:hr>106</ns3:hr>
            <ns3:cad>0</ns3:cad>
          </ns3:TrackPointExtension>
        </extensions>
      </trkpt>
      <trkpt lat="46.56725672073662281036376953125" lon="23.66503098048269748687744140625">
        <ele>612</ele>
        <time>2024-06-09T07:45:15.000Z</time>
        <extensions>
          <ns3:TrackPointExtension>
            <ns3:hr>109</ns3:hr>
            <ns3:cad>0</ns3:cad>
          </ns3:TrackPointExtension>
        </extensions>
      </trkpt>
      <trkpt lat="46.56725672073662281036376953125" lon="23.66503098048269748687744140625">
        <ele>611.79998779296875</ele>
        <time>2024-06-09T07:45:21.000Z</time>
        <extensions>
          <ns3:TrackPointExtension>
            <ns3:hr>104</ns3:hr>
            <ns3:cad>0</ns3:cad>
          </ns3:TrackPointExtension>
        </extensions>
      </trkpt>
      <trkpt lat="46.56725672073662281036376953125" lon="23.66503098048269748687744140625">
        <ele>612</ele>
        <time>2024-06-09T07:45:25.000Z</time>
        <extensions>
          <ns3:TrackPointExtension>
            <ns3:hr>98</ns3:hr>
            <ns3:cad>0</ns3:cad>
          </ns3:TrackPointExtension>
        </extensions>
      </trkpt>
      <trkpt lat="46.56725672073662281036376953125" lon="23.66503098048269748687744140625">
        <ele>612</ele>
        <time>2024-06-09T07:45:26.000Z</time>
        <extensions>
          <ns3:TrackPointExtension>
            <ns3:hr>95</ns3:hr>
            <ns3:cad>0</ns3:cad>
          </ns3:TrackPointExtension>
        </extensions>
      </trkpt>
      <trkpt lat="46.56725672073662281036376953125" lon="23.66503098048269748687744140625">
        <ele>612</ele>
        <time>2024-06-09T07:45:31.000Z</time>
        <extensions>
          <ns3:TrackPointExtension>
            <ns3:hr>93</ns3:hr>
            <ns3:cad>0</ns3:cad>
          </ns3:TrackPointExtension>
        </extensions>
      </trkpt>
      <trkpt lat="46.56725672073662281036376953125" lon="23.66503098048269748687744140625">
        <ele>611.79998779296875</ele>
        <time>2024-06-09T07:45:40.000Z</time>
        <extensions>
          <ns3:TrackPointExtension>
            <ns3:hr>90</ns3:hr>
            <ns3:cad>0</ns3:cad>
          </ns3:TrackPointExtension>
        </extensions>
      </trkpt>
      <trkpt lat="46.56726040877401828765869140625" lon="23.66504087112843990325927734375">
        <ele>611.5999755859375</ele>
        <time>2024-06-09T07:45:47.000Z</time>
        <extensions>
          <ns3:TrackPointExtension>
            <ns3:hr>90</ns3:hr>
            <ns3:cad>0</ns3:cad>
          </ns3:TrackPointExtension>
        </extensions>
      </trkpt>
      <trkpt lat="46.56726091168820858001708984375" lon="23.66503969766199588775634765625">
        <ele>611.5999755859375</ele>
        <time>2024-06-09T07:45:58.000Z</time>
        <extensions>
          <ns3:TrackPointExtension>
            <ns3:hr>87</ns3:hr>
            <ns3:cad>0</ns3:cad>
          </ns3:TrackPointExtension>
        </extensions>
      </trkpt>
      <trkpt lat="46.56726057641208171844482421875" lon="23.66504154168069362640380859375">
        <ele>611.5999755859375</ele>
        <time>2024-06-09T07:45:59.000Z</time>
        <extensions>
          <ns3:TrackPointExtension>
            <ns3:hr>84</ns3:hr>
            <ns3:cad>0</ns3:cad>
          </ns3:TrackPointExtension>
        </extensions>
      </trkpt>
      <trkpt lat="46.567231826484203338623046875" lon="23.66505897603929042816162109375">
        <ele>611.4000244140625</ele>
        <time>2024-06-09T07:46:04.000Z</time>
        <extensions>
          <ns3:TrackPointExtension>
            <ns3:hr>88</ns3:hr>
            <ns3:cad>0</ns3:cad>
          </ns3:TrackPointExtension>
        </extensions>
      </trkpt>
      <trkpt lat="46.56718396581709384918212890625" lon="23.66507976315915584564208984375">
        <ele>612.79998779296875</ele>
        <time>2024-06-09T07:46:11.000Z</time>
        <extensions>
          <ns3:TrackPointExtension>
            <ns3:hr>90</ns3:hr>
            <ns3:cad>79</ns3:cad>
          </ns3:TrackPointExtension>
        </extensions>
      </trkpt>
      <trkpt lat="46.56716250814497470855712890625" lon="23.6650857143104076385498046875">
        <ele>613.4000244140625</ele>
        <time>2024-06-09T07:46:14.000Z</time>
        <extensions>
          <ns3:TrackPointExtension>
            <ns3:hr>89</ns3:hr>
            <ns3:cad>80</ns3:cad>
          </ns3:TrackPointExtension>
        </extensions>
      </trkpt>
      <trkpt lat="46.56713183037936687469482421875" lon="23.665082864463329315185546875">
        <ele>614.4000244140625</ele>
        <time>2024-06-09T07:46:19.000Z</time>
        <extensions>
          <ns3:TrackPointExtension>
            <ns3:hr>94</ns3:hr>
            <ns3:cad>79</ns3:cad>
          </ns3:TrackPointExtension>
        </extensions>
      </trkpt>
      <trkpt lat="46.567121855914592742919921875" lon="23.6650820262730121612548828125">
        <ele>614.5999755859375</ele>
        <time>2024-06-09T07:46:20.000Z</time>
        <extensions>
          <ns3:TrackPointExtension>
            <ns3:hr>98</ns3:hr>
            <ns3:cad>41</ns3:cad>
          </ns3:TrackPointExtension>
        </extensions>
      </trkpt>
      <trkpt lat="46.56711640767753124237060546875" lon="23.66508110426366329193115234375">
        <ele>614.79998779296875</ele>
        <time>2024-06-09T07:46:21.000Z</time>
        <extensions>
          <ns3:TrackPointExtension>
            <ns3:hr>101</ns3:hr>
            <ns3:cad>40</ns3:cad>
          </ns3:TrackPointExtension>
        </extensions>
      </trkpt>
      <trkpt lat="46.56711137853562831878662109375" lon="23.6650800146162509918212890625">
        <ele>615</ele>
        <time>2024-06-09T07:46:22.000Z</time>
        <extensions>
          <ns3:TrackPointExtension>
            <ns3:hr>101</ns3:hr>
            <ns3:cad>40</ns3:cad>
          </ns3:TrackPointExtension>
        </extensions>
      </trkpt>
      <trkpt lat="46.56708128750324249267578125" lon="23.66508713923394680023193359375">
        <ele>615.5999755859375</ele>
        <time>2024-06-09T07:46:25.000Z</time>
        <extensions>
          <ns3:TrackPointExtension>
            <ns3:hr>98</ns3:hr>
            <ns3:cad>78</ns3:cad>
          </ns3:TrackPointExtension>
        </extensions>
      </trkpt>
      <trkpt lat="46.5670727379620075225830078125" lon="23.66509183309972286224365234375">
        <ele>616.20001220703125</ele>
        <time>2024-06-09T07:46:26.000Z</time>
        <extensions>
          <ns3:TrackPointExtension>
            <ns3:hr>95</ns3:hr>
            <ns3:cad>80</ns3:cad>
          </ns3:TrackPointExtension>
        </extensions>
      </trkpt>
      <trkpt lat="46.56704080291092395782470703125" lon="23.66509401239454746246337890625">
        <ele>617</ele>
        <time>2024-06-09T07:46:30.000Z</time>
        <extensions>
          <ns3:TrackPointExtension>
            <ns3:hr>92</ns3:hr>
            <ns3:cad>77</ns3:cad>
          </ns3:TrackPointExtension>
        </extensions>
      </trkpt>
      <trkpt lat="46.56701833941042423248291015625" lon="23.6650974489748477935791015625">
        <ele>617.4000244140625</ele>
        <time>2024-06-09T07:46:33.000Z</time>
        <extensions>
          <ns3:TrackPointExtension>
            <ns3:hr>96</ns3:hr>
            <ns3:cad>41</ns3:cad>
          </ns3:TrackPointExtension>
        </extensions>
      </trkpt>
      <trkpt lat="46.5670083649456501007080078125" lon="23.6650974489748477935791015625">
        <ele>617.5999755859375</ele>
        <time>2024-06-09T07:46:34.000Z</time>
        <extensions>
          <ns3:TrackPointExtension>
            <ns3:hr>102</ns3:hr>
            <ns3:cad>41</ns3:cad>
          </ns3:TrackPointExtension>
        </extensions>
      </trkpt>
      <trkpt lat="46.56699813902378082275390625" lon="23.66510272957384586334228515625">
        <ele>617.79998779296875</ele>
        <time>2024-06-09T07:46:35.000Z</time>
        <extensions>
          <ns3:TrackPointExtension>
            <ns3:hr>114</ns3:hr>
            <ns3:cad>41</ns3:cad>
          </ns3:TrackPointExtension>
        </extensions>
      </trkpt>
      <trkpt lat="46.5669966302812099456787109375" lon="23.66510256193578243255615234375">
        <ele>618</ele>
        <time>2024-06-09T07:46:36.000Z</time>
        <extensions>
          <ns3:TrackPointExtension>
            <ns3:hr>119</ns3:hr>
            <ns3:cad>41</ns3:cad>
          </ns3:TrackPointExtension>
        </extensions>
      </trkpt>
      <trkpt lat="46.56699034385383129119873046875" lon="23.6651038192212581634521484375">
        <ele>618.20001220703125</ele>
        <time>2024-06-09T07:46:37.000Z</time>
        <extensions>
          <ns3:TrackPointExtension>
            <ns3:hr>119</ns3:hr>
            <ns3:cad>41</ns3:cad>
          </ns3:TrackPointExtension>
        </extensions>
      </trkpt>
      <trkpt lat="46.566984392702579498291015625" lon="23.66510490886867046356201171875">
        <ele>618.4000244140625</ele>
        <time>2024-06-09T07:46:38.000Z</time>
        <extensions>
          <ns3:TrackPointExtension>
            <ns3:hr>119</ns3:hr>
            <ns3:cad>79</ns3:cad>
          </ns3:TrackPointExtension>
        </extensions>
      </trkpt>
      <trkpt lat="46.56697106547653675079345703125" lon="23.66511044092476367950439453125">
        <ele>619</ele>
        <time>2024-06-09T07:46:40.000Z</time>
        <extensions>
          <ns3:TrackPointExtension>
            <ns3:hr>119</ns3:hr>
            <ns3:cad>77</ns3:cad>
          </ns3:TrackPointExtension>
        </extensions>
      </trkpt>
      <trkpt lat="46.5669574029743671417236328125" lon="23.66511831991374492645263671875">
        <ele>619.20001220703125</ele>
        <time>2024-06-09T07:46:42.000Z</time>
        <extensions>
          <ns3:TrackPointExtension>
            <ns3:hr>119</ns3:hr>
            <ns3:cad>76</ns3:cad>
          </ns3:TrackPointExtension>
        </extensions>
      </trkpt>
      <trkpt lat="46.56694047152996063232421875" lon="23.66512485779821872711181640625">
        <ele>619.5999755859375</ele>
        <time>2024-06-09T07:46:44.000Z</time>
        <extensions>
          <ns3:TrackPointExtension>
            <ns3:hr>119</ns3:hr>
            <ns3:cad>76</ns3:cad>
          </ns3:TrackPointExtension>
        </extensions>
      </trkpt>
      <trkpt lat="46.56692831777036190032958984375" lon="23.66512670181691646575927734375">
        <ele>620</ele>
        <time>2024-06-09T07:46:46.000Z</time>
        <extensions>
          <ns3:TrackPointExtension>
            <ns3:hr>120</ns3:hr>
            <ns3:cad>75</ns3:cad>
          </ns3:TrackPointExtension>
        </extensions>
      </trkpt>
      <trkpt lat="46.56690350733697414398193359375" lon="23.66514061577618122100830078125">
        <ele>620.5999755859375</ele>
        <time>2024-06-09T07:46:49.000Z</time>
        <extensions>
          <ns3:TrackPointExtension>
            <ns3:hr>120</ns3:hr>
            <ns3:cad>71</ns3:cad>
          </ns3:TrackPointExtension>
        </extensions>
      </trkpt>
      <trkpt lat="46.566889844834804534912109375" lon="23.66514011286199092864990234375">
        <ele>621.20001220703125</ele>
        <time>2024-06-09T07:46:51.000Z</time>
        <extensions>
          <ns3:TrackPointExtension>
            <ns3:hr>121</ns3:hr>
            <ns3:cad>71</ns3:cad>
          </ns3:TrackPointExtension>
        </extensions>
      </trkpt>
      <trkpt lat="46.5668605081737041473388671875" lon="23.6651515960693359375">
        <ele>621.5999755859375</ele>
        <time>2024-06-09T07:46:54.000Z</time>
        <extensions>
          <ns3:TrackPointExtension>
            <ns3:hr>124</ns3:hr>
            <ns3:cad>77</ns3:cad>
          </ns3:TrackPointExtension>
        </extensions>
      </trkpt>
      <trkpt lat="46.56685221008956432342529296875" lon="23.66515520028769969940185546875">
        <ele>621.79998779296875</ele>
        <time>2024-06-09T07:46:55.000Z</time>
        <extensions>
          <ns3:TrackPointExtension>
            <ns3:hr>125</ns3:hr>
            <ns3:cad>79</ns3:cad>
          </ns3:TrackPointExtension>
        </extensions>
      </trkpt>
      <trkpt lat="46.56682245433330535888671875" lon="23.6651524342596530914306640625">
        <ele>623</ele>
        <time>2024-06-09T07:46:58.000Z</time>
        <extensions>
          <ns3:TrackPointExtension>
            <ns3:hr>128</ns3:hr>
            <ns3:cad>79</ns3:cad>
          </ns3:TrackPointExtension>
        </extensions>
      </trkpt>
      <trkpt lat="46.56680309213697910308837890625" lon="23.6651447229087352752685546875">
        <ele>623.4000244140625</ele>
        <time>2024-06-09T07:47:01.000Z</time>
        <extensions>
          <ns3:TrackPointExtension>
            <ns3:hr>130</ns3:hr>
            <ns3:cad>76</ns3:cad>
          </ns3:TrackPointExtension>
        </extensions>
      </trkpt>
      <trkpt lat="46.56678230501711368560791015625" lon="23.665149249136447906494140625">
        <ele>624</ele>
        <time>2024-06-09T07:47:04.000Z</time>
        <extensions>
          <ns3:TrackPointExtension>
            <ns3:hr>131</ns3:hr>
            <ns3:cad>78</ns3:cad>
          </ns3:TrackPointExtension>
        </extensions>
      </trkpt>
      <trkpt lat="46.5667525492608547210693359375" lon="23.66516089998185634613037109375">
        <ele>624.5999755859375</ele>
        <time>2024-06-09T07:47:08.000Z</time>
        <extensions>
          <ns3:TrackPointExtension>
            <ns3:hr>131</ns3:hr>
            <ns3:cad>75</ns3:cad>
          </ns3:TrackPointExtension>
        </extensions>
      </trkpt>
      <trkpt lat="46.5667304210364818572998046875" lon="23.66516542620956897735595703125">
        <ele>625.20001220703125</ele>
        <time>2024-06-09T07:47:11.000Z</time>
        <extensions>
          <ns3:TrackPointExtension>
            <ns3:hr>131</ns3:hr>
            <ns3:cad>75</ns3:cad>
          </ns3:TrackPointExtension>
        </extensions>
      </trkpt>
      <trkpt lat="46.566685326397418975830078125" lon="23.66517263464629650115966796875">
        <ele>626.4000244140625</ele>
        <time>2024-06-09T07:47:17.000Z</time>
        <extensions>
          <ns3:TrackPointExtension>
            <ns3:hr>131</ns3:hr>
            <ns3:cad>78</ns3:cad>
          </ns3:TrackPointExtension>
        </extensions>
      </trkpt>
      <trkpt lat="46.56664702109992504119873046875" lon="23.66518805734813213348388671875">
        <ele>627.4000244140625</ele>
        <time>2024-06-09T07:47:22.000Z</time>
        <extensions>
          <ns3:TrackPointExtension>
            <ns3:hr>131</ns3:hr>
            <ns3:cad>78</ns3:cad>
          </ns3:TrackPointExtension>
        </extensions>
      </trkpt>
      <trkpt lat="46.56661835499107837677001953125" lon="23.66520565934479236602783203125">
        <ele>627.5999755859375</ele>
        <time>2024-06-09T07:47:25.000Z</time>
        <extensions>
          <ns3:TrackPointExtension>
            <ns3:hr>131</ns3:hr>
            <ns3:cad>77</ns3:cad>
          </ns3:TrackPointExtension>
        </extensions>
      </trkpt>
      <trkpt lat="46.5665872581303119659423828125" lon="23.66521420888602733612060546875">
        <ele>628.4000244140625</ele>
        <time>2024-06-09T07:47:29.000Z</time>
        <extensions>
          <ns3:TrackPointExtension>
            <ns3:hr>131</ns3:hr>
            <ns3:cad>75</ns3:cad>
          </ns3:TrackPointExtension>
        </extensions>
      </trkpt>
      <trkpt lat="46.566563956439495086669921875" lon="23.665223009884357452392578125">
        <ele>629.20001220703125</ele>
        <time>2024-06-09T07:47:32.000Z</time>
        <extensions>
          <ns3:TrackPointExtension>
            <ns3:hr>130</ns3:hr>
            <ns3:cad>75</ns3:cad>
          </ns3:TrackPointExtension>
        </extensions>
      </trkpt>
      <trkpt lat="46.56652875244617462158203125" lon="23.66523935459554195404052734375">
        <ele>629.5999755859375</ele>
        <time>2024-06-09T07:47:36.000Z</time>
        <extensions>
          <ns3:TrackPointExtension>
            <ns3:hr>130</ns3:hr>
            <ns3:cad>75</ns3:cad>
          </ns3:TrackPointExtension>
        </extensions>
      </trkpt>
      <trkpt lat="46.56651358120143413543701171875" lon="23.6652540229260921478271484375">
        <ele>630.4000244140625</ele>
        <time>2024-06-09T07:47:39.000Z</time>
        <extensions>
          <ns3:TrackPointExtension>
            <ns3:hr>129</ns3:hr>
            <ns3:cad>75</ns3:cad>
          </ns3:TrackPointExtension>
        </extensions>
      </trkpt>
      <trkpt lat="46.5665088035166263580322265625" lon="23.6652567051351070404052734375">
        <ele>630.79998779296875</ele>
        <time>2024-06-09T07:47:40.000Z</time>
        <extensions>
          <ns3:TrackPointExtension>
            <ns3:hr>129</ns3:hr>
            <ns3:cad>75</ns3:cad>
          </ns3:TrackPointExtension>
        </extensions>
      </trkpt>
      <trkpt lat="46.5664851665496826171875" lon="23.66528193466365337371826171875">
        <ele>631</ele>
        <time>2024-06-09T07:47:44.000Z</time>
        <extensions>
          <ns3:TrackPointExtension>
            <ns3:hr>130</ns3:hr>
            <ns3:cad>0</ns3:cad>
          </ns3:TrackPointExtension>
        </extensions>
      </trkpt>
      <trkpt lat="46.5664481185376644134521484375" lon="23.6652858741581439971923828125">
        <ele>632.20001220703125</ele>
        <time>2024-06-09T07:47:50.000Z</time>
        <extensions>
          <ns3:TrackPointExtension>
            <ns3:hr>130</ns3:hr>
            <ns3:cad>77</ns3:cad>
          </ns3:TrackPointExtension>
        </extensions>
      </trkpt>
      <trkpt lat="46.56640528701245784759521484375" lon="23.6653063260018825531005859375">
        <ele>632.5999755859375</ele>
        <time>2024-06-09T07:47:57.000Z</time>
        <extensions>
          <ns3:TrackPointExtension>
            <ns3:hr>129</ns3:hr>
            <ns3:cad>41</ns3:cad>
          </ns3:TrackPointExtension>
        </extensions>
      </trkpt>
      <trkpt lat="46.56637318432331085205078125" lon="23.66532619111239910125732421875">
        <ele>633.20001220703125</ele>
        <time>2024-06-09T07:48:01.000Z</time>
        <extensions>
          <ns3:TrackPointExtension>
            <ns3:hr>128</ns3:hr>
            <ns3:cad>78</ns3:cad>
          </ns3:TrackPointExtension>
        </extensions>
      </trkpt>
      <trkpt lat="46.5663364715874195098876953125" lon="23.6653381772339344024658203125">
        <ele>633.5999755859375</ele>
        <time>2024-06-09T07:48:05.000Z</time>
        <extensions>
          <ns3:TrackPointExtension>
            <ns3:hr>129</ns3:hr>
            <ns3:cad>79</ns3:cad>
          </ns3:TrackPointExtension>
        </extensions>
      </trkpt>
      <trkpt lat="46.56630855984985828399658203125" lon="23.6653502471745014190673828125">
        <ele>634.4000244140625</ele>
        <time>2024-06-09T07:48:09.000Z</time>
        <extensions>
          <ns3:TrackPointExtension>
            <ns3:hr>130</ns3:hr>
            <ns3:cad>40</ns3:cad>
          </ns3:TrackPointExtension>
        </extensions>
      </trkpt>
      <trkpt lat="46.5662972442805767059326171875" lon="23.6653482355177402496337890625">
        <ele>635.4000244140625</ele>
        <time>2024-06-09T07:48:11.000Z</time>
        <extensions>
          <ns3:TrackPointExtension>
            <ns3:hr>130</ns3:hr>
            <ns3:cad>40</ns3:cad>
          </ns3:TrackPointExtension>
        </extensions>
      </trkpt>
      <trkpt lat="46.56628408469259738922119140625" lon="23.66535083390772342681884765625">
        <ele>635.5999755859375</ele>
        <time>2024-06-09T07:48:13.000Z</time>
        <extensions>
          <ns3:TrackPointExtension>
            <ns3:hr>130</ns3:hr>
            <ns3:cad>71</ns3:cad>
          </ns3:TrackPointExtension>
        </extensions>
      </trkpt>
      <trkpt lat="46.5662466175854206085205078125" lon="23.6653572879731655120849609375">
        <ele>636.5999755859375</ele>
        <time>2024-06-09T07:48:20.000Z</time>
        <extensions>
          <ns3:TrackPointExtension>
            <ns3:hr>129</ns3:hr>
            <ns3:cad>0</ns3:cad>
          </ns3:TrackPointExtension>
        </extensions>
      </trkpt>
      <trkpt lat="46.5662308596074581146240234375" lon="23.66535284556448459625244140625">
        <ele>636.5999755859375</ele>
        <time>2024-06-09T07:48:27.000Z</time>
        <extensions>
          <ns3:TrackPointExtension>
            <ns3:hr>129</ns3:hr>
            <ns3:cad>0</ns3:cad>
          </ns3:TrackPointExtension>
        </extensions>
      </trkpt>
      <trkpt lat="46.5662291832268238067626953125" lon="23.665350414812564849853515625">
        <ele>637</ele>
        <time>2024-06-09T07:48:32.000Z</time>
        <extensions>
          <ns3:TrackPointExtension>
            <ns3:hr>127</ns3:hr>
            <ns3:cad>0</ns3:cad>
          </ns3:TrackPointExtension>
        </extensions>
      </trkpt>
      <trkpt lat="46.5662291832268238067626953125" lon="23.665350414812564849853515625">
        <ele>637</ele>
        <time>2024-06-09T07:48:36.000Z</time>
        <extensions>
          <ns3:TrackPointExtension>
            <ns3:hr>124</ns3:hr>
            <ns3:cad>44</ns3:cad>
          </ns3:TrackPointExtension>
        </extensions>
      </trkpt>
      <trkpt lat="46.5662375651299953460693359375" lon="23.66533759050071239471435546875">
        <ele>637.5999755859375</ele>
        <time>2024-06-09T07:48:38.000Z</time>
        <extensions>
          <ns3:TrackPointExtension>
            <ns3:hr>123</ns3:hr>
            <ns3:cad>0</ns3:cad>
          </ns3:TrackPointExtension>
        </extensions>
      </trkpt>
      <trkpt lat="46.56623597256839275360107421875" lon="23.66534010507166385650634765625">
        <ele>637.4000244140625</ele>
        <time>2024-06-09T07:48:47.000Z</time>
        <extensions>
          <ns3:TrackPointExtension>
            <ns3:hr>124</ns3:hr>
            <ns3:cad>0</ns3:cad>
          </ns3:TrackPointExtension>
        </extensions>
      </trkpt>
      <trkpt lat="46.56623412854969501495361328125" lon="23.665342032909393310546875">
        <ele>637.20001220703125</ele>
        <time>2024-06-09T07:48:52.000Z</time>
        <extensions>
          <ns3:TrackPointExtension>
            <ns3:hr>121</ns3:hr>
            <ns3:cad>0</ns3:cad>
          </ns3:TrackPointExtension>
        </extensions>
      </trkpt>
      <trkpt lat="46.56621887348592281341552734375" lon="23.6653368361294269561767578125">
        <ele>637.4000244140625</ele>
        <time>2024-06-09T07:48:56.000Z</time>
        <extensions>
          <ns3:TrackPointExtension>
            <ns3:hr>119</ns3:hr>
            <ns3:cad>0</ns3:cad>
          </ns3:TrackPointExtension>
        </extensions>
      </trkpt>
      <trkpt lat="46.5662177838385105133056640625" lon="23.6653192341327667236328125">
        <ele>637.20001220703125</ele>
        <time>2024-06-09T07:49:05.000Z</time>
        <extensions>
          <ns3:TrackPointExtension>
            <ns3:hr>114</ns3:hr>
            <ns3:cad>0</ns3:cad>
          </ns3:TrackPointExtension>
        </extensions>
      </trkpt>
      <trkpt lat="46.5662033669650554656982421875" lon="23.66531697101891040802001953125">
        <ele>637.20001220703125</ele>
        <time>2024-06-09T07:49:07.000Z</time>
        <extensions>
          <ns3:TrackPointExtension>
            <ns3:hr>111</ns3:hr>
            <ns3:cad>0</ns3:cad>
          </ns3:TrackPointExtension>
        </extensions>
      </trkpt>
      <trkpt lat="46.5661916323006153106689453125" lon="23.66531881503760814666748046875">
        <ele>637.20001220703125</ele>
        <time>2024-06-09T07:49:09.000Z</time>
        <extensions>
          <ns3:TrackPointExtension>
            <ns3:hr>108</ns3:hr>
            <ns3:cad>0</ns3:cad>
          </ns3:TrackPointExtension>
        </extensions>
      </trkpt>
      <trkpt lat="46.56616975553333759307861328125" lon="23.66532065905630588531494140625">
        <ele>637.5999755859375</ele>
        <time>2024-06-09T07:49:12.000Z</time>
        <extensions>
          <ns3:TrackPointExtension>
            <ns3:hr>105</ns3:hr>
            <ns3:cad>77</ns3:cad>
          </ns3:TrackPointExtension>
        </extensions>
      </trkpt>
      <trkpt lat="46.5661591105163097381591796875" lon="23.665320575237274169921875">
        <ele>637.5999755859375</ele>
        <time>2024-06-09T07:49:13.000Z</time>
        <extensions>
          <ns3:TrackPointExtension>
            <ns3:hr>104</ns3:hr>
            <ns3:cad>76</ns3:cad>
          </ns3:TrackPointExtension>
        </extensions>
      </trkpt>
      <trkpt lat="46.5661430172622203826904296875" lon="23.66531831212341785430908203125">
        <ele>637.79998779296875</ele>
        <time>2024-06-09T07:49:14.000Z</time>
        <extensions>
          <ns3:TrackPointExtension>
            <ns3:hr>102</ns3:hr>
            <ns3:cad>76</ns3:cad>
          </ns3:TrackPointExtension>
        </extensions>
      </trkpt>
      <trkpt lat="46.56609817408025264739990234375" lon="23.66531294770538806915283203125">
        <ele>638.5999755859375</ele>
        <time>2024-06-09T07:49:20.000Z</time>
        <extensions>
          <ns3:TrackPointExtension>
            <ns3:hr>101</ns3:hr>
            <ns3:cad>78</ns3:cad>
          </ns3:TrackPointExtension>
        </extensions>
      </trkpt>
      <trkpt lat="46.5660739503800868988037109375" lon="23.665309846401214599609375">
        <ele>638.79998779296875</ele>
        <time>2024-06-09T07:49:23.000Z</time>
        <extensions>
          <ns3:TrackPointExtension>
            <ns3:hr>101</ns3:hr>
            <ns3:cad>78</ns3:cad>
          </ns3:TrackPointExtension>
        </extensions>
      </trkpt>
      <trkpt lat="46.5660343877971172332763671875" lon="23.6653033085167407989501953125">
        <ele>639</ele>
        <time>2024-06-09T07:49:28.000Z</time>
        <extensions>
          <ns3:TrackPointExtension>
            <ns3:hr>101</ns3:hr>
            <ns3:cad>67</ns3:cad>
          </ns3:TrackPointExtension>
        </extensions>
      </trkpt>
      <trkpt lat="46.56600094400346279144287109375" lon="23.665310181677341461181640625">
        <ele>639.79998779296875</ele>
        <time>2024-06-09T07:49:34.000Z</time>
        <extensions>
          <ns3:TrackPointExtension>
            <ns3:hr>101</ns3:hr>
            <ns3:cad>68</ns3:cad>
          </ns3:TrackPointExtension>
        </extensions>
      </trkpt>
      <trkpt lat="46.5659951604902744293212890625" lon="23.66530909202992916107177734375">
        <ele>639.79998779296875</ele>
        <time>2024-06-09T07:49:35.000Z</time>
        <extensions>
          <ns3:TrackPointExtension>
            <ns3:hr>102</ns3:hr>
            <ns3:cad>69</ns3:cad>
          </ns3:TrackPointExtension>
        </extensions>
      </trkpt>
      <trkpt lat="46.565943695604801177978515625" lon="23.6653056554496288299560546875">
        <ele>640</ele>
        <time>2024-06-09T07:49:42.000Z</time>
        <extensions>
          <ns3:TrackPointExtension>
            <ns3:hr>103</ns3:hr>
            <ns3:cad>0</ns3:cad>
          </ns3:TrackPointExtension>
        </extensions>
      </trkpt>
      <trkpt lat="46.5659126825630664825439453125" lon="23.665300793945789337158203125">
        <ele>640.5999755859375</ele>
        <time>2024-06-09T07:49:45.000Z</time>
        <extensions>
          <ns3:TrackPointExtension>
            <ns3:hr>106</ns3:hr>
            <ns3:cad>43</ns3:cad>
          </ns3:TrackPointExtension>
        </extensions>
      </trkpt>
      <trkpt lat="46.565902791917324066162109375" lon="23.665300793945789337158203125">
        <ele>640.5999755859375</ele>
        <time>2024-06-09T07:49:46.000Z</time>
        <extensions>
          <ns3:TrackPointExtension>
            <ns3:hr>109</ns3:hr>
            <ns3:cad>43</ns3:cad>
          </ns3:TrackPointExtension>
        </extensions>
      </trkpt>
      <trkpt lat="46.5658895485103130340576171875" lon="23.6653076671063899993896484375">
        <ele>640.79998779296875</ele>
        <time>2024-06-09T07:49:47.000Z</time>
        <extensions>
          <ns3:TrackPointExtension>
            <ns3:hr>110</ns3:hr>
            <ns3:cad>43</ns3:cad>
          </ns3:TrackPointExtension>
        </extensions>
      </trkpt>
      <trkpt lat="46.565881669521331787109375" lon="23.66531076841056346893310546875">
        <ele>640.79998779296875</ele>
        <time>2024-06-09T07:49:48.000Z</time>
        <extensions>
          <ns3:TrackPointExtension>
            <ns3:hr>110</ns3:hr>
            <ns3:cad>42</ns3:cad>
          </ns3:TrackPointExtension>
        </extensions>
      </trkpt>
      <trkpt lat="46.56587722711265087127685546875" lon="23.665304481983184814453125">
        <ele>641.20001220703125</ele>
        <time>2024-06-09T07:49:49.000Z</time>
        <extensions>
          <ns3:TrackPointExtension>
            <ns3:hr>113</ns3:hr>
            <ns3:cad>42</ns3:cad>
          </ns3:TrackPointExtension>
        </extensions>
      </trkpt>
      <trkpt lat="46.565877310931682586669921875" lon="23.66529836319386959075927734375">
        <ele>642</ele>
        <time>2024-06-09T07:49:51.000Z</time>
        <extensions>
          <ns3:TrackPointExtension>
            <ns3:hr>115</ns3:hr>
            <ns3:cad>0</ns3:cad>
          </ns3:TrackPointExtension>
        </extensions>
      </trkpt>
      <trkpt lat="46.56588141806423664093017578125" lon="23.6653004586696624755859375">
        <ele>642</ele>
        <time>2024-06-09T07:49:54.000Z</time>
        <extensions>
          <ns3:TrackPointExtension>
            <ns3:hr>117</ns3:hr>
            <ns3:cad>0</ns3:cad>
          </ns3:TrackPointExtension>
        </extensions>
      </trkpt>
      <trkpt lat="46.565869264304637908935546875" lon="23.66529216058552265167236328125">
        <ele>642.20001220703125</ele>
        <time>2024-06-09T07:50:03.000Z</time>
        <extensions>
          <ns3:TrackPointExtension>
            <ns3:hr>119</ns3:hr>
            <ns3:cad>0</ns3:cad>
          </ns3:TrackPointExtension>
        </extensions>
      </trkpt>
      <trkpt lat="46.565877310931682586669921875" lon="23.66529836319386959075927734375">
        <ele>642.4000244140625</ele>
        <time>2024-06-09T07:50:10.000Z</time>
        <extensions>
          <ns3:TrackPointExtension>
            <ns3:hr>120</ns3:hr>
            <ns3:cad>0</ns3:cad>
          </ns3:TrackPointExtension>
        </extensions>
      </trkpt>
      <trkpt lat="46.56588359735906124114990234375" lon="23.66531051695346832275390625">
        <ele>643</ele>
        <time>2024-06-09T07:50:17.000Z</time>
        <extensions>
          <ns3:TrackPointExtension>
            <ns3:hr>117</ns3:hr>
            <ns3:cad>0</ns3:cad>
          </ns3:TrackPointExtension>
        </extensions>
      </trkpt>
      <trkpt lat="46.565877310931682586669921875" lon="23.66529836319386959075927734375">
        <ele>643.5999755859375</ele>
        <time>2024-06-09T07:50:21.000Z</time>
        <extensions>
          <ns3:TrackPointExtension>
            <ns3:hr>114</ns3:hr>
            <ns3:cad>0</ns3:cad>
          </ns3:TrackPointExtension>
        </extensions>
      </trkpt>
      <trkpt lat="46.565877310931682586669921875" lon="23.66529836319386959075927734375">
        <ele>643.79998779296875</ele>
        <time>2024-06-09T07:50:23.000Z</time>
        <extensions>
          <ns3:TrackPointExtension>
            <ns3:hr>110</ns3:hr>
            <ns3:cad>0</ns3:cad>
          </ns3:TrackPointExtension>
        </extensions>
      </trkpt>
      <trkpt lat="46.565877310931682586669921875" lon="23.66529836319386959075927734375">
        <ele>644.20001220703125</ele>
        <time>2024-06-09T07:50:26.000Z</time>
        <extensions>
          <ns3:TrackPointExtension>
            <ns3:hr>108</ns3:hr>
            <ns3:cad>0</ns3:cad>
          </ns3:TrackPointExtension>
        </extensions>
      </trkpt>
      <trkpt lat="46.5658910572528839111328125" lon="23.6653197370469570159912109375">
        <ele>644.20001220703125</ele>
        <time>2024-06-09T07:50:32.000Z</time>
        <extensions>
          <ns3:TrackPointExtension>
            <ns3:hr>106</ns3:hr>
            <ns3:cad>0</ns3:cad>
          </ns3:TrackPointExtension>
        </extensions>
      </trkpt>
      <trkpt lat="46.56588912941515445709228515625" lon="23.66532082669436931610107421875">
        <ele>644.20001220703125</ele>
        <time>2024-06-09T07:50:37.000Z</time>
        <extensions>
          <ns3:TrackPointExtension>
            <ns3:hr>102</ns3:hr>
            <ns3:cad>0</ns3:cad>
          </ns3:TrackPointExtension>
        </extensions>
      </trkpt>
      <trkpt lat="46.56588904559612274169921875" lon="23.66532065905630588531494140625">
        <ele>644.20001220703125</ele>
        <time>2024-06-09T07:50:39.000Z</time>
        <extensions>
          <ns3:TrackPointExtension>
            <ns3:hr>97</ns3:hr>
            <ns3:cad>0</ns3:cad>
          </ns3:TrackPointExtension>
        </extensions>
      </trkpt>
      <trkpt lat="46.56588862650096416473388671875" lon="23.66531965322792530059814453125">
        <ele>644.20001220703125</ele>
        <time>2024-06-09T07:50:40.000Z</time>
        <extensions>
          <ns3:TrackPointExtension>
            <ns3:hr>93</ns3:hr>
            <ns3:cad>0</ns3:cad>
          </ns3:TrackPointExtension>
        </extensions>
      </trkpt>
      <trkpt lat="46.5658788196742534637451171875" lon="23.665282018482685089111328125">
        <ele>644</ele>
        <time>2024-06-09T07:50:43.000Z</time>
        <extensions>
          <ns3:TrackPointExtension>
            <ns3:hr>91</ns3:hr>
            <ns3:cad>0</ns3:cad>
          </ns3:TrackPointExtension>
        </extensions>
      </trkpt>
      <trkpt lat="46.56586716882884502410888671875" lon="23.66531060077250003814697265625">
        <ele>644</ele>
        <time>2024-06-09T07:50:50.000Z</time>
        <extensions>
          <ns3:TrackPointExtension>
            <ns3:hr>92</ns3:hr>
            <ns3:cad>0</ns3:cad>
          </ns3:TrackPointExtension>
        </extensions>
      </trkpt>
      <trkpt lat="46.56586633063852787017822265625" lon="23.66531378589570522308349609375">
        <ele>644</ele>
        <time>2024-06-09T07:50:51.000Z</time>
        <extensions>
          <ns3:TrackPointExtension>
            <ns3:hr>96</ns3:hr>
            <ns3:cad>0</ns3:cad>
          </ns3:TrackPointExtension>
        </extensions>
      </trkpt>
      <trkpt lat="46.5658530034124851226806640625" lon="23.66530322469770908355712890625">
        <ele>643.5999755859375</ele>
        <time>2024-06-09T07:50:55.000Z</time>
        <extensions>
          <ns3:TrackPointExtension>
            <ns3:hr>100</ns3:hr>
            <ns3:cad>0</ns3:cad>
          </ns3:TrackPointExtension>
        </extensions>
      </trkpt>
      <trkpt lat="46.5658496506512165069580078125" lon="23.66529819555580615997314453125">
        <ele>643.5999755859375</ele>
        <time>2024-06-09T07:50:56.000Z</time>
        <extensions>
          <ns3:TrackPointExtension>
            <ns3:hr>101</ns3:hr>
            <ns3:cad>0</ns3:cad>
          </ns3:TrackPointExtension>
        </extensions>
      </trkpt>
      <trkpt lat="46.56584571115672588348388671875" lon="23.66529886610805988311767578125">
        <ele>643.79998779296875</ele>
        <time>2024-06-09T07:51:01.000Z</time>
        <extensions>
          <ns3:TrackPointExtension>
            <ns3:hr>95</ns3:hr>
            <ns3:cad>0</ns3:cad>
          </ns3:TrackPointExtension>
        </extensions>
      </trkpt>
      <trkpt lat="46.56584420241415500640869140625" lon="23.665299117565155029296875">
        <ele>643.79998779296875</ele>
        <time>2024-06-09T07:51:03.000Z</time>
        <extensions>
          <ns3:TrackPointExtension>
            <ns3:hr>90</ns3:hr>
            <ns3:cad>0</ns3:cad>
          </ns3:TrackPointExtension>
        </extensions>
      </trkpt>
      <trkpt lat="46.5658402629196643829345703125" lon="23.66529232822358608245849609375">
        <ele>643.79998779296875</ele>
        <time>2024-06-09T07:51:04.000Z</time>
        <extensions>
          <ns3:TrackPointExtension>
            <ns3:hr>89</ns3:hr>
            <ns3:cad>0</ns3:cad>
          </ns3:TrackPointExtension>
        </extensions>
      </trkpt>
      <trkpt lat="46.5658033825457096099853515625" lon="23.66528176702558994293212890625">
        <ele>643.79998779296875</ele>
        <time>2024-06-09T07:51:11.000Z</time>
        <extensions>
          <ns3:TrackPointExtension>
            <ns3:hr>89</ns3:hr>
            <ns3:cad>0</ns3:cad>
          </ns3:TrackPointExtension>
        </extensions>
      </trkpt>
      <trkpt lat="46.56575870700180530548095703125" lon="23.66527690552175045013427734375">
        <ele>644.79998779296875</ele>
        <time>2024-06-09T07:51:16.000Z</time>
        <extensions>
          <ns3:TrackPointExtension>
            <ns3:hr>86</ns3:hr>
            <ns3:cad>42</ns3:cad>
          </ns3:TrackPointExtension>
        </extensions>
      </trkpt>
      <trkpt lat="46.56573942862451076507568359375" lon="23.66527405567467212677001953125">
        <ele>645</ele>
        <time>2024-06-09T07:51:18.000Z</time>
        <extensions>
          <ns3:TrackPointExtension>
            <ns3:hr>86</ns3:hr>
            <ns3:cad>43</ns3:cad>
          </ns3:TrackPointExtension>
        </extensions>
      </trkpt>
      <trkpt lat="46.56572048552334308624267578125" lon="23.66527036763727664947509765625">
        <ele>645.4000244140625</ele>
        <time>2024-06-09T07:51:20.000Z</time>
        <extensions>
          <ns3:TrackPointExtension>
            <ns3:hr>87</ns3:hr>
            <ns3:cad>43</ns3:cad>
          </ns3:TrackPointExtension>
        </extensions>
      </trkpt>
      <trkpt lat="46.56567958183586597442626953125" lon="23.66526366211473941802978515625">
        <ele>646.20001220703125</ele>
        <time>2024-06-09T07:51:24.000Z</time>
        <extensions>
          <ns3:TrackPointExtension>
            <ns3:hr>90</ns3:hr>
            <ns3:cad>43</ns3:cad>
          </ns3:TrackPointExtension>
        </extensions>
      </trkpt>
      <trkpt lat="46.56567287631332874298095703125" lon="23.66526869125664234161376953125">
        <ele>646.4000244140625</ele>
        <time>2024-06-09T07:51:25.000Z</time>
        <extensions>
          <ns3:TrackPointExtension>
            <ns3:hr>91</ns3:hr>
            <ns3:cad>43</ns3:cad>
          </ns3:TrackPointExtension>
        </extensions>
      </trkpt>
      <trkpt lat="46.565664745867252349853515625" lon="23.66527338512241840362548828125">
        <ele>646.4000244140625</ele>
        <time>2024-06-09T07:51:26.000Z</time>
        <extensions>
          <ns3:TrackPointExtension>
            <ns3:hr>94</ns3:hr>
            <ns3:cad>42</ns3:cad>
          </ns3:TrackPointExtension>
        </extensions>
      </trkpt>
      <trkpt lat="46.56564890407025814056396484375" lon="23.6652761511504650115966796875">
        <ele>646.5999755859375</ele>
        <time>2024-06-09T07:51:28.000Z</time>
        <extensions>
          <ns3:TrackPointExtension>
            <ns3:hr>98</ns3:hr>
            <ns3:cad>42</ns3:cad>
          </ns3:TrackPointExtension>
        </extensions>
      </trkpt>
      <trkpt lat="46.56561319716274738311767578125" lon="23.6652764864265918731689453125">
        <ele>647.4000244140625</ele>
        <time>2024-06-09T07:51:32.000Z</time>
        <extensions>
          <ns3:TrackPointExtension>
            <ns3:hr>101</ns3:hr>
            <ns3:cad>44</ns3:cad>
          </ns3:TrackPointExtension>
        </extensions>
      </trkpt>
      <trkpt lat="46.56559408642351627349853515625" lon="23.6652697809040546417236328125">
        <ele>647.5999755859375</ele>
        <time>2024-06-09T07:51:34.000Z</time>
        <extensions>
          <ns3:TrackPointExtension>
            <ns3:hr>106</ns3:hr>
            <ns3:cad>40</ns3:cad>
          </ns3:TrackPointExtension>
        </extensions>
      </trkpt>
      <trkpt lat="46.565583609044551849365234375" lon="23.6652660928666591644287109375">
        <ele>648</ele>
        <time>2024-06-09T07:51:35.000Z</time>
        <extensions>
          <ns3:TrackPointExtension>
            <ns3:hr>109</ns3:hr>
            <ns3:cad>40</ns3:cad>
          </ns3:TrackPointExtension>
        </extensions>
      </trkpt>
      <trkpt lat="46.5655643306672573089599609375" lon="23.66526215337216854095458984375">
        <ele>648.5999755859375</ele>
        <time>2024-06-09T07:51:38.000Z</time>
        <extensions>
          <ns3:TrackPointExtension>
            <ns3:hr>111</ns3:hr>
            <ns3:cad>0</ns3:cad>
          </ns3:TrackPointExtension>
        </extensions>
      </trkpt>
      <trkpt lat="46.56552485190331935882568359375" lon="23.66525796242058277130126953125">
        <ele>649</ele>
        <time>2024-06-09T07:51:42.000Z</time>
        <extensions>
          <ns3:TrackPointExtension>
            <ns3:hr>112</ns3:hr>
            <ns3:cad>43</ns3:cad>
          </ns3:TrackPointExtension>
        </extensions>
      </trkpt>
      <trkpt lat="46.565491743385791778564453125" lon="23.665264584124088287353515625">
        <ele>649.79998779296875</ele>
        <time>2024-06-09T07:51:46.000Z</time>
        <extensions>
          <ns3:TrackPointExtension>
            <ns3:hr>112</ns3:hr>
            <ns3:cad>42</ns3:cad>
          </ns3:TrackPointExtension>
        </extensions>
      </trkpt>
      <trkpt lat="46.56547087244689464569091796875" lon="23.66525813005864620208740234375">
        <ele>650</ele>
        <time>2024-06-09T07:51:48.000Z</time>
        <extensions>
          <ns3:TrackPointExtension>
            <ns3:hr>113</ns3:hr>
            <ns3:cad>41</ns3:cad>
          </ns3:TrackPointExtension>
        </extensions>
      </trkpt>
      <trkpt lat="46.5654412843286991119384765625" lon="23.66525243036448955535888671875">
        <ele>650.4000244140625</ele>
        <time>2024-06-09T07:51:51.000Z</time>
        <extensions>
          <ns3:TrackPointExtension>
            <ns3:hr>117</ns3:hr>
            <ns3:cad>42</ns3:cad>
          </ns3:TrackPointExtension>
        </extensions>
      </trkpt>
      <trkpt lat="46.5654201619327068328857421875" lon="23.66524019278585910797119140625">
        <ele>650.5999755859375</ele>
        <time>2024-06-09T07:51:54.000Z</time>
        <extensions>
          <ns3:TrackPointExtension>
            <ns3:hr>120</ns3:hr>
            <ns3:cad>43</ns3:cad>
          </ns3:TrackPointExtension>
        </extensions>
      </trkpt>
      <trkpt lat="46.56540985219180583953857421875" lon="23.665240444242954254150390625">
        <ele>650.79998779296875</ele>
        <time>2024-06-09T07:51:55.000Z</time>
        <extensions>
          <ns3:TrackPointExtension>
            <ns3:hr>120</ns3:hr>
            <ns3:cad>43</ns3:cad>
          </ns3:TrackPointExtension>
        </extensions>
      </trkpt>
      <trkpt lat="46.565379761159420013427734375" lon="23.66523633711040019989013671875">
        <ele>651.4000244140625</ele>
        <time>2024-06-09T07:51:59.000Z</time>
        <extensions>
          <ns3:TrackPointExtension>
            <ns3:hr>120</ns3:hr>
            <ns3:cad>42</ns3:cad>
          </ns3:TrackPointExtension>
        </extensions>
      </trkpt>
      <trkpt lat="46.5653417073190212249755859375" lon="23.665243126451969146728515625">
        <ele>652</ele>
        <time>2024-06-09T07:52:03.000Z</time>
        <extensions>
          <ns3:TrackPointExtension>
            <ns3:hr>119</ns3:hr>
            <ns3:cad>41</ns3:cad>
          </ns3:TrackPointExtension>
        </extensions>
      </trkpt>
      <trkpt lat="46.56531983055174350738525390625" lon="23.6652449704706668853759765625">
        <ele>652.79998779296875</ele>
        <time>2024-06-09T07:52:06.000Z</time>
        <extensions>
          <ns3:TrackPointExtension>
            <ns3:hr>120</ns3:hr>
            <ns3:cad>80</ns3:cad>
          </ns3:TrackPointExtension>
        </extensions>
      </trkpt>
      <trkpt lat="46.5653031505644321441650390625" lon="23.66525393910706043243408203125">
        <ele>653</ele>
        <time>2024-06-09T07:52:08.000Z</time>
        <extensions>
          <ns3:TrackPointExtension>
            <ns3:hr>121</ns3:hr>
            <ns3:cad>78</ns3:cad>
          </ns3:TrackPointExtension>
        </extensions>
      </trkpt>
      <trkpt lat="46.5652357600629329681396484375" lon="23.66528143174946308135986328125">
        <ele>654.20001220703125</ele>
        <time>2024-06-09T07:52:14.000Z</time>
        <extensions>
          <ns3:TrackPointExtension>
            <ns3:hr>120</ns3:hr>
            <ns3:cad>41</ns3:cad>
          </ns3:TrackPointExtension>
        </extensions>
      </trkpt>
      <trkpt lat="46.56514464877545833587646484375" lon="23.66528696380555629730224609375">
        <ele>655.20001220703125</ele>
        <time>2024-06-09T07:52:24.000Z</time>
        <extensions>
          <ns3:TrackPointExtension>
            <ns3:hr>120</ns3:hr>
            <ns3:cad>41</ns3:cad>
          </ns3:TrackPointExtension>
        </extensions>
      </trkpt>
      <trkpt lat="46.5650979615747928619384765625" lon="23.665330968797206878662109375">
        <ele>655.4000244140625</ele>
        <time>2024-06-09T07:52:31.000Z</time>
        <extensions>
          <ns3:TrackPointExtension>
            <ns3:hr>120</ns3:hr>
            <ns3:cad>41</ns3:cad>
          </ns3:TrackPointExtension>
        </extensions>
      </trkpt>
      <trkpt lat="46.565070636570453643798828125" lon="23.6653485707938671112060546875">
        <ele>656.20001220703125</ele>
        <time>2024-06-09T07:52:35.000Z</time>
        <extensions>
          <ns3:TrackPointExtension>
            <ns3:hr>120</ns3:hr>
            <ns3:cad>79</ns3:cad>
          </ns3:TrackPointExtension>
        </extensions>
      </trkpt>
      <trkpt lat="46.5650312416255474090576171875" lon="23.6653566174209117889404296875">
        <ele>656.5999755859375</ele>
        <time>2024-06-09T07:52:39.000Z</time>
        <extensions>
          <ns3:TrackPointExtension>
            <ns3:hr>123</ns3:hr>
            <ns3:cad>78</ns3:cad>
          </ns3:TrackPointExtension>
        </extensions>
      </trkpt>
      <trkpt lat="46.56496527604758739471435546875" lon="23.66534664295613765716552734375">
        <ele>657</ele>
        <time>2024-06-09T07:52:46.000Z</time>
        <extensions>
          <ns3:TrackPointExtension>
            <ns3:hr>125</ns3:hr>
            <ns3:cad>43</ns3:cad>
          </ns3:TrackPointExtension>
        </extensions>
      </trkpt>
      <trkpt lat="46.56493023969233036041259765625" lon="23.66535552777349948883056640625">
        <ele>657.4000244140625</ele>
        <time>2024-06-09T07:52:50.000Z</time>
        <extensions>
          <ns3:TrackPointExtension>
            <ns3:hr>123</ns3:hr>
            <ns3:cad>44</ns3:cad>
          </ns3:TrackPointExtension>
        </extensions>
      </trkpt>
      <trkpt lat="46.564915068447589874267578125" lon="23.66534932516515254974365234375">
        <ele>657.4000244140625</ele>
        <time>2024-06-09T07:52:52.000Z</time>
        <extensions>
          <ns3:TrackPointExtension>
            <ns3:hr>122</ns3:hr>
            <ns3:cad>43</ns3:cad>
          </ns3:TrackPointExtension>
        </extensions>
      </trkpt>
      <trkpt lat="46.56490526162087917327880859375" lon="23.66534546948969364166259765625">
        <ele>657.5999755859375</ele>
        <time>2024-06-09T07:52:53.000Z</time>
        <extensions>
          <ns3:TrackPointExtension>
            <ns3:hr>121</ns3:hr>
            <ns3:cad>41</ns3:cad>
          </ns3:TrackPointExtension>
        </extensions>
      </trkpt>
      <trkpt lat="46.5648337639868259429931640625" lon="23.6653706990182399749755859375">
        <ele>658</ele>
        <time>2024-06-09T07:53:01.000Z</time>
        <extensions>
          <ns3:TrackPointExtension>
            <ns3:hr>121</ns3:hr>
            <ns3:cad>45</ns3:cad>
          </ns3:TrackPointExtension>
        </extensions>
      </trkpt>
      <trkpt lat="46.56480618752539157867431640625" lon="23.6653931625187397003173828125">
        <ele>658.4000244140625</ele>
        <time>2024-06-09T07:53:04.000Z</time>
        <extensions>
          <ns3:TrackPointExtension>
            <ns3:hr>121</ns3:hr>
            <ns3:cad>42</ns3:cad>
          </ns3:TrackPointExtension>
        </extensions>
      </trkpt>
      <trkpt lat="46.5648012422025203704833984375" lon="23.66540766321122646331787109375">
        <ele>658.5999755859375</ele>
        <time>2024-06-09T07:53:05.000Z</time>
        <extensions>
          <ns3:TrackPointExtension>
            <ns3:hr>120</ns3:hr>
            <ns3:cad>42</ns3:cad>
          </ns3:TrackPointExtension>
        </extensions>
      </trkpt>
      <trkpt lat="46.56478422693908214569091796875" lon="23.665428869426250457763671875">
        <ele>658.5999755859375</ele>
        <time>2024-06-09T07:53:07.000Z</time>
        <extensions>
          <ns3:TrackPointExtension>
            <ns3:hr>118</ns3:hr>
            <ns3:cad>42</ns3:cad>
          </ns3:TrackPointExtension>
        </extensions>
      </trkpt>
      <trkpt lat="46.56477366574108600616455078125" lon="23.66543255746364593505859375">
        <ele>658.79998779296875</ele>
        <time>2024-06-09T07:53:08.000Z</time>
        <extensions>
          <ns3:TrackPointExtension>
            <ns3:hr>118</ns3:hr>
            <ns3:cad>42</ns3:cad>
          </ns3:TrackPointExtension>
        </extensions>
      </trkpt>
      <trkpt lat="46.5647097118198871612548828125" lon="23.6654572002589702606201171875">
        <ele>659.5999755859375</ele>
        <time>2024-06-09T07:53:14.000Z</time>
        <extensions>
          <ns3:TrackPointExtension>
            <ns3:hr>115</ns3:hr>
            <ns3:cad>43</ns3:cad>
          </ns3:TrackPointExtension>
        </extensions>
      </trkpt>
      <trkpt lat="46.564696133136749267578125" lon="23.66546432487666606903076171875">
        <ele>660</ele>
        <time>2024-06-09T07:53:16.000Z</time>
        <extensions>
          <ns3:TrackPointExtension>
            <ns3:hr>113</ns3:hr>
            <ns3:cad>42</ns3:cad>
          </ns3:TrackPointExtension>
        </extensions>
      </trkpt>
      <trkpt lat="46.5646832250058650970458984375" lon="23.66547807119786739349365234375">
        <ele>660.5999755859375</ele>
        <time>2024-06-09T07:53:18.000Z</time>
        <extensions>
          <ns3:TrackPointExtension>
            <ns3:hr>113</ns3:hr>
            <ns3:cad>43</ns3:cad>
          </ns3:TrackPointExtension>
        </extensions>
      </trkpt>
      <trkpt lat="46.5646352805197238922119140625" lon="23.66549936123192310333251953125">
        <ele>661.5999755859375</ele>
        <time>2024-06-09T07:53:24.000Z</time>
        <extensions>
          <ns3:TrackPointExtension>
            <ns3:hr>113</ns3:hr>
            <ns3:cad>79</ns3:cad>
          </ns3:TrackPointExtension>
        </extensions>
      </trkpt>
      <trkpt lat="46.5645802952349185943603515625" lon="23.66552500985562801361083984375">
        <ele>662.20001220703125</ele>
        <time>2024-06-09T07:53:31.000Z</time>
        <extensions>
          <ns3:TrackPointExtension>
            <ns3:hr>114</ns3:hr>
            <ns3:cad>43</ns3:cad>
          </ns3:TrackPointExtension>
        </extensions>
      </trkpt>
      <trkpt lat="46.5645719133317470550537109375" lon="23.66554043255746364593505859375">
        <ele>662.20001220703125</ele>
        <time>2024-06-09T07:53:32.000Z</time>
        <extensions>
          <ns3:TrackPointExtension>
            <ns3:hr>114</ns3:hr>
            <ns3:cad>40</ns3:cad>
          </ns3:TrackPointExtension>
        </extensions>
      </trkpt>
      <trkpt lat="46.56455271877348423004150390625" lon="23.66559156216681003570556640625">
        <ele>662.5999755859375</ele>
        <time>2024-06-09T07:53:36.000Z</time>
        <extensions>
          <ns3:TrackPointExtension>
            <ns3:hr>113</ns3:hr>
            <ns3:cad>43</ns3:cad>
          </ns3:TrackPointExtension>
        </extensions>
      </trkpt>
      <trkpt lat="46.56454768963158130645751953125" lon="23.6656062304973602294921875">
        <ele>662.79998779296875</ele>
        <time>2024-06-09T07:53:37.000Z</time>
        <extensions>
          <ns3:TrackPointExtension>
            <ns3:hr>113</ns3:hr>
            <ns3:cad>41</ns3:cad>
          </ns3:TrackPointExtension>
        </extensions>
      </trkpt>
      <trkpt lat="46.5645122341811656951904296875" lon="23.66565526463091373443603515625">
        <ele>663.79998779296875</ele>
        <time>2024-06-09T07:53:42.000Z</time>
        <extensions>
          <ns3:TrackPointExtension>
            <ns3:hr>114</ns3:hr>
            <ns3:cad>42</ns3:cad>
          </ns3:TrackPointExtension>
        </extensions>
      </trkpt>
      <trkpt lat="46.5645055286586284637451171875" lon="23.665662892162799835205078125">
        <ele>663.79998779296875</ele>
        <time>2024-06-09T07:53:43.000Z</time>
        <extensions>
          <ns3:TrackPointExtension>
            <ns3:hr>114</ns3:hr>
            <ns3:cad>42</ns3:cad>
          </ns3:TrackPointExtension>
        </extensions>
      </trkpt>
      <trkpt lat="46.56444040127098560333251953125" lon="23.66571544669568538665771484375">
        <ele>664.20001220703125</ele>
        <time>2024-06-09T07:53:50.000Z</time>
        <extensions>
          <ns3:TrackPointExtension>
            <ns3:hr>113</ns3:hr>
            <ns3:cad>43</ns3:cad>
          </ns3:TrackPointExtension>
        </extensions>
      </trkpt>
      <trkpt lat="46.56438189558684825897216796875" lon="23.66575936786830425262451171875">
        <ele>664.79998779296875</ele>
        <time>2024-06-09T07:53:56.000Z</time>
        <extensions>
          <ns3:TrackPointExtension>
            <ns3:hr>114</ns3:hr>
            <ns3:cad>44</ns3:cad>
          </ns3:TrackPointExtension>
        </extensions>
      </trkpt>
      <trkpt lat="46.56437083147466182708740234375" lon="23.66576104424893856048583984375">
        <ele>664.79998779296875</ele>
        <time>2024-06-09T07:53:57.000Z</time>
        <extensions>
          <ns3:TrackPointExtension>
            <ns3:hr>114</ns3:hr>
            <ns3:cad>44</ns3:cad>
          </ns3:TrackPointExtension>
        </extensions>
      </trkpt>
      <trkpt lat="46.5642976574599742889404296875" lon="23.66579188965260982513427734375">
        <ele>665.20001220703125</ele>
        <time>2024-06-09T07:54:05.000Z</time>
        <extensions>
          <ns3:TrackPointExtension>
            <ns3:hr>114</ns3:hr>
            <ns3:cad>46</ns3:cad>
          </ns3:TrackPointExtension>
        </extensions>
      </trkpt>
      <trkpt lat="46.5642426721751689910888671875" lon="23.6658353917300701141357421875">
        <ele>665</ele>
        <time>2024-06-09T07:54:12.000Z</time>
        <extensions>
          <ns3:TrackPointExtension>
            <ns3:hr>113</ns3:hr>
            <ns3:cad>43</ns3:cad>
          </ns3:TrackPointExtension>
        </extensions>
      </trkpt>
      <trkpt lat="46.564181484282016754150390625" lon="23.66589347831904888153076171875">
        <ele>665.20001220703125</ele>
        <time>2024-06-09T07:54:20.000Z</time>
        <extensions>
          <ns3:TrackPointExtension>
            <ns3:hr>111</ns3:hr>
            <ns3:cad>41</ns3:cad>
          </ns3:TrackPointExtension>
        </extensions>
      </trkpt>
      <trkpt lat="46.56412675045430660247802734375" lon="23.6659855954349040985107421875">
        <ele>665.5999755859375</ele>
        <time>2024-06-09T07:54:28.000Z</time>
        <extensions>
          <ns3:TrackPointExtension>
            <ns3:hr>111</ns3:hr>
            <ns3:cad>80</ns3:cad>
          </ns3:TrackPointExtension>
        </extensions>
      </trkpt>
      <trkpt lat="46.56412289477884769439697265625" lon="23.66598735563457012176513671875">
        <ele>665.79998779296875</ele>
        <time>2024-06-09T07:54:30.000Z</time>
        <extensions>
          <ns3:TrackPointExtension>
            <ns3:hr>112</ns3:hr>
            <ns3:cad>79</ns3:cad>
          </ns3:TrackPointExtension>
        </extensions>
      </trkpt>
      <trkpt lat="46.56413043849170207977294921875" lon="23.66598643362522125244140625">
        <ele>666</ele>
        <time>2024-06-09T07:54:36.000Z</time>
        <extensions>
          <ns3:TrackPointExtension>
            <ns3:hr>111</ns3:hr>
            <ns3:cad>0</ns3:cad>
          </ns3:TrackPointExtension>
        </extensions>
      </trkpt>
      <trkpt lat="46.56413077376782894134521484375" lon="23.6659785546362400054931640625">
        <ele>666</ele>
        <time>2024-06-09T07:54:40.000Z</time>
        <extensions>
          <ns3:TrackPointExtension>
            <ns3:hr>114</ns3:hr>
            <ns3:cad>0</ns3:cad>
          </ns3:TrackPointExtension>
        </extensions>
      </trkpt>
      <trkpt lat="46.5641239844262599945068359375" lon="23.666001856327056884765625">
        <ele>666</ele>
        <time>2024-06-09T07:54:43.000Z</time>
        <extensions>
          <ns3:TrackPointExtension>
            <ns3:hr>116</ns3:hr>
            <ns3:cad>0</ns3:cad>
          </ns3:TrackPointExtension>
        </extensions>
      </trkpt>
      <trkpt lat="46.5640938095748424530029296875" lon="23.66602876223623752593994140625">
        <ele>665.79998779296875</ele>
        <time>2024-06-09T07:54:48.000Z</time>
        <extensions>
          <ns3:TrackPointExtension>
            <ns3:hr>116</ns3:hr>
            <ns3:cad>0</ns3:cad>
          </ns3:TrackPointExtension>
        </extensions>
      </trkpt>
      <trkpt lat="46.564090959727764129638671875" lon="23.66602532565593719482421875">
        <ele>665.79998779296875</ele>
        <time>2024-06-09T07:54:54.000Z</time>
        <extensions>
          <ns3:TrackPointExtension>
            <ns3:hr>113</ns3:hr>
            <ns3:cad>0</ns3:cad>
          </ns3:TrackPointExtension>
        </extensions>
      </trkpt>
      <trkpt lat="46.5640911273658275604248046875" lon="23.6660254932940006256103515625">
        <ele>665.79998779296875</ele>
        <time>2024-06-09T07:54:56.000Z</time>
        <extensions>
          <ns3:TrackPointExtension>
            <ns3:hr>110</ns3:hr>
            <ns3:cad>0</ns3:cad>
          </ns3:TrackPointExtension>
        </extensions>
      </trkpt>
      <trkpt lat="46.56409137882292270660400390625" lon="23.666026331484317779541015625">
        <ele>665.79998779296875</ele>
        <time>2024-06-09T07:54:57.000Z</time>
        <extensions>
          <ns3:TrackPointExtension>
            <ns3:hr>108</ns3:hr>
            <ns3:cad>0</ns3:cad>
          </ns3:TrackPointExtension>
        </extensions>
      </trkpt>
      <trkpt lat="46.5640907920897006988525390625" lon="23.66603932343423366546630859375">
        <ele>665.5999755859375</ele>
        <time>2024-06-09T07:55:04.000Z</time>
        <extensions>
          <ns3:TrackPointExtension>
            <ns3:hr>106</ns3:hr>
            <ns3:cad>0</ns3:cad>
          </ns3:TrackPointExtension>
        </extensions>
      </trkpt>
      <trkpt lat="46.56408526003360748291015625" lon="23.66604535840451717376708984375">
        <ele>665.20001220703125</ele>
        <time>2024-06-09T07:55:16.000Z</time>
        <extensions>
          <ns3:TrackPointExtension>
            <ns3:hr>108</ns3:hr>
            <ns3:cad>0</ns3:cad>
          </ns3:TrackPointExtension>
        </extensions>
      </trkpt>
      <trkpt lat="46.564088948071002960205078125" lon="23.66607167758047580718994140625">
        <ele>665</ele>
        <time>2024-06-09T07:55:22.000Z</time>
        <extensions>
          <ns3:TrackPointExtension>
            <ns3:hr>105</ns3:hr>
            <ns3:cad>0</ns3:cad>
          </ns3:TrackPointExtension>
        </extensions>
      </trkpt>
      <trkpt lat="46.56408919952809810638427734375" lon="23.6660875193774700164794921875">
        <ele>664.79998779296875</ele>
        <time>2024-06-09T07:55:23.000Z</time>
        <extensions>
          <ns3:TrackPointExtension>
            <ns3:hr>105</ns3:hr>
            <ns3:cad>0</ns3:cad>
          </ns3:TrackPointExtension>
        </extensions>
      </trkpt>
      <trkpt lat="46.564087606966495513916015625" lon="23.66610101424157619476318359375">
        <ele>664.5999755859375</ele>
        <time>2024-06-09T07:55:24.000Z</time>
        <extensions>
          <ns3:TrackPointExtension>
            <ns3:hr>104</ns3:hr>
            <ns3:cad>0</ns3:cad>
          </ns3:TrackPointExtension>
        </extensions>
      </trkpt>
      <trkpt lat="46.56404435634613037109375" lon="23.6661716736853122711181640625">
        <ele>664.4000244140625</ele>
        <time>2024-06-09T07:55:30.000Z</time>
        <extensions>
          <ns3:TrackPointExtension>
            <ns3:hr>105</ns3:hr>
            <ns3:cad>50</ns3:cad>
          </ns3:TrackPointExtension>
        </extensions>
      </trkpt>
      <trkpt lat="46.564007811248302459716796875" lon="23.666273765265941619873046875">
        <ele>664.4000244140625</ele>
        <time>2024-06-09T07:55:37.000Z</time>
        <extensions>
          <ns3:TrackPointExtension>
            <ns3:hr>105</ns3:hr>
            <ns3:cad>46</ns3:cad>
          </ns3:TrackPointExtension>
        </extensions>
      </trkpt>
      <trkpt lat="46.56397654674947261810302734375" lon="23.666353560984134674072265625">
        <ele>664.79998779296875</ele>
        <time>2024-06-09T07:55:44.000Z</time>
        <extensions>
          <ns3:TrackPointExtension>
            <ns3:hr>102</ns3:hr>
            <ns3:cad>45</ns3:cad>
          </ns3:TrackPointExtension>
        </extensions>
      </trkpt>
      <trkpt lat="46.5639694221317768096923828125" lon="23.6663641221821308135986328125">
        <ele>664.79998779296875</ele>
        <time>2024-06-09T07:55:45.000Z</time>
        <extensions>
          <ns3:TrackPointExtension>
            <ns3:hr>101</ns3:hr>
            <ns3:cad>44</ns3:cad>
          </ns3:TrackPointExtension>
        </extensions>
      </trkpt>
      <trkpt lat="46.5639539994299411773681640625" lon="23.666399829089641571044921875">
        <ele>665.4000244140625</ele>
        <time>2024-06-09T07:55:48.000Z</time>
        <extensions>
          <ns3:TrackPointExtension>
            <ns3:hr>98</ns3:hr>
            <ns3:cad>44</ns3:cad>
          </ns3:TrackPointExtension>
        </extensions>
      </trkpt>
      <trkpt lat="46.56394972465932369232177734375" lon="23.66640846244990825653076171875">
        <ele>665.79998779296875</ele>
        <time>2024-06-09T07:55:49.000Z</time>
        <extensions>
          <ns3:TrackPointExtension>
            <ns3:hr>98</ns3:hr>
            <ns3:cad>44</ns3:cad>
          </ns3:TrackPointExtension>
        </extensions>
      </trkpt>
      <trkpt lat="46.56393396668136119842529296875" lon="23.66642757318913936614990234375">
        <ele>666.20001220703125</ele>
        <time>2024-06-09T07:55:51.000Z</time>
        <extensions>
          <ns3:TrackPointExtension>
            <ns3:hr>98</ns3:hr>
            <ns3:cad>43</ns3:cad>
          </ns3:TrackPointExtension>
        </extensions>
      </trkpt>
      <trkpt lat="46.56392374075949192047119140625" lon="23.66644634865224361419677734375">
        <ele>667</ele>
        <time>2024-06-09T07:55:53.000Z</time>
        <extensions>
          <ns3:TrackPointExtension>
            <ns3:hr>99</ns3:hr>
            <ns3:cad>80</ns3:cad>
          </ns3:TrackPointExtension>
        </extensions>
      </trkpt>
      <trkpt lat="46.56391435302793979644775390625" lon="23.666468225419521331787109375">
        <ele>667.20001220703125</ele>
        <time>2024-06-09T07:55:55.000Z</time>
        <extensions>
          <ns3:TrackPointExtension>
            <ns3:hr>102</ns3:hr>
            <ns3:cad>40</ns3:cad>
          </ns3:TrackPointExtension>
        </extensions>
      </trkpt>
      <trkpt lat="46.56389742158353328704833984375" lon="23.66650200448930263519287109375">
        <ele>667.4000244140625</ele>
        <time>2024-06-09T07:55:58.000Z</time>
        <extensions>
          <ns3:TrackPointExtension>
            <ns3:hr>105</ns3:hr>
            <ns3:cad>41</ns3:cad>
          </ns3:TrackPointExtension>
        </extensions>
      </trkpt>
      <trkpt lat="46.56388233415782451629638671875" lon="23.66652245633304119110107421875">
        <ele>667.4000244140625</ele>
        <time>2024-06-09T07:56:00.000Z</time>
        <extensions>
          <ns3:TrackPointExtension>
            <ns3:hr>109</ns3:hr>
            <ns3:cad>42</ns3:cad>
          </ns3:TrackPointExtension>
        </extensions>
      </trkpt>
      <trkpt lat="46.56387479044497013092041015625" lon="23.666541986167430877685546875">
        <ele>667.79998779296875</ele>
        <time>2024-06-09T07:56:02.000Z</time>
        <extensions>
          <ns3:TrackPointExtension>
            <ns3:hr>112</ns3:hr>
            <ns3:cad>42</ns3:cad>
          </ns3:TrackPointExtension>
        </extensions>
      </trkpt>
      <trkpt lat="46.56386406160891056060791015625" lon="23.66656118072569370269775390625">
        <ele>668.20001220703125</ele>
        <time>2024-06-09T07:56:04.000Z</time>
        <extensions>
          <ns3:TrackPointExtension>
            <ns3:hr>114</ns3:hr>
            <ns3:cad>43</ns3:cad>
          </ns3:TrackPointExtension>
        </extensions>
      </trkpt>
      <trkpt lat="46.56386272050440311431884765625" lon="23.66656755097210407257080078125">
        <ele>668.20001220703125</ele>
        <time>2024-06-09T07:56:05.000Z</time>
        <extensions>
          <ns3:TrackPointExtension>
            <ns3:hr>115</ns3:hr>
            <ns3:cad>43</ns3:cad>
          </ns3:TrackPointExtension>
        </extensions>
      </trkpt>
      <trkpt lat="46.563848219811916351318359375" lon="23.66660468280315399169921875">
        <ele>669.20001220703125</ele>
        <time>2024-06-09T07:56:09.000Z</time>
        <extensions>
          <ns3:TrackPointExtension>
            <ns3:hr>116</ns3:hr>
            <ns3:cad>41</ns3:cad>
          </ns3:TrackPointExtension>
        </extensions>
      </trkpt>
      <trkpt lat="46.563814692199230194091796875" lon="23.6666558124125003814697265625">
        <ele>669.79998779296875</ele>
        <time>2024-06-09T07:56:13.000Z</time>
        <extensions>
          <ns3:TrackPointExtension>
            <ns3:hr>117</ns3:hr>
            <ns3:cad>77</ns3:cad>
          </ns3:TrackPointExtension>
        </extensions>
      </trkpt>
      <trkpt lat="46.56379424035549163818359375" lon="23.6666806228458881378173828125">
        <ele>670.4000244140625</ele>
        <time>2024-06-09T07:56:16.000Z</time>
        <extensions>
          <ns3:TrackPointExtension>
            <ns3:hr>118</ns3:hr>
            <ns3:cad>42</ns3:cad>
          </ns3:TrackPointExtension>
        </extensions>
      </trkpt>
      <trkpt lat="46.56378342770040035247802734375" lon="23.66669914685189723968505859375">
        <ele>670.79998779296875</ele>
        <time>2024-06-09T07:56:19.000Z</time>
        <extensions>
          <ns3:TrackPointExtension>
            <ns3:hr>121</ns3:hr>
            <ns3:cad>41</ns3:cad>
          </ns3:TrackPointExtension>
        </extensions>
      </trkpt>
      <trkpt lat="46.56377672217786312103271484375" lon="23.66671054624021053314208984375">
        <ele>671.4000244140625</ele>
        <time>2024-06-09T07:56:21.000Z</time>
        <extensions>
          <ns3:TrackPointExtension>
            <ns3:hr>125</ns3:hr>
            <ns3:cad>40</ns3:cad>
          </ns3:TrackPointExtension>
        </extensions>
      </trkpt>
      <trkpt lat="46.56377001665532588958740234375" lon="23.66671867668628692626953125">
        <ele>671.5999755859375</ele>
        <time>2024-06-09T07:56:22.000Z</time>
        <extensions>
          <ns3:TrackPointExtension>
            <ns3:hr>126</ns3:hr>
            <ns3:cad>40</ns3:cad>
          </ns3:TrackPointExtension>
        </extensions>
      </trkpt>
      <trkpt lat="46.56375559978187084197998046875" lon="23.66674147546291351318359375">
        <ele>672.4000244140625</ele>
        <time>2024-06-09T07:56:27.000Z</time>
        <extensions>
          <ns3:TrackPointExtension>
            <ns3:hr>127</ns3:hr>
            <ns3:cad>76</ns3:cad>
          </ns3:TrackPointExtension>
        </extensions>
      </trkpt>
      <trkpt lat="46.5637488104403018951416015625" lon="23.66675714962184429168701171875">
        <ele>672.79998779296875</ele>
        <time>2024-06-09T07:56:29.000Z</time>
        <extensions>
          <ns3:TrackPointExtension>
            <ns3:hr>127</ns3:hr>
            <ns3:cad>42</ns3:cad>
          </ns3:TrackPointExtension>
        </extensions>
      </trkpt>
      <trkpt lat="46.56373715959489345550537109375" lon="23.66678045131266117095947265625">
        <ele>673.79998779296875</ele>
        <time>2024-06-09T07:56:33.000Z</time>
        <extensions>
          <ns3:TrackPointExtension>
            <ns3:hr>125</ns3:hr>
            <ns3:cad>43</ns3:cad>
          </ns3:TrackPointExtension>
        </extensions>
      </trkpt>
      <trkpt lat="46.56373095698654651641845703125" lon="23.6668024957180023193359375">
        <ele>674.20001220703125</ele>
        <time>2024-06-09T07:56:35.000Z</time>
        <extensions>
          <ns3:TrackPointExtension>
            <ns3:hr>125</ns3:hr>
            <ns3:cad>43</ns3:cad>
          </ns3:TrackPointExtension>
        </extensions>
      </trkpt>
      <trkpt lat="46.56371855176985263824462890625" lon="23.66683325730264186859130859375">
        <ele>675</ele>
        <time>2024-06-09T07:56:38.000Z</time>
        <extensions>
          <ns3:TrackPointExtension>
            <ns3:hr>125</ns3:hr>
            <ns3:cad>75</ns3:cad>
          </ns3:TrackPointExtension>
        </extensions>
      </trkpt>
      <trkpt lat="46.56370497308671474456787109375" lon="23.6668442375957965850830078125">
        <ele>675.5999755859375</ele>
        <time>2024-06-09T07:56:41.000Z</time>
        <extensions>
          <ns3:TrackPointExtension>
            <ns3:hr>126</ns3:hr>
            <ns3:cad>50</ns3:cad>
          </ns3:TrackPointExtension>
        </extensions>
      </trkpt>
      <trkpt lat="46.56369877047836780548095703125" lon="23.66685706190764904022216796875">
        <ele>676</ele>
        <time>2024-06-09T07:56:43.000Z</time>
        <extensions>
          <ns3:TrackPointExtension>
            <ns3:hr>126</ns3:hr>
            <ns3:cad>0</ns3:cad>
          </ns3:TrackPointExtension>
        </extensions>
      </trkpt>
      <trkpt lat="46.56369097530841827392578125" lon="23.66687064059078693389892578125">
        <ele>676.4000244140625</ele>
        <time>2024-06-09T07:56:45.000Z</time>
        <extensions>
          <ns3:TrackPointExtension>
            <ns3:hr>129</ns3:hr>
            <ns3:cad>0</ns3:cad>
          </ns3:TrackPointExtension>
        </extensions>
      </trkpt>
      <trkpt lat="46.56368418596684932708740234375" lon="23.66689092479646205902099609375">
        <ele>677</ele>
        <time>2024-06-09T07:56:48.000Z</time>
        <extensions>
          <ns3:TrackPointExtension>
            <ns3:hr>132</ns3:hr>
            <ns3:cad>66</ns3:cad>
          </ns3:TrackPointExtension>
        </extensions>
      </trkpt>
      <trkpt lat="46.56368066556751728057861328125" lon="23.6669029109179973602294921875">
        <ele>677.20001220703125</ele>
        <time>2024-06-09T07:56:49.000Z</time>
        <extensions>
          <ns3:TrackPointExtension>
            <ns3:hr>134</ns3:hr>
            <ns3:cad>66</ns3:cad>
          </ns3:TrackPointExtension>
        </extensions>
      </trkpt>
      <trkpt lat="46.5636780671775341033935546875" lon="23.66690718568861484527587890625">
        <ele>677.20001220703125</ele>
        <time>2024-06-09T07:56:50.000Z</time>
        <extensions>
          <ns3:TrackPointExtension>
            <ns3:hr>135</ns3:hr>
            <ns3:cad>65</ns3:cad>
          </ns3:TrackPointExtension>
        </extensions>
      </trkpt>
      <trkpt lat="46.563668511807918548583984375" lon="23.6669283919036388397216796875">
        <ele>678.20001220703125</ele>
        <time>2024-06-09T07:56:53.000Z</time>
        <extensions>
          <ns3:TrackPointExtension>
            <ns3:hr>135</ns3:hr>
            <ns3:cad>65</ns3:cad>
          </ns3:TrackPointExtension>
        </extensions>
      </trkpt>
      <trkpt lat="46.56365736387670040130615234375" lon="23.6669458262622356414794921875">
        <ele>678.5999755859375</ele>
        <time>2024-06-09T07:56:55.000Z</time>
        <extensions>
          <ns3:TrackPointExtension>
            <ns3:hr>136</ns3:hr>
            <ns3:cad>70</ns3:cad>
          </ns3:TrackPointExtension>
        </extensions>
      </trkpt>
      <trkpt lat="46.56364445574581623077392578125" lon="23.6669796891510486602783203125">
        <ele>679.20001220703125</ele>
        <time>2024-06-09T07:56:59.000Z</time>
        <extensions>
          <ns3:TrackPointExtension>
            <ns3:hr>136</ns3:hr>
            <ns3:cad>67</ns3:cad>
          </ns3:TrackPointExtension>
        </extensions>
      </trkpt>
      <trkpt lat="46.56364395283162593841552734375" lon="23.66701112128794193267822265625">
        <ele>679.79998779296875</ele>
        <time>2024-06-09T07:57:02.000Z</time>
        <extensions>
          <ns3:TrackPointExtension>
            <ns3:hr>134</ns3:hr>
            <ns3:cad>65</ns3:cad>
          </ns3:TrackPointExtension>
        </extensions>
      </trkpt>
      <trkpt lat="46.56364395283162593841552734375" lon="23.66701112128794193267822265625">
        <ele>680.4000244140625</ele>
        <time>2024-06-09T07:57:04.000Z</time>
        <extensions>
          <ns3:TrackPointExtension>
            <ns3:hr>135</ns3:hr>
            <ns3:cad>63</ns3:cad>
          </ns3:TrackPointExtension>
        </extensions>
      </trkpt>
      <trkpt lat="46.56363599002361297607421875" lon="23.66707432083785533905029296875">
        <ele>681.4000244140625</ele>
        <time>2024-06-09T07:57:10.000Z</time>
        <extensions>
          <ns3:TrackPointExtension>
            <ns3:hr>136</ns3:hr>
            <ns3:cad>58</ns3:cad>
          </ns3:TrackPointExtension>
        </extensions>
      </trkpt>
      <trkpt lat="46.56363599002361297607421875" lon="23.66707432083785533905029296875">
        <ele>682.20001220703125</ele>
        <time>2024-06-09T07:57:17.000Z</time>
        <extensions>
          <ns3:TrackPointExtension>
            <ns3:hr>135</ns3:hr>
            <ns3:cad>0</ns3:cad>
          </ns3:TrackPointExtension>
        </extensions>
      </trkpt>
      <trkpt lat="46.56363599002361297607421875" lon="23.66707432083785533905029296875">
        <ele>682.20001220703125</ele>
        <time>2024-06-09T07:57:21.000Z</time>
        <extensions>
          <ns3:TrackPointExtension>
            <ns3:hr>132</ns3:hr>
            <ns3:cad>0</ns3:cad>
          </ns3:TrackPointExtension>
        </extensions>
      </trkpt>
      <trkpt lat="46.563639007508754730224609375" lon="23.66708169691264629364013671875">
        <ele>682</ele>
        <time>2024-06-09T07:57:32.000Z</time>
        <extensions>
          <ns3:TrackPointExtension>
            <ns3:hr>132</ns3:hr>
            <ns3:cad>0</ns3:cad>
          </ns3:TrackPointExtension>
        </extensions>
      </trkpt>
      <trkpt lat="46.5636385045945644378662109375" lon="23.6670708842575550079345703125">
        <ele>681.79998779296875</ele>
        <time>2024-06-09T07:57:47.000Z</time>
        <extensions>
          <ns3:TrackPointExtension>
            <ns3:hr>125</ns3:hr>
            <ns3:cad>0</ns3:cad>
          </ns3:TrackPointExtension>
        </extensions>
      </trkpt>
      <trkpt lat="46.56363791786134243011474609375" lon="23.66707147099077701568603515625">
        <ele>681.79998779296875</ele>
        <time>2024-06-09T07:57:49.000Z</time>
        <extensions>
          <ns3:TrackPointExtension>
            <ns3:hr>122</ns3:hr>
            <ns3:cad>0</ns3:cad>
          </ns3:TrackPointExtension>
        </extensions>
      </trkpt>
      <trkpt lat="46.56363691203296184539794921875" lon="23.66707147099077701568603515625">
        <ele>682</ele>
        <time>2024-06-09T07:57:53.000Z</time>
        <extensions>
          <ns3:TrackPointExtension>
            <ns3:hr>119</ns3:hr>
            <ns3:cad>0</ns3:cad>
          </ns3:TrackPointExtension>
        </extensions>
      </trkpt>
      <trkpt lat="46.56363607384264469146728515625" lon="23.667073063552379608154296875">
        <ele>681.79998779296875</ele>
        <time>2024-06-09T07:57:58.000Z</time>
        <extensions>
          <ns3:TrackPointExtension>
            <ns3:hr>115</ns3:hr>
            <ns3:cad>0</ns3:cad>
          </ns3:TrackPointExtension>
        </extensions>
      </trkpt>
      <trkpt lat="46.5636287815868854522705078125" lon="23.66705537773668766021728515625">
        <ele>681.79998779296875</ele>
        <time>2024-06-09T07:58:01.000Z</time>
        <extensions>
          <ns3:TrackPointExtension>
            <ns3:hr>112</ns3:hr>
            <ns3:cad>0</ns3:cad>
          </ns3:TrackPointExtension>
        </extensions>
      </trkpt>
      <trkpt lat="46.56362635083496570587158203125" lon="23.66707214154303073883056640625">
        <ele>682</ele>
        <time>2024-06-09T07:58:05.000Z</time>
        <extensions>
          <ns3:TrackPointExtension>
            <ns3:hr>109</ns3:hr>
            <ns3:cad>0</ns3:cad>
          </ns3:TrackPointExtension>
        </extensions>
      </trkpt>
      <trkpt lat="46.56363599002361297607421875" lon="23.66707432083785533905029296875">
        <ele>682</ele>
        <time>2024-06-09T07:58:08.000Z</time>
        <extensions>
          <ns3:TrackPointExtension>
            <ns3:hr>105</ns3:hr>
            <ns3:cad>0</ns3:cad>
          </ns3:TrackPointExtension>
        </extensions>
      </trkpt>
      <trkpt lat="46.56363599002361297607421875" lon="23.66707432083785533905029296875">
        <ele>682</ele>
        <time>2024-06-09T07:58:09.000Z</time>
        <extensions>
          <ns3:TrackPointExtension>
            <ns3:hr>105</ns3:hr>
            <ns3:cad>0</ns3:cad>
          </ns3:TrackPointExtension>
        </extensions>
      </trkpt>
      <trkpt lat="46.56363599002361297607421875" lon="23.66707432083785533905029296875">
        <ele>681.5999755859375</ele>
        <time>2024-06-09T07:58:16.000Z</time>
        <extensions>
          <ns3:TrackPointExtension>
            <ns3:hr>103</ns3:hr>
            <ns3:cad>0</ns3:cad>
          </ns3:TrackPointExtension>
        </extensions>
      </trkpt>
      <trkpt lat="46.56364805996417999267578125" lon="23.66706677712500095367431640625">
        <ele>681.5999755859375</ele>
        <time>2024-06-09T07:58:23.000Z</time>
        <extensions>
          <ns3:TrackPointExtension>
            <ns3:hr>104</ns3:hr>
            <ns3:cad>0</ns3:cad>
          </ns3:TrackPointExtension>
        </extensions>
      </trkpt>
      <trkpt lat="46.56364805996417999267578125" lon="23.66706677712500095367431640625">
        <ele>681.5999755859375</ele>
        <time>2024-06-09T07:58:27.000Z</time>
        <extensions>
          <ns3:TrackPointExtension>
            <ns3:hr>101</ns3:hr>
            <ns3:cad>0</ns3:cad>
          </ns3:TrackPointExtension>
        </extensions>
      </trkpt>
      <trkpt lat="46.56364805996417999267578125" lon="23.66706677712500095367431640625">
        <ele>681.5999755859375</ele>
        <time>2024-06-09T07:58:29.000Z</time>
        <extensions>
          <ns3:TrackPointExtension>
            <ns3:hr>98</ns3:hr>
            <ns3:cad>0</ns3:cad>
          </ns3:TrackPointExtension>
        </extensions>
      </trkpt>
      <trkpt lat="46.56364805996417999267578125" lon="23.66706677712500095367431640625">
        <ele>681.5999755859375</ele>
        <time>2024-06-09T07:58:36.000Z</time>
        <extensions>
          <ns3:TrackPointExtension>
            <ns3:hr>101</ns3:hr>
            <ns3:cad>0</ns3:cad>
          </ns3:TrackPointExtension>
        </extensions>
      </trkpt>
      <trkpt lat="46.56364805996417999267578125" lon="23.66706677712500095367431640625">
        <ele>681.4000244140625</ele>
        <time>2024-06-09T07:58:42.000Z</time>
        <extensions>
          <ns3:TrackPointExtension>
            <ns3:hr>101</ns3:hr>
            <ns3:cad>0</ns3:cad>
          </ns3:TrackPointExtension>
        </extensions>
      </trkpt>
      <trkpt lat="46.56364805996417999267578125" lon="23.66706677712500095367431640625">
        <ele>681.4000244140625</ele>
        <time>2024-06-09T07:58:44.000Z</time>
        <extensions>
          <ns3:TrackPointExtension>
            <ns3:hr>97</ns3:hr>
            <ns3:cad>0</ns3:cad>
          </ns3:TrackPointExtension>
        </extensions>
      </trkpt>
      <trkpt lat="46.56364613212645053863525390625" lon="23.66707348264753818511962890625">
        <ele>681.4000244140625</ele>
        <time>2024-06-09T07:59:02.000Z</time>
        <extensions>
          <ns3:TrackPointExtension>
            <ns3:hr>97</ns3:hr>
            <ns3:cad>0</ns3:cad>
          </ns3:TrackPointExtension>
        </extensions>
      </trkpt>
      <trkpt lat="46.56362702138721942901611328125" lon="23.66707499139010906219482421875">
        <ele>681.4000244140625</ele>
        <time>2024-06-09T07:59:05.000Z</time>
        <extensions>
          <ns3:TrackPointExtension>
            <ns3:hr>93</ns3:hr>
            <ns3:cad>0</ns3:cad>
          </ns3:TrackPointExtension>
        </extensions>
      </trkpt>
      <trkpt lat="46.56362685374915599822998046875" lon="23.66707650013267993927001953125">
        <ele>681.4000244140625</ele>
        <time>2024-06-09T07:59:08.000Z</time>
        <extensions>
          <ns3:TrackPointExtension>
            <ns3:hr>93</ns3:hr>
            <ns3:cad>0</ns3:cad>
          </ns3:TrackPointExtension>
        </extensions>
      </trkpt>
      <trkpt lat="46.56363171525299549102783203125" lon="23.66707951761782169342041015625">
        <ele>681.4000244140625</ele>
        <time>2024-06-09T07:59:11.000Z</time>
        <extensions>
          <ns3:TrackPointExtension>
            <ns3:hr>96</ns3:hr>
            <ns3:cad>0</ns3:cad>
          </ns3:TrackPointExtension>
        </extensions>
      </trkpt>
      <trkpt lat="46.5636324696242809295654296875" lon="23.667085804045200347900390625">
        <ele>681.4000244140625</ele>
        <time>2024-06-09T07:59:13.000Z</time>
        <extensions>
          <ns3:TrackPointExtension>
            <ns3:hr>99</ns3:hr>
            <ns3:cad>0</ns3:cad>
          </ns3:TrackPointExtension>
        </extensions>
      </trkpt>
      <trkpt lat="46.56363104470074176788330078125" lon="23.66708287037909030914306640625">
        <ele>681</ele>
        <time>2024-06-09T07:59:20.000Z</time>
        <extensions>
          <ns3:TrackPointExtension>
            <ns3:hr>102</ns3:hr>
            <ns3:cad>0</ns3:cad>
          </ns3:TrackPointExtension>
        </extensions>
      </trkpt>
      <trkpt lat="46.56363691203296184539794921875" lon="23.667083121836185455322265625">
        <ele>681</ele>
        <time>2024-06-09T07:59:25.000Z</time>
        <extensions>
          <ns3:TrackPointExtension>
            <ns3:hr>99</ns3:hr>
            <ns3:cad>0</ns3:cad>
          </ns3:TrackPointExtension>
        </extensions>
      </trkpt>
      <trkpt lat="46.56363733112812042236328125" lon="23.66707700304687023162841796875">
        <ele>681.4000244140625</ele>
        <time>2024-06-09T07:59:31.000Z</time>
        <extensions>
          <ns3:TrackPointExtension>
            <ns3:hr>102</ns3:hr>
            <ns3:cad>0</ns3:cad>
          </ns3:TrackPointExtension>
        </extensions>
      </trkpt>
      <trkpt lat="46.56363825313746929168701171875" lon="23.66707867942750453948974609375">
        <ele>681.4000244140625</ele>
        <time>2024-06-09T07:59:32.000Z</time>
        <extensions>
          <ns3:TrackPointExtension>
            <ns3:hr>103</ns3:hr>
            <ns3:cad>0</ns3:cad>
          </ns3:TrackPointExtension>
        </extensions>
      </trkpt>
      <trkpt lat="46.5636312961578369140625" lon="23.667083792388439178466796875">
        <ele>681.20001220703125</ele>
        <time>2024-06-09T07:59:43.000Z</time>
        <extensions>
          <ns3:TrackPointExtension>
            <ns3:hr>105</ns3:hr>
            <ns3:cad>0</ns3:cad>
          </ns3:TrackPointExtension>
        </extensions>
      </trkpt>
      <trkpt lat="46.56363691203296184539794921875" lon="23.667083121836185455322265625">
        <ele>681.4000244140625</ele>
        <time>2024-06-09T07:59:51.000Z</time>
        <extensions>
          <ns3:TrackPointExtension>
            <ns3:hr>102</ns3:hr>
            <ns3:cad>0</ns3:cad>
          </ns3:TrackPointExtension>
        </extensions>
      </trkpt>
      <trkpt lat="46.56363330781459808349609375" lon="23.66709686815738677978515625">
        <ele>681.20001220703125</ele>
        <time>2024-06-09T08:00:00.000Z</time>
        <extensions>
          <ns3:TrackPointExtension>
            <ns3:hr>102</ns3:hr>
            <ns3:cad>0</ns3:cad>
          </ns3:TrackPointExtension>
        </extensions>
      </trkpt>
      <trkpt lat="46.56362668611109256744384765625" lon="23.66709561087191104888916015625">
        <ele>681</ele>
        <time>2024-06-09T08:00:10.000Z</time>
        <extensions>
          <ns3:TrackPointExtension>
            <ns3:hr>99</ns3:hr>
            <ns3:cad>0</ns3:cad>
          </ns3:TrackPointExtension>
        </extensions>
      </trkpt>
      <trkpt lat="46.56361813656985759735107421875" lon="23.66709527559578418731689453125">
        <ele>681</ele>
        <time>2024-06-09T08:00:12.000Z</time>
        <extensions>
          <ns3:TrackPointExtension>
            <ns3:hr>98</ns3:hr>
            <ns3:cad>0</ns3:cad>
          </ns3:TrackPointExtension>
        </extensions>
      </trkpt>
      <trkpt lat="46.563627608120441436767578125" lon="23.6671422980725765228271484375">
        <ele>681.20001220703125</ele>
        <time>2024-06-09T08:00:19.000Z</time>
        <extensions>
          <ns3:TrackPointExtension>
            <ns3:hr>100</ns3:hr>
            <ns3:cad>0</ns3:cad>
          </ns3:TrackPointExtension>
        </extensions>
      </trkpt>
      <trkpt lat="46.5636260993778705596923828125" lon="23.66717255674302577972412109375">
        <ele>681.5999755859375</ele>
        <time>2024-06-09T08:00:23.000Z</time>
        <extensions>
          <ns3:TrackPointExtension>
            <ns3:hr>96</ns3:hr>
            <ns3:cad>70</ns3:cad>
          </ns3:TrackPointExtension>
        </extensions>
      </trkpt>
      <trkpt lat="46.5636299550533294677734375" lon="23.667192421853542327880859375">
        <ele>682.20001220703125</ele>
        <time>2024-06-09T08:00:26.000Z</time>
        <extensions>
          <ns3:TrackPointExtension>
            <ns3:hr>97</ns3:hr>
            <ns3:cad>67</ns3:cad>
          </ns3:TrackPointExtension>
        </extensions>
      </trkpt>
      <trkpt lat="46.5636294521391391754150390625" lon="23.6672003008425235748291015625">
        <ele>682.5999755859375</ele>
        <time>2024-06-09T08:00:27.000Z</time>
        <extensions>
          <ns3:TrackPointExtension>
            <ns3:hr>97</ns3:hr>
            <ns3:cad>67</ns3:cad>
          </ns3:TrackPointExtension>
        </extensions>
      </trkpt>
      <trkpt lat="46.56362232752144336700439453125" lon="23.66721916012465953826904296875">
        <ele>683.5999755859375</ele>
        <time>2024-06-09T08:00:31.000Z</time>
        <extensions>
          <ns3:TrackPointExtension>
            <ns3:hr>98</ns3:hr>
            <ns3:cad>59</ns3:cad>
          </ns3:TrackPointExtension>
        </extensions>
      </trkpt>
      <trkpt lat="46.5636123530566692352294921875" lon="23.66723022423684597015380859375">
        <ele>684.4000244140625</ele>
        <time>2024-06-09T08:00:34.000Z</time>
        <extensions>
          <ns3:TrackPointExtension>
            <ns3:hr>99</ns3:hr>
            <ns3:cad>59</ns3:cad>
          </ns3:TrackPointExtension>
        </extensions>
      </trkpt>
      <trkpt lat="46.56360740773379802703857421875" lon="23.66723860614001750946044921875">
        <ele>684.79998779296875</ele>
        <time>2024-06-09T08:00:35.000Z</time>
        <extensions>
          <ns3:TrackPointExtension>
            <ns3:hr>100</ns3:hr>
            <ns3:cad>59</ns3:cad>
          </ns3:TrackPointExtension>
        </extensions>
      </trkpt>
      <trkpt lat="46.56360070221126079559326171875" lon="23.6672844551503658294677734375">
        <ele>686</ele>
        <time>2024-06-09T08:00:39.000Z</time>
        <extensions>
          <ns3:TrackPointExtension>
            <ns3:hr>102</ns3:hr>
            <ns3:cad>66</ns3:cad>
          </ns3:TrackPointExtension>
        </extensions>
      </trkpt>
      <trkpt lat="46.563600786030292510986328125" lon="23.667310439050197601318359375">
        <ele>687</ele>
        <time>2024-06-09T08:00:42.000Z</time>
        <extensions>
          <ns3:TrackPointExtension>
            <ns3:hr>104</ns3:hr>
            <ns3:cad>73</ns3:cad>
          </ns3:TrackPointExtension>
        </extensions>
      </trkpt>
      <trkpt lat="46.5636009536683559417724609375" lon="23.66731655783951282501220703125">
        <ele>687.20001220703125</ele>
        <time>2024-06-09T08:00:43.000Z</time>
        <extensions>
          <ns3:TrackPointExtension>
            <ns3:hr>105</ns3:hr>
            <ns3:cad>75</ns3:cad>
          </ns3:TrackPointExtension>
        </extensions>
      </trkpt>
      <trkpt lat="46.56360137276351451873779296875" lon="23.66733516566455364227294921875">
        <ele>688</ele>
        <time>2024-06-09T08:00:45.000Z</time>
        <extensions>
          <ns3:TrackPointExtension>
            <ns3:hr>108</ns3:hr>
            <ns3:cad>77</ns3:cad>
          </ns3:TrackPointExtension>
        </extensions>
      </trkpt>
      <trkpt lat="46.56360221095383167266845703125" lon="23.66734564304351806640625">
        <ele>688.20001220703125</ele>
        <time>2024-06-09T08:00:46.000Z</time>
        <extensions>
          <ns3:TrackPointExtension>
            <ns3:hr>109</ns3:hr>
            <ns3:cad>73</ns3:cad>
          </ns3:TrackPointExtension>
        </extensions>
      </trkpt>
      <trkpt lat="46.56360036693513393402099609375" lon="23.66736567579209804534912109375">
        <ele>689</ele>
        <time>2024-06-09T08:00:48.000Z</time>
        <extensions>
          <ns3:TrackPointExtension>
            <ns3:hr>113</ns3:hr>
            <ns3:cad>73</ns3:cad>
          </ns3:TrackPointExtension>
        </extensions>
      </trkpt>
      <trkpt lat="46.56360288150608539581298828125" lon="23.66738445125520229339599609375">
        <ele>689.5999755859375</ele>
        <time>2024-06-09T08:00:50.000Z</time>
        <extensions>
          <ns3:TrackPointExtension>
            <ns3:hr>118</ns3:hr>
            <ns3:cad>72</ns3:cad>
          </ns3:TrackPointExtension>
        </extensions>
      </trkpt>
      <trkpt lat="46.56360388733446598052978515625" lon="23.66738855838775634765625">
        <ele>689.79998779296875</ele>
        <time>2024-06-09T08:00:51.000Z</time>
        <extensions>
          <ns3:TrackPointExtension>
            <ns3:hr>121</ns3:hr>
            <ns3:cad>72</ns3:cad>
          </ns3:TrackPointExtension>
        </extensions>
      </trkpt>
      <trkpt lat="46.56360304914414882659912109375" lon="23.66739518009126186370849609375">
        <ele>690.20001220703125</ele>
        <time>2024-06-09T08:00:52.000Z</time>
        <extensions>
          <ns3:TrackPointExtension>
            <ns3:hr>122</ns3:hr>
            <ns3:cad>72</ns3:cad>
          </ns3:TrackPointExtension>
        </extensions>
      </trkpt>
      <trkpt lat="46.56360254622995853424072265625" lon="23.66740389727056026458740234375">
        <ele>690.5999755859375</ele>
        <time>2024-06-09T08:00:53.000Z</time>
        <extensions>
          <ns3:TrackPointExtension>
            <ns3:hr>122</ns3:hr>
            <ns3:cad>73</ns3:cad>
          </ns3:TrackPointExtension>
        </extensions>
      </trkpt>
      <trkpt lat="46.563598103821277618408203125" lon="23.66742988117039203643798828125">
        <ele>691.5999755859375</ele>
        <time>2024-06-09T08:00:59.000Z</time>
        <extensions>
          <ns3:TrackPointExtension>
            <ns3:hr>124</ns3:hr>
            <ns3:cad>0</ns3:cad>
          </ns3:TrackPointExtension>
        </extensions>
      </trkpt>
      <trkpt lat="46.5635982714593410491943359375" lon="23.66743055172264575958251953125">
        <ele>691.79998779296875</ele>
        <time>2024-06-09T08:01:00.000Z</time>
        <extensions>
          <ns3:TrackPointExtension>
            <ns3:hr>124</ns3:hr>
            <ns3:cad>0</ns3:cad>
          </ns3:TrackPointExtension>
        </extensions>
      </trkpt>
      <trkpt lat="46.5636079944670200347900390625" lon="23.66742677986621856689453125">
        <ele>692.4000244140625</ele>
        <time>2024-06-09T08:01:07.000Z</time>
        <extensions>
          <ns3:TrackPointExtension>
            <ns3:hr>124</ns3:hr>
            <ns3:cad>0</ns3:cad>
          </ns3:TrackPointExtension>
        </extensions>
      </trkpt>
      <trkpt lat="46.56361025758087635040283203125" lon="23.6674574576318264007568359375">
        <ele>692.20001220703125</ele>
        <time>2024-06-09T08:01:14.000Z</time>
        <extensions>
          <ns3:TrackPointExtension>
            <ns3:hr>123</ns3:hr>
            <ns3:cad>0</ns3:cad>
          </ns3:TrackPointExtension>
        </extensions>
      </trkpt>
      <trkpt lat="46.56360891647636890411376953125" lon="23.66750012151896953582763671875">
        <ele>692.5999755859375</ele>
        <time>2024-06-09T08:01:21.000Z</time>
        <extensions>
          <ns3:TrackPointExtension>
            <ns3:hr>124</ns3:hr>
            <ns3:cad>0</ns3:cad>
          </ns3:TrackPointExtension>
        </extensions>
      </trkpt>
      <trkpt lat="46.56360455788671970367431640625" lon="23.66752174682915210723876953125">
        <ele>692.5999755859375</ele>
        <time>2024-06-09T08:01:22.000Z</time>
        <extensions>
          <ns3:TrackPointExtension>
            <ns3:hr>123</ns3:hr>
            <ns3:cad>0</ns3:cad>
          </ns3:TrackPointExtension>
        </extensions>
      </trkpt>
      <trkpt lat="46.56360321678221225738525390625" lon="23.66752828471362590789794921875">
        <ele>692.79998779296875</ele>
        <time>2024-06-09T08:01:24.000Z</time>
        <extensions>
          <ns3:TrackPointExtension>
            <ns3:hr>119</ns3:hr>
            <ns3:cad>0</ns3:cad>
          </ns3:TrackPointExtension>
        </extensions>
      </trkpt>
      <trkpt lat="46.563588716089725494384765625" lon="23.66752828471362590789794921875">
        <ele>693.20001220703125</ele>
        <time>2024-06-09T08:01:27.000Z</time>
        <extensions>
          <ns3:TrackPointExtension>
            <ns3:hr>118</ns3:hr>
            <ns3:cad>0</ns3:cad>
          </ns3:TrackPointExtension>
        </extensions>
      </trkpt>
      <trkpt lat="46.56358779408037662506103515625" lon="23.667524345219135284423828125">
        <ele>693.5999755859375</ele>
        <time>2024-06-09T08:01:36.000Z</time>
        <extensions>
          <ns3:TrackPointExtension>
            <ns3:hr>117</ns3:hr>
            <ns3:cad>0</ns3:cad>
          </ns3:TrackPointExtension>
        </extensions>
      </trkpt>
      <trkpt lat="46.56359617598354816436767578125" lon="23.667533062398433685302734375">
        <ele>693.5999755859375</ele>
        <time>2024-06-09T08:01:41.000Z</time>
        <extensions>
          <ns3:TrackPointExtension>
            <ns3:hr>113</ns3:hr>
            <ns3:cad>0</ns3:cad>
          </ns3:TrackPointExtension>
        </extensions>
      </trkpt>
      <trkpt lat="46.56360648572444915771484375" lon="23.66754538379609584808349609375">
        <ele>693.5999755859375</ele>
        <time>2024-06-09T08:01:44.000Z</time>
        <extensions>
          <ns3:TrackPointExtension>
            <ns3:hr>110</ns3:hr>
            <ns3:cad>0</ns3:cad>
          </ns3:TrackPointExtension>
        </extensions>
      </trkpt>
      <trkpt lat="46.56359768472611904144287109375" lon="23.66754722781479358673095703125">
        <ele>693.4000244140625</ele>
        <time>2024-06-09T08:01:56.000Z</time>
        <extensions>
          <ns3:TrackPointExtension>
            <ns3:hr>107</ns3:hr>
            <ns3:cad>0</ns3:cad>
          </ns3:TrackPointExtension>
        </extensions>
      </trkpt>
      <trkpt lat="46.5635982714593410491943359375" lon="23.6675597168505191802978515625">
        <ele>693.4000244140625</ele>
        <time>2024-06-09T08:01:57.000Z</time>
        <extensions>
          <ns3:TrackPointExtension>
            <ns3:hr>107</ns3:hr>
            <ns3:cad>0</ns3:cad>
          </ns3:TrackPointExtension>
        </extensions>
      </trkpt>
      <trkpt lat="46.563598103821277618408203125" lon="23.66763465106487274169921875">
        <ele>693.79998779296875</ele>
        <time>2024-06-09T08:02:03.000Z</time>
        <extensions>
          <ns3:TrackPointExtension>
            <ns3:hr>107</ns3:hr>
            <ns3:cad>73</ns3:cad>
          </ns3:TrackPointExtension>
        </extensions>
      </trkpt>
      <trkpt lat="46.56359500251710414886474609375" lon="23.66767681203782558441162109375">
        <ele>693.79998779296875</ele>
        <time>2024-06-09T08:02:07.000Z</time>
        <extensions>
          <ns3:TrackPointExtension>
            <ns3:hr>105</ns3:hr>
            <ns3:cad>74</ns3:cad>
          </ns3:TrackPointExtension>
        </extensions>
      </trkpt>
      <trkpt lat="46.56359198503196239471435546875" lon="23.66780363023281097412109375">
        <ele>694.5999755859375</ele>
        <time>2024-06-09T08:02:17.000Z</time>
        <extensions>
          <ns3:TrackPointExtension>
            <ns3:hr>107</ns3:hr>
            <ns3:cad>77</ns3:cad>
          </ns3:TrackPointExtension>
        </extensions>
      </trkpt>
      <trkpt lat="46.5635976009070873260498046875" lon="23.66791360080242156982421875">
        <ele>693.79998779296875</ele>
        <time>2024-06-09T08:02:25.000Z</time>
        <extensions>
          <ns3:TrackPointExtension>
            <ns3:hr>107</ns3:hr>
            <ns3:cad>50</ns3:cad>
          </ns3:TrackPointExtension>
        </extensions>
      </trkpt>
      <trkpt lat="46.56359567306935787200927734375" lon="23.667970262467861175537109375">
        <ele>693.4000244140625</ele>
        <time>2024-06-09T08:02:29.000Z</time>
        <extensions>
          <ns3:TrackPointExtension>
            <ns3:hr>112</ns3:hr>
            <ns3:cad>54</ns3:cad>
          </ns3:TrackPointExtension>
        </extensions>
      </trkpt>
      <trkpt lat="46.5635949186980724334716796875" lon="23.66802499629557132720947265625">
        <ele>693.4000244140625</ele>
        <time>2024-06-09T08:02:33.000Z</time>
        <extensions>
          <ns3:TrackPointExtension>
            <ns3:hr>114</ns3:hr>
            <ns3:cad>54</ns3:cad>
          </ns3:TrackPointExtension>
        </extensions>
      </trkpt>
      <trkpt lat="46.56357924453914165496826171875" lon="23.668153323233127593994140625">
        <ele>694.4000244140625</ele>
        <time>2024-06-09T08:02:42.000Z</time>
        <extensions>
          <ns3:TrackPointExtension>
            <ns3:hr>113</ns3:hr>
            <ns3:cad>44</ns3:cad>
          </ns3:TrackPointExtension>
        </extensions>
      </trkpt>
      <trkpt lat="46.5635843575000762939453125" lon="23.66822800599038600921630859375">
        <ele>694.79998779296875</ele>
        <time>2024-06-09T08:02:48.000Z</time>
        <extensions>
          <ns3:TrackPointExtension>
            <ns3:hr>112</ns3:hr>
            <ns3:cad>44</ns3:cad>
          </ns3:TrackPointExtension>
        </extensions>
      </trkpt>
      <trkpt lat="46.56359148211777210235595703125" lon="23.66825432516634464263916015625">
        <ele>695</ele>
        <time>2024-06-09T08:02:50.000Z</time>
        <extensions>
          <ns3:TrackPointExtension>
            <ns3:hr>110</ns3:hr>
            <ns3:cad>43</ns3:cad>
          </ns3:TrackPointExtension>
        </extensions>
      </trkpt>
      <trkpt lat="46.56361411325633525848388671875" lon="23.66829640232026576995849609375">
        <ele>695.20001220703125</ele>
        <time>2024-06-09T08:02:55.000Z</time>
        <extensions>
          <ns3:TrackPointExtension>
            <ns3:hr>107</ns3:hr>
            <ns3:cad>46</ns3:cad>
          </ns3:TrackPointExtension>
        </extensions>
      </trkpt>
      <trkpt lat="46.5636368282139301300048828125" lon="23.6683375574648380279541015625">
        <ele>695.4000244140625</ele>
        <time>2024-06-09T08:02:58.000Z</time>
        <extensions>
          <ns3:TrackPointExtension>
            <ns3:hr>107</ns3:hr>
            <ns3:cad>47</ns3:cad>
          </ns3:TrackPointExtension>
        </extensions>
      </trkpt>
      <trkpt lat="46.56367748044431209564208984375" lon="23.66842380724847316741943359375">
        <ele>695.79998779296875</ele>
        <time>2024-06-09T08:03:07.000Z</time>
        <extensions>
          <ns3:TrackPointExtension>
            <ns3:hr>107</ns3:hr>
            <ns3:cad>78</ns3:cad>
          </ns3:TrackPointExtension>
        </extensions>
      </trkpt>
      <trkpt lat="46.56367965973913669586181640625" lon="23.66843017749488353729248046875">
        <ele>696</ele>
        <time>2024-06-09T08:03:08.000Z</time>
        <extensions>
          <ns3:TrackPointExtension>
            <ns3:hr>107</ns3:hr>
            <ns3:cad>78</ns3:cad>
          </ns3:TrackPointExtension>
        </extensions>
      </trkpt>
      <trkpt lat="46.56368653289973735809326171875" lon="23.66847275756299495697021484375">
        <ele>696.5999755859375</ele>
        <time>2024-06-09T08:03:13.000Z</time>
        <extensions>
          <ns3:TrackPointExtension>
            <ns3:hr>104</ns3:hr>
            <ns3:cad>0</ns3:cad>
          </ns3:TrackPointExtension>
        </extensions>
      </trkpt>
      <trkpt lat="46.56368452124297618865966796875" lon="23.66846638731658458709716796875">
        <ele>696.79998779296875</ele>
        <time>2024-06-09T08:03:15.000Z</time>
        <extensions>
          <ns3:TrackPointExtension>
            <ns3:hr>103</ns3:hr>
            <ns3:cad>0</ns3:cad>
          </ns3:TrackPointExtension>
        </extensions>
      </trkpt>
      <trkpt lat="46.56368385069072246551513671875" lon="23.66846638731658458709716796875">
        <ele>696.79998779296875</ele>
        <time>2024-06-09T08:03:16.000Z</time>
        <extensions>
          <ns3:TrackPointExtension>
            <ns3:hr>103</ns3:hr>
            <ns3:cad>0</ns3:cad>
          </ns3:TrackPointExtension>
        </extensions>
      </trkpt>
      <trkpt lat="46.56370061449706554412841796875" lon="23.6685176007449626922607421875">
        <ele>697</ele>
        <time>2024-06-09T08:03:23.000Z</time>
        <extensions>
          <ns3:TrackPointExtension>
            <ns3:hr>103</ns3:hr>
            <ns3:cad>0</ns3:cad>
          </ns3:TrackPointExtension>
        </extensions>
      </trkpt>
      <trkpt lat="46.56370304524898529052734375" lon="23.66855800151824951171875">
        <ele>697.4000244140625</ele>
        <time>2024-06-09T08:03:28.000Z</time>
        <extensions>
          <ns3:TrackPointExtension>
            <ns3:hr>107</ns3:hr>
            <ns3:cad>72</ns3:cad>
          </ns3:TrackPointExtension>
        </extensions>
      </trkpt>
      <trkpt lat="46.56370799057185649871826171875" lon="23.6685833148658275604248046875">
        <ele>698</ele>
        <time>2024-06-09T08:03:30.000Z</time>
        <extensions>
          <ns3:TrackPointExtension>
            <ns3:hr>107</ns3:hr>
            <ns3:cad>72</ns3:cad>
          </ns3:TrackPointExtension>
        </extensions>
      </trkpt>
      <trkpt lat="46.5637142769992351531982421875" lon="23.668611310422420501708984375">
        <ele>698.4000244140625</ele>
        <time>2024-06-09T08:03:32.000Z</time>
        <extensions>
          <ns3:TrackPointExtension>
            <ns3:hr>106</ns3:hr>
            <ns3:cad>40</ns3:cad>
          </ns3:TrackPointExtension>
        </extensions>
      </trkpt>
      <trkpt lat="46.56373062171041965484619140625" lon="23.66866755299270153045654296875">
        <ele>699</ele>
        <time>2024-06-09T08:03:36.000Z</time>
        <extensions>
          <ns3:TrackPointExtension>
            <ns3:hr>105</ns3:hr>
            <ns3:cad>41</ns3:cad>
          </ns3:TrackPointExtension>
        </extensions>
      </trkpt>
      <trkpt lat="46.5637390874326229095458984375" lon="23.66870812140405178070068359375">
        <ele>699.4000244140625</ele>
        <time>2024-06-09T08:03:38.000Z</time>
        <extensions>
          <ns3:TrackPointExtension>
            <ns3:hr>105</ns3:hr>
            <ns3:cad>42</ns3:cad>
          </ns3:TrackPointExtension>
        </extensions>
      </trkpt>
      <trkpt lat="46.56374537386000156402587890625" lon="23.6687358655035495758056640625">
        <ele>700</ele>
        <time>2024-06-09T08:03:40.000Z</time>
        <extensions>
          <ns3:TrackPointExtension>
            <ns3:hr>105</ns3:hr>
            <ns3:cad>42</ns3:cad>
          </ns3:TrackPointExtension>
        </extensions>
      </trkpt>
      <trkpt lat="46.56375794671475887298583984375" lon="23.668767549097537994384765625">
        <ele>700.4000244140625</ele>
        <time>2024-06-09T08:03:43.000Z</time>
        <extensions>
          <ns3:TrackPointExtension>
            <ns3:hr>105</ns3:hr>
            <ns3:cad>43</ns3:cad>
          </ns3:TrackPointExtension>
        </extensions>
      </trkpt>
      <trkpt lat="46.563763730227947235107421875" lon="23.668809793889522552490234375">
        <ele>700.5999755859375</ele>
        <time>2024-06-09T08:03:46.000Z</time>
        <extensions>
          <ns3:TrackPointExtension>
            <ns3:hr>108</ns3:hr>
            <ns3:cad>44</ns3:cad>
          </ns3:TrackPointExtension>
        </extensions>
      </trkpt>
      <trkpt lat="46.563770435750484466552734375" lon="23.6688284017145633697509765625">
        <ele>700.79998779296875</ele>
        <time>2024-06-09T08:03:48.000Z</time>
        <extensions>
          <ns3:TrackPointExtension>
            <ns3:hr>112</ns3:hr>
            <ns3:cad>43</ns3:cad>
          </ns3:TrackPointExtension>
        </extensions>
      </trkpt>
      <trkpt lat="46.563778482377529144287109375" lon="23.66884642280638217926025390625">
        <ele>701.20001220703125</ele>
        <time>2024-06-09T08:03:50.000Z</time>
        <extensions>
          <ns3:TrackPointExtension>
            <ns3:hr>114</ns3:hr>
            <ns3:cad>43</ns3:cad>
          </ns3:TrackPointExtension>
        </extensions>
      </trkpt>
      <trkpt lat="46.56378610990941524505615234375" lon="23.66886251606047153472900390625">
        <ele>701.20001220703125</ele>
        <time>2024-06-09T08:03:51.000Z</time>
        <extensions>
          <ns3:TrackPointExtension>
            <ns3:hr>114</ns3:hr>
            <ns3:cad>42</ns3:cad>
          </ns3:TrackPointExtension>
        </extensions>
      </trkpt>
      <trkpt lat="46.56382600776851177215576171875" lon="23.668946586549282073974609375">
        <ele>702.20001220703125</ele>
        <time>2024-06-09T08:03:58.000Z</time>
        <extensions>
          <ns3:TrackPointExtension>
            <ns3:hr>115</ns3:hr>
            <ns3:cad>40</ns3:cad>
          </ns3:TrackPointExtension>
        </extensions>
      </trkpt>
      <trkpt lat="46.56383019872009754180908203125" lon="23.66896661929786205291748046875">
        <ele>702.4000244140625</ele>
        <time>2024-06-09T08:04:00.000Z</time>
        <extensions>
          <ns3:TrackPointExtension>
            <ns3:hr>114</ns3:hr>
            <ns3:cad>41</ns3:cad>
          </ns3:TrackPointExtension>
        </extensions>
      </trkpt>
      <trkpt lat="46.56382969580590724945068359375" lon="23.66904825903475284576416015625">
        <ele>703.20001220703125</ele>
        <time>2024-06-09T08:04:08.000Z</time>
        <extensions>
          <ns3:TrackPointExtension>
            <ns3:hr>115</ns3:hr>
            <ns3:cad>79</ns3:cad>
          </ns3:TrackPointExtension>
        </extensions>
      </trkpt>
      <trkpt lat="46.56382977962493896484375" lon="23.66906016133725643157958984375">
        <ele>703.4000244140625</ele>
        <time>2024-06-09T08:04:09.000Z</time>
        <extensions>
          <ns3:TrackPointExtension>
            <ns3:hr>115</ns3:hr>
            <ns3:cad>79</ns3:cad>
          </ns3:TrackPointExtension>
        </extensions>
      </trkpt>
      <trkpt lat="46.56382902525365352630615234375" lon="23.6690694652497768402099609375">
        <ele>703.5999755859375</ele>
        <time>2024-06-09T08:04:10.000Z</time>
        <extensions>
          <ns3:TrackPointExtension>
            <ns3:hr>118</ns3:hr>
            <ns3:cad>79</ns3:cad>
          </ns3:TrackPointExtension>
        </extensions>
      </trkpt>
      <trkpt lat="46.56382651068270206451416015625" lon="23.669097125530242919921875">
        <ele>704.20001220703125</ele>
        <time>2024-06-09T08:04:13.000Z</time>
        <extensions>
          <ns3:TrackPointExtension>
            <ns3:hr>118</ns3:hr>
            <ns3:cad>74</ns3:cad>
          </ns3:TrackPointExtension>
        </extensions>
      </trkpt>
      <trkpt lat="46.56383673660457134246826171875" lon="23.669161498546600341796875">
        <ele>705.20001220703125</ele>
        <time>2024-06-09T08:04:19.000Z</time>
        <extensions>
          <ns3:TrackPointExtension>
            <ns3:hr>119</ns3:hr>
            <ns3:cad>41</ns3:cad>
          </ns3:TrackPointExtension>
        </extensions>
      </trkpt>
      <trkpt lat="46.5638560988008975982666015625" lon="23.669247329235076904296875">
        <ele>705.4000244140625</ele>
        <time>2024-06-09T08:04:24.000Z</time>
        <extensions>
          <ns3:TrackPointExtension>
            <ns3:hr>120</ns3:hr>
            <ns3:cad>0</ns3:cad>
          </ns3:TrackPointExtension>
        </extensions>
      </trkpt>
      <trkpt lat="46.56386774964630603790283203125" lon="23.66929133422672748565673828125">
        <ele>705.4000244140625</ele>
        <time>2024-06-09T08:04:27.000Z</time>
        <extensions>
          <ns3:TrackPointExtension>
            <ns3:hr>119</ns3:hr>
            <ns3:cad>0</ns3:cad>
          </ns3:TrackPointExtension>
        </extensions>
      </trkpt>
      <trkpt lat="46.56388183124363422393798828125" lon="23.66938370279967784881591796875">
        <ele>705.5999755859375</ele>
        <time>2024-06-09T08:04:34.000Z</time>
        <extensions>
          <ns3:TrackPointExtension>
            <ns3:hr>121</ns3:hr>
            <ns3:cad>0</ns3:cad>
          </ns3:TrackPointExtension>
        </extensions>
      </trkpt>
      <trkpt lat="46.56388669274747371673583984375" lon="23.669436089694499969482421875">
        <ele>706.4000244140625</ele>
        <time>2024-06-09T08:04:41.000Z</time>
        <extensions>
          <ns3:TrackPointExtension>
            <ns3:hr>120</ns3:hr>
            <ns3:cad>77</ns3:cad>
          </ns3:TrackPointExtension>
        </extensions>
      </trkpt>
      <trkpt lat="46.5638902969658374786376953125" lon="23.6694429628551006317138671875">
        <ele>706.5999755859375</ele>
        <time>2024-06-09T08:04:42.000Z</time>
        <extensions>
          <ns3:TrackPointExtension>
            <ns3:hr>120</ns3:hr>
            <ns3:cad>77</ns3:cad>
          </ns3:TrackPointExtension>
        </extensions>
      </trkpt>
      <trkpt lat="46.56391602940857410430908203125" lon="23.66951278410851955413818359375">
        <ele>707.5999755859375</ele>
        <time>2024-06-09T08:04:48.000Z</time>
        <extensions>
          <ns3:TrackPointExtension>
            <ns3:hr>121</ns3:hr>
            <ns3:cad>43</ns3:cad>
          </ns3:TrackPointExtension>
        </extensions>
      </trkpt>
      <trkpt lat="46.5639221481978893280029296875" lon="23.66953507997095584869384765625">
        <ele>707.5999755859375</ele>
        <time>2024-06-09T08:04:50.000Z</time>
        <extensions>
          <ns3:TrackPointExtension>
            <ns3:hr>121</ns3:hr>
            <ns3:cad>76</ns3:cad>
          </ns3:TrackPointExtension>
        </extensions>
      </trkpt>
      <trkpt lat="46.563929021358489990234375" lon="23.66960967890918254852294921875">
        <ele>708.5999755859375</ele>
        <time>2024-06-09T08:04:55.000Z</time>
        <extensions>
          <ns3:TrackPointExtension>
            <ns3:hr>120</ns3:hr>
            <ns3:cad>68</ns3:cad>
          </ns3:TrackPointExtension>
        </extensions>
      </trkpt>
      <trkpt lat="46.56393379904329776763916015625" lon="23.66965410299599170684814453125">
        <ele>709</ele>
        <time>2024-06-09T08:04:58.000Z</time>
        <extensions>
          <ns3:TrackPointExtension>
            <ns3:hr>119</ns3:hr>
            <ns3:cad>68</ns3:cad>
          </ns3:TrackPointExtension>
        </extensions>
      </trkpt>
      <trkpt lat="46.56393446959555149078369140625" lon="23.66968461312353610992431640625">
        <ele>709.79998779296875</ele>
        <time>2024-06-09T08:05:01.000Z</time>
        <extensions>
          <ns3:TrackPointExtension>
            <ns3:hr>119</ns3:hr>
            <ns3:cad>0</ns3:cad>
          </ns3:TrackPointExtension>
        </extensions>
      </trkpt>
      <trkpt lat="46.5639265067875385284423828125" lon="23.669731803238391876220703125">
        <ele>711</ele>
        <time>2024-06-09T08:05:06.000Z</time>
        <extensions>
          <ns3:TrackPointExtension>
            <ns3:hr>119</ns3:hr>
            <ns3:cad>70</ns3:cad>
          </ns3:TrackPointExtension>
        </extensions>
      </trkpt>
      <trkpt lat="46.56392407603561878204345703125" lon="23.669740520417690277099609375">
        <ele>711</ele>
        <time>2024-06-09T08:05:07.000Z</time>
        <extensions>
          <ns3:TrackPointExtension>
            <ns3:hr>119</ns3:hr>
            <ns3:cad>67</ns3:cad>
          </ns3:TrackPointExtension>
        </extensions>
      </trkpt>
      <trkpt lat="46.56390395946800708770751953125" lon="23.6697983555495738983154296875">
        <ele>712</ele>
        <time>2024-06-09T08:05:13.000Z</time>
        <extensions>
          <ns3:TrackPointExtension>
            <ns3:hr>121</ns3:hr>
            <ns3:cad>69</ns3:cad>
          </ns3:TrackPointExtension>
        </extensions>
      </trkpt>
      <trkpt lat="46.56389482319355010986328125" lon="23.66980447433888912200927734375">
        <ele>712.5999755859375</ele>
        <time>2024-06-09T08:05:16.000Z</time>
        <extensions>
          <ns3:TrackPointExtension>
            <ns3:hr>121</ns3:hr>
            <ns3:cad>0</ns3:cad>
          </ns3:TrackPointExtension>
        </extensions>
      </trkpt>
      <trkpt lat="46.56388183124363422393798828125" lon="23.669808246195316314697265625">
        <ele>713</ele>
        <time>2024-06-09T08:05:25.000Z</time>
        <extensions>
          <ns3:TrackPointExtension>
            <ns3:hr>123</ns3:hr>
            <ns3:cad>0</ns3:cad>
          </ns3:TrackPointExtension>
        </extensions>
      </trkpt>
      <trkpt lat="46.5638785623013973236083984375" lon="23.6698226630687713623046875">
        <ele>713.20001220703125</ele>
        <time>2024-06-09T08:05:27.000Z</time>
        <extensions>
          <ns3:TrackPointExtension>
            <ns3:hr>124</ns3:hr>
            <ns3:cad>0</ns3:cad>
          </ns3:TrackPointExtension>
        </extensions>
      </trkpt>
      <trkpt lat="46.563888452947139739990234375" lon="23.66982324980199337005615234375">
        <ele>713</ele>
        <time>2024-06-09T08:05:33.000Z</time>
        <extensions>
          <ns3:TrackPointExtension>
            <ns3:hr>125</ns3:hr>
            <ns3:cad>0</ns3:cad>
          </ns3:TrackPointExtension>
        </extensions>
      </trkpt>
      <trkpt lat="46.56390932388603687286376953125" lon="23.66985845379531383514404296875">
        <ele>713</ele>
        <time>2024-06-09T08:05:41.000Z</time>
        <extensions>
          <ns3:TrackPointExtension>
            <ns3:hr>122</ns3:hr>
            <ns3:cad>0</ns3:cad>
          </ns3:TrackPointExtension>
        </extensions>
      </trkpt>
      <trkpt lat="46.56391091644763946533203125" lon="23.66986683569848537445068359375">
        <ele>713</ele>
        <time>2024-06-09T08:05:42.000Z</time>
        <extensions>
          <ns3:TrackPointExtension>
            <ns3:hr>121</ns3:hr>
            <ns3:cad>0</ns3:cad>
          </ns3:TrackPointExtension>
        </extensions>
      </trkpt>
      <trkpt lat="46.56391804106533527374267578125" lon="23.66989910602569580078125">
        <ele>713</ele>
        <time>2024-06-09T08:05:46.000Z</time>
        <extensions>
          <ns3:TrackPointExtension>
            <ns3:hr>118</ns3:hr>
            <ns3:cad>73</ns3:cad>
          </ns3:TrackPointExtension>
        </extensions>
      </trkpt>
      <trkpt lat="46.56391535885632038116455078125" lon="23.66993405856192111968994140625">
        <ele>713.4000244140625</ele>
        <time>2024-06-09T08:05:49.000Z</time>
        <extensions>
          <ns3:TrackPointExtension>
            <ns3:hr>115</ns3:hr>
            <ns3:cad>77</ns3:cad>
          </ns3:TrackPointExtension>
        </extensions>
      </trkpt>
      <trkpt lat="46.56391452066600322723388671875" lon="23.66994746960699558258056640625">
        <ele>713.79998779296875</ele>
        <time>2024-06-09T08:05:50.000Z</time>
        <extensions>
          <ns3:TrackPointExtension>
            <ns3:hr>115</ns3:hr>
            <ns3:cad>79</ns3:cad>
          </ns3:TrackPointExtension>
        </extensions>
      </trkpt>
      <trkpt lat="46.563914604485034942626953125" lon="23.66996741853654384613037109375">
        <ele>714</ele>
        <time>2024-06-09T08:05:52.000Z</time>
        <extensions>
          <ns3:TrackPointExtension>
            <ns3:hr>112</ns3:hr>
            <ns3:cad>79</ns3:cad>
          </ns3:TrackPointExtension>
        </extensions>
      </trkpt>
      <trkpt lat="46.56391493976116180419921875" lon="23.6699820868670940399169921875">
        <ele>714.4000244140625</ele>
        <time>2024-06-09T08:05:53.000Z</time>
        <extensions>
          <ns3:TrackPointExtension>
            <ns3:hr>112</ns3:hr>
            <ns3:cad>79</ns3:cad>
          </ns3:TrackPointExtension>
        </extensions>
      </trkpt>
      <trkpt lat="46.56391535885632038116455078125" lon="23.6700182966887950897216796875">
        <ele>714.5999755859375</ele>
        <time>2024-06-09T08:05:58.000Z</time>
        <extensions>
          <ns3:TrackPointExtension>
            <ns3:hr>115</ns3:hr>
            <ns3:cad>77</ns3:cad>
          </ns3:TrackPointExtension>
        </extensions>
      </trkpt>
      <trkpt lat="46.5639030374586582183837890625" lon="23.670076467096805572509765625">
        <ele>715.4000244140625</ele>
        <time>2024-06-09T08:06:02.000Z</time>
        <extensions>
          <ns3:TrackPointExtension>
            <ns3:hr>113</ns3:hr>
            <ns3:cad>73</ns3:cad>
          </ns3:TrackPointExtension>
        </extensions>
      </trkpt>
      <trkpt lat="46.5638887882232666015625" lon="23.670111000537872314453125">
        <ele>716</ele>
        <time>2024-06-09T08:06:06.000Z</time>
        <extensions>
          <ns3:TrackPointExtension>
            <ns3:hr>110</ns3:hr>
            <ns3:cad>0</ns3:cad>
          </ns3:TrackPointExtension>
        </extensions>
      </trkpt>
      <trkpt lat="46.5638886205852031707763671875" lon="23.67011695168912410736083984375">
        <ele>716.20001220703125</ele>
        <time>2024-06-09T08:06:08.000Z</time>
        <extensions>
          <ns3:TrackPointExtension>
            <ns3:hr>109</ns3:hr>
            <ns3:cad>0</ns3:cad>
          </ns3:TrackPointExtension>
        </extensions>
      </trkpt>
      <trkpt lat="46.56388903968036174774169921875" lon="23.6701259203255176544189453125">
        <ele>716.4000244140625</ele>
        <time>2024-06-09T08:06:10.000Z</time>
        <extensions>
          <ns3:TrackPointExtension>
            <ns3:hr>109</ns3:hr>
            <ns3:cad>73</ns3:cad>
          </ns3:TrackPointExtension>
        </extensions>
      </trkpt>
      <trkpt lat="46.56388543546199798583984375" lon="23.6701829172670841217041015625">
        <ele>717.5999755859375</ele>
        <time>2024-06-09T08:06:14.000Z</time>
        <extensions>
          <ns3:TrackPointExtension>
            <ns3:hr>112</ns3:hr>
            <ns3:cad>77</ns3:cad>
          </ns3:TrackPointExtension>
        </extensions>
      </trkpt>
      <trkpt lat="46.56388082541525363922119140625" lon="23.67020328529179096221923828125">
        <ele>718</ele>
        <time>2024-06-09T08:06:16.000Z</time>
        <extensions>
          <ns3:TrackPointExtension>
            <ns3:hr>115</ns3:hr>
            <ns3:cad>76</ns3:cad>
          </ns3:TrackPointExtension>
        </extensions>
      </trkpt>
      <trkpt lat="46.56387604773044586181640625" lon="23.670228011906147003173828125">
        <ele>718.4000244140625</ele>
        <time>2024-06-09T08:06:18.000Z</time>
        <extensions>
          <ns3:TrackPointExtension>
            <ns3:hr>117</ns3:hr>
            <ns3:cad>73</ns3:cad>
          </ns3:TrackPointExtension>
        </extensions>
      </trkpt>
      <trkpt lat="46.56387479044497013092041015625" lon="23.6702362261712551116943359375">
        <ele>718.5999755859375</ele>
        <time>2024-06-09T08:06:19.000Z</time>
        <extensions>
          <ns3:TrackPointExtension>
            <ns3:hr>117</ns3:hr>
            <ns3:cad>73</ns3:cad>
          </ns3:TrackPointExtension>
        </extensions>
      </trkpt>
      <trkpt lat="46.56387680210173130035400390625" lon="23.67028811015188694000244140625">
        <ele>719.5999755859375</ele>
        <time>2024-06-09T08:06:24.000Z</time>
        <extensions>
          <ns3:TrackPointExtension>
            <ns3:hr>120</ns3:hr>
            <ns3:cad>71</ns3:cad>
          </ns3:TrackPointExtension>
        </extensions>
      </trkpt>
      <trkpt lat="46.56387847848236560821533203125" lon="23.670294396579265594482421875">
        <ele>720</ele>
        <time>2024-06-09T08:06:25.000Z</time>
        <extensions>
          <ns3:TrackPointExtension>
            <ns3:hr>120</ns3:hr>
            <ns3:cad>71</ns3:cad>
          </ns3:TrackPointExtension>
        </extensions>
      </trkpt>
      <trkpt lat="46.56388049013912677764892578125" lon="23.67030202411115169525146484375">
        <ele>721</ele>
        <time>2024-06-09T08:06:29.000Z</time>
        <extensions>
          <ns3:TrackPointExtension>
            <ns3:hr>121</ns3:hr>
            <ns3:cad>62</ns3:cad>
          </ns3:TrackPointExtension>
        </extensions>
      </trkpt>
      <trkpt lat="46.56386842019855976104736328125" lon="23.67034510709345340728759765625">
        <ele>721.4000244140625</ele>
        <time>2024-06-09T08:06:33.000Z</time>
        <extensions>
          <ns3:TrackPointExtension>
            <ns3:hr>121</ns3:hr>
            <ns3:cad>62</ns3:cad>
          </ns3:TrackPointExtension>
        </extensions>
      </trkpt>
      <trkpt lat="46.5638634748756885528564453125" lon="23.67034946568310260772705078125">
        <ele>721.79998779296875</ele>
        <time>2024-06-09T08:06:35.000Z</time>
        <extensions>
          <ns3:TrackPointExtension>
            <ns3:hr>124</ns3:hr>
            <ns3:cad>0</ns3:cad>
          </ns3:TrackPointExtension>
        </extensions>
      </trkpt>
      <trkpt lat="46.56386372633278369903564453125" lon="23.67034695111215114593505859375">
        <ele>722.20001220703125</ele>
        <time>2024-06-09T08:06:36.000Z</time>
        <extensions>
          <ns3:TrackPointExtension>
            <ns3:hr>127</ns3:hr>
            <ns3:cad>0</ns3:cad>
          </ns3:TrackPointExtension>
        </extensions>
      </trkpt>
      <trkpt lat="46.563868336379528045654296875" lon="23.6703643016517162322998046875">
        <ele>722.20001220703125</ele>
        <time>2024-06-09T08:06:39.000Z</time>
        <extensions>
          <ns3:TrackPointExtension>
            <ns3:hr>129</ns3:hr>
            <ns3:cad>0</ns3:cad>
          </ns3:TrackPointExtension>
        </extensions>
      </trkpt>
      <trkpt lat="46.56385987065732479095458984375" lon="23.6704001761972904205322265625">
        <ele>723.20001220703125</ele>
        <time>2024-06-09T08:06:46.000Z</time>
        <extensions>
          <ns3:TrackPointExtension>
            <ns3:hr>129</ns3:hr>
            <ns3:cad>0</ns3:cad>
          </ns3:TrackPointExtension>
        </extensions>
      </trkpt>
      <trkpt lat="46.563856266438961029052734375" lon="23.670387603342533111572265625">
        <ele>723.4000244140625</ele>
        <time>2024-06-09T08:06:47.000Z</time>
        <extensions>
          <ns3:TrackPointExtension>
            <ns3:hr>129</ns3:hr>
            <ns3:cad>0</ns3:cad>
          </ns3:TrackPointExtension>
        </extensions>
      </trkpt>
      <trkpt lat="46.56382483430206775665283203125" lon="23.670355416834354400634765625">
        <ele>723.79998779296875</ele>
        <time>2024-06-09T08:06:52.000Z</time>
        <extensions>
          <ns3:TrackPointExtension>
            <ns3:hr>128</ns3:hr>
            <ns3:cad>20</ns3:cad>
          </ns3:TrackPointExtension>
        </extensions>
      </trkpt>
      <trkpt lat="46.56379558145999908447265625" lon="23.6703401617705821990966796875">
        <ele>724.4000244140625</ele>
        <time>2024-06-09T08:06:58.000Z</time>
        <extensions>
          <ns3:TrackPointExtension>
            <ns3:hr>130</ns3:hr>
            <ns3:cad>0</ns3:cad>
          </ns3:TrackPointExtension>
        </extensions>
      </trkpt>
      <trkpt lat="46.56379826366901397705078125" lon="23.67034175433218479156494140625">
        <ele>724.4000244140625</ele>
        <time>2024-06-09T08:07:00.000Z</time>
        <extensions>
          <ns3:TrackPointExtension>
            <ns3:hr>129</ns3:hr>
            <ns3:cad>0</ns3:cad>
          </ns3:TrackPointExtension>
        </extensions>
      </trkpt>
      <trkpt lat="46.563790552318096160888671875" lon="23.6703297682106494903564453125">
        <ele>724.4000244140625</ele>
        <time>2024-06-09T08:07:11.000Z</time>
        <extensions>
          <ns3:TrackPointExtension>
            <ns3:hr>127</ns3:hr>
            <ns3:cad>0</ns3:cad>
          </ns3:TrackPointExtension>
        </extensions>
      </trkpt>
      <trkpt lat="46.5637685917317867279052734375" lon="23.670302443206310272216796875">
        <ele>724.20001220703125</ele>
        <time>2024-06-09T08:07:15.000Z</time>
        <extensions>
          <ns3:TrackPointExtension>
            <ns3:hr>124</ns3:hr>
            <ns3:cad>0</ns3:cad>
          </ns3:TrackPointExtension>
        </extensions>
      </trkpt>
      <trkpt lat="46.5637533366680145263671875" lon="23.6702767945826053619384765625">
        <ele>724.4000244140625</ele>
        <time>2024-06-09T08:07:19.000Z</time>
        <extensions>
          <ns3:TrackPointExtension>
            <ns3:hr>123</ns3:hr>
            <ns3:cad>0</ns3:cad>
          </ns3:TrackPointExtension>
        </extensions>
      </trkpt>
      <trkpt lat="46.56374084763228893280029296875" lon="23.6702161096036434173583984375">
        <ele>725.4000244140625</ele>
        <time>2024-06-09T08:07:26.000Z</time>
        <extensions>
          <ns3:TrackPointExtension>
            <ns3:hr>125</ns3:hr>
            <ns3:cad>68</ns3:cad>
          </ns3:TrackPointExtension>
        </extensions>
      </trkpt>
      <trkpt lat="46.5637414343655109405517578125" lon="23.670213930308818817138671875">
        <ele>725.4000244140625</ele>
        <time>2024-06-09T08:07:27.000Z</time>
        <extensions>
          <ns3:TrackPointExtension>
            <ns3:hr>125</ns3:hr>
            <ns3:cad>0</ns3:cad>
          </ns3:TrackPointExtension>
        </extensions>
      </trkpt>
      <trkpt lat="46.56372592784464359283447265625" lon="23.67016724310815334320068359375">
        <ele>725.79998779296875</ele>
        <time>2024-06-09T08:07:33.000Z</time>
        <extensions>
          <ns3:TrackPointExtension>
            <ns3:hr>123</ns3:hr>
            <ns3:cad>0</ns3:cad>
          </ns3:TrackPointExtension>
        </extensions>
      </trkpt>
      <trkpt lat="46.56371570192277431488037109375" lon="23.67016824893653392791748046875">
        <ele>726.4000244140625</ele>
        <time>2024-06-09T08:07:37.000Z</time>
        <extensions>
          <ns3:TrackPointExtension>
            <ns3:hr>120</ns3:hr>
            <ns3:cad>0</ns3:cad>
          </ns3:TrackPointExtension>
        </extensions>
      </trkpt>
      <trkpt lat="46.56370949931442737579345703125" lon="23.67016372270882129669189453125">
        <ele>726.5999755859375</ele>
        <time>2024-06-09T08:07:38.000Z</time>
        <extensions>
          <ns3:TrackPointExtension>
            <ns3:hr>119</ns3:hr>
            <ns3:cad>0</ns3:cad>
          </ns3:TrackPointExtension>
        </extensions>
      </trkpt>
      <trkpt lat="46.56370396725833415985107421875" lon="23.6701668240129947662353515625">
        <ele>727.20001220703125</ele>
        <time>2024-06-09T08:07:40.000Z</time>
        <extensions>
          <ns3:TrackPointExtension>
            <ns3:hr>118</ns3:hr>
            <ns3:cad>0</ns3:cad>
          </ns3:TrackPointExtension>
        </extensions>
      </trkpt>
      <trkpt lat="46.5636898018419742584228515625" lon="23.67013790644705295562744140625">
        <ele>728</ele>
        <time>2024-06-09T08:07:43.000Z</time>
        <extensions>
          <ns3:TrackPointExtension>
            <ns3:hr>117</ns3:hr>
            <ns3:cad>0</ns3:cad>
          </ns3:TrackPointExtension>
        </extensions>
      </trkpt>
      <trkpt lat="46.56367580406367778778076171875" lon="23.67011209018528461456298828125">
        <ele>728.4000244140625</ele>
        <time>2024-06-09T08:07:46.000Z</time>
        <extensions>
          <ns3:TrackPointExtension>
            <ns3:hr>118</ns3:hr>
            <ns3:cad>0</ns3:cad>
          </ns3:TrackPointExtension>
        </extensions>
      </trkpt>
      <trkpt lat="46.56366557814180850982666015625" lon="23.67009281180799007415771484375">
        <ele>729.4000244140625</ele>
        <time>2024-06-09T08:07:50.000Z</time>
        <extensions>
          <ns3:TrackPointExtension>
            <ns3:hr>119</ns3:hr>
            <ns3:cad>72</ns3:cad>
          </ns3:TrackPointExtension>
        </extensions>
      </trkpt>
      <trkpt lat="46.563661806285381317138671875" lon="23.67007437162101268768310546875">
        <ele>729.79998779296875</ele>
        <time>2024-06-09T08:07:53.000Z</time>
        <extensions>
          <ns3:TrackPointExtension>
            <ns3:hr>122</ns3:hr>
            <ns3:cad>68</ns3:cad>
          </ns3:TrackPointExtension>
        </extensions>
      </trkpt>
      <trkpt lat="46.56364747323095798492431640625" lon="23.67004998028278350830078125">
        <ele>730.5999755859375</ele>
        <time>2024-06-09T08:07:56.000Z</time>
        <extensions>
          <ns3:TrackPointExtension>
            <ns3:hr>124</ns3:hr>
            <ns3:cad>72</ns3:cad>
          </ns3:TrackPointExtension>
        </extensions>
      </trkpt>
      <trkpt lat="46.563633643090724945068359375" lon="23.6700581945478916168212890625">
        <ele>731</ele>
        <time>2024-06-09T08:07:59.000Z</time>
        <extensions>
          <ns3:TrackPointExtension>
            <ns3:hr>127</ns3:hr>
            <ns3:cad>69</ns3:cad>
          </ns3:TrackPointExtension>
        </extensions>
      </trkpt>
      <trkpt lat="46.56361763365566730499267578125" lon="23.6700667440891265869140625">
        <ele>731.5999755859375</ele>
        <time>2024-06-09T08:08:01.000Z</time>
        <extensions>
          <ns3:TrackPointExtension>
            <ns3:hr>127</ns3:hr>
            <ns3:cad>69</ns3:cad>
          </ns3:TrackPointExtension>
        </extensions>
      </trkpt>
      <trkpt lat="46.5635912306606769561767578125" lon="23.6700595356523990631103515625">
        <ele>732.4000244140625</ele>
        <time>2024-06-09T08:08:05.000Z</time>
        <extensions>
          <ns3:TrackPointExtension>
            <ns3:hr>127</ns3:hr>
            <ns3:cad>69</ns3:cad>
          </ns3:TrackPointExtension>
        </extensions>
      </trkpt>
      <trkpt lat="46.5635791607201099395751953125" lon="23.67003832943737506866455078125">
        <ele>732.5999755859375</ele>
        <time>2024-06-09T08:08:08.000Z</time>
        <extensions>
          <ns3:TrackPointExtension>
            <ns3:hr>131</ns3:hr>
            <ns3:cad>69</ns3:cad>
          </ns3:TrackPointExtension>
        </extensions>
      </trkpt>
      <trkpt lat="46.56356499530375003814697265625" lon="23.67002307437360286712646484375">
        <ele>732.79998779296875</ele>
        <time>2024-06-09T08:08:10.000Z</time>
        <extensions>
          <ns3:TrackPointExtension>
            <ns3:hr>129</ns3:hr>
            <ns3:cad>69</ns3:cad>
          </ns3:TrackPointExtension>
        </extensions>
      </trkpt>
      <trkpt lat="46.56355259008705615997314453125" lon="23.6700072325766086578369140625">
        <ele>733</ele>
        <time>2024-06-09T08:08:12.000Z</time>
        <extensions>
          <ns3:TrackPointExtension>
            <ns3:hr>129</ns3:hr>
            <ns3:cad>76</ns3:cad>
          </ns3:TrackPointExtension>
        </extensions>
      </trkpt>
      <trkpt lat="46.56353565864264965057373046875" lon="23.66999926976859569549560546875">
        <ele>733.79998779296875</ele>
        <time>2024-06-09T08:08:16.000Z</time>
        <extensions>
          <ns3:TrackPointExtension>
            <ns3:hr>128</ns3:hr>
            <ns3:cad>0</ns3:cad>
          </ns3:TrackPointExtension>
        </extensions>
      </trkpt>
      <trkpt lat="46.5635333955287933349609375" lon="23.66999759338796138763427734375">
        <ele>734</ele>
        <time>2024-06-09T08:08:17.000Z</time>
        <extensions>
          <ns3:TrackPointExtension>
            <ns3:hr>129</ns3:hr>
            <ns3:cad>0</ns3:cad>
          </ns3:TrackPointExtension>
        </extensions>
      </trkpt>
      <trkpt lat="46.563501544296741485595703125" lon="23.66998904384672641754150390625">
        <ele>734.5999755859375</ele>
        <time>2024-06-09T08:08:24.000Z</time>
        <extensions>
          <ns3:TrackPointExtension>
            <ns3:hr>128</ns3:hr>
            <ns3:cad>60</ns3:cad>
          </ns3:TrackPointExtension>
        </extensions>
      </trkpt>
      <trkpt lat="46.563494168221950531005859375" lon="23.66998560726642608642578125">
        <ele>734.79998779296875</ele>
        <time>2024-06-09T08:08:25.000Z</time>
        <extensions>
          <ns3:TrackPointExtension>
            <ns3:hr>128</ns3:hr>
            <ns3:cad>59</ns3:cad>
          </ns3:TrackPointExtension>
        </extensions>
      </trkpt>
      <trkpt lat="46.56348352320492267608642578125" lon="23.66997261531651020050048828125">
        <ele>735.79998779296875</ele>
        <time>2024-06-09T08:08:31.000Z</time>
        <extensions>
          <ns3:TrackPointExtension>
            <ns3:hr>128</ns3:hr>
            <ns3:cad>61</ns3:cad>
          </ns3:TrackPointExtension>
        </extensions>
      </trkpt>
      <trkpt lat="46.5634785778820514678955078125" lon="23.66996875964105129241943359375">
        <ele>736</ele>
        <time>2024-06-09T08:08:32.000Z</time>
        <extensions>
          <ns3:TrackPointExtension>
            <ns3:hr>128</ns3:hr>
            <ns3:cad>61</ns3:cad>
          </ns3:TrackPointExtension>
        </extensions>
      </trkpt>
      <trkpt lat="46.5634574554860591888427734375" lon="23.66995367221534252166748046875">
        <ele>737.20001220703125</ele>
        <time>2024-06-09T08:08:39.000Z</time>
        <extensions>
          <ns3:TrackPointExtension>
            <ns3:hr>130</ns3:hr>
            <ns3:cad>0</ns3:cad>
          </ns3:TrackPointExtension>
        </extensions>
      </trkpt>
      <trkpt lat="46.56342317350208759307861328125" lon="23.66990203969180583953857421875">
        <ele>738.20001220703125</ele>
        <time>2024-06-09T08:08:47.000Z</time>
        <extensions>
          <ns3:TrackPointExtension>
            <ns3:hr>130</ns3:hr>
            <ns3:cad>69</ns3:cad>
          </ns3:TrackPointExtension>
        </extensions>
      </trkpt>
      <trkpt lat="46.56341479159891605377197265625" lon="23.66989851929247379302978515625">
        <ele>738.5999755859375</ele>
        <time>2024-06-09T08:08:48.000Z</time>
        <extensions>
          <ns3:TrackPointExtension>
            <ns3:hr>130</ns3:hr>
            <ns3:cad>69</ns3:cad>
          </ns3:TrackPointExtension>
        </extensions>
      </trkpt>
      <trkpt lat="46.56338025815784931182861328125" lon="23.66992366500198841094970703125">
        <ele>739.4000244140625</ele>
        <time>2024-06-09T08:08:53.000Z</time>
        <extensions>
          <ns3:TrackPointExtension>
            <ns3:hr>130</ns3:hr>
            <ns3:cad>42</ns3:cad>
          </ns3:TrackPointExtension>
        </extensions>
      </trkpt>
      <trkpt lat="46.5633712895214557647705078125" lon="23.6699324660003185272216796875">
        <ele>739.5999755859375</ele>
        <time>2024-06-09T08:08:54.000Z</time>
        <extensions>
          <ns3:TrackPointExtension>
            <ns3:hr>130</ns3:hr>
            <ns3:cad>42</ns3:cad>
          </ns3:TrackPointExtension>
        </extensions>
      </trkpt>
      <trkpt lat="46.56333960592746734619140625" lon="23.6699458770453929901123046875">
        <ele>740.4000244140625</ele>
        <time>2024-06-09T08:08:57.000Z</time>
        <extensions>
          <ns3:TrackPointExtension>
            <ns3:hr>130</ns3:hr>
            <ns3:cad>40</ns3:cad>
          </ns3:TrackPointExtension>
        </extensions>
      </trkpt>
      <trkpt lat="46.56328537501394748687744140625" lon="23.6700011976063251495361328125">
        <ele>741.20001220703125</ele>
        <time>2024-06-09T08:09:05.000Z</time>
        <extensions>
          <ns3:TrackPointExtension>
            <ns3:hr>131</ns3:hr>
            <ns3:cad>69</ns3:cad>
          </ns3:TrackPointExtension>
        </extensions>
      </trkpt>
      <trkpt lat="46.5632700361311435699462890625" lon="23.67001670412719249725341796875">
        <ele>741.4000244140625</ele>
        <time>2024-06-09T08:09:07.000Z</time>
        <extensions>
          <ns3:TrackPointExtension>
            <ns3:hr>131</ns3:hr>
            <ns3:cad>73</ns3:cad>
          </ns3:TrackPointExtension>
        </extensions>
      </trkpt>
      <trkpt lat="46.5632405318319797515869140625" lon="23.6700625531375408172607421875">
        <ele>742.20001220703125</ele>
        <time>2024-06-09T08:09:14.000Z</time>
        <extensions>
          <ns3:TrackPointExtension>
            <ns3:hr>129</ns3:hr>
            <ns3:cad>79</ns3:cad>
          </ns3:TrackPointExtension>
        </extensions>
      </trkpt>
      <trkpt lat="46.56322753988206386566162109375" lon="23.6700816638767719268798828125">
        <ele>742.5999755859375</ele>
        <time>2024-06-09T08:09:17.000Z</time>
        <extensions>
          <ns3:TrackPointExtension>
            <ns3:hr>131</ns3:hr>
            <ns3:cad>74</ns3:cad>
          </ns3:TrackPointExtension>
        </extensions>
      </trkpt>
      <trkpt lat="46.56318110413849353790283203125" lon="23.67009717039763927459716796875">
        <ele>743.20001220703125</ele>
        <time>2024-06-09T08:09:24.000Z</time>
        <extensions>
          <ns3:TrackPointExtension>
            <ns3:hr>131</ns3:hr>
            <ns3:cad>78</ns3:cad>
          </ns3:TrackPointExtension>
        </extensions>
      </trkpt>
      <trkpt lat="46.56316735781729221343994140625" lon="23.6700970865786075592041015625">
        <ele>743.5999755859375</ele>
        <time>2024-06-09T08:09:26.000Z</time>
        <extensions>
          <ns3:TrackPointExtension>
            <ns3:hr>131</ns3:hr>
            <ns3:cad>78</ns3:cad>
          </ns3:TrackPointExtension>
        </extensions>
      </trkpt>
      <trkpt lat="46.5631359256803989410400390625" lon="23.6700761318206787109375">
        <ele>744.79998779296875</ele>
        <time>2024-06-09T08:09:30.000Z</time>
        <extensions>
          <ns3:TrackPointExtension>
            <ns3:hr>132</ns3:hr>
            <ns3:cad>73</ns3:cad>
          </ns3:TrackPointExtension>
        </extensions>
      </trkpt>
      <trkpt lat="46.56310583464801311492919921875" lon="23.67006381042301654815673828125">
        <ele>745.79998779296875</ele>
        <time>2024-06-09T08:09:34.000Z</time>
        <extensions>
          <ns3:TrackPointExtension>
            <ns3:hr>133</ns3:hr>
            <ns3:cad>67</ns3:cad>
          </ns3:TrackPointExtension>
        </extensions>
      </trkpt>
      <trkpt lat="46.56309979967772960662841796875" lon="23.6700665764510631561279296875">
        <ele>745.79998779296875</ele>
        <time>2024-06-09T08:09:36.000Z</time>
        <extensions>
          <ns3:TrackPointExtension>
            <ns3:hr>134</ns3:hr>
            <ns3:cad>73</ns3:cad>
          </ns3:TrackPointExtension>
        </extensions>
      </trkpt>
      <trkpt lat="46.5630806051194667816162109375" lon="23.67008694447576999664306640625">
        <ele>746.20001220703125</ele>
        <time>2024-06-09T08:09:40.000Z</time>
        <extensions>
          <ns3:TrackPointExtension>
            <ns3:hr>137</ns3:hr>
            <ns3:cad>72</ns3:cad>
          </ns3:TrackPointExtension>
        </extensions>
      </trkpt>
      <trkpt lat="46.56306291930377483367919921875" lon="23.6701222322881221771240234375">
        <ele>747</ele>
        <time>2024-06-09T08:09:45.000Z</time>
        <extensions>
          <ns3:TrackPointExtension>
            <ns3:hr>136</ns3:hr>
            <ns3:cad>57</ns3:cad>
          </ns3:TrackPointExtension>
        </extensions>
      </trkpt>
      <trkpt lat="46.563059650361537933349609375" lon="23.67012734524905681610107421875">
        <ele>747.20001220703125</ele>
        <time>2024-06-09T08:09:46.000Z</time>
        <extensions>
          <ns3:TrackPointExtension>
            <ns3:hr>135</ns3:hr>
            <ns3:cad>57</ns3:cad>
          </ns3:TrackPointExtension>
        </extensions>
      </trkpt>
      <trkpt lat="46.5630425512790679931640625" lon="23.670143522322177886962890625">
        <ele>748</ele>
        <time>2024-06-09T08:09:52.000Z</time>
        <extensions>
          <ns3:TrackPointExtension>
            <ns3:hr>131</ns3:hr>
            <ns3:cad>55</ns3:cad>
          </ns3:TrackPointExtension>
        </extensions>
      </trkpt>
      <trkpt lat="46.563038192689418792724609375" lon="23.670146204531192779541015625">
        <ele>748.20001220703125</ele>
        <time>2024-06-09T08:09:53.000Z</time>
        <extensions>
          <ns3:TrackPointExtension>
            <ns3:hr>130</ns3:hr>
            <ns3:cad>0</ns3:cad>
          </ns3:TrackPointExtension>
        </extensions>
      </trkpt>
      <trkpt lat="46.56303022988140583038330078125" lon="23.67015031166374683380126953125">
        <ele>748.4000244140625</ele>
        <time>2024-06-09T08:09:54.000Z</time>
        <extensions>
          <ns3:TrackPointExtension>
            <ns3:hr>129</ns3:hr>
            <ns3:cad>0</ns3:cad>
          </ns3:TrackPointExtension>
        </extensions>
      </trkpt>
      <trkpt lat="46.56298412941396236419677734375" lon="23.67017998360097408294677734375">
        <ele>749.20001220703125</ele>
        <time>2024-06-09T08:10:01.000Z</time>
        <extensions>
          <ns3:TrackPointExtension>
            <ns3:hr>129</ns3:hr>
            <ns3:cad>67</ns3:cad>
          </ns3:TrackPointExtension>
        </extensions>
      </trkpt>
      <trkpt lat="46.56297080218791961669921875" lon="23.67020764388144016265869140625">
        <ele>749.5999755859375</ele>
        <time>2024-06-09T08:10:04.000Z</time>
        <extensions>
          <ns3:TrackPointExtension>
            <ns3:hr>130</ns3:hr>
            <ns3:cad>69</ns3:cad>
          </ns3:TrackPointExtension>
        </extensions>
      </trkpt>
      <trkpt lat="46.56294791959226131439208984375" lon="23.6702385731041431427001953125">
        <ele>750.4000244140625</ele>
        <time>2024-06-09T08:10:08.000Z</time>
        <extensions>
          <ns3:TrackPointExtension>
            <ns3:hr>130</ns3:hr>
            <ns3:cad>66</ns3:cad>
          </ns3:TrackPointExtension>
        </extensions>
      </trkpt>
      <trkpt lat="46.5629210136830806732177734375" lon="23.6702767945826053619384765625">
        <ele>751.4000244140625</ele>
        <time>2024-06-09T08:10:13.000Z</time>
        <extensions>
          <ns3:TrackPointExtension>
            <ns3:hr>130</ns3:hr>
            <ns3:cad>79</ns3:cad>
          </ns3:TrackPointExtension>
        </extensions>
      </trkpt>
      <trkpt lat="46.5629025734961032867431640625" lon="23.67030906490981578826904296875">
        <ele>752.4000244140625</ele>
        <time>2024-06-09T08:10:18.000Z</time>
        <extensions>
          <ns3:TrackPointExtension>
            <ns3:hr>128</ns3:hr>
            <ns3:cad>73</ns3:cad>
          </ns3:TrackPointExtension>
        </extensions>
      </trkpt>
      <trkpt lat="46.5628848038613796234130859375" lon="23.670370168983936309814453125">
        <ele>753.20001220703125</ele>
        <time>2024-06-09T08:10:24.000Z</time>
        <extensions>
          <ns3:TrackPointExtension>
            <ns3:hr>129</ns3:hr>
            <ns3:cad>41</ns3:cad>
          </ns3:TrackPointExtension>
        </extensions>
      </trkpt>
      <trkpt lat="46.562861837446689605712890625" lon="23.67040193639695644378662109375">
        <ele>753.4000244140625</ele>
        <time>2024-06-09T08:10:27.000Z</time>
        <extensions>
          <ns3:TrackPointExtension>
            <ns3:hr>129</ns3:hr>
            <ns3:cad>75</ns3:cad>
          </ns3:TrackPointExtension>
        </extensions>
      </trkpt>
      <trkpt lat="46.5628133900463581085205078125" lon="23.67041476070880889892578125">
        <ele>753.5999755859375</ele>
        <time>2024-06-09T08:10:32.000Z</time>
        <extensions>
          <ns3:TrackPointExtension>
            <ns3:hr>129</ns3:hr>
            <ns3:cad>71</ns3:cad>
          </ns3:TrackPointExtension>
        </extensions>
      </trkpt>
      <trkpt lat="46.562780700623989105224609375" lon="23.67046094499528408050537109375">
        <ele>753.79998779296875</ele>
        <time>2024-06-09T08:10:39.000Z</time>
        <extensions>
          <ns3:TrackPointExtension>
            <ns3:hr>128</ns3:hr>
            <ns3:cad>77</ns3:cad>
          </ns3:TrackPointExtension>
        </extensions>
      </trkpt>
      <trkpt lat="46.56274826265871524810791015625" lon="23.6705021001398563385009765625">
        <ele>754.4000244140625</ele>
        <time>2024-06-09T08:10:43.000Z</time>
        <extensions>
          <ns3:TrackPointExtension>
            <ns3:hr>128</ns3:hr>
            <ns3:cad>72</ns3:cad>
          </ns3:TrackPointExtension>
        </extensions>
      </trkpt>
      <trkpt lat="46.56272077001631259918212890625" lon="23.67052213288843631744384765625">
        <ele>755.20001220703125</ele>
        <time>2024-06-09T08:10:47.000Z</time>
        <extensions>
          <ns3:TrackPointExtension>
            <ns3:hr>128</ns3:hr>
            <ns3:cad>0</ns3:cad>
          </ns3:TrackPointExtension>
        </extensions>
      </trkpt>
      <trkpt lat="46.56271439976990222930908203125" lon="23.670537807047367095947265625">
        <ele>755.4000244140625</ele>
        <time>2024-06-09T08:10:51.000Z</time>
        <extensions>
          <ns3:TrackPointExtension>
            <ns3:hr>128</ns3:hr>
            <ns3:cad>43</ns3:cad>
          </ns3:TrackPointExtension>
        </extensions>
      </trkpt>
      <trkpt lat="46.56270216219127178192138671875" lon="23.67056605406105518341064453125">
        <ele>756</ele>
        <time>2024-06-09T08:10:54.000Z</time>
        <extensions>
          <ns3:TrackPointExtension>
            <ns3:hr>128</ns3:hr>
            <ns3:cad>80</ns3:cad>
          </ns3:TrackPointExtension>
        </extensions>
      </trkpt>
      <trkpt lat="46.56268120743334293365478515625" lon="23.6706318520009517669677734375">
        <ele>756.4000244140625</ele>
        <time>2024-06-09T08:10:59.000Z</time>
        <extensions>
          <ns3:TrackPointExtension>
            <ns3:hr>128</ns3:hr>
            <ns3:cad>40</ns3:cad>
          </ns3:TrackPointExtension>
        </extensions>
      </trkpt>
      <trkpt lat="46.56267282553017139434814453125" lon="23.67066646926105022430419921875">
        <ele>756.5999755859375</ele>
        <time>2024-06-09T08:11:01.000Z</time>
        <extensions>
          <ns3:TrackPointExtension>
            <ns3:hr>127</ns3:hr>
            <ns3:cad>40</ns3:cad>
          </ns3:TrackPointExtension>
        </extensions>
      </trkpt>
      <trkpt lat="46.56263913027942180633544921875" lon="23.670702092349529266357421875">
        <ele>757.4000244140625</ele>
        <time>2024-06-09T08:11:08.000Z</time>
        <extensions>
          <ns3:TrackPointExtension>
            <ns3:hr>127</ns3:hr>
            <ns3:cad>43</ns3:cad>
          </ns3:TrackPointExtension>
        </extensions>
      </trkpt>
      <trkpt lat="46.56262421049177646636962890625" lon="23.67073100991547107696533203125">
        <ele>757.5999755859375</ele>
        <time>2024-06-09T08:11:11.000Z</time>
        <extensions>
          <ns3:TrackPointExtension>
            <ns3:hr>127</ns3:hr>
            <ns3:cad>79</ns3:cad>
          </ns3:TrackPointExtension>
        </extensions>
      </trkpt>
      <trkpt lat="46.56260593794286251068115234375" lon="23.67074492387473583221435546875">
        <ele>757.79998779296875</ele>
        <time>2024-06-09T08:11:15.000Z</time>
        <extensions>
          <ns3:TrackPointExtension>
            <ns3:hr>127</ns3:hr>
            <ns3:cad>74</ns3:cad>
          </ns3:TrackPointExtension>
        </extensions>
      </trkpt>
      <trkpt lat="46.56256553716957569122314453125" lon="23.6708182655274868011474609375">
        <ele>758.5999755859375</ele>
        <time>2024-06-09T08:11:22.000Z</time>
        <extensions>
          <ns3:TrackPointExtension>
            <ns3:hr>126</ns3:hr>
            <ns3:cad>63</ns3:cad>
          </ns3:TrackPointExtension>
        </extensions>
      </trkpt>
      <trkpt lat="46.562558077275753021240234375" lon="23.670829832553863525390625">
        <ele>758.5999755859375</ele>
        <time>2024-06-09T08:11:23.000Z</time>
        <extensions>
          <ns3:TrackPointExtension>
            <ns3:hr>126</ns3:hr>
            <ns3:cad>68</ns3:cad>
          </ns3:TrackPointExtension>
        </extensions>
      </trkpt>
      <trkpt lat="46.5625114738941192626953125" lon="23.6708833090960979461669921875">
        <ele>759.5999755859375</ele>
        <time>2024-06-09T08:11:30.000Z</time>
        <extensions>
          <ns3:TrackPointExtension>
            <ns3:hr>126</ns3:hr>
            <ns3:cad>42</ns3:cad>
          </ns3:TrackPointExtension>
        </extensions>
      </trkpt>
      <trkpt lat="46.56248557381331920623779296875" lon="23.67092865519225597381591796875">
        <ele>760.4000244140625</ele>
        <time>2024-06-09T08:11:36.000Z</time>
        <extensions>
          <ns3:TrackPointExtension>
            <ns3:hr>125</ns3:hr>
            <ns3:cad>76</ns3:cad>
          </ns3:TrackPointExtension>
        </extensions>
      </trkpt>
      <trkpt lat="46.56246679835021495819091796875" lon="23.67094860412180423736572265625">
        <ele>760.79998779296875</ele>
        <time>2024-06-09T08:11:39.000Z</time>
        <extensions>
          <ns3:TrackPointExtension>
            <ns3:hr>124</ns3:hr>
            <ns3:cad>76</ns3:cad>
          </ns3:TrackPointExtension>
        </extensions>
      </trkpt>
      <trkpt lat="46.56242899596691131591796875" lon="23.670993112027645111083984375">
        <ele>761.5999755859375</ele>
        <time>2024-06-09T08:11:44.000Z</time>
        <extensions>
          <ns3:TrackPointExtension>
            <ns3:hr>123</ns3:hr>
            <ns3:cad>41</ns3:cad>
          </ns3:TrackPointExtension>
        </extensions>
      </trkpt>
      <trkpt lat="46.5624221228063106536865234375" lon="23.6709996499121189117431640625">
        <ele>762</ele>
        <time>2024-06-09T08:11:45.000Z</time>
        <extensions>
          <ns3:TrackPointExtension>
            <ns3:hr>123</ns3:hr>
            <ns3:cad>41</ns3:cad>
          </ns3:TrackPointExtension>
        </extensions>
      </trkpt>
      <trkpt lat="46.562383063137531280517578125" lon="23.67103544063866138458251953125">
        <ele>762.20001220703125</ele>
        <time>2024-06-09T08:11:50.000Z</time>
        <extensions>
          <ns3:TrackPointExtension>
            <ns3:hr>125</ns3:hr>
            <ns3:cad>43</ns3:cad>
          </ns3:TrackPointExtension>
        </extensions>
      </trkpt>
      <trkpt lat="46.56233738176524639129638671875" lon="23.671106435358524322509765625">
        <ele>762.4000244140625</ele>
        <time>2024-06-09T08:11:56.000Z</time>
        <extensions>
          <ns3:TrackPointExtension>
            <ns3:hr>125</ns3:hr>
            <ns3:cad>42</ns3:cad>
          </ns3:TrackPointExtension>
        </extensions>
      </trkpt>
      <trkpt lat="46.56229228712618350982666015625" lon="23.67116368375718593597412109375">
        <ele>763</ele>
        <time>2024-06-09T08:12:01.000Z</time>
        <extensions>
          <ns3:TrackPointExtension>
            <ns3:hr>125</ns3:hr>
            <ns3:cad>43</ns3:cad>
          </ns3:TrackPointExtension>
        </extensions>
      </trkpt>
      <trkpt lat="46.5622893534600734710693359375" lon="23.67117173038423061370849609375">
        <ele>763.20001220703125</ele>
        <time>2024-06-09T08:12:02.000Z</time>
        <extensions>
          <ns3:TrackPointExtension>
            <ns3:hr>125</ns3:hr>
            <ns3:cad>43</ns3:cad>
          </ns3:TrackPointExtension>
        </extensions>
      </trkpt>
      <trkpt lat="46.56226797960698604583740234375" lon="23.6712688766419887542724609375">
        <ele>763.5999755859375</ele>
        <time>2024-06-09T08:12:09.000Z</time>
        <extensions>
          <ns3:TrackPointExtension>
            <ns3:hr>124</ns3:hr>
            <ns3:cad>43</ns3:cad>
          </ns3:TrackPointExtension>
        </extensions>
      </trkpt>
      <trkpt lat="46.56223897822201251983642578125" lon="23.67132226936519145965576171875">
        <ele>764.20001220703125</ele>
        <time>2024-06-09T08:12:15.000Z</time>
        <extensions>
          <ns3:TrackPointExtension>
            <ns3:hr>123</ns3:hr>
            <ns3:cad>45</ns3:cad>
          </ns3:TrackPointExtension>
        </extensions>
      </trkpt>
      <trkpt lat="46.56222824938595294952392578125" lon="23.67133249528706073760986328125">
        <ele>764.20001220703125</ele>
        <time>2024-06-09T08:12:17.000Z</time>
        <extensions>
          <ns3:TrackPointExtension>
            <ns3:hr>121</ns3:hr>
            <ns3:cad>0</ns3:cad>
          </ns3:TrackPointExtension>
        </extensions>
      </trkpt>
      <trkpt lat="46.56220394186675548553466796875" lon="23.67144850082695484161376953125">
        <ele>764.5999755859375</ele>
        <time>2024-06-09T08:12:24.000Z</time>
        <extensions>
          <ns3:TrackPointExtension>
            <ns3:hr>118</ns3:hr>
            <ns3:cad>49</ns3:cad>
          </ns3:TrackPointExtension>
        </extensions>
      </trkpt>
      <trkpt lat="46.562168486416339874267578125" lon="23.6715521849691867828369140625">
        <ele>764.5999755859375</ele>
        <time>2024-06-09T08:12:32.000Z</time>
        <extensions>
          <ns3:TrackPointExtension>
            <ns3:hr>116</ns3:hr>
            <ns3:cad>78</ns3:cad>
          </ns3:TrackPointExtension>
        </extensions>
      </trkpt>
      <trkpt lat="46.5621572546660900115966796875" lon="23.67159199900925159454345703125">
        <ele>764.5999755859375</ele>
        <time>2024-06-09T08:12:35.000Z</time>
        <extensions>
          <ns3:TrackPointExtension>
            <ns3:hr>113</ns3:hr>
            <ns3:cad>41</ns3:cad>
          </ns3:TrackPointExtension>
        </extensions>
      </trkpt>
      <trkpt lat="46.56215230934321880340576171875" lon="23.67163307033479213714599609375">
        <ele>764.79998779296875</ele>
        <time>2024-06-09T08:12:39.000Z</time>
        <extensions>
          <ns3:TrackPointExtension>
            <ns3:hr>114</ns3:hr>
            <ns3:cad>79</ns3:cad>
          </ns3:TrackPointExtension>
        </extensions>
      </trkpt>
      <trkpt lat="46.56214577145874500274658203125" lon="23.67168118245899677276611328125">
        <ele>765.20001220703125</ele>
        <time>2024-06-09T08:12:44.000Z</time>
        <extensions>
          <ns3:TrackPointExtension>
            <ns3:hr>114</ns3:hr>
            <ns3:cad>42</ns3:cad>
          </ns3:TrackPointExtension>
        </extensions>
      </trkpt>
      <trkpt lat="46.56213722191751003265380859375" lon="23.67173440754413604736328125">
        <ele>765.4000244140625</ele>
        <time>2024-06-09T08:12:47.000Z</time>
        <extensions>
          <ns3:TrackPointExtension>
            <ns3:hr>114</ns3:hr>
            <ns3:cad>41</ns3:cad>
          </ns3:TrackPointExtension>
        </extensions>
      </trkpt>
      <trkpt lat="46.56212012283504009246826171875" lon="23.67181797511875629425048828125">
        <ele>766.20001220703125</ele>
        <time>2024-06-09T08:12:53.000Z</time>
        <extensions>
          <ns3:TrackPointExtension>
            <ns3:hr>113</ns3:hr>
            <ns3:cad>41</ns3:cad>
          </ns3:TrackPointExtension>
        </extensions>
      </trkpt>
      <trkpt lat="46.562118194997310638427734375" lon="23.6718257702887058258056640625">
        <ele>766.4000244140625</ele>
        <time>2024-06-09T08:12:54.000Z</time>
        <extensions>
          <ns3:TrackPointExtension>
            <ns3:hr>113</ns3:hr>
            <ns3:cad>41</ns3:cad>
          </ns3:TrackPointExtension>
        </extensions>
      </trkpt>
      <trkpt lat="46.56208927743136882781982421875" lon="23.67189525626599788665771484375">
        <ele>766.79998779296875</ele>
        <time>2024-06-09T08:13:00.000Z</time>
        <extensions>
          <ns3:TrackPointExtension>
            <ns3:hr>114</ns3:hr>
            <ns3:cad>47</ns3:cad>
          </ns3:TrackPointExtension>
        </extensions>
      </trkpt>
      <trkpt lat="46.56208139844238758087158203125" lon="23.67194219492375850677490234375">
        <ele>767.20001220703125</ele>
        <time>2024-06-09T08:13:03.000Z</time>
        <extensions>
          <ns3:TrackPointExtension>
            <ns3:hr>115</ns3:hr>
            <ns3:cad>41</ns3:cad>
          </ns3:TrackPointExtension>
        </extensions>
      </trkpt>
      <trkpt lat="46.562072932720184326171875" lon="23.67202676832675933837890625">
        <ele>768</ele>
        <time>2024-06-09T08:13:08.000Z</time>
        <extensions>
          <ns3:TrackPointExtension>
            <ns3:hr>116</ns3:hr>
            <ns3:cad>41</ns3:cad>
          </ns3:TrackPointExtension>
        </extensions>
      </trkpt>
      <trkpt lat="46.562084667384624481201171875" lon="23.67212173528969287872314453125">
        <ele>768.20001220703125</ele>
        <time>2024-06-09T08:13:15.000Z</time>
        <extensions>
          <ns3:TrackPointExtension>
            <ns3:hr>117</ns3:hr>
            <ns3:cad>45</ns3:cad>
          </ns3:TrackPointExtension>
        </extensions>
      </trkpt>
      <trkpt lat="46.56209263019263744354248046875" lon="23.6721360683441162109375">
        <ele>768.4000244140625</ele>
        <time>2024-06-09T08:13:16.000Z</time>
        <extensions>
          <ns3:TrackPointExtension>
            <ns3:hr>116</ns3:hr>
            <ns3:cad>43</ns3:cad>
          </ns3:TrackPointExtension>
        </extensions>
      </trkpt>
      <trkpt lat="46.5620965696871280670166015625" lon="23.6721422709524631500244140625">
        <ele>768.4000244140625</ele>
        <time>2024-06-09T08:13:17.000Z</time>
        <extensions>
          <ns3:TrackPointExtension>
            <ns3:hr>116</ns3:hr>
            <ns3:cad>43</ns3:cad>
          </ns3:TrackPointExtension>
        </extensions>
      </trkpt>
      <trkpt lat="46.56214191578328609466552734375" lon="23.67221225984394550323486328125">
        <ele>769</ele>
        <time>2024-06-09T08:13:24.000Z</time>
        <extensions>
          <ns3:TrackPointExtension>
            <ns3:hr>116</ns3:hr>
            <ns3:cad>44</ns3:cad>
          </ns3:TrackPointExtension>
        </extensions>
      </trkpt>
      <trkpt lat="46.5621441788971424102783203125" lon="23.67222391068935394287109375">
        <ele>769</ele>
        <time>2024-06-09T08:13:25.000Z</time>
        <extensions>
          <ns3:TrackPointExtension>
            <ns3:hr>116</ns3:hr>
            <ns3:cad>44</ns3:cad>
          </ns3:TrackPointExtension>
        </extensions>
      </trkpt>
      <trkpt lat="46.5621505491435527801513671875" lon="23.672271184623241424560546875">
        <ele>769</ele>
        <time>2024-06-09T08:13:29.000Z</time>
        <extensions>
          <ns3:TrackPointExtension>
            <ns3:hr>116</ns3:hr>
            <ns3:cad>44</ns3:cad>
          </ns3:TrackPointExtension>
        </extensions>
      </trkpt>
      <trkpt lat="46.56215717084705829620361328125" lon="23.6723330430686473846435546875">
        <ele>769.4000244140625</ele>
        <time>2024-06-09T08:13:35.000Z</time>
        <extensions>
          <ns3:TrackPointExtension>
            <ns3:hr>116</ns3:hr>
            <ns3:cad>0</ns3:cad>
          </ns3:TrackPointExtension>
        </extensions>
      </trkpt>
      <trkpt lat="46.562157757580280303955078125" lon="23.67234033532440662384033203125">
        <ele>769.4000244140625</ele>
        <time>2024-06-09T08:13:37.000Z</time>
        <extensions>
          <ns3:TrackPointExtension>
            <ns3:hr>115</ns3:hr>
            <ns3:cad>0</ns3:cad>
          </ns3:TrackPointExtension>
        </extensions>
      </trkpt>
      <trkpt lat="46.5621646307408809661865234375" lon="23.67245902307331562042236328125">
        <ele>769.4000244140625</ele>
        <time>2024-06-09T08:13:46.000Z</time>
        <extensions>
          <ns3:TrackPointExtension>
            <ns3:hr>116</ns3:hr>
            <ns3:cad>0</ns3:cad>
          </ns3:TrackPointExtension>
        </extensions>
      </trkpt>
      <trkpt lat="46.5621834062039852142333984375" lon="23.6725315265357494354248046875">
        <ele>769.20001220703125</ele>
        <time>2024-06-09T08:13:53.000Z</time>
        <extensions>
          <ns3:TrackPointExtension>
            <ns3:hr>115</ns3:hr>
            <ns3:cad>41</ns3:cad>
          </ns3:TrackPointExtension>
        </extensions>
      </trkpt>
      <trkpt lat="46.56219153665006160736083984375" lon="23.672608472406864166259765625">
        <ele>769.20001220703125</ele>
        <time>2024-06-09T08:14:01.000Z</time>
        <extensions>
          <ns3:TrackPointExtension>
            <ns3:hr>115</ns3:hr>
            <ns3:cad>0</ns3:cad>
          </ns3:TrackPointExtension>
        </extensions>
      </trkpt>
      <trkpt lat="46.56224534846842288970947265625" lon="23.6726834066212177276611328125">
        <ele>769.5999755859375</ele>
        <time>2024-06-09T08:14:11.000Z</time>
        <extensions>
          <ns3:TrackPointExtension>
            <ns3:hr>114</ns3:hr>
            <ns3:cad>0</ns3:cad>
          </ns3:TrackPointExtension>
        </extensions>
      </trkpt>
      <trkpt lat="46.56229714863002300262451171875" lon="23.67273344658315181732177734375">
        <ele>768.20001220703125</ele>
        <time>2024-06-09T08:14:19.000Z</time>
        <extensions>
          <ns3:TrackPointExtension>
            <ns3:hr>111</ns3:hr>
            <ns3:cad>0</ns3:cad>
          </ns3:TrackPointExtension>
        </extensions>
      </trkpt>
      <trkpt lat="46.56232816167175769805908203125" lon="23.6728289164602756500244140625">
        <ele>768.4000244140625</ele>
        <time>2024-06-09T08:14:26.000Z</time>
        <extensions>
          <ns3:TrackPointExtension>
            <ns3:hr>111</ns3:hr>
            <ns3:cad>0</ns3:cad>
          </ns3:TrackPointExtension>
        </extensions>
      </trkpt>
      <trkpt lat="46.56237057410180568695068359375" lon="23.67290879599750041961669921875">
        <ele>768.79998779296875</ele>
        <time>2024-06-09T08:14:33.000Z</time>
        <extensions>
          <ns3:TrackPointExtension>
            <ns3:hr>111</ns3:hr>
            <ns3:cad>80</ns3:cad>
          </ns3:TrackPointExtension>
        </extensions>
      </trkpt>
      <trkpt lat="46.562419943511486053466796875" lon="23.67293226532638072967529296875">
        <ele>768.79998779296875</ele>
        <time>2024-06-09T08:14:38.000Z</time>
        <extensions>
          <ns3:TrackPointExtension>
            <ns3:hr>111</ns3:hr>
            <ns3:cad>44</ns3:cad>
          </ns3:TrackPointExtension>
        </extensions>
      </trkpt>
      <trkpt lat="46.5624631941318511962890625" lon="23.672980964183807373046875">
        <ele>767.4000244140625</ele>
        <time>2024-06-09T08:14:44.000Z</time>
        <extensions>
          <ns3:TrackPointExtension>
            <ns3:hr>111</ns3:hr>
            <ns3:cad>51</ns3:cad>
          </ns3:TrackPointExtension>
        </extensions>
      </trkpt>
      <trkpt lat="46.56247803010046482086181640625" lon="23.67299093864858150482177734375">
        <ele>767.20001220703125</ele>
        <time>2024-06-09T08:14:46.000Z</time>
        <extensions>
          <ns3:TrackPointExtension>
            <ns3:hr>111</ns3:hr>
            <ns3:cad>51</ns3:cad>
          </ns3:TrackPointExtension>
        </extensions>
      </trkpt>
      <trkpt lat="46.5625034272670745849609375" lon="23.67300937883555889129638671875">
        <ele>767</ele>
        <time>2024-06-09T08:14:51.000Z</time>
        <extensions>
          <ns3:TrackPointExtension>
            <ns3:hr>111</ns3:hr>
            <ns3:cad>47</ns3:cad>
          </ns3:TrackPointExtension>
        </extensions>
      </trkpt>
      <trkpt lat="46.5625565685331821441650390625" lon="23.67304609157145023345947265625">
        <ele>766.4000244140625</ele>
        <time>2024-06-09T08:14:58.000Z</time>
        <extensions>
          <ns3:TrackPointExtension>
            <ns3:hr>109</ns3:hr>
            <ns3:cad>0</ns3:cad>
          </ns3:TrackPointExtension>
        </extensions>
      </trkpt>
      <trkpt lat="46.5625807084143161773681640625" lon="23.67309135384857654571533203125">
        <ele>766.5999755859375</ele>
        <time>2024-06-09T08:15:05.000Z</time>
        <extensions>
          <ns3:TrackPointExtension>
            <ns3:hr>107</ns3:hr>
            <ns3:cad>0</ns3:cad>
          </ns3:TrackPointExtension>
        </extensions>
      </trkpt>
      <trkpt lat="46.562622450292110443115234375" lon="23.6731135658919811248779296875">
        <ele>766.20001220703125</ele>
        <time>2024-06-09T08:15:10.000Z</time>
        <extensions>
          <ns3:TrackPointExtension>
            <ns3:hr>106</ns3:hr>
            <ns3:cad>0</ns3:cad>
          </ns3:TrackPointExtension>
        </extensions>
      </trkpt>
      <trkpt lat="46.56262957490980625152587890625" lon="23.67312136106193065643310546875">
        <ele>766</ele>
        <time>2024-06-09T08:15:11.000Z</time>
        <extensions>
          <ns3:TrackPointExtension>
            <ns3:hr>106</ns3:hr>
            <ns3:cad>0</ns3:cad>
          </ns3:TrackPointExtension>
        </extensions>
      </trkpt>
      <trkpt lat="46.56265371479094028472900390625" lon="23.67317433468997478485107421875">
        <ele>765.20001220703125</ele>
        <time>2024-06-09T08:15:18.000Z</time>
        <extensions>
          <ns3:TrackPointExtension>
            <ns3:hr>105</ns3:hr>
            <ns3:cad>0</ns3:cad>
          </ns3:TrackPointExtension>
        </extensions>
      </trkpt>
      <trkpt lat="46.56265974976122379302978515625" lon="23.673184812068939208984375">
        <ele>765.20001220703125</ele>
        <time>2024-06-09T08:15:20.000Z</time>
        <extensions>
          <ns3:TrackPointExtension>
            <ns3:hr>106</ns3:hr>
            <ns3:cad>0</ns3:cad>
          </ns3:TrackPointExtension>
        </extensions>
      </trkpt>
      <trkpt lat="46.562672071158885955810546875" lon="23.67318606935441493988037109375">
        <ele>765.20001220703125</ele>
        <time>2024-06-09T08:15:24.000Z</time>
        <extensions>
          <ns3:TrackPointExtension>
            <ns3:hr>106</ns3:hr>
            <ns3:cad>0</ns3:cad>
          </ns3:TrackPointExtension>
        </extensions>
      </trkpt>
      <trkpt lat="46.56269713304936885833740234375" lon="23.6732027493417263031005859375">
        <ele>764.5999755859375</ele>
        <time>2024-06-09T08:15:28.000Z</time>
        <extensions>
          <ns3:TrackPointExtension>
            <ns3:hr>108</ns3:hr>
            <ns3:cad>0</ns3:cad>
          </ns3:TrackPointExtension>
        </extensions>
      </trkpt>
      <trkpt lat="46.56271892599761486053466796875" lon="23.67322714067995548248291015625">
        <ele>764.20001220703125</ele>
        <time>2024-06-09T08:15:31.000Z</time>
        <extensions>
          <ns3:TrackPointExtension>
            <ns3:hr>108</ns3:hr>
            <ns3:cad>48</ns3:cad>
          </ns3:TrackPointExtension>
        </extensions>
      </trkpt>
      <trkpt lat="46.56273719854652881622314453125" lon="23.67326670326292514801025390625">
        <ele>763.79998779296875</ele>
        <time>2024-06-09T08:15:35.000Z</time>
        <extensions>
          <ns3:TrackPointExtension>
            <ns3:hr>109</ns3:hr>
            <ns3:cad>0</ns3:cad>
          </ns3:TrackPointExtension>
        </extensions>
      </trkpt>
      <trkpt lat="46.562746502459049224853515625" lon="23.67329939268529415130615234375">
        <ele>763.5999755859375</ele>
        <time>2024-06-09T08:15:39.000Z</time>
        <extensions>
          <ns3:TrackPointExtension>
            <ns3:hr>104</ns3:hr>
            <ns3:cad>0</ns3:cad>
          </ns3:TrackPointExtension>
        </extensions>
      </trkpt>
      <trkpt lat="46.562752537429332733154296875" lon="23.6733154021203517913818359375">
        <ele>763.5999755859375</ele>
        <time>2024-06-09T08:15:41.000Z</time>
        <extensions>
          <ns3:TrackPointExtension>
            <ns3:hr>101</ns3:hr>
            <ns3:cad>0</ns3:cad>
          </ns3:TrackPointExtension>
        </extensions>
      </trkpt>
      <trkpt lat="46.56276318244636058807373046875" lon="23.6733177490532398223876953125">
        <ele>763.4000244140625</ele>
        <time>2024-06-09T08:15:44.000Z</time>
        <extensions>
          <ns3:TrackPointExtension>
            <ns3:hr>98</ns3:hr>
            <ns3:cad>0</ns3:cad>
          </ns3:TrackPointExtension>
        </extensions>
      </trkpt>
      <trkpt lat="46.56276703812181949615478515625" lon="23.67331867106258869171142578125">
        <ele>763.4000244140625</ele>
        <time>2024-06-09T08:15:45.000Z</time>
        <extensions>
          <ns3:TrackPointExtension>
            <ns3:hr>98</ns3:hr>
            <ns3:cad>0</ns3:cad>
          </ns3:TrackPointExtension>
        </extensions>
      </trkpt>
      <trkpt lat="46.56276762485504150390625" lon="23.673326633870601654052734375">
        <ele>763</ele>
        <time>2024-06-09T08:15:47.000Z</time>
        <extensions>
          <ns3:TrackPointExtension>
            <ns3:hr>98</ns3:hr>
            <ns3:cad>0</ns3:cad>
          </ns3:TrackPointExtension>
        </extensions>
      </trkpt>
      <trkpt lat="46.5627721510827541351318359375" lon="23.67334113456308841705322265625">
        <ele>762.5999755859375</ele>
        <time>2024-06-09T08:15:50.000Z</time>
        <extensions>
          <ns3:TrackPointExtension>
            <ns3:hr>102</ns3:hr>
            <ns3:cad>0</ns3:cad>
          </ns3:TrackPointExtension>
        </extensions>
      </trkpt>
      <trkpt lat="46.5627889148890972137451171875" lon="23.6733569763600826263427734375">
        <ele>762</ele>
        <time>2024-06-09T08:15:53.000Z</time>
        <extensions>
          <ns3:TrackPointExtension>
            <ns3:hr>104</ns3:hr>
            <ns3:cad>0</ns3:cad>
          </ns3:TrackPointExtension>
        </extensions>
      </trkpt>
      <trkpt lat="46.56279687769711017608642578125" lon="23.67336041294038295745849609375">
        <ele>761.79998779296875</ele>
        <time>2024-06-09T08:15:54.000Z</time>
        <extensions>
          <ns3:TrackPointExtension>
            <ns3:hr>104</ns3:hr>
            <ns3:cad>0</ns3:cad>
          </ns3:TrackPointExtension>
        </extensions>
      </trkpt>
      <trkpt lat="46.5628623403608798980712890625" lon="23.67336921393871307373046875">
        <ele>760.5999755859375</ele>
        <time>2024-06-09T08:16:01.000Z</time>
        <extensions>
          <ns3:TrackPointExtension>
            <ns3:hr>104</ns3:hr>
            <ns3:cad>59</ns3:cad>
          </ns3:TrackPointExtension>
        </extensions>
      </trkpt>
      <trkpt lat="46.5629012323915958404541015625" lon="23.67340701632201671600341796875">
        <ele>760.20001220703125</ele>
        <time>2024-06-09T08:16:07.000Z</time>
        <extensions>
          <ns3:TrackPointExtension>
            <ns3:hr>104</ns3:hr>
            <ns3:cad>0</ns3:cad>
          </ns3:TrackPointExtension>
        </extensions>
      </trkpt>
      <trkpt lat="46.56296552158892154693603515625" lon="23.67350759916007518768310546875">
        <ele>760.4000244140625</ele>
        <time>2024-06-09T08:16:15.000Z</time>
        <extensions>
          <ns3:TrackPointExtension>
            <ns3:hr>104</ns3:hr>
            <ns3:cad>47</ns3:cad>
          </ns3:TrackPointExtension>
        </extensions>
      </trkpt>
      <trkpt lat="46.56301505863666534423828125" lon="23.6735675297677516937255859375">
        <ele>760</ele>
        <time>2024-06-09T08:16:22.000Z</time>
        <extensions>
          <ns3:TrackPointExtension>
            <ns3:hr>102</ns3:hr>
            <ns3:cad>47</ns3:cad>
          </ns3:TrackPointExtension>
        </extensions>
      </trkpt>
      <trkpt lat="46.563038192689418792724609375" lon="23.673613630235195159912109375">
        <ele>759.5999755859375</ele>
        <time>2024-06-09T08:16:26.000Z</time>
        <extensions>
          <ns3:TrackPointExtension>
            <ns3:hr>101</ns3:hr>
            <ns3:cad>48</ns3:cad>
          </ns3:TrackPointExtension>
        </extensions>
      </trkpt>
      <trkpt lat="46.5630427189171314239501953125" lon="23.673618324100971221923828125">
        <ele>759.5999755859375</ele>
        <time>2024-06-09T08:16:28.000Z</time>
        <extensions>
          <ns3:TrackPointExtension>
            <ns3:hr>102</ns3:hr>
            <ns3:cad>48</ns3:cad>
          </ns3:TrackPointExtension>
        </extensions>
      </trkpt>
      <trkpt lat="46.56305219046771526336669921875" lon="23.673628382384777069091796875">
        <ele>759.5999755859375</ele>
        <time>2024-06-09T08:16:30.000Z</time>
        <extensions>
          <ns3:TrackPointExtension>
            <ns3:hr>105</ns3:hr>
            <ns3:cad>0</ns3:cad>
          </ns3:TrackPointExtension>
        </extensions>
      </trkpt>
      <trkpt lat="46.5630702115595340728759765625" lon="23.67366936989128589630126953125">
        <ele>759.79998779296875</ele>
        <time>2024-06-09T08:16:34.000Z</time>
        <extensions>
          <ns3:TrackPointExtension>
            <ns3:hr>106</ns3:hr>
            <ns3:cad>0</ns3:cad>
          </ns3:TrackPointExtension>
        </extensions>
      </trkpt>
      <trkpt lat="46.56309275887906551361083984375" lon="23.67367607541382312774658203125">
        <ele>759.5999755859375</ele>
        <time>2024-06-09T08:16:38.000Z</time>
        <extensions>
          <ns3:TrackPointExtension>
            <ns3:hr>103</ns3:hr>
            <ns3:cad>17</ns3:cad>
          </ns3:TrackPointExtension>
        </extensions>
      </trkpt>
      <trkpt lat="46.5631037391722202301025390625" lon="23.67369032464921474456787109375">
        <ele>759.4000244140625</ele>
        <time>2024-06-09T08:16:40.000Z</time>
        <extensions>
          <ns3:TrackPointExtension>
            <ns3:hr>102</ns3:hr>
            <ns3:cad>0</ns3:cad>
          </ns3:TrackPointExtension>
        </extensions>
      </trkpt>
      <trkpt lat="46.5631262026727199554443359375" lon="23.6737247742712497711181640625">
        <ele>759.4000244140625</ele>
        <time>2024-06-09T08:16:44.000Z</time>
        <extensions>
          <ns3:TrackPointExtension>
            <ns3:hr>103</ns3:hr>
            <ns3:cad>0</ns3:cad>
          </ns3:TrackPointExtension>
        </extensions>
      </trkpt>
      <trkpt lat="46.56314204446971416473388671875" lon="23.67375218309462070465087890625">
        <ele>759.20001220703125</ele>
        <time>2024-06-09T08:16:48.000Z</time>
        <extensions>
          <ns3:TrackPointExtension>
            <ns3:hr>106</ns3:hr>
            <ns3:cad>0</ns3:cad>
          </ns3:TrackPointExtension>
        </extensions>
      </trkpt>
      <trkpt lat="46.5631456486880779266357421875" lon="23.67375218309462070465087890625">
        <ele>759.20001220703125</ele>
        <time>2024-06-09T08:16:49.000Z</time>
        <extensions>
          <ns3:TrackPointExtension>
            <ns3:hr>106</ns3:hr>
            <ns3:cad>0</ns3:cad>
          </ns3:TrackPointExtension>
        </extensions>
      </trkpt>
      <trkpt lat="46.56314992345869541168212890625" lon="23.6737492494285106658935546875">
        <ele>759.20001220703125</ele>
        <time>2024-06-09T08:16:50.000Z</time>
        <extensions>
          <ns3:TrackPointExtension>
            <ns3:hr>105</ns3:hr>
            <ns3:cad>0</ns3:cad>
          </ns3:TrackPointExtension>
        </extensions>
      </trkpt>
      <trkpt lat="46.56317339278757572174072265625" lon="23.67375008761882781982421875">
        <ele>758.4000244140625</ele>
        <time>2024-06-09T08:16:54.000Z</time>
        <extensions>
          <ns3:TrackPointExtension>
            <ns3:hr>104</ns3:hr>
            <ns3:cad>0</ns3:cad>
          </ns3:TrackPointExtension>
        </extensions>
      </trkpt>
      <trkpt lat="46.56317976303398609161376953125" lon="23.67375318892300128936767578125">
        <ele>758</ele>
        <time>2024-06-09T08:16:55.000Z</time>
        <extensions>
          <ns3:TrackPointExtension>
            <ns3:hr>105</ns3:hr>
            <ns3:cad>50</ns3:cad>
          </ns3:TrackPointExtension>
        </extensions>
      </trkpt>
      <trkpt lat="46.563229300081729888916015625" lon="23.67379711009562015533447265625">
        <ele>757.20001220703125</ele>
        <time>2024-06-09T08:17:01.000Z</time>
        <extensions>
          <ns3:TrackPointExtension>
            <ns3:hr>104</ns3:hr>
            <ns3:cad>0</ns3:cad>
          </ns3:TrackPointExtension>
        </extensions>
      </trkpt>
      <trkpt lat="46.56323558650910854339599609375" lon="23.67381580173969268798828125">
        <ele>756.79998779296875</ele>
        <time>2024-06-09T08:17:03.000Z</time>
        <extensions>
          <ns3:TrackPointExtension>
            <ns3:hr>104</ns3:hr>
            <ns3:cad>0</ns3:cad>
          </ns3:TrackPointExtension>
        </extensions>
      </trkpt>
      <trkpt lat="46.56326718628406524658203125" lon="23.6738632433116436004638671875">
        <ele>756.20001220703125</ele>
        <time>2024-06-09T08:17:09.000Z</time>
        <extensions>
          <ns3:TrackPointExtension>
            <ns3:hr>102</ns3:hr>
            <ns3:cad>47</ns3:cad>
          </ns3:TrackPointExtension>
        </extensions>
      </trkpt>
      <trkpt lat="46.5632888115942478179931640625" lon="23.6739343218505382537841796875">
        <ele>755.79998779296875</ele>
        <time>2024-06-09T08:17:15.000Z</time>
        <extensions>
          <ns3:TrackPointExtension>
            <ns3:hr>101</ns3:hr>
            <ns3:cad>51</ns3:cad>
          </ns3:TrackPointExtension>
        </extensions>
      </trkpt>
      <trkpt lat="46.56330683268606662750244140625" lon="23.6740147881209850311279296875">
        <ele>755.79998779296875</ele>
        <time>2024-06-09T08:17:22.000Z</time>
        <extensions>
          <ns3:TrackPointExtension>
            <ns3:hr>101</ns3:hr>
            <ns3:cad>42</ns3:cad>
          </ns3:TrackPointExtension>
        </extensions>
      </trkpt>
      <trkpt lat="46.5632861293852329254150390625" lon="23.67408938705921173095703125">
        <ele>755.79998779296875</ele>
        <time>2024-06-09T08:17:29.000Z</time>
        <extensions>
          <ns3:TrackPointExtension>
            <ns3:hr>100</ns3:hr>
            <ns3:cad>77</ns3:cad>
          </ns3:TrackPointExtension>
        </extensions>
      </trkpt>
      <trkpt lat="46.56326911412179470062255859375" lon="23.67413372732698917388916015625">
        <ele>757</ele>
        <time>2024-06-09T08:17:35.000Z</time>
        <extensions>
          <ns3:TrackPointExtension>
            <ns3:hr>100</ns3:hr>
            <ns3:cad>0</ns3:cad>
          </ns3:TrackPointExtension>
        </extensions>
      </trkpt>
      <trkpt lat="46.563265509903430938720703125" lon="23.674137331545352935791015625">
        <ele>757</ele>
        <time>2024-06-09T08:17:38.000Z</time>
        <extensions>
          <ns3:TrackPointExtension>
            <ns3:hr>103</ns3:hr>
            <ns3:cad>0</ns3:cad>
          </ns3:TrackPointExtension>
        </extensions>
      </trkpt>
      <trkpt lat="46.56326743774116039276123046875" lon="23.67413506843149662017822265625">
        <ele>757.4000244140625</ele>
        <time>2024-06-09T08:17:40.000Z</time>
        <extensions>
          <ns3:TrackPointExtension>
            <ns3:hr>105</ns3:hr>
            <ns3:cad>0</ns3:cad>
          </ns3:TrackPointExtension>
        </extensions>
      </trkpt>
      <trkpt lat="46.5632623247802257537841796875" lon="23.67415778338909149169921875">
        <ele>757.5999755859375</ele>
        <time>2024-06-09T08:17:42.000Z</time>
        <extensions>
          <ns3:TrackPointExtension>
            <ns3:hr>106</ns3:hr>
            <ns3:cad>0</ns3:cad>
          </ns3:TrackPointExtension>
        </extensions>
      </trkpt>
      <trkpt lat="46.563210524618625640869140625" lon="23.67419742979109287261962890625">
        <ele>758.20001220703125</ele>
        <time>2024-06-09T08:17:48.000Z</time>
        <extensions>
          <ns3:TrackPointExtension>
            <ns3:hr>110</ns3:hr>
            <ns3:cad>0</ns3:cad>
          </ns3:TrackPointExtension>
        </extensions>
      </trkpt>
      <trkpt lat="46.56320189125835895538330078125" lon="23.67420447058975696563720703125">
        <ele>758.4000244140625</ele>
        <time>2024-06-09T08:17:49.000Z</time>
        <extensions>
          <ns3:TrackPointExtension>
            <ns3:hr>111</ns3:hr>
            <ns3:cad>0</ns3:cad>
          </ns3:TrackPointExtension>
        </extensions>
      </trkpt>
      <trkpt lat="46.56319049187004566192626953125" lon="23.6742364056408405303955078125">
        <ele>759.4000244140625</ele>
        <time>2024-06-09T08:17:53.000Z</time>
        <extensions>
          <ns3:TrackPointExtension>
            <ns3:hr>114</ns3:hr>
            <ns3:cad>40</ns3:cad>
          </ns3:TrackPointExtension>
        </extensions>
      </trkpt>
      <trkpt lat="46.56318931840360164642333984375" lon="23.6742437817156314849853515625">
        <ele>759.79998779296875</ele>
        <time>2024-06-09T08:17:54.000Z</time>
        <extensions>
          <ns3:TrackPointExtension>
            <ns3:hr>114</ns3:hr>
            <ns3:cad>40</ns3:cad>
          </ns3:TrackPointExtension>
        </extensions>
      </trkpt>
      <trkpt lat="46.56319552101194858551025390625" lon="23.67424604482948780059814453125">
        <ele>760</ele>
        <time>2024-06-09T08:17:55.000Z</time>
        <extensions>
          <ns3:TrackPointExtension>
            <ns3:hr>113</ns3:hr>
            <ns3:cad>40</ns3:cad>
          </ns3:TrackPointExtension>
        </extensions>
      </trkpt>
      <trkpt lat="46.56316232867538928985595703125" lon="23.67428057827055454254150390625">
        <ele>760.4000244140625</ele>
        <time>2024-06-09T08:18:01.000Z</time>
        <extensions>
          <ns3:TrackPointExtension>
            <ns3:hr>113</ns3:hr>
            <ns3:cad>73</ns3:cad>
          </ns3:TrackPointExtension>
        </extensions>
      </trkpt>
      <trkpt lat="46.56313349492847919464111328125" lon="23.67428787052631378173828125">
        <ele>760.79998779296875</ele>
        <time>2024-06-09T08:18:04.000Z</time>
        <extensions>
          <ns3:TrackPointExtension>
            <ns3:hr>113</ns3:hr>
            <ns3:cad>40</ns3:cad>
          </ns3:TrackPointExtension>
        </extensions>
      </trkpt>
      <trkpt lat="46.56310759484767913818359375" lon="23.6742883734405040740966796875">
        <ele>761</ele>
        <time>2024-06-09T08:18:08.000Z</time>
        <extensions>
          <ns3:TrackPointExtension>
            <ns3:hr>113</ns3:hr>
            <ns3:cad>0</ns3:cad>
          </ns3:TrackPointExtension>
        </extensions>
      </trkpt>
      <trkpt lat="46.563093848526477813720703125" lon="23.67431259714066982269287109375">
        <ele>761.79998779296875</ele>
        <time>2024-06-09T08:18:11.000Z</time>
        <extensions>
          <ns3:TrackPointExtension>
            <ns3:hr>114</ns3:hr>
            <ns3:cad>71</ns3:cad>
          </ns3:TrackPointExtension>
        </extensions>
      </trkpt>
      <trkpt lat="46.563067696988582611083984375" lon="23.6743617989122867584228515625">
        <ele>762.5999755859375</ele>
        <time>2024-06-09T08:18:15.000Z</time>
        <extensions>
          <ns3:TrackPointExtension>
            <ns3:hr>114</ns3:hr>
            <ns3:cad>0</ns3:cad>
          </ns3:TrackPointExtension>
        </extensions>
      </trkpt>
      <trkpt lat="46.5630291402339935302734375" lon="23.67443229071795940399169921875">
        <ele>762.79998779296875</ele>
        <time>2024-06-09T08:18:20.000Z</time>
        <extensions>
          <ns3:TrackPointExtension>
            <ns3:hr>116</ns3:hr>
            <ns3:cad>47</ns3:cad>
          </ns3:TrackPointExtension>
        </extensions>
      </trkpt>
      <trkpt lat="46.56301162205636501312255859375" lon="23.67446665652096271514892578125">
        <ele>763</ele>
        <time>2024-06-09T08:18:23.000Z</time>
        <extensions>
          <ns3:TrackPointExtension>
            <ns3:hr>119</ns3:hr>
            <ns3:cad>42</ns3:cad>
          </ns3:TrackPointExtension>
        </extensions>
      </trkpt>
      <trkpt lat="46.5630041621625423431396484375" lon="23.674477636814117431640625">
        <ele>763.20001220703125</ele>
        <time>2024-06-09T08:18:24.000Z</time>
        <extensions>
          <ns3:TrackPointExtension>
            <ns3:hr>120</ns3:hr>
            <ns3:cad>41</ns3:cad>
          </ns3:TrackPointExtension>
        </extensions>
      </trkpt>
      <trkpt lat="46.5629728138446807861328125" lon="23.6745487153530120849609375">
        <ele>763.5999755859375</ele>
        <time>2024-06-09T08:18:31.000Z</time>
        <extensions>
          <ns3:TrackPointExtension>
            <ns3:hr>118</ns3:hr>
            <ns3:cad>41</ns3:cad>
          </ns3:TrackPointExtension>
        </extensions>
      </trkpt>
      <trkpt lat="46.56296434812247753143310546875" lon="23.67457159794867038726806640625">
        <ele>764</ele>
        <time>2024-06-09T08:18:34.000Z</time>
        <extensions>
          <ns3:TrackPointExtension>
            <ns3:hr>117</ns3:hr>
            <ns3:cad>0</ns3:cad>
          </ns3:TrackPointExtension>
        </extensions>
      </trkpt>
      <trkpt lat="46.56296066008508205413818359375" lon="23.67462205700576305389404296875">
        <ele>764</ele>
        <time>2024-06-09T08:18:38.000Z</time>
        <extensions>
          <ns3:TrackPointExtension>
            <ns3:hr>117</ns3:hr>
            <ns3:cad>0</ns3:cad>
          </ns3:TrackPointExtension>
        </extensions>
      </trkpt>
      <trkpt lat="46.56292981468141078948974609375" lon="23.6747047863900661468505859375">
        <ele>763.79998779296875</ele>
        <time>2024-06-09T08:18:45.000Z</time>
        <extensions>
          <ns3:TrackPointExtension>
            <ns3:hr>117</ns3:hr>
            <ns3:cad>44</ns3:cad>
          </ns3:TrackPointExtension>
        </extensions>
      </trkpt>
      <trkpt lat="46.562884636223316192626953125" lon="23.67475331760942935943603515625">
        <ele>764</ele>
        <time>2024-06-09T08:18:50.000Z</time>
        <extensions>
          <ns3:TrackPointExtension>
            <ns3:hr>115</ns3:hr>
            <ns3:cad>0</ns3:cad>
          </ns3:TrackPointExtension>
        </extensions>
      </trkpt>
      <trkpt lat="46.5628489293158054351806640625" lon="23.6747953109443187713623046875">
        <ele>764.20001220703125</ele>
        <time>2024-06-09T08:18:54.000Z</time>
        <extensions>
          <ns3:TrackPointExtension>
            <ns3:hr>112</ns3:hr>
            <ns3:cad>45</ns3:cad>
          </ns3:TrackPointExtension>
        </extensions>
      </trkpt>
      <trkpt lat="46.56283057294785976409912109375" lon="23.6748238094151020050048828125">
        <ele>764.4000244140625</ele>
        <time>2024-06-09T08:18:57.000Z</time>
        <extensions>
          <ns3:TrackPointExtension>
            <ns3:hr>110</ns3:hr>
            <ns3:cad>42</ns3:cad>
          </ns3:TrackPointExtension>
        </extensions>
      </trkpt>
      <trkpt lat="46.56277508474886417388916015625" lon="23.6749183572828769683837890625">
        <ele>764.79998779296875</ele>
        <time>2024-06-09T08:19:05.000Z</time>
        <extensions>
          <ns3:TrackPointExtension>
            <ns3:hr>111</ns3:hr>
            <ns3:cad>41</ns3:cad>
          </ns3:TrackPointExtension>
        </extensions>
      </trkpt>
      <trkpt lat="46.562741808593273162841796875" lon="23.6749421618878841400146484375">
        <ele>765</ele>
        <time>2024-06-09T08:19:10.000Z</time>
        <extensions>
          <ns3:TrackPointExtension>
            <ns3:hr>112</ns3:hr>
            <ns3:cad>77</ns3:cad>
          </ns3:TrackPointExtension>
        </extensions>
      </trkpt>
      <trkpt lat="46.56272403895854949951171875" lon="23.67494576610624790191650390625">
        <ele>765.20001220703125</ele>
        <time>2024-06-09T08:19:12.000Z</time>
        <extensions>
          <ns3:TrackPointExtension>
            <ns3:hr>113</ns3:hr>
            <ns3:cad>77</ns3:cad>
          </ns3:TrackPointExtension>
        </extensions>
      </trkpt>
      <trkpt lat="46.56268590129911899566650390625" lon="23.67498616687953472137451171875">
        <ele>766</ele>
        <time>2024-06-09T08:19:20.000Z</time>
        <extensions>
          <ns3:TrackPointExtension>
            <ns3:hr>113</ns3:hr>
            <ns3:cad>66</ns3:cad>
          </ns3:TrackPointExtension>
        </extensions>
      </trkpt>
      <trkpt lat="46.5626447461545467376708984375" lon="23.67506579495966434478759765625">
        <ele>765.79998779296875</ele>
        <time>2024-06-09T08:19:26.000Z</time>
        <extensions>
          <ns3:TrackPointExtension>
            <ns3:hr>112</ns3:hr>
            <ns3:cad>0</ns3:cad>
          </ns3:TrackPointExtension>
        </extensions>
      </trkpt>
      <trkpt lat="46.56260426156222820281982421875" lon="23.6750816367566585540771484375">
        <ele>766.20001220703125</ele>
        <time>2024-06-09T08:19:31.000Z</time>
        <extensions>
          <ns3:TrackPointExtension>
            <ns3:hr>113</ns3:hr>
            <ns3:cad>44</ns3:cad>
          </ns3:TrackPointExtension>
        </extensions>
      </trkpt>
      <trkpt lat="46.56258297152817249298095703125" lon="23.675086833536624908447265625">
        <ele>766.4000244140625</ele>
        <time>2024-06-09T08:19:34.000Z</time>
        <extensions>
          <ns3:TrackPointExtension>
            <ns3:hr>114</ns3:hr>
            <ns3:cad>44</ns3:cad>
          </ns3:TrackPointExtension>
        </extensions>
      </trkpt>
      <trkpt lat="46.56253905035555362701416015625" lon="23.67510854266583919525146484375">
        <ele>766.79998779296875</ele>
        <time>2024-06-09T08:19:41.000Z</time>
        <extensions>
          <ns3:TrackPointExtension>
            <ns3:hr>113</ns3:hr>
            <ns3:cad>70</ns3:cad>
          </ns3:TrackPointExtension>
        </extensions>
      </trkpt>
      <trkpt lat="46.56253016553819179534912109375" lon="23.675116337835788726806640625">
        <ele>767</ele>
        <time>2024-06-09T08:19:43.000Z</time>
        <extensions>
          <ns3:TrackPointExtension>
            <ns3:hr>110</ns3:hr>
            <ns3:cad>70</ns3:cad>
          </ns3:TrackPointExtension>
        </extensions>
      </trkpt>
      <trkpt lat="46.56248607672750949859619140625" lon="23.675173334777355194091796875">
        <ele>766.5999755859375</ele>
        <time>2024-06-09T08:19:49.000Z</time>
        <extensions>
          <ns3:TrackPointExtension>
            <ns3:hr>110</ns3:hr>
            <ns3:cad>71</ns3:cad>
          </ns3:TrackPointExtension>
        </extensions>
      </trkpt>
      <trkpt lat="46.56241550110280513763427734375" lon="23.6751906014978885650634765625">
        <ele>766.79998779296875</ele>
        <time>2024-06-09T08:19:56.000Z</time>
        <extensions>
          <ns3:TrackPointExtension>
            <ns3:hr>111</ns3:hr>
            <ns3:cad>41</ns3:cad>
          </ns3:TrackPointExtension>
        </extensions>
      </trkpt>
      <trkpt lat="46.56238784082233905792236328125" lon="23.67522873915731906890869140625">
        <ele>767</ele>
        <time>2024-06-09T08:20:01.000Z</time>
        <extensions>
          <ns3:TrackPointExtension>
            <ns3:hr>110</ns3:hr>
            <ns3:cad>45</ns3:cad>
          </ns3:TrackPointExtension>
        </extensions>
      </trkpt>
      <trkpt lat="46.5623383037745952606201171875" lon="23.6752556450664997100830078125">
        <ele>766.79998779296875</ele>
        <time>2024-06-09T08:20:07.000Z</time>
        <extensions>
          <ns3:TrackPointExtension>
            <ns3:hr>111</ns3:hr>
            <ns3:cad>75</ns3:cad>
          </ns3:TrackPointExtension>
        </extensions>
      </trkpt>
      <trkpt lat="46.56230519525706768035888671875" lon="23.67528255097568035125732421875">
        <ele>767</ele>
        <time>2024-06-09T08:20:13.000Z</time>
        <extensions>
          <ns3:TrackPointExtension>
            <ns3:hr>112</ns3:hr>
            <ns3:cad>0</ns3:cad>
          </ns3:TrackPointExtension>
        </extensions>
      </trkpt>
      <trkpt lat="46.56226445920765399932861328125" lon="23.6753548868000507354736328125">
        <ele>767</ele>
        <time>2024-06-09T08:20:20.000Z</time>
        <extensions>
          <ns3:TrackPointExtension>
            <ns3:hr>114</ns3:hr>
            <ns3:cad>0</ns3:cad>
          </ns3:TrackPointExtension>
        </extensions>
      </trkpt>
      <trkpt lat="46.56225867569446563720703125" lon="23.67543853819370269775390625">
        <ele>765.79998779296875</ele>
        <time>2024-06-09T08:20:30.000Z</time>
        <extensions>
          <ns3:TrackPointExtension>
            <ns3:hr>116</ns3:hr>
            <ns3:cad>44</ns3:cad>
          </ns3:TrackPointExtension>
        </extensions>
      </trkpt>
      <trkpt lat="46.56227284111082553863525390625" lon="23.67546427063643932342529296875">
        <ele>765.4000244140625</ele>
        <time>2024-06-09T08:20:34.000Z</time>
        <extensions>
          <ns3:TrackPointExtension>
            <ns3:hr>110</ns3:hr>
            <ns3:cad>0</ns3:cad>
          </ns3:TrackPointExtension>
        </extensions>
      </trkpt>
      <trkpt lat="46.5622772835195064544677734375" lon="23.67549763061106204986572265625">
        <ele>765</ele>
        <time>2024-06-09T08:20:37.000Z</time>
        <extensions>
          <ns3:TrackPointExtension>
            <ns3:hr>107</ns3:hr>
            <ns3:cad>62</ns3:cad>
          </ns3:TrackPointExtension>
        </extensions>
      </trkpt>
      <trkpt lat="46.562277115881443023681640625" lon="23.6755049228668212890625">
        <ele>765</ele>
        <time>2024-06-09T08:20:38.000Z</time>
        <extensions>
          <ns3:TrackPointExtension>
            <ns3:hr>106</ns3:hr>
            <ns3:cad>62</ns3:cad>
          </ns3:TrackPointExtension>
        </extensions>
      </trkpt>
      <trkpt lat="46.5622497908771038055419921875" lon="23.67554490454494953155517578125">
        <ele>764</ele>
        <time>2024-06-09T08:20:45.000Z</time>
        <extensions>
          <ns3:TrackPointExtension>
            <ns3:hr>104</ns3:hr>
            <ns3:cad>0</ns3:cad>
          </ns3:TrackPointExtension>
        </extensions>
      </trkpt>
      <trkpt lat="46.56224467791616916656494140625" lon="23.67554582655429840087890625">
        <ele>764</ele>
        <time>2024-06-09T08:20:46.000Z</time>
        <extensions>
          <ns3:TrackPointExtension>
            <ns3:hr>104</ns3:hr>
            <ns3:cad>0</ns3:cad>
          </ns3:TrackPointExtension>
        </extensions>
      </trkpt>
      <trkpt lat="46.56218751333653926849365234375" lon="23.675560913980007171630859375">
        <ele>764</ele>
        <time>2024-06-09T08:20:53.000Z</time>
        <extensions>
          <ns3:TrackPointExtension>
            <ns3:hr>103</ns3:hr>
            <ns3:cad>47</ns3:cad>
          </ns3:TrackPointExtension>
        </extensions>
      </trkpt>
      <trkpt lat="46.56211341731250286102294921875" lon="23.67563425563275814056396484375">
        <ele>764</ele>
        <time>2024-06-09T08:21:01.000Z</time>
        <extensions>
          <ns3:TrackPointExtension>
            <ns3:hr>102</ns3:hr>
            <ns3:cad>50</ns3:cad>
          </ns3:TrackPointExtension>
        </extensions>
      </trkpt>
      <trkpt lat="46.56207217834889888763427734375" lon="23.6756653524935245513916015625">
        <ele>764.20001220703125</ele>
        <time>2024-06-09T08:21:08.000Z</time>
        <extensions>
          <ns3:TrackPointExtension>
            <ns3:hr>102</ns3:hr>
            <ns3:cad>0</ns3:cad>
          </ns3:TrackPointExtension>
        </extensions>
      </trkpt>
      <trkpt lat="46.56203337013721466064453125" lon="23.67573014460504055023193359375">
        <ele>763.79998779296875</ele>
        <time>2024-06-09T08:21:15.000Z</time>
        <extensions>
          <ns3:TrackPointExtension>
            <ns3:hr>102</ns3:hr>
            <ns3:cad>0</ns3:cad>
          </ns3:TrackPointExtension>
        </extensions>
      </trkpt>
      <trkpt lat="46.56198978424072265625" lon="23.6757867224514484405517578125">
        <ele>763.5999755859375</ele>
        <time>2024-06-09T08:21:21.000Z</time>
        <extensions>
          <ns3:TrackPointExtension>
            <ns3:hr>102</ns3:hr>
            <ns3:cad>48</ns3:cad>
          </ns3:TrackPointExtension>
        </extensions>
      </trkpt>
      <trkpt lat="46.561939828097820281982421875" lon="23.67584950290620326995849609375">
        <ele>763.4000244140625</ele>
        <time>2024-06-09T08:21:28.000Z</time>
        <extensions>
          <ns3:TrackPointExtension>
            <ns3:hr>102</ns3:hr>
            <ns3:cad>47</ns3:cad>
          </ns3:TrackPointExtension>
        </extensions>
      </trkpt>
      <trkpt lat="46.561917364597320556640625" lon="23.67586492560803890228271484375">
        <ele>762.79998779296875</ele>
        <time>2024-06-09T08:21:33.000Z</time>
        <extensions>
          <ns3:TrackPointExtension>
            <ns3:hr>100</ns3:hr>
            <ns3:cad>0</ns3:cad>
          </ns3:TrackPointExtension>
        </extensions>
      </trkpt>
      <trkpt lat="46.56190940178930759429931640625" lon="23.675870038568973541259765625">
        <ele>762.79998779296875</ele>
        <time>2024-06-09T08:21:34.000Z</time>
        <extensions>
          <ns3:TrackPointExtension>
            <ns3:hr>100</ns3:hr>
            <ns3:cad>0</ns3:cad>
          </ns3:TrackPointExtension>
        </extensions>
      </trkpt>
      <trkpt lat="46.5618886984884738922119140625" lon="23.67590851150453090667724609375">
        <ele>762.5999755859375</ele>
        <time>2024-06-09T08:21:39.000Z</time>
        <extensions>
          <ns3:TrackPointExtension>
            <ns3:hr>101</ns3:hr>
            <ns3:cad>0</ns3:cad>
          </ns3:TrackPointExtension>
        </extensions>
      </trkpt>
      <trkpt lat="46.56183027662336826324462890625" lon="23.675960563123226165771484375">
        <ele>762.20001220703125</ele>
        <time>2024-06-09T08:21:46.000Z</time>
        <extensions>
          <ns3:TrackPointExtension>
            <ns3:hr>101</ns3:hr>
            <ns3:cad>0</ns3:cad>
          </ns3:TrackPointExtension>
        </extensions>
      </trkpt>
      <trkpt lat="46.56181611120700836181640625" lon="23.67603222839534282684326171875">
        <ele>761.79998779296875</ele>
        <time>2024-06-09T08:21:53.000Z</time>
        <extensions>
          <ns3:TrackPointExtension>
            <ns3:hr>103</ns3:hr>
            <ns3:cad>47</ns3:cad>
          </ns3:TrackPointExtension>
        </extensions>
      </trkpt>
      <trkpt lat="46.56181703321635723114013671875" lon="23.67603792808949947357177734375">
        <ele>761.5999755859375</ele>
        <time>2024-06-09T08:21:54.000Z</time>
        <extensions>
          <ns3:TrackPointExtension>
            <ns3:hr>103</ns3:hr>
            <ns3:cad>47</ns3:cad>
          </ns3:TrackPointExtension>
        </extensions>
      </trkpt>
      <trkpt lat="46.5618248283863067626953125" lon="23.676077239215373992919921875">
        <ele>760.5999755859375</ele>
        <time>2024-06-09T08:21:58.000Z</time>
        <extensions>
          <ns3:TrackPointExtension>
            <ns3:hr>103</ns3:hr>
            <ns3:cad>48</ns3:cad>
          </ns3:TrackPointExtension>
        </extensions>
      </trkpt>
      <trkpt lat="46.5618203021585941314697265625" lon="23.6760864593088626861572265625">
        <ele>760.4000244140625</ele>
        <time>2024-06-09T08:21:59.000Z</time>
        <extensions>
          <ns3:TrackPointExtension>
            <ns3:hr>103</ns3:hr>
            <ns3:cad>48</ns3:cad>
          </ns3:TrackPointExtension>
        </extensions>
      </trkpt>
      <trkpt lat="46.561825834214687347412109375" lon="23.6761287041008472442626953125">
        <ele>759.5999755859375</ele>
        <time>2024-06-09T08:22:04.000Z</time>
        <extensions>
          <ns3:TrackPointExtension>
            <ns3:hr>102</ns3:hr>
            <ns3:cad>48</ns3:cad>
          </ns3:TrackPointExtension>
        </extensions>
      </trkpt>
      <trkpt lat="46.56183145008981227874755859375" lon="23.67614253424108028411865234375">
        <ele>759.4000244140625</ele>
        <time>2024-06-09T08:22:06.000Z</time>
        <extensions>
          <ns3:TrackPointExtension>
            <ns3:hr>102</ns3:hr>
            <ns3:cad>48</ns3:cad>
          </ns3:TrackPointExtension>
        </extensions>
      </trkpt>
      <trkpt lat="46.5618374012410640716552734375" lon="23.676162064075469970703125">
        <ele>758.4000244140625</ele>
        <time>2024-06-09T08:22:12.000Z</time>
        <extensions>
          <ns3:TrackPointExtension>
            <ns3:hr>101</ns3:hr>
            <ns3:cad>0</ns3:cad>
          </ns3:TrackPointExtension>
        </extensions>
      </trkpt>
      <trkpt lat="46.56183782033622264862060546875" lon="23.67616902105510234832763671875">
        <ele>758.4000244140625</ele>
        <time>2024-06-09T08:22:13.000Z</time>
        <extensions>
          <ns3:TrackPointExtension>
            <ns3:hr>102</ns3:hr>
            <ns3:cad>0</ns3:cad>
          </ns3:TrackPointExtension>
        </extensions>
      </trkpt>
      <trkpt lat="46.561821140348911285400390625" lon="23.6762276105582714080810546875">
        <ele>757.79998779296875</ele>
        <time>2024-06-09T08:22:19.000Z</time>
        <extensions>
          <ns3:TrackPointExtension>
            <ns3:hr>101</ns3:hr>
            <ns3:cad>0</ns3:cad>
          </ns3:TrackPointExtension>
        </extensions>
      </trkpt>
      <trkpt lat="46.561817787587642669677734375" lon="23.676238171756267547607421875">
        <ele>757.4000244140625</ele>
        <time>2024-06-09T08:22:27.000Z</time>
        <extensions>
          <ns3:TrackPointExtension>
            <ns3:hr>97</ns3:hr>
            <ns3:cad>0</ns3:cad>
          </ns3:TrackPointExtension>
        </extensions>
      </trkpt>
      <trkpt lat="46.56181770376861095428466796875" lon="23.67624512873589992523193359375">
        <ele>757.4000244140625</ele>
        <time>2024-06-09T08:22:29.000Z</time>
        <extensions>
          <ns3:TrackPointExtension>
            <ns3:hr>96</ns3:hr>
            <ns3:cad>0</ns3:cad>
          </ns3:TrackPointExtension>
        </extensions>
      </trkpt>
      <trkpt lat="46.56181938014924526214599609375" lon="23.67624697275459766387939453125">
        <ele>757.20001220703125</ele>
        <time>2024-06-09T08:22:33.000Z</time>
        <extensions>
          <ns3:TrackPointExtension>
            <ns3:hr>99</ns3:hr>
            <ns3:cad>0</ns3:cad>
          </ns3:TrackPointExtension>
        </extensions>
      </trkpt>
      <trkpt lat="46.56181938014924526214599609375" lon="23.67624697275459766387939453125">
        <ele>757</ele>
        <time>2024-06-09T08:22:39.000Z</time>
        <extensions>
          <ns3:TrackPointExtension>
            <ns3:hr>101</ns3:hr>
            <ns3:cad>0</ns3:cad>
          </ns3:TrackPointExtension>
        </extensions>
      </trkpt>
      <trkpt lat="46.56181938014924526214599609375" lon="23.67624697275459766387939453125">
        <ele>756.79998779296875</ele>
        <time>2024-06-09T08:22:42.000Z</time>
        <extensions>
          <ns3:TrackPointExtension>
            <ns3:hr>98</ns3:hr>
            <ns3:cad>0</ns3:cad>
          </ns3:TrackPointExtension>
        </extensions>
      </trkpt>
      <trkpt lat="46.5618213079869747161865234375" lon="23.67621378041803836822509765625">
        <ele>756.79998779296875</ele>
        <time>2024-06-09T08:22:47.000Z</time>
        <extensions>
          <ns3:TrackPointExtension>
            <ns3:hr>102</ns3:hr>
            <ns3:cad>0</ns3:cad>
          </ns3:TrackPointExtension>
        </extensions>
      </trkpt>
      <trkpt lat="46.5618213079869747161865234375" lon="23.67621378041803836822509765625">
        <ele>756.79998779296875</ele>
        <time>2024-06-09T08:22:48.000Z</time>
        <extensions>
          <ns3:TrackPointExtension>
            <ns3:hr>101</ns3:hr>
            <ns3:cad>0</ns3:cad>
          </ns3:TrackPointExtension>
        </extensions>
      </trkpt>
      <trkpt lat="46.5618233196437358856201171875" lon="23.676216043531894683837890625">
        <ele>756.79998779296875</ele>
        <time>2024-06-09T08:22:51.000Z</time>
        <extensions>
          <ns3:TrackPointExtension>
            <ns3:hr>98</ns3:hr>
            <ns3:cad>0</ns3:cad>
          </ns3:TrackPointExtension>
        </extensions>
      </trkpt>
      <trkpt lat="46.56182474456727504730224609375" lon="23.67621830664575099945068359375">
        <ele>756.4000244140625</ele>
        <time>2024-06-09T08:23:02.000Z</time>
        <extensions>
          <ns3:TrackPointExtension>
            <ns3:hr>99</ns3:hr>
            <ns3:cad>0</ns3:cad>
          </ns3:TrackPointExtension>
        </extensions>
      </trkpt>
      <trkpt lat="46.56181602738797664642333984375" lon="23.67625334300100803375244140625">
        <ele>756.4000244140625</ele>
        <time>2024-06-09T08:23:08.000Z</time>
        <extensions>
          <ns3:TrackPointExtension>
            <ns3:hr>96</ns3:hr>
            <ns3:cad>0</ns3:cad>
          </ns3:TrackPointExtension>
        </extensions>
      </trkpt>
      <trkpt lat="46.56180932186543941497802734375" lon="23.67626725696027278900146484375">
        <ele>756.20001220703125</ele>
        <time>2024-06-09T08:23:10.000Z</time>
        <extensions>
          <ns3:TrackPointExtension>
            <ns3:hr>93</ns3:hr>
            <ns3:cad>0</ns3:cad>
          </ns3:TrackPointExtension>
        </extensions>
      </trkpt>
      <trkpt lat="46.56180596910417079925537109375" lon="23.67629089392721652984619140625">
        <ele>755.79998779296875</ele>
        <time>2024-06-09T08:23:13.000Z</time>
        <extensions>
          <ns3:TrackPointExtension>
            <ns3:hr>91</ns3:hr>
            <ns3:cad>0</ns3:cad>
          </ns3:TrackPointExtension>
        </extensions>
      </trkpt>
      <trkpt lat="46.56179440207779407501220703125" lon="23.676319979131221771240234375">
        <ele>755.79998779296875</ele>
        <time>2024-06-09T08:23:15.000Z</time>
        <extensions>
          <ns3:TrackPointExtension>
            <ns3:hr>96</ns3:hr>
            <ns3:cad>0</ns3:cad>
          </ns3:TrackPointExtension>
        </extensions>
      </trkpt>
      <trkpt lat="46.56178954057395458221435546875" lon="23.67635451257228851318359375">
        <ele>755.79998779296875</ele>
        <time>2024-06-09T08:23:18.000Z</time>
        <extensions>
          <ns3:TrackPointExtension>
            <ns3:hr>99</ns3:hr>
            <ns3:cad>51</ns3:cad>
          </ns3:TrackPointExtension>
        </extensions>
      </trkpt>
      <trkpt lat="46.56179130077362060546875" lon="23.676368258893489837646484375">
        <ele>755.79998779296875</ele>
        <time>2024-06-09T08:23:19.000Z</time>
        <extensions>
          <ns3:TrackPointExtension>
            <ns3:hr>99</ns3:hr>
            <ns3:cad>51</ns3:cad>
          </ns3:TrackPointExtension>
        </extensions>
      </trkpt>
      <trkpt lat="46.561784259974956512451171875" lon="23.67638594470918178558349609375">
        <ele>755.79998779296875</ele>
        <time>2024-06-09T08:23:21.000Z</time>
        <extensions>
          <ns3:TrackPointExtension>
            <ns3:hr>99</ns3:hr>
            <ns3:cad>50</ns3:cad>
          </ns3:TrackPointExtension>
        </extensions>
      </trkpt>
      <trkpt lat="46.56176456250250339508056640625" lon="23.67642751894891262054443359375">
        <ele>755.5999755859375</ele>
        <time>2024-06-09T08:23:25.000Z</time>
        <extensions>
          <ns3:TrackPointExtension>
            <ns3:hr>95</ns3:hr>
            <ns3:cad>52</ns3:cad>
          </ns3:TrackPointExtension>
        </extensions>
      </trkpt>
      <trkpt lat="46.56176271848380565643310546875" lon="23.67643958888947963714599609375">
        <ele>755.4000244140625</ele>
        <time>2024-06-09T08:23:27.000Z</time>
        <extensions>
          <ns3:TrackPointExtension>
            <ns3:hr>92</ns3:hr>
            <ns3:cad>52</ns3:cad>
          </ns3:TrackPointExtension>
        </extensions>
      </trkpt>
      <trkpt lat="46.56175936572253704071044921875" lon="23.676454089581966400146484375">
        <ele>755.4000244140625</ele>
        <time>2024-06-09T08:23:28.000Z</time>
        <extensions>
          <ns3:TrackPointExtension>
            <ns3:hr>91</ns3:hr>
            <ns3:cad>52</ns3:cad>
          </ns3:TrackPointExtension>
        </extensions>
      </trkpt>
      <trkpt lat="46.56173455528914928436279296875" lon="23.67649407126009464263916015625">
        <ele>755.20001220703125</ele>
        <time>2024-06-09T08:23:31.000Z</time>
        <extensions>
          <ns3:TrackPointExtension>
            <ns3:hr>88</ns3:hr>
            <ns3:cad>49</ns3:cad>
          </ns3:TrackPointExtension>
        </extensions>
      </trkpt>
      <trkpt lat="46.56172969378530979156494140625" lon="23.67651636712253093719482421875">
        <ele>755.20001220703125</ele>
        <time>2024-06-09T08:23:33.000Z</time>
        <extensions>
          <ns3:TrackPointExtension>
            <ns3:hr>86</ns3:hr>
            <ns3:cad>49</ns3:cad>
          </ns3:TrackPointExtension>
        </extensions>
      </trkpt>
      <trkpt lat="46.5617136843502521514892578125" lon="23.6765967495739459991455078125">
        <ele>754.79998779296875</ele>
        <time>2024-06-09T08:23:39.000Z</time>
        <extensions>
          <ns3:TrackPointExtension>
            <ns3:hr>86</ns3:hr>
            <ns3:cad>51</ns3:cad>
          </ns3:TrackPointExtension>
        </extensions>
      </trkpt>
      <trkpt lat="46.5617244131863117218017578125" lon="23.67666740901768207550048828125">
        <ele>754.4000244140625</ele>
        <time>2024-06-09T08:23:47.000Z</time>
        <extensions>
          <ns3:TrackPointExtension>
            <ns3:hr>88</ns3:hr>
            <ns3:cad>0</ns3:cad>
          </ns3:TrackPointExtension>
        </extensions>
      </trkpt>
      <trkpt lat="46.56172650866210460662841796875" lon="23.67667369544506072998046875">
        <ele>754.20001220703125</ele>
        <time>2024-06-09T08:23:48.000Z</time>
        <extensions>
          <ns3:TrackPointExtension>
            <ns3:hr>88</ns3:hr>
            <ns3:cad>47</ns3:cad>
          </ns3:TrackPointExtension>
        </extensions>
      </trkpt>
      <trkpt lat="46.561740674078464508056640625" lon="23.6767144314944744110107421875">
        <ele>753.20001220703125</ele>
        <time>2024-06-09T08:23:52.000Z</time>
        <extensions>
          <ns3:TrackPointExtension>
            <ns3:hr>91</ns3:hr>
            <ns3:cad>47</ns3:cad>
          </ns3:TrackPointExtension>
        </extensions>
      </trkpt>
      <trkpt lat="46.56174796633422374725341796875" lon="23.67673999629914760589599609375">
        <ele>752.4000244140625</ele>
        <time>2024-06-09T08:23:54.000Z</time>
        <extensions>
          <ns3:TrackPointExtension>
            <ns3:hr>93</ns3:hr>
            <ns3:cad>47</ns3:cad>
          </ns3:TrackPointExtension>
        </extensions>
      </trkpt>
      <trkpt lat="46.56175735406577587127685546875" lon="23.676764555275440216064453125">
        <ele>752</ele>
        <time>2024-06-09T08:23:57.000Z</time>
        <extensions>
          <ns3:TrackPointExtension>
            <ns3:hr>95</ns3:hr>
            <ns3:cad>55</ns3:cad>
          </ns3:TrackPointExtension>
        </extensions>
      </trkpt>
      <trkpt lat="46.56176649034023284912109375" lon="23.67680571042001247406005859375">
        <ele>751.20001220703125</ele>
        <time>2024-06-09T08:24:00.000Z</time>
        <extensions>
          <ns3:TrackPointExtension>
            <ns3:hr>96</ns3:hr>
            <ns3:cad>55</ns3:cad>
          </ns3:TrackPointExtension>
        </extensions>
      </trkpt>
      <trkpt lat="46.56177311204373836517333984375" lon="23.67685717530548572540283203125">
        <ele>750.79998779296875</ele>
        <time>2024-06-09T08:24:02.000Z</time>
        <extensions>
          <ns3:TrackPointExtension>
            <ns3:hr>97</ns3:hr>
            <ns3:cad>53</ns3:cad>
          </ns3:TrackPointExtension>
        </extensions>
      </trkpt>
      <trkpt lat="46.5617767162621021270751953125" lon="23.67690302431583404541015625">
        <ele>750.5999755859375</ele>
        <time>2024-06-09T08:24:07.000Z</time>
        <extensions>
          <ns3:TrackPointExtension>
            <ns3:hr>97</ns3:hr>
            <ns3:cad>53</ns3:cad>
          </ns3:TrackPointExtension>
        </extensions>
      </trkpt>
      <trkpt lat="46.56178099103271961212158203125" lon="23.67693982087075710296630859375">
        <ele>749.79998779296875</ele>
        <time>2024-06-09T08:24:11.000Z</time>
        <extensions>
          <ns3:TrackPointExtension>
            <ns3:hr>97</ns3:hr>
            <ns3:cad>0</ns3:cad>
          </ns3:TrackPointExtension>
        </extensions>
      </trkpt>
      <trkpt lat="46.5617730282247066497802734375" lon="23.6769600212574005126953125">
        <ele>749.4000244140625</ele>
        <time>2024-06-09T08:24:13.000Z</time>
        <extensions>
          <ns3:TrackPointExtension>
            <ns3:hr>97</ns3:hr>
            <ns3:cad>53</ns3:cad>
          </ns3:TrackPointExtension>
        </extensions>
      </trkpt>
      <trkpt lat="46.5617522411048412322998046875" lon="23.67699497379362583160400390625">
        <ele>748.79998779296875</ele>
        <time>2024-06-09T08:24:18.000Z</time>
        <extensions>
          <ns3:TrackPointExtension>
            <ns3:hr>97</ns3:hr>
            <ns3:cad>53</ns3:cad>
          </ns3:TrackPointExtension>
        </extensions>
      </trkpt>
      <trkpt lat="46.56174813397228717803955078125" lon="23.67702984251081943511962890625">
        <ele>748.4000244140625</ele>
        <time>2024-06-09T08:24:21.000Z</time>
        <extensions>
          <ns3:TrackPointExtension>
            <ns3:hr>97</ns3:hr>
            <ns3:cad>48</ns3:cad>
          </ns3:TrackPointExtension>
        </extensions>
      </trkpt>
      <trkpt lat="46.5617281012237071990966796875" lon="23.677093796432018280029296875">
        <ele>747.5999755859375</ele>
        <time>2024-06-09T08:24:28.000Z</time>
        <extensions>
          <ns3:TrackPointExtension>
            <ns3:hr>97</ns3:hr>
            <ns3:cad>48</ns3:cad>
          </ns3:TrackPointExtension>
        </extensions>
      </trkpt>
      <trkpt lat="46.5617418475449085235595703125" lon="23.6771439202129840850830078125">
        <ele>747</ele>
        <time>2024-06-09T08:24:34.000Z</time>
        <extensions>
          <ns3:TrackPointExtension>
            <ns3:hr>97</ns3:hr>
            <ns3:cad>47</ns3:cad>
          </ns3:TrackPointExtension>
        </extensions>
      </trkpt>
      <trkpt lat="46.56176137737929821014404296875" lon="23.677177615463733673095703125">
        <ele>746.5999755859375</ele>
        <time>2024-06-09T08:24:36.000Z</time>
        <extensions>
          <ns3:TrackPointExtension>
            <ns3:hr>97</ns3:hr>
            <ns3:cad>47</ns3:cad>
          </ns3:TrackPointExtension>
        </extensions>
      </trkpt>
      <trkpt lat="46.56177529133856296539306640625" lon="23.677249364554882049560546875">
        <ele>745.79998779296875</ele>
        <time>2024-06-09T08:24:43.000Z</time>
        <extensions>
          <ns3:TrackPointExtension>
            <ns3:hr>96</ns3:hr>
            <ns3:cad>54</ns3:cad>
          </ns3:TrackPointExtension>
        </extensions>
      </trkpt>
      <trkpt lat="46.5617777220904827117919921875" lon="23.6772854067385196685791015625">
        <ele>745.5999755859375</ele>
        <time>2024-06-09T08:24:46.000Z</time>
        <extensions>
          <ns3:TrackPointExtension>
            <ns3:hr>96</ns3:hr>
            <ns3:cad>52</ns3:cad>
          </ns3:TrackPointExtension>
        </extensions>
      </trkpt>
      <trkpt lat="46.56178199686110019683837890625" lon="23.6773108877241611480712890625">
        <ele>744.4000244140625</ele>
        <time>2024-06-09T08:24:49.000Z</time>
        <extensions>
          <ns3:TrackPointExtension>
            <ns3:hr>96</ns3:hr>
            <ns3:cad>48</ns3:cad>
          </ns3:TrackPointExtension>
        </extensions>
      </trkpt>
      <trkpt lat="46.56179138459265232086181640625" lon="23.677333854138851165771484375">
        <ele>744</ele>
        <time>2024-06-09T08:24:51.000Z</time>
        <extensions>
          <ns3:TrackPointExtension>
            <ns3:hr>96</ns3:hr>
            <ns3:cad>48</ns3:cad>
          </ns3:TrackPointExtension>
        </extensions>
      </trkpt>
      <trkpt lat="46.56181401573121547698974609375" lon="23.67737920023500919342041015625">
        <ele>743.20001220703125</ele>
        <time>2024-06-09T08:24:56.000Z</time>
        <extensions>
          <ns3:TrackPointExtension>
            <ns3:hr>96</ns3:hr>
            <ns3:cad>52</ns3:cad>
          </ns3:TrackPointExtension>
        </extensions>
      </trkpt>
      <trkpt lat="46.56182005070149898529052734375" lon="23.67738582193851470947265625">
        <ele>743</ele>
        <time>2024-06-09T08:24:57.000Z</time>
        <extensions>
          <ns3:TrackPointExtension>
            <ns3:hr>96</ns3:hr>
            <ns3:cad>52</ns3:cad>
          </ns3:TrackPointExtension>
        </extensions>
      </trkpt>
      <trkpt lat="46.561820469796657562255859375" lon="23.6774369515478610992431640625">
        <ele>742.20001220703125</ele>
        <time>2024-06-09T08:25:02.000Z</time>
        <extensions>
          <ns3:TrackPointExtension>
            <ns3:hr>97</ns3:hr>
            <ns3:cad>48</ns3:cad>
          </ns3:TrackPointExtension>
        </extensions>
      </trkpt>
      <trkpt lat="46.56181803904473781585693359375" lon="23.6774455010890960693359375">
        <ele>742.20001220703125</ele>
        <time>2024-06-09T08:25:03.000Z</time>
        <extensions>
          <ns3:TrackPointExtension>
            <ns3:hr>97</ns3:hr>
            <ns3:cad>48</ns3:cad>
          </ns3:TrackPointExtension>
        </extensions>
      </trkpt>
      <trkpt lat="46.561811082065105438232421875" lon="23.67753728292882442474365234375">
        <ele>741.20001220703125</ele>
        <time>2024-06-09T08:25:12.000Z</time>
        <extensions>
          <ns3:TrackPointExtension>
            <ns3:hr>98</ns3:hr>
            <ns3:cad>46</ns3:cad>
          </ns3:TrackPointExtension>
        </extensions>
      </trkpt>
      <trkpt lat="46.561809070408344268798828125" lon="23.6775526218116283416748046875">
        <ele>741.20001220703125</ele>
        <time>2024-06-09T08:25:13.000Z</time>
        <extensions>
          <ns3:TrackPointExtension>
            <ns3:hr>98</ns3:hr>
            <ns3:cad>46</ns3:cad>
          </ns3:TrackPointExtension>
        </extensions>
      </trkpt>
      <trkpt lat="46.56177126802504062652587890625" lon="23.6776324175298213958740234375">
        <ele>740</ele>
        <time>2024-06-09T08:25:22.000Z</time>
        <extensions>
          <ns3:TrackPointExtension>
            <ns3:hr>98</ns3:hr>
            <ns3:cad>48</ns3:cad>
          </ns3:TrackPointExtension>
        </extensions>
      </trkpt>
      <trkpt lat="46.5617482177913188934326171875" lon="23.6777056753635406494140625">
        <ele>739</ele>
        <time>2024-06-09T08:25:29.000Z</time>
        <extensions>
          <ns3:TrackPointExtension>
            <ns3:hr>98</ns3:hr>
            <ns3:cad>46</ns3:cad>
          </ns3:TrackPointExtension>
        </extensions>
      </trkpt>
      <trkpt lat="46.5617401711642742156982421875" lon="23.67773006670176982879638671875">
        <ele>738.79998779296875</ele>
        <time>2024-06-09T08:25:30.000Z</time>
        <extensions>
          <ns3:TrackPointExtension>
            <ns3:hr>98</ns3:hr>
            <ns3:cad>46</ns3:cad>
          </ns3:TrackPointExtension>
        </extensions>
      </trkpt>
      <trkpt lat="46.56173271127045154571533203125" lon="23.67781287990510463714599609375">
        <ele>738</ele>
        <time>2024-06-09T08:25:37.000Z</time>
        <extensions>
          <ns3:TrackPointExtension>
            <ns3:hr>96</ns3:hr>
            <ns3:cad>50</ns3:cad>
          </ns3:TrackPointExtension>
        </extensions>
      </trkpt>
      <trkpt lat="46.56171108596026897430419921875" lon="23.67784456349909305572509765625">
        <ele>737.79998779296875</ele>
        <time>2024-06-09T08:25:41.000Z</time>
        <extensions>
          <ns3:TrackPointExtension>
            <ns3:hr>96</ns3:hr>
            <ns3:cad>47</ns3:cad>
          </ns3:TrackPointExtension>
        </extensions>
      </trkpt>
      <trkpt lat="46.56168342567980289459228515625" lon="23.67786149494349956512451171875">
        <ele>737.20001220703125</ele>
        <time>2024-06-09T08:25:45.000Z</time>
        <extensions>
          <ns3:TrackPointExtension>
            <ns3:hr>97</ns3:hr>
            <ns3:cad>44</ns3:cad>
          </ns3:TrackPointExtension>
        </extensions>
      </trkpt>
      <trkpt lat="46.5616546757519245147705078125" lon="23.67795051075518131256103515625">
        <ele>737</ele>
        <time>2024-06-09T08:25:53.000Z</time>
        <extensions>
          <ns3:TrackPointExtension>
            <ns3:hr>98</ns3:hr>
            <ns3:cad>49</ns3:cad>
          </ns3:TrackPointExtension>
        </extensions>
      </trkpt>
      <trkpt lat="46.56162357889115810394287109375" lon="23.67796375416219234466552734375">
        <ele>736.79998779296875</ele>
        <time>2024-06-09T08:25:59.000Z</time>
        <extensions>
          <ns3:TrackPointExtension>
            <ns3:hr>95</ns3:hr>
            <ns3:cad>47</ns3:cad>
          </ns3:TrackPointExtension>
        </extensions>
      </trkpt>
      <trkpt lat="46.5616127662360668182373046875" lon="23.67796408943831920623779296875">
        <ele>736.79998779296875</ele>
        <time>2024-06-09T08:26:00.000Z</time>
        <extensions>
          <ns3:TrackPointExtension>
            <ns3:hr>93</ns3:hr>
            <ns3:cad>47</ns3:cad>
          </ns3:TrackPointExtension>
        </extensions>
      </trkpt>
      <trkpt lat="46.5615638159215450286865234375" lon="23.678012453019618988037109375">
        <ele>736.5999755859375</ele>
        <time>2024-06-09T08:26:06.000Z</time>
        <extensions>
          <ns3:TrackPointExtension>
            <ns3:hr>92</ns3:hr>
            <ns3:cad>0</ns3:cad>
          </ns3:TrackPointExtension>
        </extensions>
      </trkpt>
      <trkpt lat="46.5615111775696277618408203125" lon="23.67806903086602687835693359375">
        <ele>735.5999755859375</ele>
        <time>2024-06-09T08:26:12.000Z</time>
        <extensions>
          <ns3:TrackPointExtension>
            <ns3:hr>93</ns3:hr>
            <ns3:cad>52</ns3:cad>
          </ns3:TrackPointExtension>
        </extensions>
      </trkpt>
      <trkpt lat="46.56146415509283542633056640625" lon="23.678123094141483306884765625">
        <ele>734.5999755859375</ele>
        <time>2024-06-09T08:26:19.000Z</time>
        <extensions>
          <ns3:TrackPointExtension>
            <ns3:hr>93</ns3:hr>
            <ns3:cad>49</ns3:cad>
          </ns3:TrackPointExtension>
        </extensions>
      </trkpt>
      <trkpt lat="46.56144755892455577850341796875" lon="23.67813642136752605438232421875">
        <ele>734.4000244140625</ele>
        <time>2024-06-09T08:26:21.000Z</time>
        <extensions>
          <ns3:TrackPointExtension>
            <ns3:hr>92</ns3:hr>
            <ns3:cad>49</ns3:cad>
          </ns3:TrackPointExtension>
        </extensions>
      </trkpt>
      <trkpt lat="46.56139039434492588043212890625" lon="23.67818285711109638214111328125">
        <ele>734</ele>
        <time>2024-06-09T08:26:26.000Z</time>
        <extensions>
          <ns3:TrackPointExtension>
            <ns3:hr>93</ns3:hr>
            <ns3:cad>49</ns3:cad>
          </ns3:TrackPointExtension>
        </extensions>
      </trkpt>
      <trkpt lat="46.5613133646547794342041015625" lon="23.6782047338783740997314453125">
        <ele>733.79998779296875</ele>
        <time>2024-06-09T08:26:33.000Z</time>
        <extensions>
          <ns3:TrackPointExtension>
            <ns3:hr>91</ns3:hr>
            <ns3:cad>51</ns3:cad>
          </ns3:TrackPointExtension>
        </extensions>
      </trkpt>
      <trkpt lat="46.56129064969718456268310546875" lon="23.678218983113765716552734375">
        <ele>733.79998779296875</ele>
        <time>2024-06-09T08:26:36.000Z</time>
        <extensions>
          <ns3:TrackPointExtension>
            <ns3:hr>88</ns3:hr>
            <ns3:cad>52</ns3:cad>
          </ns3:TrackPointExtension>
        </extensions>
      </trkpt>
      <trkpt lat="46.5612613968551158905029296875" lon="23.67824823595583438873291015625">
        <ele>733.4000244140625</ele>
        <time>2024-06-09T08:26:40.000Z</time>
        <extensions>
          <ns3:TrackPointExtension>
            <ns3:hr>88</ns3:hr>
            <ns3:cad>49</ns3:cad>
          </ns3:TrackPointExtension>
        </extensions>
      </trkpt>
      <trkpt lat="46.561165340244770050048828125" lon="23.67829835973680019378662109375">
        <ele>732.5999755859375</ele>
        <time>2024-06-09T08:26:49.000Z</time>
        <extensions>
          <ns3:TrackPointExtension>
            <ns3:hr>88</ns3:hr>
            <ns3:cad>50</ns3:cad>
          </ns3:TrackPointExtension>
        </extensions>
      </trkpt>
      <trkpt lat="46.56114195473492145538330078125" lon="23.67830120958387851715087890625">
        <ele>732.4000244140625</ele>
        <time>2024-06-09T08:26:51.000Z</time>
        <extensions>
          <ns3:TrackPointExtension>
            <ns3:hr>88</ns3:hr>
            <ns3:cad>49</ns3:cad>
          </ns3:TrackPointExtension>
        </extensions>
      </trkpt>
      <trkpt lat="46.5611323155462741851806640625" lon="23.67830657400190830230712890625">
        <ele>732.20001220703125</ele>
        <time>2024-06-09T08:26:52.000Z</time>
        <extensions>
          <ns3:TrackPointExtension>
            <ns3:hr>89</ns3:hr>
            <ns3:cad>49</ns3:cad>
          </ns3:TrackPointExtension>
        </extensions>
      </trkpt>
      <trkpt lat="46.56110792420804500579833984375" lon="23.6783311329782009124755859375">
        <ele>731.5999755859375</ele>
        <time>2024-06-09T08:26:55.000Z</time>
        <extensions>
          <ns3:TrackPointExtension>
            <ns3:hr>89</ns3:hr>
            <ns3:cad>49</ns3:cad>
          </ns3:TrackPointExtension>
        </extensions>
      </trkpt>
      <trkpt lat="46.5610816888511180877685546875" lon="23.678353764116764068603515625">
        <ele>731.20001220703125</ele>
        <time>2024-06-09T08:26:58.000Z</time>
        <extensions>
          <ns3:TrackPointExtension>
            <ns3:hr>90</ns3:hr>
            <ns3:cad>52</ns3:cad>
          </ns3:TrackPointExtension>
        </extensions>
      </trkpt>
      <trkpt lat="46.561028547585010528564453125" lon="23.678428865969181060791015625">
        <ele>730.20001220703125</ele>
        <time>2024-06-09T08:27:04.000Z</time>
        <extensions>
          <ns3:TrackPointExtension>
            <ns3:hr>92</ns3:hr>
            <ns3:cad>53</ns3:cad>
          </ns3:TrackPointExtension>
        </extensions>
      </trkpt>
      <trkpt lat="46.5609898231923580169677734375" lon="23.67851436138153076171875">
        <ele>729.20001220703125</ele>
        <time>2024-06-09T08:27:12.000Z</time>
        <extensions>
          <ns3:TrackPointExtension>
            <ns3:hr>91</ns3:hr>
            <ns3:cad>49</ns3:cad>
          </ns3:TrackPointExtension>
        </extensions>
      </trkpt>
      <trkpt lat="46.5609874762594699859619140625" lon="23.67854026146233081817626953125">
        <ele>728.79998779296875</ele>
        <time>2024-06-09T08:27:14.000Z</time>
        <extensions>
          <ns3:TrackPointExtension>
            <ns3:hr>90</ns3:hr>
            <ns3:cad>50</ns3:cad>
          </ns3:TrackPointExtension>
        </extensions>
      </trkpt>
      <trkpt lat="46.5609757415950298309326171875" lon="23.678587786853313446044921875">
        <ele>728.79998779296875</ele>
        <time>2024-06-09T08:27:21.000Z</time>
        <extensions>
          <ns3:TrackPointExtension>
            <ns3:hr>92</ns3:hr>
            <ns3:cad>0</ns3:cad>
          </ns3:TrackPointExtension>
        </extensions>
      </trkpt>
      <trkpt lat="46.56097113154828548431396484375" lon="23.678581081330776214599609375">
        <ele>728.5999755859375</ele>
        <time>2024-06-09T08:27:28.000Z</time>
        <extensions>
          <ns3:TrackPointExtension>
            <ns3:hr>93</ns3:hr>
            <ns3:cad>0</ns3:cad>
          </ns3:TrackPointExtension>
        </extensions>
      </trkpt>
      <trkpt lat="46.5609707124531269073486328125" lon="23.67858451791107654571533203125">
        <ele>728.20001220703125</ele>
        <time>2024-06-09T08:27:37.000Z</time>
        <extensions>
          <ns3:TrackPointExtension>
            <ns3:hr>93</ns3:hr>
            <ns3:cad>0</ns3:cad>
          </ns3:TrackPointExtension>
        </extensions>
      </trkpt>
      <trkpt lat="46.5609663538634777069091796875" lon="23.67859574966132640838623046875">
        <ele>727.79998779296875</ele>
        <time>2024-06-09T08:27:38.000Z</time>
        <extensions>
          <ns3:TrackPointExtension>
            <ns3:hr>93</ns3:hr>
            <ns3:cad>0</ns3:cad>
          </ns3:TrackPointExtension>
        </extensions>
      </trkpt>
      <trkpt lat="46.56095352955162525177001953125" lon="23.67862525396049022674560546875">
        <ele>727</ele>
        <time>2024-06-09T08:27:43.000Z</time>
        <extensions>
          <ns3:TrackPointExtension>
            <ns3:hr>90</ns3:hr>
            <ns3:cad>0</ns3:cad>
          </ns3:TrackPointExtension>
        </extensions>
      </trkpt>
      <trkpt lat="46.56095109879970550537109375" lon="23.67863547988235950469970703125">
        <ele>726.79998779296875</ele>
        <time>2024-06-09T08:27:44.000Z</time>
        <extensions>
          <ns3:TrackPointExtension>
            <ns3:hr>90</ns3:hr>
            <ns3:cad>0</ns3:cad>
          </ns3:TrackPointExtension>
        </extensions>
      </trkpt>
      <trkpt lat="46.56094036996364593505859375" lon="23.67865727283060550689697265625">
        <ele>726.79998779296875</ele>
        <time>2024-06-09T08:27:45.000Z</time>
        <extensions>
          <ns3:TrackPointExtension>
            <ns3:hr>90</ns3:hr>
            <ns3:cad>0</ns3:cad>
          </ns3:TrackPointExtension>
        </extensions>
      </trkpt>
      <trkpt lat="46.560910530388355255126953125" lon="23.67872147820889949798583984375">
        <ele>726.20001220703125</ele>
        <time>2024-06-09T08:27:50.000Z</time>
        <extensions>
          <ns3:TrackPointExtension>
            <ns3:hr>89</ns3:hr>
            <ns3:cad>52</ns3:cad>
          </ns3:TrackPointExtension>
        </extensions>
      </trkpt>
      <trkpt lat="46.56090809963643550872802734375" lon="23.67874913848936557769775390625">
        <ele>725.5999755859375</ele>
        <time>2024-06-09T08:27:52.000Z</time>
        <extensions>
          <ns3:TrackPointExtension>
            <ns3:hr>89</ns3:hr>
            <ns3:cad>54</ns3:cad>
          </ns3:TrackPointExtension>
        </extensions>
      </trkpt>
      <trkpt lat="46.5608967840671539306640625" lon="23.6788135953247547149658203125">
        <ele>725.20001220703125</ele>
        <time>2024-06-09T08:27:57.000Z</time>
        <extensions>
          <ns3:TrackPointExtension>
            <ns3:hr>91</ns3:hr>
            <ns3:cad>55</ns3:cad>
          </ns3:TrackPointExtension>
        </extensions>
      </trkpt>
      <trkpt lat="46.56088194809854030609130859375" lon="23.67885190062224864959716796875">
        <ele>724.5999755859375</ele>
        <time>2024-06-09T08:28:00.000Z</time>
        <extensions>
          <ns3:TrackPointExtension>
            <ns3:hr>92</ns3:hr>
            <ns3:cad>53</ns3:cad>
          </ns3:TrackPointExtension>
        </extensions>
      </trkpt>
      <trkpt lat="46.56086669303476810455322265625" lon="23.67890085093677043914794921875">
        <ele>724.20001220703125</ele>
        <time>2024-06-09T08:28:04.000Z</time>
        <extensions>
          <ns3:TrackPointExtension>
            <ns3:hr>95</ns3:hr>
            <ns3:cad>52</ns3:cad>
          </ns3:TrackPointExtension>
        </extensions>
      </trkpt>
      <trkpt lat="46.5608315728604793548583984375" lon="23.67898114956915378570556640625">
        <ele>723.5999755859375</ele>
        <time>2024-06-09T08:28:11.000Z</time>
        <extensions>
          <ns3:TrackPointExtension>
            <ns3:hr>93</ns3:hr>
            <ns3:cad>53</ns3:cad>
          </ns3:TrackPointExtension>
        </extensions>
      </trkpt>
      <trkpt lat="46.56083383597433567047119140625" lon="23.67903563193976879119873046875">
        <ele>722.4000244140625</ele>
        <time>2024-06-09T08:28:16.000Z</time>
        <extensions>
          <ns3:TrackPointExtension>
            <ns3:hr>91</ns3:hr>
            <ns3:cad>51</ns3:cad>
          </ns3:TrackPointExtension>
        </extensions>
      </trkpt>
      <trkpt lat="46.56083199195563793182373046875" lon="23.67904669605195522308349609375">
        <ele>722.20001220703125</ele>
        <time>2024-06-09T08:28:17.000Z</time>
        <extensions>
          <ns3:TrackPointExtension>
            <ns3:hr>91</ns3:hr>
            <ns3:cad>51</ns3:cad>
          </ns3:TrackPointExtension>
        </extensions>
      </trkpt>
      <trkpt lat="46.5608201734721660614013671875" lon="23.6791066266596317291259765625">
        <ele>721.5999755859375</ele>
        <time>2024-06-09T08:28:21.000Z</time>
        <extensions>
          <ns3:TrackPointExtension>
            <ns3:hr>88</ns3:hr>
            <ns3:cad>51</ns3:cad>
          </ns3:TrackPointExtension>
        </extensions>
      </trkpt>
      <trkpt lat="46.56082277186214923858642578125" lon="23.6791312694549560546875">
        <ele>721.20001220703125</ele>
        <time>2024-06-09T08:28:23.000Z</time>
        <extensions>
          <ns3:TrackPointExtension>
            <ns3:hr>88</ns3:hr>
            <ns3:cad>52</ns3:cad>
          </ns3:TrackPointExtension>
        </extensions>
      </trkpt>
      <trkpt lat="46.56086183153092861175537109375" lon="23.67922355420887470245361328125">
        <ele>720</ele>
        <time>2024-06-09T08:28:30.000Z</time>
        <extensions>
          <ns3:TrackPointExtension>
            <ns3:hr>87</ns3:hr>
            <ns3:cad>55</ns3:cad>
          </ns3:TrackPointExtension>
        </extensions>
      </trkpt>
      <trkpt lat="46.56087725423276424407958984375" lon="23.67926814593374729156494140625">
        <ele>719.4000244140625</ele>
        <time>2024-06-09T08:28:34.000Z</time>
        <extensions>
          <ns3:TrackPointExtension>
            <ns3:hr>88</ns3:hr>
            <ns3:cad>49</ns3:cad>
          </ns3:TrackPointExtension>
        </extensions>
      </trkpt>
      <trkpt lat="46.56088664196431636810302734375" lon="23.67928356863558292388916015625">
        <ele>719</ele>
        <time>2024-06-09T08:28:36.000Z</time>
        <extensions>
          <ns3:TrackPointExtension>
            <ns3:hr>88</ns3:hr>
            <ns3:cad>49</ns3:cad>
          </ns3:TrackPointExtension>
        </extensions>
      </trkpt>
      <trkpt lat="46.56091748736798763275146484375" lon="23.67937761358916759490966796875">
        <ele>717.79998779296875</ele>
        <time>2024-06-09T08:28:43.000Z</time>
        <extensions>
          <ns3:TrackPointExtension>
            <ns3:hr>88</ns3:hr>
            <ns3:cad>51</ns3:cad>
          </ns3:TrackPointExtension>
        </extensions>
      </trkpt>
      <trkpt lat="46.56093274243175983428955078125" lon="23.67940393276512622833251953125">
        <ele>717.4000244140625</ele>
        <time>2024-06-09T08:28:45.000Z</time>
        <extensions>
          <ns3:TrackPointExtension>
            <ns3:hr>88</ns3:hr>
            <ns3:cad>51</ns3:cad>
          </ns3:TrackPointExtension>
        </extensions>
      </trkpt>
      <trkpt lat="46.5609526075422763824462890625" lon="23.67942941375076770782470703125">
        <ele>716.79998779296875</ele>
        <time>2024-06-09T08:28:48.000Z</time>
        <extensions>
          <ns3:TrackPointExtension>
            <ns3:hr>88</ns3:hr>
            <ns3:cad>53</ns3:cad>
          </ns3:TrackPointExtension>
        </extensions>
      </trkpt>
      <trkpt lat="46.5609961934387683868408203125" lon="23.67951013147830963134765625">
        <ele>715.79998779296875</ele>
        <time>2024-06-09T08:28:54.000Z</time>
        <extensions>
          <ns3:TrackPointExtension>
            <ns3:hr>89</ns3:hr>
            <ns3:cad>52</ns3:cad>
          </ns3:TrackPointExtension>
        </extensions>
      </trkpt>
      <trkpt lat="46.56099963001906871795654296875" lon="23.6795267276465892791748046875">
        <ele>715.79998779296875</ele>
        <time>2024-06-09T08:28:55.000Z</time>
        <extensions>
          <ns3:TrackPointExtension>
            <ns3:hr>90</ns3:hr>
            <ns3:cad>53</ns3:cad>
          </ns3:TrackPointExtension>
        </extensions>
      </trkpt>
      <trkpt lat="46.5610273741185665130615234375" lon="23.6795884184539318084716796875">
        <ele>715.20001220703125</ele>
        <time>2024-06-09T08:29:00.000Z</time>
        <extensions>
          <ns3:TrackPointExtension>
            <ns3:hr>91</ns3:hr>
            <ns3:cad>51</ns3:cad>
          </ns3:TrackPointExtension>
        </extensions>
      </trkpt>
      <trkpt lat="46.5610461495816707611083984375" lon="23.67961633019149303436279296875">
        <ele>714.5999755859375</ele>
        <time>2024-06-09T08:29:03.000Z</time>
        <extensions>
          <ns3:TrackPointExtension>
            <ns3:hr>92</ns3:hr>
            <ns3:cad>51</ns3:cad>
          </ns3:TrackPointExtension>
        </extensions>
      </trkpt>
      <trkpt lat="46.5610563755035400390625" lon="23.67965170182287693023681640625">
        <ele>714.4000244140625</ele>
        <time>2024-06-09T08:29:05.000Z</time>
        <extensions>
          <ns3:TrackPointExtension>
            <ns3:hr>92</ns3:hr>
            <ns3:cad>51</ns3:cad>
          </ns3:TrackPointExtension>
        </extensions>
      </trkpt>
      <trkpt lat="46.5610950998961925506591796875" lon="23.6797382868826389312744140625">
        <ele>713.4000244140625</ele>
        <time>2024-06-09T08:29:11.000Z</time>
        <extensions>
          <ns3:TrackPointExtension>
            <ns3:hr>91</ns3:hr>
            <ns3:cad>50</ns3:cad>
          </ns3:TrackPointExtension>
        </extensions>
      </trkpt>
      <trkpt lat="46.5610991232097148895263671875" lon="23.679750859737396240234375">
        <ele>713.4000244140625</ele>
        <time>2024-06-09T08:29:12.000Z</time>
        <extensions>
          <ns3:TrackPointExtension>
            <ns3:hr>91</ns3:hr>
            <ns3:cad>52</ns3:cad>
          </ns3:TrackPointExtension>
        </extensions>
      </trkpt>
      <trkpt lat="46.5611316449940204620361328125" lon="23.67982260882854461669921875">
        <ele>713</ele>
        <time>2024-06-09T08:29:19.000Z</time>
        <extensions>
          <ns3:TrackPointExtension>
            <ns3:hr>91</ns3:hr>
            <ns3:cad>0</ns3:cad>
          </ns3:TrackPointExtension>
        </extensions>
      </trkpt>
      <trkpt lat="46.56114933080971240997314453125" lon="23.67987767793238162994384765625">
        <ele>712.4000244140625</ele>
        <time>2024-06-09T08:29:23.000Z</time>
        <extensions>
          <ns3:TrackPointExtension>
            <ns3:hr>90</ns3:hr>
            <ns3:cad>51</ns3:cad>
          </ns3:TrackPointExtension>
        </extensions>
      </trkpt>
      <trkpt lat="46.56115519814193248748779296875" lon="23.67988605983555316925048828125">
        <ele>712.20001220703125</ele>
        <time>2024-06-09T08:29:24.000Z</time>
        <extensions>
          <ns3:TrackPointExtension>
            <ns3:hr>89</ns3:hr>
            <ns3:cad>51</ns3:cad>
          </ns3:TrackPointExtension>
        </extensions>
      </trkpt>
      <trkpt lat="46.56117212958633899688720703125" lon="23.67996032349765300750732421875">
        <ele>711.4000244140625</ele>
        <time>2024-06-09T08:29:29.000Z</time>
        <extensions>
          <ns3:TrackPointExtension>
            <ns3:hr>89</ns3:hr>
            <ns3:cad>51</ns3:cad>
          </ns3:TrackPointExtension>
        </extensions>
      </trkpt>
      <trkpt lat="46.56118051148951053619384765625" lon="23.68000097572803497314453125">
        <ele>711</ele>
        <time>2024-06-09T08:29:32.000Z</time>
        <extensions>
          <ns3:TrackPointExtension>
            <ns3:hr>89</ns3:hr>
            <ns3:cad>51</ns3:cad>
          </ns3:TrackPointExtension>
        </extensions>
      </trkpt>
      <trkpt lat="46.56118872575461864471435546875" lon="23.6800531111657619476318359375">
        <ele>710.20001220703125</ele>
        <time>2024-06-09T08:29:36.000Z</time>
        <extensions>
          <ns3:TrackPointExtension>
            <ns3:hr>89</ns3:hr>
            <ns3:cad>51</ns3:cad>
          </ns3:TrackPointExtension>
        </extensions>
      </trkpt>
      <trkpt lat="46.56119895167648792266845703125" lon="23.68006878532469272613525390625">
        <ele>710</ele>
        <time>2024-06-09T08:29:38.000Z</time>
        <extensions>
          <ns3:TrackPointExtension>
            <ns3:hr>90</ns3:hr>
            <ns3:cad>52</ns3:cad>
          </ns3:TrackPointExtension>
        </extensions>
      </trkpt>
      <trkpt lat="46.5612261928617954254150390625" lon="23.68013441562652587890625">
        <ele>709.20001220703125</ele>
        <time>2024-06-09T08:29:43.000Z</time>
        <extensions>
          <ns3:TrackPointExtension>
            <ns3:hr>89</ns3:hr>
            <ns3:cad>0</ns3:cad>
          </ns3:TrackPointExtension>
        </extensions>
      </trkpt>
      <trkpt lat="46.5612322278320789337158203125" lon="23.6801500059664249420166015625">
        <ele>709</ele>
        <time>2024-06-09T08:29:44.000Z</time>
        <extensions>
          <ns3:TrackPointExtension>
            <ns3:hr>89</ns3:hr>
            <ns3:cad>0</ns3:cad>
          </ns3:TrackPointExtension>
        </extensions>
      </trkpt>
      <trkpt lat="46.561272628605365753173828125" lon="23.6802408657968044281005859375">
        <ele>708</ele>
        <time>2024-06-09T08:29:51.000Z</time>
        <extensions>
          <ns3:TrackPointExtension>
            <ns3:hr>89</ns3:hr>
            <ns3:cad>53</ns3:cad>
          </ns3:TrackPointExtension>
        </extensions>
      </trkpt>
      <trkpt lat="46.56127539463341236114501953125" lon="23.6802556179463863372802734375">
        <ele>707.79998779296875</ele>
        <time>2024-06-09T08:29:52.000Z</time>
        <extensions>
          <ns3:TrackPointExtension>
            <ns3:hr>90</ns3:hr>
            <ns3:cad>53</ns3:cad>
          </ns3:TrackPointExtension>
        </extensions>
      </trkpt>
      <trkpt lat="46.5612964332103729248046875" lon="23.6803474836051464080810546875">
        <ele>707</ele>
        <time>2024-06-09T08:29:58.000Z</time>
        <extensions>
          <ns3:TrackPointExtension>
            <ns3:hr>91</ns3:hr>
            <ns3:cad>55</ns3:cad>
          </ns3:TrackPointExtension>
        </extensions>
      </trkpt>
      <trkpt lat="46.56130624003708362579345703125" lon="23.6803820170462131500244140625">
        <ele>706.20001220703125</ele>
        <time>2024-06-09T08:30:00.000Z</time>
        <extensions>
          <ns3:TrackPointExtension>
            <ns3:hr>91</ns3:hr>
            <ns3:cad>52</ns3:cad>
          </ns3:TrackPointExtension>
        </extensions>
      </trkpt>
      <trkpt lat="46.56130691058933734893798828125" lon="23.68040456436574459075927734375">
        <ele>705.79998779296875</ele>
        <time>2024-06-09T08:30:01.000Z</time>
        <extensions>
          <ns3:TrackPointExtension>
            <ns3:hr>90</ns3:hr>
            <ns3:cad>52</ns3:cad>
          </ns3:TrackPointExtension>
        </extensions>
      </trkpt>
      <trkpt lat="46.56132065691053867340087890625" lon="23.68049877695739269256591796875">
        <ele>705</ele>
        <time>2024-06-09T08:30:07.000Z</time>
        <extensions>
          <ns3:TrackPointExtension>
            <ns3:hr>91</ns3:hr>
            <ns3:cad>53</ns3:cad>
          </ns3:TrackPointExtension>
        </extensions>
      </trkpt>
      <trkpt lat="46.56132384203374385833740234375" lon="23.6805151216685771942138671875">
        <ele>704.79998779296875</ele>
        <time>2024-06-09T08:30:08.000Z</time>
        <extensions>
          <ns3:TrackPointExtension>
            <ns3:hr>91</ns3:hr>
            <ns3:cad>53</ns3:cad>
          </ns3:TrackPointExtension>
        </extensions>
      </trkpt>
      <trkpt lat="46.56133339740335941314697265625" lon="23.680558539927005767822265625">
        <ele>704.5999755859375</ele>
        <time>2024-06-09T08:30:12.000Z</time>
        <extensions>
          <ns3:TrackPointExtension>
            <ns3:hr>92</ns3:hr>
            <ns3:cad>51</ns3:cad>
          </ns3:TrackPointExtension>
        </extensions>
      </trkpt>
      <trkpt lat="46.561350412666797637939453125" lon="23.6806311272084712982177734375">
        <ele>704</ele>
        <time>2024-06-09T08:30:17.000Z</time>
        <extensions>
          <ns3:TrackPointExtension>
            <ns3:hr>95</ns3:hr>
            <ns3:cad>51</ns3:cad>
          </ns3:TrackPointExtension>
        </extensions>
      </trkpt>
      <trkpt lat="46.5613717027008533477783203125" lon="23.68068158626556396484375">
        <ele>704</ele>
        <time>2024-06-09T08:30:21.000Z</time>
        <extensions>
          <ns3:TrackPointExtension>
            <ns3:hr>95</ns3:hr>
            <ns3:cad>52</ns3:cad>
          </ns3:TrackPointExtension>
        </extensions>
      </trkpt>
      <trkpt lat="46.56138419173657894134521484375" lon="23.6806990206241607666015625">
        <ele>703.79998779296875</ele>
        <time>2024-06-09T08:30:23.000Z</time>
        <extensions>
          <ns3:TrackPointExtension>
            <ns3:hr>95</ns3:hr>
            <ns3:cad>51</ns3:cad>
          </ns3:TrackPointExtension>
        </extensions>
      </trkpt>
      <trkpt lat="46.56139542348682880401611328125" lon="23.680707402527332305908203125">
        <ele>703.4000244140625</ele>
        <time>2024-06-09T08:30:27.000Z</time>
        <extensions>
          <ns3:TrackPointExtension>
            <ns3:hr>95</ns3:hr>
            <ns3:cad>0</ns3:cad>
          </ns3:TrackPointExtension>
        </extensions>
      </trkpt>
      <trkpt lat="46.5614196471869945526123046875" lon="23.6807622201740741729736328125">
        <ele>703.4000244140625</ele>
        <time>2024-06-09T08:30:32.000Z</time>
        <extensions>
          <ns3:TrackPointExtension>
            <ns3:hr>94</ns3:hr>
            <ns3:cad>0</ns3:cad>
          </ns3:TrackPointExtension>
        </extensions>
      </trkpt>
      <trkpt lat="46.56141788698732852935791015625" lon="23.680769093334674835205078125">
        <ele>702.79998779296875</ele>
        <time>2024-06-09T08:30:36.000Z</time>
        <extensions>
          <ns3:TrackPointExtension>
            <ns3:hr>97</ns3:hr>
            <ns3:cad>0</ns3:cad>
          </ns3:TrackPointExtension>
        </extensions>
      </trkpt>
      <trkpt lat="46.5614179708063602447509765625" lon="23.68076817132532596588134765625">
        <ele>703.5999755859375</ele>
        <time>2024-06-09T08:30:40.000Z</time>
        <extensions>
          <ns3:TrackPointExtension>
            <ns3:hr>98</ns3:hr>
            <ns3:cad>0</ns3:cad>
          </ns3:TrackPointExtension>
        </extensions>
      </trkpt>
      <trkpt lat="46.56145493499934673309326171875" lon="23.6807927303016185760498046875">
        <ele>702.5999755859375</ele>
        <time>2024-06-09T08:30:45.000Z</time>
        <extensions>
          <ns3:TrackPointExtension>
            <ns3:hr>97</ns3:hr>
            <ns3:cad>0</ns3:cad>
          </ns3:TrackPointExtension>
        </extensions>
      </trkpt>
      <trkpt lat="46.56147823669016361236572265625" lon="23.680799268186092376708984375">
        <ele>702.4000244140625</ele>
        <time>2024-06-09T08:30:46.000Z</time>
        <extensions>
          <ns3:TrackPointExtension>
            <ns3:hr>97</ns3:hr>
            <ns3:cad>50</ns3:cad>
          </ns3:TrackPointExtension>
        </extensions>
      </trkpt>
      <trkpt lat="46.5615276060998439788818359375" lon="23.68087328039109706878662109375">
        <ele>701.5999755859375</ele>
        <time>2024-06-09T08:30:52.000Z</time>
        <extensions>
          <ns3:TrackPointExtension>
            <ns3:hr>95</ns3:hr>
            <ns3:cad>51</ns3:cad>
          </ns3:TrackPointExtension>
        </extensions>
      </trkpt>
      <trkpt lat="46.56153439544141292572021484375" lon="23.6808867752552032470703125">
        <ele>701.20001220703125</ele>
        <time>2024-06-09T08:30:53.000Z</time>
        <extensions>
          <ns3:TrackPointExtension>
            <ns3:hr>95</ns3:hr>
            <ns3:cad>51</ns3:cad>
          </ns3:TrackPointExtension>
        </extensions>
      </trkpt>
      <trkpt lat="46.56153104268014430999755859375" lon="23.680922985076904296875">
        <ele>700.5999755859375</ele>
        <time>2024-06-09T08:30:58.000Z</time>
        <extensions>
          <ns3:TrackPointExtension>
            <ns3:hr>94</ns3:hr>
            <ns3:cad>0</ns3:cad>
          </ns3:TrackPointExtension>
        </extensions>
      </trkpt>
      <trkpt lat="46.5615292824804782867431640625" lon="23.68091887794435024261474609375">
        <ele>701.4000244140625</ele>
        <time>2024-06-09T08:31:04.000Z</time>
        <extensions>
          <ns3:TrackPointExtension>
            <ns3:hr>91</ns3:hr>
            <ns3:cad>0</ns3:cad>
          </ns3:TrackPointExtension>
        </extensions>
      </trkpt>
      <trkpt lat="46.5615343116223812103271484375" lon="23.68093329481780529022216796875">
        <ele>701.5999755859375</ele>
        <time>2024-06-09T08:31:06.000Z</time>
        <extensions>
          <ns3:TrackPointExtension>
            <ns3:hr>91</ns3:hr>
            <ns3:cad>0</ns3:cad>
          </ns3:TrackPointExtension>
        </extensions>
      </trkpt>
      <trkpt lat="46.561590135097503662109375" lon="23.6809955723583698272705078125">
        <ele>700.5999755859375</ele>
        <time>2024-06-09T08:31:13.000Z</time>
        <extensions>
          <ns3:TrackPointExtension>
            <ns3:hr>94</ns3:hr>
            <ns3:cad>50</ns3:cad>
          </ns3:TrackPointExtension>
        </extensions>
      </trkpt>
      <trkpt lat="46.5616084076464176177978515625" lon="23.6809985898435115814208984375">
        <ele>700.4000244140625</ele>
        <time>2024-06-09T08:31:15.000Z</time>
        <extensions>
          <ns3:TrackPointExtension>
            <ns3:hr>93</ns3:hr>
            <ns3:cad>48</ns3:cad>
          </ns3:TrackPointExtension>
        </extensions>
      </trkpt>
      <trkpt lat="46.561640091240406036376953125" lon="23.68100303225219249725341796875">
        <ele>699.5999755859375</ele>
        <time>2024-06-09T08:31:20.000Z</time>
        <extensions>
          <ns3:TrackPointExtension>
            <ns3:hr>93</ns3:hr>
            <ns3:cad>48</ns3:cad>
          </ns3:TrackPointExtension>
        </extensions>
      </trkpt>
      <trkpt lat="46.56164537183940410614013671875" lon="23.680994398891925811767578125">
        <ele>699.4000244140625</ele>
        <time>2024-06-09T08:31:22.000Z</time>
        <extensions>
          <ns3:TrackPointExtension>
            <ns3:hr>93</ns3:hr>
            <ns3:cad>50</ns3:cad>
          </ns3:TrackPointExtension>
        </extensions>
      </trkpt>
      <trkpt lat="46.56164587475359439849853515625" lon="23.680984675884246826171875">
        <ele>699.20001220703125</ele>
        <time>2024-06-09T08:31:23.000Z</time>
        <extensions>
          <ns3:TrackPointExtension>
            <ns3:hr>93</ns3:hr>
            <ns3:cad>50</ns3:cad>
          </ns3:TrackPointExtension>
        </extensions>
      </trkpt>
      <trkpt lat="46.56164922751486301422119140625" lon="23.68093262426555156707763671875">
        <ele>698.4000244140625</ele>
        <time>2024-06-09T08:31:27.000Z</time>
        <extensions>
          <ns3:TrackPointExtension>
            <ns3:hr>93</ns3:hr>
            <ns3:cad>44</ns3:cad>
          </ns3:TrackPointExtension>
        </extensions>
      </trkpt>
      <trkpt lat="46.56164922751486301422119140625" lon="23.68093262426555156707763671875">
        <ele>698.4000244140625</ele>
        <time>2024-06-09T08:31:28.000Z</time>
        <extensions>
          <ns3:TrackPointExtension>
            <ns3:hr>93</ns3:hr>
            <ns3:cad>48</ns3:cad>
          </ns3:TrackPointExtension>
        </extensions>
      </trkpt>
      <trkpt lat="46.56164587475359439849853515625" lon="23.68091636337339878082275390625">
        <ele>698.4000244140625</ele>
        <time>2024-06-09T08:31:34.000Z</time>
        <extensions>
          <ns3:TrackPointExtension>
            <ns3:hr>94</ns3:hr>
            <ns3:cad>0</ns3:cad>
          </ns3:TrackPointExtension>
        </extensions>
      </trkpt>
      <trkpt lat="46.56164704822003841400146484375" lon="23.68092072196304798126220703125">
        <ele>698.20001220703125</ele>
        <time>2024-06-09T08:31:43.000Z</time>
        <extensions>
          <ns3:TrackPointExtension>
            <ns3:hr>91</ns3:hr>
            <ns3:cad>0</ns3:cad>
          </ns3:TrackPointExtension>
        </extensions>
      </trkpt>
      <trkpt lat="46.56166012398898601531982421875" lon="23.68090228177607059478759765625">
        <ele>698.20001220703125</ele>
        <time>2024-06-09T08:31:53.000Z</time>
        <extensions>
          <ns3:TrackPointExtension>
            <ns3:hr>90</ns3:hr>
            <ns3:cad>0</ns3:cad>
          </ns3:TrackPointExtension>
        </extensions>
      </trkpt>
      <trkpt lat="46.5616519935429096221923828125" lon="23.68092306889593601226806640625">
        <ele>697.79998779296875</ele>
        <time>2024-06-09T08:32:00.000Z</time>
        <extensions>
          <ns3:TrackPointExtension>
            <ns3:hr>92</ns3:hr>
            <ns3:cad>0</ns3:cad>
          </ns3:TrackPointExtension>
        </extensions>
      </trkpt>
      <trkpt lat="46.5616506524384021759033203125" lon="23.68092055432498455047607421875">
        <ele>698.4000244140625</ele>
        <time>2024-06-09T08:32:07.000Z</time>
        <extensions>
          <ns3:TrackPointExtension>
            <ns3:hr>89</ns3:hr>
            <ns3:cad>0</ns3:cad>
          </ns3:TrackPointExtension>
        </extensions>
      </trkpt>
      <trkpt lat="46.5616504848003387451171875" lon="23.68092038668692111968994140625">
        <ele>697.79998779296875</ele>
        <time>2024-06-09T08:32:11.000Z</time>
        <extensions>
          <ns3:TrackPointExtension>
            <ns3:hr>85</ns3:hr>
            <ns3:cad>0</ns3:cad>
          </ns3:TrackPointExtension>
        </extensions>
      </trkpt>
      <trkpt lat="46.5616519935429096221923828125" lon="23.68092306889593601226806640625">
        <ele>697.79998779296875</ele>
        <time>2024-06-09T08:32:12.000Z</time>
        <extensions>
          <ns3:TrackPointExtension>
            <ns3:hr>84</ns3:hr>
            <ns3:cad>0</ns3:cad>
          </ns3:TrackPointExtension>
        </extensions>
      </trkpt>
      <trkpt lat="46.5616519935429096221923828125" lon="23.68092306889593601226806640625">
        <ele>697.5999755859375</ele>
        <time>2024-06-09T08:32:17.000Z</time>
        <extensions>
          <ns3:TrackPointExtension>
            <ns3:hr>87</ns3:hr>
            <ns3:cad>0</ns3:cad>
          </ns3:TrackPointExtension>
        </extensions>
      </trkpt>
      <trkpt lat="46.5616519935429096221923828125" lon="23.68092306889593601226806640625">
        <ele>697.79998779296875</ele>
        <time>2024-06-09T08:32:20.000Z</time>
        <extensions>
          <ns3:TrackPointExtension>
            <ns3:hr>90</ns3:hr>
            <ns3:cad>0</ns3:cad>
          </ns3:TrackPointExtension>
        </extensions>
      </trkpt>
      <trkpt lat="46.5616519935429096221923828125" lon="23.68092306889593601226806640625">
        <ele>697.79998779296875</ele>
        <time>2024-06-09T08:32:22.000Z</time>
        <extensions>
          <ns3:TrackPointExtension>
            <ns3:hr>91</ns3:hr>
            <ns3:cad>0</ns3:cad>
          </ns3:TrackPointExtension>
        </extensions>
      </trkpt>
      <trkpt lat="46.56165358610451221466064453125" lon="23.68091762065887451171875">
        <ele>697.79998779296875</ele>
        <time>2024-06-09T08:32:30.000Z</time>
        <extensions>
          <ns3:TrackPointExtension>
            <ns3:hr>91</ns3:hr>
            <ns3:cad>0</ns3:cad>
          </ns3:TrackPointExtension>
        </extensions>
      </trkpt>
      <trkpt lat="46.5616519935429096221923828125" lon="23.68092306889593601226806640625">
        <ele>697.5999755859375</ele>
        <time>2024-06-09T08:32:38.000Z</time>
        <extensions>
          <ns3:TrackPointExtension>
            <ns3:hr>88</ns3:hr>
            <ns3:cad>0</ns3:cad>
          </ns3:TrackPointExtension>
        </extensions>
      </trkpt>
      <trkpt lat="46.5616519935429096221923828125" lon="23.68092306889593601226806640625">
        <ele>697.79998779296875</ele>
        <time>2024-06-09T08:32:43.000Z</time>
        <extensions>
          <ns3:TrackPointExtension>
            <ns3:hr>84</ns3:hr>
            <ns3:cad>0</ns3:cad>
          </ns3:TrackPointExtension>
        </extensions>
      </trkpt>
      <trkpt lat="46.5616519935429096221923828125" lon="23.68092306889593601226806640625">
        <ele>698</ele>
        <time>2024-06-09T08:32:45.000Z</time>
        <extensions>
          <ns3:TrackPointExtension>
            <ns3:hr>82</ns3:hr>
            <ns3:cad>0</ns3:cad>
          </ns3:TrackPointExtension>
        </extensions>
      </trkpt>
      <trkpt lat="46.56164520420134067535400390625" lon="23.68091762065887451171875">
        <ele>698.4000244140625</ele>
        <time>2024-06-09T08:32:58.000Z</time>
        <extensions>
          <ns3:TrackPointExtension>
            <ns3:hr>80</ns3:hr>
            <ns3:cad>0</ns3:cad>
          </ns3:TrackPointExtension>
        </extensions>
      </trkpt>
      <trkpt lat="46.5616519935429096221923828125" lon="23.68092306889593601226806640625">
        <ele>698.4000244140625</ele>
        <time>2024-06-09T08:33:08.000Z</time>
        <extensions>
          <ns3:TrackPointExtension>
            <ns3:hr>80</ns3:hr>
            <ns3:cad>0</ns3:cad>
          </ns3:TrackPointExtension>
        </extensions>
      </trkpt>
      <trkpt lat="46.5616519935429096221923828125" lon="23.68092306889593601226806640625">
        <ele>698.4000244140625</ele>
        <time>2024-06-09T08:33:15.000Z</time>
        <extensions>
          <ns3:TrackPointExtension>
            <ns3:hr>80</ns3:hr>
            <ns3:cad>0</ns3:cad>
          </ns3:TrackPointExtension>
        </extensions>
      </trkpt>
      <trkpt lat="46.56164604239165782928466796875" lon="23.6809154413640499114990234375">
        <ele>698.4000244140625</ele>
        <time>2024-06-09T08:33:25.000Z</time>
        <extensions>
          <ns3:TrackPointExtension>
            <ns3:hr>77</ns3:hr>
            <ns3:cad>0</ns3:cad>
          </ns3:TrackPointExtension>
        </extensions>
      </trkpt>
      <trkpt lat="46.5616519935429096221923828125" lon="23.68092306889593601226806640625">
        <ele>698.4000244140625</ele>
        <time>2024-06-09T08:33:26.000Z</time>
        <extensions>
          <ns3:TrackPointExtension>
            <ns3:hr>75</ns3:hr>
            <ns3:cad>0</ns3:cad>
          </ns3:TrackPointExtension>
        </extensions>
      </trkpt>
      <trkpt lat="46.5616519935429096221923828125" lon="23.68092306889593601226806640625">
        <ele>698.4000244140625</ele>
        <time>2024-06-09T08:33:35.000Z</time>
        <extensions>
          <ns3:TrackPointExtension>
            <ns3:hr>74</ns3:hr>
            <ns3:cad>0</ns3:cad>
          </ns3:TrackPointExtension>
        </extensions>
      </trkpt>
      <trkpt lat="46.56164570711553096771240234375" lon="23.6809057183563709259033203125">
        <ele>698.4000244140625</ele>
        <time>2024-06-09T08:33:41.000Z</time>
        <extensions>
          <ns3:TrackPointExtension>
            <ns3:hr>77</ns3:hr>
            <ns3:cad>0</ns3:cad>
          </ns3:TrackPointExtension>
        </extensions>
      </trkpt>
      <trkpt lat="46.56164570711553096771240234375" lon="23.6809057183563709259033203125">
        <ele>698.20001220703125</ele>
        <time>2024-06-09T08:33:42.000Z</time>
        <extensions>
          <ns3:TrackPointExtension>
            <ns3:hr>77</ns3:hr>
            <ns3:cad>0</ns3:cad>
          </ns3:TrackPointExtension>
        </extensions>
      </trkpt>
      <trkpt lat="46.56164570711553096771240234375" lon="23.6809057183563709259033203125">
        <ele>698.4000244140625</ele>
        <time>2024-06-09T08:33:48.000Z</time>
        <extensions>
          <ns3:TrackPointExtension>
            <ns3:hr>82</ns3:hr>
            <ns3:cad>0</ns3:cad>
          </ns3:TrackPointExtension>
        </extensions>
      </trkpt>
      <trkpt lat="46.56164570711553096771240234375" lon="23.6809057183563709259033203125">
        <ele>698.4000244140625</ele>
        <time>2024-06-09T08:33:49.000Z</time>
        <extensions>
          <ns3:TrackPointExtension>
            <ns3:hr>87</ns3:hr>
            <ns3:cad>0</ns3:cad>
          </ns3:TrackPointExtension>
        </extensions>
      </trkpt>
      <trkpt lat="46.56164570711553096771240234375" lon="23.6809057183563709259033203125">
        <ele>698.4000244140625</ele>
        <time>2024-06-09T08:33:50.000Z</time>
        <extensions>
          <ns3:TrackPointExtension>
            <ns3:hr>93</ns3:hr>
            <ns3:cad>0</ns3:cad>
          </ns3:TrackPointExtension>
        </extensions>
      </trkpt>
      <trkpt lat="46.56164570711553096771240234375" lon="23.6809057183563709259033203125">
        <ele>698.4000244140625</ele>
        <time>2024-06-09T08:33:51.000Z</time>
        <extensions>
          <ns3:TrackPointExtension>
            <ns3:hr>96</ns3:hr>
            <ns3:cad>0</ns3:cad>
          </ns3:TrackPointExtension>
        </extensions>
      </trkpt>
      <trkpt lat="46.56164570711553096771240234375" lon="23.6809057183563709259033203125">
        <ele>698.4000244140625</ele>
        <time>2024-06-09T08:33:56.000Z</time>
        <extensions>
          <ns3:TrackPointExtension>
            <ns3:hr>98</ns3:hr>
            <ns3:cad>0</ns3:cad>
          </ns3:TrackPointExtension>
        </extensions>
      </trkpt>
      <trkpt lat="46.56164570711553096771240234375" lon="23.6809057183563709259033203125">
        <ele>698.4000244140625</ele>
        <time>2024-06-09T08:34:00.000Z</time>
        <extensions>
          <ns3:TrackPointExtension>
            <ns3:hr>92</ns3:hr>
            <ns3:cad>0</ns3:cad>
          </ns3:TrackPointExtension>
        </extensions>
      </trkpt>
      <trkpt lat="46.56164570711553096771240234375" lon="23.6809057183563709259033203125">
        <ele>698.4000244140625</ele>
        <time>2024-06-09T08:34:01.000Z</time>
        <extensions>
          <ns3:TrackPointExtension>
            <ns3:hr>85</ns3:hr>
            <ns3:cad>0</ns3:cad>
          </ns3:TrackPointExtension>
        </extensions>
      </trkpt>
      <trkpt lat="46.56164570711553096771240234375" lon="23.6809057183563709259033203125">
        <ele>698.4000244140625</ele>
        <time>2024-06-09T08:34:03.000Z</time>
        <extensions>
          <ns3:TrackPointExtension>
            <ns3:hr>82</ns3:hr>
            <ns3:cad>0</ns3:cad>
          </ns3:TrackPointExtension>
        </extensions>
      </trkpt>
      <trkpt lat="46.56164771877229213714599609375" lon="23.68090647272765636444091796875">
        <ele>698.4000244140625</ele>
        <time>2024-06-09T08:34:09.000Z</time>
        <extensions>
          <ns3:TrackPointExtension>
            <ns3:hr>85</ns3:hr>
            <ns3:cad>0</ns3:cad>
          </ns3:TrackPointExtension>
        </extensions>
      </trkpt>
      <trkpt lat="46.56164570711553096771240234375" lon="23.6809057183563709259033203125">
        <ele>698.4000244140625</ele>
        <time>2024-06-09T08:34:22.000Z</time>
        <extensions>
          <ns3:TrackPointExtension>
            <ns3:hr>86</ns3:hr>
            <ns3:cad>0</ns3:cad>
          </ns3:TrackPointExtension>
        </extensions>
      </trkpt>
      <trkpt lat="46.561646126210689544677734375" lon="23.68092290125787258148193359375">
        <ele>698.5999755859375</ele>
        <time>2024-06-09T08:34:28.000Z</time>
        <extensions>
          <ns3:TrackPointExtension>
            <ns3:hr>86</ns3:hr>
            <ns3:cad>0</ns3:cad>
          </ns3:TrackPointExtension>
        </extensions>
      </trkpt>
      <trkpt lat="46.5616439469158649444580078125" lon="23.68090865202248096466064453125">
        <ele>698.5999755859375</ele>
        <time>2024-06-09T08:34:35.000Z</time>
        <extensions>
          <ns3:TrackPointExtension>
            <ns3:hr>89</ns3:hr>
            <ns3:cad>0</ns3:cad>
          </ns3:TrackPointExtension>
        </extensions>
      </trkpt>
      <trkpt lat="46.561646126210689544677734375" lon="23.68092290125787258148193359375">
        <ele>698.5999755859375</ele>
        <time>2024-06-09T08:34:38.000Z</time>
        <extensions>
          <ns3:TrackPointExtension>
            <ns3:hr>88</ns3:hr>
            <ns3:cad>0</ns3:cad>
          </ns3:TrackPointExtension>
        </extensions>
      </trkpt>
      <trkpt lat="46.561646126210689544677734375" lon="23.68092290125787258148193359375">
        <ele>698.79998779296875</ele>
        <time>2024-06-09T08:34:47.000Z</time>
        <extensions>
          <ns3:TrackPointExtension>
            <ns3:hr>91</ns3:hr>
            <ns3:cad>0</ns3:cad>
          </ns3:TrackPointExtension>
        </extensions>
      </trkpt>
      <trkpt lat="46.561646126210689544677734375" lon="23.68092290125787258148193359375">
        <ele>699</ele>
        <time>2024-06-09T08:34:50.000Z</time>
        <extensions>
          <ns3:TrackPointExtension>
            <ns3:hr>94</ns3:hr>
            <ns3:cad>0</ns3:cad>
          </ns3:TrackPointExtension>
        </extensions>
      </trkpt>
      <trkpt lat="46.561646126210689544677734375" lon="23.68092290125787258148193359375">
        <ele>699</ele>
        <time>2024-06-09T08:34:52.000Z</time>
        <extensions>
          <ns3:TrackPointExtension>
            <ns3:hr>95</ns3:hr>
            <ns3:cad>0</ns3:cad>
          </ns3:TrackPointExtension>
        </extensions>
      </trkpt>
      <trkpt lat="46.561646126210689544677734375" lon="23.68092290125787258148193359375">
        <ele>698.79998779296875</ele>
        <time>2024-06-09T08:35:00.000Z</time>
        <extensions>
          <ns3:TrackPointExtension>
            <ns3:hr>92</ns3:hr>
            <ns3:cad>0</ns3:cad>
          </ns3:TrackPointExtension>
        </extensions>
      </trkpt>
      <trkpt lat="46.5616499818861484527587890625" lon="23.68091636337339878082275390625">
        <ele>699</ele>
        <time>2024-06-09T08:35:02.000Z</time>
        <extensions>
          <ns3:TrackPointExtension>
            <ns3:hr>91</ns3:hr>
            <ns3:cad>0</ns3:cad>
          </ns3:TrackPointExtension>
        </extensions>
      </trkpt>
      <trkpt lat="46.561649143695831298828125" lon="23.68090412579476833343505859375">
        <ele>699</ele>
        <time>2024-06-09T08:35:11.000Z</time>
        <extensions>
          <ns3:TrackPointExtension>
            <ns3:hr>91</ns3:hr>
            <ns3:cad>0</ns3:cad>
          </ns3:TrackPointExtension>
        </extensions>
      </trkpt>
      <trkpt lat="46.561649143695831298828125" lon="23.68090412579476833343505859375">
        <ele>699.4000244140625</ele>
        <time>2024-06-09T08:35:21.000Z</time>
        <extensions>
          <ns3:TrackPointExtension>
            <ns3:hr>90</ns3:hr>
            <ns3:cad>0</ns3:cad>
          </ns3:TrackPointExtension>
        </extensions>
      </trkpt>
      <trkpt lat="46.561649143695831298828125" lon="23.68090412579476833343505859375">
        <ele>699.4000244140625</ele>
        <time>2024-06-09T08:35:28.000Z</time>
        <extensions>
          <ns3:TrackPointExtension>
            <ns3:hr>87</ns3:hr>
            <ns3:cad>0</ns3:cad>
          </ns3:TrackPointExtension>
        </extensions>
      </trkpt>
      <trkpt lat="46.56164771877229213714599609375" lon="23.68091904558241367340087890625">
        <ele>699.5999755859375</ele>
        <time>2024-06-09T08:35:37.000Z</time>
        <extensions>
          <ns3:TrackPointExtension>
            <ns3:hr>87</ns3:hr>
            <ns3:cad>0</ns3:cad>
          </ns3:TrackPointExtension>
        </extensions>
      </trkpt>
      <trkpt lat="46.561649143695831298828125" lon="23.68090412579476833343505859375">
        <ele>699.4000244140625</ele>
        <time>2024-06-09T08:35:47.000Z</time>
        <extensions>
          <ns3:TrackPointExtension>
            <ns3:hr>88</ns3:hr>
            <ns3:cad>0</ns3:cad>
          </ns3:TrackPointExtension>
        </extensions>
      </trkpt>
      <trkpt lat="46.561649143695831298828125" lon="23.68090412579476833343505859375">
        <ele>699.5999755859375</ele>
        <time>2024-06-09T08:35:56.000Z</time>
        <extensions>
          <ns3:TrackPointExtension>
            <ns3:hr>88</ns3:hr>
            <ns3:cad>0</ns3:cad>
          </ns3:TrackPointExtension>
        </extensions>
      </trkpt>
      <trkpt lat="46.5616637282073497772216796875" lon="23.6809184588491916656494140625">
        <ele>699.4000244140625</ele>
        <time>2024-06-09T08:36:01.000Z</time>
        <extensions>
          <ns3:TrackPointExtension>
            <ns3:hr>92</ns3:hr>
            <ns3:cad>0</ns3:cad>
          </ns3:TrackPointExtension>
        </extensions>
      </trkpt>
      <trkpt lat="46.561654508113861083984375" lon="23.68092776276171207427978515625">
        <ele>699.20001220703125</ele>
        <time>2024-06-09T08:36:06.000Z</time>
        <extensions>
          <ns3:TrackPointExtension>
            <ns3:hr>92</ns3:hr>
            <ns3:cad>0</ns3:cad>
          </ns3:TrackPointExtension>
        </extensions>
      </trkpt>
      <trkpt lat="46.5616533346474170684814453125" lon="23.68092860095202922821044921875">
        <ele>699.20001220703125</ele>
        <time>2024-06-09T08:36:07.000Z</time>
        <extensions>
          <ns3:TrackPointExtension>
            <ns3:hr>89</ns3:hr>
            <ns3:cad>0</ns3:cad>
          </ns3:TrackPointExtension>
        </extensions>
      </trkpt>
      <trkpt lat="46.5616531670093536376953125" lon="23.68092441000044345855712890625">
        <ele>699.5999755859375</ele>
        <time>2024-06-09T08:36:13.000Z</time>
        <extensions>
          <ns3:TrackPointExtension>
            <ns3:hr>90</ns3:hr>
            <ns3:cad>0</ns3:cad>
          </ns3:TrackPointExtension>
        </extensions>
      </trkpt>
      <trkpt lat="46.56166247092187404632568359375" lon="23.68091770447790622711181640625">
        <ele>699.4000244140625</ele>
        <time>2024-06-09T08:36:20.000Z</time>
        <extensions>
          <ns3:TrackPointExtension>
            <ns3:hr>92</ns3:hr>
            <ns3:cad>0</ns3:cad>
          </ns3:TrackPointExtension>
        </extensions>
      </trkpt>
      <trkpt lat="46.56165383756160736083984375" lon="23.68091049604117870330810546875">
        <ele>699.4000244140625</ele>
        <time>2024-06-09T08:36:26.000Z</time>
        <extensions>
          <ns3:TrackPointExtension>
            <ns3:hr>92</ns3:hr>
            <ns3:cad>0</ns3:cad>
          </ns3:TrackPointExtension>
        </extensions>
      </trkpt>
      <trkpt lat="46.56165383756160736083984375" lon="23.68091049604117870330810546875">
        <ele>698.5999755859375</ele>
        <time>2024-06-09T08:36:32.000Z</time>
        <extensions>
          <ns3:TrackPointExtension>
            <ns3:hr>95</ns3:hr>
            <ns3:cad>0</ns3:cad>
          </ns3:TrackPointExtension>
        </extensions>
      </trkpt>
      <trkpt lat="46.56165383756160736083984375" lon="23.68091049604117870330810546875">
        <ele>698.5999755859375</ele>
        <time>2024-06-09T08:36:37.000Z</time>
        <extensions>
          <ns3:TrackPointExtension>
            <ns3:hr>98</ns3:hr>
            <ns3:cad>0</ns3:cad>
          </ns3:TrackPointExtension>
        </extensions>
      </trkpt>
      <trkpt lat="46.5616556815803050994873046875" lon="23.6809127591550350189208984375">
        <ele>699</ele>
        <time>2024-06-09T08:36:43.000Z</time>
        <extensions>
          <ns3:TrackPointExtension>
            <ns3:hr>95</ns3:hr>
            <ns3:cad>0</ns3:cad>
          </ns3:TrackPointExtension>
        </extensions>
      </trkpt>
      <trkpt lat="46.56165543012320995330810546875" lon="23.6809109151363372802734375">
        <ele>699</ele>
        <time>2024-06-09T08:36:44.000Z</time>
        <extensions>
          <ns3:TrackPointExtension>
            <ns3:hr>89</ns3:hr>
            <ns3:cad>0</ns3:cad>
          </ns3:TrackPointExtension>
        </extensions>
      </trkpt>
      <trkpt lat="46.56165383756160736083984375" lon="23.68091049604117870330810546875">
        <ele>698.79998779296875</ele>
        <time>2024-06-09T08:36:49.000Z</time>
        <extensions>
          <ns3:TrackPointExtension>
            <ns3:hr>87</ns3:hr>
            <ns3:cad>0</ns3:cad>
          </ns3:TrackPointExtension>
        </extensions>
      </trkpt>
      <trkpt lat="46.56165383756160736083984375" lon="23.68091049604117870330810546875">
        <ele>698.5999755859375</ele>
        <time>2024-06-09T08:36:54.000Z</time>
        <extensions>
          <ns3:TrackPointExtension>
            <ns3:hr>84</ns3:hr>
            <ns3:cad>0</ns3:cad>
          </ns3:TrackPointExtension>
        </extensions>
      </trkpt>
      <trkpt lat="46.56165383756160736083984375" lon="23.68091049604117870330810546875">
        <ele>698.5999755859375</ele>
        <time>2024-06-09T08:36:55.000Z</time>
        <extensions>
          <ns3:TrackPointExtension>
            <ns3:hr>85</ns3:hr>
            <ns3:cad>0</ns3:cad>
          </ns3:TrackPointExtension>
        </extensions>
      </trkpt>
      <trkpt lat="46.56165383756160736083984375" lon="23.68091049604117870330810546875">
        <ele>699</ele>
        <time>2024-06-09T08:37:04.000Z</time>
        <extensions>
          <ns3:TrackPointExtension>
            <ns3:hr>86</ns3:hr>
            <ns3:cad>0</ns3:cad>
          </ns3:TrackPointExtension>
        </extensions>
      </trkpt>
      <trkpt lat="46.56165383756160736083984375" lon="23.68091049604117870330810546875">
        <ele>698.79998779296875</ele>
        <time>2024-06-09T08:37:07.000Z</time>
        <extensions>
          <ns3:TrackPointExtension>
            <ns3:hr>89</ns3:hr>
            <ns3:cad>0</ns3:cad>
          </ns3:TrackPointExtension>
        </extensions>
      </trkpt>
      <trkpt lat="46.56165383756160736083984375" lon="23.68091049604117870330810546875">
        <ele>698.5999755859375</ele>
        <time>2024-06-09T08:37:09.000Z</time>
        <extensions>
          <ns3:TrackPointExtension>
            <ns3:hr>92</ns3:hr>
            <ns3:cad>0</ns3:cad>
          </ns3:TrackPointExtension>
        </extensions>
      </trkpt>
      <trkpt lat="46.56165358610451221466064453125" lon="23.68091485463082790374755859375">
        <ele>698.4000244140625</ele>
        <time>2024-06-09T08:37:11.000Z</time>
        <extensions>
          <ns3:TrackPointExtension>
            <ns3:hr>91</ns3:hr>
            <ns3:cad>0</ns3:cad>
          </ns3:TrackPointExtension>
        </extensions>
      </trkpt>
      <trkpt lat="46.56165962107479572296142578125" lon="23.68091753683984279632568359375">
        <ele>698.4000244140625</ele>
        <time>2024-06-09T08:37:16.000Z</time>
        <extensions>
          <ns3:TrackPointExtension>
            <ns3:hr>88</ns3:hr>
            <ns3:cad>0</ns3:cad>
          </ns3:TrackPointExtension>
        </extensions>
      </trkpt>
      <trkpt lat="46.56165383756160736083984375" lon="23.68091049604117870330810546875">
        <ele>698.4000244140625</ele>
        <time>2024-06-09T08:37:20.000Z</time>
        <extensions>
          <ns3:TrackPointExtension>
            <ns3:hr>88</ns3:hr>
            <ns3:cad>0</ns3:cad>
          </ns3:TrackPointExtension>
        </extensions>
      </trkpt>
      <trkpt lat="46.56165383756160736083984375" lon="23.68091049604117870330810546875">
        <ele>698.20001220703125</ele>
        <time>2024-06-09T08:37:21.000Z</time>
        <extensions>
          <ns3:TrackPointExtension>
            <ns3:hr>88</ns3:hr>
            <ns3:cad>0</ns3:cad>
          </ns3:TrackPointExtension>
        </extensions>
      </trkpt>
      <trkpt lat="46.56165383756160736083984375" lon="23.68091049604117870330810546875">
        <ele>698.20001220703125</ele>
        <time>2024-06-09T08:37:26.000Z</time>
        <extensions>
          <ns3:TrackPointExtension>
            <ns3:hr>89</ns3:hr>
            <ns3:cad>0</ns3:cad>
          </ns3:TrackPointExtension>
        </extensions>
      </trkpt>
      <trkpt lat="46.56165383756160736083984375" lon="23.68091049604117870330810546875">
        <ele>699</ele>
        <time>2024-06-09T08:37:37.000Z</time>
        <extensions>
          <ns3:TrackPointExtension>
            <ns3:hr>90</ns3:hr>
            <ns3:cad>0</ns3:cad>
          </ns3:TrackPointExtension>
        </extensions>
      </trkpt>
      <trkpt lat="46.56165383756160736083984375" lon="23.68091049604117870330810546875">
        <ele>699.20001220703125</ele>
        <time>2024-06-09T08:37:46.000Z</time>
        <extensions>
          <ns3:TrackPointExtension>
            <ns3:hr>87</ns3:hr>
            <ns3:cad>0</ns3:cad>
          </ns3:TrackPointExtension>
        </extensions>
      </trkpt>
      <trkpt lat="46.56165056861937046051025390625" lon="23.68091636337339878082275390625">
        <ele>699.20001220703125</ele>
        <time>2024-06-09T08:37:50.000Z</time>
        <extensions>
          <ns3:TrackPointExtension>
            <ns3:hr>86</ns3:hr>
            <ns3:cad>0</ns3:cad>
          </ns3:TrackPointExtension>
        </extensions>
      </trkpt>
      <trkpt lat="46.56165383756160736083984375" lon="23.68091049604117870330810546875">
        <ele>699.4000244140625</ele>
        <time>2024-06-09T08:37:54.000Z</time>
        <extensions>
          <ns3:TrackPointExtension>
            <ns3:hr>87</ns3:hr>
            <ns3:cad>0</ns3:cad>
          </ns3:TrackPointExtension>
        </extensions>
      </trkpt>
      <trkpt lat="46.56165383756160736083984375" lon="23.68091049604117870330810546875">
        <ele>699.4000244140625</ele>
        <time>2024-06-09T08:37:58.000Z</time>
        <extensions>
          <ns3:TrackPointExtension>
            <ns3:hr>92</ns3:hr>
            <ns3:cad>0</ns3:cad>
          </ns3:TrackPointExtension>
        </extensions>
      </trkpt>
      <trkpt lat="46.56165383756160736083984375" lon="23.68091049604117870330810546875">
        <ele>699.5999755859375</ele>
        <time>2024-06-09T08:38:01.000Z</time>
        <extensions>
          <ns3:TrackPointExtension>
            <ns3:hr>89</ns3:hr>
            <ns3:cad>0</ns3:cad>
          </ns3:TrackPointExtension>
        </extensions>
      </trkpt>
      <trkpt lat="46.56165383756160736083984375" lon="23.68091049604117870330810546875">
        <ele>699.79998779296875</ele>
        <time>2024-06-09T08:38:04.000Z</time>
        <extensions>
          <ns3:TrackPointExtension>
            <ns3:hr>89</ns3:hr>
            <ns3:cad>0</ns3:cad>
          </ns3:TrackPointExtension>
        </extensions>
      </trkpt>
      <trkpt lat="46.56165383756160736083984375" lon="23.68091049604117870330810546875">
        <ele>699.20001220703125</ele>
        <time>2024-06-09T08:38:07.000Z</time>
        <extensions>
          <ns3:TrackPointExtension>
            <ns3:hr>86</ns3:hr>
            <ns3:cad>0</ns3:cad>
          </ns3:TrackPointExtension>
        </extensions>
      </trkpt>
      <trkpt lat="46.56165383756160736083984375" lon="23.68091049604117870330810546875">
        <ele>699.4000244140625</ele>
        <time>2024-06-09T08:38:14.000Z</time>
        <extensions>
          <ns3:TrackPointExtension>
            <ns3:hr>87</ns3:hr>
            <ns3:cad>0</ns3:cad>
          </ns3:TrackPointExtension>
        </extensions>
      </trkpt>
      <trkpt lat="46.5616526640951633453369140625" lon="23.6809114180505275726318359375">
        <ele>699.20001220703125</ele>
        <time>2024-06-09T08:38:25.000Z</time>
        <extensions>
          <ns3:TrackPointExtension>
            <ns3:hr>88</ns3:hr>
            <ns3:cad>0</ns3:cad>
          </ns3:TrackPointExtension>
        </extensions>
      </trkpt>
      <trkpt lat="46.56165610067546367645263671875" lon="23.68090982548892498016357421875">
        <ele>699</ele>
        <time>2024-06-09T08:38:33.000Z</time>
        <extensions>
          <ns3:TrackPointExtension>
            <ns3:hr>87</ns3:hr>
            <ns3:cad>0</ns3:cad>
          </ns3:TrackPointExtension>
        </extensions>
      </trkpt>
      <trkpt lat="46.56165559776127338409423828125" lon="23.680920302867889404296875">
        <ele>699.20001220703125</ele>
        <time>2024-06-09T08:38:39.000Z</time>
        <extensions>
          <ns3:TrackPointExtension>
            <ns3:hr>87</ns3:hr>
            <ns3:cad>0</ns3:cad>
          </ns3:TrackPointExtension>
        </extensions>
      </trkpt>
      <trkpt lat="46.56166096217930316925048828125" lon="23.68093312717974185943603515625">
        <ele>699.4000244140625</ele>
        <time>2024-06-09T08:38:43.000Z</time>
        <extensions>
          <ns3:TrackPointExtension>
            <ns3:hr>92</ns3:hr>
            <ns3:cad>0</ns3:cad>
          </ns3:TrackPointExtension>
        </extensions>
      </trkpt>
      <trkpt lat="46.561664231121540069580078125" lon="23.68093631230294704437255859375">
        <ele>699.5999755859375</ele>
        <time>2024-06-09T08:38:44.000Z</time>
        <extensions>
          <ns3:TrackPointExtension>
            <ns3:hr>92</ns3:hr>
            <ns3:cad>0</ns3:cad>
          </ns3:TrackPointExtension>
        </extensions>
      </trkpt>
      <trkpt lat="46.56166615895926952362060546875" lon="23.68093170225620269775390625">
        <ele>699.5999755859375</ele>
        <time>2024-06-09T08:38:46.000Z</time>
        <extensions>
          <ns3:TrackPointExtension>
            <ns3:hr>95</ns3:hr>
            <ns3:cad>0</ns3:cad>
          </ns3:TrackPointExtension>
        </extensions>
      </trkpt>
      <trkpt lat="46.5616665780544281005859375" lon="23.680930025875568389892578125">
        <ele>699.79998779296875</ele>
        <time>2024-06-09T08:38:47.000Z</time>
        <extensions>
          <ns3:TrackPointExtension>
            <ns3:hr>95</ns3:hr>
            <ns3:cad>0</ns3:cad>
          </ns3:TrackPointExtension>
        </extensions>
      </trkpt>
      <trkpt lat="46.56166800297796726226806640625" lon="23.68093145079910755157470703125">
        <ele>699.79998779296875</ele>
        <time>2024-06-09T08:38:50.000Z</time>
        <extensions>
          <ns3:TrackPointExtension>
            <ns3:hr>98</ns3:hr>
            <ns3:cad>0</ns3:cad>
          </ns3:TrackPointExtension>
        </extensions>
      </trkpt>
      <trkpt lat="46.56166800297796726226806640625" lon="23.68093295954167842864990234375">
        <ele>699.5999755859375</ele>
        <time>2024-06-09T08:38:52.000Z</time>
        <extensions>
          <ns3:TrackPointExtension>
            <ns3:hr>101</ns3:hr>
            <ns3:cad>0</ns3:cad>
          </ns3:TrackPointExtension>
        </extensions>
      </trkpt>
      <trkpt lat="46.5616643987596035003662109375" lon="23.680948801338672637939453125">
        <ele>699.5999755859375</ele>
        <time>2024-06-09T08:38:55.000Z</time>
        <extensions>
          <ns3:TrackPointExtension>
            <ns3:hr>96</ns3:hr>
            <ns3:cad>0</ns3:cad>
          </ns3:TrackPointExtension>
        </extensions>
      </trkpt>
      <trkpt lat="46.5616597048938274383544921875" lon="23.68095475248992443084716796875">
        <ele>699.5999755859375</ele>
        <time>2024-06-09T08:38:58.000Z</time>
        <extensions>
          <ns3:TrackPointExtension>
            <ns3:hr>95</ns3:hr>
            <ns3:cad>0</ns3:cad>
          </ns3:TrackPointExtension>
        </extensions>
      </trkpt>
      <trkpt lat="46.5616553463041782379150390625" lon="23.68093128316104412078857421875">
        <ele>699.4000244140625</ele>
        <time>2024-06-09T08:39:04.000Z</time>
        <extensions>
          <ns3:TrackPointExtension>
            <ns3:hr>95</ns3:hr>
            <ns3:cad>0</ns3:cad>
          </ns3:TrackPointExtension>
        </extensions>
      </trkpt>
      <trkpt lat="46.56164981424808502197265625" lon="23.6809275113046169281005859375">
        <ele>699.4000244140625</ele>
        <time>2024-06-09T08:39:12.000Z</time>
        <extensions>
          <ns3:TrackPointExtension>
            <ns3:hr>94</ns3:hr>
            <ns3:cad>0</ns3:cad>
          </ns3:TrackPointExtension>
        </extensions>
      </trkpt>
      <trkpt lat="46.56164973042905330657958984375" lon="23.68092843331396579742431640625">
        <ele>699.5999755859375</ele>
        <time>2024-06-09T08:39:18.000Z</time>
        <extensions>
          <ns3:TrackPointExtension>
            <ns3:hr>94</ns3:hr>
            <ns3:cad>0</ns3:cad>
          </ns3:TrackPointExtension>
        </extensions>
      </trkpt>
      <trkpt lat="46.561637409031391143798828125" lon="23.68095156736671924591064453125">
        <ele>699.4000244140625</ele>
        <time>2024-06-09T08:39:24.000Z</time>
        <extensions>
          <ns3:TrackPointExtension>
            <ns3:hr>94</ns3:hr>
            <ns3:cad>0</ns3:cad>
          </ns3:TrackPointExtension>
        </extensions>
      </trkpt>
      <trkpt lat="46.56162877567112445831298828125" lon="23.68100236169993877410888671875">
        <ele>699.20001220703125</ele>
        <time>2024-06-09T08:39:30.000Z</time>
        <extensions>
          <ns3:TrackPointExtension>
            <ns3:hr>96</ns3:hr>
            <ns3:cad>0</ns3:cad>
          </ns3:TrackPointExtension>
        </extensions>
      </trkpt>
      <trkpt lat="46.56163581646978855133056640625" lon="23.68107595480978488922119140625">
        <ele>699.4000244140625</ele>
        <time>2024-06-09T08:39:36.000Z</time>
        <extensions>
          <ns3:TrackPointExtension>
            <ns3:hr>99</ns3:hr>
            <ns3:cad>41</ns3:cad>
          </ns3:TrackPointExtension>
        </extensions>
      </trkpt>
      <trkpt lat="46.56164520420134067535400390625" lon="23.68108282797038555145263671875">
        <ele>699.4000244140625</ele>
        <time>2024-06-09T08:39:37.000Z</time>
        <extensions>
          <ns3:TrackPointExtension>
            <ns3:hr>99</ns3:hr>
            <ns3:cad>41</ns3:cad>
          </ns3:TrackPointExtension>
        </extensions>
      </trkpt>
      <trkpt lat="46.561663560569286346435546875" lon="23.6811145953834056854248046875">
        <ele>699.20001220703125</ele>
        <time>2024-06-09T08:39:40.000Z</time>
        <extensions>
          <ns3:TrackPointExtension>
            <ns3:hr>98</ns3:hr>
            <ns3:cad>51</ns3:cad>
          </ns3:TrackPointExtension>
        </extensions>
      </trkpt>
      <trkpt lat="46.56165777705609798431396484375" lon="23.68115860037505626678466796875">
        <ele>698.4000244140625</ele>
        <time>2024-06-09T08:39:43.000Z</time>
        <extensions>
          <ns3:TrackPointExtension>
            <ns3:hr>98</ns3:hr>
            <ns3:cad>55</ns3:cad>
          </ns3:TrackPointExtension>
        </extensions>
      </trkpt>
      <trkpt lat="46.56165475957095623016357421875" lon="23.6811766214668750762939453125">
        <ele>698.20001220703125</ele>
        <time>2024-06-09T08:39:44.000Z</time>
        <extensions>
          <ns3:TrackPointExtension>
            <ns3:hr>98</ns3:hr>
            <ns3:cad>55</ns3:cad>
          </ns3:TrackPointExtension>
        </extensions>
      </trkpt>
      <trkpt lat="46.56167286448180675506591796875" lon="23.681267984211444854736328125">
        <ele>697.4000244140625</ele>
        <time>2024-06-09T08:39:51.000Z</time>
        <extensions>
          <ns3:TrackPointExtension>
            <ns3:hr>100</ns3:hr>
            <ns3:cad>51</ns3:cad>
          </ns3:TrackPointExtension>
        </extensions>
      </trkpt>
      <trkpt lat="46.5616786479949951171875" lon="23.6812845803797245025634765625">
        <ele>697.20001220703125</ele>
        <time>2024-06-09T08:39:52.000Z</time>
        <extensions>
          <ns3:TrackPointExtension>
            <ns3:hr>100</ns3:hr>
            <ns3:cad>51</ns3:cad>
          </ns3:TrackPointExtension>
        </extensions>
      </trkpt>
      <trkpt lat="46.561704464256763458251953125" lon="23.68135507218539714813232421875">
        <ele>696.20001220703125</ele>
        <time>2024-06-09T08:39:57.000Z</time>
        <extensions>
          <ns3:TrackPointExtension>
            <ns3:hr>100</ns3:hr>
            <ns3:cad>56</ns3:cad>
          </ns3:TrackPointExtension>
        </extensions>
      </trkpt>
      <trkpt lat="46.56173522584140300750732421875" lon="23.6814421601593494415283203125">
        <ele>695.5999755859375</ele>
        <time>2024-06-09T08:40:04.000Z</time>
        <extensions>
          <ns3:TrackPointExtension>
            <ns3:hr>102</ns3:hr>
            <ns3:cad>48</ns3:cad>
          </ns3:TrackPointExtension>
        </extensions>
      </trkpt>
      <trkpt lat="46.56174008734524250030517578125" lon="23.6814508773386478424072265625">
        <ele>695.79998779296875</ele>
        <time>2024-06-09T08:40:11.000Z</time>
        <extensions>
          <ns3:TrackPointExtension>
            <ns3:hr>102</ns3:hr>
            <ns3:cad>0</ns3:cad>
          </ns3:TrackPointExtension>
        </extensions>
      </trkpt>
      <trkpt lat="46.56171980313956737518310546875" lon="23.68147375993430614471435546875">
        <ele>695.4000244140625</ele>
        <time>2024-06-09T08:40:17.000Z</time>
        <extensions>
          <ns3:TrackPointExtension>
            <ns3:hr>103</ns3:hr>
            <ns3:cad>0</ns3:cad>
          </ns3:TrackPointExtension>
        </extensions>
      </trkpt>
      <trkpt lat="46.56171980313956737518310546875" lon="23.68147375993430614471435546875">
        <ele>695.5999755859375</ele>
        <time>2024-06-09T08:40:20.000Z</time>
        <extensions>
          <ns3:TrackPointExtension>
            <ns3:hr>100</ns3:hr>
            <ns3:cad>0</ns3:cad>
          </ns3:TrackPointExtension>
        </extensions>
      </trkpt>
      <trkpt lat="46.56173405237495899200439453125" lon="23.68145716376602649688720703125">
        <ele>695.4000244140625</ele>
        <time>2024-06-09T08:40:24.000Z</time>
        <extensions>
          <ns3:TrackPointExtension>
            <ns3:hr>97</ns3:hr>
            <ns3:cad>0</ns3:cad>
          </ns3:TrackPointExtension>
        </extensions>
      </trkpt>
      <trkpt lat="46.56173639930784702301025390625" lon="23.68145632557570934295654296875">
        <ele>695.4000244140625</ele>
        <time>2024-06-09T08:40:25.000Z</time>
        <extensions>
          <ns3:TrackPointExtension>
            <ns3:hr>96</ns3:hr>
            <ns3:cad>0</ns3:cad>
          </ns3:TrackPointExtension>
        </extensions>
      </trkpt>
      <trkpt lat="46.56173639930784702301025390625" lon="23.68145632557570934295654296875">
        <ele>695</ele>
        <time>2024-06-09T08:40:29.000Z</time>
        <extensions>
          <ns3:TrackPointExtension>
            <ns3:hr>94</ns3:hr>
            <ns3:cad>0</ns3:cad>
          </ns3:TrackPointExtension>
        </extensions>
      </trkpt>
      <trkpt lat="46.56173639930784702301025390625" lon="23.68145632557570934295654296875">
        <ele>694.5999755859375</ele>
        <time>2024-06-09T08:40:40.000Z</time>
        <extensions>
          <ns3:TrackPointExtension>
            <ns3:hr>93</ns3:hr>
            <ns3:cad>0</ns3:cad>
          </ns3:TrackPointExtension>
        </extensions>
      </trkpt>
      <trkpt lat="46.56173639930784702301025390625" lon="23.68145632557570934295654296875">
        <ele>694.4000244140625</ele>
        <time>2024-06-09T08:40:43.000Z</time>
        <extensions>
          <ns3:TrackPointExtension>
            <ns3:hr>89</ns3:hr>
            <ns3:cad>0</ns3:cad>
          </ns3:TrackPointExtension>
        </extensions>
      </trkpt>
      <trkpt lat="46.5617425180971622467041015625" lon="23.6814492009580135345458984375">
        <ele>694.20001220703125</ele>
        <time>2024-06-09T08:40:53.000Z</time>
        <extensions>
          <ns3:TrackPointExtension>
            <ns3:hr>88</ns3:hr>
            <ns3:cad>0</ns3:cad>
          </ns3:TrackPointExtension>
        </extensions>
      </trkpt>
      <trkpt lat="46.5617445297539234161376953125" lon="23.681446015834808349609375">
        <ele>694</ele>
        <time>2024-06-09T08:41:01.000Z</time>
        <extensions>
          <ns3:TrackPointExtension>
            <ns3:hr>89</ns3:hr>
            <ns3:cad>0</ns3:cad>
          </ns3:TrackPointExtension>
        </extensions>
      </trkpt>
      <trkpt lat="46.56174478121101856231689453125" lon="23.68144660256803035736083984375">
        <ele>694</ele>
        <time>2024-06-09T08:41:03.000Z</time>
        <extensions>
          <ns3:TrackPointExtension>
            <ns3:hr>91</ns3:hr>
            <ns3:cad>0</ns3:cad>
          </ns3:TrackPointExtension>
        </extensions>
      </trkpt>
      <trkpt lat="46.56174637377262115478515625" lon="23.681438975036144256591796875">
        <ele>693.5999755859375</ele>
        <time>2024-06-09T08:41:07.000Z</time>
        <extensions>
          <ns3:TrackPointExtension>
            <ns3:hr>88</ns3:hr>
            <ns3:cad>0</ns3:cad>
          </ns3:TrackPointExtension>
        </extensions>
      </trkpt>
      <trkpt lat="46.56172181479632854461669921875" lon="23.681450374424457550048828125">
        <ele>693.4000244140625</ele>
        <time>2024-06-09T08:41:13.000Z</time>
        <extensions>
          <ns3:TrackPointExtension>
            <ns3:hr>88</ns3:hr>
            <ns3:cad>0</ns3:cad>
          </ns3:TrackPointExtension>
        </extensions>
      </trkpt>
      <trkpt lat="46.56166666187345981597900390625" lon="23.6814991571009159088134765625">
        <ele>693.4000244140625</ele>
        <time>2024-06-09T08:41:19.000Z</time>
        <extensions>
          <ns3:TrackPointExtension>
            <ns3:hr>89</ns3:hr>
            <ns3:cad>47</ns3:cad>
          </ns3:TrackPointExtension>
        </extensions>
      </trkpt>
      <trkpt lat="46.561607234179973602294921875" lon="23.68149253539741039276123046875">
        <ele>693.79998779296875</ele>
        <time>2024-06-09T08:41:26.000Z</time>
        <extensions>
          <ns3:TrackPointExtension>
            <ns3:hr>92</ns3:hr>
            <ns3:cad>42</ns3:cad>
          </ns3:TrackPointExtension>
        </extensions>
      </trkpt>
      <trkpt lat="46.561584435403347015380859375" lon="23.6814929544925689697265625">
        <ele>694.20001220703125</ele>
        <time>2024-06-09T08:41:28.000Z</time>
        <extensions>
          <ns3:TrackPointExtension>
            <ns3:hr>97</ns3:hr>
            <ns3:cad>42</ns3:cad>
          </ns3:TrackPointExtension>
        </extensions>
      </trkpt>
      <trkpt lat="46.5615685097873210906982421875" lon="23.68150167167186737060546875">
        <ele>694.20001220703125</ele>
        <time>2024-06-09T08:41:32.000Z</time>
        <extensions>
          <ns3:TrackPointExtension>
            <ns3:hr>98</ns3:hr>
            <ns3:cad>0</ns3:cad>
          </ns3:TrackPointExtension>
        </extensions>
      </trkpt>
      <trkpt lat="46.5615215711295604705810546875" lon="23.6815403960645198822021484375">
        <ele>694.20001220703125</ele>
        <time>2024-06-09T08:41:38.000Z</time>
        <extensions>
          <ns3:TrackPointExtension>
            <ns3:hr>97</ns3:hr>
            <ns3:cad>0</ns3:cad>
          </ns3:TrackPointExtension>
        </extensions>
      </trkpt>
      <trkpt lat="46.56147656030952930450439453125" lon="23.68153612129390239715576171875">
        <ele>694.20001220703125</ele>
        <time>2024-06-09T08:41:42.000Z</time>
        <extensions>
          <ns3:TrackPointExtension>
            <ns3:hr>100</ns3:hr>
            <ns3:cad>49</ns3:cad>
          </ns3:TrackPointExtension>
        </extensions>
      </trkpt>
      <trkpt lat="46.56144730746746063232421875" lon="23.68151533417403697967529296875">
        <ele>694.4000244140625</ele>
        <time>2024-06-09T08:41:45.000Z</time>
        <extensions>
          <ns3:TrackPointExtension>
            <ns3:hr>98</ns3:hr>
            <ns3:cad>49</ns3:cad>
          </ns3:TrackPointExtension>
        </extensions>
      </trkpt>
      <trkpt lat="46.56142023392021656036376953125" lon="23.68146470747888088226318359375">
        <ele>695</ele>
        <time>2024-06-09T08:41:49.000Z</time>
        <extensions>
          <ns3:TrackPointExtension>
            <ns3:hr>95</ns3:hr>
            <ns3:cad>42</ns3:cad>
          </ns3:TrackPointExtension>
        </extensions>
      </trkpt>
      <trkpt lat="46.56141101382672786712646484375" lon="23.6814378015697002410888671875">
        <ele>695.20001220703125</ele>
        <time>2024-06-09T08:41:51.000Z</time>
        <extensions>
          <ns3:TrackPointExtension>
            <ns3:hr>93</ns3:hr>
            <ns3:cad>42</ns3:cad>
          </ns3:TrackPointExtension>
        </extensions>
      </trkpt>
      <trkpt lat="46.56139458529651165008544921875" lon="23.68142195977270603179931640625">
        <ele>695.5999755859375</ele>
        <time>2024-06-09T08:41:53.000Z</time>
        <extensions>
          <ns3:TrackPointExtension>
            <ns3:hr>92</ns3:hr>
            <ns3:cad>42</ns3:cad>
          </ns3:TrackPointExtension>
        </extensions>
      </trkpt>
      <trkpt lat="46.561371870338916778564453125" lon="23.68139094673097133636474609375">
        <ele>696.20001220703125</ele>
        <time>2024-06-09T08:41:56.000Z</time>
        <extensions>
          <ns3:TrackPointExtension>
            <ns3:hr>93</ns3:hr>
            <ns3:cad>40</ns3:cad>
          </ns3:TrackPointExtension>
        </extensions>
      </trkpt>
      <trkpt lat="46.5613556094467639923095703125" lon="23.6813543178141117095947265625">
        <ele>696.5999755859375</ele>
        <time>2024-06-09T08:41:59.000Z</time>
        <extensions>
          <ns3:TrackPointExtension>
            <ns3:hr>97</ns3:hr>
            <ns3:cad>41</ns3:cad>
          </ns3:TrackPointExtension>
        </extensions>
      </trkpt>
      <trkpt lat="46.5613509155809879302978515625" lon="23.68134065531194210052490234375">
        <ele>696.79998779296875</ele>
        <time>2024-06-09T08:42:00.000Z</time>
        <extensions>
          <ns3:TrackPointExtension>
            <ns3:hr>97</ns3:hr>
            <ns3:cad>41</ns3:cad>
          </ns3:TrackPointExtension>
        </extensions>
      </trkpt>
      <trkpt lat="46.56134043820202350616455078125" lon="23.68132204748690128326416015625">
        <ele>697.4000244140625</ele>
        <time>2024-06-09T08:42:02.000Z</time>
        <extensions>
          <ns3:TrackPointExtension>
            <ns3:hr>98</ns3:hr>
            <ns3:cad>41</ns3:cad>
          </ns3:TrackPointExtension>
        </extensions>
      </trkpt>
      <trkpt lat="46.56131378374993801116943359375" lon="23.68129304610192775726318359375">
        <ele>697.5999755859375</ele>
        <time>2024-06-09T08:42:06.000Z</time>
        <extensions>
          <ns3:TrackPointExtension>
            <ns3:hr>98</ns3:hr>
            <ns3:cad>80</ns3:cad>
          </ns3:TrackPointExtension>
        </extensions>
      </trkpt>
      <trkpt lat="46.56126785092055797576904296875" lon="23.68124359287321567535400390625">
        <ele>698.20001220703125</ele>
        <time>2024-06-09T08:42:12.000Z</time>
        <extensions>
          <ns3:TrackPointExtension>
            <ns3:hr>101</ns3:hr>
            <ns3:cad>41</ns3:cad>
          </ns3:TrackPointExtension>
        </extensions>
      </trkpt>
      <trkpt lat="46.5612516738474369049072265625" lon="23.68122163228690624237060546875">
        <ele>698.4000244140625</ele>
        <time>2024-06-09T08:42:14.000Z</time>
        <extensions>
          <ns3:TrackPointExtension>
            <ns3:hr>102</ns3:hr>
            <ns3:cad>41</ns3:cad>
          </ns3:TrackPointExtension>
        </extensions>
      </trkpt>
      <trkpt lat="46.561225019395351409912109375" lon="23.6811856739223003387451171875">
        <ele>698.4000244140625</ele>
        <time>2024-06-09T08:42:17.000Z</time>
        <extensions>
          <ns3:TrackPointExtension>
            <ns3:hr>105</ns3:hr>
            <ns3:cad>43</ns3:cad>
          </ns3:TrackPointExtension>
        </extensions>
      </trkpt>
      <trkpt lat="46.56120582483708858489990234375" lon="23.68116379715502262115478515625">
        <ele>698.5999755859375</ele>
        <time>2024-06-09T08:42:19.000Z</time>
        <extensions>
          <ns3:TrackPointExtension>
            <ns3:hr>108</ns3:hr>
            <ns3:cad>42</ns3:cad>
          </ns3:TrackPointExtension>
        </extensions>
      </trkpt>
      <trkpt lat="46.561177410185337066650390625" lon="23.6811451055109500885009765625">
        <ele>699</ele>
        <time>2024-06-09T08:42:22.000Z</time>
        <extensions>
          <ns3:TrackPointExtension>
            <ns3:hr>109</ns3:hr>
            <ns3:cad>79</ns3:cad>
          </ns3:TrackPointExtension>
        </extensions>
      </trkpt>
      <trkpt lat="46.56112569384276866912841796875" lon="23.68115038610994815826416015625">
        <ele>699.20001220703125</ele>
        <time>2024-06-09T08:42:28.000Z</time>
        <extensions>
          <ns3:TrackPointExtension>
            <ns3:hr>108</ns3:hr>
            <ns3:cad>45</ns3:cad>
          </ns3:TrackPointExtension>
        </extensions>
      </trkpt>
      <trkpt lat="46.56107313930988311767578125" lon="23.68118693120777606964111328125">
        <ele>698.5999755859375</ele>
        <time>2024-06-09T08:42:34.000Z</time>
        <extensions>
          <ns3:TrackPointExtension>
            <ns3:hr>107</ns3:hr>
            <ns3:cad>52</ns3:cad>
          </ns3:TrackPointExtension>
        </extensions>
      </trkpt>
      <trkpt lat="46.5610642544925212860107421875" lon="23.681172430515289306640625">
        <ele>698.5999755859375</ele>
        <time>2024-06-09T08:42:35.000Z</time>
        <extensions>
          <ns3:TrackPointExtension>
            <ns3:hr>107</ns3:hr>
            <ns3:cad>52</ns3:cad>
          </ns3:TrackPointExtension>
        </extensions>
      </trkpt>
      <trkpt lat="46.5610156394541263580322265625" lon="23.68110311217606067657470703125">
        <ele>699</ele>
        <time>2024-06-09T08:42:42.000Z</time>
        <extensions>
          <ns3:TrackPointExtension>
            <ns3:hr>105</ns3:hr>
            <ns3:cad>44</ns3:cad>
          </ns3:TrackPointExtension>
        </extensions>
      </trkpt>
      <trkpt lat="46.56096048653125762939453125" lon="23.68109640665352344512939453125">
        <ele>699.20001220703125</ele>
        <time>2024-06-09T08:42:49.000Z</time>
        <extensions>
          <ns3:TrackPointExtension>
            <ns3:hr>104</ns3:hr>
            <ns3:cad>42</ns3:cad>
          </ns3:TrackPointExtension>
        </extensions>
      </trkpt>
      <trkpt lat="46.56089167110621929168701171875" lon="23.68107276968657970428466796875">
        <ele>698.79998779296875</ele>
        <time>2024-06-09T08:42:56.000Z</time>
        <extensions>
          <ns3:TrackPointExtension>
            <ns3:hr>101</ns3:hr>
            <ns3:cad>42</ns3:cad>
          </ns3:TrackPointExtension>
        </extensions>
      </trkpt>
      <trkpt lat="46.56087457202374935150146484375" lon="23.68105516768991947174072265625">
        <ele>698.79998779296875</ele>
        <time>2024-06-09T08:42:58.000Z</time>
        <extensions>
          <ns3:TrackPointExtension>
            <ns3:hr>99</ns3:hr>
            <ns3:cad>42</ns3:cad>
          </ns3:TrackPointExtension>
        </extensions>
      </trkpt>
      <trkpt lat="46.560834757983684539794921875" lon="23.681020550429821014404296875">
        <ele>698.79998779296875</ele>
        <time>2024-06-09T08:43:02.000Z</time>
        <extensions>
          <ns3:TrackPointExtension>
            <ns3:hr>96</ns3:hr>
            <ns3:cad>42</ns3:cad>
          </ns3:TrackPointExtension>
        </extensions>
      </trkpt>
      <trkpt lat="46.56081774272024631500244140625" lon="23.681000769138336181640625">
        <ele>698.79998779296875</ele>
        <time>2024-06-09T08:43:04.000Z</time>
        <extensions>
          <ns3:TrackPointExtension>
            <ns3:hr>93</ns3:hr>
            <ns3:cad>41</ns3:cad>
          </ns3:TrackPointExtension>
        </extensions>
      </trkpt>
      <trkpt lat="46.5608131326735019683837890625" lon="23.68099062703549861907958984375">
        <ele>699</ele>
        <time>2024-06-09T08:43:05.000Z</time>
        <extensions>
          <ns3:TrackPointExtension>
            <ns3:hr>93</ns3:hr>
            <ns3:cad>41</ns3:cad>
          </ns3:TrackPointExtension>
        </extensions>
      </trkpt>
      <trkpt lat="46.560788489878177642822265625" lon="23.6809358932077884674072265625">
        <ele>699.4000244140625</ele>
        <time>2024-06-09T08:43:10.000Z</time>
        <extensions>
          <ns3:TrackPointExtension>
            <ns3:hr>95</ns3:hr>
            <ns3:cad>41</ns3:cad>
          </ns3:TrackPointExtension>
        </extensions>
      </trkpt>
      <trkpt lat="46.5607762522995471954345703125" lon="23.6809023655951023101806640625">
        <ele>700</ele>
        <time>2024-06-09T08:43:13.000Z</time>
        <extensions>
          <ns3:TrackPointExtension>
            <ns3:hr>96</ns3:hr>
            <ns3:cad>44</ns3:cad>
          </ns3:TrackPointExtension>
        </extensions>
      </trkpt>
      <trkpt lat="46.56073928810656070709228515625" lon="23.68087210692465305328369140625">
        <ele>700.4000244140625</ele>
        <time>2024-06-09T08:43:16.000Z</time>
        <extensions>
          <ns3:TrackPointExtension>
            <ns3:hr>96</ns3:hr>
            <ns3:cad>42</ns3:cad>
          </ns3:TrackPointExtension>
        </extensions>
      </trkpt>
      <trkpt lat="46.5607008151710033416748046875" lon="23.6808679997920989990234375">
        <ele>700.5999755859375</ele>
        <time>2024-06-09T08:43:20.000Z</time>
        <extensions>
          <ns3:TrackPointExtension>
            <ns3:hr>97</ns3:hr>
            <ns3:cad>41</ns3:cad>
          </ns3:TrackPointExtension>
        </extensions>
      </trkpt>
      <trkpt lat="46.56066502444446086883544921875" lon="23.6808638088405132293701171875">
        <ele>700.5999755859375</ele>
        <time>2024-06-09T08:43:23.000Z</time>
        <extensions>
          <ns3:TrackPointExtension>
            <ns3:hr>101</ns3:hr>
            <ns3:cad>47</ns3:cad>
          </ns3:TrackPointExtension>
        </extensions>
      </trkpt>
      <trkpt lat="46.5606163255870342254638671875" lon="23.68080924265086650848388671875">
        <ele>700.79998779296875</ele>
        <time>2024-06-09T08:43:28.000Z</time>
        <extensions>
          <ns3:TrackPointExtension>
            <ns3:hr>103</ns3:hr>
            <ns3:cad>47</ns3:cad>
          </ns3:TrackPointExtension>
        </extensions>
      </trkpt>
      <trkpt lat="46.56056611798703670501708984375" lon="23.6807568557560443878173828125">
        <ele>701.4000244140625</ele>
        <time>2024-06-09T08:43:34.000Z</time>
        <extensions>
          <ns3:TrackPointExtension>
            <ns3:hr>104</ns3:hr>
            <ns3:cad>43</ns3:cad>
          </ns3:TrackPointExtension>
        </extensions>
      </trkpt>
      <trkpt lat="46.56054633669555187225341796875" lon="23.6807545088231563568115234375">
        <ele>701.5999755859375</ele>
        <time>2024-06-09T08:43:36.000Z</time>
        <extensions>
          <ns3:TrackPointExtension>
            <ns3:hr>104</ns3:hr>
            <ns3:cad>43</ns3:cad>
          </ns3:TrackPointExtension>
        </extensions>
      </trkpt>
      <trkpt lat="46.56049571000039577484130859375" lon="23.68074403144419193267822265625">
        <ele>701.5999755859375</ele>
        <time>2024-06-09T08:43:41.000Z</time>
        <extensions>
          <ns3:TrackPointExtension>
            <ns3:hr>104</ns3:hr>
            <ns3:cad>46</ns3:cad>
          </ns3:TrackPointExtension>
        </extensions>
      </trkpt>
      <trkpt lat="46.560451202094554901123046875" lon="23.6807209812104701995849609375">
        <ele>701.5999755859375</ele>
        <time>2024-06-09T08:43:46.000Z</time>
        <extensions>
          <ns3:TrackPointExtension>
            <ns3:hr>101</ns3:hr>
            <ns3:cad>42</ns3:cad>
          </ns3:TrackPointExtension>
        </extensions>
      </trkpt>
      <trkpt lat="46.560443826019763946533203125" lon="23.68070949800312519073486328125">
        <ele>701.5999755859375</ele>
        <time>2024-06-09T08:43:47.000Z</time>
        <extensions>
          <ns3:TrackPointExtension>
            <ns3:hr>100</ns3:hr>
            <ns3:cad>42</ns3:cad>
          </ns3:TrackPointExtension>
        </extensions>
      </trkpt>
      <trkpt lat="46.56044282019138336181640625" lon="23.680685274302959442138671875">
        <ele>701.5999755859375</ele>
        <time>2024-06-09T08:43:51.000Z</time>
        <extensions>
          <ns3:TrackPointExtension>
            <ns3:hr>97</ns3:hr>
            <ns3:cad>0</ns3:cad>
          </ns3:TrackPointExtension>
        </extensions>
      </trkpt>
      <trkpt lat="46.56043955124914646148681640625" lon="23.68068167008459568023681640625">
        <ele>701.5999755859375</ele>
        <time>2024-06-09T08:43:52.000Z</time>
        <extensions>
          <ns3:TrackPointExtension>
            <ns3:hr>97</ns3:hr>
            <ns3:cad>0</ns3:cad>
          </ns3:TrackPointExtension>
        </extensions>
      </trkpt>
      <trkpt lat="46.56041256152093410491943359375" lon="23.6805997788906097412109375">
        <ele>701.79998779296875</ele>
        <time>2024-06-09T08:43:57.000Z</time>
        <extensions>
          <ns3:TrackPointExtension>
            <ns3:hr>94</ns3:hr>
            <ns3:cad>47</ns3:cad>
          </ns3:TrackPointExtension>
        </extensions>
      </trkpt>
      <trkpt lat="46.5604047663509845733642578125" lon="23.6805872060358524322509765625">
        <ele>701.79998779296875</ele>
        <time>2024-06-09T08:43:58.000Z</time>
        <extensions>
          <ns3:TrackPointExtension>
            <ns3:hr>94</ns3:hr>
            <ns3:cad>47</ns3:cad>
          </ns3:TrackPointExtension>
        </extensions>
      </trkpt>
      <trkpt lat="46.56034030951559543609619140625" lon="23.68053062818944454193115234375">
        <ele>702.5999755859375</ele>
        <time>2024-06-09T08:44:04.000Z</time>
        <extensions>
          <ns3:TrackPointExtension>
            <ns3:hr>93</ns3:hr>
            <ns3:cad>47</ns3:cad>
          </ns3:TrackPointExtension>
        </extensions>
      </trkpt>
      <trkpt lat="46.5603088773787021636962890625" lon="23.6805379204452037811279296875">
        <ele>702.79998779296875</ele>
        <time>2024-06-09T08:44:06.000Z</time>
        <extensions>
          <ns3:TrackPointExtension>
            <ns3:hr>94</ns3:hr>
            <ns3:cad>49</ns3:cad>
          </ns3:TrackPointExtension>
        </extensions>
      </trkpt>
      <trkpt lat="46.56020267866551876068115234375" lon="23.6805486492812633514404296875">
        <ele>701.79998779296875</ele>
        <time>2024-06-09T08:44:13.000Z</time>
        <extensions>
          <ns3:TrackPointExtension>
            <ns3:hr>94</ns3:hr>
            <ns3:cad>55</ns3:cad>
          </ns3:TrackPointExtension>
        </extensions>
      </trkpt>
      <trkpt lat="46.56011852435767650604248046875" lon="23.68049643002450466156005859375">
        <ele>701.5999755859375</ele>
        <time>2024-06-09T08:44:19.000Z</time>
        <extensions>
          <ns3:TrackPointExtension>
            <ns3:hr>93</ns3:hr>
            <ns3:cad>56</ns3:cad>
          </ns3:TrackPointExtension>
        </extensions>
      </trkpt>
      <trkpt lat="46.560044847428798675537109375" lon="23.68047966621816158294677734375">
        <ele>701.5999755859375</ele>
        <time>2024-06-09T08:44:25.000Z</time>
        <extensions>
          <ns3:TrackPointExtension>
            <ns3:hr>93</ns3:hr>
            <ns3:cad>47</ns3:cad>
          </ns3:TrackPointExtension>
        </extensions>
      </trkpt>
      <trkpt lat="46.56001911498606204986572265625" lon="23.6804779060184955596923828125">
        <ele>701.4000244140625</ele>
        <time>2024-06-09T08:44:27.000Z</time>
        <extensions>
          <ns3:TrackPointExtension>
            <ns3:hr>93</ns3:hr>
            <ns3:cad>47</ns3:cad>
          </ns3:TrackPointExtension>
        </extensions>
      </trkpt>
      <trkpt lat="46.55994032509624958038330078125" lon="23.68046809919178485870361328125">
        <ele>700.4000244140625</ele>
        <time>2024-06-09T08:44:33.000Z</time>
        <extensions>
          <ns3:TrackPointExtension>
            <ns3:hr>93</ns3:hr>
            <ns3:cad>54</ns3:cad>
          </ns3:TrackPointExtension>
        </extensions>
      </trkpt>
      <trkpt lat="46.5598599426448345184326171875" lon="23.680417723953723907470703125">
        <ele>700.20001220703125</ele>
        <time>2024-06-09T08:44:39.000Z</time>
        <extensions>
          <ns3:TrackPointExtension>
            <ns3:hr>93</ns3:hr>
            <ns3:cad>54</ns3:cad>
          </ns3:TrackPointExtension>
        </extensions>
      </trkpt>
      <trkpt lat="46.55980646610260009765625" lon="23.6804014630615711212158203125">
        <ele>699.79998779296875</ele>
        <time>2024-06-09T08:44:46.000Z</time>
        <extensions>
          <ns3:TrackPointExtension>
            <ns3:hr>93</ns3:hr>
            <ns3:cad>0</ns3:cad>
          </ns3:TrackPointExtension>
        </extensions>
      </trkpt>
      <trkpt lat="46.559798419475555419921875" lon="23.68038159795105457305908203125">
        <ele>699.4000244140625</ele>
        <time>2024-06-09T08:44:55.000Z</time>
        <extensions>
          <ns3:TrackPointExtension>
            <ns3:hr>92</ns3:hr>
            <ns3:cad>0</ns3:cad>
          </ns3:TrackPointExtension>
        </extensions>
      </trkpt>
      <trkpt lat="46.5597979165613651275634765625" lon="23.68038193322718143463134765625">
        <ele>699.20001220703125</ele>
        <time>2024-06-09T08:44:56.000Z</time>
        <extensions>
          <ns3:TrackPointExtension>
            <ns3:hr>93</ns3:hr>
            <ns3:cad>0</ns3:cad>
          </ns3:TrackPointExtension>
        </extensions>
      </trkpt>
      <trkpt lat="46.55975122936069965362548828125" lon="23.68035594932734966278076171875">
        <ele>699.20001220703125</ele>
        <time>2024-06-09T08:45:02.000Z</time>
        <extensions>
          <ns3:TrackPointExtension>
            <ns3:hr>93</ns3:hr>
            <ns3:cad>45</ns3:cad>
          </ns3:TrackPointExtension>
        </extensions>
      </trkpt>
      <trkpt lat="46.55967260710895061492919921875" lon="23.68036181665956974029541015625">
        <ele>699.4000244140625</ele>
        <time>2024-06-09T08:45:08.000Z</time>
        <extensions>
          <ns3:TrackPointExtension>
            <ns3:hr>92</ns3:hr>
            <ns3:cad>52</ns3:cad>
          </ns3:TrackPointExtension>
        </extensions>
      </trkpt>
      <trkpt lat="46.55957085080444812774658203125" lon="23.68040598928928375244140625">
        <ele>698.79998779296875</ele>
        <time>2024-06-09T08:45:15.000Z</time>
        <extensions>
          <ns3:TrackPointExtension>
            <ns3:hr>91</ns3:hr>
            <ns3:cad>55</ns3:cad>
          </ns3:TrackPointExtension>
        </extensions>
      </trkpt>
      <trkpt lat="46.55951167456805706024169921875" lon="23.680382855236530303955078125">
        <ele>698.20001220703125</ele>
        <time>2024-06-09T08:45:19.000Z</time>
        <extensions>
          <ns3:TrackPointExtension>
            <ns3:hr>91</ns3:hr>
            <ns3:cad>60</ns3:cad>
          </ns3:TrackPointExtension>
        </extensions>
      </trkpt>
      <trkpt lat="46.55948300845921039581298828125" lon="23.680355362594127655029296875">
        <ele>698.20001220703125</ele>
        <time>2024-06-09T08:45:21.000Z</time>
        <extensions>
          <ns3:TrackPointExtension>
            <ns3:hr>91</ns3:hr>
            <ns3:cad>59</ns3:cad>
          </ns3:TrackPointExtension>
        </extensions>
      </trkpt>
      <trkpt lat="46.55940354801714420318603515625" lon="23.6803950928151607513427734375">
        <ele>698</ele>
        <time>2024-06-09T08:45:27.000Z</time>
        <extensions>
          <ns3:TrackPointExtension>
            <ns3:hr>91</ns3:hr>
            <ns3:cad>55</ns3:cad>
          </ns3:TrackPointExtension>
        </extensions>
      </trkpt>
      <trkpt lat="46.559392400085926055908203125" lon="23.6804175563156604766845703125">
        <ele>697</ele>
        <time>2024-06-09T08:45:29.000Z</time>
        <extensions>
          <ns3:TrackPointExtension>
            <ns3:hr>90</ns3:hr>
            <ns3:cad>55</ns3:cad>
          </ns3:TrackPointExtension>
        </extensions>
      </trkpt>
      <trkpt lat="46.55937421135604381561279296875" lon="23.6804504133760929107666015625">
        <ele>696</ele>
        <time>2024-06-09T08:45:32.000Z</time>
        <extensions>
          <ns3:TrackPointExtension>
            <ns3:hr>90</ns3:hr>
            <ns3:cad>60</ns3:cad>
          </ns3:TrackPointExtension>
        </extensions>
      </trkpt>
      <trkpt lat="46.55933800153434276580810546875" lon="23.68050615303218364715576171875">
        <ele>694.79998779296875</ele>
        <time>2024-06-09T08:45:36.000Z</time>
        <extensions>
          <ns3:TrackPointExtension>
            <ns3:hr>91</ns3:hr>
            <ns3:cad>60</ns3:cad>
          </ns3:TrackPointExtension>
        </extensions>
      </trkpt>
      <trkpt lat="46.55932031571865081787109375" lon="23.6805325560271739959716796875">
        <ele>694.20001220703125</ele>
        <time>2024-06-09T08:45:38.000Z</time>
        <extensions>
          <ns3:TrackPointExtension>
            <ns3:hr>91</ns3:hr>
            <ns3:cad>65</ns3:cad>
          </ns3:TrackPointExtension>
        </extensions>
      </trkpt>
      <trkpt lat="46.559312604367733001708984375" lon="23.6805422790348529815673828125">
        <ele>693.79998779296875</ele>
        <time>2024-06-09T08:45:39.000Z</time>
        <extensions>
          <ns3:TrackPointExtension>
            <ns3:hr>91</ns3:hr>
            <ns3:cad>65</ns3:cad>
          </ns3:TrackPointExtension>
        </extensions>
      </trkpt>
      <trkpt lat="46.5592939965426921844482421875" lon="23.680579662322998046875">
        <ele>692.5999755859375</ele>
        <time>2024-06-09T08:45:43.000Z</time>
        <extensions>
          <ns3:TrackPointExtension>
            <ns3:hr>91</ns3:hr>
            <ns3:cad>65</ns3:cad>
          </ns3:TrackPointExtension>
        </extensions>
      </trkpt>
      <trkpt lat="46.559277735650539398193359375" lon="23.68060288019478321075439453125">
        <ele>691.79998779296875</ele>
        <time>2024-06-09T08:45:45.000Z</time>
        <extensions>
          <ns3:TrackPointExtension>
            <ns3:hr>91</ns3:hr>
            <ns3:cad>63</ns3:cad>
          </ns3:TrackPointExtension>
        </extensions>
      </trkpt>
      <trkpt lat="46.55926642008125782012939453125" lon="23.68061386048793792724609375">
        <ele>691.4000244140625</ele>
        <time>2024-06-09T08:45:46.000Z</time>
        <extensions>
          <ns3:TrackPointExtension>
            <ns3:hr>91</ns3:hr>
            <ns3:cad>63</ns3:cad>
          </ns3:TrackPointExtension>
        </extensions>
      </trkpt>
      <trkpt lat="46.559232138097286224365234375" lon="23.6806371621787548065185546875">
        <ele>690.4000244140625</ele>
        <time>2024-06-09T08:45:49.000Z</time>
        <extensions>
          <ns3:TrackPointExtension>
            <ns3:hr>91</ns3:hr>
            <ns3:cad>63</ns3:cad>
          </ns3:TrackPointExtension>
        </extensions>
      </trkpt>
      <trkpt lat="46.5591887198388576507568359375" lon="23.6806700192391872406005859375">
        <ele>689</ele>
        <time>2024-06-09T08:45:53.000Z</time>
        <extensions>
          <ns3:TrackPointExtension>
            <ns3:hr>94</ns3:hr>
            <ns3:cad>62</ns3:cad>
          </ns3:TrackPointExtension>
        </extensions>
      </trkpt>
      <trkpt lat="46.55917606316506862640380859375" lon="23.68067664094269275665283203125">
        <ele>688.5999755859375</ele>
        <time>2024-06-09T08:45:54.000Z</time>
        <extensions>
          <ns3:TrackPointExtension>
            <ns3:hr>93</ns3:hr>
            <ns3:cad>61</ns3:cad>
          </ns3:TrackPointExtension>
        </extensions>
      </trkpt>
      <trkpt lat="46.559143960475921630859375" lon="23.6807011999189853668212890625">
        <ele>687.79998779296875</ele>
        <time>2024-06-09T08:45:57.000Z</time>
        <extensions>
          <ns3:TrackPointExtension>
            <ns3:hr>93</ns3:hr>
            <ns3:cad>61</ns3:cad>
          </ns3:TrackPointExtension>
        </extensions>
      </trkpt>
      <trkpt lat="46.55913331545889377593994140625" lon="23.68070262484252452850341796875">
        <ele>686.79998779296875</ele>
        <time>2024-06-09T08:46:00.000Z</time>
        <extensions>
          <ns3:TrackPointExtension>
            <ns3:hr>93</ns3:hr>
            <ns3:cad>57</ns3:cad>
          </ns3:TrackPointExtension>
        </extensions>
      </trkpt>
      <trkpt lat="46.55913599766790866851806640625" lon="23.6807065643370151519775390625">
        <ele>686.5999755859375</ele>
        <time>2024-06-09T08:46:01.000Z</time>
        <extensions>
          <ns3:TrackPointExtension>
            <ns3:hr>94</ns3:hr>
            <ns3:cad>0</ns3:cad>
          </ns3:TrackPointExtension>
        </extensions>
      </trkpt>
      <trkpt lat="46.55910909175872802734375" lon="23.680713437497615814208984375">
        <ele>685.5999755859375</ele>
        <time>2024-06-09T08:46:05.000Z</time>
        <extensions>
          <ns3:TrackPointExtension>
            <ns3:hr>94</ns3:hr>
            <ns3:cad>0</ns3:cad>
          </ns3:TrackPointExtension>
        </extensions>
      </trkpt>
      <trkpt lat="46.55910196714103221893310546875" lon="23.680716119706630706787109375">
        <ele>685.4000244140625</ele>
        <time>2024-06-09T08:46:06.000Z</time>
        <extensions>
          <ns3:TrackPointExtension>
            <ns3:hr>94</ns3:hr>
            <ns3:cad>0</ns3:cad>
          </ns3:TrackPointExtension>
        </extensions>
      </trkpt>
      <trkpt lat="46.559091992676258087158203125" lon="23.68074419908225536346435546875">
        <ele>684.4000244140625</ele>
        <time>2024-06-09T08:46:10.000Z</time>
        <extensions>
          <ns3:TrackPointExtension>
            <ns3:hr>93</ns3:hr>
            <ns3:cad>58</ns3:cad>
          </ns3:TrackPointExtension>
        </extensions>
      </trkpt>
      <trkpt lat="46.55908721499145030975341796875" lon="23.680749647319316864013671875">
        <ele>683.79998779296875</ele>
        <time>2024-06-09T08:46:12.000Z</time>
        <extensions>
          <ns3:TrackPointExtension>
            <ns3:hr>93</ns3:hr>
            <ns3:cad>59</ns3:cad>
          </ns3:TrackPointExtension>
        </extensions>
      </trkpt>
      <trkpt lat="46.55907061882317066192626953125" lon="23.6807585321366786956787109375">
        <ele>683.20001220703125</ele>
        <time>2024-06-09T08:46:15.000Z</time>
        <extensions>
          <ns3:TrackPointExtension>
            <ns3:hr>95</ns3:hr>
            <ns3:cad>0</ns3:cad>
          </ns3:TrackPointExtension>
        </extensions>
      </trkpt>
      <trkpt lat="46.5590522624552249908447265625" lon="23.6807687580585479736328125">
        <ele>683</ele>
        <time>2024-06-09T08:46:17.000Z</time>
        <extensions>
          <ns3:TrackPointExtension>
            <ns3:hr>98</ns3:hr>
            <ns3:cad>0</ns3:cad>
          </ns3:TrackPointExtension>
        </extensions>
      </trkpt>
      <trkpt lat="46.55903826467692852020263671875" lon="23.68076247163116931915283203125">
        <ele>682.5999755859375</ele>
        <time>2024-06-09T08:46:19.000Z</time>
        <extensions>
          <ns3:TrackPointExtension>
            <ns3:hr>98</ns3:hr>
            <ns3:cad>0</ns3:cad>
          </ns3:TrackPointExtension>
        </extensions>
      </trkpt>
      <trkpt lat="46.559029631316661834716796875" lon="23.6807669140398502349853515625">
        <ele>682.20001220703125</ele>
        <time>2024-06-09T08:46:20.000Z</time>
        <extensions>
          <ns3:TrackPointExtension>
            <ns3:hr>98</ns3:hr>
            <ns3:cad>0</ns3:cad>
          </ns3:TrackPointExtension>
        </extensions>
      </trkpt>
      <trkpt lat="46.5590016357600688934326171875" lon="23.68077336810529232025146484375">
        <ele>681.4000244140625</ele>
        <time>2024-06-09T08:46:24.000Z</time>
        <extensions>
          <ns3:TrackPointExtension>
            <ns3:hr>98</ns3:hr>
            <ns3:cad>60</ns3:cad>
          </ns3:TrackPointExtension>
        </extensions>
      </trkpt>
      <trkpt lat="46.5589992888271808624267578125" lon="23.6807726137340068817138671875">
        <ele>681</ele>
        <time>2024-06-09T08:46:25.000Z</time>
        <extensions>
          <ns3:TrackPointExtension>
            <ns3:hr>98</ns3:hr>
            <ns3:cad>60</ns3:cad>
          </ns3:TrackPointExtension>
        </extensions>
      </trkpt>
      <trkpt lat="46.5589717961847782135009765625" lon="23.68077772669494152069091796875">
        <ele>680</ele>
        <time>2024-06-09T08:46:30.000Z</time>
        <extensions>
          <ns3:TrackPointExtension>
            <ns3:hr>97</ns3:hr>
            <ns3:cad>59</ns3:cad>
          </ns3:TrackPointExtension>
        </extensions>
      </trkpt>
      <trkpt lat="46.55895955860614776611328125" lon="23.68077269755303859710693359375">
        <ele>679.79998779296875</ele>
        <time>2024-06-09T08:46:32.000Z</time>
        <extensions>
          <ns3:TrackPointExtension>
            <ns3:hr>97</ns3:hr>
            <ns3:cad>57</ns3:cad>
          </ns3:TrackPointExtension>
        </extensions>
      </trkpt>
      <trkpt lat="46.558943800628185272216796875" lon="23.6807722784578800201416015625">
        <ele>679.20001220703125</ele>
        <time>2024-06-09T08:46:36.000Z</time>
        <extensions>
          <ns3:TrackPointExtension>
            <ns3:hr>97</ns3:hr>
            <ns3:cad>0</ns3:cad>
          </ns3:TrackPointExtension>
        </extensions>
      </trkpt>
      <trkpt lat="46.55893567018210887908935546875" lon="23.6807727813720703125">
        <ele>679</ele>
        <time>2024-06-09T08:46:38.000Z</time>
        <extensions>
          <ns3:TrackPointExtension>
            <ns3:hr>96</ns3:hr>
            <ns3:cad>0</ns3:cad>
          </ns3:TrackPointExtension>
        </extensions>
      </trkpt>
      <trkpt lat="46.55893365852534770965576171875" lon="23.68078024126589298248291015625">
        <ele>678.20001220703125</ele>
        <time>2024-06-09T08:46:44.000Z</time>
        <extensions>
          <ns3:TrackPointExtension>
            <ns3:hr>94</ns3:hr>
            <ns3:cad>0</ns3:cad>
          </ns3:TrackPointExtension>
        </extensions>
      </trkpt>
      <trkpt lat="46.55892963521182537078857421875" lon="23.6807816661894321441650390625">
        <ele>677.79998779296875</ele>
        <time>2024-06-09T08:46:48.000Z</time>
        <extensions>
          <ns3:TrackPointExtension>
            <ns3:hr>96</ns3:hr>
            <ns3:cad>0</ns3:cad>
          </ns3:TrackPointExtension>
        </extensions>
      </trkpt>
      <trkpt lat="46.55892343260347843170166015625" lon="23.680796921253204345703125">
        <ele>677.5999755859375</ele>
        <time>2024-06-09T08:46:50.000Z</time>
        <extensions>
          <ns3:TrackPointExtension>
            <ns3:hr>100</ns3:hr>
            <ns3:cad>0</ns3:cad>
          </ns3:TrackPointExtension>
        </extensions>
      </trkpt>
      <trkpt lat="46.5589054115116596221923828125" lon="23.68082583881914615631103515625">
        <ele>676.79998779296875</ele>
        <time>2024-06-09T08:46:55.000Z</time>
        <extensions>
          <ns3:TrackPointExtension>
            <ns3:hr>102</ns3:hr>
            <ns3:cad>0</ns3:cad>
          </ns3:TrackPointExtension>
        </extensions>
      </trkpt>
      <trkpt lat="46.55890851281583309173583984375" lon="23.68083707056939601898193359375">
        <ele>676.4000244140625</ele>
        <time>2024-06-09T08:46:57.000Z</time>
        <extensions>
          <ns3:TrackPointExtension>
            <ns3:hr>102</ns3:hr>
            <ns3:cad>0</ns3:cad>
          </ns3:TrackPointExtension>
        </extensions>
      </trkpt>
      <trkpt lat="46.55890700407326221466064453125" lon="23.6808654852211475372314453125">
        <ele>675.5999755859375</ele>
        <time>2024-06-09T08:47:01.000Z</time>
        <extensions>
          <ns3:TrackPointExtension>
            <ns3:hr>101</ns3:hr>
            <ns3:cad>0</ns3:cad>
          </ns3:TrackPointExtension>
        </extensions>
      </trkpt>
      <trkpt lat="46.5589065849781036376953125" lon="23.68087428621947765350341796875">
        <ele>675.20001220703125</ele>
        <time>2024-06-09T08:47:03.000Z</time>
        <extensions>
          <ns3:TrackPointExtension>
            <ns3:hr>97</ns3:hr>
            <ns3:cad>0</ns3:cad>
          </ns3:TrackPointExtension>
        </extensions>
      </trkpt>
      <trkpt lat="46.5589065849781036376953125" lon="23.68087663315236568450927734375">
        <ele>675</ele>
        <time>2024-06-09T08:47:04.000Z</time>
        <extensions>
          <ns3:TrackPointExtension>
            <ns3:hr>94</ns3:hr>
            <ns3:cad>0</ns3:cad>
          </ns3:TrackPointExtension>
        </extensions>
      </trkpt>
      <trkpt lat="46.5589040704071521759033203125" lon="23.6808849312365055084228515625">
        <ele>674.79998779296875</ele>
        <time>2024-06-09T08:47:05.000Z</time>
        <extensions>
          <ns3:TrackPointExtension>
            <ns3:hr>91</ns3:hr>
            <ns3:cad>0</ns3:cad>
          </ns3:TrackPointExtension>
        </extensions>
      </trkpt>
      <trkpt lat="46.5588993765413761138916015625" lon="23.68088065646588802337646484375">
        <ele>674.5999755859375</ele>
        <time>2024-06-09T08:47:07.000Z</time>
        <extensions>
          <ns3:TrackPointExtension>
            <ns3:hr>88</ns3:hr>
            <ns3:cad>0</ns3:cad>
          </ns3:TrackPointExtension>
        </extensions>
      </trkpt>
      <trkpt lat="46.558892838656902313232421875" lon="23.6808856017887592315673828125">
        <ele>674.5999755859375</ele>
        <time>2024-06-09T08:47:08.000Z</time>
        <extensions>
          <ns3:TrackPointExtension>
            <ns3:hr>88</ns3:hr>
            <ns3:cad>0</ns3:cad>
          </ns3:TrackPointExtension>
        </extensions>
      </trkpt>
      <trkpt lat="46.5588997118175029754638671875" lon="23.6808986775577068328857421875">
        <ele>673.5999755859375</ele>
        <time>2024-06-09T08:47:15.000Z</time>
        <extensions>
          <ns3:TrackPointExtension>
            <ns3:hr>87</ns3:hr>
            <ns3:cad>0</ns3:cad>
          </ns3:TrackPointExtension>
        </extensions>
      </trkpt>
      <trkpt lat="46.55887833796441555023193359375" lon="23.680895157158374786376953125">
        <ele>673</ele>
        <time>2024-06-09T08:47:21.000Z</time>
        <extensions>
          <ns3:TrackPointExtension>
            <ns3:hr>87</ns3:hr>
            <ns3:cad>0</ns3:cad>
          </ns3:TrackPointExtension>
        </extensions>
      </trkpt>
      <trkpt lat="46.55887096188962459564208984375" lon="23.680905885994434356689453125">
        <ele>672.5999755859375</ele>
        <time>2024-06-09T08:47:23.000Z</time>
        <extensions>
          <ns3:TrackPointExtension>
            <ns3:hr>87</ns3:hr>
            <ns3:cad>0</ns3:cad>
          </ns3:TrackPointExtension>
        </extensions>
      </trkpt>
      <trkpt lat="46.55887548811733722686767578125" lon="23.68092357181012630462646484375">
        <ele>672.4000244140625</ele>
        <time>2024-06-09T08:47:26.000Z</time>
        <extensions>
          <ns3:TrackPointExtension>
            <ns3:hr>87</ns3:hr>
            <ns3:cad>0</ns3:cad>
          </ns3:TrackPointExtension>
        </extensions>
      </trkpt>
      <trkpt lat="46.558866687119007110595703125" lon="23.68093849159777164459228515625">
        <ele>672</ele>
        <time>2024-06-09T08:47:30.000Z</time>
        <extensions>
          <ns3:TrackPointExtension>
            <ns3:hr>87</ns3:hr>
            <ns3:cad>0</ns3:cad>
          </ns3:TrackPointExtension>
        </extensions>
      </trkpt>
      <trkpt lat="46.55887682922184467315673828125" lon="23.6809476278722286224365234375">
        <ele>671.4000244140625</ele>
        <time>2024-06-09T08:47:34.000Z</time>
        <extensions>
          <ns3:TrackPointExtension>
            <ns3:hr>87</ns3:hr>
            <ns3:cad>0</ns3:cad>
          </ns3:TrackPointExtension>
        </extensions>
      </trkpt>
      <trkpt lat="46.5588765777647495269775390625" lon="23.68094787932932376861572265625">
        <ele>671.4000244140625</ele>
        <time>2024-06-09T08:47:35.000Z</time>
        <extensions>
          <ns3:TrackPointExtension>
            <ns3:hr>88</ns3:hr>
            <ns3:cad>0</ns3:cad>
          </ns3:TrackPointExtension>
        </extensions>
      </trkpt>
      <trkpt lat="46.55886794440448284149169921875" lon="23.68094603531062602996826171875">
        <ele>671.20001220703125</ele>
        <time>2024-06-09T08:47:37.000Z</time>
        <extensions>
          <ns3:TrackPointExtension>
            <ns3:hr>93</ns3:hr>
            <ns3:cad>0</ns3:cad>
          </ns3:TrackPointExtension>
        </extensions>
      </trkpt>
      <trkpt lat="46.55886794440448284149169921875" lon="23.68094603531062602996826171875">
        <ele>671.20001220703125</ele>
        <time>2024-06-09T08:47:38.000Z</time>
        <extensions>
          <ns3:TrackPointExtension>
            <ns3:hr>97</ns3:hr>
            <ns3:cad>0</ns3:cad>
          </ns3:TrackPointExtension>
        </extensions>
      </trkpt>
      <trkpt lat="46.55886794440448284149169921875" lon="23.68094603531062602996826171875">
        <ele>671</ele>
        <time>2024-06-09T08:47:39.000Z</time>
        <extensions>
          <ns3:TrackPointExtension>
            <ns3:hr>100</ns3:hr>
            <ns3:cad>0</ns3:cad>
          </ns3:TrackPointExtension>
        </extensions>
      </trkpt>
      <trkpt lat="46.55886442400515079498291015625" lon="23.680969588458538055419921875">
        <ele>670.79998779296875</ele>
        <time>2024-06-09T08:47:40.000Z</time>
        <extensions>
          <ns3:TrackPointExtension>
            <ns3:hr>103</ns3:hr>
            <ns3:cad>0</ns3:cad>
          </ns3:TrackPointExtension>
        </extensions>
      </trkpt>
      <trkpt lat="46.5588635019958019256591796875" lon="23.68097470141947269439697265625">
        <ele>670.79998779296875</ele>
        <time>2024-06-09T08:47:41.000Z</time>
        <extensions>
          <ns3:TrackPointExtension>
            <ns3:hr>104</ns3:hr>
            <ns3:cad>0</ns3:cad>
          </ns3:TrackPointExtension>
        </extensions>
      </trkpt>
      <trkpt lat="46.55885956250131130218505859375" lon="23.68098543025553226470947265625">
        <ele>670.4000244140625</ele>
        <time>2024-06-09T08:47:46.000Z</time>
        <extensions>
          <ns3:TrackPointExtension>
            <ns3:hr>105</ns3:hr>
            <ns3:cad>0</ns3:cad>
          </ns3:TrackPointExtension>
        </extensions>
      </trkpt>
      <trkpt lat="46.558859981596469879150390625" lon="23.68099364452064037322998046875">
        <ele>670.4000244140625</ele>
        <time>2024-06-09T08:47:47.000Z</time>
        <extensions>
          <ns3:TrackPointExtension>
            <ns3:hr>105</ns3:hr>
            <ns3:cad>0</ns3:cad>
          </ns3:TrackPointExtension>
        </extensions>
      </trkpt>
      <trkpt lat="46.55885335989296436309814453125" lon="23.680997081100940704345703125">
        <ele>669.79998779296875</ele>
        <time>2024-06-09T08:47:52.000Z</time>
        <extensions>
          <ns3:TrackPointExtension>
            <ns3:hr>105</ns3:hr>
            <ns3:cad>0</ns3:cad>
          </ns3:TrackPointExtension>
        </extensions>
      </trkpt>
      <trkpt lat="46.558853276073932647705078125" lon="23.68097771890461444854736328125">
        <ele>669.5999755859375</ele>
        <time>2024-06-09T08:48:01.000Z</time>
        <extensions>
          <ns3:TrackPointExtension>
            <ns3:hr>103</ns3:hr>
            <ns3:cad>0</ns3:cad>
          </ns3:TrackPointExtension>
        </extensions>
      </trkpt>
      <trkpt lat="46.55885688029229640960693359375" lon="23.6809647269546985626220703125">
        <ele>669.79998779296875</ele>
        <time>2024-06-09T08:48:06.000Z</time>
        <extensions>
          <ns3:TrackPointExtension>
            <ns3:hr>101</ns3:hr>
            <ns3:cad>0</ns3:cad>
          </ns3:TrackPointExtension>
        </extensions>
      </trkpt>
      <trkpt lat="46.55884799547493457794189453125" lon="23.680962212383747100830078125">
        <ele>669.4000244140625</ele>
        <time>2024-06-09T08:48:10.000Z</time>
        <extensions>
          <ns3:TrackPointExtension>
            <ns3:hr>99</ns3:hr>
            <ns3:cad>0</ns3:cad>
          </ns3:TrackPointExtension>
        </extensions>
      </trkpt>
      <trkpt lat="46.55884833075106143951416015625" lon="23.680964224040508270263671875">
        <ele>669.4000244140625</ele>
        <time>2024-06-09T08:48:11.000Z</time>
        <extensions>
          <ns3:TrackPointExtension>
            <ns3:hr>99</ns3:hr>
            <ns3:cad>0</ns3:cad>
          </ns3:TrackPointExtension>
        </extensions>
      </trkpt>
      <trkpt lat="46.5588534437119960784912109375" lon="23.6809660680592060089111328125">
        <ele>669.4000244140625</ele>
        <time>2024-06-09T08:48:15.000Z</time>
        <extensions>
          <ns3:TrackPointExtension>
            <ns3:hr>103</ns3:hr>
            <ns3:cad>0</ns3:cad>
          </ns3:TrackPointExtension>
        </extensions>
      </trkpt>
      <trkpt lat="46.558855958282947540283203125" lon="23.68096665479242801666259765625">
        <ele>669.4000244140625</ele>
        <time>2024-06-09T08:48:16.000Z</time>
        <extensions>
          <ns3:TrackPointExtension>
            <ns3:hr>106</ns3:hr>
            <ns3:cad>0</ns3:cad>
          </ns3:TrackPointExtension>
        </extensions>
      </trkpt>
      <trkpt lat="46.5588551200926303863525390625" lon="23.68096397258341312408447265625">
        <ele>669.4000244140625</ele>
        <time>2024-06-09T08:48:17.000Z</time>
        <extensions>
          <ns3:TrackPointExtension>
            <ns3:hr>109</ns3:hr>
            <ns3:cad>0</ns3:cad>
          </ns3:TrackPointExtension>
        </extensions>
      </trkpt>
      <trkpt lat="46.55884330160915851593017578125" lon="23.68096196092665195465087890625">
        <ele>669.4000244140625</ele>
        <time>2024-06-09T08:48:19.000Z</time>
        <extensions>
          <ns3:TrackPointExtension>
            <ns3:hr>113</ns3:hr>
            <ns3:cad>0</ns3:cad>
          </ns3:TrackPointExtension>
        </extensions>
      </trkpt>
      <trkpt lat="46.55883374623954296112060546875" lon="23.68097017519176006317138671875">
        <ele>668.5999755859375</ele>
        <time>2024-06-09T08:48:24.000Z</time>
        <extensions>
          <ns3:TrackPointExtension>
            <ns3:hr>113</ns3:hr>
            <ns3:cad>0</ns3:cad>
          </ns3:TrackPointExtension>
        </extensions>
      </trkpt>
      <trkpt lat="46.5588314831256866455078125" lon="23.680979646742343902587890625">
        <ele>668.20001220703125</ele>
        <time>2024-06-09T08:48:25.000Z</time>
        <extensions>
          <ns3:TrackPointExtension>
            <ns3:hr>113</ns3:hr>
            <ns3:cad>0</ns3:cad>
          </ns3:TrackPointExtension>
        </extensions>
      </trkpt>
      <trkpt lat="46.55882368795573711395263671875" lon="23.680979646742343902587890625">
        <ele>668.20001220703125</ele>
        <time>2024-06-09T08:48:27.000Z</time>
        <extensions>
          <ns3:TrackPointExtension>
            <ns3:hr>110</ns3:hr>
            <ns3:cad>0</ns3:cad>
          </ns3:TrackPointExtension>
        </extensions>
      </trkpt>
      <trkpt lat="46.5588212572038173675537109375" lon="23.68098392151296138763427734375">
        <ele>668.20001220703125</ele>
        <time>2024-06-09T08:48:28.000Z</time>
        <extensions>
          <ns3:TrackPointExtension>
            <ns3:hr>107</ns3:hr>
            <ns3:cad>0</ns3:cad>
          </ns3:TrackPointExtension>
        </extensions>
      </trkpt>
      <trkpt lat="46.5588189102709293365478515625" lon="23.68098995648324489593505859375">
        <ele>668</ele>
        <time>2024-06-09T08:48:29.000Z</time>
        <extensions>
          <ns3:TrackPointExtension>
            <ns3:hr>107</ns3:hr>
            <ns3:cad>0</ns3:cad>
          </ns3:TrackPointExtension>
        </extensions>
      </trkpt>
      <trkpt lat="46.55881731770932674407958984375" lon="23.68099599145352840423583984375">
        <ele>667.79998779296875</ele>
        <time>2024-06-09T08:48:30.000Z</time>
        <extensions>
          <ns3:TrackPointExtension>
            <ns3:hr>108</ns3:hr>
            <ns3:cad>0</ns3:cad>
          </ns3:TrackPointExtension>
        </extensions>
      </trkpt>
      <trkpt lat="46.55882016755640506744384765625" lon="23.68100437335669994354248046875">
        <ele>667.20001220703125</ele>
        <time>2024-06-09T08:48:35.000Z</time>
        <extensions>
          <ns3:TrackPointExtension>
            <ns3:hr>110</ns3:hr>
            <ns3:cad>0</ns3:cad>
          </ns3:TrackPointExtension>
        </extensions>
      </trkpt>
      <trkpt lat="46.55881815589964389801025390625" lon="23.68102365173399448394775390625">
        <ele>666.79998779296875</ele>
        <time>2024-06-09T08:48:38.000Z</time>
        <extensions>
          <ns3:TrackPointExtension>
            <ns3:hr>110</ns3:hr>
            <ns3:cad>0</ns3:cad>
          </ns3:TrackPointExtension>
        </extensions>
      </trkpt>
      <trkpt lat="46.5587890706956386566162109375" lon="23.68103899061679840087890625">
        <ele>666.20001220703125</ele>
        <time>2024-06-09T08:48:43.000Z</time>
        <extensions>
          <ns3:TrackPointExtension>
            <ns3:hr>111</ns3:hr>
            <ns3:cad>0</ns3:cad>
          </ns3:TrackPointExtension>
        </extensions>
      </trkpt>
      <trkpt lat="46.5587531961500644683837890625" lon="23.681023232638835906982421875">
        <ele>665.20001220703125</ele>
        <time>2024-06-09T08:48:49.000Z</time>
        <extensions>
          <ns3:TrackPointExtension>
            <ns3:hr>111</ns3:hr>
            <ns3:cad>0</ns3:cad>
          </ns3:TrackPointExtension>
        </extensions>
      </trkpt>
      <trkpt lat="46.55873634852468967437744140625" lon="23.6810160242021083831787109375">
        <ele>665</ele>
        <time>2024-06-09T08:48:52.000Z</time>
        <extensions>
          <ns3:TrackPointExtension>
            <ns3:hr>111</ns3:hr>
            <ns3:cad>58</ns3:cad>
          </ns3:TrackPointExtension>
        </extensions>
      </trkpt>
      <trkpt lat="46.55873618088662624359130859375" lon="23.6810083128511905670166015625">
        <ele>664.5999755859375</ele>
        <time>2024-06-09T08:48:55.000Z</time>
        <extensions>
          <ns3:TrackPointExtension>
            <ns3:hr>112</ns3:hr>
            <ns3:cad>53</ns3:cad>
          </ns3:TrackPointExtension>
        </extensions>
      </trkpt>
      <trkpt lat="46.55873232521116733551025390625" lon="23.68100588209927082061767578125">
        <ele>664.4000244140625</ele>
        <time>2024-06-09T08:48:59.000Z</time>
        <extensions>
          <ns3:TrackPointExtension>
            <ns3:hr>115</ns3:hr>
            <ns3:cad>0</ns3:cad>
          </ns3:TrackPointExtension>
        </extensions>
      </trkpt>
      <trkpt lat="46.5587200038135051727294921875" lon="23.680997751653194427490234375">
        <ele>664.20001220703125</ele>
        <time>2024-06-09T08:49:02.000Z</time>
        <extensions>
          <ns3:TrackPointExtension>
            <ns3:hr>115</ns3:hr>
            <ns3:cad>0</ns3:cad>
          </ns3:TrackPointExtension>
        </extensions>
      </trkpt>
      <trkpt lat="46.558715142309665679931640625" lon="23.6809811554849147796630859375">
        <ele>663.79998779296875</ele>
        <time>2024-06-09T08:49:06.000Z</time>
        <extensions>
          <ns3:TrackPointExtension>
            <ns3:hr>116</ns3:hr>
            <ns3:cad>0</ns3:cad>
          </ns3:TrackPointExtension>
        </extensions>
      </trkpt>
      <trkpt lat="46.5587134659290313720703125" lon="23.6809818260371685028076171875">
        <ele>663.5999755859375</ele>
        <time>2024-06-09T08:49:08.000Z</time>
        <extensions>
          <ns3:TrackPointExtension>
            <ns3:hr>116</ns3:hr>
            <ns3:cad>0</ns3:cad>
          </ns3:TrackPointExtension>
        </extensions>
      </trkpt>
      <trkpt lat="46.55870047397911548614501953125" lon="23.68097051046788692474365234375">
        <ele>663.4000244140625</ele>
        <time>2024-06-09T08:49:12.000Z</time>
        <extensions>
          <ns3:TrackPointExtension>
            <ns3:hr>113</ns3:hr>
            <ns3:cad>0</ns3:cad>
          </ns3:TrackPointExtension>
        </extensions>
      </trkpt>
      <trkpt lat="46.55869946815073490142822265625" lon="23.6809690855443477630615234375">
        <ele>663.20001220703125</ele>
        <time>2024-06-09T08:49:13.000Z</time>
        <extensions>
          <ns3:TrackPointExtension>
            <ns3:hr>108</ns3:hr>
            <ns3:cad>0</ns3:cad>
          </ns3:TrackPointExtension>
        </extensions>
      </trkpt>
      <trkpt lat="46.55869527719914913177490234375" lon="23.68097067810595035552978515625">
        <ele>663.20001220703125</ele>
        <time>2024-06-09T08:49:14.000Z</time>
        <extensions>
          <ns3:TrackPointExtension>
            <ns3:hr>104</ns3:hr>
            <ns3:cad>0</ns3:cad>
          </ns3:TrackPointExtension>
        </extensions>
      </trkpt>
      <trkpt lat="46.55869527719914913177490234375" lon="23.68097067810595035552978515625">
        <ele>663.20001220703125</ele>
        <time>2024-06-09T08:49:15.000Z</time>
        <extensions>
          <ns3:TrackPointExtension>
            <ns3:hr>104</ns3:hr>
            <ns3:cad>0</ns3:cad>
          </ns3:TrackPointExtension>
        </extensions>
      </trkpt>
      <trkpt lat="46.55868505127727985382080078125" lon="23.68094838224351406097412109375">
        <ele>662.79998779296875</ele>
        <time>2024-06-09T08:49:18.000Z</time>
        <extensions>
          <ns3:TrackPointExtension>
            <ns3:hr>104</ns3:hr>
            <ns3:cad>0</ns3:cad>
          </ns3:TrackPointExtension>
        </extensions>
      </trkpt>
      <trkpt lat="46.55868521891534328460693359375" lon="23.680950142443180084228515625">
        <ele>662.79998779296875</ele>
        <time>2024-06-09T08:49:19.000Z</time>
        <extensions>
          <ns3:TrackPointExtension>
            <ns3:hr>104</ns3:hr>
            <ns3:cad>0</ns3:cad>
          </ns3:TrackPointExtension>
        </extensions>
      </trkpt>
      <trkpt lat="46.5586874820291996002197265625" lon="23.68095441721379756927490234375">
        <ele>662</ele>
        <time>2024-06-09T08:49:26.000Z</time>
        <extensions>
          <ns3:TrackPointExtension>
            <ns3:hr>105</ns3:hr>
            <ns3:cad>0</ns3:cad>
          </ns3:TrackPointExtension>
        </extensions>
      </trkpt>
      <trkpt lat="46.5586713887751102447509765625" lon="23.6809543333947658538818359375">
        <ele>662.20001220703125</ele>
        <time>2024-06-09T08:49:34.000Z</time>
        <extensions>
          <ns3:TrackPointExtension>
            <ns3:hr>106</ns3:hr>
            <ns3:cad>0</ns3:cad>
          </ns3:TrackPointExtension>
        </extensions>
      </trkpt>
      <trkpt lat="46.55866996385157108306884765625" lon="23.68095424957573413848876953125">
        <ele>662.20001220703125</ele>
        <time>2024-06-09T08:49:35.000Z</time>
        <extensions>
          <ns3:TrackPointExtension>
            <ns3:hr>110</ns3:hr>
            <ns3:cad>0</ns3:cad>
          </ns3:TrackPointExtension>
        </extensions>
      </trkpt>
      <trkpt lat="46.55866594053804874420166015625" lon="23.68095584213733673095703125">
        <ele>661.79998779296875</ele>
        <time>2024-06-09T08:49:36.000Z</time>
        <extensions>
          <ns3:TrackPointExtension>
            <ns3:hr>113</ns3:hr>
            <ns3:cad>0</ns3:cad>
          </ns3:TrackPointExtension>
        </extensions>
      </trkpt>
      <trkpt lat="46.5586630068719387054443359375" lon="23.68095592595636844635009765625">
        <ele>661.4000244140625</ele>
        <time>2024-06-09T08:49:37.000Z</time>
        <extensions>
          <ns3:TrackPointExtension>
            <ns3:hr>113</ns3:hr>
            <ns3:cad>0</ns3:cad>
          </ns3:TrackPointExtension>
        </extensions>
      </trkpt>
      <trkpt lat="46.55866711400449275970458984375" lon="23.68095852434635162353515625">
        <ele>660.79998779296875</ele>
        <time>2024-06-09T08:49:41.000Z</time>
        <extensions>
          <ns3:TrackPointExtension>
            <ns3:hr>113</ns3:hr>
            <ns3:cad>0</ns3:cad>
          </ns3:TrackPointExtension>
        </extensions>
      </trkpt>
      <trkpt lat="46.55866962857544422149658203125" lon="23.6809560097754001617431640625">
        <ele>660.5999755859375</ele>
        <time>2024-06-09T08:49:49.000Z</time>
        <extensions>
          <ns3:TrackPointExtension>
            <ns3:hr>112</ns3:hr>
            <ns3:cad>0</ns3:cad>
          </ns3:TrackPointExtension>
        </extensions>
      </trkpt>
      <trkpt lat="46.5586596541106700897216796875" lon="23.68096120655536651611328125">
        <ele>660</ele>
        <time>2024-06-09T08:49:58.000Z</time>
        <extensions>
          <ns3:TrackPointExtension>
            <ns3:hr>111</ns3:hr>
            <ns3:cad>0</ns3:cad>
          </ns3:TrackPointExtension>
        </extensions>
      </trkpt>
      <trkpt lat="46.55865646898746490478515625" lon="23.68096061982214450836181640625">
        <ele>659.79998779296875</ele>
        <time>2024-06-09T08:49:59.000Z</time>
        <extensions>
          <ns3:TrackPointExtension>
            <ns3:hr>111</ns3:hr>
            <ns3:cad>0</ns3:cad>
          </ns3:TrackPointExtension>
        </extensions>
      </trkpt>
      <trkpt lat="46.55865353532135486602783203125" lon="23.68096011690795421600341796875">
        <ele>659.5999755859375</ele>
        <time>2024-06-09T08:50:06.000Z</time>
        <extensions>
          <ns3:TrackPointExtension>
            <ns3:hr>111</ns3:hr>
            <ns3:cad>0</ns3:cad>
          </ns3:TrackPointExtension>
        </extensions>
      </trkpt>
      <trkpt lat="46.558650434017181396484375" lon="23.6809553392231464385986328125">
        <ele>659.79998779296875</ele>
        <time>2024-06-09T08:50:12.000Z</time>
        <extensions>
          <ns3:TrackPointExtension>
            <ns3:hr>114</ns3:hr>
            <ns3:cad>0</ns3:cad>
          </ns3:TrackPointExtension>
        </extensions>
      </trkpt>
      <trkpt lat="46.5586563013494014739990234375" lon="23.680956177413463592529296875">
        <ele>659.79998779296875</ele>
        <time>2024-06-09T08:50:16.000Z</time>
        <extensions>
          <ns3:TrackPointExtension>
            <ns3:hr>113</ns3:hr>
            <ns3:cad>0</ns3:cad>
          </ns3:TrackPointExtension>
        </extensions>
      </trkpt>
      <trkpt lat="46.55864297412335872650146484375" lon="23.68098878301680088043212890625">
        <ele>659.20001220703125</ele>
        <time>2024-06-09T08:50:23.000Z</time>
        <extensions>
          <ns3:TrackPointExtension>
            <ns3:hr>113</ns3:hr>
            <ns3:cad>0</ns3:cad>
          </ns3:TrackPointExtension>
        </extensions>
      </trkpt>
      <trkpt lat="46.558627299964427947998046875" lon="23.68099347688257694244384765625">
        <ele>658.5999755859375</ele>
        <time>2024-06-09T08:50:28.000Z</time>
        <extensions>
          <ns3:TrackPointExtension>
            <ns3:hr>114</ns3:hr>
            <ns3:cad>0</ns3:cad>
          </ns3:TrackPointExtension>
        </extensions>
      </trkpt>
      <trkpt lat="46.558623947203159332275390625" lon="23.681005798280239105224609375">
        <ele>658.20001220703125</ele>
        <time>2024-06-09T08:50:31.000Z</time>
        <extensions>
          <ns3:TrackPointExtension>
            <ns3:hr>116</ns3:hr>
            <ns3:cad>0</ns3:cad>
          </ns3:TrackPointExtension>
        </extensions>
      </trkpt>
      <trkpt lat="46.558626629412174224853515625" lon="23.6810182034969329833984375">
        <ele>658.20001220703125</ele>
        <time>2024-06-09T08:50:39.000Z</time>
        <extensions>
          <ns3:TrackPointExtension>
            <ns3:hr>117</ns3:hr>
            <ns3:cad>0</ns3:cad>
          </ns3:TrackPointExtension>
        </extensions>
      </trkpt>
      <trkpt lat="46.5586194209754467010498046875" lon="23.6809945665299892425537109375">
        <ele>658.79998779296875</ele>
        <time>2024-06-09T08:50:48.000Z</time>
        <extensions>
          <ns3:TrackPointExtension>
            <ns3:hr>117</ns3:hr>
            <ns3:cad>0</ns3:cad>
          </ns3:TrackPointExtension>
        </extensions>
      </trkpt>
      <trkpt lat="46.55859603546559810638427734375" lon="23.68098844774067401885986328125">
        <ele>658.4000244140625</ele>
        <time>2024-06-09T08:50:52.000Z</time>
        <extensions>
          <ns3:TrackPointExtension>
            <ns3:hr>114</ns3:hr>
            <ns3:cad>0</ns3:cad>
          </ns3:TrackPointExtension>
        </extensions>
      </trkpt>
      <trkpt lat="46.55858899466693401336669921875" lon="23.6810073070228099822998046875">
        <ele>658.20001220703125</ele>
        <time>2024-06-09T08:50:54.000Z</time>
        <extensions>
          <ns3:TrackPointExtension>
            <ns3:hr>111</ns3:hr>
            <ns3:cad>0</ns3:cad>
          </ns3:TrackPointExtension>
        </extensions>
      </trkpt>
      <trkpt lat="46.5585793554782867431640625" lon="23.68101619184017181396484375">
        <ele>657.5999755859375</ele>
        <time>2024-06-09T08:50:56.000Z</time>
        <extensions>
          <ns3:TrackPointExtension>
            <ns3:hr>111</ns3:hr>
            <ns3:cad>0</ns3:cad>
          </ns3:TrackPointExtension>
        </extensions>
      </trkpt>
      <trkpt lat="46.5585758350789546966552734375" lon="23.68101694621145725250244140625">
        <ele>656.5999755859375</ele>
        <time>2024-06-09T08:51:00.000Z</time>
        <extensions>
          <ns3:TrackPointExtension>
            <ns3:hr>111</ns3:hr>
            <ns3:cad>0</ns3:cad>
          </ns3:TrackPointExtension>
        </extensions>
      </trkpt>
      <trkpt lat="46.55857340432703495025634765625" lon="23.68102046661078929901123046875">
        <ele>656.20001220703125</ele>
        <time>2024-06-09T08:51:02.000Z</time>
        <extensions>
          <ns3:TrackPointExtension>
            <ns3:hr>112</ns3:hr>
            <ns3:cad>0</ns3:cad>
          </ns3:TrackPointExtension>
        </extensions>
      </trkpt>
      <trkpt lat="46.55857692472636699676513671875" lon="23.68103404529392719268798828125">
        <ele>656</ele>
        <time>2024-06-09T08:51:10.000Z</time>
        <extensions>
          <ns3:TrackPointExtension>
            <ns3:hr>111</ns3:hr>
            <ns3:cad>0</ns3:cad>
          </ns3:TrackPointExtension>
        </extensions>
      </trkpt>
      <trkpt lat="46.5585614182054996490478515625" lon="23.68105298839509487152099609375">
        <ele>655.5999755859375</ele>
        <time>2024-06-09T08:51:16.000Z</time>
        <extensions>
          <ns3:TrackPointExtension>
            <ns3:hr>108</ns3:hr>
            <ns3:cad>40</ns3:cad>
          </ns3:TrackPointExtension>
        </extensions>
      </trkpt>
      <trkpt lat="46.558556221425533294677734375" lon="23.68105642497539520263671875">
        <ele>655.4000244140625</ele>
        <time>2024-06-09T08:51:17.000Z</time>
        <extensions>
          <ns3:TrackPointExtension>
            <ns3:hr>107</ns3:hr>
            <ns3:cad>40</ns3:cad>
          </ns3:TrackPointExtension>
        </extensions>
      </trkpt>
      <trkpt lat="46.5585322491824626922607421875" lon="23.68108752183616161346435546875">
        <ele>654.4000244140625</ele>
        <time>2024-06-09T08:51:23.000Z</time>
        <extensions>
          <ns3:TrackPointExtension>
            <ns3:hr>105</ns3:hr>
            <ns3:cad>0</ns3:cad>
          </ns3:TrackPointExtension>
        </extensions>
      </trkpt>
      <trkpt lat="46.55852596275508403778076171875" lon="23.68109908886253833770751953125">
        <ele>654</ele>
        <time>2024-06-09T08:51:26.000Z</time>
        <extensions>
          <ns3:TrackPointExtension>
            <ns3:hr>105</ns3:hr>
            <ns3:cad>0</ns3:cad>
          </ns3:TrackPointExtension>
        </extensions>
      </trkpt>
      <trkpt lat="46.5585312433540821075439453125" lon="23.681096993386745452880859375">
        <ele>653.20001220703125</ele>
        <time>2024-06-09T08:51:30.000Z</time>
        <extensions>
          <ns3:TrackPointExtension>
            <ns3:hr>106</ns3:hr>
            <ns3:cad>0</ns3:cad>
          </ns3:TrackPointExtension>
        </extensions>
      </trkpt>
      <trkpt lat="46.55854138545691967010498046875" lon="23.6810881085693836212158203125">
        <ele>653</ele>
        <time>2024-06-09T08:51:33.000Z</time>
        <extensions>
          <ns3:TrackPointExtension>
            <ns3:hr>109</ns3:hr>
            <ns3:cad>0</ns3:cad>
          </ns3:TrackPointExtension>
        </extensions>
      </trkpt>
      <trkpt lat="46.5585391223430633544921875" lon="23.68108802475035190582275390625">
        <ele>652.79998779296875</ele>
        <time>2024-06-09T08:51:35.000Z</time>
        <extensions>
          <ns3:TrackPointExtension>
            <ns3:hr>111</ns3:hr>
            <ns3:cad>0</ns3:cad>
          </ns3:TrackPointExtension>
        </extensions>
      </trkpt>
      <trkpt lat="46.55852864496409893035888671875" lon="23.6811075545847415924072265625">
        <ele>652.79998779296875</ele>
        <time>2024-06-09T08:51:43.000Z</time>
        <extensions>
          <ns3:TrackPointExtension>
            <ns3:hr>111</ns3:hr>
            <ns3:cad>0</ns3:cad>
          </ns3:TrackPointExtension>
        </extensions>
      </trkpt>
      <trkpt lat="46.55854373238980770111083984375" lon="23.68112892843782901763916015625">
        <ele>652.20001220703125</ele>
        <time>2024-06-09T08:51:47.000Z</time>
        <extensions>
          <ns3:TrackPointExtension>
            <ns3:hr>113</ns3:hr>
            <ns3:cad>0</ns3:cad>
          </ns3:TrackPointExtension>
        </extensions>
      </trkpt>
      <trkpt lat="46.5585597418248653411865234375" lon="23.68115541525185108184814453125">
        <ele>651.20001220703125</ele>
        <time>2024-06-09T08:51:51.000Z</time>
        <extensions>
          <ns3:TrackPointExtension>
            <ns3:hr>114</ns3:hr>
            <ns3:cad>0</ns3:cad>
          </ns3:TrackPointExtension>
        </extensions>
      </trkpt>
      <trkpt lat="46.55856133438646793365478515625" lon="23.68115457706153392791748046875">
        <ele>651.20001220703125</ele>
        <time>2024-06-09T08:51:52.000Z</time>
        <extensions>
          <ns3:TrackPointExtension>
            <ns3:hr>114</ns3:hr>
            <ns3:cad>0</ns3:cad>
          </ns3:TrackPointExtension>
        </extensions>
      </trkpt>
      <trkpt lat="46.55856200493872165679931640625" lon="23.6811675690114498138427734375">
        <ele>650.79998779296875</ele>
        <time>2024-06-09T08:51:56.000Z</time>
        <extensions>
          <ns3:TrackPointExtension>
            <ns3:hr>111</ns3:hr>
            <ns3:cad>0</ns3:cad>
          </ns3:TrackPointExtension>
        </extensions>
      </trkpt>
      <trkpt lat="46.558561585843563079833984375" lon="23.68117603473365306854248046875">
        <ele>650.4000244140625</ele>
        <time>2024-06-09T08:51:59.000Z</time>
        <extensions>
          <ns3:TrackPointExtension>
            <ns3:hr>110</ns3:hr>
            <ns3:cad>0</ns3:cad>
          </ns3:TrackPointExtension>
        </extensions>
      </trkpt>
      <trkpt lat="46.5585580654442310333251953125" lon="23.68118760176002979278564453125">
        <ele>650.20001220703125</ele>
        <time>2024-06-09T08:52:02.000Z</time>
        <extensions>
          <ns3:TrackPointExtension>
            <ns3:hr>110</ns3:hr>
            <ns3:cad>0</ns3:cad>
          </ns3:TrackPointExtension>
        </extensions>
      </trkpt>
      <trkpt lat="46.55856384895741939544677734375" lon="23.68119589984416961669921875">
        <ele>649.79998779296875</ele>
        <time>2024-06-09T08:52:08.000Z</time>
        <extensions>
          <ns3:TrackPointExtension>
            <ns3:hr>110</ns3:hr>
            <ns3:cad>0</ns3:cad>
          </ns3:TrackPointExtension>
        </extensions>
      </trkpt>
      <trkpt lat="46.5585667826235294342041015625" lon="23.68118475191295146942138671875">
        <ele>649.5999755859375</ele>
        <time>2024-06-09T08:52:12.000Z</time>
        <extensions>
          <ns3:TrackPointExtension>
            <ns3:hr>113</ns3:hr>
            <ns3:cad>0</ns3:cad>
          </ns3:TrackPointExtension>
        </extensions>
      </trkpt>
      <trkpt lat="46.5585634298622608184814453125" lon="23.68118408136069774627685546875">
        <ele>649.20001220703125</ele>
        <time>2024-06-09T08:52:18.000Z</time>
        <extensions>
          <ns3:TrackPointExtension>
            <ns3:hr>113</ns3:hr>
            <ns3:cad>0</ns3:cad>
          </ns3:TrackPointExtension>
        </extensions>
      </trkpt>
      <trkpt lat="46.55856703408062458038330078125" lon="23.6811876855790615081787109375">
        <ele>649</ele>
        <time>2024-06-09T08:52:20.000Z</time>
        <extensions>
          <ns3:TrackPointExtension>
            <ns3:hr>111</ns3:hr>
            <ns3:cad>0</ns3:cad>
          </ns3:TrackPointExtension>
        </extensions>
      </trkpt>
      <trkpt lat="46.55855110846459865570068359375" lon="23.68122649379074573516845703125">
        <ele>648.79998779296875</ele>
        <time>2024-06-09T08:52:28.000Z</time>
        <extensions>
          <ns3:TrackPointExtension>
            <ns3:hr>113</ns3:hr>
            <ns3:cad>0</ns3:cad>
          </ns3:TrackPointExtension>
        </extensions>
      </trkpt>
      <trkpt lat="46.55854993499815464019775390625" lon="23.6812275834381580352783203125">
        <ele>648.4000244140625</ele>
        <time>2024-06-09T08:52:34.000Z</time>
        <extensions>
          <ns3:TrackPointExtension>
            <ns3:hr>116</ns3:hr>
            <ns3:cad>0</ns3:cad>
          </ns3:TrackPointExtension>
        </extensions>
      </trkpt>
      <trkpt lat="46.5585480071604251861572265625" lon="23.68122850544750690460205078125">
        <ele>648.4000244140625</ele>
        <time>2024-06-09T08:52:35.000Z</time>
        <extensions>
          <ns3:TrackPointExtension>
            <ns3:hr>117</ns3:hr>
            <ns3:cad>0</ns3:cad>
          </ns3:TrackPointExtension>
        </extensions>
      </trkpt>
      <trkpt lat="46.558534763753414154052734375" lon="23.681231774389743804931640625">
        <ele>647.79998779296875</ele>
        <time>2024-06-09T08:52:41.000Z</time>
        <extensions>
          <ns3:TrackPointExtension>
            <ns3:hr>118</ns3:hr>
            <ns3:cad>0</ns3:cad>
          </ns3:TrackPointExtension>
        </extensions>
      </trkpt>
      <trkpt lat="46.5585305728018283843994140625" lon="23.68124074302613735198974609375">
        <ele>647.5999755859375</ele>
        <time>2024-06-09T08:52:42.000Z</time>
        <extensions>
          <ns3:TrackPointExtension>
            <ns3:hr>118</ns3:hr>
            <ns3:cad>0</ns3:cad>
          </ns3:TrackPointExtension>
        </extensions>
      </trkpt>
      <trkpt lat="46.55850484035909175872802734375" lon="23.68127309717237949371337890625">
        <ele>647</ele>
        <time>2024-06-09T08:52:50.000Z</time>
        <extensions>
          <ns3:TrackPointExtension>
            <ns3:hr>119</ns3:hr>
            <ns3:cad>67</ns3:cad>
          </ns3:TrackPointExtension>
        </extensions>
      </trkpt>
      <trkpt lat="46.5585034154355525970458984375" lon="23.681272007524967193603515625">
        <ele>646.79998779296875</ele>
        <time>2024-06-09T08:52:51.000Z</time>
        <extensions>
          <ns3:TrackPointExtension>
            <ns3:hr>119</ns3:hr>
            <ns3:cad>0</ns3:cad>
          </ns3:TrackPointExtension>
        </extensions>
      </trkpt>
      <trkpt lat="46.5584846399724483489990234375" lon="23.68126940913498401641845703125">
        <ele>646</ele>
        <time>2024-06-09T08:52:57.000Z</time>
        <extensions>
          <ns3:TrackPointExtension>
            <ns3:hr>119</ns3:hr>
            <ns3:cad>0</ns3:cad>
          </ns3:TrackPointExtension>
        </extensions>
      </trkpt>
      <trkpt lat="46.55845773406326770782470703125" lon="23.68125381879508495330810546875">
        <ele>645.4000244140625</ele>
        <time>2024-06-09T08:53:00.000Z</time>
        <extensions>
          <ns3:TrackPointExtension>
            <ns3:hr>119</ns3:hr>
            <ns3:cad>0</ns3:cad>
          </ns3:TrackPointExtension>
        </extensions>
      </trkpt>
      <trkpt lat="46.5584447421133518218994140625" lon="23.6812383122742176055908203125">
        <ele>644.79998779296875</ele>
        <time>2024-06-09T08:53:03.000Z</time>
        <extensions>
          <ns3:TrackPointExtension>
            <ns3:hr>119</ns3:hr>
            <ns3:cad>0</ns3:cad>
          </ns3:TrackPointExtension>
        </extensions>
      </trkpt>
      <trkpt lat="46.5584494359791278839111328125" lon="23.68125650100409984588623046875">
        <ele>644.20001220703125</ele>
        <time>2024-06-09T08:53:07.000Z</time>
        <extensions>
          <ns3:TrackPointExtension>
            <ns3:hr>119</ns3:hr>
            <ns3:cad>0</ns3:cad>
          </ns3:TrackPointExtension>
        </extensions>
      </trkpt>
      <trkpt lat="46.55845203436911106109619140625" lon="23.681271336972713470458984375">
        <ele>644</ele>
        <time>2024-06-09T08:53:09.000Z</time>
        <extensions>
          <ns3:TrackPointExtension>
            <ns3:hr>119</ns3:hr>
            <ns3:cad>68</ns3:cad>
          </ns3:TrackPointExtension>
        </extensions>
      </trkpt>
      <trkpt lat="46.5584283135831356048583984375" lon="23.68130662478506565093994140625">
        <ele>643</ele>
        <time>2024-06-09T08:53:14.000Z</time>
        <extensions>
          <ns3:TrackPointExtension>
            <ns3:hr>118</ns3:hr>
            <ns3:cad>0</ns3:cad>
          </ns3:TrackPointExtension>
        </extensions>
      </trkpt>
      <trkpt lat="46.55841448344290256500244140625" lon="23.6813244782388210296630859375">
        <ele>642.5999755859375</ele>
        <time>2024-06-09T08:53:16.000Z</time>
        <extensions>
          <ns3:TrackPointExtension>
            <ns3:hr>118</ns3:hr>
            <ns3:cad>0</ns3:cad>
          </ns3:TrackPointExtension>
        </extensions>
      </trkpt>
      <trkpt lat="46.55840543098747730255126953125" lon="23.68134669028222560882568359375">
        <ele>641.5999755859375</ele>
        <time>2024-06-09T08:53:20.000Z</time>
        <extensions>
          <ns3:TrackPointExtension>
            <ns3:hr>118</ns3:hr>
            <ns3:cad>0</ns3:cad>
          </ns3:TrackPointExtension>
        </extensions>
      </trkpt>
      <trkpt lat="46.55841180123388767242431640625" lon="23.68137083016335964202880859375">
        <ele>641</ele>
        <time>2024-06-09T08:53:24.000Z</time>
        <extensions>
          <ns3:TrackPointExtension>
            <ns3:hr>118</ns3:hr>
            <ns3:cad>0</ns3:cad>
          </ns3:TrackPointExtension>
        </extensions>
      </trkpt>
      <trkpt lat="46.55841196887195110321044921875" lon="23.681387007236480712890625">
        <ele>640.5999755859375</ele>
        <time>2024-06-09T08:53:26.000Z</time>
        <extensions>
          <ns3:TrackPointExtension>
            <ns3:hr>118</ns3:hr>
            <ns3:cad>0</ns3:cad>
          </ns3:TrackPointExtension>
        </extensions>
      </trkpt>
      <trkpt lat="46.558409035205841064453125" lon="23.6813958920538425445556640625">
        <ele>640.4000244140625</ele>
        <time>2024-06-09T08:53:30.000Z</time>
        <extensions>
          <ns3:TrackPointExtension>
            <ns3:hr>118</ns3:hr>
            <ns3:cad>0</ns3:cad>
          </ns3:TrackPointExtension>
        </extensions>
      </trkpt>
      <trkpt lat="46.5584051795303821563720703125" lon="23.68140913546085357666015625">
        <ele>640.5999755859375</ele>
        <time>2024-06-09T08:53:39.000Z</time>
        <extensions>
          <ns3:TrackPointExtension>
            <ns3:hr>116</ns3:hr>
            <ns3:cad>0</ns3:cad>
          </ns3:TrackPointExtension>
        </extensions>
      </trkpt>
      <trkpt lat="46.5583988092839717864990234375" lon="23.68141542188823223114013671875">
        <ele>640.79998779296875</ele>
        <time>2024-06-09T08:53:41.000Z</time>
        <extensions>
          <ns3:TrackPointExtension>
            <ns3:hr>109</ns3:hr>
            <ns3:cad>0</ns3:cad>
          </ns3:TrackPointExtension>
        </extensions>
      </trkpt>
      <trkpt lat="46.5583967976272106170654296875" lon="23.681415505707263946533203125">
        <ele>640.79998779296875</ele>
        <time>2024-06-09T08:53:42.000Z</time>
        <extensions>
          <ns3:TrackPointExtension>
            <ns3:hr>109</ns3:hr>
            <ns3:cad>0</ns3:cad>
          </ns3:TrackPointExtension>
        </extensions>
      </trkpt>
      <trkpt lat="46.5583978034555912017822265625" lon="23.68140117265284061431884765625">
        <ele>640.79998779296875</ele>
        <time>2024-06-09T08:53:50.000Z</time>
        <extensions>
          <ns3:TrackPointExtension>
            <ns3:hr>110</ns3:hr>
            <ns3:cad>0</ns3:cad>
          </ns3:TrackPointExtension>
        </extensions>
      </trkpt>
      <trkpt lat="46.55841280706226825714111328125" lon="23.6813776195049285888671875">
        <ele>640.5999755859375</ele>
        <time>2024-06-09T08:53:56.000Z</time>
        <extensions>
          <ns3:TrackPointExtension>
            <ns3:hr>114</ns3:hr>
            <ns3:cad>0</ns3:cad>
          </ns3:TrackPointExtension>
        </extensions>
      </trkpt>
      <trkpt lat="46.558407358825206756591796875" lon="23.68138172663748264312744140625">
        <ele>640.5999755859375</ele>
        <time>2024-06-09T08:53:58.000Z</time>
        <extensions>
          <ns3:TrackPointExtension>
            <ns3:hr>114</ns3:hr>
            <ns3:cad>0</ns3:cad>
          </ns3:TrackPointExtension>
        </extensions>
      </trkpt>
      <trkpt lat="46.55839495360851287841796875" lon="23.68139631114900112152099609375">
        <ele>640.79998779296875</ele>
        <time>2024-06-09T08:54:03.000Z</time>
        <extensions>
          <ns3:TrackPointExtension>
            <ns3:hr>117</ns3:hr>
            <ns3:cad>0</ns3:cad>
          </ns3:TrackPointExtension>
        </extensions>
      </trkpt>
      <trkpt lat="46.55838715843856334686279296875" lon="23.68140553124248981475830078125">
        <ele>640.79998779296875</ele>
        <time>2024-06-09T08:54:06.000Z</time>
        <extensions>
          <ns3:TrackPointExtension>
            <ns3:hr>116</ns3:hr>
            <ns3:cad>0</ns3:cad>
          </ns3:TrackPointExtension>
        </extensions>
      </trkpt>
      <trkpt lat="46.55841113068163394927978515625" lon="23.6814052797853946685791015625">
        <ele>640.79998779296875</ele>
        <time>2024-06-09T08:54:16.000Z</time>
        <extensions>
          <ns3:TrackPointExtension>
            <ns3:hr>115</ns3:hr>
            <ns3:cad>0</ns3:cad>
          </ns3:TrackPointExtension>
        </extensions>
      </trkpt>
      <trkpt lat="46.558399312198162078857421875" lon="23.6814190261065959930419921875">
        <ele>640.20001220703125</ele>
        <time>2024-06-09T08:54:24.000Z</time>
        <extensions>
          <ns3:TrackPointExtension>
            <ns3:hr>114</ns3:hr>
            <ns3:cad>0</ns3:cad>
          </ns3:TrackPointExtension>
        </extensions>
      </trkpt>
      <trkpt lat="46.55840107239782810211181640625" lon="23.68141273967921733856201171875">
        <ele>639.5999755859375</ele>
        <time>2024-06-09T08:54:30.000Z</time>
        <extensions>
          <ns3:TrackPointExtension>
            <ns3:hr>116</ns3:hr>
            <ns3:cad>0</ns3:cad>
          </ns3:TrackPointExtension>
        </extensions>
      </trkpt>
      <trkpt lat="46.55839738436043262481689453125" lon="23.6814260669052600860595703125">
        <ele>639.20001220703125</ele>
        <time>2024-06-09T08:54:33.000Z</time>
        <extensions>
          <ns3:TrackPointExtension>
            <ns3:hr>112</ns3:hr>
            <ns3:cad>77</ns3:cad>
          </ns3:TrackPointExtension>
        </extensions>
      </trkpt>
      <trkpt lat="46.55839403159916400909423828125" lon="23.68143034167587757110595703125">
        <ele>639.20001220703125</ele>
        <time>2024-06-09T08:54:34.000Z</time>
        <extensions>
          <ns3:TrackPointExtension>
            <ns3:hr>102</ns3:hr>
            <ns3:cad>77</ns3:cad>
          </ns3:TrackPointExtension>
        </extensions>
      </trkpt>
      <trkpt lat="46.55838095583021640777587890625" lon="23.681430257856845855712890625">
        <ele>638.79998779296875</ele>
        <time>2024-06-09T08:54:37.000Z</time>
        <extensions>
          <ns3:TrackPointExtension>
            <ns3:hr>99</ns3:hr>
            <ns3:cad>77</ns3:cad>
          </ns3:TrackPointExtension>
        </extensions>
      </trkpt>
      <trkpt lat="46.5583726577460765838623046875" lon="23.68142933584749698638916015625">
        <ele>638.4000244140625</ele>
        <time>2024-06-09T08:54:39.000Z</time>
        <extensions>
          <ns3:TrackPointExtension>
            <ns3:hr>98</ns3:hr>
            <ns3:cad>0</ns3:cad>
          </ns3:TrackPointExtension>
        </extensions>
      </trkpt>
      <trkpt lat="46.55835346318781375885009765625" lon="23.6814317665994167327880859375">
        <ele>637.79998779296875</ele>
        <time>2024-06-09T08:54:43.000Z</time>
        <extensions>
          <ns3:TrackPointExtension>
            <ns3:hr>100</ns3:hr>
            <ns3:cad>0</ns3:cad>
          </ns3:TrackPointExtension>
        </extensions>
      </trkpt>
      <trkpt lat="46.55834390781819820404052734375" lon="23.6814341135323047637939453125">
        <ele>637.5999755859375</ele>
        <time>2024-06-09T08:54:45.000Z</time>
        <extensions>
          <ns3:TrackPointExtension>
            <ns3:hr>103</ns3:hr>
            <ns3:cad>0</ns3:cad>
          </ns3:TrackPointExtension>
        </extensions>
      </trkpt>
      <trkpt lat="46.55834005214273929595947265625" lon="23.6814327724277973175048828125">
        <ele>637.4000244140625</ele>
        <time>2024-06-09T08:54:46.000Z</time>
        <extensions>
          <ns3:TrackPointExtension>
            <ns3:hr>103</ns3:hr>
            <ns3:cad>0</ns3:cad>
          </ns3:TrackPointExtension>
        </extensions>
      </trkpt>
      <trkpt lat="46.55833183787763118743896484375" lon="23.68144861422479152679443359375">
        <ele>636.79998779296875</ele>
        <time>2024-06-09T08:54:51.000Z</time>
        <extensions>
          <ns3:TrackPointExtension>
            <ns3:hr>104</ns3:hr>
            <ns3:cad>0</ns3:cad>
          </ns3:TrackPointExtension>
        </extensions>
      </trkpt>
      <trkpt lat="46.5583334304392337799072265625" lon="23.681461103260517120361328125">
        <ele>636.20001220703125</ele>
        <time>2024-06-09T08:54:54.000Z</time>
        <extensions>
          <ns3:TrackPointExtension>
            <ns3:hr>105</ns3:hr>
            <ns3:cad>0</ns3:cad>
          </ns3:TrackPointExtension>
        </extensions>
      </trkpt>
      <trkpt lat="46.55831641517579555511474609375" lon="23.68147057481110095977783203125">
        <ele>636</ele>
        <time>2024-06-09T08:54:57.000Z</time>
        <extensions>
          <ns3:TrackPointExtension>
            <ns3:hr>108</ns3:hr>
            <ns3:cad>0</ns3:cad>
          </ns3:TrackPointExtension>
        </extensions>
      </trkpt>
      <trkpt lat="46.55830509960651397705078125" lon="23.68147878907620906829833984375">
        <ele>636</ele>
        <time>2024-06-09T08:54:59.000Z</time>
        <extensions>
          <ns3:TrackPointExtension>
            <ns3:hr>109</ns3:hr>
            <ns3:cad>79</ns3:cad>
          </ns3:TrackPointExtension>
        </extensions>
      </trkpt>
      <trkpt lat="46.5583035908639430999755859375" lon="23.681491278111934661865234375">
        <ele>635</ele>
        <time>2024-06-09T08:55:01.000Z</time>
        <extensions>
          <ns3:TrackPointExtension>
            <ns3:hr>109</ns3:hr>
            <ns3:cad>79</ns3:cad>
          </ns3:TrackPointExtension>
        </extensions>
      </trkpt>
      <trkpt lat="46.558279283344745635986328125" lon="23.6814998276531696319580078125">
        <ele>633.79998779296875</ele>
        <time>2024-06-09T08:55:07.000Z</time>
        <extensions>
          <ns3:TrackPointExtension>
            <ns3:hr>109</ns3:hr>
            <ns3:cad>66</ns3:cad>
          </ns3:TrackPointExtension>
        </extensions>
      </trkpt>
      <trkpt lat="46.55826218426227569580078125" lon="23.68151902221143245697021484375">
        <ele>632.5999755859375</ele>
        <time>2024-06-09T08:55:11.000Z</time>
        <extensions>
          <ns3:TrackPointExtension>
            <ns3:hr>111</ns3:hr>
            <ns3:cad>67</ns3:cad>
          </ns3:TrackPointExtension>
        </extensions>
      </trkpt>
      <trkpt lat="46.5582563169300556182861328125" lon="23.6815305054187774658203125">
        <ele>632</ele>
        <time>2024-06-09T08:55:13.000Z</time>
        <extensions>
          <ns3:TrackPointExtension>
            <ns3:hr>114</ns3:hr>
            <ns3:cad>67</ns3:cad>
          </ns3:TrackPointExtension>
        </extensions>
      </trkpt>
      <trkpt lat="46.55825204215943813323974609375" lon="23.681544922292232513427734375">
        <ele>631.79998779296875</ele>
        <time>2024-06-09T08:55:15.000Z</time>
        <extensions>
          <ns3:TrackPointExtension>
            <ns3:hr>114</ns3:hr>
            <ns3:cad>0</ns3:cad>
          </ns3:TrackPointExtension>
        </extensions>
      </trkpt>
      <trkpt lat="46.558251790702342987060546875" lon="23.6815454252064228057861328125">
        <ele>631.5999755859375</ele>
        <time>2024-06-09T08:55:17.000Z</time>
        <extensions>
          <ns3:TrackPointExtension>
            <ns3:hr>114</ns3:hr>
            <ns3:cad>0</ns3:cad>
          </ns3:TrackPointExtension>
        </extensions>
      </trkpt>
      <trkpt lat="46.5582301653921604156494140625" lon="23.68157283402979373931884765625">
        <ele>630.5999755859375</ele>
        <time>2024-06-09T08:55:22.000Z</time>
        <extensions>
          <ns3:TrackPointExtension>
            <ns3:hr>114</ns3:hr>
            <ns3:cad>68</ns3:cad>
          </ns3:TrackPointExtension>
        </extensions>
      </trkpt>
      <trkpt lat="46.5582214482128620147705078125" lon="23.6815849877893924713134765625">
        <ele>630.20001220703125</ele>
        <time>2024-06-09T08:55:24.000Z</time>
        <extensions>
          <ns3:TrackPointExtension>
            <ns3:hr>114</ns3:hr>
            <ns3:cad>68</ns3:cad>
          </ns3:TrackPointExtension>
        </extensions>
      </trkpt>
      <trkpt lat="46.55821935273706912994384765625" lon="23.68159211240708827972412109375">
        <ele>629.5999755859375</ele>
        <time>2024-06-09T08:55:26.000Z</time>
        <extensions>
          <ns3:TrackPointExtension>
            <ns3:hr>114</ns3:hr>
            <ns3:cad>65</ns3:cad>
          </ns3:TrackPointExtension>
        </extensions>
      </trkpt>
      <trkpt lat="46.55820728279650211334228515625" lon="23.68161700665950775146484375">
        <ele>628.5999755859375</ele>
        <time>2024-06-09T08:55:29.000Z</time>
        <extensions>
          <ns3:TrackPointExtension>
            <ns3:hr>113</ns3:hr>
            <ns3:cad>68</ns3:cad>
          </ns3:TrackPointExtension>
        </extensions>
      </trkpt>
      <trkpt lat="46.55820317566394805908203125" lon="23.68162580765783786773681640625">
        <ele>628.4000244140625</ele>
        <time>2024-06-09T08:55:30.000Z</time>
        <extensions>
          <ns3:TrackPointExtension>
            <ns3:hr>113</ns3:hr>
            <ns3:cad>68</ns3:cad>
          </ns3:TrackPointExtension>
        </extensions>
      </trkpt>
      <trkpt lat="46.55818632803857326507568359375" lon="23.6816678009927272796630859375">
        <ele>627.4000244140625</ele>
        <time>2024-06-09T08:55:36.000Z</time>
        <extensions>
          <ns3:TrackPointExtension>
            <ns3:hr>114</ns3:hr>
            <ns3:cad>55</ns3:cad>
          </ns3:TrackPointExtension>
        </extensions>
      </trkpt>
      <trkpt lat="46.55817911960184574127197265625" lon="23.68166863918304443359375">
        <ele>627.20001220703125</ele>
        <time>2024-06-09T08:55:38.000Z</time>
        <extensions>
          <ns3:TrackPointExtension>
            <ns3:hr>113</ns3:hr>
            <ns3:cad>0</ns3:cad>
          </ns3:TrackPointExtension>
        </extensions>
      </trkpt>
      <trkpt lat="46.55817459337413311004638671875" lon="23.6816674657166004180908203125">
        <ele>627.20001220703125</ele>
        <time>2024-06-09T08:55:39.000Z</time>
        <extensions>
          <ns3:TrackPointExtension>
            <ns3:hr>113</ns3:hr>
            <ns3:cad>0</ns3:cad>
          </ns3:TrackPointExtension>
        </extensions>
      </trkpt>
      <trkpt lat="46.55815581791102886199951171875" lon="23.681664951145648956298828125">
        <ele>626.20001220703125</ele>
        <time>2024-06-09T08:55:42.000Z</time>
        <extensions>
          <ns3:TrackPointExtension>
            <ns3:hr>113</ns3:hr>
            <ns3:cad>54</ns3:cad>
          </ns3:TrackPointExtension>
        </extensions>
      </trkpt>
      <trkpt lat="46.55813880264759063720703125" lon="23.681671321392059326171875">
        <ele>625.79998779296875</ele>
        <time>2024-06-09T08:55:45.000Z</time>
        <extensions>
          <ns3:TrackPointExtension>
            <ns3:hr>113</ns3:hr>
            <ns3:cad>54</ns3:cad>
          </ns3:TrackPointExtension>
        </extensions>
      </trkpt>
      <trkpt lat="46.55812899582087993621826171875" lon="23.6816832236945629119873046875">
        <ele>625</ele>
        <time>2024-06-09T08:55:48.000Z</time>
        <extensions>
          <ns3:TrackPointExtension>
            <ns3:hr>113</ns3:hr>
            <ns3:cad>0</ns3:cad>
          </ns3:TrackPointExtension>
        </extensions>
      </trkpt>
      <trkpt lat="46.558129079639911651611328125" lon="23.68168381042778491973876953125">
        <ele>624.5999755859375</ele>
        <time>2024-06-09T08:55:51.000Z</time>
        <extensions>
          <ns3:TrackPointExtension>
            <ns3:hr>112</ns3:hr>
            <ns3:cad>0</ns3:cad>
          </ns3:TrackPointExtension>
        </extensions>
      </trkpt>
      <trkpt lat="46.5581191889941692352294921875" lon="23.6817080341279506683349609375">
        <ele>623.79998779296875</ele>
        <time>2024-06-09T08:55:56.000Z</time>
        <extensions>
          <ns3:TrackPointExtension>
            <ns3:hr>111</ns3:hr>
            <ns3:cad>64</ns3:cad>
          </ns3:TrackPointExtension>
        </extensions>
      </trkpt>
      <trkpt lat="46.5580947138369083404541015625" lon="23.6817348562180995941162109375">
        <ele>623.4000244140625</ele>
        <time>2024-06-09T08:56:00.000Z</time>
        <extensions>
          <ns3:TrackPointExtension>
            <ns3:hr>109</ns3:hr>
            <ns3:cad>63</ns3:cad>
          </ns3:TrackPointExtension>
        </extensions>
      </trkpt>
      <trkpt lat="46.55808247625827789306640625" lon="23.6817489378154277801513671875">
        <ele>622.79998779296875</ele>
        <time>2024-06-09T08:56:02.000Z</time>
        <extensions>
          <ns3:TrackPointExtension>
            <ns3:hr>108</ns3:hr>
            <ns3:cad>70</ns3:cad>
          </ns3:TrackPointExtension>
        </extensions>
      </trkpt>
      <trkpt lat="46.5580742619931697845458984375" lon="23.68177257478237152099609375">
        <ele>622</ele>
        <time>2024-06-09T08:56:06.000Z</time>
        <extensions>
          <ns3:TrackPointExtension>
            <ns3:hr>109</ns3:hr>
            <ns3:cad>71</ns3:cad>
          </ns3:TrackPointExtension>
        </extensions>
      </trkpt>
      <trkpt lat="46.55807308852672576904296875" lon="23.68177651427686214447021484375">
        <ele>621.79998779296875</ele>
        <time>2024-06-09T08:56:07.000Z</time>
        <extensions>
          <ns3:TrackPointExtension>
            <ns3:hr>113</ns3:hr>
            <ns3:cad>71</ns3:cad>
          </ns3:TrackPointExtension>
        </extensions>
      </trkpt>
      <trkpt lat="46.558070741593837738037109375" lon="23.68177819065749645233154296875">
        <ele>621.5999755859375</ele>
        <time>2024-06-09T08:56:08.000Z</time>
        <extensions>
          <ns3:TrackPointExtension>
            <ns3:hr>113</ns3:hr>
            <ns3:cad>71</ns3:cad>
          </ns3:TrackPointExtension>
        </extensions>
      </trkpt>
      <trkpt lat="46.5580585040152072906494140625" lon="23.68180551566183567047119140625">
        <ele>621</ele>
        <time>2024-06-09T08:56:14.000Z</time>
        <extensions>
          <ns3:TrackPointExtension>
            <ns3:hr>114</ns3:hr>
            <ns3:cad>0</ns3:cad>
          </ns3:TrackPointExtension>
        </extensions>
      </trkpt>
      <trkpt lat="46.55804635025560855865478515625" lon="23.681824207305908203125">
        <ele>620.4000244140625</ele>
        <time>2024-06-09T08:56:16.000Z</time>
        <extensions>
          <ns3:TrackPointExtension>
            <ns3:hr>114</ns3:hr>
            <ns3:cad>0</ns3:cad>
          </ns3:TrackPointExtension>
        </extensions>
      </trkpt>
      <trkpt lat="46.558033861219882965087890625" lon="23.6818309128284454345703125">
        <ele>619.4000244140625</ele>
        <time>2024-06-09T08:56:20.000Z</time>
        <extensions>
          <ns3:TrackPointExtension>
            <ns3:hr>114</ns3:hr>
            <ns3:cad>0</ns3:cad>
          </ns3:TrackPointExtension>
        </extensions>
      </trkpt>
      <trkpt lat="46.55802891589701175689697265625" lon="23.681835941970348358154296875">
        <ele>619.4000244140625</ele>
        <time>2024-06-09T08:56:21.000Z</time>
        <extensions>
          <ns3:TrackPointExtension>
            <ns3:hr>114</ns3:hr>
            <ns3:cad>0</ns3:cad>
          </ns3:TrackPointExtension>
        </extensions>
      </trkpt>
      <trkpt lat="46.5580214560031890869140625" lon="23.6818639375269412994384765625">
        <ele>618.20001220703125</ele>
        <time>2024-06-09T08:56:27.000Z</time>
        <extensions>
          <ns3:TrackPointExtension>
            <ns3:hr>112</ns3:hr>
            <ns3:cad>59</ns3:cad>
          </ns3:TrackPointExtension>
        </extensions>
      </trkpt>
      <trkpt lat="46.55801516957581043243408203125" lon="23.681875504553318023681640625">
        <ele>618.20001220703125</ele>
        <time>2024-06-09T08:56:28.000Z</time>
        <extensions>
          <ns3:TrackPointExtension>
            <ns3:hr>112</ns3:hr>
            <ns3:cad>59</ns3:cad>
          </ns3:TrackPointExtension>
        </extensions>
      </trkpt>
      <trkpt lat="46.55800603330135345458984375" lon="23.68191196583211421966552734375">
        <ele>617.20001220703125</ele>
        <time>2024-06-09T08:56:33.000Z</time>
        <extensions>
          <ns3:TrackPointExtension>
            <ns3:hr>111</ns3:hr>
            <ns3:cad>73</ns3:cad>
          </ns3:TrackPointExtension>
        </extensions>
      </trkpt>
      <trkpt lat="46.55800309963524341583251953125" lon="23.68192386813461780548095703125">
        <ele>617</ele>
        <time>2024-06-09T08:56:34.000Z</time>
        <extensions>
          <ns3:TrackPointExtension>
            <ns3:hr>112</ns3:hr>
            <ns3:cad>73</ns3:cad>
          </ns3:TrackPointExtension>
        </extensions>
      </trkpt>
      <trkpt lat="46.55801164917647838592529296875" lon="23.681909702718257904052734375">
        <ele>616.4000244140625</ele>
        <time>2024-06-09T08:56:40.000Z</time>
        <extensions>
          <ns3:TrackPointExtension>
            <ns3:hr>111</ns3:hr>
            <ns3:cad>0</ns3:cad>
          </ns3:TrackPointExtension>
        </extensions>
      </trkpt>
      <trkpt lat="46.55802003107964992523193359375" lon="23.68190878070890903472900390625">
        <ele>616.5999755859375</ele>
        <time>2024-06-09T08:56:49.000Z</time>
        <extensions>
          <ns3:TrackPointExtension>
            <ns3:hr>107</ns3:hr>
            <ns3:cad>0</ns3:cad>
          </ns3:TrackPointExtension>
        </extensions>
      </trkpt>
      <trkpt lat="46.5580139122903347015380859375" lon="23.68188497610390186309814453125">
        <ele>616.4000244140625</ele>
        <time>2024-06-09T08:56:52.000Z</time>
        <extensions>
          <ns3:TrackPointExtension>
            <ns3:hr>106</ns3:hr>
            <ns3:cad>0</ns3:cad>
          </ns3:TrackPointExtension>
        </extensions>
      </trkpt>
      <trkpt lat="46.557993628084659576416015625" lon="23.68186133913695812225341796875">
        <ele>616.4000244140625</ele>
        <time>2024-06-09T08:56:59.000Z</time>
        <extensions>
          <ns3:TrackPointExtension>
            <ns3:hr>108</ns3:hr>
            <ns3:cad>0</ns3:cad>
          </ns3:TrackPointExtension>
        </extensions>
      </trkpt>
      <trkpt lat="46.557995975017547607421875" lon="23.68186108767986297607421875">
        <ele>616.5999755859375</ele>
        <time>2024-06-09T08:57:00.000Z</time>
        <extensions>
          <ns3:TrackPointExtension>
            <ns3:hr>108</ns3:hr>
            <ns3:cad>0</ns3:cad>
          </ns3:TrackPointExtension>
        </extensions>
      </trkpt>
      <trkpt lat="46.55799622647464275360107421875" lon="23.68186385370790958404541015625">
        <ele>616.20001220703125</ele>
        <time>2024-06-09T08:57:06.000Z</time>
        <extensions>
          <ns3:TrackPointExtension>
            <ns3:hr>109</ns3:hr>
            <ns3:cad>0</ns3:cad>
          </ns3:TrackPointExtension>
        </extensions>
      </trkpt>
      <trkpt lat="46.5579891018569469451904296875" lon="23.68187475018203258514404296875">
        <ele>616.20001220703125</ele>
        <time>2024-06-09T08:57:09.000Z</time>
        <extensions>
          <ns3:TrackPointExtension>
            <ns3:hr>110</ns3:hr>
            <ns3:cad>0</ns3:cad>
          </ns3:TrackPointExtension>
        </extensions>
      </trkpt>
      <trkpt lat="46.55799253843724727630615234375" lon="23.6818864010274410247802734375">
        <ele>616</ele>
        <time>2024-06-09T08:57:18.000Z</time>
        <extensions>
          <ns3:TrackPointExtension>
            <ns3:hr>111</ns3:hr>
            <ns3:cad>0</ns3:cad>
          </ns3:TrackPointExtension>
        </extensions>
      </trkpt>
      <trkpt lat="46.5579887665808200836181640625" lon="23.6818979680538177490234375">
        <ele>616</ele>
        <time>2024-06-09T08:57:20.000Z</time>
        <extensions>
          <ns3:TrackPointExtension>
            <ns3:hr>108</ns3:hr>
            <ns3:cad>0</ns3:cad>
          </ns3:TrackPointExtension>
        </extensions>
      </trkpt>
      <trkpt lat="46.557988934218883514404296875" lon="23.6819088645279407501220703125">
        <ele>616</ele>
        <time>2024-06-09T08:57:22.000Z</time>
        <extensions>
          <ns3:TrackPointExtension>
            <ns3:hr>104</ns3:hr>
            <ns3:cad>0</ns3:cad>
          </ns3:TrackPointExtension>
        </extensions>
      </trkpt>
      <trkpt lat="46.5579770319163799285888671875" lon="23.68194733746349811553955078125">
        <ele>615.79998779296875</ele>
        <time>2024-06-09T08:57:27.000Z</time>
        <extensions>
          <ns3:TrackPointExtension>
            <ns3:hr>101</ns3:hr>
            <ns3:cad>0</ns3:cad>
          </ns3:TrackPointExtension>
        </extensions>
      </trkpt>
      <trkpt lat="46.55795565806329250335693359375" lon="23.6819744110107421875">
        <ele>615.4000244140625</ele>
        <time>2024-06-09T08:57:35.000Z</time>
        <extensions>
          <ns3:TrackPointExtension>
            <ns3:hr>104</ns3:hr>
            <ns3:cad>0</ns3:cad>
          </ns3:TrackPointExtension>
        </extensions>
      </trkpt>
      <trkpt lat="46.55795037746429443359375" lon="23.682001568377017974853515625">
        <ele>615.20001220703125</ele>
        <time>2024-06-09T08:57:40.000Z</time>
        <extensions>
          <ns3:TrackPointExtension>
            <ns3:hr>105</ns3:hr>
            <ns3:cad>56</ns3:cad>
          </ns3:TrackPointExtension>
        </extensions>
      </trkpt>
      <trkpt lat="46.55793964862823486328125" lon="23.68201070465147495269775390625">
        <ele>614.5999755859375</ele>
        <time>2024-06-09T08:57:44.000Z</time>
        <extensions>
          <ns3:TrackPointExtension>
            <ns3:hr>105</ns3:hr>
            <ns3:cad>56</ns3:cad>
          </ns3:TrackPointExtension>
        </extensions>
      </trkpt>
      <trkpt lat="46.5579290874302387237548828125" lon="23.6820248700678348541259765625">
        <ele>614</ele>
        <time>2024-06-09T08:57:48.000Z</time>
        <extensions>
          <ns3:TrackPointExtension>
            <ns3:hr>105</ns3:hr>
            <ns3:cad>63</ns3:cad>
          </ns3:TrackPointExtension>
        </extensions>
      </trkpt>
      <trkpt lat="46.55790855176746845245361328125" lon="23.68204188533127307891845703125">
        <ele>613</ele>
        <time>2024-06-09T08:57:52.000Z</time>
        <extensions>
          <ns3:TrackPointExtension>
            <ns3:hr>104</ns3:hr>
            <ns3:cad>65</ns3:cad>
          </ns3:TrackPointExtension>
        </extensions>
      </trkpt>
      <trkpt lat="46.5579015947878360748291015625" lon="23.68205831386148929595947265625">
        <ele>612.5999755859375</ele>
        <time>2024-06-09T08:57:54.000Z</time>
        <extensions>
          <ns3:TrackPointExtension>
            <ns3:hr>103</ns3:hr>
            <ns3:cad>0</ns3:cad>
          </ns3:TrackPointExtension>
        </extensions>
      </trkpt>
      <trkpt lat="46.55788994394242763519287109375" lon="23.6820902489125728607177734375">
        <ele>612</ele>
        <time>2024-06-09T08:57:59.000Z</time>
        <extensions>
          <ns3:TrackPointExtension>
            <ns3:hr>102</ns3:hr>
            <ns3:cad>0</ns3:cad>
          </ns3:TrackPointExtension>
        </extensions>
      </trkpt>
      <trkpt lat="46.5578881837427616119384765625" lon="23.6820942722260951995849609375">
        <ele>611.5999755859375</ele>
        <time>2024-06-09T08:58:00.000Z</time>
        <extensions>
          <ns3:TrackPointExtension>
            <ns3:hr>102</ns3:hr>
            <ns3:cad>55</ns3:cad>
          </ns3:TrackPointExtension>
        </extensions>
      </trkpt>
      <trkpt lat="46.5578819811344146728515625" lon="23.68210156448185443878173828125">
        <ele>610.79998779296875</ele>
        <time>2024-06-09T08:58:03.000Z</time>
        <extensions>
          <ns3:TrackPointExtension>
            <ns3:hr>101</ns3:hr>
            <ns3:cad>55</ns3:cad>
          </ns3:TrackPointExtension>
        </extensions>
      </trkpt>
      <trkpt lat="46.55786027200520038604736328125" lon="23.68212335743010044097900390625">
        <ele>609.5999755859375</ele>
        <time>2024-06-09T08:58:09.000Z</time>
        <extensions>
          <ns3:TrackPointExtension>
            <ns3:hr>100</ns3:hr>
            <ns3:cad>0</ns3:cad>
          </ns3:TrackPointExtension>
        </extensions>
      </trkpt>
      <trkpt lat="46.557854823768138885498046875" lon="23.6821308173239231109619140625">
        <ele>609.5999755859375</ele>
        <time>2024-06-09T08:58:10.000Z</time>
        <extensions>
          <ns3:TrackPointExtension>
            <ns3:hr>100</ns3:hr>
            <ns3:cad>0</ns3:cad>
          </ns3:TrackPointExtension>
        </extensions>
      </trkpt>
      <trkpt lat="46.5578234754502773284912109375" lon="23.68216359056532382965087890625">
        <ele>608.5999755859375</ele>
        <time>2024-06-09T08:58:14.000Z</time>
        <extensions>
          <ns3:TrackPointExtension>
            <ns3:hr>101</ns3:hr>
            <ns3:cad>63</ns3:cad>
          </ns3:TrackPointExtension>
        </extensions>
      </trkpt>
      <trkpt lat="46.55779086984694004058837890625" lon="23.68219728581607341766357421875">
        <ele>607.5999755859375</ele>
        <time>2024-06-09T08:58:18.000Z</time>
        <extensions>
          <ns3:TrackPointExtension>
            <ns3:hr>103</ns3:hr>
            <ns3:cad>65</ns3:cad>
          </ns3:TrackPointExtension>
        </extensions>
      </trkpt>
      <trkpt lat="46.5577674843370914459228515625" lon="23.68222896941006183624267578125">
        <ele>606.5999755859375</ele>
        <time>2024-06-09T08:58:23.000Z</time>
        <extensions>
          <ns3:TrackPointExtension>
            <ns3:hr>104</ns3:hr>
            <ns3:cad>0</ns3:cad>
          </ns3:TrackPointExtension>
        </extensions>
      </trkpt>
      <trkpt lat="46.5577490441501140594482421875" lon="23.68223181925714015960693359375">
        <ele>606</ele>
        <time>2024-06-09T08:58:26.000Z</time>
        <extensions>
          <ns3:TrackPointExtension>
            <ns3:hr>104</ns3:hr>
            <ns3:cad>67</ns3:cad>
          </ns3:TrackPointExtension>
        </extensions>
      </trkpt>
      <trkpt lat="46.55773387290537357330322265625" lon="23.68224053643643856048583984375">
        <ele>605.4000244140625</ele>
        <time>2024-06-09T08:58:28.000Z</time>
        <extensions>
          <ns3:TrackPointExtension>
            <ns3:hr>104</ns3:hr>
            <ns3:cad>64</ns3:cad>
          </ns3:TrackPointExtension>
        </extensions>
      </trkpt>
      <trkpt lat="46.55768894590437412261962890625" lon="23.68226082064211368560791015625">
        <ele>604.20001220703125</ele>
        <time>2024-06-09T08:58:34.000Z</time>
        <extensions>
          <ns3:TrackPointExtension>
            <ns3:hr>104</ns3:hr>
            <ns3:cad>60</ns3:cad>
          </ns3:TrackPointExtension>
        </extensions>
      </trkpt>
      <trkpt lat="46.557630859315395355224609375" lon="23.6822860501706600189208984375">
        <ele>603.20001220703125</ele>
        <time>2024-06-09T08:58:39.000Z</time>
        <extensions>
          <ns3:TrackPointExtension>
            <ns3:hr>104</ns3:hr>
            <ns3:cad>64</ns3:cad>
          </ns3:TrackPointExtension>
        </extensions>
      </trkpt>
      <trkpt lat="46.55760730616748332977294921875" lon="23.68229568935930728912353515625">
        <ele>602.4000244140625</ele>
        <time>2024-06-09T08:58:42.000Z</time>
        <extensions>
          <ns3:TrackPointExtension>
            <ns3:hr>104</ns3:hr>
            <ns3:cad>62</ns3:cad>
          </ns3:TrackPointExtension>
        </extensions>
      </trkpt>
      <trkpt lat="46.55759699642658233642578125" lon="23.682302646338939666748046875">
        <ele>602.20001220703125</ele>
        <time>2024-06-09T08:58:43.000Z</time>
        <extensions>
          <ns3:TrackPointExtension>
            <ns3:hr>104</ns3:hr>
            <ns3:cad>62</ns3:cad>
          </ns3:TrackPointExtension>
        </extensions>
      </trkpt>
      <trkpt lat="46.55754913575947284698486328125" lon="23.682311363518238067626953125">
        <ele>601</ele>
        <time>2024-06-09T08:58:48.000Z</time>
        <extensions>
          <ns3:TrackPointExtension>
            <ns3:hr>103</ns3:hr>
            <ns3:cad>59</ns3:cad>
          </ns3:TrackPointExtension>
        </extensions>
      </trkpt>
      <trkpt lat="46.5575317852199077606201171875" lon="23.68230993859469890594482421875">
        <ele>600.79998779296875</ele>
        <time>2024-06-09T08:58:50.000Z</time>
        <extensions>
          <ns3:TrackPointExtension>
            <ns3:hr>102</ns3:hr>
            <ns3:cad>59</ns3:cad>
          </ns3:TrackPointExtension>
        </extensions>
      </trkpt>
      <trkpt lat="46.5574769675731658935546875" lon="23.6823284626007080078125">
        <ele>599.79998779296875</ele>
        <time>2024-06-09T08:58:55.000Z</time>
        <extensions>
          <ns3:TrackPointExtension>
            <ns3:hr>102</ns3:hr>
            <ns3:cad>62</ns3:cad>
          </ns3:TrackPointExtension>
        </extensions>
      </trkpt>
      <trkpt lat="46.5574472956359386444091796875" lon="23.682330138981342315673828125">
        <ele>599.4000244140625</ele>
        <time>2024-06-09T08:58:57.000Z</time>
        <extensions>
          <ns3:TrackPointExtension>
            <ns3:hr>102</ns3:hr>
            <ns3:cad>61</ns3:cad>
          </ns3:TrackPointExtension>
        </extensions>
      </trkpt>
      <trkpt lat="46.55742893926799297332763671875" lon="23.6823303066194057464599609375">
        <ele>598.79998779296875</ele>
        <time>2024-06-09T08:58:59.000Z</time>
        <extensions>
          <ns3:TrackPointExtension>
            <ns3:hr>102</ns3:hr>
            <ns3:cad>61</ns3:cad>
          </ns3:TrackPointExtension>
        </extensions>
      </trkpt>
      <trkpt lat="46.5573731996119022369384765625" lon="23.6823393590748310089111328125">
        <ele>598</ele>
        <time>2024-06-09T08:59:04.000Z</time>
        <extensions>
          <ns3:TrackPointExtension>
            <ns3:hr>104</ns3:hr>
            <ns3:cad>57</ns3:cad>
          </ns3:TrackPointExtension>
        </extensions>
      </trkpt>
      <trkpt lat="46.55736557208001613616943359375" lon="23.68234011344611644744873046875">
        <ele>597.79998779296875</ele>
        <time>2024-06-09T08:59:05.000Z</time>
        <extensions>
          <ns3:TrackPointExtension>
            <ns3:hr>104</ns3:hr>
            <ns3:cad>57</ns3:cad>
          </ns3:TrackPointExtension>
        </extensions>
      </trkpt>
      <trkpt lat="46.5573178790509700775146484375" lon="23.68237598799169063568115234375">
        <ele>596.79998779296875</ele>
        <time>2024-06-09T08:59:10.000Z</time>
        <extensions>
          <ns3:TrackPointExtension>
            <ns3:hr>106</ns3:hr>
            <ns3:cad>55</ns3:cad>
          </ns3:TrackPointExtension>
        </extensions>
      </trkpt>
      <trkpt lat="46.5573115088045597076416015625" lon="23.68238856084644794464111328125">
        <ele>596.5999755859375</ele>
        <time>2024-06-09T08:59:11.000Z</time>
        <extensions>
          <ns3:TrackPointExtension>
            <ns3:hr>106</ns3:hr>
            <ns3:cad>55</ns3:cad>
          </ns3:TrackPointExtension>
        </extensions>
      </trkpt>
      <trkpt lat="46.55729080550372600555419921875" lon="23.68243767879903316497802734375">
        <ele>596.20001220703125</ele>
        <time>2024-06-09T08:59:15.000Z</time>
        <extensions>
          <ns3:TrackPointExtension>
            <ns3:hr>109</ns3:hr>
            <ns3:cad>57</ns3:cad>
          </ns3:TrackPointExtension>
        </extensions>
      </trkpt>
      <trkpt lat="46.55727722682058811187744140625" lon="23.68249082006514072418212890625">
        <ele>595.5999755859375</ele>
        <time>2024-06-09T08:59:18.000Z</time>
        <extensions>
          <ns3:TrackPointExtension>
            <ns3:hr>111</ns3:hr>
            <ns3:cad>57</ns3:cad>
          </ns3:TrackPointExtension>
        </extensions>
      </trkpt>
      <trkpt lat="46.55728309415280818939208984375" lon="23.6825103498995304107666015625">
        <ele>594.79998779296875</ele>
        <time>2024-06-09T08:59:24.000Z</time>
        <extensions>
          <ns3:TrackPointExtension>
            <ns3:hr>109</ns3:hr>
            <ns3:cad>0</ns3:cad>
          </ns3:TrackPointExtension>
        </extensions>
      </trkpt>
      <trkpt lat="46.55727990902960300445556640625" lon="23.68249970488250255584716796875">
        <ele>594.79998779296875</ele>
        <time>2024-06-09T08:59:30.000Z</time>
        <extensions>
          <ns3:TrackPointExtension>
            <ns3:hr>105</ns3:hr>
            <ns3:cad>0</ns3:cad>
          </ns3:TrackPointExtension>
        </extensions>
      </trkpt>
      <trkpt lat="46.55728183686733245849609375" lon="23.6824907362461090087890625">
        <ele>594.79998779296875</ele>
        <time>2024-06-09T08:59:31.000Z</time>
        <extensions>
          <ns3:TrackPointExtension>
            <ns3:hr>101</ns3:hr>
            <ns3:cad>0</ns3:cad>
          </ns3:TrackPointExtension>
        </extensions>
      </trkpt>
      <trkpt lat="46.5572923980653285980224609375" lon="23.68248109705746173858642578125">
        <ele>594.79998779296875</ele>
        <time>2024-06-09T08:59:33.000Z</time>
        <extensions>
          <ns3:TrackPointExtension>
            <ns3:hr>98</ns3:hr>
            <ns3:cad>0</ns3:cad>
          </ns3:TrackPointExtension>
        </extensions>
      </trkpt>
      <trkpt lat="46.557296924293041229248046875" lon="23.68247531354427337646484375">
        <ele>594.79998779296875</ele>
        <time>2024-06-09T08:59:35.000Z</time>
        <extensions>
          <ns3:TrackPointExtension>
            <ns3:hr>98</ns3:hr>
            <ns3:cad>0</ns3:cad>
          </ns3:TrackPointExtension>
        </extensions>
      </trkpt>
      <trkpt lat="46.55729658901691436767578125" lon="23.68245494551956653594970703125">
        <ele>594.5999755859375</ele>
        <time>2024-06-09T08:59:39.000Z</time>
        <extensions>
          <ns3:TrackPointExtension>
            <ns3:hr>101</ns3:hr>
            <ns3:cad>0</ns3:cad>
          </ns3:TrackPointExtension>
        </extensions>
      </trkpt>
      <trkpt lat="46.55729231424629688262939453125" lon="23.6824396066367626190185546875">
        <ele>594.4000244140625</ele>
        <time>2024-06-09T08:59:43.000Z</time>
        <extensions>
          <ns3:TrackPointExtension>
            <ns3:hr>101</ns3:hr>
            <ns3:cad>0</ns3:cad>
          </ns3:TrackPointExtension>
        </extensions>
      </trkpt>
      <trkpt lat="46.557292900979518890380859375" lon="23.68244119919836521148681640625">
        <ele>594.20001220703125</ele>
        <time>2024-06-09T08:59:45.000Z</time>
        <extensions>
          <ns3:TrackPointExtension>
            <ns3:hr>101</ns3:hr>
            <ns3:cad>0</ns3:cad>
          </ns3:TrackPointExtension>
        </extensions>
      </trkpt>
      <trkpt lat="46.55730589292943477630615234375" lon="23.68243985809385776519775390625">
        <ele>594</ele>
        <time>2024-06-09T08:59:55.000Z</time>
        <extensions>
          <ns3:TrackPointExtension>
            <ns3:hr>103</ns3:hr>
            <ns3:cad>0</ns3:cad>
          </ns3:TrackPointExtension>
        </extensions>
      </trkpt>
      <trkpt lat="46.5573631413280963897705078125" lon="23.68251261301338672637939453125">
        <ele>593.20001220703125</ele>
        <time>2024-06-09T09:00:03.000Z</time>
        <extensions>
          <ns3:TrackPointExtension>
            <ns3:hr>103</ns3:hr>
            <ns3:cad>60</ns3:cad>
          </ns3:TrackPointExtension>
        </extensions>
      </trkpt>
      <trkpt lat="46.55740412883460521697998046875" lon="23.68256307207047939300537109375">
        <ele>592.20001220703125</ele>
        <time>2024-06-09T09:00:08.000Z</time>
        <extensions>
          <ns3:TrackPointExtension>
            <ns3:hr>107</ns3:hr>
            <ns3:cad>56</ns3:cad>
          </ns3:TrackPointExtension>
        </extensions>
      </trkpt>
      <trkpt lat="46.5574125945568084716796875" lon="23.68257363326847553253173828125">
        <ele>592</ele>
        <time>2024-06-09T09:00:09.000Z</time>
        <extensions>
          <ns3:TrackPointExtension>
            <ns3:hr>109</ns3:hr>
            <ns3:cad>56</ns3:cad>
          </ns3:TrackPointExtension>
        </extensions>
      </trkpt>
      <trkpt lat="46.5574204735457897186279296875" lon="23.68258553557097911834716796875">
        <ele>592</ele>
        <time>2024-06-09T09:00:10.000Z</time>
        <extensions>
          <ns3:TrackPointExtension>
            <ns3:hr>110</ns3:hr>
            <ns3:cad>56</ns3:cad>
          </ns3:TrackPointExtension>
        </extensions>
      </trkpt>
      <trkpt lat="46.55744369141757488250732421875" lon="23.682611100375652313232421875">
        <ele>591.79998779296875</ele>
        <time>2024-06-09T09:00:12.000Z</time>
        <extensions>
          <ns3:TrackPointExtension>
            <ns3:hr>113</ns3:hr>
            <ns3:cad>56</ns3:cad>
          </ns3:TrackPointExtension>
        </extensions>
      </trkpt>
      <trkpt lat="46.55750437639653682708740234375" lon="23.68265242315828800201416015625">
        <ele>591</ele>
        <time>2024-06-09T09:00:18.000Z</time>
        <extensions>
          <ns3:TrackPointExtension>
            <ns3:hr>114</ns3:hr>
            <ns3:cad>58</ns3:cad>
          </ns3:TrackPointExtension>
        </extensions>
      </trkpt>
      <trkpt lat="46.55755617655813694000244140625" lon="23.68269651196897029876708984375">
        <ele>590</ele>
        <time>2024-06-09T09:00:25.000Z</time>
        <extensions>
          <ns3:TrackPointExtension>
            <ns3:hr>114</ns3:hr>
            <ns3:cad>57</ns3:cad>
          </ns3:TrackPointExtension>
        </extensions>
      </trkpt>
      <trkpt lat="46.55758299864828586578369140625" lon="23.68272333405911922454833984375">
        <ele>589.5999755859375</ele>
        <time>2024-06-09T09:00:28.000Z</time>
        <extensions>
          <ns3:TrackPointExtension>
            <ns3:hr>113</ns3:hr>
            <ns3:cad>57</ns3:cad>
          </ns3:TrackPointExtension>
        </extensions>
      </trkpt>
      <trkpt lat="46.5576137602329254150390625" lon="23.6827535927295684814453125">
        <ele>588.79998779296875</ele>
        <time>2024-06-09T09:00:31.000Z</time>
        <extensions>
          <ns3:TrackPointExtension>
            <ns3:hr>111</ns3:hr>
            <ns3:cad>57</ns3:cad>
          </ns3:TrackPointExtension>
        </extensions>
      </trkpt>
      <trkpt lat="46.5576518140733242034912109375" lon="23.68279047310352325439453125">
        <ele>587.79998779296875</ele>
        <time>2024-06-09T09:00:36.000Z</time>
        <extensions>
          <ns3:TrackPointExtension>
            <ns3:hr>109</ns3:hr>
            <ns3:cad>56</ns3:cad>
          </ns3:TrackPointExtension>
        </extensions>
      </trkpt>
      <trkpt lat="46.557669751346111297607421875" lon="23.68281553499400615692138671875">
        <ele>587</ele>
        <time>2024-06-09T09:00:39.000Z</time>
        <extensions>
          <ns3:TrackPointExtension>
            <ns3:hr>110</ns3:hr>
            <ns3:cad>55</ns3:cad>
          </ns3:TrackPointExtension>
        </extensions>
      </trkpt>
      <trkpt lat="46.55767922289669513702392578125" lon="23.6828308738768100738525390625">
        <ele>586.5999755859375</ele>
        <time>2024-06-09T09:00:41.000Z</time>
        <extensions>
          <ns3:TrackPointExtension>
            <ns3:hr>110</ns3:hr>
            <ns3:cad>56</ns3:cad>
          </ns3:TrackPointExtension>
        </extensions>
      </trkpt>
      <trkpt lat="46.557702608406543731689453125" lon="23.682862222194671630859375">
        <ele>585.4000244140625</ele>
        <time>2024-06-09T09:00:46.000Z</time>
        <extensions>
          <ns3:TrackPointExtension>
            <ns3:hr>110</ns3:hr>
            <ns3:cad>57</ns3:cad>
          </ns3:TrackPointExtension>
        </extensions>
      </trkpt>
      <trkpt lat="46.55771660618484020233154296875" lon="23.682881332933902740478515625">
        <ele>585</ele>
        <time>2024-06-09T09:00:48.000Z</time>
        <extensions>
          <ns3:TrackPointExtension>
            <ns3:hr>110</ns3:hr>
            <ns3:cad>57</ns3:cad>
          </ns3:TrackPointExtension>
        </extensions>
      </trkpt>
      <trkpt lat="46.55774183571338653564453125" lon="23.68290983140468597412109375">
        <ele>584.20001220703125</ele>
        <time>2024-06-09T09:00:52.000Z</time>
        <extensions>
          <ns3:TrackPointExtension>
            <ns3:hr>108</ns3:hr>
            <ns3:cad>57</ns3:cad>
          </ns3:TrackPointExtension>
        </extensions>
      </trkpt>
      <trkpt lat="46.55776756815612316131591796875" lon="23.68292902596294879913330078125">
        <ele>583.5999755859375</ele>
        <time>2024-06-09T09:00:56.000Z</time>
        <extensions>
          <ns3:TrackPointExtension>
            <ns3:hr>106</ns3:hr>
            <ns3:cad>57</ns3:cad>
          </ns3:TrackPointExtension>
        </extensions>
      </trkpt>
      <trkpt lat="46.5577832423150539398193359375" lon="23.68293807841837406158447265625">
        <ele>583</ele>
        <time>2024-06-09T09:00:59.000Z</time>
        <extensions>
          <ns3:TrackPointExtension>
            <ns3:hr>105</ns3:hr>
            <ns3:cad>57</ns3:cad>
          </ns3:TrackPointExtension>
        </extensions>
      </trkpt>
      <trkpt lat="46.55782498419284820556640625" lon="23.68297713808715343475341796875">
        <ele>581.79998779296875</ele>
        <time>2024-06-09T09:01:05.000Z</time>
        <extensions>
          <ns3:TrackPointExtension>
            <ns3:hr>106</ns3:hr>
            <ns3:cad>59</ns3:cad>
          </ns3:TrackPointExtension>
        </extensions>
      </trkpt>
      <trkpt lat="46.55783194117248058319091796875" lon="23.68298384360969066619873046875">
        <ele>581.5999755859375</ele>
        <time>2024-06-09T09:01:06.000Z</time>
        <extensions>
          <ns3:TrackPointExtension>
            <ns3:hr>106</ns3:hr>
            <ns3:cad>59</ns3:cad>
          </ns3:TrackPointExtension>
        </extensions>
      </trkpt>
      <trkpt lat="46.5578513033688068389892578125" lon="23.6830353923141956329345703125">
        <ele>580.79998779296875</ele>
        <time>2024-06-09T09:01:11.000Z</time>
        <extensions>
          <ns3:TrackPointExtension>
            <ns3:hr>106</ns3:hr>
            <ns3:cad>70</ns3:cad>
          </ns3:TrackPointExtension>
        </extensions>
      </trkpt>
      <trkpt lat="46.5578633733093738555908203125" lon="23.68307881057262420654296875">
        <ele>580.20001220703125</ele>
        <time>2024-06-09T09:01:15.000Z</time>
        <extensions>
          <ns3:TrackPointExtension>
            <ns3:hr>106</ns3:hr>
            <ns3:cad>70</ns3:cad>
          </ns3:TrackPointExtension>
        </extensions>
      </trkpt>
      <trkpt lat="46.55786831863224506378173828125" lon="23.68310295045375823974609375">
        <ele>579.79998779296875</ele>
        <time>2024-06-09T09:01:18.000Z</time>
        <extensions>
          <ns3:TrackPointExtension>
            <ns3:hr>106</ns3:hr>
            <ns3:cad>70</ns3:cad>
          </ns3:TrackPointExtension>
        </extensions>
      </trkpt>
      <trkpt lat="46.55787996947765350341796875" lon="23.6831544153392314910888671875">
        <ele>578.79998779296875</ele>
        <time>2024-06-09T09:01:23.000Z</time>
        <extensions>
          <ns3:TrackPointExtension>
            <ns3:hr>106</ns3:hr>
            <ns3:cad>0</ns3:cad>
          </ns3:TrackPointExtension>
        </extensions>
      </trkpt>
      <trkpt lat="46.5578828193247318267822265625" lon="23.68316388688981533050537109375">
        <ele>578.5999755859375</ele>
        <time>2024-06-09T09:01:24.000Z</time>
        <extensions>
          <ns3:TrackPointExtension>
            <ns3:hr>106</ns3:hr>
            <ns3:cad>0</ns3:cad>
          </ns3:TrackPointExtension>
        </extensions>
      </trkpt>
      <trkpt lat="46.557897068560123443603515625" lon="23.68320487439632415771484375">
        <ele>577.20001220703125</ele>
        <time>2024-06-09T09:01:30.000Z</time>
        <extensions>
          <ns3:TrackPointExtension>
            <ns3:hr>107</ns3:hr>
            <ns3:cad>62</ns3:cad>
          </ns3:TrackPointExtension>
        </extensions>
      </trkpt>
      <trkpt lat="46.5579026006162166595458984375" lon="23.6832228116691112518310546875">
        <ele>577</ele>
        <time>2024-06-09T09:01:32.000Z</time>
        <extensions>
          <ns3:TrackPointExtension>
            <ns3:hr>107</ns3:hr>
            <ns3:cad>62</ns3:cad>
          </ns3:TrackPointExtension>
        </extensions>
      </trkpt>
      <trkpt lat="46.55791106633841991424560546875" lon="23.6832511425018310546875">
        <ele>576.20001220703125</ele>
        <time>2024-06-09T09:01:35.000Z</time>
        <extensions>
          <ns3:TrackPointExtension>
            <ns3:hr>107</ns3:hr>
            <ns3:cad>64</ns3:cad>
          </ns3:TrackPointExtension>
        </extensions>
      </trkpt>
      <trkpt lat="46.55791693367063999176025390625" lon="23.68331207893788814544677734375">
        <ele>575.20001220703125</ele>
        <time>2024-06-09T09:01:40.000Z</time>
        <extensions>
          <ns3:TrackPointExtension>
            <ns3:hr>108</ns3:hr>
            <ns3:cad>58</ns3:cad>
          </ns3:TrackPointExtension>
        </extensions>
      </trkpt>
      <trkpt lat="46.55793495476245880126953125" lon="23.6834080517292022705078125">
        <ele>573.79998779296875</ele>
        <time>2024-06-09T09:01:47.000Z</time>
        <extensions>
          <ns3:TrackPointExtension>
            <ns3:hr>109</ns3:hr>
            <ns3:cad>60</ns3:cad>
          </ns3:TrackPointExtension>
        </extensions>
      </trkpt>
      <trkpt lat="46.5579367987811565399169921875" lon="23.68341433815658092498779296875">
        <ele>573.5999755859375</ele>
        <time>2024-06-09T09:01:48.000Z</time>
        <extensions>
          <ns3:TrackPointExtension>
            <ns3:hr>109</ns3:hr>
            <ns3:cad>60</ns3:cad>
          </ns3:TrackPointExtension>
        </extensions>
      </trkpt>
      <trkpt lat="46.55793101526796817779541015625" lon="23.6834160983562469482421875">
        <ele>573.20001220703125</ele>
        <time>2024-06-09T09:01:57.000Z</time>
        <extensions>
          <ns3:TrackPointExtension>
            <ns3:hr>104</ns3:hr>
            <ns3:cad>0</ns3:cad>
          </ns3:TrackPointExtension>
        </extensions>
      </trkpt>
      <trkpt lat="46.55791089870035648345947265625" lon="23.68341031484305858612060546875">
        <ele>572.79998779296875</ele>
        <time>2024-06-09T09:02:03.000Z</time>
        <extensions>
          <ns3:TrackPointExtension>
            <ns3:hr>101</ns3:hr>
            <ns3:cad>0</ns3:cad>
          </ns3:TrackPointExtension>
        </extensions>
      </trkpt>
      <trkpt lat="46.55791877768933773040771484375" lon="23.68340478278696537017822265625">
        <ele>572.79998779296875</ele>
        <time>2024-06-09T09:02:05.000Z</time>
        <extensions>
          <ns3:TrackPointExtension>
            <ns3:hr>101</ns3:hr>
            <ns3:cad>0</ns3:cad>
          </ns3:TrackPointExtension>
        </extensions>
      </trkpt>
      <trkpt lat="46.55796110630035400390625" lon="23.6833971552550792694091796875">
        <ele>572.4000244140625</ele>
        <time>2024-06-09T09:02:13.000Z</time>
        <extensions>
          <ns3:TrackPointExtension>
            <ns3:hr>98</ns3:hr>
            <ns3:cad>0</ns3:cad>
          </ns3:TrackPointExtension>
        </extensions>
      </trkpt>
      <trkpt lat="46.5579612739384174346923828125" lon="23.6833984963595867156982421875">
        <ele>572.4000244140625</ele>
        <time>2024-06-09T09:02:14.000Z</time>
        <extensions>
          <ns3:TrackPointExtension>
            <ns3:hr>98</ns3:hr>
            <ns3:cad>0</ns3:cad>
          </ns3:TrackPointExtension>
        </extensions>
      </trkpt>
      <trkpt lat="46.5579597651958465576171875" lon="23.68340729735791683197021484375">
        <ele>572.20001220703125</ele>
        <time>2024-06-09T09:02:19.000Z</time>
        <extensions>
          <ns3:TrackPointExtension>
            <ns3:hr>101</ns3:hr>
            <ns3:cad>0</ns3:cad>
          </ns3:TrackPointExtension>
        </extensions>
      </trkpt>
      <trkpt lat="46.5579676441848278045654296875" lon="23.6834367178380489349365234375">
        <ele>571.79998779296875</ele>
        <time>2024-06-09T09:02:23.000Z</time>
        <extensions>
          <ns3:TrackPointExtension>
            <ns3:hr>104</ns3:hr>
            <ns3:cad>0</ns3:cad>
          </ns3:TrackPointExtension>
        </extensions>
      </trkpt>
      <trkpt lat="46.55796856619417667388916015625" lon="23.683447279036045074462890625">
        <ele>571.5999755859375</ele>
        <time>2024-06-09T09:02:24.000Z</time>
        <extensions>
          <ns3:TrackPointExtension>
            <ns3:hr>104</ns3:hr>
            <ns3:cad>0</ns3:cad>
          </ns3:TrackPointExtension>
        </extensions>
      </trkpt>
      <trkpt lat="46.557977199554443359375" lon="23.6834702454507350921630859375">
        <ele>570.79998779296875</ele>
        <time>2024-06-09T09:02:28.000Z</time>
        <extensions>
          <ns3:TrackPointExtension>
            <ns3:hr>106</ns3:hr>
            <ns3:cad>57</ns3:cad>
          </ns3:TrackPointExtension>
        </extensions>
      </trkpt>
      <trkpt lat="46.55798482708632946014404296875" lon="23.68347904644906520843505859375">
        <ele>570.5999755859375</ele>
        <time>2024-06-09T09:02:30.000Z</time>
        <extensions>
          <ns3:TrackPointExtension>
            <ns3:hr>106</ns3:hr>
            <ns3:cad>60</ns3:cad>
          </ns3:TrackPointExtension>
        </extensions>
      </trkpt>
      <trkpt lat="46.5579891018569469451904296875" lon="23.68348256684839725494384765625">
        <ele>569.5999755859375</ele>
        <time>2024-06-09T09:02:32.000Z</time>
        <extensions>
          <ns3:TrackPointExtension>
            <ns3:hr>106</ns3:hr>
            <ns3:cad>60</ns3:cad>
          </ns3:TrackPointExtension>
        </extensions>
      </trkpt>
      <trkpt lat="46.55800544656813144683837890625" lon="23.683504946529865264892578125">
        <ele>568.5999755859375</ele>
        <time>2024-06-09T09:02:37.000Z</time>
        <extensions>
          <ns3:TrackPointExtension>
            <ns3:hr>105</ns3:hr>
            <ns3:cad>55</ns3:cad>
          </ns3:TrackPointExtension>
        </extensions>
      </trkpt>
      <trkpt lat="46.55799086205661296844482421875" lon="23.683541826903820037841796875">
        <ele>568</ele>
        <time>2024-06-09T09:02:40.000Z</time>
        <extensions>
          <ns3:TrackPointExtension>
            <ns3:hr>100</ns3:hr>
            <ns3:cad>55</ns3:cad>
          </ns3:TrackPointExtension>
        </extensions>
      </trkpt>
      <trkpt lat="46.55798700638115406036376953125" lon="23.68355096317827701568603515625">
        <ele>567.5999755859375</ele>
        <time>2024-06-09T09:02:41.000Z</time>
        <extensions>
          <ns3:TrackPointExtension>
            <ns3:hr>96</ns3:hr>
            <ns3:cad>57</ns3:cad>
          </ns3:TrackPointExtension>
        </extensions>
      </trkpt>
      <trkpt lat="46.55798248015344142913818359375" lon="23.68355817161500453948974609375">
        <ele>567.20001220703125</ele>
        <time>2024-06-09T09:02:42.000Z</time>
        <extensions>
          <ns3:TrackPointExtension>
            <ns3:hr>96</ns3:hr>
            <ns3:cad>57</ns3:cad>
          </ns3:TrackPointExtension>
        </extensions>
      </trkpt>
      <trkpt lat="46.55796420760452747344970703125" lon="23.6835651285946369171142578125">
        <ele>567</ele>
        <time>2024-06-09T09:02:44.000Z</time>
        <extensions>
          <ns3:TrackPointExtension>
            <ns3:hr>96</ns3:hr>
            <ns3:cad>0</ns3:cad>
          </ns3:TrackPointExtension>
        </extensions>
      </trkpt>
      <trkpt lat="46.5579696558415889739990234375" lon="23.68359186686575412750244140625">
        <ele>567.20001220703125</ele>
        <time>2024-06-09T09:02:48.000Z</time>
        <extensions>
          <ns3:TrackPointExtension>
            <ns3:hr>97</ns3:hr>
            <ns3:cad>0</ns3:cad>
          </ns3:TrackPointExtension>
        </extensions>
      </trkpt>
      <trkpt lat="46.5580268204212188720703125" lon="23.68366026319563388824462890625">
        <ele>566.4000244140625</ele>
        <time>2024-06-09T09:02:55.000Z</time>
        <extensions>
          <ns3:TrackPointExtension>
            <ns3:hr>96</ns3:hr>
            <ns3:cad>58</ns3:cad>
          </ns3:TrackPointExtension>
        </extensions>
      </trkpt>
      <trkpt lat="46.5580343641340732574462890625" lon="23.6836717464029788970947265625">
        <ele>566.20001220703125</ele>
        <time>2024-06-09T09:02:56.000Z</time>
        <extensions>
          <ns3:TrackPointExtension>
            <ns3:hr>96</ns3:hr>
            <ns3:cad>58</ns3:cad>
          </ns3:TrackPointExtension>
        </extensions>
      </trkpt>
      <trkpt lat="46.55808524228632450103759765625" lon="23.683715499937534332275390625">
        <ele>565.20001220703125</ele>
        <time>2024-06-09T09:03:04.000Z</time>
        <extensions>
          <ns3:TrackPointExtension>
            <ns3:hr>97</ns3:hr>
            <ns3:cad>62</ns3:cad>
          </ns3:TrackPointExtension>
        </extensions>
      </trkpt>
      <trkpt lat="46.558143161237239837646484375" lon="23.6837213672697544097900390625">
        <ele>564.20001220703125</ele>
        <time>2024-06-09T09:03:11.000Z</time>
        <extensions>
          <ns3:TrackPointExtension>
            <ns3:hr>98</ns3:hr>
            <ns3:cad>58</ns3:cad>
          </ns3:TrackPointExtension>
        </extensions>
      </trkpt>
      <trkpt lat="46.55815296806395053863525390625" lon="23.68372279219329357147216796875">
        <ele>564.20001220703125</ele>
        <time>2024-06-09T09:03:12.000Z</time>
        <extensions>
          <ns3:TrackPointExtension>
            <ns3:hr>99</ns3:hr>
            <ns3:cad>57</ns3:cad>
          </ns3:TrackPointExtension>
        </extensions>
      </trkpt>
      <trkpt lat="46.55818532221019268035888671875" lon="23.683747015893459320068359375">
        <ele>563.5999755859375</ele>
        <time>2024-06-09T09:03:18.000Z</time>
        <extensions>
          <ns3:TrackPointExtension>
            <ns3:hr>98</ns3:hr>
            <ns3:cad>0</ns3:cad>
          </ns3:TrackPointExtension>
        </extensions>
      </trkpt>
      <trkpt lat="46.55822253786027431488037109375" lon="23.68379764258861541748046875">
        <ele>563</ele>
        <time>2024-06-09T09:03:24.000Z</time>
        <extensions>
          <ns3:TrackPointExtension>
            <ns3:hr>98</ns3:hr>
            <ns3:cad>55</ns3:cad>
          </ns3:TrackPointExtension>
        </extensions>
      </trkpt>
      <trkpt lat="46.5582388825714588165283203125" lon="23.683822453022003173828125">
        <ele>562.5999755859375</ele>
        <time>2024-06-09T09:03:26.000Z</time>
        <extensions>
          <ns3:TrackPointExtension>
            <ns3:hr>97</ns3:hr>
            <ns3:cad>55</ns3:cad>
          </ns3:TrackPointExtension>
        </extensions>
      </trkpt>
      <trkpt lat="46.558268554508686065673828125" lon="23.68388171307742595672607421875">
        <ele>562</ele>
        <time>2024-06-09T09:03:30.000Z</time>
        <extensions>
          <ns3:TrackPointExtension>
            <ns3:hr>97</ns3:hr>
            <ns3:cad>55</ns3:cad>
          </ns3:TrackPointExtension>
        </extensions>
      </trkpt>
      <trkpt lat="46.55828305520117282867431640625" lon="23.683912642300128936767578125">
        <ele>561.4000244140625</ele>
        <time>2024-06-09T09:03:35.000Z</time>
        <extensions>
          <ns3:TrackPointExtension>
            <ns3:hr>96</ns3:hr>
            <ns3:cad>53</ns3:cad>
          </ns3:TrackPointExtension>
        </extensions>
      </trkpt>
      <trkpt lat="46.55828054063022136688232421875" lon="23.683920018374919891357421875">
        <ele>561.4000244140625</ele>
        <time>2024-06-09T09:03:43.000Z</time>
        <extensions>
          <ns3:TrackPointExtension>
            <ns3:hr>98</ns3:hr>
            <ns3:cad>0</ns3:cad>
          </ns3:TrackPointExtension>
        </extensions>
      </trkpt>
      <trkpt lat="46.55827316455543041229248046875" lon="23.68395010940730571746826171875">
        <ele>560.79998779296875</ele>
        <time>2024-06-09T09:03:49.000Z</time>
        <extensions>
          <ns3:TrackPointExtension>
            <ns3:hr>101</ns3:hr>
            <ns3:cad>52</ns3:cad>
          </ns3:TrackPointExtension>
        </extensions>
      </trkpt>
      <trkpt lat="46.5582821331918239593505859375" lon="23.68395186960697174072265625">
        <ele>560.5999755859375</ele>
        <time>2024-06-09T09:03:51.000Z</time>
        <extensions>
          <ns3:TrackPointExtension>
            <ns3:hr>102</ns3:hr>
            <ns3:cad>52</ns3:cad>
          </ns3:TrackPointExtension>
        </extensions>
      </trkpt>
      <trkpt lat="46.55831851065158843994140625" lon="23.68398631922900676727294921875">
        <ele>559.5999755859375</ele>
        <time>2024-06-09T09:03:57.000Z</time>
        <extensions>
          <ns3:TrackPointExtension>
            <ns3:hr>103</ns3:hr>
            <ns3:cad>54</ns3:cad>
          </ns3:TrackPointExtension>
        </extensions>
      </trkpt>
      <trkpt lat="46.55833183787763118743896484375" lon="23.683990426361560821533203125">
        <ele>559.20001220703125</ele>
        <time>2024-06-09T09:04:00.000Z</time>
        <extensions>
          <ns3:TrackPointExtension>
            <ns3:hr>102</ns3:hr>
            <ns3:cad>54</ns3:cad>
          </ns3:TrackPointExtension>
        </extensions>
      </trkpt>
      <trkpt lat="46.55836637131869792938232421875" lon="23.68401146493852138519287109375">
        <ele>558.4000244140625</ele>
        <time>2024-06-09T09:04:04.000Z</time>
        <extensions>
          <ns3:TrackPointExtension>
            <ns3:hr>102</ns3:hr>
            <ns3:cad>51</ns3:cad>
          </ns3:TrackPointExtension>
        </extensions>
      </trkpt>
      <trkpt lat="46.55842303298413753509521484375" lon="23.684038706123828887939453125">
        <ele>557.4000244140625</ele>
        <time>2024-06-09T09:04:10.000Z</time>
        <extensions>
          <ns3:TrackPointExtension>
            <ns3:hr>102</ns3:hr>
            <ns3:cad>52</ns3:cad>
          </ns3:TrackPointExtension>
        </extensions>
      </trkpt>
      <trkpt lat="46.55843392945826053619384765625" lon="23.684042058885097503662109375">
        <ele>557.20001220703125</ele>
        <time>2024-06-09T09:04:11.000Z</time>
        <extensions>
          <ns3:TrackPointExtension>
            <ns3:hr>102</ns3:hr>
            <ns3:cad>52</ns3:cad>
          </ns3:TrackPointExtension>
        </extensions>
      </trkpt>
      <trkpt lat="46.5584651939570903778076171875" lon="23.68407080881297588348388671875">
        <ele>556.4000244140625</ele>
        <time>2024-06-09T09:04:16.000Z</time>
        <extensions>
          <ns3:TrackPointExtension>
            <ns3:hr>101</ns3:hr>
            <ns3:cad>53</ns3:cad>
          </ns3:TrackPointExtension>
        </extensions>
      </trkpt>
      <trkpt lat="46.55847583897411823272705078125" lon="23.68408329784870147705078125">
        <ele>555.79998779296875</ele>
        <time>2024-06-09T09:04:19.000Z</time>
        <extensions>
          <ns3:TrackPointExtension>
            <ns3:hr>101</ns3:hr>
            <ns3:cad>59</ns3:cad>
          </ns3:TrackPointExtension>
        </extensions>
      </trkpt>
      <trkpt lat="46.5584846399724483489990234375" lon="23.6840848065912723541259765625">
        <ele>555.4000244140625</ele>
        <time>2024-06-09T09:04:21.000Z</time>
        <extensions>
          <ns3:TrackPointExtension>
            <ns3:hr>100</ns3:hr>
            <ns3:cad>61</ns3:cad>
          </ns3:TrackPointExtension>
        </extensions>
      </trkpt>
      <trkpt lat="46.5585104562342166900634765625" lon="23.68413317017257213592529296875">
        <ele>554.4000244140625</ele>
        <time>2024-06-09T09:04:27.000Z</time>
        <extensions>
          <ns3:TrackPointExtension>
            <ns3:hr>100</ns3:hr>
            <ns3:cad>53</ns3:cad>
          </ns3:TrackPointExtension>
        </extensions>
      </trkpt>
      <trkpt lat="46.558513976633548736572265625" lon="23.68414096534252166748046875">
        <ele>554.20001220703125</ele>
        <time>2024-06-09T09:04:28.000Z</time>
        <extensions>
          <ns3:TrackPointExtension>
            <ns3:hr>101</ns3:hr>
            <ns3:cad>53</ns3:cad>
          </ns3:TrackPointExtension>
        </extensions>
      </trkpt>
      <trkpt lat="46.5585672855377197265625" lon="23.68418790400028228759765625">
        <ele>553.4000244140625</ele>
        <time>2024-06-09T09:04:37.000Z</time>
        <extensions>
          <ns3:TrackPointExtension>
            <ns3:hr>101</ns3:hr>
            <ns3:cad>0</ns3:cad>
          </ns3:TrackPointExtension>
        </extensions>
      </trkpt>
      <trkpt lat="46.55857407487928867340087890625" lon="23.68419419042766094207763671875">
        <ele>553.20001220703125</ele>
        <time>2024-06-09T09:04:38.000Z</time>
        <extensions>
          <ns3:TrackPointExtension>
            <ns3:hr>101</ns3:hr>
            <ns3:cad>53</ns3:cad>
          </ns3:TrackPointExtension>
        </extensions>
      </trkpt>
      <trkpt lat="46.5585879050195217132568359375" lon="23.6842112056910991668701171875">
        <ele>552.20001220703125</ele>
        <time>2024-06-09T09:04:41.000Z</time>
        <extensions>
          <ns3:TrackPointExtension>
            <ns3:hr>103</ns3:hr>
            <ns3:cad>53</ns3:cad>
          </ns3:TrackPointExtension>
        </extensions>
      </trkpt>
      <trkpt lat="46.5586237795650959014892578125" lon="23.684238530695438385009765625">
        <ele>551.5999755859375</ele>
        <time>2024-06-09T09:04:45.000Z</time>
        <extensions>
          <ns3:TrackPointExtension>
            <ns3:hr>105</ns3:hr>
            <ns3:cad>53</ns3:cad>
          </ns3:TrackPointExtension>
        </extensions>
      </trkpt>
      <trkpt lat="46.55864045955240726470947265625" lon="23.68424213491380214691162109375">
        <ele>550.79998779296875</ele>
        <time>2024-06-09T09:04:47.000Z</time>
        <extensions>
          <ns3:TrackPointExtension>
            <ns3:hr>105</ns3:hr>
            <ns3:cad>53</ns3:cad>
          </ns3:TrackPointExtension>
        </extensions>
      </trkpt>
      <trkpt lat="46.558666527271270751953125" lon="23.68427105247974395751953125">
        <ele>549.79998779296875</ele>
        <time>2024-06-09T09:04:52.000Z</time>
        <extensions>
          <ns3:TrackPointExtension>
            <ns3:hr>104</ns3:hr>
            <ns3:cad>55</ns3:cad>
          </ns3:TrackPointExtension>
        </extensions>
      </trkpt>
      <trkpt lat="46.55867298133671283721923828125" lon="23.68427817709743976593017578125">
        <ele>549.5999755859375</ele>
        <time>2024-06-09T09:04:53.000Z</time>
        <extensions>
          <ns3:TrackPointExtension>
            <ns3:hr>105</ns3:hr>
            <ns3:cad>58</ns3:cad>
          </ns3:TrackPointExtension>
        </extensions>
      </trkpt>
      <trkpt lat="46.5587126277387142181396484375" lon="23.684314973652362823486328125">
        <ele>548.79998779296875</ele>
        <time>2024-06-09T09:04:58.000Z</time>
        <extensions>
          <ns3:TrackPointExtension>
            <ns3:hr>106</ns3:hr>
            <ns3:cad>57</ns3:cad>
          </ns3:TrackPointExtension>
        </extensions>
      </trkpt>
      <trkpt lat="46.55873970128595829010009765625" lon="23.684342466294765472412109375">
        <ele>548.5999755859375</ele>
        <time>2024-06-09T09:05:01.000Z</time>
        <extensions>
          <ns3:TrackPointExtension>
            <ns3:hr>107</ns3:hr>
            <ns3:cad>50</ns3:cad>
          </ns3:TrackPointExtension>
        </extensions>
      </trkpt>
      <trkpt lat="46.55879351310431957244873046875" lon="23.684406168758869171142578125">
        <ele>547.5999755859375</ele>
        <time>2024-06-09T09:05:07.000Z</time>
        <extensions>
          <ns3:TrackPointExtension>
            <ns3:hr>108</ns3:hr>
            <ns3:cad>50</ns3:cad>
          </ns3:TrackPointExtension>
        </extensions>
      </trkpt>
      <trkpt lat="46.55879854224622249603271484375" lon="23.68441195227205753326416015625">
        <ele>547.4000244140625</ele>
        <time>2024-06-09T09:05:08.000Z</time>
        <extensions>
          <ns3:TrackPointExtension>
            <ns3:hr>108</ns3:hr>
            <ns3:cad>50</ns3:cad>
          </ns3:TrackPointExtension>
        </extensions>
      </trkpt>
      <trkpt lat="46.55883005820214748382568359375" lon="23.68444941937923431396484375">
        <ele>547</ele>
        <time>2024-06-09T09:05:14.000Z</time>
        <extensions>
          <ns3:TrackPointExtension>
            <ns3:hr>107</ns3:hr>
            <ns3:cad>52</ns3:cad>
          </ns3:TrackPointExtension>
        </extensions>
      </trkpt>
      <trkpt lat="46.5589047409594058990478515625" lon="23.684541285037994384765625">
        <ele>546.4000244140625</ele>
        <time>2024-06-09T09:05:22.000Z</time>
        <extensions>
          <ns3:TrackPointExtension>
            <ns3:hr>107</ns3:hr>
            <ns3:cad>54</ns3:cad>
          </ns3:TrackPointExtension>
        </extensions>
      </trkpt>
      <trkpt lat="46.55891974456608295440673828125" lon="23.6845649220049381256103515625">
        <ele>546.4000244140625</ele>
        <time>2024-06-09T09:05:24.000Z</time>
        <extensions>
          <ns3:TrackPointExtension>
            <ns3:hr>107</ns3:hr>
            <ns3:cad>51</ns3:cad>
          </ns3:TrackPointExtension>
        </extensions>
      </trkpt>
      <trkpt lat="46.5589365921914577484130859375" lon="23.68458730168640613555908203125">
        <ele>546</ele>
        <time>2024-06-09T09:05:26.000Z</time>
        <extensions>
          <ns3:TrackPointExtension>
            <ns3:hr>111</ns3:hr>
            <ns3:cad>53</ns3:cad>
          </ns3:TrackPointExtension>
        </extensions>
      </trkpt>
      <trkpt lat="46.55896450392901897430419921875" lon="23.6846209131181240081787109375">
        <ele>545.4000244140625</ele>
        <time>2024-06-09T09:05:30.000Z</time>
        <extensions>
          <ns3:TrackPointExtension>
            <ns3:hr>110</ns3:hr>
            <ns3:cad>53</ns3:cad>
          </ns3:TrackPointExtension>
        </extensions>
      </trkpt>
      <trkpt lat="46.5589724667370319366455078125" lon="23.68463155813515186309814453125">
        <ele>545.20001220703125</ele>
        <time>2024-06-09T09:05:31.000Z</time>
        <extensions>
          <ns3:TrackPointExtension>
            <ns3:hr>110</ns3:hr>
            <ns3:cad>54</ns3:cad>
          </ns3:TrackPointExtension>
        </extensions>
      </trkpt>
      <trkpt lat="46.559007503092288970947265625" lon="23.68468838743865489959716796875">
        <ele>544.79998779296875</ele>
        <time>2024-06-09T09:05:35.000Z</time>
        <extensions>
          <ns3:TrackPointExtension>
            <ns3:hr>113</ns3:hr>
            <ns3:cad>53</ns3:cad>
          </ns3:TrackPointExtension>
        </extensions>
      </trkpt>
      <trkpt lat="46.55903088860213756561279296875" lon="23.684728033840656280517578125">
        <ele>544.5999755859375</ele>
        <time>2024-06-09T09:05:38.000Z</time>
        <extensions>
          <ns3:TrackPointExtension>
            <ns3:hr>113</ns3:hr>
            <ns3:cad>53</ns3:cad>
          </ns3:TrackPointExtension>
        </extensions>
      </trkpt>
      <trkpt lat="46.55910917557775974273681640625" lon="23.6848110146820545196533203125">
        <ele>544.5999755859375</ele>
        <time>2024-06-09T09:05:46.000Z</time>
        <extensions>
          <ns3:TrackPointExtension>
            <ns3:hr>113</ns3:hr>
            <ns3:cad>44</ns3:cad>
          </ns3:TrackPointExtension>
        </extensions>
      </trkpt>
      <trkpt lat="46.559177823364734649658203125" lon="23.68487530387938022613525390625">
        <ele>544.20001220703125</ele>
        <time>2024-06-09T09:05:54.000Z</time>
        <extensions>
          <ns3:TrackPointExtension>
            <ns3:hr>113</ns3:hr>
            <ns3:cad>49</ns3:cad>
          </ns3:TrackPointExtension>
        </extensions>
      </trkpt>
      <trkpt lat="46.55918209813535213470458984375" lon="23.68488167412579059600830078125">
        <ele>544.20001220703125</ele>
        <time>2024-06-09T09:05:55.000Z</time>
        <extensions>
          <ns3:TrackPointExtension>
            <ns3:hr>113</ns3:hr>
            <ns3:cad>49</ns3:cad>
          </ns3:TrackPointExtension>
        </extensions>
      </trkpt>
      <trkpt lat="46.55924211256206035614013671875" lon="23.6849592067301273345947265625">
        <ele>543.20001220703125</ele>
        <time>2024-06-09T09:06:03.000Z</time>
        <extensions>
          <ns3:TrackPointExtension>
            <ns3:hr>112</ns3:hr>
            <ns3:cad>54</ns3:cad>
          </ns3:TrackPointExtension>
        </extensions>
      </trkpt>
      <trkpt lat="46.559317298233509063720703125" lon="23.68505819700658321380615234375">
        <ele>542.4000244140625</ele>
        <time>2024-06-09T09:06:13.000Z</time>
        <extensions>
          <ns3:TrackPointExtension>
            <ns3:hr>109</ns3:hr>
            <ns3:cad>49</ns3:cad>
          </ns3:TrackPointExtension>
        </extensions>
      </trkpt>
      <trkpt lat="46.5593419410288333892822265625" lon="23.6850782297551631927490234375">
        <ele>542.20001220703125</ele>
        <time>2024-06-09T09:06:16.000Z</time>
        <extensions>
          <ns3:TrackPointExtension>
            <ns3:hr>109</ns3:hr>
            <ns3:cad>48</ns3:cad>
          </ns3:TrackPointExtension>
        </extensions>
      </trkpt>
      <trkpt lat="46.55939047224819660186767578125" lon="23.68512642569839954376220703125">
        <ele>542</ele>
        <time>2024-06-09T09:06:22.000Z</time>
        <extensions>
          <ns3:TrackPointExtension>
            <ns3:hr>110</ns3:hr>
            <ns3:cad>47</ns3:cad>
          </ns3:TrackPointExtension>
        </extensions>
      </trkpt>
      <trkpt lat="46.55946657992899417877197265625" lon="23.6851982586085796356201171875">
        <ele>541.5999755859375</ele>
        <time>2024-06-09T09:06:31.000Z</time>
        <extensions>
          <ns3:TrackPointExtension>
            <ns3:hr>109</ns3:hr>
            <ns3:cad>45</ns3:cad>
          </ns3:TrackPointExtension>
        </extensions>
      </trkpt>
      <trkpt lat="46.55951167456805706024169921875" lon="23.68527009151875972747802734375">
        <ele>541.5999755859375</ele>
        <time>2024-06-09T09:06:39.000Z</time>
        <extensions>
          <ns3:TrackPointExtension>
            <ns3:hr>107</ns3:hr>
            <ns3:cad>50</ns3:cad>
          </ns3:TrackPointExtension>
        </extensions>
      </trkpt>
      <trkpt lat="46.55955073423683643341064453125" lon="23.68529833853244781494140625">
        <ele>541.20001220703125</ele>
        <time>2024-06-09T09:06:43.000Z</time>
        <extensions>
          <ns3:TrackPointExtension>
            <ns3:hr>107</ns3:hr>
            <ns3:cad>48</ns3:cad>
          </ns3:TrackPointExtension>
        </extensions>
      </trkpt>
      <trkpt lat="46.5595860220491886138916015625" lon="23.6853263340890407562255859375">
        <ele>541</ele>
        <time>2024-06-09T09:06:46.000Z</time>
        <extensions>
          <ns3:TrackPointExtension>
            <ns3:hr>107</ns3:hr>
            <ns3:cad>51</ns3:cad>
          </ns3:TrackPointExtension>
        </extensions>
      </trkpt>
      <trkpt lat="46.5596668235957622528076171875" lon="23.68539213202893733978271484375">
        <ele>540.79998779296875</ele>
        <time>2024-06-09T09:06:54.000Z</time>
        <extensions>
          <ns3:TrackPointExtension>
            <ns3:hr>107</ns3:hr>
            <ns3:cad>50</ns3:cad>
          </ns3:TrackPointExtension>
        </extensions>
      </trkpt>
      <trkpt lat="46.55973345972597599029541015625" lon="23.6854202114045619964599609375">
        <ele>540.5999755859375</ele>
        <time>2024-06-09T09:07:01.000Z</time>
        <extensions>
          <ns3:TrackPointExtension>
            <ns3:hr>107</ns3:hr>
            <ns3:cad>51</ns3:cad>
          </ns3:TrackPointExtension>
        </extensions>
      </trkpt>
      <trkpt lat="46.55979900620877742767333984375" lon="23.68544460274279117584228515625">
        <ele>540.5999755859375</ele>
        <time>2024-06-09T09:07:08.000Z</time>
        <extensions>
          <ns3:TrackPointExtension>
            <ns3:hr>104</ns3:hr>
            <ns3:cad>49</ns3:cad>
          </ns3:TrackPointExtension>
        </extensions>
      </trkpt>
      <trkpt lat="46.55987544916570186614990234375" lon="23.68548701517283916473388671875">
        <ele>540</ele>
        <time>2024-06-09T09:07:15.000Z</time>
        <extensions>
          <ns3:TrackPointExtension>
            <ns3:hr>105</ns3:hr>
            <ns3:cad>52</ns3:cad>
          </ns3:TrackPointExtension>
        </extensions>
      </trkpt>
      <trkpt lat="46.5598855912685394287109375" lon="23.68549589999020099639892578125">
        <ele>540</ele>
        <time>2024-06-09T09:07:16.000Z</time>
        <extensions>
          <ns3:TrackPointExtension>
            <ns3:hr>104</ns3:hr>
            <ns3:cad>52</ns3:cad>
          </ns3:TrackPointExtension>
        </extensions>
      </trkpt>
      <trkpt lat="46.559936217963695526123046875" lon="23.68554778397083282470703125">
        <ele>539</ele>
        <time>2024-06-09T09:07:22.000Z</time>
        <extensions>
          <ns3:TrackPointExtension>
            <ns3:hr>103</ns3:hr>
            <ns3:cad>55</ns3:cad>
          </ns3:TrackPointExtension>
        </extensions>
      </trkpt>
      <trkpt lat="46.5599571727216243743896484375" lon="23.68556194938719272613525390625">
        <ele>538.79998779296875</ele>
        <time>2024-06-09T09:07:24.000Z</time>
        <extensions>
          <ns3:TrackPointExtension>
            <ns3:hr>103</ns3:hr>
            <ns3:cad>54</ns3:cad>
          </ns3:TrackPointExtension>
        </extensions>
      </trkpt>
      <trkpt lat="46.56000670976936817169189453125" lon="23.6855955608189105987548828125">
        <ele>538</ele>
        <time>2024-06-09T09:07:29.000Z</time>
        <extensions>
          <ns3:TrackPointExtension>
            <ns3:hr>103</ns3:hr>
            <ns3:cad>56</ns3:cad>
          </ns3:TrackPointExtension>
        </extensions>
      </trkpt>
      <trkpt lat="46.5600277483463287353515625" lon="23.68562984280288219451904296875">
        <ele>537</ele>
        <time>2024-06-09T09:07:33.000Z</time>
        <extensions>
          <ns3:TrackPointExtension>
            <ns3:hr>102</ns3:hr>
            <ns3:cad>58</ns3:cad>
          </ns3:TrackPointExtension>
        </extensions>
      </trkpt>
      <trkpt lat="46.56003135256469249725341796875" lon="23.68563638068735599517822265625">
        <ele>536.79998779296875</ele>
        <time>2024-06-09T09:07:34.000Z</time>
        <extensions>
          <ns3:TrackPointExtension>
            <ns3:hr>102</ns3:hr>
            <ns3:cad>59</ns3:cad>
          </ns3:TrackPointExtension>
        </extensions>
      </trkpt>
      <trkpt lat="46.56005666591227054595947265625" lon="23.68567627854645252227783203125">
        <ele>535.5999755859375</ele>
        <time>2024-06-09T09:07:39.000Z</time>
        <extensions>
          <ns3:TrackPointExtension>
            <ns3:hr>102</ns3:hr>
            <ns3:cad>59</ns3:cad>
          </ns3:TrackPointExtension>
        </extensions>
      </trkpt>
      <trkpt lat="46.5600698255002498626708984375" lon="23.68570175953209400177001953125">
        <ele>535.20001220703125</ele>
        <time>2024-06-09T09:07:41.000Z</time>
        <extensions>
          <ns3:TrackPointExtension>
            <ns3:hr>101</ns3:hr>
            <ns3:cad>58</ns3:cad>
          </ns3:TrackPointExtension>
        </extensions>
      </trkpt>
      <trkpt lat="46.5600916184484958648681640625" lon="23.6857370473444461822509765625">
        <ele>534.5999755859375</ele>
        <time>2024-06-09T09:07:44.000Z</time>
        <extensions>
          <ns3:TrackPointExtension>
            <ns3:hr>100</ns3:hr>
            <ns3:cad>59</ns3:cad>
          </ns3:TrackPointExtension>
        </extensions>
      </trkpt>
      <trkpt lat="46.56010913662612438201904296875" lon="23.68574635125696659088134765625">
        <ele>533.4000244140625</ele>
        <time>2024-06-09T09:07:48.000Z</time>
        <extensions>
          <ns3:TrackPointExtension>
            <ns3:hr>100</ns3:hr>
            <ns3:cad>55</ns3:cad>
          </ns3:TrackPointExtension>
        </extensions>
      </trkpt>
      <trkpt lat="46.560112573206424713134765625" lon="23.68574718944728374481201171875">
        <ele>533.4000244140625</ele>
        <time>2024-06-09T09:07:49.000Z</time>
        <extensions>
          <ns3:TrackPointExtension>
            <ns3:hr>100</ns3:hr>
            <ns3:cad>54</ns3:cad>
          </ns3:TrackPointExtension>
        </extensions>
      </trkpt>
      <trkpt lat="46.56013377942144870758056640625" lon="23.68575892411172389984130859375">
        <ele>532.4000244140625</ele>
        <time>2024-06-09T09:07:53.000Z</time>
        <extensions>
          <ns3:TrackPointExtension>
            <ns3:hr>100</ns3:hr>
            <ns3:cad>53</ns3:cad>
          </ns3:TrackPointExtension>
        </extensions>
      </trkpt>
      <trkpt lat="46.56015289016067981719970703125" lon="23.6857695691287517547607421875">
        <ele>531.4000244140625</ele>
        <time>2024-06-09T09:07:58.000Z</time>
        <extensions>
          <ns3:TrackPointExtension>
            <ns3:hr>100</ns3:hr>
            <ns3:cad>0</ns3:cad>
          </ns3:TrackPointExtension>
        </extensions>
      </trkpt>
      <trkpt lat="46.5601583383977413177490234375" lon="23.6857764422893524169921875">
        <ele>531.20001220703125</ele>
        <time>2024-06-09T09:07:59.000Z</time>
        <extensions>
          <ns3:TrackPointExtension>
            <ns3:hr>100</ns3:hr>
            <ns3:cad>0</ns3:cad>
          </ns3:TrackPointExtension>
        </extensions>
      </trkpt>
      <trkpt lat="46.56017124652862548828125" lon="23.68580100126564502716064453125">
        <ele>530.4000244140625</ele>
        <time>2024-06-09T09:08:03.000Z</time>
        <extensions>
          <ns3:TrackPointExtension>
            <ns3:hr>99</ns3:hr>
            <ns3:cad>61</ns3:cad>
          </ns3:TrackPointExtension>
        </extensions>
      </trkpt>
      <trkpt lat="46.5601717494428157806396484375" lon="23.68580888025462627410888671875">
        <ele>529.79998779296875</ele>
        <time>2024-06-09T09:08:07.000Z</time>
        <extensions>
          <ns3:TrackPointExtension>
            <ns3:hr>100</ns3:hr>
            <ns3:cad>60</ns3:cad>
          </ns3:TrackPointExtension>
        </extensions>
      </trkpt>
      <trkpt lat="46.56019329093396663665771484375" lon="23.68583335541188716888427734375">
        <ele>529.4000244140625</ele>
        <time>2024-06-09T09:08:11.000Z</time>
        <extensions>
          <ns3:TrackPointExtension>
            <ns3:hr>99</ns3:hr>
            <ns3:cad>0</ns3:cad>
          </ns3:TrackPointExtension>
        </extensions>
      </trkpt>
      <trkpt lat="46.56022547744214534759521484375" lon="23.685846514999866485595703125">
        <ele>528.20001220703125</ele>
        <time>2024-06-09T09:08:16.000Z</time>
        <extensions>
          <ns3:TrackPointExtension>
            <ns3:hr>99</ns3:hr>
            <ns3:cad>0</ns3:cad>
          </ns3:TrackPointExtension>
        </extensions>
      </trkpt>
      <trkpt lat="46.56023570336401462554931640625" lon="23.6858523823320865631103515625">
        <ele>528</ele>
        <time>2024-06-09T09:08:17.000Z</time>
        <extensions>
          <ns3:TrackPointExtension>
            <ns3:hr>99</ns3:hr>
            <ns3:cad>0</ns3:cad>
          </ns3:TrackPointExtension>
        </extensions>
      </trkpt>
      <trkpt lat="46.5602652914822101593017578125" lon="23.6858983151614665985107421875">
        <ele>527</ele>
        <time>2024-06-09T09:08:21.000Z</time>
        <extensions>
          <ns3:TrackPointExtension>
            <ns3:hr>100</ns3:hr>
            <ns3:cad>61</ns3:cad>
          </ns3:TrackPointExtension>
        </extensions>
      </trkpt>
      <trkpt lat="46.5602860786020755767822265625" lon="23.68593578226864337921142578125">
        <ele>526.20001220703125</ele>
        <time>2024-06-09T09:08:25.000Z</time>
        <extensions>
          <ns3:TrackPointExtension>
            <ns3:hr>100</ns3:hr>
            <ns3:cad>66</ns3:cad>
          </ns3:TrackPointExtension>
        </extensions>
      </trkpt>
      <trkpt lat="46.56028834171593189239501953125" lon="23.685945756733417510986328125">
        <ele>525.79998779296875</ele>
        <time>2024-06-09T09:08:26.000Z</time>
        <extensions>
          <ns3:TrackPointExtension>
            <ns3:hr>100</ns3:hr>
            <ns3:cad>62</ns3:cad>
          </ns3:TrackPointExtension>
        </extensions>
      </trkpt>
      <trkpt lat="46.56030510552227497100830078125" lon="23.68599629960954189300537109375">
        <ele>524.5999755859375</ele>
        <time>2024-06-09T09:08:31.000Z</time>
        <extensions>
          <ns3:TrackPointExtension>
            <ns3:hr>102</ns3:hr>
            <ns3:cad>62</ns3:cad>
          </ns3:TrackPointExtension>
        </extensions>
      </trkpt>
      <trkpt lat="46.56031365506350994110107421875" lon="23.6860253848135471343994140625">
        <ele>523.79998779296875</ele>
        <time>2024-06-09T09:08:34.000Z</time>
        <extensions>
          <ns3:TrackPointExtension>
            <ns3:hr>102</ns3:hr>
            <ns3:cad>59</ns3:cad>
          </ns3:TrackPointExtension>
        </extensions>
      </trkpt>
      <trkpt lat="46.560315750539302825927734375" lon="23.6860371194779872894287109375">
        <ele>523.5999755859375</ele>
        <time>2024-06-09T09:08:35.000Z</time>
        <extensions>
          <ns3:TrackPointExtension>
            <ns3:hr>101</ns3:hr>
            <ns3:cad>59</ns3:cad>
          </ns3:TrackPointExtension>
        </extensions>
      </trkpt>
      <trkpt lat="46.5603413991630077362060546875" lon="23.686087243258953094482421875">
        <ele>522.4000244140625</ele>
        <time>2024-06-09T09:08:40.000Z</time>
        <extensions>
          <ns3:TrackPointExtension>
            <ns3:hr>100</ns3:hr>
            <ns3:cad>58</ns3:cad>
          </ns3:TrackPointExtension>
        </extensions>
      </trkpt>
      <trkpt lat="46.56035841442644596099853515625" lon="23.68610727600753307342529296875">
        <ele>521.79998779296875</ele>
        <time>2024-06-09T09:08:42.000Z</time>
        <extensions>
          <ns3:TrackPointExtension>
            <ns3:hr>100</ns3:hr>
            <ns3:cad>58</ns3:cad>
          </ns3:TrackPointExtension>
        </extensions>
      </trkpt>
      <trkpt lat="46.56037266366183757781982421875" lon="23.68612353689968585968017578125">
        <ele>521.4000244140625</ele>
        <time>2024-06-09T09:08:44.000Z</time>
        <extensions>
          <ns3:TrackPointExtension>
            <ns3:hr>101</ns3:hr>
            <ns3:cad>58</ns3:cad>
          </ns3:TrackPointExtension>
        </extensions>
      </trkpt>
      <trkpt lat="46.56041390262544155120849609375" lon="23.68616594932973384857177734375">
        <ele>520.20001220703125</ele>
        <time>2024-06-09T09:08:49.000Z</time>
        <extensions>
          <ns3:TrackPointExtension>
            <ns3:hr>102</ns3:hr>
            <ns3:cad>55</ns3:cad>
          </ns3:TrackPointExtension>
        </extensions>
      </trkpt>
      <trkpt lat="46.56041868031024932861328125" lon="23.6861693859100341796875">
        <ele>520.20001220703125</ele>
        <time>2024-06-09T09:08:50.000Z</time>
        <extensions>
          <ns3:TrackPointExtension>
            <ns3:hr>102</ns3:hr>
            <ns3:cad>55</ns3:cad>
          </ns3:TrackPointExtension>
        </extensions>
      </trkpt>
      <trkpt lat="46.56041943468153476715087890625" lon="23.686199896037578582763671875">
        <ele>520.20001220703125</ele>
        <time>2024-06-09T09:08:58.000Z</time>
        <extensions>
          <ns3:TrackPointExtension>
            <ns3:hr>102</ns3:hr>
            <ns3:cad>0</ns3:cad>
          </ns3:TrackPointExtension>
        </extensions>
      </trkpt>
      <trkpt lat="46.56042002141475677490234375" lon="23.6862055957317352294921875">
        <ele>520.20001220703125</ele>
        <time>2024-06-09T09:09:04.000Z</time>
        <extensions>
          <ns3:TrackPointExtension>
            <ns3:hr>102</ns3:hr>
            <ns3:cad>0</ns3:cad>
          </ns3:TrackPointExtension>
        </extensions>
      </trkpt>
      <trkpt lat="46.5604161657392978668212890625" lon="23.68621892295777797698974609375">
        <ele>520.20001220703125</ele>
        <time>2024-06-09T09:09:08.000Z</time>
        <extensions>
          <ns3:TrackPointExtension>
            <ns3:hr>105</ns3:hr>
            <ns3:cad>0</ns3:cad>
          </ns3:TrackPointExtension>
        </extensions>
      </trkpt>
      <trkpt lat="46.56040216796100139617919921875" lon="23.686211295425891876220703125">
        <ele>520.4000244140625</ele>
        <time>2024-06-09T09:09:12.000Z</time>
        <extensions>
          <ns3:TrackPointExtension>
            <ns3:hr>107</ns3:hr>
            <ns3:cad>0</ns3:cad>
          </ns3:TrackPointExtension>
        </extensions>
      </trkpt>
      <trkpt lat="46.56041122041642665863037109375" lon="23.68621406145393848419189453125">
        <ele>519.4000244140625</ele>
        <time>2024-06-09T09:09:20.000Z</time>
        <extensions>
          <ns3:TrackPointExtension>
            <ns3:hr>109</ns3:hr>
            <ns3:cad>0</ns3:cad>
          </ns3:TrackPointExtension>
        </extensions>
      </trkpt>
      <trkpt lat="46.5604302473366260528564453125" lon="23.68622043170034885406494140625">
        <ele>519</ele>
        <time>2024-06-09T09:09:23.000Z</time>
        <extensions>
          <ns3:TrackPointExtension>
            <ns3:hr>110</ns3:hr>
            <ns3:cad>53</ns3:cad>
          </ns3:TrackPointExtension>
        </extensions>
      </trkpt>
      <trkpt lat="46.5604480169713497161865234375" lon="23.6862590722739696502685546875">
        <ele>518.4000244140625</ele>
        <time>2024-06-09T09:09:27.000Z</time>
        <extensions>
          <ns3:TrackPointExtension>
            <ns3:hr>110</ns3:hr>
            <ns3:cad>55</ns3:cad>
          </ns3:TrackPointExtension>
        </extensions>
      </trkpt>
      <trkpt lat="46.560456566512584686279296875" lon="23.68628312833607196807861328125">
        <ele>518</ele>
        <time>2024-06-09T09:09:29.000Z</time>
        <extensions>
          <ns3:TrackPointExtension>
            <ns3:hr>110</ns3:hr>
            <ns3:cad>56</ns3:cad>
          </ns3:TrackPointExtension>
        </extensions>
      </trkpt>
      <trkpt lat="46.560478694736957550048828125" lon="23.6863029934465885162353515625">
        <ele>516.5999755859375</ele>
        <time>2024-06-09T09:09:33.000Z</time>
        <extensions>
          <ns3:TrackPointExtension>
            <ns3:hr>110</ns3:hr>
            <ns3:cad>0</ns3:cad>
          </ns3:TrackPointExtension>
        </extensions>
      </trkpt>
      <trkpt lat="46.5604828856885433197021484375" lon="23.6863174103200435638427734375">
        <ele>516.20001220703125</ele>
        <time>2024-06-09T09:09:35.000Z</time>
        <extensions>
          <ns3:TrackPointExtension>
            <ns3:hr>110</ns3:hr>
            <ns3:cad>61</ns3:cad>
          </ns3:TrackPointExtension>
        </extensions>
      </trkpt>
      <trkpt lat="46.56049017794430255889892578125" lon="23.6863418854773044586181640625">
        <ele>515.5999755859375</ele>
        <time>2024-06-09T09:09:38.000Z</time>
        <extensions>
          <ns3:TrackPointExtension>
            <ns3:hr>109</ns3:hr>
            <ns3:cad>63</ns3:cad>
          </ns3:TrackPointExtension>
        </extensions>
      </trkpt>
      <trkpt lat="46.5605009905993938446044921875" lon="23.68635688908398151397705078125">
        <ele>514.5999755859375</ele>
        <time>2024-06-09T09:09:42.000Z</time>
        <extensions>
          <ns3:TrackPointExtension>
            <ns3:hr>106</ns3:hr>
            <ns3:cad>62</ns3:cad>
          </ns3:TrackPointExtension>
        </extensions>
      </trkpt>
      <trkpt lat="46.5605033375322818756103515625" lon="23.68635688908398151397705078125">
        <ele>514.4000244140625</ele>
        <time>2024-06-09T09:09:43.000Z</time>
        <extensions>
          <ns3:TrackPointExtension>
            <ns3:hr>105</ns3:hr>
            <ns3:cad>62</ns3:cad>
          </ns3:TrackPointExtension>
        </extensions>
      </trkpt>
      <trkpt lat="46.560514234006404876708984375" lon="23.6863690428435802459716796875">
        <ele>513.79998779296875</ele>
        <time>2024-06-09T09:09:48.000Z</time>
        <extensions>
          <ns3:TrackPointExtension>
            <ns3:hr>102</ns3:hr>
            <ns3:cad>55</ns3:cad>
          </ns3:TrackPointExtension>
        </extensions>
      </trkpt>
      <trkpt lat="46.560517251491546630859375" lon="23.68637314997613430023193359375">
        <ele>513.4000244140625</ele>
        <time>2024-06-09T09:09:49.000Z</time>
        <extensions>
          <ns3:TrackPointExtension>
            <ns3:hr>102</ns3:hr>
            <ns3:cad>55</ns3:cad>
          </ns3:TrackPointExtension>
        </extensions>
      </trkpt>
      <trkpt lat="46.56052806414663791656494140625" lon="23.68638237006962299346923828125">
        <ele>512.79998779296875</ele>
        <time>2024-06-09T09:09:52.000Z</time>
        <extensions>
          <ns3:TrackPointExtension>
            <ns3:hr>102</ns3:hr>
            <ns3:cad>55</ns3:cad>
          </ns3:TrackPointExtension>
        </extensions>
      </trkpt>
      <trkpt lat="46.5605435706675052642822265625" lon="23.68639175780117511749267578125">
        <ele>512.4000244140625</ele>
        <time>2024-06-09T09:09:55.000Z</time>
        <extensions>
          <ns3:TrackPointExtension>
            <ns3:hr>100</ns3:hr>
            <ns3:cad>55</ns3:cad>
          </ns3:TrackPointExtension>
        </extensions>
      </trkpt>
      <trkpt lat="46.560577936470508575439453125" lon="23.686418831348419189453125">
        <ele>511.399993896484375</ele>
        <time>2024-06-09T09:10:00.000Z</time>
        <extensions>
          <ns3:TrackPointExtension>
            <ns3:hr>99</ns3:hr>
            <ns3:cad>49</ns3:cad>
          </ns3:TrackPointExtension>
        </extensions>
      </trkpt>
      <trkpt lat="46.56059327535331249237060546875" lon="23.68643199093639850616455078125">
        <ele>511.20001220703125</ele>
        <time>2024-06-09T09:10:03.000Z</time>
        <extensions>
          <ns3:TrackPointExtension>
            <ns3:hr>99</ns3:hr>
            <ns3:cad>53</ns3:cad>
          </ns3:TrackPointExtension>
        </extensions>
      </trkpt>
      <trkpt lat="46.5606149844825267791748046875" lon="23.68647406809031963348388671875">
        <ele>510</ele>
        <time>2024-06-09T09:10:08.000Z</time>
        <extensions>
          <ns3:TrackPointExtension>
            <ns3:hr>98</ns3:hr>
            <ns3:cad>53</ns3:cad>
          </ns3:TrackPointExtension>
        </extensions>
      </trkpt>
      <trkpt lat="46.56061775051057338714599609375" lon="23.68648261763155460357666015625">
        <ele>509.79998779296875</ele>
        <time>2024-06-09T09:10:10.000Z</time>
        <extensions>
          <ns3:TrackPointExtension>
            <ns3:hr>98</ns3:hr>
            <ns3:cad>0</ns3:cad>
          </ns3:TrackPointExtension>
        </extensions>
      </trkpt>
      <trkpt lat="46.5605774335563182830810546875" lon="23.68646250106394290924072265625">
        <ele>509.399993896484375</ele>
        <time>2024-06-09T09:10:20.000Z</time>
        <extensions>
          <ns3:TrackPointExtension>
            <ns3:hr>98</ns3:hr>
            <ns3:cad>0</ns3:cad>
          </ns3:TrackPointExtension>
        </extensions>
      </trkpt>
      <trkpt lat="46.56056025065481662750244140625" lon="23.6864612437784671783447265625">
        <ele>509.399993896484375</ele>
        <time>2024-06-09T09:10:26.000Z</time>
        <extensions>
          <ns3:TrackPointExtension>
            <ns3:hr>101</ns3:hr>
            <ns3:cad>0</ns3:cad>
          </ns3:TrackPointExtension>
        </extensions>
      </trkpt>
      <trkpt lat="46.56057232059538364410400390625" lon="23.68647239170968532562255859375">
        <ele>509.79998779296875</ele>
        <time>2024-06-09T09:10:29.000Z</time>
        <extensions>
          <ns3:TrackPointExtension>
            <ns3:hr>101</ns3:hr>
            <ns3:cad>0</ns3:cad>
          </ns3:TrackPointExtension>
        </extensions>
      </trkpt>
      <trkpt lat="46.5605469234287738800048828125" lon="23.68647859431803226470947265625">
        <ele>510.20001220703125</ele>
        <time>2024-06-09T09:10:38.000Z</time>
        <extensions>
          <ns3:TrackPointExtension>
            <ns3:hr>104</ns3:hr>
            <ns3:cad>0</ns3:cad>
          </ns3:TrackPointExtension>
        </extensions>
      </trkpt>
      <trkpt lat="46.56053979881107807159423828125" lon="23.68647423572838306427001953125">
        <ele>510.20001220703125</ele>
        <time>2024-06-09T09:10:39.000Z</time>
        <extensions>
          <ns3:TrackPointExtension>
            <ns3:hr>104</ns3:hr>
            <ns3:cad>0</ns3:cad>
          </ns3:TrackPointExtension>
        </extensions>
      </trkpt>
      <trkpt lat="46.56051415018737316131591796875" lon="23.686431236565113067626953125">
        <ele>510.79998779296875</ele>
        <time>2024-06-09T09:10:43.000Z</time>
        <extensions>
          <ns3:TrackPointExtension>
            <ns3:hr>110</ns3:hr>
            <ns3:cad>48</ns3:cad>
          </ns3:TrackPointExtension>
        </extensions>
      </trkpt>
      <trkpt lat="46.56050308607518672943115234375" lon="23.686413466930389404296875">
        <ele>511.399993896484375</ele>
        <time>2024-06-09T09:10:45.000Z</time>
        <extensions>
          <ns3:TrackPointExtension>
            <ns3:hr>112</ns3:hr>
            <ns3:cad>45</ns3:cad>
          </ns3:TrackPointExtension>
        </extensions>
      </trkpt>
      <trkpt lat="46.56049503944814205169677734375" lon="23.68640064261853694915771484375">
        <ele>511.600006103515625</ele>
        <time>2024-06-09T09:10:46.000Z</time>
        <extensions>
          <ns3:TrackPointExtension>
            <ns3:hr>113</ns3:hr>
            <ns3:cad>45</ns3:cad>
          </ns3:TrackPointExtension>
        </extensions>
      </trkpt>
      <trkpt lat="46.5604657866060733795166015625" lon="23.68636292405426502227783203125">
        <ele>512.5999755859375</ele>
        <time>2024-06-09T09:10:50.000Z</time>
        <extensions>
          <ns3:TrackPointExtension>
            <ns3:hr>110</ns3:hr>
            <ns3:cad>43</ns3:cad>
          </ns3:TrackPointExtension>
        </extensions>
      </trkpt>
      <trkpt lat="46.56044608913362026214599609375" lon="23.68632436729967594146728515625">
        <ele>513.79998779296875</ele>
        <time>2024-06-09T09:10:54.000Z</time>
        <extensions>
          <ns3:TrackPointExtension>
            <ns3:hr>112</ns3:hr>
            <ns3:cad>44</ns3:cad>
          </ns3:TrackPointExtension>
        </extensions>
      </trkpt>
      <trkpt lat="46.56043401919305324554443359375" lon="23.6863026581704616546630859375">
        <ele>514.5999755859375</ele>
        <time>2024-06-09T09:10:56.000Z</time>
        <extensions>
          <ns3:TrackPointExtension>
            <ns3:hr>116</ns3:hr>
            <ns3:cad>44</ns3:cad>
          </ns3:TrackPointExtension>
        </extensions>
      </trkpt>
      <trkpt lat="46.5604285709559917449951171875" lon="23.686291761696338653564453125">
        <ele>514.79998779296875</ele>
        <time>2024-06-09T09:10:57.000Z</time>
        <extensions>
          <ns3:TrackPointExtension>
            <ns3:hr>117</ns3:hr>
            <ns3:cad>42</ns3:cad>
          </ns3:TrackPointExtension>
        </extensions>
      </trkpt>
      <trkpt lat="46.5604339353740215301513671875" lon="23.68625932373106479644775390625">
        <ele>516</ele>
        <time>2024-06-09T09:11:00.000Z</time>
        <extensions>
          <ns3:TrackPointExtension>
            <ns3:hr>124</ns3:hr>
            <ns3:cad>42</ns3:cad>
          </ns3:TrackPointExtension>
        </extensions>
      </trkpt>
      <trkpt lat="46.56043837778270244598388671875" lon="23.6862530373036861419677734375">
        <ele>516.4000244140625</ele>
        <time>2024-06-09T09:11:01.000Z</time>
        <extensions>
          <ns3:TrackPointExtension>
            <ns3:hr>127</ns3:hr>
            <ns3:cad>42</ns3:cad>
          </ns3:TrackPointExtension>
        </extensions>
      </trkpt>
      <trkpt lat="46.560443826019763946533203125" lon="23.68624540977180004119873046875">
        <ele>516.5999755859375</ele>
        <time>2024-06-09T09:11:02.000Z</time>
        <extensions>
          <ns3:TrackPointExtension>
            <ns3:hr>128</ns3:hr>
            <ns3:cad>43</ns3:cad>
          </ns3:TrackPointExtension>
        </extensions>
      </trkpt>
      <trkpt lat="46.560452543199062347412109375" lon="23.68624021299183368682861328125">
        <ele>517</ele>
        <time>2024-06-09T09:11:03.000Z</time>
        <extensions>
          <ns3:TrackPointExtension>
            <ns3:hr>129</ns3:hr>
            <ns3:cad>44</ns3:cad>
          </ns3:TrackPointExtension>
        </extensions>
      </trkpt>
      <trkpt lat="46.56050585210323333740234375" lon="23.6862429790198802947998046875">
        <ele>517.4000244140625</ele>
        <time>2024-06-09T09:11:07.000Z</time>
        <extensions>
          <ns3:TrackPointExtension>
            <ns3:hr>132</ns3:hr>
            <ns3:cad>51</ns3:cad>
          </ns3:TrackPointExtension>
        </extensions>
      </trkpt>
      <trkpt lat="46.5605244599282741546630859375" lon="23.68624289520084857940673828125">
        <ele>517.4000244140625</ele>
        <time>2024-06-09T09:11:09.000Z</time>
        <extensions>
          <ns3:TrackPointExtension>
            <ns3:hr>133</ns3:hr>
            <ns3:cad>52</ns3:cad>
          </ns3:TrackPointExtension>
        </extensions>
      </trkpt>
      <trkpt lat="46.560585312545299530029296875" lon="23.68625161238014698028564453125">
        <ele>516.20001220703125</ele>
        <time>2024-06-09T09:11:17.000Z</time>
        <extensions>
          <ns3:TrackPointExtension>
            <ns3:hr>135</ns3:hr>
            <ns3:cad>56</ns3:cad>
          </ns3:TrackPointExtension>
        </extensions>
      </trkpt>
      <trkpt lat="46.56060785986483097076416015625" lon="23.6862493492662906646728515625">
        <ele>516</ele>
        <time>2024-06-09T09:11:19.000Z</time>
        <extensions>
          <ns3:TrackPointExtension>
            <ns3:hr>134</ns3:hr>
            <ns3:cad>56</ns3:cad>
          </ns3:TrackPointExtension>
        </extensions>
      </trkpt>
      <trkpt lat="46.56061582267284393310546875" lon="23.68625144474208354949951171875">
        <ele>516</ele>
        <time>2024-06-09T09:11:20.000Z</time>
        <extensions>
          <ns3:TrackPointExtension>
            <ns3:hr>130</ns3:hr>
            <ns3:cad>56</ns3:cad>
          </ns3:TrackPointExtension>
        </extensions>
      </trkpt>
      <trkpt lat="46.5606419742107391357421875" lon="23.68626485578715801239013671875">
        <ele>515.4000244140625</ele>
        <time>2024-06-09T09:11:24.000Z</time>
        <extensions>
          <ns3:TrackPointExtension>
            <ns3:hr>128</ns3:hr>
            <ns3:cad>0</ns3:cad>
          </ns3:TrackPointExtension>
        </extensions>
      </trkpt>
      <trkpt lat="46.56066016294062137603759765625" lon="23.68627860210835933685302734375">
        <ele>514.5999755859375</ele>
        <time>2024-06-09T09:11:28.000Z</time>
        <extensions>
          <ns3:TrackPointExtension>
            <ns3:hr>125</ns3:hr>
            <ns3:cad>53</ns3:cad>
          </ns3:TrackPointExtension>
        </extensions>
      </trkpt>
      <trkpt lat="46.56069603748619556427001953125" lon="23.68630743585526943206787109375">
        <ele>514</ele>
        <time>2024-06-09T09:11:31.000Z</time>
        <extensions>
          <ns3:TrackPointExtension>
            <ns3:hr>124</ns3:hr>
            <ns3:cad>53</ns3:cad>
          </ns3:TrackPointExtension>
        </extensions>
      </trkpt>
      <trkpt lat="46.56071531586349010467529296875" lon="23.68632160127162933349609375">
        <ele>513.5999755859375</ele>
        <time>2024-06-09T09:11:33.000Z</time>
        <extensions>
          <ns3:TrackPointExtension>
            <ns3:hr>123</ns3:hr>
            <ns3:cad>0</ns3:cad>
          </ns3:TrackPointExtension>
        </extensions>
      </trkpt>
      <trkpt lat="46.56075957231223583221435546875" lon="23.6863576434552669525146484375">
        <ele>512.79998779296875</ele>
        <time>2024-06-09T09:11:38.000Z</time>
        <extensions>
          <ns3:TrackPointExtension>
            <ns3:hr>121</ns3:hr>
            <ns3:cad>55</ns3:cad>
          </ns3:TrackPointExtension>
        </extensions>
      </trkpt>
      <trkpt lat="46.56076795421540737152099609375" lon="23.686365187168121337890625">
        <ele>512.4000244140625</ele>
        <time>2024-06-09T09:11:39.000Z</time>
        <extensions>
          <ns3:TrackPointExtension>
            <ns3:hr>121</ns3:hr>
            <ns3:cad>55</ns3:cad>
          </ns3:TrackPointExtension>
        </extensions>
      </trkpt>
      <trkpt lat="46.56083534471690654754638671875" lon="23.68639963679015636444091796875">
        <ele>511.399993896484375</ele>
        <time>2024-06-09T09:11:46.000Z</time>
        <extensions>
          <ns3:TrackPointExtension>
            <ns3:hr>121</ns3:hr>
            <ns3:cad>56</ns3:cad>
          </ns3:TrackPointExtension>
        </extensions>
      </trkpt>
      <trkpt lat="46.5609049983322620391845703125" lon="23.68643291294574737548828125">
        <ele>510.20001220703125</ele>
        <time>2024-06-09T09:11:52.000Z</time>
        <extensions>
          <ns3:TrackPointExtension>
            <ns3:hr>120</ns3:hr>
            <ns3:cad>55</ns3:cad>
          </ns3:TrackPointExtension>
        </extensions>
      </trkpt>
      <trkpt lat="46.560910530388355255126953125" lon="23.68643953464925289154052734375">
        <ele>510</ele>
        <time>2024-06-09T09:11:54.000Z</time>
        <extensions>
          <ns3:TrackPointExtension>
            <ns3:hr>120</ns3:hr>
            <ns3:cad>0</ns3:cad>
          </ns3:TrackPointExtension>
        </extensions>
      </trkpt>
      <trkpt lat="46.56092234887182712554931640625" lon="23.6864468269050121307373046875">
        <ele>510.20001220703125</ele>
        <time>2024-06-09T09:11:58.000Z</time>
        <extensions>
          <ns3:TrackPointExtension>
            <ns3:hr>119</ns3:hr>
            <ns3:cad>0</ns3:cad>
          </ns3:TrackPointExtension>
        </extensions>
      </trkpt>
      <trkpt lat="46.56093089841306209564208984375" lon="23.68646015413105487823486328125">
        <ele>510</ele>
        <time>2024-06-09T09:12:03.000Z</time>
        <extensions>
          <ns3:TrackPointExtension>
            <ns3:hr>116</ns3:hr>
            <ns3:cad>0</ns3:cad>
          </ns3:TrackPointExtension>
        </extensions>
      </trkpt>
      <trkpt lat="46.5609294734895229339599609375" lon="23.68646417744457721710205078125">
        <ele>510</ele>
        <time>2024-06-09T09:12:04.000Z</time>
        <extensions>
          <ns3:TrackPointExtension>
            <ns3:hr>107</ns3:hr>
            <ns3:cad>0</ns3:cad>
          </ns3:TrackPointExtension>
        </extensions>
      </trkpt>
      <trkpt lat="46.56092737801373004913330078125" lon="23.68646652437746524810791015625">
        <ele>510.20001220703125</ele>
        <time>2024-06-09T09:12:05.000Z</time>
        <extensions>
          <ns3:TrackPointExtension>
            <ns3:hr>104</ns3:hr>
            <ns3:cad>0</ns3:cad>
          </ns3:TrackPointExtension>
        </extensions>
      </trkpt>
      <trkpt lat="46.56093223951756954193115234375" lon="23.68647255934774875640869140625">
        <ele>509.79998779296875</ele>
        <time>2024-06-09T09:12:16.000Z</time>
        <extensions>
          <ns3:TrackPointExtension>
            <ns3:hr>103</ns3:hr>
            <ns3:cad>0</ns3:cad>
          </ns3:TrackPointExtension>
        </extensions>
      </trkpt>
      <trkpt lat="46.56094095669686794281005859375" lon="23.68653751909732818603515625">
        <ele>509.399993896484375</ele>
        <time>2024-06-09T09:12:21.000Z</time>
        <extensions>
          <ns3:TrackPointExtension>
            <ns3:hr>104</ns3:hr>
            <ns3:cad>0</ns3:cad>
          </ns3:TrackPointExtension>
        </extensions>
      </trkpt>
      <trkpt lat="46.56094397418200969696044921875" lon="23.68653793819248676300048828125">
        <ele>509.20001220703125</ele>
        <time>2024-06-09T09:12:23.000Z</time>
        <extensions>
          <ns3:TrackPointExtension>
            <ns3:hr>104</ns3:hr>
            <ns3:cad>0</ns3:cad>
          </ns3:TrackPointExtension>
        </extensions>
      </trkpt>
      <trkpt lat="46.5609445609152317047119140625" lon="23.6865822784602642059326171875">
        <ele>508.79998779296875</ele>
        <time>2024-06-09T09:12:27.000Z</time>
        <extensions>
          <ns3:TrackPointExtension>
            <ns3:hr>104</ns3:hr>
            <ns3:cad>0</ns3:cad>
          </ns3:TrackPointExtension>
        </extensions>
      </trkpt>
      <trkpt lat="46.56095017679035663604736328125" lon="23.686669953167438507080078125">
        <ele>508</ele>
        <time>2024-06-09T09:12:32.000Z</time>
        <extensions>
          <ns3:TrackPointExtension>
            <ns3:hr>105</ns3:hr>
            <ns3:cad>55</ns3:cad>
          </ns3:TrackPointExtension>
        </extensions>
      </trkpt>
      <trkpt lat="46.5609556250274181365966796875" lon="23.68667699396610260009765625">
        <ele>507.79998779296875</ele>
        <time>2024-06-09T09:12:33.000Z</time>
        <extensions>
          <ns3:TrackPointExtension>
            <ns3:hr>105</ns3:hr>
            <ns3:cad>55</ns3:cad>
          </ns3:TrackPointExtension>
        </extensions>
      </trkpt>
      <trkpt lat="46.560994684696197509765625" lon="23.686716891825199127197265625">
        <ele>507</ele>
        <time>2024-06-09T09:12:38.000Z</time>
        <extensions>
          <ns3:TrackPointExtension>
            <ns3:hr>105</ns3:hr>
            <ns3:cad>56</ns3:cad>
          </ns3:TrackPointExtension>
        </extensions>
      </trkpt>
      <trkpt lat="46.56101874075829982757568359375" lon="23.686745725572109222412109375">
        <ele>506.600006103515625</ele>
        <time>2024-06-09T09:12:41.000Z</time>
        <extensions>
          <ns3:TrackPointExtension>
            <ns3:hr>105</ns3:hr>
            <ns3:cad>52</ns3:cad>
          </ns3:TrackPointExtension>
        </extensions>
      </trkpt>
      <trkpt lat="46.5610712952911853790283203125" lon="23.686781264841556549072265625">
        <ele>506</ele>
        <time>2024-06-09T09:12:47.000Z</time>
        <extensions>
          <ns3:TrackPointExtension>
            <ns3:hr>106</ns3:hr>
            <ns3:cad>54</ns3:cad>
          </ns3:TrackPointExtension>
        </extensions>
      </trkpt>
      <trkpt lat="46.56107707880437374114990234375" lon="23.6867908202111721038818359375">
        <ele>505.79998779296875</ele>
        <time>2024-06-09T09:12:48.000Z</time>
        <extensions>
          <ns3:TrackPointExtension>
            <ns3:hr>106</ns3:hr>
            <ns3:cad>54</ns3:cad>
          </ns3:TrackPointExtension>
        </extensions>
      </trkpt>
      <trkpt lat="46.5611182339489459991455078125" lon="23.6868394352495670318603515625">
        <ele>505.399993896484375</ele>
        <time>2024-06-09T09:12:54.000Z</time>
        <extensions>
          <ns3:TrackPointExtension>
            <ns3:hr>103</ns3:hr>
            <ns3:cad>53</ns3:cad>
          </ns3:TrackPointExtension>
        </extensions>
      </trkpt>
      <trkpt lat="46.561134159564971923828125" lon="23.68685561232268810272216796875">
        <ele>504.79998779296875</ele>
        <time>2024-06-09T09:12:56.000Z</time>
        <extensions>
          <ns3:TrackPointExtension>
            <ns3:hr>103</ns3:hr>
            <ns3:cad>53</ns3:cad>
          </ns3:TrackPointExtension>
        </extensions>
      </trkpt>
      <trkpt lat="46.56121470965445041656494140625" lon="23.686901964247226715087890625">
        <ele>503.79998779296875</ele>
        <time>2024-06-09T09:13:02.000Z</time>
        <extensions>
          <ns3:TrackPointExtension>
            <ns3:hr>102</ns3:hr>
            <ns3:cad>58</ns3:cad>
          </ns3:TrackPointExtension>
        </extensions>
      </trkpt>
      <trkpt lat="46.56124689616262912750244140625" lon="23.68692719377577304840087890625">
        <ele>503.399993896484375</ele>
        <time>2024-06-09T09:13:05.000Z</time>
        <extensions>
          <ns3:TrackPointExtension>
            <ns3:hr>101</ns3:hr>
            <ns3:cad>55</ns3:cad>
          </ns3:TrackPointExtension>
        </extensions>
      </trkpt>
      <trkpt lat="46.5612969361245632171630859375" lon="23.686989136040210723876953125">
        <ele>502.600006103515625</ele>
        <time>2024-06-09T09:13:14.000Z</time>
        <extensions>
          <ns3:TrackPointExtension>
            <ns3:hr>99</ns3:hr>
            <ns3:cad>55</ns3:cad>
          </ns3:TrackPointExtension>
        </extensions>
      </trkpt>
      <trkpt lat="46.5613623149693012237548828125" lon="23.68704956956207752227783203125">
        <ele>502.20001220703125</ele>
        <time>2024-06-09T09:13:22.000Z</time>
        <extensions>
          <ns3:TrackPointExtension>
            <ns3:hr>99</ns3:hr>
            <ns3:cad>57</ns3:cad>
          </ns3:TrackPointExtension>
        </extensions>
      </trkpt>
      <trkpt lat="46.56138486228883266448974609375" lon="23.687065578997135162353515625">
        <ele>501.399993896484375</ele>
        <time>2024-06-09T09:13:26.000Z</time>
        <extensions>
          <ns3:TrackPointExtension>
            <ns3:hr>100</ns3:hr>
            <ns3:cad>52</ns3:cad>
          </ns3:TrackPointExtension>
        </extensions>
      </trkpt>
      <trkpt lat="46.5614075772464275360107421875" lon="23.68710748851299285888671875">
        <ele>501</ele>
        <time>2024-06-09T09:13:30.000Z</time>
        <extensions>
          <ns3:TrackPointExtension>
            <ns3:hr>99</ns3:hr>
            <ns3:cad>0</ns3:cad>
          </ns3:TrackPointExtension>
        </extensions>
      </trkpt>
      <trkpt lat="46.56144068576395511627197265625" lon="23.68716238997876644134521484375">
        <ele>500.399993896484375</ele>
        <time>2024-06-09T09:13:35.000Z</time>
        <extensions>
          <ns3:TrackPointExtension>
            <ns3:hr>98</ns3:hr>
            <ns3:cad>54</ns3:cad>
          </ns3:TrackPointExtension>
        </extensions>
      </trkpt>
      <trkpt lat="46.56147102825343608856201171875" lon="23.6872270144522190093994140625">
        <ele>499.600006103515625</ele>
        <time>2024-06-09T09:13:40.000Z</time>
        <extensions>
          <ns3:TrackPointExtension>
            <ns3:hr>97</ns3:hr>
            <ns3:cad>49</ns3:cad>
          </ns3:TrackPointExtension>
        </extensions>
      </trkpt>
      <trkpt lat="46.56149751506745815277099609375" lon="23.6872702650725841522216796875">
        <ele>499.20001220703125</ele>
        <time>2024-06-09T09:13:44.000Z</time>
        <extensions>
          <ns3:TrackPointExtension>
            <ns3:hr>97</ns3:hr>
            <ns3:cad>50</ns3:cad>
          </ns3:TrackPointExtension>
        </extensions>
      </trkpt>
      <trkpt lat="46.561546884477138519287109375" lon="23.68735802359879016876220703125">
        <ele>498</ele>
        <time>2024-06-09T09:13:52.000Z</time>
        <extensions>
          <ns3:TrackPointExtension>
            <ns3:hr>96</ns3:hr>
            <ns3:cad>55</ns3:cad>
          </ns3:TrackPointExtension>
        </extensions>
      </trkpt>
      <trkpt lat="46.5615688450634479522705078125" lon="23.68741736747324466705322265625">
        <ele>497</ele>
        <time>2024-06-09T09:13:57.000Z</time>
        <extensions>
          <ns3:TrackPointExtension>
            <ns3:hr>96</ns3:hr>
            <ns3:cad>55</ns3:cad>
          </ns3:TrackPointExtension>
        </extensions>
      </trkpt>
      <trkpt lat="46.5615899674594402313232421875" lon="23.68746531195938587188720703125">
        <ele>496.399993896484375</ele>
        <time>2024-06-09T09:14:01.000Z</time>
        <extensions>
          <ns3:TrackPointExtension>
            <ns3:hr>96</ns3:hr>
            <ns3:cad>54</ns3:cad>
          </ns3:TrackPointExtension>
        </extensions>
      </trkpt>
      <trkpt lat="46.56159692443907260894775390625" lon="23.68748878128826618194580078125">
        <ele>495.79998779296875</ele>
        <time>2024-06-09T09:14:03.000Z</time>
        <extensions>
          <ns3:TrackPointExtension>
            <ns3:hr>96</ns3:hr>
            <ns3:cad>54</ns3:cad>
          </ns3:TrackPointExtension>
        </extensions>
      </trkpt>
      <trkpt lat="46.56162223778665065765380859375" lon="23.6875512264668941497802734375">
        <ele>495</ele>
        <time>2024-06-09T09:14:10.000Z</time>
        <extensions>
          <ns3:TrackPointExtension>
            <ns3:hr>95</ns3:hr>
            <ns3:cad>53</ns3:cad>
          </ns3:TrackPointExtension>
        </extensions>
      </trkpt>
      <trkpt lat="46.5616278536617755889892578125" lon="23.68758198805153369903564453125">
        <ele>494.600006103515625</ele>
        <time>2024-06-09T09:14:12.000Z</time>
        <extensions>
          <ns3:TrackPointExtension>
            <ns3:hr>95</ns3:hr>
            <ns3:cad>52</ns3:cad>
          </ns3:TrackPointExtension>
        </extensions>
      </trkpt>
      <trkpt lat="46.56163682229816913604736328125" lon="23.68766295723617076873779296875">
        <ele>493.79998779296875</ele>
        <time>2024-06-09T09:14:18.000Z</time>
        <extensions>
          <ns3:TrackPointExtension>
            <ns3:hr>94</ns3:hr>
            <ns3:cad>51</ns3:cad>
          </ns3:TrackPointExtension>
        </extensions>
      </trkpt>
      <trkpt lat="46.56164000742137432098388671875" lon="23.6876689083874225616455078125">
        <ele>493.600006103515625</ele>
        <time>2024-06-09T09:14:19.000Z</time>
        <extensions>
          <ns3:TrackPointExtension>
            <ns3:hr>94</ns3:hr>
            <ns3:cad>51</ns3:cad>
          </ns3:TrackPointExtension>
        </extensions>
      </trkpt>
      <trkpt lat="46.5616509877145290374755859375" lon="23.68772766552865505218505859375">
        <ele>492.600006103515625</ele>
        <time>2024-06-09T09:14:25.000Z</time>
        <extensions>
          <ns3:TrackPointExtension>
            <ns3:hr>94</ns3:hr>
            <ns3:cad>54</ns3:cad>
          </ns3:TrackPointExtension>
        </extensions>
      </trkpt>
      <trkpt lat="46.561652831733226776123046875" lon="23.68778700940310955047607421875">
        <ele>492</ele>
        <time>2024-06-09T09:14:29.000Z</time>
        <extensions>
          <ns3:TrackPointExtension>
            <ns3:hr>94</ns3:hr>
            <ns3:cad>52</ns3:cad>
          </ns3:TrackPointExtension>
        </extensions>
      </trkpt>
      <trkpt lat="46.5616585314273834228515625" lon="23.68787468411028385162353515625">
        <ele>491.399993896484375</ele>
        <time>2024-06-09T09:14:36.000Z</time>
        <extensions>
          <ns3:TrackPointExtension>
            <ns3:hr>94</ns3:hr>
            <ns3:cad>53</ns3:cad>
          </ns3:TrackPointExtension>
        </extensions>
      </trkpt>
      <trkpt lat="46.56165962107479572296142578125" lon="23.68788055144250392913818359375">
        <ele>491.20001220703125</ele>
        <time>2024-06-09T09:14:37.000Z</time>
        <extensions>
          <ns3:TrackPointExtension>
            <ns3:hr>94</ns3:hr>
            <ns3:cad>56</ns3:cad>
          </ns3:TrackPointExtension>
        </extensions>
      </trkpt>
      <trkpt lat="46.5616643987596035003662109375" lon="23.68789647705852985382080078125">
        <ele>490.399993896484375</ele>
        <time>2024-06-09T09:14:40.000Z</time>
        <extensions>
          <ns3:TrackPointExtension>
            <ns3:hr>93</ns3:hr>
            <ns3:cad>56</ns3:cad>
          </ns3:TrackPointExtension>
        </extensions>
      </trkpt>
      <trkpt lat="46.5616650693118572235107421875" lon="23.68793486617505550384521484375">
        <ele>489.399993896484375</ele>
        <time>2024-06-09T09:14:45.000Z</time>
        <extensions>
          <ns3:TrackPointExtension>
            <ns3:hr>95</ns3:hr>
            <ns3:cad>52</ns3:cad>
          </ns3:TrackPointExtension>
        </extensions>
      </trkpt>
      <trkpt lat="46.56166858971118927001953125" lon="23.687932603061199188232421875">
        <ele>489.20001220703125</ele>
        <time>2024-06-09T09:14:47.000Z</time>
        <extensions>
          <ns3:TrackPointExtension>
            <ns3:hr>95</ns3:hr>
            <ns3:cad>0</ns3:cad>
          </ns3:TrackPointExtension>
        </extensions>
      </trkpt>
      <trkpt lat="46.5616422705352306365966796875" lon="23.68794978596270084381103515625">
        <ele>488.79998779296875</ele>
        <time>2024-06-09T09:14:56.000Z</time>
        <extensions>
          <ns3:TrackPointExtension>
            <ns3:hr>93</ns3:hr>
            <ns3:cad>0</ns3:cad>
          </ns3:TrackPointExtension>
        </extensions>
      </trkpt>
      <trkpt lat="46.5616489760577678680419921875" lon="23.6879515461623668670654296875">
        <ele>488.399993896484375</ele>
        <time>2024-06-09T09:14:58.000Z</time>
        <extensions>
          <ns3:TrackPointExtension>
            <ns3:hr>93</ns3:hr>
            <ns3:cad>0</ns3:cad>
          </ns3:TrackPointExtension>
        </extensions>
      </trkpt>
      <trkpt lat="46.5616855211555957794189453125" lon="23.6880018375813961029052734375">
        <ele>487.600006103515625</ele>
        <time>2024-06-09T09:15:04.000Z</time>
        <extensions>
          <ns3:TrackPointExtension>
            <ns3:hr>93</ns3:hr>
            <ns3:cad>0</ns3:cad>
          </ns3:TrackPointExtension>
        </extensions>
      </trkpt>
      <trkpt lat="46.56169180758297443389892578125" lon="23.688009716570377349853515625">
        <ele>487.20001220703125</ele>
        <time>2024-06-09T09:15:07.000Z</time>
        <extensions>
          <ns3:TrackPointExtension>
            <ns3:hr>93</ns3:hr>
            <ns3:cad>59</ns3:cad>
          </ns3:TrackPointExtension>
        </extensions>
      </trkpt>
      <trkpt lat="46.5617014467716217041015625" lon="23.68800644762814044952392578125">
        <ele>486.79998779296875</ele>
        <time>2024-06-09T09:15:14.000Z</time>
        <extensions>
          <ns3:TrackPointExtension>
            <ns3:hr>91</ns3:hr>
            <ns3:cad>0</ns3:cad>
          </ns3:TrackPointExtension>
        </extensions>
      </trkpt>
      <trkpt lat="46.56170069240033626556396484375" lon="23.6880095489323139190673828125">
        <ele>486.399993896484375</ele>
        <time>2024-06-09T09:15:20.000Z</time>
        <extensions>
          <ns3:TrackPointExtension>
            <ns3:hr>94</ns3:hr>
            <ns3:cad>0</ns3:cad>
          </ns3:TrackPointExtension>
        </extensions>
      </trkpt>
      <trkpt lat="46.56170077621936798095703125" lon="23.68799705989658832550048828125">
        <ele>486.399993896484375</ele>
        <time>2024-06-09T09:15:24.000Z</time>
        <extensions>
          <ns3:TrackPointExtension>
            <ns3:hr>96</ns3:hr>
            <ns3:cad>0</ns3:cad>
          </ns3:TrackPointExtension>
        </extensions>
      </trkpt>
      <trkpt lat="46.56170370988547801971435546875" lon="23.68797476403415203094482421875">
        <ele>486.600006103515625</ele>
        <time>2024-06-09T09:15:27.000Z</time>
        <extensions>
          <ns3:TrackPointExtension>
            <ns3:hr>99</ns3:hr>
            <ns3:cad>0</ns3:cad>
          </ns3:TrackPointExtension>
        </extensions>
      </trkpt>
      <trkpt lat="46.56170639209449291229248046875" lon="23.68798649869859218597412109375">
        <ele>486.600006103515625</ele>
        <time>2024-06-09T09:15:34.000Z</time>
        <extensions>
          <ns3:TrackPointExtension>
            <ns3:hr>99</ns3:hr>
            <ns3:cad>0</ns3:cad>
          </ns3:TrackPointExtension>
        </extensions>
      </trkpt>
      <trkpt lat="46.56170253641903400421142578125" lon="23.68801734410226345062255859375">
        <ele>486.399993896484375</ele>
        <time>2024-06-09T09:15:44.000Z</time>
        <extensions>
          <ns3:TrackPointExtension>
            <ns3:hr>96</ns3:hr>
            <ns3:cad>0</ns3:cad>
          </ns3:TrackPointExtension>
        </extensions>
      </trkpt>
      <trkpt lat="46.5617012791335582733154296875" lon="23.68801298551261425018310546875">
        <ele>486.399993896484375</ele>
        <time>2024-06-09T09:15:46.000Z</time>
        <extensions>
          <ns3:TrackPointExtension>
            <ns3:hr>95</ns3:hr>
            <ns3:cad>0</ns3:cad>
          </ns3:TrackPointExtension>
        </extensions>
      </trkpt>
      <trkpt lat="46.56169474124908447265625" lon="23.68800711818039417266845703125">
        <ele>486.20001220703125</ele>
        <time>2024-06-09T09:15:50.000Z</time>
        <extensions>
          <ns3:TrackPointExtension>
            <ns3:hr>98</ns3:hr>
            <ns3:cad>0</ns3:cad>
          </ns3:TrackPointExtension>
        </extensions>
      </trkpt>
      <trkpt lat="46.5616928972303867340087890625" lon="23.68800963275134563446044921875">
        <ele>486.20001220703125</ele>
        <time>2024-06-09T09:15:51.000Z</time>
        <extensions>
          <ns3:TrackPointExtension>
            <ns3:hr>99</ns3:hr>
            <ns3:cad>0</ns3:cad>
          </ns3:TrackPointExtension>
        </extensions>
      </trkpt>
      <trkpt lat="46.56169180758297443389892578125" lon="23.688020445406436920166015625">
        <ele>486</ele>
        <time>2024-06-09T09:15:54.000Z</time>
        <extensions>
          <ns3:TrackPointExtension>
            <ns3:hr>102</ns3:hr>
            <ns3:cad>0</ns3:cad>
          </ns3:TrackPointExtension>
        </extensions>
      </trkpt>
      <trkpt lat="46.5616885386407375335693359375" lon="23.68804232217371463775634765625">
        <ele>486</ele>
        <time>2024-06-09T09:15:56.000Z</time>
        <extensions>
          <ns3:TrackPointExtension>
            <ns3:hr>102</ns3:hr>
            <ns3:cad>0</ns3:cad>
          </ns3:TrackPointExtension>
        </extensions>
      </trkpt>
      <trkpt lat="46.56167672015726566314697265625" lon="23.68803746066987514495849609375">
        <ele>485.600006103515625</ele>
        <time>2024-06-09T09:16:01.000Z</time>
        <extensions>
          <ns3:TrackPointExtension>
            <ns3:hr>98</ns3:hr>
            <ns3:cad>0</ns3:cad>
          </ns3:TrackPointExtension>
        </extensions>
      </trkpt>
      <trkpt lat="46.56167152337729930877685546875" lon="23.6880427412688732147216796875">
        <ele>485.399993896484375</ele>
        <time>2024-06-09T09:16:05.000Z</time>
        <extensions>
          <ns3:TrackPointExtension>
            <ns3:hr>98</ns3:hr>
            <ns3:cad>0</ns3:cad>
          </ns3:TrackPointExtension>
        </extensions>
      </trkpt>
      <trkpt lat="46.56166180036962032318115234375" lon="23.6880434118211269378662109375">
        <ele>485.399993896484375</ele>
        <time>2024-06-09T09:16:11.000Z</time>
        <extensions>
          <ns3:TrackPointExtension>
            <ns3:hr>95</ns3:hr>
            <ns3:cad>0</ns3:cad>
          </ns3:TrackPointExtension>
        </extensions>
      </trkpt>
      <trkpt lat="46.56165224500000476837158203125" lon="23.6880362033843994140625">
        <ele>485.399993896484375</ele>
        <time>2024-06-09T09:16:14.000Z</time>
        <extensions>
          <ns3:TrackPointExtension>
            <ns3:hr>94</ns3:hr>
            <ns3:cad>0</ns3:cad>
          </ns3:TrackPointExtension>
        </extensions>
      </trkpt>
      <trkpt lat="46.56164436601102352142333984375" lon="23.6880303360521793365478515625">
        <ele>485.20001220703125</ele>
        <time>2024-06-09T09:16:17.000Z</time>
        <extensions>
          <ns3:TrackPointExtension>
            <ns3:hr>95</ns3:hr>
            <ns3:cad>0</ns3:cad>
          </ns3:TrackPointExtension>
        </extensions>
      </trkpt>
      <trkpt lat="46.561635397374629974365234375" lon="23.68802589364349842071533203125">
        <ele>485</ele>
        <time>2024-06-09T09:16:20.000Z</time>
        <extensions>
          <ns3:TrackPointExtension>
            <ns3:hr>98</ns3:hr>
            <ns3:cad>0</ns3:cad>
          </ns3:TrackPointExtension>
        </extensions>
      </trkpt>
      <trkpt lat="46.5616231597959995269775390625" lon="23.68798591196537017822265625">
        <ele>485</ele>
        <time>2024-06-09T09:16:24.000Z</time>
        <extensions>
          <ns3:TrackPointExtension>
            <ns3:hr>101</ns3:hr>
            <ns3:cad>0</ns3:cad>
          </ns3:TrackPointExtension>
        </extensions>
      </trkpt>
      <trkpt lat="46.56162542290985584259033203125" lon="23.6879810504615306854248046875">
        <ele>485</ele>
        <time>2024-06-09T09:16:25.000Z</time>
        <extensions>
          <ns3:TrackPointExtension>
            <ns3:hr>101</ns3:hr>
            <ns3:cad>0</ns3:cad>
          </ns3:TrackPointExtension>
        </extensions>
      </trkpt>
      <trkpt lat="46.561631374061107635498046875" lon="23.68795816786587238311767578125">
        <ele>485.399993896484375</ele>
        <time>2024-06-09T09:16:28.000Z</time>
        <extensions>
          <ns3:TrackPointExtension>
            <ns3:hr>105</ns3:hr>
            <ns3:cad>0</ns3:cad>
          </ns3:TrackPointExtension>
        </extensions>
      </trkpt>
      <trkpt lat="46.56163615174591541290283203125" lon="23.68788105435669422149658203125">
        <ele>486.20001220703125</ele>
        <time>2024-06-09T09:16:33.000Z</time>
        <extensions>
          <ns3:TrackPointExtension>
            <ns3:hr>107</ns3:hr>
            <ns3:cad>43</ns3:cad>
          </ns3:TrackPointExtension>
        </extensions>
      </trkpt>
      <trkpt lat="46.56164285726845264434814453125" lon="23.6878305114805698394775390625">
        <ele>487.79998779296875</ele>
        <time>2024-06-09T09:16:38.000Z</time>
        <extensions>
          <ns3:TrackPointExtension>
            <ns3:hr>107</ns3:hr>
            <ns3:cad>0</ns3:cad>
          </ns3:TrackPointExtension>
        </extensions>
      </trkpt>
      <trkpt lat="46.56163564883172512054443359375" lon="23.68779740296304225921630859375">
        <ele>488</ele>
        <time>2024-06-09T09:16:42.000Z</time>
        <extensions>
          <ns3:TrackPointExtension>
            <ns3:hr>107</ns3:hr>
            <ns3:cad>0</ns3:cad>
          </ns3:TrackPointExtension>
        </extensions>
      </trkpt>
      <trkpt lat="46.5616318769752979278564453125" lon="23.68770872242748737335205078125">
        <ele>488.600006103515625</ele>
        <time>2024-06-09T09:16:49.000Z</time>
        <extensions>
          <ns3:TrackPointExtension>
            <ns3:hr>111</ns3:hr>
            <ns3:cad>73</ns3:cad>
          </ns3:TrackPointExtension>
        </extensions>
      </trkpt>
      <trkpt lat="46.56163145788013935089111328125" lon="23.6876997537910938262939453125">
        <ele>488.79998779296875</ele>
        <time>2024-06-09T09:16:50.000Z</time>
        <extensions>
          <ns3:TrackPointExtension>
            <ns3:hr>112</ns3:hr>
            <ns3:cad>73</ns3:cad>
          </ns3:TrackPointExtension>
        </extensions>
      </trkpt>
      <trkpt lat="46.5616271831095218658447265625" lon="23.68766211904585361480712890625">
        <ele>489.20001220703125</ele>
        <time>2024-06-09T09:16:53.000Z</time>
        <extensions>
          <ns3:TrackPointExtension>
            <ns3:hr>115</ns3:hr>
            <ns3:cad>42</ns3:cad>
          </ns3:TrackPointExtension>
        </extensions>
      </trkpt>
      <trkpt lat="46.561627350747585296630859375" lon="23.68764082901179790496826171875">
        <ele>489.600006103515625</ele>
        <time>2024-06-09T09:16:55.000Z</time>
        <extensions>
          <ns3:TrackPointExtension>
            <ns3:hr>120</ns3:hr>
            <ns3:cad>43</ns3:cad>
          </ns3:TrackPointExtension>
        </extensions>
      </trkpt>
      <trkpt lat="46.5616271831095218658447265625" lon="23.6876326985657215118408203125">
        <ele>489.79998779296875</ele>
        <time>2024-06-09T09:16:57.000Z</time>
        <extensions>
          <ns3:TrackPointExtension>
            <ns3:hr>122</ns3:hr>
            <ns3:cad>43</ns3:cad>
          </ns3:TrackPointExtension>
        </extensions>
      </trkpt>
      <trkpt lat="46.561633385717868804931640625" lon="23.687606714665889739990234375">
        <ele>491</ele>
        <time>2024-06-09T09:17:02.000Z</time>
        <extensions>
          <ns3:TrackPointExtension>
            <ns3:hr>122</ns3:hr>
            <ns3:cad>0</ns3:cad>
          </ns3:TrackPointExtension>
        </extensions>
      </trkpt>
      <trkpt lat="46.5616328828036785125732421875" lon="23.6876018531620502471923828125">
        <ele>491</ele>
        <time>2024-06-09T09:17:04.000Z</time>
        <extensions>
          <ns3:TrackPointExtension>
            <ns3:hr>125</ns3:hr>
            <ns3:cad>0</ns3:cad>
          </ns3:TrackPointExtension>
        </extensions>
      </trkpt>
      <trkpt lat="46.5616328828036785125732421875" lon="23.68758098222315311431884765625">
        <ele>491</ele>
        <time>2024-06-09T09:17:06.000Z</time>
        <extensions>
          <ns3:TrackPointExtension>
            <ns3:hr>127</ns3:hr>
            <ns3:cad>0</ns3:cad>
          </ns3:TrackPointExtension>
        </extensions>
      </trkpt>
      <trkpt lat="46.56159893609583377838134765625" lon="23.6874845065176486968994140625">
        <ele>491.399993896484375</ele>
        <time>2024-06-09T09:17:13.000Z</time>
        <extensions>
          <ns3:TrackPointExtension>
            <ns3:hr>126</ns3:hr>
            <ns3:cad>48</ns3:cad>
          </ns3:TrackPointExtension>
        </extensions>
      </trkpt>
      <trkpt lat="46.56158217228949069976806640625" lon="23.68743681348860263824462890625">
        <ele>492.20001220703125</ele>
        <time>2024-06-09T09:17:16.000Z</time>
        <extensions>
          <ns3:TrackPointExtension>
            <ns3:hr>128</ns3:hr>
            <ns3:cad>50</ns3:cad>
          </ns3:TrackPointExtension>
        </extensions>
      </trkpt>
      <trkpt lat="46.5615621395409107208251953125" lon="23.68738015182316303253173828125">
        <ele>493.20001220703125</ele>
        <time>2024-06-09T09:17:20.000Z</time>
        <extensions>
          <ns3:TrackPointExtension>
            <ns3:hr>128</ns3:hr>
            <ns3:cad>49</ns3:cad>
          </ns3:TrackPointExtension>
        </extensions>
      </trkpt>
      <trkpt lat="46.5615594573318958282470703125" lon="23.68737126700580120086669921875">
        <ele>493.79998779296875</ele>
        <time>2024-06-09T09:17:21.000Z</time>
        <extensions>
          <ns3:TrackPointExtension>
            <ns3:hr>129</ns3:hr>
            <ns3:cad>49</ns3:cad>
          </ns3:TrackPointExtension>
        </extensions>
      </trkpt>
      <trkpt lat="46.56154009513556957244873046875" lon="23.6873403377830982208251953125">
        <ele>494.399993896484375</ele>
        <time>2024-06-09T09:17:24.000Z</time>
        <extensions>
          <ns3:TrackPointExtension>
            <ns3:hr>130</ns3:hr>
            <ns3:cad>47</ns3:cad>
          </ns3:TrackPointExtension>
        </extensions>
      </trkpt>
      <trkpt lat="46.561501957476139068603515625" lon="23.68729256093502044677734375">
        <ele>495.399993896484375</ele>
        <time>2024-06-09T09:17:28.000Z</time>
        <extensions>
          <ns3:TrackPointExtension>
            <ns3:hr>132</ns3:hr>
            <ns3:cad>47</ns3:cad>
          </ns3:TrackPointExtension>
        </extensions>
      </trkpt>
      <trkpt lat="46.5614934079349040985107421875" lon="23.687282837927341461181640625">
        <ele>495.600006103515625</ele>
        <time>2024-06-09T09:17:29.000Z</time>
        <extensions>
          <ns3:TrackPointExtension>
            <ns3:hr>133</ns3:hr>
            <ns3:cad>47</ns3:cad>
          </ns3:TrackPointExtension>
        </extensions>
      </trkpt>
      <trkpt lat="46.561477482318878173828125" lon="23.68726263754069805145263671875">
        <ele>496</ele>
        <time>2024-06-09T09:17:31.000Z</time>
        <extensions>
          <ns3:TrackPointExtension>
            <ns3:hr>136</ns3:hr>
            <ns3:cad>46</ns3:cad>
          </ns3:TrackPointExtension>
        </extensions>
      </trkpt>
      <trkpt lat="46.561459712684154510498046875" lon="23.68724034167826175689697265625">
        <ele>496.600006103515625</ele>
        <time>2024-06-09T09:17:33.000Z</time>
        <extensions>
          <ns3:TrackPointExtension>
            <ns3:hr>138</ns3:hr>
            <ns3:cad>46</ns3:cad>
          </ns3:TrackPointExtension>
        </extensions>
      </trkpt>
      <trkpt lat="46.56142962165176868438720703125" lon="23.687190972268581390380859375">
        <ele>497.20001220703125</ele>
        <time>2024-06-09T09:17:37.000Z</time>
        <extensions>
          <ns3:TrackPointExtension>
            <ns3:hr>141</ns3:hr>
            <ns3:cad>49</ns3:cad>
          </ns3:TrackPointExtension>
        </extensions>
      </trkpt>
      <trkpt lat="46.5614142827689647674560546875" lon="23.6871545948088169097900390625">
        <ele>497.600006103515625</ele>
        <time>2024-06-09T09:17:39.000Z</time>
        <extensions>
          <ns3:TrackPointExtension>
            <ns3:hr>144</ns3:hr>
            <ns3:cad>49</ns3:cad>
          </ns3:TrackPointExtension>
        </extensions>
      </trkpt>
      <trkpt lat="46.56141084618866443634033203125" lon="23.68713858537375926971435546875">
        <ele>497.600006103515625</ele>
        <time>2024-06-09T09:17:40.000Z</time>
        <extensions>
          <ns3:TrackPointExtension>
            <ns3:hr>147</ns3:hr>
            <ns3:cad>49</ns3:cad>
          </ns3:TrackPointExtension>
        </extensions>
      </trkpt>
      <trkpt lat="46.561407744884490966796875" lon="23.68712852708995342254638671875">
        <ele>498</ele>
        <time>2024-06-09T09:17:41.000Z</time>
        <extensions>
          <ns3:TrackPointExtension>
            <ns3:hr>147</ns3:hr>
            <ns3:cad>0</ns3:cad>
          </ns3:TrackPointExtension>
        </extensions>
      </trkpt>
      <trkpt lat="46.561364829540252685546875" lon="23.687095753848552703857421875">
        <ele>498.600006103515625</ele>
        <time>2024-06-09T09:17:46.000Z</time>
        <extensions>
          <ns3:TrackPointExtension>
            <ns3:hr>145</ns3:hr>
            <ns3:cad>0</ns3:cad>
          </ns3:TrackPointExtension>
        </extensions>
      </trkpt>
      <trkpt lat="46.56135066412389278411865234375" lon="23.68708410300314426422119140625">
        <ele>498.79998779296875</ele>
        <time>2024-06-09T09:17:48.000Z</time>
        <extensions>
          <ns3:TrackPointExtension>
            <ns3:hr>143</ns3:hr>
            <ns3:cad>0</ns3:cad>
          </ns3:TrackPointExtension>
        </extensions>
      </trkpt>
      <trkpt lat="46.56135611236095428466796875" lon="23.68706884793937206268310546875">
        <ele>499</ele>
        <time>2024-06-09T09:17:53.000Z</time>
        <extensions>
          <ns3:TrackPointExtension>
            <ns3:hr>143</ns3:hr>
            <ns3:cad>0</ns3:cad>
          </ns3:TrackPointExtension>
        </extensions>
      </trkpt>
      <trkpt lat="46.561351083219051361083984375" lon="23.6870338954031467437744140625">
        <ele>499.20001220703125</ele>
        <time>2024-06-09T09:17:59.000Z</time>
        <extensions>
          <ns3:TrackPointExtension>
            <ns3:hr>144</ns3:hr>
            <ns3:cad>0</ns3:cad>
          </ns3:TrackPointExtension>
        </extensions>
      </trkpt>
      <trkpt lat="46.561397016048431396484375" lon="23.68701319210231304168701171875">
        <ele>498.600006103515625</ele>
        <time>2024-06-09T09:18:07.000Z</time>
        <extensions>
          <ns3:TrackPointExtension>
            <ns3:hr>143</ns3:hr>
            <ns3:cad>0</ns3:cad>
          </ns3:TrackPointExtension>
        </extensions>
      </trkpt>
      <trkpt lat="46.5614414401352405548095703125" lon="23.68702861480414867401123046875">
        <ele>497.600006103515625</ele>
        <time>2024-06-09T09:18:11.000Z</time>
        <extensions>
          <ns3:TrackPointExtension>
            <ns3:hr>141</ns3:hr>
            <ns3:cad>0</ns3:cad>
          </ns3:TrackPointExtension>
        </extensions>
      </trkpt>
      <trkpt lat="46.5614759735763072967529296875" lon="23.687027357518672943115234375">
        <ele>496.399993896484375</ele>
        <time>2024-06-09T09:18:16.000Z</time>
        <extensions>
          <ns3:TrackPointExtension>
            <ns3:hr>138</ns3:hr>
            <ns3:cad>61</ns3:cad>
          </ns3:TrackPointExtension>
        </extensions>
      </trkpt>
      <trkpt lat="46.5615108422935009002685546875" lon="23.6870047263801097869873046875">
        <ele>495.79998779296875</ele>
        <time>2024-06-09T09:18:21.000Z</time>
        <extensions>
          <ns3:TrackPointExtension>
            <ns3:hr>135</ns3:hr>
            <ns3:cad>0</ns3:cad>
          </ns3:TrackPointExtension>
        </extensions>
      </trkpt>
      <trkpt lat="46.5615255944430828094482421875" lon="23.6869792453944683074951171875">
        <ele>495.79998779296875</ele>
        <time>2024-06-09T09:18:26.000Z</time>
        <extensions>
          <ns3:TrackPointExtension>
            <ns3:hr>132</ns3:hr>
            <ns3:cad>0</ns3:cad>
          </ns3:TrackPointExtension>
        </extensions>
      </trkpt>
      <trkpt lat="46.56152333132922649383544921875" lon="23.68698620237410068511962890625">
        <ele>495.600006103515625</ele>
        <time>2024-06-09T09:18:29.000Z</time>
        <extensions>
          <ns3:TrackPointExtension>
            <ns3:hr>129</ns3:hr>
            <ns3:cad>0</ns3:cad>
          </ns3:TrackPointExtension>
        </extensions>
      </trkpt>
      <trkpt lat="46.56153674237430095672607421875" lon="23.68696826510131359100341796875">
        <ele>495.20001220703125</ele>
        <time>2024-06-09T09:18:32.000Z</time>
        <extensions>
          <ns3:TrackPointExtension>
            <ns3:hr>125</ns3:hr>
            <ns3:cad>0</ns3:cad>
          </ns3:TrackPointExtension>
        </extensions>
      </trkpt>
      <trkpt lat="46.56152802519500255584716796875" lon="23.68696725927293300628662109375">
        <ele>494.600006103515625</ele>
        <time>2024-06-09T09:18:34.000Z</time>
        <extensions>
          <ns3:TrackPointExtension>
            <ns3:hr>123</ns3:hr>
            <ns3:cad>0</ns3:cad>
          </ns3:TrackPointExtension>
        </extensions>
      </trkpt>
      <trkpt lat="46.56150740571320056915283203125" lon="23.68696390651166439056396484375">
        <ele>494.600006103515625</ele>
        <time>2024-06-09T09:18:37.000Z</time>
        <extensions>
          <ns3:TrackPointExtension>
            <ns3:hr>120</ns3:hr>
            <ns3:cad>0</ns3:cad>
          </ns3:TrackPointExtension>
        </extensions>
      </trkpt>
      <trkpt lat="46.5614937432110309600830078125" lon="23.686979748308658599853515625">
        <ele>494.20001220703125</ele>
        <time>2024-06-09T09:18:42.000Z</time>
        <extensions>
          <ns3:TrackPointExtension>
            <ns3:hr>119</ns3:hr>
            <ns3:cad>0</ns3:cad>
          </ns3:TrackPointExtension>
        </extensions>
      </trkpt>
      <trkpt lat="46.5614934079349040985107421875" lon="23.6869888007640838623046875">
        <ele>494</ele>
        <time>2024-06-09T09:18:43.000Z</time>
        <extensions>
          <ns3:TrackPointExtension>
            <ns3:hr>119</ns3:hr>
            <ns3:cad>0</ns3:cad>
          </ns3:TrackPointExtension>
        </extensions>
      </trkpt>
      <trkpt lat="46.56152484007179737091064453125" lon="23.6869681812822818756103515625">
        <ele>493.600006103515625</ele>
        <time>2024-06-09T09:18:49.000Z</time>
        <extensions>
          <ns3:TrackPointExtension>
            <ns3:hr>116</ns3:hr>
            <ns3:cad>0</ns3:cad>
          </ns3:TrackPointExtension>
        </extensions>
      </trkpt>
      <trkpt lat="46.56152685172855854034423828125" lon="23.68696642108261585235595703125">
        <ele>493.399993896484375</ele>
        <time>2024-06-09T09:18:50.000Z</time>
        <extensions>
          <ns3:TrackPointExtension>
            <ns3:hr>116</ns3:hr>
            <ns3:cad>0</ns3:cad>
          </ns3:TrackPointExtension>
        </extensions>
      </trkpt>
      <trkpt lat="46.5615520812571048736572265625" lon="23.68692819960415363311767578125">
        <ele>493</ele>
        <time>2024-06-09T09:18:54.000Z</time>
        <extensions>
          <ns3:TrackPointExtension>
            <ns3:hr>115</ns3:hr>
            <ns3:cad>55</ns3:cad>
          </ns3:TrackPointExtension>
        </extensions>
      </trkpt>
      <trkpt lat="46.5615592896938323974609375" lon="23.68690556846559047698974609375">
        <ele>492</ele>
        <time>2024-06-09T09:18:57.000Z</time>
        <extensions>
          <ns3:TrackPointExtension>
            <ns3:hr>115</ns3:hr>
            <ns3:cad>60</ns3:cad>
          </ns3:TrackPointExtension>
        </extensions>
      </trkpt>
      <trkpt lat="46.56156775541603565216064453125" lon="23.68689249269664287567138671875">
        <ele>491.20001220703125</ele>
        <time>2024-06-09T09:18:59.000Z</time>
        <extensions>
          <ns3:TrackPointExtension>
            <ns3:hr>114</ns3:hr>
            <ns3:cad>57</ns3:cad>
          </ns3:TrackPointExtension>
        </extensions>
      </trkpt>
      <trkpt lat="46.56159742735326290130615234375" lon="23.68687011301517486572265625">
        <ele>490.79998779296875</ele>
        <time>2024-06-09T09:19:02.000Z</time>
        <extensions>
          <ns3:TrackPointExtension>
            <ns3:hr>112</ns3:hr>
            <ns3:cad>61</ns3:cad>
          </ns3:TrackPointExtension>
        </extensions>
      </trkpt>
      <trkpt lat="46.56159885227680206298828125" lon="23.68687371723353862762451171875">
        <ele>490.399993896484375</ele>
        <time>2024-06-09T09:19:03.000Z</time>
        <extensions>
          <ns3:TrackPointExtension>
            <ns3:hr>107</ns3:hr>
            <ns3:cad>61</ns3:cad>
          </ns3:TrackPointExtension>
        </extensions>
      </trkpt>
      <trkpt lat="46.56160010956227779388427734375" lon="23.68688042275607585906982421875">
        <ele>489.79998779296875</ele>
        <time>2024-06-09T09:19:06.000Z</time>
        <extensions>
          <ns3:TrackPointExtension>
            <ns3:hr>104</ns3:hr>
            <ns3:cad>0</ns3:cad>
          </ns3:TrackPointExtension>
        </extensions>
      </trkpt>
      <trkpt lat="46.56160010956227779388427734375" lon="23.6868841946125030517578125">
        <ele>489.79998779296875</ele>
        <time>2024-06-09T09:19:07.000Z</time>
        <extensions>
          <ns3:TrackPointExtension>
            <ns3:hr>105</ns3:hr>
            <ns3:cad>0</ns3:cad>
          </ns3:TrackPointExtension>
        </extensions>
      </trkpt>
      <trkpt lat="46.5616295300424098968505859375" lon="23.68688285350799560546875">
        <ele>490</ele>
        <time>2024-06-09T09:19:14.000Z</time>
        <extensions>
          <ns3:TrackPointExtension>
            <ns3:hr>104</ns3:hr>
            <ns3:cad>0</ns3:cad>
          </ns3:TrackPointExtension>
        </extensions>
      </trkpt>
      <trkpt lat="46.56163363717496395111083984375" lon="23.68688863702118396759033203125">
        <ele>490</ele>
        <time>2024-06-09T09:19:20.000Z</time>
        <extensions>
          <ns3:TrackPointExtension>
            <ns3:hr>107</ns3:hr>
            <ns3:cad>0</ns3:cad>
          </ns3:TrackPointExtension>
        </extensions>
      </trkpt>
      <trkpt lat="46.56163380481302738189697265625" lon="23.68688276968896389007568359375">
        <ele>489.79998779296875</ele>
        <time>2024-06-09T09:19:22.000Z</time>
        <extensions>
          <ns3:TrackPointExtension>
            <ns3:hr>109</ns3:hr>
            <ns3:cad>0</ns3:cad>
          </ns3:TrackPointExtension>
        </extensions>
      </trkpt>
      <trkpt lat="46.56163849867880344390869140625" lon="23.68686131201684474945068359375">
        <ele>489.600006103515625</ele>
        <time>2024-06-09T09:19:26.000Z</time>
        <extensions>
          <ns3:TrackPointExtension>
            <ns3:hr>112</ns3:hr>
            <ns3:cad>0</ns3:cad>
          </ns3:TrackPointExtension>
        </extensions>
      </trkpt>
      <trkpt lat="46.56164403073489665985107421875" lon="23.68682811968028545379638671875">
        <ele>488.600006103515625</ele>
        <time>2024-06-09T09:19:30.000Z</time>
        <extensions>
          <ns3:TrackPointExtension>
            <ns3:hr>113</ns3:hr>
            <ns3:cad>66</ns3:cad>
          </ns3:TrackPointExtension>
        </extensions>
      </trkpt>
      <trkpt lat="46.5616504848003387451171875" lon="23.6868166364729404449462890625">
        <ele>488.20001220703125</ele>
        <time>2024-06-09T09:19:31.000Z</time>
        <extensions>
          <ns3:TrackPointExtension>
            <ns3:hr>114</ns3:hr>
            <ns3:cad>66</ns3:cad>
          </ns3:TrackPointExtension>
        </extensions>
      </trkpt>
      <trkpt lat="46.56165258027613162994384765625" lon="23.68680045939981937408447265625">
        <ele>487</ele>
        <time>2024-06-09T09:19:35.000Z</time>
        <extensions>
          <ns3:TrackPointExtension>
            <ns3:hr>117</ns3:hr>
            <ns3:cad>64</ns3:cad>
          </ns3:TrackPointExtension>
        </extensions>
      </trkpt>
      <trkpt lat="46.561652161180973052978515625" lon="23.6867894791066646575927734375">
        <ele>486.600006103515625</ele>
        <time>2024-06-09T09:19:37.000Z</time>
        <extensions>
          <ns3:TrackPointExtension>
            <ns3:hr>117</ns3:hr>
            <ns3:cad>64</ns3:cad>
          </ns3:TrackPointExtension>
        </extensions>
      </trkpt>
      <trkpt lat="46.56165442429482936859130859375" lon="23.68678000755608081817626953125">
        <ele>485.79998779296875</ele>
        <time>2024-06-09T09:19:40.000Z</time>
        <extensions>
          <ns3:TrackPointExtension>
            <ns3:hr>117</ns3:hr>
            <ns3:cad>59</ns3:cad>
          </ns3:TrackPointExtension>
        </extensions>
      </trkpt>
      <trkpt lat="46.5617002733051776885986328125" lon="23.68673860095441341400146484375">
        <ele>484.79998779296875</ele>
        <time>2024-06-09T09:19:45.000Z</time>
        <extensions>
          <ns3:TrackPointExtension>
            <ns3:hr>116</ns3:hr>
            <ns3:cad>60</ns3:cad>
          </ns3:TrackPointExtension>
        </extensions>
      </trkpt>
      <trkpt lat="46.561715863645076751708984375" lon="23.68672795593738555908203125">
        <ele>484.399993896484375</ele>
        <time>2024-06-09T09:19:47.000Z</time>
        <extensions>
          <ns3:TrackPointExtension>
            <ns3:hr>116</ns3:hr>
            <ns3:cad>51</ns3:cad>
          </ns3:TrackPointExtension>
        </extensions>
      </trkpt>
      <trkpt lat="46.56174427829682826995849609375" lon="23.686708845198154449462890625">
        <ele>483.399993896484375</ele>
        <time>2024-06-09T09:19:51.000Z</time>
        <extensions>
          <ns3:TrackPointExtension>
            <ns3:hr>116</ns3:hr>
            <ns3:cad>56</ns3:cad>
          </ns3:TrackPointExtension>
        </extensions>
      </trkpt>
      <trkpt lat="46.5617596171796321868896484375" lon="23.68670490570366382598876953125">
        <ele>482.399993896484375</ele>
        <time>2024-06-09T09:19:55.000Z</time>
        <extensions>
          <ns3:TrackPointExtension>
            <ns3:hr>114</ns3:hr>
            <ns3:cad>59</ns3:cad>
          </ns3:TrackPointExtension>
        </extensions>
      </trkpt>
      <trkpt lat="46.5617676638066768646240234375" lon="23.6867002956569194793701171875">
        <ele>482.399993896484375</ele>
        <time>2024-06-09T09:19:56.000Z</time>
        <extensions>
          <ns3:TrackPointExtension>
            <ns3:hr>113</ns3:hr>
            <ns3:cad>59</ns3:cad>
          </ns3:TrackPointExtension>
        </extensions>
      </trkpt>
      <trkpt lat="46.56179674901068210601806640625" lon="23.68669769726693630218505859375">
        <ele>482.399993896484375</ele>
        <time>2024-06-09T09:20:00.000Z</time>
        <extensions>
          <ns3:TrackPointExtension>
            <ns3:hr>110</ns3:hr>
            <ns3:cad>0</ns3:cad>
          </ns3:TrackPointExtension>
        </extensions>
      </trkpt>
      <trkpt lat="46.5618199668824672698974609375" lon="23.686700128018856048583984375">
        <ele>482</ele>
        <time>2024-06-09T09:20:05.000Z</time>
        <extensions>
          <ns3:TrackPointExtension>
            <ns3:hr>110</ns3:hr>
            <ns3:cad>0</ns3:cad>
          </ns3:TrackPointExtension>
        </extensions>
      </trkpt>
      <trkpt lat="46.56183077953755855560302734375" lon="23.68667406029999256134033203125">
        <ele>482</ele>
        <time>2024-06-09T09:20:15.000Z</time>
        <extensions>
          <ns3:TrackPointExtension>
            <ns3:hr>110</ns3:hr>
            <ns3:cad>0</ns3:cad>
          </ns3:TrackPointExtension>
        </extensions>
      </trkpt>
      <trkpt lat="46.56188811175525188446044921875" lon="23.68661907501518726348876953125">
        <ele>482</ele>
        <time>2024-06-09T09:20:22.000Z</time>
        <extensions>
          <ns3:TrackPointExtension>
            <ns3:hr>110</ns3:hr>
            <ns3:cad>0</ns3:cad>
          </ns3:TrackPointExtension>
        </extensions>
      </trkpt>
      <trkpt lat="46.5618945658206939697265625" lon="23.68661438114941120147705078125">
        <ele>482</ele>
        <time>2024-06-09T09:20:23.000Z</time>
        <extensions>
          <ns3:TrackPointExtension>
            <ns3:hr>110</ns3:hr>
            <ns3:cad>0</ns3:cad>
          </ns3:TrackPointExtension>
        </extensions>
      </trkpt>
      <trkpt lat="46.561890207231044769287109375" lon="23.6866267025470733642578125">
        <ele>481.600006103515625</ele>
        <time>2024-06-09T09:20:26.000Z</time>
        <extensions>
          <ns3:TrackPointExtension>
            <ns3:hr>110</ns3:hr>
            <ns3:cad>0</ns3:cad>
          </ns3:TrackPointExtension>
        </extensions>
      </trkpt>
      <trkpt lat="46.56188987195491790771484375" lon="23.6866355873644351959228515625">
        <ele>481.399993896484375</ele>
        <time>2024-06-09T09:20:27.000Z</time>
        <extensions>
          <ns3:TrackPointExtension>
            <ns3:hr>110</ns3:hr>
            <ns3:cad>0</ns3:cad>
          </ns3:TrackPointExtension>
        </extensions>
      </trkpt>
      <trkpt lat="46.56189247034490108489990234375" lon="23.6866412870585918426513671875">
        <ele>480.79998779296875</ele>
        <time>2024-06-09T09:20:29.000Z</time>
        <extensions>
          <ns3:TrackPointExtension>
            <ns3:hr>110</ns3:hr>
            <ns3:cad>0</ns3:cad>
          </ns3:TrackPointExtension>
        </extensions>
      </trkpt>
      <trkpt lat="46.56190973706543445587158203125" lon="23.68665687739849090576171875">
        <ele>480</ele>
        <time>2024-06-09T09:20:32.000Z</time>
        <extensions>
          <ns3:TrackPointExtension>
            <ns3:hr>110</ns3:hr>
            <ns3:cad>62</ns3:cad>
          </ns3:TrackPointExtension>
        </extensions>
      </trkpt>
      <trkpt lat="46.5619195438921451568603515625" lon="23.68667540140450000762939453125">
        <ele>479</ele>
        <time>2024-06-09T09:20:37.000Z</time>
        <extensions>
          <ns3:TrackPointExtension>
            <ns3:hr>109</ns3:hr>
            <ns3:cad>60</ns3:cad>
          </ns3:TrackPointExtension>
        </extensions>
      </trkpt>
      <trkpt lat="46.56192650087177753448486328125" lon="23.6866935901343822479248046875">
        <ele>478.20001220703125</ele>
        <time>2024-06-09T09:20:40.000Z</time>
        <extensions>
          <ns3:TrackPointExtension>
            <ns3:hr>106</ns3:hr>
            <ns3:cad>60</ns3:cad>
          </ns3:TrackPointExtension>
        </extensions>
      </trkpt>
      <trkpt lat="46.5619302727282047271728515625" lon="23.686691410839557647705078125">
        <ele>478.20001220703125</ele>
        <time>2024-06-09T09:20:41.000Z</time>
        <extensions>
          <ns3:TrackPointExtension>
            <ns3:hr>101</ns3:hr>
            <ns3:cad>59</ns3:cad>
          </ns3:TrackPointExtension>
        </extensions>
      </trkpt>
      <trkpt lat="46.5619359724223613739013671875" lon="23.68670004419982433319091796875">
        <ele>478</ele>
        <time>2024-06-09T09:20:42.000Z</time>
        <extensions>
          <ns3:TrackPointExtension>
            <ns3:hr>100</ns3:hr>
            <ns3:cad>59</ns3:cad>
          </ns3:TrackPointExtension>
        </extensions>
      </trkpt>
      <trkpt lat="46.56194946728646755218505859375" lon="23.68674061261117458343505859375">
        <ele>477.399993896484375</ele>
        <time>2024-06-09T09:20:46.000Z</time>
        <extensions>
          <ns3:TrackPointExtension>
            <ns3:hr>99</ns3:hr>
            <ns3:cad>0</ns3:cad>
          </ns3:TrackPointExtension>
        </extensions>
      </trkpt>
      <trkpt lat="46.561950556933879852294921875" lon="23.68676458485424518585205078125">
        <ele>476.79998779296875</ele>
        <time>2024-06-09T09:20:48.000Z</time>
        <extensions>
          <ns3:TrackPointExtension>
            <ns3:hr>99</ns3:hr>
            <ns3:cad>0</ns3:cad>
          </ns3:TrackPointExtension>
        </extensions>
      </trkpt>
      <trkpt lat="46.561955921351909637451171875" lon="23.686783611774444580078125">
        <ele>476.20001220703125</ele>
        <time>2024-06-09T09:20:51.000Z</time>
        <extensions>
          <ns3:TrackPointExtension>
            <ns3:hr>102</ns3:hr>
            <ns3:cad>65</ns3:cad>
          </ns3:TrackPointExtension>
        </extensions>
      </trkpt>
      <trkpt lat="46.56196363270282745361328125" lon="23.68679610081017017364501953125">
        <ele>475.79998779296875</ele>
        <time>2024-06-09T09:20:54.000Z</time>
        <extensions>
          <ns3:TrackPointExtension>
            <ns3:hr>102</ns3:hr>
            <ns3:cad>67</ns3:cad>
          </ns3:TrackPointExtension>
        </extensions>
      </trkpt>
      <trkpt lat="46.5619721822440624237060546875" lon="23.68680481798946857452392578125">
        <ele>475.399993896484375</ele>
        <time>2024-06-09T09:20:57.000Z</time>
        <extensions>
          <ns3:TrackPointExtension>
            <ns3:hr>103</ns3:hr>
            <ns3:cad>67</ns3:cad>
          </ns3:TrackPointExtension>
        </extensions>
      </trkpt>
      <trkpt lat="46.56198115088045597076416015625" lon="23.686812780797481536865234375">
        <ele>474.79998779296875</ele>
        <time>2024-06-09T09:21:00.000Z</time>
        <extensions>
          <ns3:TrackPointExtension>
            <ns3:hr>104</ns3:hr>
            <ns3:cad>0</ns3:cad>
          </ns3:TrackPointExtension>
        </extensions>
      </trkpt>
      <trkpt lat="46.561970673501491546630859375" lon="23.6868290416896343231201171875">
        <ele>474.79998779296875</ele>
        <time>2024-06-09T09:21:06.000Z</time>
        <extensions>
          <ns3:TrackPointExtension>
            <ns3:hr>104</ns3:hr>
            <ns3:cad>0</ns3:cad>
          </ns3:TrackPointExtension>
        </extensions>
      </trkpt>
      <trkpt lat="46.56196488998830318450927734375" lon="23.686834238469600677490234375">
        <ele>474.600006103515625</ele>
        <time>2024-06-09T09:21:13.000Z</time>
        <extensions>
          <ns3:TrackPointExtension>
            <ns3:hr>101</ns3:hr>
            <ns3:cad>0</ns3:cad>
          </ns3:TrackPointExtension>
        </extensions>
      </trkpt>
      <trkpt lat="46.561956591904163360595703125" lon="23.6868305504322052001953125">
        <ele>474.600006103515625</ele>
        <time>2024-06-09T09:21:15.000Z</time>
        <extensions>
          <ns3:TrackPointExtension>
            <ns3:hr>100</ns3:hr>
            <ns3:cad>0</ns3:cad>
          </ns3:TrackPointExtension>
        </extensions>
      </trkpt>
      <trkpt lat="46.561950556933879852294921875" lon="23.6868112720549106597900390625">
        <ele>474.399993896484375</ele>
        <time>2024-06-09T09:21:24.000Z</time>
        <extensions>
          <ns3:TrackPointExtension>
            <ns3:hr>101</ns3:hr>
            <ns3:cad>0</ns3:cad>
          </ns3:TrackPointExtension>
        </extensions>
      </trkpt>
      <trkpt lat="46.56198483891785144805908203125" lon="23.68680573999881744384765625">
        <ele>474</ele>
        <time>2024-06-09T09:21:34.000Z</time>
        <extensions>
          <ns3:TrackPointExtension>
            <ns3:hr>103</ns3:hr>
            <ns3:cad>0</ns3:cad>
          </ns3:TrackPointExtension>
        </extensions>
      </trkpt>
      <trkpt lat="46.562006883323192596435546875" lon="23.68681957013905048370361328125">
        <ele>473.600006103515625</ele>
        <time>2024-06-09T09:21:36.000Z</time>
        <extensions>
          <ns3:TrackPointExtension>
            <ns3:hr>103</ns3:hr>
            <ns3:cad>58</ns3:cad>
          </ns3:TrackPointExtension>
        </extensions>
      </trkpt>
      <trkpt lat="46.56202490441501140594482421875" lon="23.686831556260585784912109375">
        <ele>472.600006103515625</ele>
        <time>2024-06-09T09:21:40.000Z</time>
        <extensions>
          <ns3:TrackPointExtension>
            <ns3:hr>104</ns3:hr>
            <ns3:cad>63</ns3:cad>
          </ns3:TrackPointExtension>
        </extensions>
      </trkpt>
      <trkpt lat="46.562067233026027679443359375" lon="23.6868531815707683563232421875">
        <ele>471.600006103515625</ele>
        <time>2024-06-09T09:21:44.000Z</time>
        <extensions>
          <ns3:TrackPointExtension>
            <ns3:hr>104</ns3:hr>
            <ns3:cad>60</ns3:cad>
          </ns3:TrackPointExtension>
        </extensions>
      </trkpt>
      <trkpt lat="46.56207251362502574920654296875" lon="23.68686047382652759552001953125">
        <ele>471.399993896484375</ele>
        <time>2024-06-09T09:21:45.000Z</time>
        <extensions>
          <ns3:TrackPointExtension>
            <ns3:hr>104</ns3:hr>
            <ns3:cad>60</ns3:cad>
          </ns3:TrackPointExtension>
        </extensions>
      </trkpt>
      <trkpt lat="46.562097072601318359375" lon="23.68692266754806041717529296875">
        <ele>470.20001220703125</ele>
        <time>2024-06-09T09:21:51.000Z</time>
        <extensions>
          <ns3:TrackPointExtension>
            <ns3:hr>103</ns3:hr>
            <ns3:cad>0</ns3:cad>
          </ns3:TrackPointExtension>
        </extensions>
      </trkpt>
      <trkpt lat="46.56212389469146728515625" lon="23.68694865144789218902587890625">
        <ele>469.20001220703125</ele>
        <time>2024-06-09T09:21:55.000Z</time>
        <extensions>
          <ns3:TrackPointExtension>
            <ns3:hr>102</ns3:hr>
            <ns3:cad>58</ns3:cad>
          </ns3:TrackPointExtension>
        </extensions>
      </trkpt>
      <trkpt lat="46.56216270290315151214599609375" lon="23.68698284961283206939697265625">
        <ele>468.20001220703125</ele>
        <time>2024-06-09T09:21:59.000Z</time>
        <extensions>
          <ns3:TrackPointExtension>
            <ns3:hr>101</ns3:hr>
            <ns3:cad>58</ns3:cad>
          </ns3:TrackPointExtension>
        </extensions>
      </trkpt>
      <trkpt lat="46.5622129105031490325927734375" lon="23.68703045882284641265869140625">
        <ele>467</ele>
        <time>2024-06-09T09:22:04.000Z</time>
        <extensions>
          <ns3:TrackPointExtension>
            <ns3:hr>102</ns3:hr>
            <ns3:cad>61</ns3:cad>
          </ns3:TrackPointExtension>
        </extensions>
      </trkpt>
      <trkpt lat="46.5622286684811115264892578125" lon="23.687042109668254852294921875">
        <ele>466.600006103515625</ele>
        <time>2024-06-09T09:22:06.000Z</time>
        <extensions>
          <ns3:TrackPointExtension>
            <ns3:hr>102</ns3:hr>
            <ns3:cad>61</ns3:cad>
          </ns3:TrackPointExtension>
        </extensions>
      </trkpt>
      <trkpt lat="46.5622512996196746826171875" lon="23.68706231005489826202392578125">
        <ele>465.79998779296875</ele>
        <time>2024-06-09T09:22:09.000Z</time>
        <extensions>
          <ns3:TrackPointExtension>
            <ns3:hr>102</ns3:hr>
            <ns3:cad>59</ns3:cad>
          </ns3:TrackPointExtension>
        </extensions>
      </trkpt>
      <trkpt lat="46.56228658743202686309814453125" lon="23.68711612187325954437255859375">
        <ele>465</ele>
        <time>2024-06-09T09:22:13.000Z</time>
        <extensions>
          <ns3:TrackPointExtension>
            <ns3:hr>102</ns3:hr>
            <ns3:cad>57</ns3:cad>
          </ns3:TrackPointExtension>
        </extensions>
      </trkpt>
      <trkpt lat="46.56229488551616668701171875" lon="23.687125258147716522216796875">
        <ele>464.600006103515625</ele>
        <time>2024-06-09T09:22:14.000Z</time>
        <extensions>
          <ns3:TrackPointExtension>
            <ns3:hr>103</ns3:hr>
            <ns3:cad>55</ns3:cad>
          </ns3:TrackPointExtension>
        </extensions>
      </trkpt>
      <trkpt lat="46.5623560734093189239501953125" lon="23.6872058920562267303466796875">
        <ele>463.600006103515625</ele>
        <time>2024-06-09T09:22:22.000Z</time>
        <extensions>
          <ns3:TrackPointExtension>
            <ns3:hr>103</ns3:hr>
            <ns3:cad>50</ns3:cad>
          </ns3:TrackPointExtension>
        </extensions>
      </trkpt>
      <trkpt lat="46.56236286275088787078857421875" lon="23.6872114241123199462890625">
        <ele>463.399993896484375</ele>
        <time>2024-06-09T09:22:23.000Z</time>
        <extensions>
          <ns3:TrackPointExtension>
            <ns3:hr>103</ns3:hr>
            <ns3:cad>50</ns3:cad>
          </ns3:TrackPointExtension>
        </extensions>
      </trkpt>
      <trkpt lat="46.56238968484103679656982421875" lon="23.68721201084554195404052734375">
        <ele>462.600006103515625</ele>
        <time>2024-06-09T09:22:27.000Z</time>
        <extensions>
          <ns3:TrackPointExtension>
            <ns3:hr>104</ns3:hr>
            <ns3:cad>51</ns3:cad>
          </ns3:TrackPointExtension>
        </extensions>
      </trkpt>
      <trkpt lat="46.56241952441632747650146484375" lon="23.6872296966612339019775390625">
        <ele>461.600006103515625</ele>
        <time>2024-06-09T09:22:31.000Z</time>
        <extensions>
          <ns3:TrackPointExtension>
            <ns3:hr>105</ns3:hr>
            <ns3:cad>50</ns3:cad>
          </ns3:TrackPointExtension>
        </extensions>
      </trkpt>
      <trkpt lat="46.56242103315889835357666015625" lon="23.687239587306976318359375">
        <ele>461.399993896484375</ele>
        <time>2024-06-09T09:22:32.000Z</time>
        <extensions>
          <ns3:TrackPointExtension>
            <ns3:hr>106</ns3:hr>
            <ns3:cad>51</ns3:cad>
          </ns3:TrackPointExtension>
        </extensions>
      </trkpt>
      <trkpt lat="46.5624310076236724853515625" lon="23.687320053577423095703125">
        <ele>460.600006103515625</ele>
        <time>2024-06-09T09:22:38.000Z</time>
        <extensions>
          <ns3:TrackPointExtension>
            <ns3:hr>106</ns3:hr>
            <ns3:cad>53</ns3:cad>
          </ns3:TrackPointExtension>
        </extensions>
      </trkpt>
      <trkpt lat="46.56241131015121936798095703125" lon="23.687376044690608978271484375">
        <ele>460.399993896484375</ele>
        <time>2024-06-09T09:22:42.000Z</time>
        <extensions>
          <ns3:TrackPointExtension>
            <ns3:hr>106</ns3:hr>
            <ns3:cad>53</ns3:cad>
          </ns3:TrackPointExtension>
        </extensions>
      </trkpt>
      <trkpt lat="46.56240510754287242889404296875" lon="23.68739389814436435699462890625">
        <ele>460.399993896484375</ele>
        <time>2024-06-09T09:22:47.000Z</time>
        <extensions>
          <ns3:TrackPointExtension>
            <ns3:hr>106</ns3:hr>
            <ns3:cad>0</ns3:cad>
          </ns3:TrackPointExtension>
        </extensions>
      </trkpt>
      <trkpt lat="46.56241751275956630706787109375" lon="23.6874362267553806304931640625">
        <ele>460.20001220703125</ele>
        <time>2024-06-09T09:22:52.000Z</time>
        <extensions>
          <ns3:TrackPointExtension>
            <ns3:hr>103</ns3:hr>
            <ns3:cad>0</ns3:cad>
          </ns3:TrackPointExtension>
        </extensions>
      </trkpt>
      <trkpt lat="46.5624150820076465606689453125" lon="23.687426336109638214111328125">
        <ele>460.20001220703125</ele>
        <time>2024-06-09T09:22:54.000Z</time>
        <extensions>
          <ns3:TrackPointExtension>
            <ns3:hr>103</ns3:hr>
            <ns3:cad>0</ns3:cad>
          </ns3:TrackPointExtension>
        </extensions>
      </trkpt>
      <trkpt lat="46.5624130703508853912353515625" lon="23.68741569109261035919189453125">
        <ele>460.20001220703125</ele>
        <time>2024-06-09T09:22:55.000Z</time>
        <extensions>
          <ns3:TrackPointExtension>
            <ns3:hr>102</ns3:hr>
            <ns3:cad>0</ns3:cad>
          </ns3:TrackPointExtension>
        </extensions>
      </trkpt>
      <trkpt lat="46.56239085830748081207275390625" lon="23.6873832531273365020751953125">
        <ele>460.399993896484375</ele>
        <time>2024-06-09T09:23:02.000Z</time>
        <extensions>
          <ns3:TrackPointExtension>
            <ns3:hr>102</ns3:hr>
            <ns3:cad>0</ns3:cad>
          </ns3:TrackPointExtension>
        </extensions>
      </trkpt>
      <trkpt lat="46.562410891056060791015625" lon="23.68740010075271129608154296875">
        <ele>460.600006103515625</ele>
        <time>2024-06-09T09:23:11.000Z</time>
        <extensions>
          <ns3:TrackPointExtension>
            <ns3:hr>105</ns3:hr>
            <ns3:cad>0</ns3:cad>
          </ns3:TrackPointExtension>
        </extensions>
      </trkpt>
      <trkpt lat="46.5624164231121540069580078125" lon="23.68740462698042392730712890625">
        <ele>460.600006103515625</ele>
        <time>2024-06-09T09:23:13.000Z</time>
        <extensions>
          <ns3:TrackPointExtension>
            <ns3:hr>107</ns3:hr>
            <ns3:cad>0</ns3:cad>
          </ns3:TrackPointExtension>
        </extensions>
      </trkpt>
      <trkpt lat="46.56245389021933078765869140625" lon="23.68743949569761753082275390625">
        <ele>460.600006103515625</ele>
        <time>2024-06-09T09:23:22.000Z</time>
        <extensions>
          <ns3:TrackPointExtension>
            <ns3:hr>107</ns3:hr>
            <ns3:cad>0</ns3:cad>
          </ns3:TrackPointExtension>
        </extensions>
      </trkpt>
      <trkpt lat="46.56245975755155086517333984375" lon="23.68752666749060153961181640625">
        <ele>459.399993896484375</ele>
        <time>2024-06-09T09:23:29.000Z</time>
        <extensions>
          <ns3:TrackPointExtension>
            <ns3:hr>106</ns3:hr>
            <ns3:cad>52</ns3:cad>
          </ns3:TrackPointExtension>
        </extensions>
      </trkpt>
      <trkpt lat="46.56245690770447254180908203125" lon="23.68755147792398929595947265625">
        <ele>459</ele>
        <time>2024-06-09T09:23:32.000Z</time>
        <extensions>
          <ns3:TrackPointExtension>
            <ns3:hr>104</ns3:hr>
            <ns3:cad>52</ns3:cad>
          </ns3:TrackPointExtension>
        </extensions>
      </trkpt>
      <trkpt lat="46.562461517751216888427734375" lon="23.68764929473400115966796875">
        <ele>458.20001220703125</ele>
        <time>2024-06-09T09:23:39.000Z</time>
        <extensions>
          <ns3:TrackPointExtension>
            <ns3:hr>104</ns3:hr>
            <ns3:cad>50</ns3:cad>
          </ns3:TrackPointExtension>
        </extensions>
      </trkpt>
      <trkpt lat="46.56246981583535671234130859375" lon="23.687673769891262054443359375">
        <ele>457.600006103515625</ele>
        <time>2024-06-09T09:23:42.000Z</time>
        <extensions>
          <ns3:TrackPointExtension>
            <ns3:hr>104</ns3:hr>
            <ns3:cad>54</ns3:cad>
          </ns3:TrackPointExtension>
        </extensions>
      </trkpt>
      <trkpt lat="46.56248909421265125274658203125" lon="23.68772665970027446746826171875">
        <ele>457.20001220703125</ele>
        <time>2024-06-09T09:23:47.000Z</time>
        <extensions>
          <ns3:TrackPointExtension>
            <ns3:hr>104</ns3:hr>
            <ns3:cad>53</ns3:cad>
          </ns3:TrackPointExtension>
        </extensions>
      </trkpt>
      <trkpt lat="46.5625076182186603546142578125" lon="23.68776387535035610198974609375">
        <ele>456.79998779296875</ele>
        <time>2024-06-09T09:23:51.000Z</time>
        <extensions>
          <ns3:TrackPointExtension>
            <ns3:hr>101</ns3:hr>
            <ns3:cad>0</ns3:cad>
          </ns3:TrackPointExtension>
        </extensions>
      </trkpt>
      <trkpt lat="46.5625103004276752471923828125" lon="23.6877674795687198638916015625">
        <ele>456.600006103515625</ele>
        <time>2024-06-09T09:23:52.000Z</time>
        <extensions>
          <ns3:TrackPointExtension>
            <ns3:hr>99</ns3:hr>
            <ns3:cad>0</ns3:cad>
          </ns3:TrackPointExtension>
        </extensions>
      </trkpt>
      <trkpt lat="46.562514491379261016845703125" lon="23.68778751231729984283447265625">
        <ele>456</ele>
        <time>2024-06-09T09:23:54.000Z</time>
        <extensions>
          <ns3:TrackPointExtension>
            <ns3:hr>98</ns3:hr>
            <ns3:cad>57</ns3:cad>
          </ns3:TrackPointExtension>
        </extensions>
      </trkpt>
      <trkpt lat="46.56254357658326625823974609375" lon="23.68785741738975048065185546875">
        <ele>455.399993896484375</ele>
        <time>2024-06-09T09:24:00.000Z</time>
        <extensions>
          <ns3:TrackPointExtension>
            <ns3:hr>98</ns3:hr>
            <ns3:cad>58</ns3:cad>
          </ns3:TrackPointExtension>
        </extensions>
      </trkpt>
      <trkpt lat="46.5625595860183238983154296875" lon="23.687870912253856658935546875">
        <ele>455</ele>
        <time>2024-06-09T09:24:04.000Z</time>
        <extensions>
          <ns3:TrackPointExtension>
            <ns3:hr>98</ns3:hr>
            <ns3:cad>57</ns3:cad>
          </ns3:TrackPointExtension>
        </extensions>
      </trkpt>
      <trkpt lat="46.5625890903174877166748046875" lon="23.6879056133329868316650390625">
        <ele>453.79998779296875</ele>
        <time>2024-06-09T09:24:12.000Z</time>
        <extensions>
          <ns3:TrackPointExtension>
            <ns3:hr>98</ns3:hr>
            <ns3:cad>57</ns3:cad>
          </ns3:TrackPointExtension>
        </extensions>
      </trkpt>
      <trkpt lat="46.56264617107808589935302734375" lon="23.6879632808268070220947265625">
        <ele>452.79998779296875</ele>
        <time>2024-06-09T09:24:18.000Z</time>
        <extensions>
          <ns3:TrackPointExtension>
            <ns3:hr>98</ns3:hr>
            <ns3:cad>60</ns3:cad>
          </ns3:TrackPointExtension>
        </extensions>
      </trkpt>
      <trkpt lat="46.5626708976924419403076171875" lon="23.6879941262304782867431640625">
        <ele>452.79998779296875</ele>
        <time>2024-06-09T09:24:21.000Z</time>
        <extensions>
          <ns3:TrackPointExtension>
            <ns3:hr>99</ns3:hr>
            <ns3:cad>60</ns3:cad>
          </ns3:TrackPointExtension>
        </extensions>
      </trkpt>
      <trkpt lat="46.56271356157958507537841796875" lon="23.68806579150259494781494140625">
        <ele>452</ele>
        <time>2024-06-09T09:24:31.000Z</time>
        <extensions>
          <ns3:TrackPointExtension>
            <ns3:hr>99</ns3:hr>
            <ns3:cad>56</ns3:cad>
          </ns3:TrackPointExtension>
        </extensions>
      </trkpt>
      <trkpt lat="46.5627158246934413909912109375" lon="23.68806897662580013275146484375">
        <ele>451.79998779296875</ele>
        <time>2024-06-09T09:24:32.000Z</time>
        <extensions>
          <ns3:TrackPointExtension>
            <ns3:hr>97</ns3:hr>
            <ns3:cad>56</ns3:cad>
          </ns3:TrackPointExtension>
        </extensions>
      </trkpt>
      <trkpt lat="46.56273753382265567779541015625" lon="23.68809680454432964324951171875">
        <ele>451.20001220703125</ele>
        <time>2024-06-09T09:24:39.000Z</time>
        <extensions>
          <ns3:TrackPointExtension>
            <ns3:hr>100</ns3:hr>
            <ns3:cad>51</ns3:cad>
          </ns3:TrackPointExtension>
        </extensions>
      </trkpt>
      <trkpt lat="46.56274256296455860137939453125" lon="23.68811423890292644500732421875">
        <ele>450.600006103515625</ele>
        <time>2024-06-09T09:24:42.000Z</time>
        <extensions>
          <ns3:TrackPointExtension>
            <ns3:hr>102</ns3:hr>
            <ns3:cad>50</ns3:cad>
          </ns3:TrackPointExtension>
        </extensions>
      </trkpt>
      <trkpt lat="46.562761254608631134033203125" lon="23.68812329135835170745849609375">
        <ele>449.399993896484375</ele>
        <time>2024-06-09T09:24:50.000Z</time>
        <extensions>
          <ns3:TrackPointExtension>
            <ns3:hr>104</ns3:hr>
            <ns3:cad>0</ns3:cad>
          </ns3:TrackPointExtension>
        </extensions>
      </trkpt>
      <trkpt lat="46.5627641044557094573974609375" lon="23.6881206929683685302734375">
        <ele>449.399993896484375</ele>
        <time>2024-06-09T09:24:52.000Z</time>
        <extensions>
          <ns3:TrackPointExtension>
            <ns3:hr>104</ns3:hr>
            <ns3:cad>0</ns3:cad>
          </ns3:TrackPointExtension>
        </extensions>
      </trkpt>
      <trkpt lat="46.56276695430278778076171875" lon="23.68810099549591541290283203125">
        <ele>448.399993896484375</ele>
        <time>2024-06-09T09:25:00.000Z</time>
        <extensions>
          <ns3:TrackPointExtension>
            <ns3:hr>105</ns3:hr>
            <ns3:cad>0</ns3:cad>
          </ns3:TrackPointExtension>
        </extensions>
      </trkpt>
      <trkpt lat="46.56276737339794635772705078125" lon="23.6880987323820590972900390625">
        <ele>448.399993896484375</ele>
        <time>2024-06-09T09:25:01.000Z</time>
        <extensions>
          <ns3:TrackPointExtension>
            <ns3:hr>106</ns3:hr>
            <ns3:cad>0</ns3:cad>
          </ns3:TrackPointExtension>
        </extensions>
      </trkpt>
      <trkpt lat="46.5627708099782466888427734375" lon="23.68804165162146091461181640625">
        <ele>447.399993896484375</ele>
        <time>2024-06-09T09:25:09.000Z</time>
        <extensions>
          <ns3:TrackPointExtension>
            <ns3:hr>106</ns3:hr>
            <ns3:cad>55</ns3:cad>
          </ns3:TrackPointExtension>
        </extensions>
      </trkpt>
      <trkpt lat="46.5627724863588809967041015625" lon="23.68803343735635280609130859375">
        <ele>447.399993896484375</ele>
        <time>2024-06-09T09:25:10.000Z</time>
        <extensions>
          <ns3:TrackPointExtension>
            <ns3:hr>107</ns3:hr>
            <ns3:cad>55</ns3:cad>
          </ns3:TrackPointExtension>
        </extensions>
      </trkpt>
      <trkpt lat="46.5627825446426868438720703125" lon="23.688009716570377349853515625">
        <ele>446.79998779296875</ele>
        <time>2024-06-09T09:25:18.000Z</time>
        <extensions>
          <ns3:TrackPointExtension>
            <ns3:hr>109</ns3:hr>
            <ns3:cad>0</ns3:cad>
          </ns3:TrackPointExtension>
        </extensions>
      </trkpt>
      <trkpt lat="46.56278841197490692138671875" lon="23.68800326250493526458740234375">
        <ele>446.399993896484375</ele>
        <time>2024-06-09T09:25:20.000Z</time>
        <extensions>
          <ns3:TrackPointExtension>
            <ns3:hr>109</ns3:hr>
            <ns3:cad>0</ns3:cad>
          </ns3:TrackPointExtension>
        </extensions>
      </trkpt>
      <trkpt lat="46.56279520131647586822509765625" lon="23.687986247241497039794921875">
        <ele>446</ele>
        <time>2024-06-09T09:25:26.000Z</time>
        <extensions>
          <ns3:TrackPointExtension>
            <ns3:hr>109</ns3:hr>
            <ns3:cad>0</ns3:cad>
          </ns3:TrackPointExtension>
        </extensions>
      </trkpt>
      <trkpt lat="46.562786065042018890380859375" lon="23.68796185590326786041259765625">
        <ele>445.399993896484375</ele>
        <time>2024-06-09T09:25:35.000Z</time>
        <extensions>
          <ns3:TrackPointExtension>
            <ns3:hr>107</ns3:hr>
            <ns3:cad>0</ns3:cad>
          </ns3:TrackPointExtension>
        </extensions>
      </trkpt>
      <trkpt lat="46.56278195790946483612060546875" lon="23.6879570782184600830078125">
        <ele>445</ele>
        <time>2024-06-09T09:25:36.000Z</time>
        <extensions>
          <ns3:TrackPointExtension>
            <ns3:hr>107</ns3:hr>
            <ns3:cad>0</ns3:cad>
          </ns3:TrackPointExtension>
        </extensions>
      </trkpt>
      <trkpt lat="46.56276066787540912628173828125" lon="23.6879431642591953277587890625">
        <ele>444.600006103515625</ele>
        <time>2024-06-09T09:25:41.000Z</time>
        <extensions>
          <ns3:TrackPointExtension>
            <ns3:hr>110</ns3:hr>
            <ns3:cad>0</ns3:cad>
          </ns3:TrackPointExtension>
        </extensions>
      </trkpt>
      <trkpt lat="46.562748514115810394287109375" lon="23.6879438348114490509033203125">
        <ele>444.600006103515625</ele>
        <time>2024-06-09T09:25:43.000Z</time>
        <extensions>
          <ns3:TrackPointExtension>
            <ns3:hr>113</ns3:hr>
            <ns3:cad>0</ns3:cad>
          </ns3:TrackPointExtension>
        </extensions>
      </trkpt>
      <trkpt lat="46.5627436526119709014892578125" lon="23.6879448406398296356201171875">
        <ele>444.79998779296875</ele>
        <time>2024-06-09T09:25:45.000Z</time>
        <extensions>
          <ns3:TrackPointExtension>
            <ns3:hr>115</ns3:hr>
            <ns3:cad>0</ns3:cad>
          </ns3:TrackPointExtension>
        </extensions>
      </trkpt>
      <trkpt lat="46.56272496096789836883544921875" lon="23.6879357881844043731689453125">
        <ele>445</ele>
        <time>2024-06-09T09:25:53.000Z</time>
        <extensions>
          <ns3:TrackPointExtension>
            <ns3:hr>112</ns3:hr>
            <ns3:cad>0</ns3:cad>
          </ns3:TrackPointExtension>
        </extensions>
      </trkpt>
      <trkpt lat="46.562738455832004547119140625" lon="23.6879289150238037109375">
        <ele>444.399993896484375</ele>
        <time>2024-06-09T09:26:03.000Z</time>
        <extensions>
          <ns3:TrackPointExtension>
            <ns3:hr>111</ns3:hr>
            <ns3:cad>0</ns3:cad>
          </ns3:TrackPointExtension>
        </extensions>
      </trkpt>
      <trkpt lat="46.56272781081497669219970703125" lon="23.6879409849643707275390625">
        <ele>444</ele>
        <time>2024-06-09T09:26:05.000Z</time>
        <extensions>
          <ns3:TrackPointExtension>
            <ns3:hr>110</ns3:hr>
            <ns3:cad>0</ns3:cad>
          </ns3:TrackPointExtension>
        </extensions>
      </trkpt>
      <trkpt lat="46.56271808780729770660400390625" lon="23.68789379484951496124267578125">
        <ele>443.399993896484375</ele>
        <time>2024-06-09T09:26:12.000Z</time>
        <extensions>
          <ns3:TrackPointExtension>
            <ns3:hr>107</ns3:hr>
            <ns3:cad>0</ns3:cad>
          </ns3:TrackPointExtension>
        </extensions>
      </trkpt>
      <trkpt lat="46.562708951532840728759765625" lon="23.68788306601345539093017578125">
        <ele>443.399993896484375</ele>
        <time>2024-06-09T09:26:14.000Z</time>
        <extensions>
          <ns3:TrackPointExtension>
            <ns3:hr>103</ns3:hr>
            <ns3:cad>0</ns3:cad>
          </ns3:TrackPointExtension>
        </extensions>
      </trkpt>
      <trkpt lat="46.5626980550587177276611328125" lon="23.687885664403438568115234375">
        <ele>443.399993896484375</ele>
        <time>2024-06-09T09:26:22.000Z</time>
        <extensions>
          <ns3:TrackPointExtension>
            <ns3:hr>101</ns3:hr>
            <ns3:cad>0</ns3:cad>
          </ns3:TrackPointExtension>
        </extensions>
      </trkpt>
      <trkpt lat="46.5627131424844264984130859375" lon="23.68788541294634342193603515625">
        <ele>443.399993896484375</ele>
        <time>2024-06-09T09:26:26.000Z</time>
        <extensions>
          <ns3:TrackPointExtension>
            <ns3:hr>104</ns3:hr>
            <ns3:cad>0</ns3:cad>
          </ns3:TrackPointExtension>
        </extensions>
      </trkpt>
      <trkpt lat="46.56271456740796566009521484375" lon="23.68788524530827999114990234375">
        <ele>443.20001220703125</ele>
        <time>2024-06-09T09:26:27.000Z</time>
        <extensions>
          <ns3:TrackPointExtension>
            <ns3:hr>106</ns3:hr>
            <ns3:cad>0</ns3:cad>
          </ns3:TrackPointExtension>
        </extensions>
      </trkpt>
      <trkpt lat="46.56271976418793201446533203125" lon="23.68788004852831363677978515625">
        <ele>443.20001220703125</ele>
        <time>2024-06-09T09:26:29.000Z</time>
        <extensions>
          <ns3:TrackPointExtension>
            <ns3:hr>109</ns3:hr>
            <ns3:cad>0</ns3:cad>
          </ns3:TrackPointExtension>
        </extensions>
      </trkpt>
      <trkpt lat="46.56272093765437602996826171875" lon="23.68787820450961589813232421875">
        <ele>443.20001220703125</ele>
        <time>2024-06-09T09:26:30.000Z</time>
        <extensions>
          <ns3:TrackPointExtension>
            <ns3:hr>109</ns3:hr>
            <ns3:cad>0</ns3:cad>
          </ns3:TrackPointExtension>
        </extensions>
      </trkpt>
      <trkpt lat="46.56273233704268932342529296875" lon="23.68787686340510845184326171875">
        <ele>443.20001220703125</ele>
        <time>2024-06-09T09:26:33.000Z</time>
        <extensions>
          <ns3:TrackPointExtension>
            <ns3:hr>112</ns3:hr>
            <ns3:cad>0</ns3:cad>
          </ns3:TrackPointExtension>
        </extensions>
      </trkpt>
      <trkpt lat="46.562735773622989654541015625" lon="23.687870241701602935791015625">
        <ele>443.600006103515625</ele>
        <time>2024-06-09T09:26:37.000Z</time>
        <extensions>
          <ns3:TrackPointExtension>
            <ns3:hr>112</ns3:hr>
            <ns3:cad>0</ns3:cad>
          </ns3:TrackPointExtension>
        </extensions>
      </trkpt>
      <trkpt lat="46.5627268888056278228759765625" lon="23.68787594139575958251953125">
        <ele>443.79998779296875</ele>
        <time>2024-06-09T09:26:41.000Z</time>
        <extensions>
          <ns3:TrackPointExtension>
            <ns3:hr>116</ns3:hr>
            <ns3:cad>0</ns3:cad>
          </ns3:TrackPointExtension>
        </extensions>
      </trkpt>
      <trkpt lat="46.5627314150333404541015625" lon="23.6878804676234722137451171875">
        <ele>443.79998779296875</ele>
        <time>2024-06-09T09:26:44.000Z</time>
        <extensions>
          <ns3:TrackPointExtension>
            <ns3:hr>115</ns3:hr>
            <ns3:cad>0</ns3:cad>
          </ns3:TrackPointExtension>
        </extensions>
      </trkpt>
      <trkpt lat="46.56272730790078639984130859375" lon="23.6878905259072780609130859375">
        <ele>443.79998779296875</ele>
        <time>2024-06-09T09:26:49.000Z</time>
        <extensions>
          <ns3:TrackPointExtension>
            <ns3:hr>118</ns3:hr>
            <ns3:cad>0</ns3:cad>
          </ns3:TrackPointExtension>
        </extensions>
      </trkpt>
      <trkpt lat="46.562722362577915191650390625" lon="23.6878606863319873809814453125">
        <ele>443.79998779296875</ele>
        <time>2024-06-09T09:26:53.000Z</time>
        <extensions>
          <ns3:TrackPointExtension>
            <ns3:hr>118</ns3:hr>
            <ns3:cad>0</ns3:cad>
          </ns3:TrackPointExtension>
        </extensions>
      </trkpt>
      <trkpt lat="46.56270601786673069000244140625" lon="23.687824644148349761962890625">
        <ele>443.79998779296875</ele>
        <time>2024-06-09T09:27:00.000Z</time>
        <extensions>
          <ns3:TrackPointExtension>
            <ns3:hr>121</ns3:hr>
            <ns3:cad>0</ns3:cad>
          </ns3:TrackPointExtension>
        </extensions>
      </trkpt>
      <trkpt lat="46.562688834965229034423828125" lon="23.6878137476742267608642578125">
        <ele>443.79998779296875</ele>
        <time>2024-06-09T09:27:06.000Z</time>
        <extensions>
          <ns3:TrackPointExtension>
            <ns3:hr>121</ns3:hr>
            <ns3:cad>0</ns3:cad>
          </ns3:TrackPointExtension>
        </extensions>
      </trkpt>
      <trkpt lat="46.56272261403501033782958984375" lon="23.6878295056521892547607421875">
        <ele>443.79998779296875</ele>
        <time>2024-06-09T09:27:14.000Z</time>
        <extensions>
          <ns3:TrackPointExtension>
            <ns3:hr>124</ns3:hr>
            <ns3:cad>0</ns3:cad>
          </ns3:TrackPointExtension>
        </extensions>
      </trkpt>
      <trkpt lat="46.5627248771488666534423828125" lon="23.68783512152731418609619140625">
        <ele>443.79998779296875</ele>
        <time>2024-06-09T09:27:15.000Z</time>
        <extensions>
          <ns3:TrackPointExtension>
            <ns3:hr>124</ns3:hr>
            <ns3:cad>0</ns3:cad>
          </ns3:TrackPointExtension>
        </extensions>
      </trkpt>
      <trkpt lat="46.56272345222532749176025390625" lon="23.687842749059200286865234375">
        <ele>443.600006103515625</ele>
        <time>2024-06-09T09:27:25.000Z</time>
        <extensions>
          <ns3:TrackPointExtension>
            <ns3:hr>122</ns3:hr>
            <ns3:cad>0</ns3:cad>
          </ns3:TrackPointExtension>
        </extensions>
      </trkpt>
      <trkpt lat="46.5627151541411876678466796875" lon="23.68784065358340740203857421875">
        <ele>443.600006103515625</ele>
        <time>2024-06-09T09:27:32.000Z</time>
        <extensions>
          <ns3:TrackPointExtension>
            <ns3:hr>121</ns3:hr>
            <ns3:cad>0</ns3:cad>
          </ns3:TrackPointExtension>
        </extensions>
      </trkpt>
      <trkpt lat="46.56272806227207183837890625" lon="23.6878476105630397796630859375">
        <ele>443.399993896484375</ele>
        <time>2024-06-09T09:27:38.000Z</time>
        <extensions>
          <ns3:TrackPointExtension>
            <ns3:hr>121</ns3:hr>
            <ns3:cad>0</ns3:cad>
          </ns3:TrackPointExtension>
        </extensions>
      </trkpt>
      <trkpt lat="46.56276117078959941864013671875" lon="23.6878476105630397796630859375">
        <ele>443.600006103515625</ele>
        <time>2024-06-09T09:27:45.000Z</time>
        <extensions>
          <ns3:TrackPointExtension>
            <ns3:hr>121</ns3:hr>
            <ns3:cad>0</ns3:cad>
          </ns3:TrackPointExtension>
        </extensions>
      </trkpt>
      <trkpt lat="46.56276552937924861907958984375" lon="23.68786361999809741973876953125">
        <ele>444</ele>
        <time>2024-06-09T09:27:55.000Z</time>
        <extensions>
          <ns3:TrackPointExtension>
            <ns3:hr>120</ns3:hr>
            <ns3:cad>0</ns3:cad>
          </ns3:TrackPointExtension>
        </extensions>
      </trkpt>
      <trkpt lat="46.562763266265392303466796875" lon="23.68785917758941650390625">
        <ele>444</ele>
        <time>2024-06-09T09:28:00.000Z</time>
        <extensions>
          <ns3:TrackPointExtension>
            <ns3:hr>117</ns3:hr>
            <ns3:cad>0</ns3:cad>
          </ns3:TrackPointExtension>
        </extensions>
      </trkpt>
      <trkpt lat="46.562754213809967041015625" lon="23.6878603510558605194091796875">
        <ele>443.79998779296875</ele>
        <time>2024-06-09T09:28:04.000Z</time>
        <extensions>
          <ns3:TrackPointExtension>
            <ns3:hr>116</ns3:hr>
            <ns3:cad>0</ns3:cad>
          </ns3:TrackPointExtension>
        </extensions>
      </trkpt>
      <trkpt lat="46.56274340115487575531005859375" lon="23.68787460029125213623046875">
        <ele>443.79998779296875</ele>
        <time>2024-06-09T09:28:13.000Z</time>
        <extensions>
          <ns3:TrackPointExtension>
            <ns3:hr>114</ns3:hr>
            <ns3:cad>0</ns3:cad>
          </ns3:TrackPointExtension>
        </extensions>
      </trkpt>
      <trkpt lat="46.56272261403501033782958984375" lon="23.687877953052520751953125">
        <ele>444</ele>
        <time>2024-06-09T09:28:22.000Z</time>
        <extensions>
          <ns3:TrackPointExtension>
            <ns3:hr>117</ns3:hr>
            <ns3:cad>0</ns3:cad>
          </ns3:TrackPointExtension>
        </extensions>
      </trkpt>
      <trkpt lat="46.56272747553884983062744140625" lon="23.68785071186721324920654296875">
        <ele>443.600006103515625</ele>
        <time>2024-06-09T09:28:31.000Z</time>
        <extensions>
          <ns3:TrackPointExtension>
            <ns3:hr>116</ns3:hr>
            <ns3:cad>0</ns3:cad>
          </ns3:TrackPointExtension>
        </extensions>
      </trkpt>
      <trkpt lat="46.56273401342332363128662109375" lon="23.68785255588591098785400390625">
        <ele>443.600006103515625</ele>
        <time>2024-06-09T09:28:33.000Z</time>
        <extensions>
          <ns3:TrackPointExtension>
            <ns3:hr>113</ns3:hr>
            <ns3:cad>0</ns3:cad>
          </ns3:TrackPointExtension>
        </extensions>
      </trkpt>
      <trkpt lat="46.5627433173358440399169921875" lon="23.68784132413566112518310546875">
        <ele>443.399993896484375</ele>
        <time>2024-06-09T09:28:36.000Z</time>
        <extensions>
          <ns3:TrackPointExtension>
            <ns3:hr>109</ns3:hr>
            <ns3:cad>0</ns3:cad>
          </ns3:TrackPointExtension>
        </extensions>
      </trkpt>
      <trkpt lat="46.56274490989744663238525390625" lon="23.6878385581076145172119140625">
        <ele>443.399993896484375</ele>
        <time>2024-06-09T09:28:37.000Z</time>
        <extensions>
          <ns3:TrackPointExtension>
            <ns3:hr>108</ns3:hr>
            <ns3:cad>0</ns3:cad>
          </ns3:TrackPointExtension>
        </extensions>
      </trkpt>
      <trkpt lat="46.56273334287106990814208984375" lon="23.6878217943012714385986328125">
        <ele>442.20001220703125</ele>
        <time>2024-06-09T09:28:42.000Z</time>
        <extensions>
          <ns3:TrackPointExtension>
            <ns3:hr>107</ns3:hr>
            <ns3:cad>0</ns3:cad>
          </ns3:TrackPointExtension>
        </extensions>
      </trkpt>
      <trkpt lat="46.56273418106138706207275390625" lon="23.687818944454193115234375">
        <ele>441.600006103515625</ele>
        <time>2024-06-09T09:28:45.000Z</time>
        <extensions>
          <ns3:TrackPointExtension>
            <ns3:hr>110</ns3:hr>
            <ns3:cad>0</ns3:cad>
          </ns3:TrackPointExtension>
        </extensions>
      </trkpt>
      <trkpt lat="46.56273367814719676971435546875" lon="23.68781014345586299896240234375">
        <ele>441.600006103515625</ele>
        <time>2024-06-09T09:28:46.000Z</time>
        <extensions>
          <ns3:TrackPointExtension>
            <ns3:hr>114</ns3:hr>
            <ns3:cad>0</ns3:cad>
          </ns3:TrackPointExtension>
        </extensions>
      </trkpt>
      <trkpt lat="46.56273216940462589263916015625" lon="23.68779547512531280517578125">
        <ele>441.600006103515625</ele>
        <time>2024-06-09T09:28:47.000Z</time>
        <extensions>
          <ns3:TrackPointExtension>
            <ns3:hr>115</ns3:hr>
            <ns3:cad>0</ns3:cad>
          </ns3:TrackPointExtension>
        </extensions>
      </trkpt>
      <trkpt lat="46.56273686327040195465087890625" lon="23.687766976654529571533203125">
        <ele>441</ele>
        <time>2024-06-09T09:28:49.000Z</time>
        <extensions>
          <ns3:TrackPointExtension>
            <ns3:hr>115</ns3:hr>
            <ns3:cad>0</ns3:cad>
          </ns3:TrackPointExtension>
        </extensions>
      </trkpt>
      <trkpt lat="46.562739796936511993408203125" lon="23.6877242289483547210693359375">
        <ele>440</ele>
        <time>2024-06-09T09:28:53.000Z</time>
        <extensions>
          <ns3:TrackPointExtension>
            <ns3:hr>114</ns3:hr>
            <ns3:cad>0</ns3:cad>
          </ns3:TrackPointExtension>
        </extensions>
      </trkpt>
      <trkpt lat="46.56273971311748027801513671875" lon="23.6877151764929294586181640625">
        <ele>439.79998779296875</ele>
        <time>2024-06-09T09:28:55.000Z</time>
        <extensions>
          <ns3:TrackPointExtension>
            <ns3:hr>114</ns3:hr>
            <ns3:cad>57</ns3:cad>
          </ns3:TrackPointExtension>
        </extensions>
      </trkpt>
      <trkpt lat="46.56273552216589450836181640625" lon="23.687709979712963104248046875">
        <ele>439.79998779296875</ele>
        <time>2024-06-09T09:28:58.000Z</time>
        <extensions>
          <ns3:TrackPointExtension>
            <ns3:hr>117</ns3:hr>
            <ns3:cad>0</ns3:cad>
          </ns3:TrackPointExtension>
        </extensions>
      </trkpt>
      <trkpt lat="46.56273451633751392364501953125" lon="23.68769816122949123382568359375">
        <ele>439.79998779296875</ele>
        <time>2024-06-09T09:29:05.000Z</time>
        <extensions>
          <ns3:TrackPointExtension>
            <ns3:hr>115</ns3:hr>
            <ns3:cad>0</ns3:cad>
          </ns3:TrackPointExtension>
        </extensions>
      </trkpt>
      <trkpt lat="46.5627983026206493377685546875" lon="23.68769715540111064910888671875">
        <ele>439.20001220703125</ele>
        <time>2024-06-09T09:29:14.000Z</time>
        <extensions>
          <ns3:TrackPointExtension>
            <ns3:hr>116</ns3:hr>
            <ns3:cad>0</ns3:cad>
          </ns3:TrackPointExtension>
        </extensions>
      </trkpt>
      <trkpt lat="46.56281816773116588592529296875" lon="23.68768684566020965576171875">
        <ele>438.79998779296875</ele>
        <time>2024-06-09T09:29:16.000Z</time>
        <extensions>
          <ns3:TrackPointExtension>
            <ns3:hr>116</ns3:hr>
            <ns3:cad>53</ns3:cad>
          </ns3:TrackPointExtension>
        </extensions>
      </trkpt>
      <trkpt lat="46.56282839365303516387939453125" lon="23.687646277248859405517578125">
        <ele>438.600006103515625</ele>
        <time>2024-06-09T09:29:23.000Z</time>
        <extensions>
          <ns3:TrackPointExtension>
            <ns3:hr>116</ns3:hr>
            <ns3:cad>49</ns3:cad>
          </ns3:TrackPointExtension>
        </extensions>
      </trkpt>
      <trkpt lat="46.562844403088092803955078125" lon="23.68762741796672344207763671875">
        <ele>438.79998779296875</ele>
        <time>2024-06-09T09:29:31.000Z</time>
        <extensions>
          <ns3:TrackPointExtension>
            <ns3:hr>116</ns3:hr>
            <ns3:cad>41</ns3:cad>
          </ns3:TrackPointExtension>
        </extensions>
      </trkpt>
      <trkpt lat="46.56284339725971221923828125" lon="23.68761098943650722503662109375">
        <ele>438.600006103515625</ele>
        <time>2024-06-09T09:29:39.000Z</time>
        <extensions>
          <ns3:TrackPointExtension>
            <ns3:hr>115</ns3:hr>
            <ns3:cad>0</ns3:cad>
          </ns3:TrackPointExtension>
        </extensions>
      </trkpt>
      <trkpt lat="46.5628143958747386932373046875" lon="23.68759338743984699249267578125">
        <ele>438.20001220703125</ele>
        <time>2024-06-09T09:29:47.000Z</time>
        <extensions>
          <ns3:TrackPointExtension>
            <ns3:hr>117</ns3:hr>
            <ns3:cad>0</ns3:cad>
          </ns3:TrackPointExtension>
        </extensions>
      </trkpt>
      <trkpt lat="46.56283895485103130340576171875" lon="23.6875793896615505218505859375">
        <ele>437.600006103515625</ele>
        <time>2024-06-09T09:29:51.000Z</time>
        <extensions>
          <ns3:TrackPointExtension>
            <ns3:hr>118</ns3:hr>
            <ns3:cad>83</ns3:cad>
          </ns3:TrackPointExtension>
        </extensions>
      </trkpt>
      <trkpt lat="46.56282453797757625579833984375" lon="23.68757444433867931365966796875">
        <ele>437.399993896484375</ele>
        <time>2024-06-09T09:29:54.000Z</time>
        <extensions>
          <ns3:TrackPointExtension>
            <ns3:hr>118</ns3:hr>
            <ns3:cad>0</ns3:cad>
          </ns3:TrackPointExtension>
        </extensions>
      </trkpt>
      <trkpt lat="46.56279553659260272979736328125" lon="23.6876085586845874786376953125">
        <ele>437</ele>
        <time>2024-06-09T09:30:05.000Z</time>
        <extensions>
          <ns3:TrackPointExtension>
            <ns3:hr>117</ns3:hr>
            <ns3:cad>0</ns3:cad>
          </ns3:TrackPointExtension>
        </extensions>
      </trkpt>
      <trkpt lat="46.56278933398425579071044921875" lon="23.687621466815471649169921875">
        <ele>436.79998779296875</ele>
        <time>2024-06-09T09:30:07.000Z</time>
        <extensions>
          <ns3:TrackPointExtension>
            <ns3:hr>112</ns3:hr>
            <ns3:cad>0</ns3:cad>
          </ns3:TrackPointExtension>
        </extensions>
      </trkpt>
      <trkpt lat="46.56279302202165126800537109375" lon="23.687619455158710479736328125">
        <ele>436.79998779296875</ele>
        <time>2024-06-09T09:30:08.000Z</time>
        <extensions>
          <ns3:TrackPointExtension>
            <ns3:hr>107</ns3:hr>
            <ns3:cad>0</ns3:cad>
          </ns3:TrackPointExtension>
        </extensions>
      </trkpt>
      <trkpt lat="46.5627984702587127685546875" lon="23.68761803023517131805419921875">
        <ele>436.79998779296875</ele>
        <time>2024-06-09T09:30:11.000Z</time>
        <extensions>
          <ns3:TrackPointExtension>
            <ns3:hr>106</ns3:hr>
            <ns3:cad>0</ns3:cad>
          </ns3:TrackPointExtension>
        </extensions>
      </trkpt>
      <trkpt lat="46.56284851022064685821533203125" lon="23.687598668038845062255859375">
        <ele>437</ele>
        <time>2024-06-09T09:30:19.000Z</time>
        <extensions>
          <ns3:TrackPointExtension>
            <ns3:hr>107</ns3:hr>
            <ns3:cad>0</ns3:cad>
          </ns3:TrackPointExtension>
        </extensions>
      </trkpt>
      <trkpt lat="46.5628760866820812225341796875" lon="23.68757997639477252960205078125">
        <ele>437</ele>
        <time>2024-06-09T09:30:26.000Z</time>
        <extensions>
          <ns3:TrackPointExtension>
            <ns3:hr>102</ns3:hr>
            <ns3:cad>0</ns3:cad>
          </ns3:TrackPointExtension>
        </extensions>
      </trkpt>
      <trkpt lat="46.56289243139326572418212890625" lon="23.6875627934932708740234375">
        <ele>437</ele>
        <time>2024-06-09T09:30:29.000Z</time>
        <extensions>
          <ns3:TrackPointExtension>
            <ns3:hr>100</ns3:hr>
            <ns3:cad>0</ns3:cad>
          </ns3:TrackPointExtension>
        </extensions>
      </trkpt>
      <trkpt lat="46.56289394013583660125732421875" lon="23.6875713430345058441162109375">
        <ele>437.20001220703125</ele>
        <time>2024-06-09T09:30:33.000Z</time>
        <extensions>
          <ns3:TrackPointExtension>
            <ns3:hr>97</ns3:hr>
            <ns3:cad>0</ns3:cad>
          </ns3:TrackPointExtension>
        </extensions>
      </trkpt>
      <trkpt lat="46.56287617050111293792724609375" lon="23.68759238161146640777587890625">
        <ele>437.20001220703125</ele>
        <time>2024-06-09T09:30:37.000Z</time>
        <extensions>
          <ns3:TrackPointExtension>
            <ns3:hr>95</ns3:hr>
            <ns3:cad>0</ns3:cad>
          </ns3:TrackPointExtension>
        </extensions>
      </trkpt>
      <trkpt lat="46.56285052187740802764892578125" lon="23.6876273341476917266845703125">
        <ele>437</ele>
        <time>2024-06-09T09:30:47.000Z</time>
        <extensions>
          <ns3:TrackPointExtension>
            <ns3:hr>96</ns3:hr>
            <ns3:cad>0</ns3:cad>
          </ns3:TrackPointExtension>
        </extensions>
      </trkpt>
      <trkpt lat="46.562828980386257171630859375" lon="23.68762674741446971893310546875">
        <ele>437</ele>
        <time>2024-06-09T09:30:51.000Z</time>
        <extensions>
          <ns3:TrackPointExtension>
            <ns3:hr>100</ns3:hr>
            <ns3:cad>0</ns3:cad>
          </ns3:TrackPointExtension>
        </extensions>
      </trkpt>
      <trkpt lat="46.562829315662384033203125" lon="23.68759070523083209991455078125">
        <ele>436.79998779296875</ele>
        <time>2024-06-09T09:30:56.000Z</time>
        <extensions>
          <ns3:TrackPointExtension>
            <ns3:hr>101</ns3:hr>
            <ns3:cad>0</ns3:cad>
          </ns3:TrackPointExtension>
        </extensions>
      </trkpt>
      <trkpt lat="46.56281498260796070098876953125" lon="23.68756321258842945098876953125">
        <ele>436.600006103515625</ele>
        <time>2024-06-09T09:30:59.000Z</time>
        <extensions>
          <ns3:TrackPointExtension>
            <ns3:hr>100</ns3:hr>
            <ns3:cad>0</ns3:cad>
          </ns3:TrackPointExtension>
        </extensions>
      </trkpt>
      <trkpt lat="46.5628145635128021240234375" lon="23.6875227279961109161376953125">
        <ele>436.399993896484375</ele>
        <time>2024-06-09T09:31:05.000Z</time>
        <extensions>
          <ns3:TrackPointExtension>
            <ns3:hr>99</ns3:hr>
            <ns3:cad>0</ns3:cad>
          </ns3:TrackPointExtension>
        </extensions>
      </trkpt>
      <trkpt lat="46.5628274716436862945556640625" lon="23.6874831654131412506103515625">
        <ele>436</ele>
        <time>2024-06-09T09:31:09.000Z</time>
        <extensions>
          <ns3:TrackPointExtension>
            <ns3:hr>102</ns3:hr>
            <ns3:cad>50</ns3:cad>
          </ns3:TrackPointExtension>
        </extensions>
      </trkpt>
      <trkpt lat="46.56285756267607212066650390625" lon="23.6874134279787540435791015625">
        <ele>436.20001220703125</ele>
        <time>2024-06-09T09:31:14.000Z</time>
        <extensions>
          <ns3:TrackPointExtension>
            <ns3:hr>101</ns3:hr>
            <ns3:cad>49</ns3:cad>
          </ns3:TrackPointExtension>
        </extensions>
      </trkpt>
      <trkpt lat="46.56290399841964244842529296875" lon="23.68726414628326892852783203125">
        <ele>436.79998779296875</ele>
        <time>2024-06-09T09:31:24.000Z</time>
        <extensions>
          <ns3:TrackPointExtension>
            <ns3:hr>101</ns3:hr>
            <ns3:cad>50</ns3:cad>
          </ns3:TrackPointExtension>
        </extensions>
      </trkpt>
      <trkpt lat="46.5629558824002742767333984375" lon="23.6871207319200038909912109375">
        <ele>437.399993896484375</ele>
        <time>2024-06-09T09:31:33.000Z</time>
        <extensions>
          <ns3:TrackPointExtension>
            <ns3:hr>102</ns3:hr>
            <ns3:cad>49</ns3:cad>
          </ns3:TrackPointExtension>
        </extensions>
      </trkpt>
      <trkpt lat="46.56297088600695133209228515625" lon="23.68708603084087371826171875">
        <ele>437.600006103515625</ele>
        <time>2024-06-09T09:31:35.000Z</time>
        <extensions>
          <ns3:TrackPointExtension>
            <ns3:hr>102</ns3:hr>
            <ns3:cad>47</ns3:cad>
          </ns3:TrackPointExtension>
        </extensions>
      </trkpt>
      <trkpt lat="46.56299686990678310394287109375" lon="23.687003888189792633056640625">
        <ele>438.20001220703125</ele>
        <time>2024-06-09T09:31:40.000Z</time>
        <extensions>
          <ns3:TrackPointExtension>
            <ns3:hr>104</ns3:hr>
            <ns3:cad>47</ns3:cad>
          </ns3:TrackPointExtension>
        </extensions>
      </trkpt>
      <trkpt lat="46.56303274445235729217529296875" lon="23.68691931478679180145263671875">
        <ele>438.600006103515625</ele>
        <time>2024-06-09T09:31:46.000Z</time>
        <extensions>
          <ns3:TrackPointExtension>
            <ns3:hr>104</ns3:hr>
            <ns3:cad>50</ns3:cad>
          </ns3:TrackPointExtension>
        </extensions>
      </trkpt>
      <trkpt lat="46.563053615391254425048828125" lon="23.686883859336376190185546875">
        <ele>438.79998779296875</ele>
        <time>2024-06-09T09:31:48.000Z</time>
        <extensions>
          <ns3:TrackPointExtension>
            <ns3:hr>107</ns3:hr>
            <ns3:cad>48</ns3:cad>
          </ns3:TrackPointExtension>
        </extensions>
      </trkpt>
      <trkpt lat="46.56307565979659557342529296875" lon="23.68685938417911529541015625">
        <ele>438.79998779296875</ele>
        <time>2024-06-09T09:31:50.000Z</time>
        <extensions>
          <ns3:TrackPointExtension>
            <ns3:hr>110</ns3:hr>
            <ns3:cad>50</ns3:cad>
          </ns3:TrackPointExtension>
        </extensions>
      </trkpt>
      <trkpt lat="46.5631587244570255279541015625" lon="23.68675687350332736968994140625">
        <ele>439.20001220703125</ele>
        <time>2024-06-09T09:31:58.000Z</time>
        <extensions>
          <ns3:TrackPointExtension>
            <ns3:hr>109</ns3:hr>
            <ns3:cad>49</ns3:cad>
          </ns3:TrackPointExtension>
        </extensions>
      </trkpt>
      <trkpt lat="46.5632110275328159332275390625" lon="23.68669417686760425567626953125">
        <ele>439.600006103515625</ele>
        <time>2024-06-09T09:32:04.000Z</time>
        <extensions>
          <ns3:TrackPointExtension>
            <ns3:hr>109</ns3:hr>
            <ns3:cad>50</ns3:cad>
          </ns3:TrackPointExtension>
        </extensions>
      </trkpt>
      <trkpt lat="46.5632465668022632598876953125" lon="23.68665075860917568206787109375">
        <ele>440.20001220703125</ele>
        <time>2024-06-09T09:32:08.000Z</time>
        <extensions>
          <ns3:TrackPointExtension>
            <ns3:hr>110</ns3:hr>
            <ns3:cad>46</ns3:cad>
          </ns3:TrackPointExtension>
        </extensions>
      </trkpt>
      <trkpt lat="46.563287638127803802490234375" lon="23.6866151355206966400146484375">
        <ele>440.79998779296875</ele>
        <time>2024-06-09T09:32:13.000Z</time>
        <extensions>
          <ns3:TrackPointExtension>
            <ns3:hr>111</ns3:hr>
            <ns3:cad>47</ns3:cad>
          </ns3:TrackPointExtension>
        </extensions>
      </trkpt>
      <trkpt lat="46.56331387348473072052001953125" lon="23.68658504448831081390380859375">
        <ele>441.20001220703125</ele>
        <time>2024-06-09T09:32:16.000Z</time>
        <extensions>
          <ns3:TrackPointExtension>
            <ns3:hr>111</ns3:hr>
            <ns3:cad>47</ns3:cad>
          </ns3:TrackPointExtension>
        </extensions>
      </trkpt>
      <trkpt lat="46.563358716666698455810546875" lon="23.68650541640818119049072265625">
        <ele>441.79998779296875</ele>
        <time>2024-06-09T09:32:23.000Z</time>
        <extensions>
          <ns3:TrackPointExtension>
            <ns3:hr>108</ns3:hr>
            <ns3:cad>0</ns3:cad>
          </ns3:TrackPointExtension>
        </extensions>
      </trkpt>
      <trkpt lat="46.56343440525233745574951171875" lon="23.6863871477544307708740234375">
        <ele>442</ele>
        <time>2024-06-09T09:32:31.000Z</time>
        <extensions>
          <ns3:TrackPointExtension>
            <ns3:hr>107</ns3:hr>
            <ns3:cad>51</ns3:cad>
          </ns3:TrackPointExtension>
        </extensions>
      </trkpt>
      <trkpt lat="46.56349408440291881561279296875" lon="23.68629620410501956939697265625">
        <ele>442.20001220703125</ele>
        <time>2024-06-09T09:32:38.000Z</time>
        <extensions>
          <ns3:TrackPointExtension>
            <ns3:hr>108</ns3:hr>
            <ns3:cad>51</ns3:cad>
          </ns3:TrackPointExtension>
        </extensions>
      </trkpt>
      <trkpt lat="46.5635382570326328277587890625" lon="23.6861846409738063812255859375">
        <ele>442.600006103515625</ele>
        <time>2024-06-09T09:32:45.000Z</time>
        <extensions>
          <ns3:TrackPointExtension>
            <ns3:hr>108</ns3:hr>
            <ns3:cad>49</ns3:cad>
          </ns3:TrackPointExtension>
        </extensions>
      </trkpt>
      <trkpt lat="46.563556194305419921875" lon="23.68613225407898426055908203125">
        <ele>442.79998779296875</ele>
        <time>2024-06-09T09:32:49.000Z</time>
        <extensions>
          <ns3:TrackPointExtension>
            <ns3:hr>108</ns3:hr>
            <ns3:cad>48</ns3:cad>
          </ns3:TrackPointExtension>
        </extensions>
      </trkpt>
      <trkpt lat="46.56356625258922576904296875" lon="23.686111383140087127685546875">
        <ele>442.79998779296875</ele>
        <time>2024-06-09T09:32:50.000Z</time>
        <extensions>
          <ns3:TrackPointExtension>
            <ns3:hr>109</ns3:hr>
            <ns3:cad>48</ns3:cad>
          </ns3:TrackPointExtension>
        </extensions>
      </trkpt>
      <trkpt lat="46.56363791786134243011474609375" lon="23.68600484915077686309814453125">
        <ele>443</ele>
        <time>2024-06-09T09:32:58.000Z</time>
        <extensions>
          <ns3:TrackPointExtension>
            <ns3:hr>108</ns3:hr>
            <ns3:cad>51</ns3:cad>
          </ns3:TrackPointExtension>
        </extensions>
      </trkpt>
      <trkpt lat="46.5636948309838771820068359375" lon="23.68589689023792743682861328125">
        <ele>443</ele>
        <time>2024-06-09T09:33:06.000Z</time>
        <extensions>
          <ns3:TrackPointExtension>
            <ns3:hr>108</ns3:hr>
            <ns3:cad>47</ns3:cad>
          </ns3:TrackPointExtension>
        </extensions>
      </trkpt>
      <trkpt lat="46.5637659095227718353271484375" lon="23.68577166460454463958740234375">
        <ele>443.20001220703125</ele>
        <time>2024-06-09T09:33:14.000Z</time>
        <extensions>
          <ns3:TrackPointExtension>
            <ns3:hr>107</ns3:hr>
            <ns3:cad>49</ns3:cad>
          </ns3:TrackPointExtension>
        </extensions>
      </trkpt>
      <trkpt lat="46.5638128481805324554443359375" lon="23.685675524175167083740234375">
        <ele>443.79998779296875</ele>
        <time>2024-06-09T09:33:22.000Z</time>
        <extensions>
          <ns3:TrackPointExtension>
            <ns3:hr>110</ns3:hr>
            <ns3:cad>48</ns3:cad>
          </ns3:TrackPointExtension>
        </extensions>
      </trkpt>
      <trkpt lat="46.56382148154079914093017578125" lon="23.685660101473331451416015625">
        <ele>443.79998779296875</ele>
        <time>2024-06-09T09:33:23.000Z</time>
        <extensions>
          <ns3:TrackPointExtension>
            <ns3:hr>110</ns3:hr>
            <ns3:cad>48</ns3:cad>
          </ns3:TrackPointExtension>
        </extensions>
      </trkpt>
      <trkpt lat="46.563864313066005706787109375" lon="23.68554032407701015472412109375">
        <ele>444.20001220703125</ele>
        <time>2024-06-09T09:33:31.000Z</time>
        <extensions>
          <ns3:TrackPointExtension>
            <ns3:hr>109</ns3:hr>
            <ns3:cad>50</ns3:cad>
          </ns3:TrackPointExtension>
        </extensions>
      </trkpt>
      <trkpt lat="46.56391904689371585845947265625" lon="23.6854250729084014892578125">
        <ele>444</ele>
        <time>2024-06-09T09:33:39.000Z</time>
        <extensions>
          <ns3:TrackPointExtension>
            <ns3:hr>106</ns3:hr>
            <ns3:cad>50</ns3:cad>
          </ns3:TrackPointExtension>
        </extensions>
      </trkpt>
      <trkpt lat="46.56392424367368221282958984375" lon="23.68541208095848560333251953125">
        <ele>444</ele>
        <time>2024-06-09T09:33:40.000Z</time>
        <extensions>
          <ns3:TrackPointExtension>
            <ns3:hr>106</ns3:hr>
            <ns3:cad>49</ns3:cad>
          </ns3:TrackPointExtension>
        </extensions>
      </trkpt>
      <trkpt lat="46.5639317035675048828125" lon="23.6853504739701747894287109375">
        <ele>444</ele>
        <time>2024-06-09T09:33:45.000Z</time>
        <extensions>
          <ns3:TrackPointExtension>
            <ns3:hr>106</ns3:hr>
            <ns3:cad>51</ns3:cad>
          </ns3:TrackPointExtension>
        </extensions>
      </trkpt>
      <trkpt lat="46.56399381347000598907470703125" lon="23.68515391834080219268798828125">
        <ele>444</ele>
        <time>2024-06-09T09:33:55.000Z</time>
        <extensions>
          <ns3:TrackPointExtension>
            <ns3:hr>105</ns3:hr>
            <ns3:cad>49</ns3:cad>
          </ns3:TrackPointExtension>
        </extensions>
      </trkpt>
      <trkpt lat="46.56403689645230770111083984375" lon="23.6850254237651824951171875">
        <ele>444.20001220703125</ele>
        <time>2024-06-09T09:34:03.000Z</time>
        <extensions>
          <ns3:TrackPointExtension>
            <ns3:hr>106</ns3:hr>
            <ns3:cad>50</ns3:cad>
          </ns3:TrackPointExtension>
        </extensions>
      </trkpt>
      <trkpt lat="46.56407142989337444305419921875" lon="23.684951327741146087646484375">
        <ele>444.399993896484375</ele>
        <time>2024-06-09T09:34:09.000Z</time>
        <extensions>
          <ns3:TrackPointExtension>
            <ns3:hr>106</ns3:hr>
            <ns3:cad>46</ns3:cad>
          </ns3:TrackPointExtension>
        </extensions>
      </trkpt>
      <trkpt lat="46.56411082483828067779541015625" lon="23.6848492361605167388916015625">
        <ele>444.20001220703125</ele>
        <time>2024-06-09T09:34:16.000Z</time>
        <extensions>
          <ns3:TrackPointExtension>
            <ns3:hr>107</ns3:hr>
            <ns3:cad>50</ns3:cad>
          </ns3:TrackPointExtension>
        </extensions>
      </trkpt>
      <trkpt lat="46.564118452370166778564453125" lon="23.68471571244299411773681640625">
        <ele>444.79998779296875</ele>
        <time>2024-06-09T09:34:24.000Z</time>
        <extensions>
          <ns3:TrackPointExtension>
            <ns3:hr>107</ns3:hr>
            <ns3:cad>48</ns3:cad>
          </ns3:TrackPointExtension>
        </extensions>
      </trkpt>
      <trkpt lat="46.56413362361490726470947265625" lon="23.68459098972380161285400390625">
        <ele>444.79998779296875</ele>
        <time>2024-06-09T09:34:32.000Z</time>
        <extensions>
          <ns3:TrackPointExtension>
            <ns3:hr>108</ns3:hr>
            <ns3:cad>0</ns3:cad>
          </ns3:TrackPointExtension>
        </extensions>
      </trkpt>
      <trkpt lat="46.5641417540609836578369140625" lon="23.6845533549785614013671875">
        <ele>444.79998779296875</ele>
        <time>2024-06-09T09:34:34.000Z</time>
        <extensions>
          <ns3:TrackPointExtension>
            <ns3:hr>107</ns3:hr>
            <ns3:cad>0</ns3:cad>
          </ns3:TrackPointExtension>
        </extensions>
      </trkpt>
      <trkpt lat="46.56416446901857852935791015625" lon="23.68444598279893398284912109375">
        <ele>445.399993896484375</ele>
        <time>2024-06-09T09:34:40.000Z</time>
        <extensions>
          <ns3:TrackPointExtension>
            <ns3:hr>108</ns3:hr>
            <ns3:cad>48</ns3:cad>
          </ns3:TrackPointExtension>
        </extensions>
      </trkpt>
      <trkpt lat="46.56419791281223297119140625" lon="23.68435529060661792755126953125">
        <ele>445.79998779296875</ele>
        <time>2024-06-09T09:34:45.000Z</time>
        <extensions>
          <ns3:TrackPointExtension>
            <ns3:hr>111</ns3:hr>
            <ns3:cad>48</ns3:cad>
          </ns3:TrackPointExtension>
        </extensions>
      </trkpt>
      <trkpt lat="46.56421140767633914947509765625" lon="23.6843184940516948699951171875">
        <ele>446</ele>
        <time>2024-06-09T09:34:47.000Z</time>
        <extensions>
          <ns3:TrackPointExtension>
            <ns3:hr>111</ns3:hr>
            <ns3:cad>48</ns3:cad>
          </ns3:TrackPointExtension>
        </extensions>
      </trkpt>
      <trkpt lat="46.5642329491674900054931640625" lon="23.68426510132849216461181640625">
        <ele>446.20001220703125</ele>
        <time>2024-06-09T09:34:51.000Z</time>
        <extensions>
          <ns3:TrackPointExtension>
            <ns3:hr>111</ns3:hr>
            <ns3:cad>46</ns3:cad>
          </ns3:TrackPointExtension>
        </extensions>
      </trkpt>
      <trkpt lat="46.56426220200955867767333984375" lon="23.684208355844020843505859375">
        <ele>446.399993896484375</ele>
        <time>2024-06-09T09:34:59.000Z</time>
        <extensions>
          <ns3:TrackPointExtension>
            <ns3:hr>111</ns3:hr>
            <ns3:cad>47</ns3:cad>
          </ns3:TrackPointExtension>
        </extensions>
      </trkpt>
      <trkpt lat="46.56426337547600269317626953125" lon="23.68412445299327373504638671875">
        <ele>446.600006103515625</ele>
        <time>2024-06-09T09:35:06.000Z</time>
        <extensions>
          <ns3:TrackPointExtension>
            <ns3:hr>112</ns3:hr>
            <ns3:cad>43</ns3:cad>
          </ns3:TrackPointExtension>
        </extensions>
      </trkpt>
      <trkpt lat="46.56426907517015933990478515625" lon="23.68408941663801670074462890625">
        <ele>447.20001220703125</ele>
        <time>2024-06-09T09:35:09.000Z</time>
        <extensions>
          <ns3:TrackPointExtension>
            <ns3:hr>111</ns3:hr>
            <ns3:cad>0</ns3:cad>
          </ns3:TrackPointExtension>
        </extensions>
      </trkpt>
      <trkpt lat="46.5642842464148998260498046875" lon="23.684009872376918792724609375">
        <ele>447.79998779296875</ele>
        <time>2024-06-09T09:35:14.000Z</time>
        <extensions>
          <ns3:TrackPointExtension>
            <ns3:hr>110</ns3:hr>
            <ns3:cad>43</ns3:cad>
          </ns3:TrackPointExtension>
        </extensions>
      </trkpt>
      <trkpt lat="46.56429371796548366546630859375" lon="23.68392370641231536865234375">
        <ele>448.20001220703125</ele>
        <time>2024-06-09T09:35:20.000Z</time>
        <extensions>
          <ns3:TrackPointExtension>
            <ns3:hr>110</ns3:hr>
            <ns3:cad>47</ns3:cad>
          </ns3:TrackPointExtension>
        </extensions>
      </trkpt>
      <trkpt lat="46.56429355032742023468017578125" lon="23.6838608421385288238525390625">
        <ele>448.20001220703125</ele>
        <time>2024-06-09T09:35:24.000Z</time>
        <extensions>
          <ns3:TrackPointExtension>
            <ns3:hr>109</ns3:hr>
            <ns3:cad>48</ns3:cad>
          </ns3:TrackPointExtension>
        </extensions>
      </trkpt>
      <trkpt lat="46.56429002992808818817138671875" lon="23.6837441660463809967041015625">
        <ele>448.399993896484375</ele>
        <time>2024-06-09T09:35:32.000Z</time>
        <extensions>
          <ns3:TrackPointExtension>
            <ns3:hr>110</ns3:hr>
            <ns3:cad>44</ns3:cad>
          </ns3:TrackPointExtension>
        </extensions>
      </trkpt>
      <trkpt lat="46.56429070048034191131591796875" lon="23.683639056980609893798828125">
        <ele>448.20001220703125</ele>
        <time>2024-06-09T09:35:38.000Z</time>
        <extensions>
          <ns3:TrackPointExtension>
            <ns3:hr>109</ns3:hr>
            <ns3:cad>50</ns3:cad>
          </ns3:TrackPointExtension>
        </extensions>
      </trkpt>
      <trkpt lat="46.564276702702045440673828125" lon="23.6835483647882938385009765625">
        <ele>448.20001220703125</ele>
        <time>2024-06-09T09:35:46.000Z</time>
        <extensions>
          <ns3:TrackPointExtension>
            <ns3:hr>110</ns3:hr>
            <ns3:cad>49</ns3:cad>
          </ns3:TrackPointExtension>
        </extensions>
      </trkpt>
      <trkpt lat="46.56431869603693485260009765625" lon="23.68342640809714794158935546875">
        <ele>448</ele>
        <time>2024-06-09T09:35:53.000Z</time>
        <extensions>
          <ns3:TrackPointExtension>
            <ns3:hr>109</ns3:hr>
            <ns3:cad>50</ns3:cad>
          </ns3:TrackPointExtension>
        </extensions>
      </trkpt>
      <trkpt lat="46.564382649958133697509765625" lon="23.68331509642302989959716796875">
        <ele>448</ele>
        <time>2024-06-09T09:36:01.000Z</time>
        <extensions>
          <ns3:TrackPointExtension>
            <ns3:hr>107</ns3:hr>
            <ns3:cad>47</ns3:cad>
          </ns3:TrackPointExtension>
        </extensions>
      </trkpt>
      <trkpt lat="46.56439899466931819915771484375" lon="23.683219291269779205322265625">
        <ele>448</ele>
        <time>2024-06-09T09:36:05.000Z</time>
        <extensions>
          <ns3:TrackPointExtension>
            <ns3:hr>104</ns3:hr>
            <ns3:cad>48</ns3:cad>
          </ns3:TrackPointExtension>
        </extensions>
      </trkpt>
      <trkpt lat="46.5643885172903537750244140625" lon="23.683154247701168060302734375">
        <ele>447.79998779296875</ele>
        <time>2024-06-09T09:36:08.000Z</time>
        <extensions>
          <ns3:TrackPointExtension>
            <ns3:hr>104</ns3:hr>
            <ns3:cad>47</ns3:cad>
          </ns3:TrackPointExtension>
        </extensions>
      </trkpt>
      <trkpt lat="46.5643526427447795867919921875" lon="23.683036230504512786865234375">
        <ele>447.600006103515625</ele>
        <time>2024-06-09T09:36:14.000Z</time>
        <extensions>
          <ns3:TrackPointExtension>
            <ns3:hr>103</ns3:hr>
            <ns3:cad>48</ns3:cad>
          </ns3:TrackPointExtension>
        </extensions>
      </trkpt>
      <trkpt lat="46.56431500799953937530517578125" lon="23.68300236761569976806640625">
        <ele>447.399993896484375</ele>
        <time>2024-06-09T09:36:20.000Z</time>
        <extensions>
          <ns3:TrackPointExtension>
            <ns3:hr>103</ns3:hr>
            <ns3:cad>50</ns3:cad>
          </ns3:TrackPointExtension>
        </extensions>
      </trkpt>
      <trkpt lat="46.56431685201823711395263671875" lon="23.682993315160274505615234375">
        <ele>447.79998779296875</ele>
        <time>2024-06-09T09:36:26.000Z</time>
        <extensions>
          <ns3:TrackPointExtension>
            <ns3:hr>103</ns3:hr>
            <ns3:cad>60</ns3:cad>
          </ns3:TrackPointExtension>
        </extensions>
      </trkpt>
      <trkpt lat="46.56426806934177875518798828125" lon="23.6829274334013462066650390625">
        <ele>447.600006103515625</ele>
        <time>2024-06-09T09:36:32.000Z</time>
        <extensions>
          <ns3:TrackPointExtension>
            <ns3:hr>102</ns3:hr>
            <ns3:cad>41</ns3:cad>
          </ns3:TrackPointExtension>
        </extensions>
      </trkpt>
      <trkpt lat="46.5642550773918628692626953125" lon="23.68283732794225215911865234375">
        <ele>447.600006103515625</ele>
        <time>2024-06-09T09:36:38.000Z</time>
        <extensions>
          <ns3:TrackPointExtension>
            <ns3:hr>102</ns3:hr>
            <ns3:cad>46</ns3:cad>
          </ns3:TrackPointExtension>
        </extensions>
      </trkpt>
      <trkpt lat="46.56422666274011135101318359375" lon="23.6827658303081989288330078125">
        <ele>447.399993896484375</ele>
        <time>2024-06-09T09:36:44.000Z</time>
        <extensions>
          <ns3:TrackPointExtension>
            <ns3:hr>101</ns3:hr>
            <ns3:cad>46</ns3:cad>
          </ns3:TrackPointExtension>
        </extensions>
      </trkpt>
      <trkpt lat="46.5642443485558032989501953125" lon="23.6827141977846622467041015625">
        <ele>447.399993896484375</ele>
        <time>2024-06-09T09:36:50.000Z</time>
        <extensions>
          <ns3:TrackPointExtension>
            <ns3:hr>99</ns3:hr>
            <ns3:cad>0</ns3:cad>
          </ns3:TrackPointExtension>
        </extensions>
      </trkpt>
      <trkpt lat="46.564246527850627899169921875" lon="23.6826276965439319610595703125">
        <ele>447.399993896484375</ele>
        <time>2024-06-09T09:36:56.000Z</time>
        <extensions>
          <ns3:TrackPointExtension>
            <ns3:hr>103</ns3:hr>
            <ns3:cad>47</ns3:cad>
          </ns3:TrackPointExtension>
        </extensions>
      </trkpt>
      <trkpt lat="46.5642078034579753875732421875" lon="23.68255821056663990020751953125">
        <ele>448.20001220703125</ele>
        <time>2024-06-09T09:37:03.000Z</time>
        <extensions>
          <ns3:TrackPointExtension>
            <ns3:hr>104</ns3:hr>
            <ns3:cad>0</ns3:cad>
          </ns3:TrackPointExtension>
        </extensions>
      </trkpt>
      <trkpt lat="46.5642124973237514495849609375" lon="23.682552091777324676513671875">
        <ele>448.399993896484375</ele>
        <time>2024-06-09T09:37:06.000Z</time>
        <extensions>
          <ns3:TrackPointExtension>
            <ns3:hr>107</ns3:hr>
            <ns3:cad>0</ns3:cad>
          </ns3:TrackPointExtension>
        </extensions>
      </trkpt>
      <trkpt lat="46.5642208792269229888916015625" lon="23.6825546063482761383056640625">
        <ele>448.399993896484375</ele>
        <time>2024-06-09T09:37:10.000Z</time>
        <extensions>
          <ns3:TrackPointExtension>
            <ns3:hr>108</ns3:hr>
            <ns3:cad>0</ns3:cad>
          </ns3:TrackPointExtension>
        </extensions>
      </trkpt>
      <trkpt lat="46.5642155148088932037353515625" lon="23.68255670182406902313232421875">
        <ele>448.20001220703125</ele>
        <time>2024-06-09T09:37:20.000Z</time>
        <extensions>
          <ns3:TrackPointExtension>
            <ns3:hr>109</ns3:hr>
            <ns3:cad>0</ns3:cad>
          </ns3:TrackPointExtension>
        </extensions>
      </trkpt>
      <trkpt lat="46.56425666995346546173095703125" lon="23.6825388483703136444091796875">
        <ele>448.20001220703125</ele>
        <time>2024-06-09T09:37:25.000Z</time>
        <extensions>
          <ns3:TrackPointExtension>
            <ns3:hr>110</ns3:hr>
            <ns3:cad>0</ns3:cad>
          </ns3:TrackPointExtension>
        </extensions>
      </trkpt>
      <trkpt lat="46.56432724557816982269287109375" lon="23.68251529522240161895751953125">
        <ele>448.600006103515625</ele>
        <time>2024-06-09T09:37:31.000Z</time>
        <extensions>
          <ns3:TrackPointExtension>
            <ns3:hr>109</ns3:hr>
            <ns3:cad>52</ns3:cad>
          </ns3:TrackPointExtension>
        </extensions>
      </trkpt>
      <trkpt lat="46.56436018645763397216796875" lon="23.682518899440765380859375">
        <ele>448.79998779296875</ele>
        <time>2024-06-09T09:37:36.000Z</time>
        <extensions>
          <ns3:TrackPointExtension>
            <ns3:hr>106</ns3:hr>
            <ns3:cad>0</ns3:cad>
          </ns3:TrackPointExtension>
        </extensions>
      </trkpt>
      <trkpt lat="46.56436144374310970306396484375" lon="23.68252418003976345062255859375">
        <ele>448.79998779296875</ele>
        <time>2024-06-09T09:37:38.000Z</time>
        <extensions>
          <ns3:TrackPointExtension>
            <ns3:hr>104</ns3:hr>
            <ns3:cad>0</ns3:cad>
          </ns3:TrackPointExtension>
        </extensions>
      </trkpt>
      <trkpt lat="46.564345099031925201416015625" lon="23.682525940239429473876953125">
        <ele>449</ele>
        <time>2024-06-09T09:37:42.000Z</time>
        <extensions>
          <ns3:TrackPointExtension>
            <ns3:hr>101</ns3:hr>
            <ns3:cad>0</ns3:cad>
          </ns3:TrackPointExtension>
        </extensions>
      </trkpt>
      <trkpt lat="46.56434400938451290130615234375" lon="23.68250884115695953369140625">
        <ele>448.79998779296875</ele>
        <time>2024-06-09T09:37:45.000Z</time>
        <extensions>
          <ns3:TrackPointExtension>
            <ns3:hr>101</ns3:hr>
            <ns3:cad>0</ns3:cad>
          </ns3:TrackPointExtension>
        </extensions>
      </trkpt>
      <trkpt lat="46.56433872878551483154296875" lon="23.682497777044773101806640625">
        <ele>448</ele>
        <time>2024-06-09T09:37:53.000Z</time>
        <extensions>
          <ns3:TrackPointExtension>
            <ns3:hr>101</ns3:hr>
            <ns3:cad>0</ns3:cad>
          </ns3:TrackPointExtension>
        </extensions>
      </trkpt>
      <trkpt lat="46.56435373239219188690185546875" lon="23.68245595134794712066650390625">
        <ele>447</ele>
        <time>2024-06-09T09:37:58.000Z</time>
        <extensions>
          <ns3:TrackPointExtension>
            <ns3:hr>104</ns3:hr>
            <ns3:cad>0</ns3:cad>
          </ns3:TrackPointExtension>
        </extensions>
      </trkpt>
      <trkpt lat="46.5643586777150630950927734375" lon="23.682427704334259033203125">
        <ele>446.20001220703125</ele>
        <time>2024-06-09T09:38:00.000Z</time>
        <extensions>
          <ns3:TrackPointExtension>
            <ns3:hr>103</ns3:hr>
            <ns3:cad>0</ns3:cad>
          </ns3:TrackPointExtension>
        </extensions>
      </trkpt>
      <trkpt lat="46.5643620304763317108154296875" lon="23.68231664411723613739013671875">
        <ele>446.20001220703125</ele>
        <time>2024-06-09T09:38:06.000Z</time>
        <extensions>
          <ns3:TrackPointExtension>
            <ns3:hr>103</ns3:hr>
            <ns3:cad>47</ns3:cad>
          </ns3:TrackPointExtension>
        </extensions>
      </trkpt>
      <trkpt lat="46.56437803991138935089111328125" lon="23.6821827851235866546630859375">
        <ele>446.399993896484375</ele>
        <time>2024-06-09T09:38:15.000Z</time>
        <extensions>
          <ns3:TrackPointExtension>
            <ns3:hr>103</ns3:hr>
            <ns3:cad>47</ns3:cad>
          </ns3:TrackPointExtension>
        </extensions>
      </trkpt>
      <trkpt lat="46.5643653832376003265380859375" lon="23.68207692168653011322021484375">
        <ele>447.600006103515625</ele>
        <time>2024-06-09T09:38:22.000Z</time>
        <extensions>
          <ns3:TrackPointExtension>
            <ns3:hr>106</ns3:hr>
            <ns3:cad>47</ns3:cad>
          </ns3:TrackPointExtension>
        </extensions>
      </trkpt>
      <trkpt lat="46.56436714343726634979248046875" lon="23.68205646984279155731201171875">
        <ele>447.600006103515625</ele>
        <time>2024-06-09T09:38:23.000Z</time>
        <extensions>
          <ns3:TrackPointExtension>
            <ns3:hr>106</ns3:hr>
            <ns3:cad>48</ns3:cad>
          </ns3:TrackPointExtension>
        </extensions>
      </trkpt>
      <trkpt lat="46.56435884535312652587890625" lon="23.6819990538060665130615234375">
        <ele>448.20001220703125</ele>
        <time>2024-06-09T09:38:26.000Z</time>
        <extensions>
          <ns3:TrackPointExtension>
            <ns3:hr>107</ns3:hr>
            <ns3:cad>49</ns3:cad>
          </ns3:TrackPointExtension>
        </extensions>
      </trkpt>
      <trkpt lat="46.56435021199285984039306640625" lon="23.68196309544146060943603515625">
        <ele>448.79998779296875</ele>
        <time>2024-06-09T09:38:29.000Z</time>
        <extensions>
          <ns3:TrackPointExtension>
            <ns3:hr>108</ns3:hr>
            <ns3:cad>49</ns3:cad>
          </ns3:TrackPointExtension>
        </extensions>
      </trkpt>
      <trkpt lat="46.56433311291038990020751953125" lon="23.68191833607852458953857421875">
        <ele>449</ele>
        <time>2024-06-09T09:38:32.000Z</time>
        <extensions>
          <ns3:TrackPointExtension>
            <ns3:hr>111</ns3:hr>
            <ns3:cad>51</ns3:cad>
          </ns3:TrackPointExtension>
        </extensions>
      </trkpt>
      <trkpt lat="46.56431618146598339080810546875" lon="23.68189654313027858734130859375">
        <ele>449.399993896484375</ele>
        <time>2024-06-09T09:38:34.000Z</time>
        <extensions>
          <ns3:TrackPointExtension>
            <ns3:hr>113</ns3:hr>
            <ns3:cad>49</ns3:cad>
          </ns3:TrackPointExtension>
        </extensions>
      </trkpt>
      <trkpt lat="46.5642932988703250885009765625" lon="23.6818679608404636383056640625">
        <ele>449.399993896484375</ele>
        <time>2024-06-09T09:38:36.000Z</time>
        <extensions>
          <ns3:TrackPointExtension>
            <ns3:hr>115</ns3:hr>
            <ns3:cad>48</ns3:cad>
          </ns3:TrackPointExtension>
        </extensions>
      </trkpt>
      <trkpt lat="46.56425616703927516937255859375" lon="23.68182362057268619537353515625">
        <ele>449.79998779296875</ele>
        <time>2024-06-09T09:38:41.000Z</time>
        <extensions>
          <ns3:TrackPointExtension>
            <ns3:hr>118</ns3:hr>
            <ns3:cad>50</ns3:cad>
          </ns3:TrackPointExtension>
        </extensions>
      </trkpt>
      <trkpt lat="46.56424309127032756805419921875" lon="23.68178942240774631500244140625">
        <ele>450</ele>
        <time>2024-06-09T09:38:48.000Z</time>
        <extensions>
          <ns3:TrackPointExtension>
            <ns3:hr>120</ns3:hr>
            <ns3:cad>45</ns3:cad>
          </ns3:TrackPointExtension>
        </extensions>
      </trkpt>
      <trkpt lat="46.5642480365931987762451171875" lon="23.6817450821399688720703125">
        <ele>450.399993896484375</ele>
        <time>2024-06-09T09:38:52.000Z</time>
        <extensions>
          <ns3:TrackPointExtension>
            <ns3:hr>120</ns3:hr>
            <ns3:cad>0</ns3:cad>
          </ns3:TrackPointExtension>
        </extensions>
      </trkpt>
      <trkpt lat="46.56423470936715602874755859375" lon="23.68171566165983676910400390625">
        <ele>450.399993896484375</ele>
        <time>2024-06-09T09:38:54.000Z</time>
        <extensions>
          <ns3:TrackPointExtension>
            <ns3:hr>119</ns3:hr>
            <ns3:cad>45</ns3:cad>
          </ns3:TrackPointExtension>
        </extensions>
      </trkpt>
      <trkpt lat="46.5641722641885280609130859375" lon="23.68162362836301326751708984375">
        <ele>450.399993896484375</ele>
        <time>2024-06-09T09:39:01.000Z</time>
        <extensions>
          <ns3:TrackPointExtension>
            <ns3:hr>119</ns3:hr>
            <ns3:cad>48</ns3:cad>
          </ns3:TrackPointExtension>
        </extensions>
      </trkpt>
      <trkpt lat="46.5640914626419544219970703125" lon="23.6815695650875568389892578125">
        <ele>450.399993896484375</ele>
        <time>2024-06-09T09:39:06.000Z</time>
        <extensions>
          <ns3:TrackPointExtension>
            <ns3:hr>118</ns3:hr>
            <ns3:cad>48</ns3:cad>
          </ns3:TrackPointExtension>
        </extensions>
      </trkpt>
      <trkpt lat="46.56405013985931873321533203125" lon="23.6815219558775424957275390625">
        <ele>450.399993896484375</ele>
        <time>2024-06-09T09:39:11.000Z</time>
        <extensions>
          <ns3:TrackPointExtension>
            <ns3:hr>117</ns3:hr>
            <ns3:cad>47</ns3:cad>
          </ns3:TrackPointExtension>
        </extensions>
      </trkpt>
      <trkpt lat="46.5639784745872020721435546875" lon="23.6814676411449909210205078125">
        <ele>450</ele>
        <time>2024-06-09T09:39:18.000Z</time>
        <extensions>
          <ns3:TrackPointExtension>
            <ns3:hr>116</ns3:hr>
            <ns3:cad>52</ns3:cad>
          </ns3:TrackPointExtension>
        </extensions>
      </trkpt>
      <trkpt lat="46.56392239965498447418212890625" lon="23.6814136616885662078857421875">
        <ele>449.399993896484375</ele>
        <time>2024-06-09T09:39:22.000Z</time>
        <extensions>
          <ns3:TrackPointExtension>
            <ns3:hr>115</ns3:hr>
            <ns3:cad>49</ns3:cad>
          </ns3:TrackPointExtension>
        </extensions>
      </trkpt>
      <trkpt lat="46.5638728626072406768798828125" lon="23.68139061145484447479248046875">
        <ele>448.79998779296875</ele>
        <time>2024-06-09T09:39:26.000Z</time>
        <extensions>
          <ns3:TrackPointExtension>
            <ns3:hr>114</ns3:hr>
            <ns3:cad>50</ns3:cad>
          </ns3:TrackPointExtension>
        </extensions>
      </trkpt>
      <trkpt lat="46.56384327448904514312744140625" lon="23.68133948184549808502197265625">
        <ele>448.399993896484375</ele>
        <time>2024-06-09T09:39:31.000Z</time>
        <extensions>
          <ns3:TrackPointExtension>
            <ns3:hr>113</ns3:hr>
            <ns3:cad>50</ns3:cad>
          </ns3:TrackPointExtension>
        </extensions>
      </trkpt>
      <trkpt lat="46.5638042986392974853515625" lon="23.681285418570041656494140625">
        <ele>448.600006103515625</ele>
        <time>2024-06-09T09:39:37.000Z</time>
        <extensions>
          <ns3:TrackPointExtension>
            <ns3:hr>113</ns3:hr>
            <ns3:cad>42</ns3:cad>
          </ns3:TrackPointExtension>
        </extensions>
      </trkpt>
      <trkpt lat="46.56379164196550846099853515625" lon="23.68126940913498401641845703125">
        <ele>448.79998779296875</ele>
        <time>2024-06-09T09:39:41.000Z</time>
        <extensions>
          <ns3:TrackPointExtension>
            <ns3:hr>112</ns3:hr>
            <ns3:cad>0</ns3:cad>
          </ns3:TrackPointExtension>
        </extensions>
      </trkpt>
      <trkpt lat="46.5637535043060779571533203125" lon="23.6812436766922473907470703125">
        <ele>449</ele>
        <time>2024-06-09T09:39:45.000Z</time>
        <extensions>
          <ns3:TrackPointExtension>
            <ns3:hr>106</ns3:hr>
            <ns3:cad>0</ns3:cad>
          </ns3:TrackPointExtension>
        </extensions>
      </trkpt>
      <trkpt lat="46.5637506544589996337890625" lon="23.68123588152229785919189453125">
        <ele>449</ele>
        <time>2024-06-09T09:39:46.000Z</time>
        <extensions>
          <ns3:TrackPointExtension>
            <ns3:hr>103</ns3:hr>
            <ns3:cad>0</ns3:cad>
          </ns3:TrackPointExtension>
        </extensions>
      </trkpt>
      <trkpt lat="46.56374889425933361053466796875" lon="23.68123269639909267425537109375">
        <ele>449</ele>
        <time>2024-06-09T09:39:47.000Z</time>
        <extensions>
          <ns3:TrackPointExtension>
            <ns3:hr>101</ns3:hr>
            <ns3:cad>0</ns3:cad>
          </ns3:TrackPointExtension>
        </extensions>
      </trkpt>
      <trkpt lat="46.56372240744531154632568359375" lon="23.6811715923249721527099609375">
        <ele>449.399993896484375</ele>
        <time>2024-06-09T09:39:52.000Z</time>
        <extensions>
          <ns3:TrackPointExtension>
            <ns3:hr>100</ns3:hr>
            <ns3:cad>41</ns3:cad>
          </ns3:TrackPointExtension>
        </extensions>
      </trkpt>
      <trkpt lat="46.563681922852993011474609375" lon="23.68109975941479206085205078125">
        <ele>450</ele>
        <time>2024-06-09T09:39:57.000Z</time>
        <extensions>
          <ns3:TrackPointExtension>
            <ns3:hr>99</ns3:hr>
            <ns3:cad>43</ns3:cad>
          </ns3:TrackPointExtension>
        </extensions>
      </trkpt>
      <trkpt lat="46.5636700205504894256591796875" lon="23.68109003640711307525634765625">
        <ele>450.399993896484375</ele>
        <time>2024-06-09T09:39:59.000Z</time>
        <extensions>
          <ns3:TrackPointExtension>
            <ns3:hr>100</ns3:hr>
            <ns3:cad>42</ns3:cad>
          </ns3:TrackPointExtension>
        </extensions>
      </trkpt>
      <trkpt lat="46.5636623091995716094970703125" lon="23.68107947520911693572998046875">
        <ele>450.79998779296875</ele>
        <time>2024-06-09T09:40:01.000Z</time>
        <extensions>
          <ns3:TrackPointExtension>
            <ns3:hr>100</ns3:hr>
            <ns3:cad>42</ns3:cad>
          </ns3:TrackPointExtension>
        </extensions>
      </trkpt>
      <trkpt lat="46.563649065792560577392578125" lon="23.6810730211436748504638671875">
        <ele>450.79998779296875</ele>
        <time>2024-06-09T09:40:06.000Z</time>
        <extensions>
          <ns3:TrackPointExtension>
            <ns3:hr>103</ns3:hr>
            <ns3:cad>42</ns3:cad>
          </ns3:TrackPointExtension>
        </extensions>
      </trkpt>
      <trkpt lat="46.56363942660391330718994140625" lon="23.681054078042507171630859375">
        <ele>450.399993896484375</ele>
        <time>2024-06-09T09:40:08.000Z</time>
        <extensions>
          <ns3:TrackPointExtension>
            <ns3:hr>103</ns3:hr>
            <ns3:cad>46</ns3:cad>
          </ns3:TrackPointExtension>
        </extensions>
      </trkpt>
      <trkpt lat="46.56362316571176052093505859375" lon="23.6809784732758998870849609375">
        <ele>449.20001220703125</ele>
        <time>2024-06-09T09:40:13.000Z</time>
        <extensions>
          <ns3:TrackPointExtension>
            <ns3:hr>103</ns3:hr>
            <ns3:cad>102</ns3:cad>
          </ns3:TrackPointExtension>
        </extensions>
      </trkpt>
      <trkpt lat="46.56361076049506664276123046875" lon="23.6809254996478557586669921875">
        <ele>449</ele>
        <time>2024-06-09T09:40:16.000Z</time>
        <extensions>
          <ns3:TrackPointExtension>
            <ns3:hr>103</ns3:hr>
            <ns3:cad>102</ns3:cad>
          </ns3:TrackPointExtension>
        </extensions>
      </trkpt>
      <trkpt lat="46.56357874162495136260986328125" lon="23.68081033229827880859375">
        <ele>448.600006103515625</ele>
        <time>2024-06-09T09:40:24.000Z</time>
        <extensions>
          <ns3:TrackPointExtension>
            <ns3:hr>103</ns3:hr>
            <ns3:cad>52</ns3:cad>
          </ns3:TrackPointExtension>
        </extensions>
      </trkpt>
      <trkpt lat="46.56355862505733966827392578125" lon="23.68072089739143848419189453125">
        <ele>448.600006103515625</ele>
        <time>2024-06-09T09:40:30.000Z</time>
        <extensions>
          <ns3:TrackPointExtension>
            <ns3:hr>102</ns3:hr>
            <ns3:cad>47</ns3:cad>
          </ns3:TrackPointExtension>
        </extensions>
      </trkpt>
      <trkpt lat="46.5635521709918975830078125" lon="23.680684603750705718994140625">
        <ele>448.20001220703125</ele>
        <time>2024-06-09T09:40:32.000Z</time>
        <extensions>
          <ns3:TrackPointExtension>
            <ns3:hr>102</ns3:hr>
            <ns3:cad>48</ns3:cad>
          </ns3:TrackPointExtension>
        </extensions>
      </trkpt>
      <trkpt lat="46.5635426156222820281982421875" lon="23.6806545965373516082763671875">
        <ele>448</ele>
        <time>2024-06-09T09:40:34.000Z</time>
        <extensions>
          <ns3:TrackPointExtension>
            <ns3:hr>102</ns3:hr>
            <ns3:cad>48</ns3:cad>
          </ns3:TrackPointExtension>
        </extensions>
      </trkpt>
      <trkpt lat="46.5635308809578418731689453125" lon="23.680646717548370361328125">
        <ele>447.399993896484375</ele>
        <time>2024-06-09T09:40:36.000Z</time>
        <extensions>
          <ns3:TrackPointExtension>
            <ns3:hr>102</ns3:hr>
            <ns3:cad>48</ns3:cad>
          </ns3:TrackPointExtension>
        </extensions>
      </trkpt>
      <trkpt lat="46.56351453624665737152099609375" lon="23.6806281097233295440673828125">
        <ele>447.20001220703125</ele>
        <time>2024-06-09T09:40:39.000Z</time>
        <extensions>
          <ns3:TrackPointExtension>
            <ns3:hr>106</ns3:hr>
            <ns3:cad>0</ns3:cad>
          </ns3:TrackPointExtension>
        </extensions>
      </trkpt>
      <trkpt lat="46.5635097585618495941162109375" lon="23.68062215857207775115966796875">
        <ele>447.20001220703125</ele>
        <time>2024-06-09T09:40:40.000Z</time>
        <extensions>
          <ns3:TrackPointExtension>
            <ns3:hr>108</ns3:hr>
            <ns3:cad>0</ns3:cad>
          </ns3:TrackPointExtension>
        </extensions>
      </trkpt>
      <trkpt lat="46.56349928118288516998291015625" lon="23.6805975995957851409912109375">
        <ele>447</ele>
        <time>2024-06-09T09:40:44.000Z</time>
        <extensions>
          <ns3:TrackPointExtension>
            <ns3:hr>108</ns3:hr>
            <ns3:cad>0</ns3:cad>
          </ns3:TrackPointExtension>
        </extensions>
      </trkpt>
      <trkpt lat="46.56349978409707546234130859375" lon="23.68057773448526859283447265625">
        <ele>446.399993896484375</ele>
        <time>2024-06-09T09:40:48.000Z</time>
        <extensions>
          <ns3:TrackPointExtension>
            <ns3:hr>108</ns3:hr>
            <ns3:cad>0</ns3:cad>
          </ns3:TrackPointExtension>
        </extensions>
      </trkpt>
      <trkpt lat="46.5635255165398120880126953125" lon="23.680555857717990875244140625">
        <ele>446.20001220703125</ele>
        <time>2024-06-09T09:40:51.000Z</time>
        <extensions>
          <ns3:TrackPointExtension>
            <ns3:hr>108</ns3:hr>
            <ns3:cad>0</ns3:cad>
          </ns3:TrackPointExtension>
        </extensions>
      </trkpt>
      <trkpt lat="46.5635338984429836273193359375" lon="23.6805392615497112274169921875">
        <ele>446.79998779296875</ele>
        <time>2024-06-09T09:40:57.000Z</time>
        <extensions>
          <ns3:TrackPointExtension>
            <ns3:hr>109</ns3:hr>
            <ns3:cad>0</ns3:cad>
          </ns3:TrackPointExtension>
        </extensions>
      </trkpt>
      <trkpt lat="46.56350833363831043243408203125" lon="23.68047706782817840576171875">
        <ele>447.79998779296875</ele>
        <time>2024-06-09T09:41:04.000Z</time>
        <extensions>
          <ns3:TrackPointExtension>
            <ns3:hr>109</ns3:hr>
            <ns3:cad>0</ns3:cad>
          </ns3:TrackPointExtension>
        </extensions>
      </trkpt>
      <trkpt lat="46.56349944882094860076904296875" lon="23.680386878550052642822265625">
        <ele>448.20001220703125</ele>
        <time>2024-06-09T09:41:09.000Z</time>
        <extensions>
          <ns3:TrackPointExtension>
            <ns3:hr>109</ns3:hr>
            <ns3:cad>0</ns3:cad>
          </ns3:TrackPointExtension>
        </extensions>
      </trkpt>
      <trkpt lat="46.56350648961961269378662109375" lon="23.68028855882585048675537109375">
        <ele>449</ele>
        <time>2024-06-09T09:41:15.000Z</time>
        <extensions>
          <ns3:TrackPointExtension>
            <ns3:hr>110</ns3:hr>
            <ns3:cad>52</ns3:cad>
          </ns3:TrackPointExtension>
        </extensions>
      </trkpt>
      <trkpt lat="46.563513614237308502197265625" lon="23.68024698458611965179443359375">
        <ele>449.20001220703125</ele>
        <time>2024-06-09T09:41:17.000Z</time>
        <extensions>
          <ns3:TrackPointExtension>
            <ns3:hr>110</ns3:hr>
            <ns3:cad>54</ns3:cad>
          </ns3:TrackPointExtension>
        </extensions>
      </trkpt>
      <trkpt lat="46.56351587735116481781005859375" lon="23.68015578947961330413818359375">
        <ele>449.399993896484375</ele>
        <time>2024-06-09T09:41:22.000Z</time>
        <extensions>
          <ns3:TrackPointExtension>
            <ns3:hr>111</ns3:hr>
            <ns3:cad>49</ns3:cad>
          </ns3:TrackPointExtension>
        </extensions>
      </trkpt>
      <trkpt lat="46.56349609605967998504638671875" lon="23.68008135817945003509521484375">
        <ele>449.600006103515625</ele>
        <time>2024-06-09T09:41:27.000Z</time>
        <extensions>
          <ns3:TrackPointExtension>
            <ns3:hr>114</ns3:hr>
            <ns3:cad>45</ns3:cad>
          </ns3:TrackPointExtension>
        </extensions>
      </trkpt>
      <trkpt lat="46.563495509326457977294921875" lon="23.6800370179116725921630859375">
        <ele>449.600006103515625</ele>
        <time>2024-06-09T09:41:30.000Z</time>
        <extensions>
          <ns3:TrackPointExtension>
            <ns3:hr>114</ns3:hr>
            <ns3:cad>44</ns3:cad>
          </ns3:TrackPointExtension>
        </extensions>
      </trkpt>
      <trkpt lat="46.563498862087726593017578125" lon="23.68000340647995471954345703125">
        <ele>450</ele>
        <time>2024-06-09T09:41:32.000Z</time>
        <extensions>
          <ns3:TrackPointExtension>
            <ns3:hr>116</ns3:hr>
            <ns3:cad>44</ns3:cad>
          </ns3:TrackPointExtension>
        </extensions>
      </trkpt>
      <trkpt lat="46.56350380741059780120849609375" lon="23.67997373454272747039794921875">
        <ele>450.20001220703125</ele>
        <time>2024-06-09T09:41:34.000Z</time>
        <extensions>
          <ns3:TrackPointExtension>
            <ns3:hr>120</ns3:hr>
            <ns3:cad>44</ns3:cad>
          </ns3:TrackPointExtension>
        </extensions>
      </trkpt>
      <trkpt lat="46.56350858509540557861328125" lon="23.67994473315775394439697265625">
        <ele>450.399993896484375</ele>
        <time>2024-06-09T09:41:35.000Z</time>
        <extensions>
          <ns3:TrackPointExtension>
            <ns3:hr>123</ns3:hr>
            <ns3:cad>44</ns3:cad>
          </ns3:TrackPointExtension>
        </extensions>
      </trkpt>
      <trkpt lat="46.5635188110172748565673828125" lon="23.6798970401287078857421875">
        <ele>451</ele>
        <time>2024-06-09T09:41:38.000Z</time>
        <extensions>
          <ns3:TrackPointExtension>
            <ns3:hr>124</ns3:hr>
            <ns3:cad>44</ns3:cad>
          </ns3:TrackPointExtension>
        </extensions>
      </trkpt>
      <trkpt lat="46.56352677382528781890869140625" lon="23.6798623390495777130126953125">
        <ele>451.399993896484375</ele>
        <time>2024-06-09T09:41:40.000Z</time>
        <extensions>
          <ns3:TrackPointExtension>
            <ns3:hr>124</ns3:hr>
            <ns3:cad>44</ns3:cad>
          </ns3:TrackPointExtension>
        </extensions>
      </trkpt>
      <trkpt lat="46.56356264837086200714111328125" lon="23.67974943481385707855224609375">
        <ele>451.600006103515625</ele>
        <time>2024-06-09T09:41:46.000Z</time>
        <extensions>
          <ns3:TrackPointExtension>
            <ns3:hr>125</ns3:hr>
            <ns3:cad>49</ns3:cad>
          </ns3:TrackPointExtension>
        </extensions>
      </trkpt>
      <trkpt lat="46.5635734610259532928466796875" lon="23.67962152697145938873291015625">
        <ele>451.79998779296875</ele>
        <time>2024-06-09T09:41:53.000Z</time>
        <extensions>
          <ns3:TrackPointExtension>
            <ns3:hr>126</ns3:hr>
            <ns3:cad>46</ns3:cad>
          </ns3:TrackPointExtension>
        </extensions>
      </trkpt>
      <trkpt lat="46.56359315849840641021728515625" lon="23.6795428209006786346435546875">
        <ele>452.600006103515625</ele>
        <time>2024-06-09T09:41:58.000Z</time>
        <extensions>
          <ns3:TrackPointExtension>
            <ns3:hr>125</ns3:hr>
            <ns3:cad>49</ns3:cad>
          </ns3:TrackPointExtension>
        </extensions>
      </trkpt>
      <trkpt lat="46.5636036358773708343505859375" lon="23.6795324273407459259033203125">
        <ele>452.600006103515625</ele>
        <time>2024-06-09T09:42:00.000Z</time>
        <extensions>
          <ns3:TrackPointExtension>
            <ns3:hr>125</ns3:hr>
            <ns3:cad>49</ns3:cad>
          </ns3:TrackPointExtension>
        </extensions>
      </trkpt>
      <trkpt lat="46.56366624869406223297119140625" lon="23.6794439144432544708251953125">
        <ele>452.79998779296875</ele>
        <time>2024-06-09T09:42:08.000Z</time>
        <extensions>
          <ns3:TrackPointExtension>
            <ns3:hr>123</ns3:hr>
            <ns3:cad>49</ns3:cad>
          </ns3:TrackPointExtension>
        </extensions>
      </trkpt>
      <trkpt lat="46.56370514072477817535400390625" lon="23.67938918061554431915283203125">
        <ele>453.20001220703125</ele>
        <time>2024-06-09T09:42:13.000Z</time>
        <extensions>
          <ns3:TrackPointExtension>
            <ns3:hr>120</ns3:hr>
            <ns3:cad>49</ns3:cad>
          </ns3:TrackPointExtension>
        </extensions>
      </trkpt>
      <trkpt lat="46.56370815820991992950439453125" lon="23.67938213981688022613525390625">
        <ele>453.20001220703125</ele>
        <time>2024-06-09T09:42:14.000Z</time>
        <extensions>
          <ns3:TrackPointExtension>
            <ns3:hr>118</ns3:hr>
            <ns3:cad>49</ns3:cad>
          </ns3:TrackPointExtension>
        </extensions>
      </trkpt>
      <trkpt lat="46.5637370757758617401123046875" lon="23.6793577484786510467529296875">
        <ele>453.600006103515625</ele>
        <time>2024-06-09T09:42:19.000Z</time>
        <extensions>
          <ns3:TrackPointExtension>
            <ns3:hr>117</ns3:hr>
            <ns3:cad>48</ns3:cad>
          </ns3:TrackPointExtension>
        </extensions>
      </trkpt>
      <trkpt lat="46.56377035193145275115966796875" lon="23.67933201603591442108154296875">
        <ele>453.79998779296875</ele>
        <time>2024-06-09T09:42:22.000Z</time>
        <extensions>
          <ns3:TrackPointExtension>
            <ns3:hr>116</ns3:hr>
            <ns3:cad>47</ns3:cad>
          </ns3:TrackPointExtension>
        </extensions>
      </trkpt>
      <trkpt lat="46.5637940727174282073974609375" lon="23.6792774498462677001953125">
        <ele>454.20001220703125</ele>
        <time>2024-06-09T09:42:29.000Z</time>
        <extensions>
          <ns3:TrackPointExtension>
            <ns3:hr>116</ns3:hr>
            <ns3:cad>73</ns3:cad>
          </ns3:TrackPointExtension>
        </extensions>
      </trkpt>
      <trkpt lat="46.56378108076751232147216796875" lon="23.67924325168132781982421875">
        <ele>453.79998779296875</ele>
        <time>2024-06-09T09:42:33.000Z</time>
        <extensions>
          <ns3:TrackPointExtension>
            <ns3:hr>117</ns3:hr>
            <ns3:cad>62</ns3:cad>
          </ns3:TrackPointExtension>
        </extensions>
      </trkpt>
      <trkpt lat="46.56378661282360553741455078125" lon="23.67922305129468441009521484375">
        <ele>453.399993896484375</ele>
        <time>2024-06-09T09:42:35.000Z</time>
        <extensions>
          <ns3:TrackPointExtension>
            <ns3:hr>116</ns3:hr>
            <ns3:cad>64</ns3:cad>
          </ns3:TrackPointExtension>
        </extensions>
      </trkpt>
      <trkpt lat="46.563803963363170623779296875" lon="23.679180555045604705810546875">
        <ele>452.600006103515625</ele>
        <time>2024-06-09T09:42:38.000Z</time>
        <extensions>
          <ns3:TrackPointExtension>
            <ns3:hr>116</ns3:hr>
            <ns3:cad>64</ns3:cad>
          </ns3:TrackPointExtension>
        </extensions>
      </trkpt>
      <trkpt lat="46.56381796114146709442138671875" lon="23.679148368537425994873046875">
        <ele>452.20001220703125</ele>
        <time>2024-06-09T09:42:40.000Z</time>
        <extensions>
          <ns3:TrackPointExtension>
            <ns3:hr>115</ns3:hr>
            <ns3:cad>62</ns3:cad>
          </ns3:TrackPointExtension>
        </extensions>
      </trkpt>
      <trkpt lat="46.56383992172777652740478515625" lon="23.679077289998531341552734375">
        <ele>451.399993896484375</ele>
        <time>2024-06-09T09:42:44.000Z</time>
        <extensions>
          <ns3:TrackPointExtension>
            <ns3:hr>114</ns3:hr>
            <ns3:cad>60</ns3:cad>
          </ns3:TrackPointExtension>
        </extensions>
      </trkpt>
      <trkpt lat="46.56384746544063091278076171875" lon="23.67904476821422576904296875">
        <ele>451</ele>
        <time>2024-06-09T09:42:47.000Z</time>
        <extensions>
          <ns3:TrackPointExtension>
            <ns3:hr>114</ns3:hr>
            <ns3:cad>49</ns3:cad>
          </ns3:TrackPointExtension>
        </extensions>
      </trkpt>
      <trkpt lat="46.56388384290039539337158203125" lon="23.6789272539317607879638671875">
        <ele>450.600006103515625</ele>
        <time>2024-06-09T09:42:54.000Z</time>
        <extensions>
          <ns3:TrackPointExtension>
            <ns3:hr>113</ns3:hr>
            <ns3:cad>47</ns3:cad>
          </ns3:TrackPointExtension>
        </extensions>
      </trkpt>
      <trkpt lat="46.56390286982059478759765625" lon="23.67883714847266674041748046875">
        <ele>450.600006103515625</ele>
        <time>2024-06-09T09:43:01.000Z</time>
        <extensions>
          <ns3:TrackPointExtension>
            <ns3:hr>114</ns3:hr>
            <ns3:cad>47</ns3:cad>
          </ns3:TrackPointExtension>
        </extensions>
      </trkpt>
      <trkpt lat="46.563925333321094512939453125" lon="23.67874997667968273162841796875">
        <ele>450.600006103515625</ele>
        <time>2024-06-09T09:43:06.000Z</time>
        <extensions>
          <ns3:TrackPointExtension>
            <ns3:hr>115</ns3:hr>
            <ns3:cad>51</ns3:cad>
          </ns3:TrackPointExtension>
        </extensions>
      </trkpt>
      <trkpt lat="46.56398744322359561920166015625" lon="23.678688704967498779296875">
        <ele>450.600006103515625</ele>
        <time>2024-06-09T09:43:12.000Z</time>
        <extensions>
          <ns3:TrackPointExtension>
            <ns3:hr>116</ns3:hr>
            <ns3:cad>46</ns3:cad>
          </ns3:TrackPointExtension>
        </extensions>
      </trkpt>
      <trkpt lat="46.56402750872075557708740234375" lon="23.67863765917718410491943359375">
        <ele>450.79998779296875</ele>
        <time>2024-06-09T09:43:17.000Z</time>
        <extensions>
          <ns3:TrackPointExtension>
            <ns3:hr>114</ns3:hr>
            <ns3:cad>49</ns3:cad>
          </ns3:TrackPointExtension>
        </extensions>
      </trkpt>
      <trkpt lat="46.56404024921357631683349609375" lon="23.67864285595715045928955078125">
        <ele>450.79998779296875</ele>
        <time>2024-06-09T09:43:18.000Z</time>
        <extensions>
          <ns3:TrackPointExtension>
            <ns3:hr>114</ns3:hr>
            <ns3:cad>49</ns3:cad>
          </ns3:TrackPointExtension>
        </extensions>
      </trkpt>
      <trkpt lat="46.56406254507601261138916015625" lon="23.67863179184496402740478515625">
        <ele>450.600006103515625</ele>
        <time>2024-06-09T09:43:21.000Z</time>
        <extensions>
          <ns3:TrackPointExtension>
            <ns3:hr>113</ns3:hr>
            <ns3:cad>0</ns3:cad>
          </ns3:TrackPointExtension>
        </extensions>
      </trkpt>
      <trkpt lat="46.5640700049698352813720703125" lon="23.6786117590963840484619140625">
        <ele>450.600006103515625</ele>
        <time>2024-06-09T09:43:24.000Z</time>
        <extensions>
          <ns3:TrackPointExtension>
            <ns3:hr>112</ns3:hr>
            <ns3:cad>46</ns3:cad>
          </ns3:TrackPointExtension>
        </extensions>
      </trkpt>
      <trkpt lat="46.56403371132910251617431640625" lon="23.67860178463160991668701171875">
        <ele>451</ele>
        <time>2024-06-09T09:43:29.000Z</time>
        <extensions>
          <ns3:TrackPointExtension>
            <ns3:hr>110</ns3:hr>
            <ns3:cad>0</ns3:cad>
          </ns3:TrackPointExtension>
        </extensions>
      </trkpt>
      <trkpt lat="46.5640242397785186767578125" lon="23.67861586622893810272216796875">
        <ele>451.600006103515625</ele>
        <time>2024-06-09T09:43:32.000Z</time>
        <extensions>
          <ns3:TrackPointExtension>
            <ns3:hr>107</ns3:hr>
            <ns3:cad>0</ns3:cad>
          </ns3:TrackPointExtension>
        </extensions>
      </trkpt>
      <trkpt lat="46.564009487628936767578125" lon="23.6786204762756824493408203125">
        <ele>452.20001220703125</ele>
        <time>2024-06-09T09:43:35.000Z</time>
        <extensions>
          <ns3:TrackPointExtension>
            <ns3:hr>107</ns3:hr>
            <ns3:cad>0</ns3:cad>
          </ns3:TrackPointExtension>
        </extensions>
      </trkpt>
      <trkpt lat="46.5639979206025600433349609375" lon="23.678613603115081787109375">
        <ele>452.399993896484375</ele>
        <time>2024-06-09T09:43:41.000Z</time>
        <extensions>
          <ns3:TrackPointExtension>
            <ns3:hr>112</ns3:hr>
            <ns3:cad>0</ns3:cad>
          </ns3:TrackPointExtension>
        </extensions>
      </trkpt>
      <trkpt lat="46.56400303356349468231201171875" lon="23.67861368693411350250244140625">
        <ele>452.20001220703125</ele>
        <time>2024-06-09T09:43:42.000Z</time>
        <extensions>
          <ns3:TrackPointExtension>
            <ns3:hr>116</ns3:hr>
            <ns3:cad>0</ns3:cad>
          </ns3:TrackPointExtension>
        </extensions>
      </trkpt>
      <trkpt lat="46.5640257485210895538330078125" lon="23.67862424813210964202880859375">
        <ele>452.20001220703125</ele>
        <time>2024-06-09T09:43:43.000Z</time>
        <extensions>
          <ns3:TrackPointExtension>
            <ns3:hr>118</ns3:hr>
            <ns3:cad>0</ns3:cad>
          </ns3:TrackPointExtension>
        </extensions>
      </trkpt>
      <trkpt lat="46.56404125504195690155029296875" lon="23.6786244995892047882080078125">
        <ele>452.20001220703125</ele>
        <time>2024-06-09T09:43:45.000Z</time>
        <extensions>
          <ns3:TrackPointExtension>
            <ns3:hr>118</ns3:hr>
            <ns3:cad>0</ns3:cad>
          </ns3:TrackPointExtension>
        </extensions>
      </trkpt>
      <trkpt lat="46.56403806991875171661376953125" lon="23.67860916070640087127685546875">
        <ele>452.20001220703125</ele>
        <time>2024-06-09T09:43:49.000Z</time>
        <extensions>
          <ns3:TrackPointExtension>
            <ns3:hr>117</ns3:hr>
            <ns3:cad>0</ns3:cad>
          </ns3:TrackPointExtension>
        </extensions>
      </trkpt>
      <trkpt lat="46.56403698027133941650390625" lon="23.67860530503094196319580078125">
        <ele>452</ele>
        <time>2024-06-09T09:43:50.000Z</time>
        <extensions>
          <ns3:TrackPointExtension>
            <ns3:hr>117</ns3:hr>
            <ns3:cad>0</ns3:cad>
          </ns3:TrackPointExtension>
        </extensions>
      </trkpt>
      <trkpt lat="46.56404494307935237884521484375" lon="23.67857001721858978271484375">
        <ele>452</ele>
        <time>2024-06-09T09:43:55.000Z</time>
        <extensions>
          <ns3:TrackPointExtension>
            <ns3:hr>116</ns3:hr>
            <ns3:cad>52</ns3:cad>
          </ns3:TrackPointExtension>
        </extensions>
      </trkpt>
      <trkpt lat="46.564131863415241241455078125" lon="23.678610585629940032958984375">
        <ele>452</ele>
        <time>2024-06-09T09:43:58.000Z</time>
        <extensions>
          <ns3:TrackPointExtension>
            <ns3:hr>116</ns3:hr>
            <ns3:cad>50</ns3:cad>
          </ns3:TrackPointExtension>
        </extensions>
      </trkpt>
      <trkpt lat="46.56419196166098117828369140625" lon="23.6785846017301082611083984375">
        <ele>452</ele>
        <time>2024-06-09T09:44:04.000Z</time>
        <extensions>
          <ns3:TrackPointExtension>
            <ns3:hr>115</ns3:hr>
            <ns3:cad>48</ns3:cad>
          </ns3:TrackPointExtension>
        </extensions>
      </trkpt>
      <trkpt lat="46.564233116805553436279296875" lon="23.67860396392643451690673828125">
        <ele>452</ele>
        <time>2024-06-09T09:44:05.000Z</time>
        <extensions>
          <ns3:TrackPointExtension>
            <ns3:hr>115</ns3:hr>
            <ns3:cad>48</ns3:cad>
          </ns3:TrackPointExtension>
        </extensions>
      </trkpt>
      <trkpt lat="46.56426421366631984710693359375" lon="23.67863162420690059661865234375">
        <ele>452</ele>
        <time>2024-06-09T09:44:07.000Z</time>
        <extensions>
          <ns3:TrackPointExtension>
            <ns3:hr>115</ns3:hr>
            <ns3:cad>0</ns3:cad>
          </ns3:TrackPointExtension>
        </extensions>
      </trkpt>
      <trkpt lat="46.56434719450771808624267578125" lon="23.6786965839564800262451171875">
        <ele>451.79998779296875</ele>
        <time>2024-06-09T09:44:10.000Z</time>
        <extensions>
          <ns3:TrackPointExtension>
            <ns3:hr>115</ns3:hr>
            <ns3:cad>0</ns3:cad>
          </ns3:TrackPointExtension>
        </extensions>
      </trkpt>
      <trkpt lat="46.5644079633057117462158203125" lon="23.6787544190883636474609375">
        <ele>451.600006103515625</ele>
        <time>2024-06-09T09:44:15.000Z</time>
        <extensions>
          <ns3:TrackPointExtension>
            <ns3:hr>111</ns3:hr>
            <ns3:cad>0</ns3:cad>
          </ns3:TrackPointExtension>
        </extensions>
      </trkpt>
      <trkpt lat="46.56449320726096630096435546875" lon="23.678833879530429840087890625">
        <ele>451</ele>
        <time>2024-06-09T09:44:20.000Z</time>
        <extensions>
          <ns3:TrackPointExtension>
            <ns3:hr>108</ns3:hr>
            <ns3:cad>0</ns3:cad>
          </ns3:TrackPointExtension>
        </extensions>
      </trkpt>
      <trkpt lat="46.56455196440219879150390625" lon="23.67886237800121307373046875">
        <ele>451</ele>
        <time>2024-06-09T09:44:25.000Z</time>
        <extensions>
          <ns3:TrackPointExtension>
            <ns3:hr>106</ns3:hr>
            <ns3:cad>0</ns3:cad>
          </ns3:TrackPointExtension>
        </extensions>
      </trkpt>
      <trkpt lat="46.5645568259060382843017578125" lon="23.67886732332408428192138671875">
        <ele>451</ele>
        <time>2024-06-09T09:44:26.000Z</time>
        <extensions>
          <ns3:TrackPointExtension>
            <ns3:hr>107</ns3:hr>
            <ns3:cad>0</ns3:cad>
          </ns3:TrackPointExtension>
        </extensions>
      </trkpt>
      <trkpt lat="46.56457417644560337066650390625" lon="23.67885206826031208038330078125">
        <ele>450.79998779296875</ele>
        <time>2024-06-09T09:44:33.000Z</time>
        <extensions>
          <ns3:TrackPointExtension>
            <ns3:hr>106</ns3:hr>
            <ns3:cad>0</ns3:cad>
          </ns3:TrackPointExtension>
        </extensions>
      </trkpt>
      <trkpt lat="46.5645863302052021026611328125" lon="23.67876984179019927978515625">
        <ele>450.600006103515625</ele>
        <time>2024-06-09T09:44:40.000Z</time>
        <extensions>
          <ns3:TrackPointExtension>
            <ns3:hr>106</ns3:hr>
            <ns3:cad>0</ns3:cad>
          </ns3:TrackPointExtension>
        </extensions>
      </trkpt>
      <trkpt lat="46.56459781341254711151123046875" lon="23.67870689369738101959228515625">
        <ele>450.79998779296875</ele>
        <time>2024-06-09T09:44:44.000Z</time>
        <extensions>
          <ns3:TrackPointExtension>
            <ns3:hr>102</ns3:hr>
            <ns3:cad>41</ns3:cad>
          </ns3:TrackPointExtension>
        </extensions>
      </trkpt>
      <trkpt lat="46.56460250727832317352294921875" lon="23.67869012989103794097900390625">
        <ele>450.79998779296875</ele>
        <time>2024-06-09T09:44:45.000Z</time>
        <extensions>
          <ns3:TrackPointExtension>
            <ns3:hr>100</ns3:hr>
            <ns3:cad>41</ns3:cad>
          </ns3:TrackPointExtension>
        </extensions>
      </trkpt>
      <trkpt lat="46.5646134875714778900146484375" lon="23.678603880107402801513671875">
        <ele>451.20001220703125</ele>
        <time>2024-06-09T09:44:52.000Z</time>
        <extensions>
          <ns3:TrackPointExtension>
            <ns3:hr>98</ns3:hr>
            <ns3:cad>41</ns3:cad>
          </ns3:TrackPointExtension>
        </extensions>
      </trkpt>
      <trkpt lat="46.56457484699785709381103515625" lon="23.67848577909171581268310546875">
        <ele>452.79998779296875</ele>
        <time>2024-06-09T09:44:58.000Z</time>
        <extensions>
          <ns3:TrackPointExtension>
            <ns3:hr>97</ns3:hr>
            <ns3:cad>78</ns3:cad>
          </ns3:TrackPointExtension>
        </extensions>
      </trkpt>
      <trkpt lat="46.5645511262118816375732421875" lon="23.67840631864964962005615234375">
        <ele>454</ele>
        <time>2024-06-09T09:45:02.000Z</time>
        <extensions>
          <ns3:TrackPointExtension>
            <ns3:hr>98</ns3:hr>
            <ns3:cad>44</ns3:cad>
          </ns3:TrackPointExtension>
        </extensions>
      </trkpt>
      <trkpt lat="46.56455464661121368408203125" lon="23.6783898063004016876220703125">
        <ele>454.399993896484375</ele>
        <time>2024-06-09T09:45:04.000Z</time>
        <extensions>
          <ns3:TrackPointExtension>
            <ns3:hr>101</ns3:hr>
            <ns3:cad>45</ns3:cad>
          </ns3:TrackPointExtension>
        </extensions>
      </trkpt>
      <trkpt lat="46.56454249285161495208740234375" lon="23.67839307524263858795166015625">
        <ele>454.399993896484375</ele>
        <time>2024-06-09T09:45:07.000Z</time>
        <extensions>
          <ns3:TrackPointExtension>
            <ns3:hr>103</ns3:hr>
            <ns3:cad>43</ns3:cad>
          </ns3:TrackPointExtension>
        </extensions>
      </trkpt>
      <trkpt lat="46.5645169280469417572021484375" lon="23.67838251404464244842529296875">
        <ele>454.20001220703125</ele>
        <time>2024-06-09T09:45:09.000Z</time>
        <extensions>
          <ns3:TrackPointExtension>
            <ns3:hr>104</ns3:hr>
            <ns3:cad>0</ns3:cad>
          </ns3:TrackPointExtension>
        </extensions>
      </trkpt>
      <trkpt lat="46.56450594775378704071044921875" lon="23.678375221788883209228515625">
        <ele>454.20001220703125</ele>
        <time>2024-06-09T09:45:12.000Z</time>
        <extensions>
          <ns3:TrackPointExtension>
            <ns3:hr>104</ns3:hr>
            <ns3:cad>0</ns3:cad>
          </ns3:TrackPointExtension>
        </extensions>
      </trkpt>
      <trkpt lat="46.5644802153110504150390625" lon="23.67830288596451282501220703125">
        <ele>454.399993896484375</ele>
        <time>2024-06-09T09:45:16.000Z</time>
        <extensions>
          <ns3:TrackPointExtension>
            <ns3:hr>104</ns3:hr>
            <ns3:cad>43</ns3:cad>
          </ns3:TrackPointExtension>
        </extensions>
      </trkpt>
      <trkpt lat="46.5644736774265766143798828125" lon="23.6782898940145969390869140625">
        <ele>454.399993896484375</ele>
        <time>2024-06-09T09:45:17.000Z</time>
        <extensions>
          <ns3:TrackPointExtension>
            <ns3:hr>104</ns3:hr>
            <ns3:cad>43</ns3:cad>
          </ns3:TrackPointExtension>
        </extensions>
      </trkpt>
      <trkpt lat="46.56444224528968334197998046875" lon="23.67818051017820835113525390625">
        <ele>453.79998779296875</ele>
        <time>2024-06-09T09:45:22.000Z</time>
        <extensions>
          <ns3:TrackPointExtension>
            <ns3:hr>103</ns3:hr>
            <ns3:cad>51</ns3:cad>
          </ns3:TrackPointExtension>
        </extensions>
      </trkpt>
      <trkpt lat="46.5644552372395992279052734375" lon="23.6780890636146068572998046875">
        <ele>453.79998779296875</ele>
        <time>2024-06-09T09:45:28.000Z</time>
        <extensions>
          <ns3:TrackPointExtension>
            <ns3:hr>103</ns3:hr>
            <ns3:cad>0</ns3:cad>
          </ns3:TrackPointExtension>
        </extensions>
      </trkpt>
      <trkpt lat="46.56445406377315521240234375" lon="23.67805914022028446197509765625">
        <ele>454</ele>
        <time>2024-06-09T09:45:30.000Z</time>
        <extensions>
          <ns3:TrackPointExtension>
            <ns3:hr>109</ns3:hr>
            <ns3:cad>49</ns3:cad>
          </ns3:TrackPointExtension>
        </extensions>
      </trkpt>
      <trkpt lat="46.5644515492022037506103515625" lon="23.678047992289066314697265625">
        <ele>454</ele>
        <time>2024-06-09T09:45:31.000Z</time>
        <extensions>
          <ns3:TrackPointExtension>
            <ns3:hr>114</ns3:hr>
            <ns3:cad>48</ns3:cad>
          </ns3:TrackPointExtension>
        </extensions>
      </trkpt>
      <trkpt lat="46.56444677151739597320556640625" lon="23.67803734727203845977783203125">
        <ele>454</ele>
        <time>2024-06-09T09:45:32.000Z</time>
        <extensions>
          <ns3:TrackPointExtension>
            <ns3:hr>117</ns3:hr>
            <ns3:cad>48</ns3:cad>
          </ns3:TrackPointExtension>
        </extensions>
      </trkpt>
      <trkpt lat="46.564450375735759735107421875" lon="23.67803114466369152069091796875">
        <ele>454</ele>
        <time>2024-06-09T09:45:33.000Z</time>
        <extensions>
          <ns3:TrackPointExtension>
            <ns3:hr>117</ns3:hr>
            <ns3:cad>47</ns3:cad>
          </ns3:TrackPointExtension>
        </extensions>
      </trkpt>
      <trkpt lat="46.56445481814444065093994140625" lon="23.67802410386502742767333984375">
        <ele>454</ele>
        <time>2024-06-09T09:45:34.000Z</time>
        <extensions>
          <ns3:TrackPointExtension>
            <ns3:hr>117</ns3:hr>
            <ns3:cad>47</ns3:cad>
          </ns3:TrackPointExtension>
        </extensions>
      </trkpt>
      <trkpt lat="46.56447459943592548370361328125" lon="23.67794296704232692718505859375">
        <ele>454.399993896484375</ele>
        <time>2024-06-09T09:45:40.000Z</time>
        <extensions>
          <ns3:TrackPointExtension>
            <ns3:hr>115</ns3:hr>
            <ns3:cad>47</ns3:cad>
          </ns3:TrackPointExtension>
        </extensions>
      </trkpt>
      <trkpt lat="46.5644934587180614471435546875" lon="23.67785898037254810333251953125">
        <ele>454.600006103515625</ele>
        <time>2024-06-09T09:45:45.000Z</time>
        <extensions>
          <ns3:TrackPointExtension>
            <ns3:hr>115</ns3:hr>
            <ns3:cad>48</ns3:cad>
          </ns3:TrackPointExtension>
        </extensions>
      </trkpt>
      <trkpt lat="46.56451919116079807281494140625" lon="23.677786476910114288330078125">
        <ele>454.399993896484375</ele>
        <time>2024-06-09T09:45:51.000Z</time>
        <extensions>
          <ns3:TrackPointExtension>
            <ns3:hr>115</ns3:hr>
            <ns3:cad>44</ns3:cad>
          </ns3:TrackPointExtension>
        </extensions>
      </trkpt>
      <trkpt lat="46.56455942429602146148681640625" lon="23.6777058430016040802001953125">
        <ele>454.399993896484375</ele>
        <time>2024-06-09T09:45:57.000Z</time>
        <extensions>
          <ns3:TrackPointExtension>
            <ns3:hr>115</ns3:hr>
            <ns3:cad>46</ns3:cad>
          </ns3:TrackPointExtension>
        </extensions>
      </trkpt>
      <trkpt lat="46.5645901858806610107421875" lon="23.6776397936046123504638671875">
        <ele>454.399993896484375</ele>
        <time>2024-06-09T09:46:01.000Z</time>
        <extensions>
          <ns3:TrackPointExtension>
            <ns3:hr>114</ns3:hr>
            <ns3:cad>47</ns3:cad>
          </ns3:TrackPointExtension>
        </extensions>
      </trkpt>
      <trkpt lat="46.56461759470403194427490234375" lon="23.67754407227039337158203125">
        <ele>454.600006103515625</ele>
        <time>2024-06-09T09:46:07.000Z</time>
        <extensions>
          <ns3:TrackPointExtension>
            <ns3:hr>113</ns3:hr>
            <ns3:cad>45</ns3:cad>
          </ns3:TrackPointExtension>
        </extensions>
      </trkpt>
      <trkpt lat="46.5646097995340824127197265625" lon="23.6774803698062896728515625">
        <ele>455</ele>
        <time>2024-06-09T09:46:11.000Z</time>
        <extensions>
          <ns3:TrackPointExtension>
            <ns3:hr>112</ns3:hr>
            <ns3:cad>49</ns3:cad>
          </ns3:TrackPointExtension>
        </extensions>
      </trkpt>
      <trkpt lat="46.56460183672606945037841796875" lon="23.67746653966605663299560546875">
        <ele>455</ele>
        <time>2024-06-09T09:46:13.000Z</time>
        <extensions>
          <ns3:TrackPointExtension>
            <ns3:hr>112</ns3:hr>
            <ns3:cad>49</ns3:cad>
          </ns3:TrackPointExtension>
        </extensions>
      </trkpt>
      <trkpt lat="46.5645539760589599609375" lon="23.67736310698091983795166015625">
        <ele>455.399993896484375</ele>
        <time>2024-06-09T09:46:18.000Z</time>
        <extensions>
          <ns3:TrackPointExtension>
            <ns3:hr>112</ns3:hr>
            <ns3:cad>41</ns3:cad>
          </ns3:TrackPointExtension>
        </extensions>
      </trkpt>
      <trkpt lat="46.5645621903240680694580078125" lon="23.677356652915477752685546875">
        <ele>455.600006103515625</ele>
        <time>2024-06-09T09:46:22.000Z</time>
        <extensions>
          <ns3:TrackPointExtension>
            <ns3:hr>109</ns3:hr>
            <ns3:cad>0</ns3:cad>
          </ns3:TrackPointExtension>
        </extensions>
      </trkpt>
      <trkpt lat="46.56455238349735736846923828125" lon="23.677345253527164459228515625">
        <ele>455.600006103515625</ele>
        <time>2024-06-09T09:46:24.000Z</time>
        <extensions>
          <ns3:TrackPointExtension>
            <ns3:hr>109</ns3:hr>
            <ns3:cad>70</ns3:cad>
          </ns3:TrackPointExtension>
        </extensions>
      </trkpt>
      <trkpt lat="46.56456411816179752349853515625" lon="23.6773279868066310882568359375">
        <ele>456.20001220703125</ele>
        <time>2024-06-09T09:46:26.000Z</time>
        <extensions>
          <ns3:TrackPointExtension>
            <ns3:hr>110</ns3:hr>
            <ns3:cad>0</ns3:cad>
          </ns3:TrackPointExtension>
        </extensions>
      </trkpt>
      <trkpt lat="46.56459328718483448028564453125" lon="23.677304349839687347412109375">
        <ele>456.600006103515625</ele>
        <time>2024-06-09T09:46:31.000Z</time>
        <extensions>
          <ns3:TrackPointExtension>
            <ns3:hr>109</ns3:hr>
            <ns3:cad>0</ns3:cad>
          </ns3:TrackPointExtension>
        </extensions>
      </trkpt>
      <trkpt lat="46.56461524777114391326904296875" lon="23.67728113196790218353271484375">
        <ele>457</ele>
        <time>2024-06-09T09:46:34.000Z</time>
        <extensions>
          <ns3:TrackPointExtension>
            <ns3:hr>112</ns3:hr>
            <ns3:cad>0</ns3:cad>
          </ns3:TrackPointExtension>
        </extensions>
      </trkpt>
      <trkpt lat="46.56463637016713619232177734375" lon="23.67728934623301029205322265625">
        <ele>457.20001220703125</ele>
        <time>2024-06-09T09:46:36.000Z</time>
        <extensions>
          <ns3:TrackPointExtension>
            <ns3:hr>114</ns3:hr>
            <ns3:cad>73</ns3:cad>
          </ns3:TrackPointExtension>
        </extensions>
      </trkpt>
      <trkpt lat="46.56465120613574981689453125" lon="23.6772830598056316375732421875">
        <ele>457.20001220703125</ele>
        <time>2024-06-09T09:46:38.000Z</time>
        <extensions>
          <ns3:TrackPointExtension>
            <ns3:hr>115</ns3:hr>
            <ns3:cad>73</ns3:cad>
          </ns3:TrackPointExtension>
        </extensions>
      </trkpt>
      <trkpt lat="46.56467400491237640380859375" lon="23.677221871912479400634765625">
        <ele>457.399993896484375</ele>
        <time>2024-06-09T09:46:44.000Z</time>
        <extensions>
          <ns3:TrackPointExtension>
            <ns3:hr>117</ns3:hr>
            <ns3:cad>0</ns3:cad>
          </ns3:TrackPointExtension>
        </extensions>
      </trkpt>
      <trkpt lat="46.56465866602957248687744140625" lon="23.6771563254296779632568359375">
        <ele>457.20001220703125</ele>
        <time>2024-06-09T09:46:50.000Z</time>
        <extensions>
          <ns3:TrackPointExtension>
            <ns3:hr>119</ns3:hr>
            <ns3:cad>43</ns3:cad>
          </ns3:TrackPointExtension>
        </extensions>
      </trkpt>
      <trkpt lat="46.5646533854305744171142578125" lon="23.6771311797201633453369140625">
        <ele>457.79998779296875</ele>
        <time>2024-06-09T09:46:55.000Z</time>
        <extensions>
          <ns3:TrackPointExtension>
            <ns3:hr>121</ns3:hr>
            <ns3:cad>40</ns3:cad>
          </ns3:TrackPointExtension>
        </extensions>
      </trkpt>
      <trkpt lat="46.56464274041354656219482421875" lon="23.67706554941833019256591796875">
        <ele>457.79998779296875</ele>
        <time>2024-06-09T09:46:59.000Z</time>
        <extensions>
          <ns3:TrackPointExtension>
            <ns3:hr>124</ns3:hr>
            <ns3:cad>0</ns3:cad>
          </ns3:TrackPointExtension>
        </extensions>
      </trkpt>
      <trkpt lat="46.5646389685571193695068359375" lon="23.67705331183969974517822265625">
        <ele>457.79998779296875</ele>
        <time>2024-06-09T09:47:00.000Z</time>
        <extensions>
          <ns3:TrackPointExtension>
            <ns3:hr>124</ns3:hr>
            <ns3:cad>46</ns3:cad>
          </ns3:TrackPointExtension>
        </extensions>
      </trkpt>
      <trkpt lat="46.5645987354218959808349609375" lon="23.6769962310791015625">
        <ele>457.399993896484375</ele>
        <time>2024-06-09T09:47:06.000Z</time>
        <extensions>
          <ns3:TrackPointExtension>
            <ns3:hr>121</ns3:hr>
            <ns3:cad>0</ns3:cad>
          </ns3:TrackPointExtension>
        </extensions>
      </trkpt>
      <trkpt lat="46.56456327997148036956787109375" lon="23.67696848697960376739501953125">
        <ele>457.600006103515625</ele>
        <time>2024-06-09T09:47:10.000Z</time>
        <extensions>
          <ns3:TrackPointExtension>
            <ns3:hr>120</ns3:hr>
            <ns3:cad>0</ns3:cad>
          </ns3:TrackPointExtension>
        </extensions>
      </trkpt>
      <trkpt lat="46.5645578317344188690185546875" lon="23.6769171059131622314453125">
        <ele>457.399993896484375</ele>
        <time>2024-06-09T09:47:15.000Z</time>
        <extensions>
          <ns3:TrackPointExtension>
            <ns3:hr>120</ns3:hr>
            <ns3:cad>0</ns3:cad>
          </ns3:TrackPointExtension>
        </extensions>
      </trkpt>
      <trkpt lat="46.56456671655178070068359375" lon="23.67681141011416912078857421875">
        <ele>457</ele>
        <time>2024-06-09T09:47:21.000Z</time>
        <extensions>
          <ns3:TrackPointExtension>
            <ns3:hr>118</ns3:hr>
            <ns3:cad>53</ns3:cad>
          </ns3:TrackPointExtension>
        </extensions>
      </trkpt>
      <trkpt lat="46.56456210650503635406494140625" lon="23.6767717637121677398681640625">
        <ele>457</ele>
        <time>2024-06-09T09:47:26.000Z</time>
        <extensions>
          <ns3:TrackPointExtension>
            <ns3:hr>117</ns3:hr>
            <ns3:cad>56</ns3:cad>
          </ns3:TrackPointExtension>
        </extensions>
      </trkpt>
      <trkpt lat="46.56455741263926029205322265625" lon="23.676723651587963104248046875">
        <ele>456.79998779296875</ele>
        <time>2024-06-09T09:47:29.000Z</time>
        <extensions>
          <ns3:TrackPointExtension>
            <ns3:hr>116</ns3:hr>
            <ns3:cad>56</ns3:cad>
          </ns3:TrackPointExtension>
        </extensions>
      </trkpt>
      <trkpt lat="46.56455908901989459991455078125" lon="23.676733039319515228271484375">
        <ele>456.600006103515625</ele>
        <time>2024-06-09T09:47:31.000Z</time>
        <extensions>
          <ns3:TrackPointExtension>
            <ns3:hr>115</ns3:hr>
            <ns3:cad>56</ns3:cad>
          </ns3:TrackPointExtension>
        </extensions>
      </trkpt>
      <trkpt lat="46.56456294469535350799560546875" lon="23.67672004736959934234619140625">
        <ele>456.600006103515625</ele>
        <time>2024-06-09T09:47:32.000Z</time>
        <extensions>
          <ns3:TrackPointExtension>
            <ns3:hr>114</ns3:hr>
            <ns3:cad>48</ns3:cad>
          </ns3:TrackPointExtension>
        </extensions>
      </trkpt>
      <trkpt lat="46.56455389223992824554443359375" lon="23.6766684986650943756103515625">
        <ele>456.600006103515625</ele>
        <time>2024-06-09T09:47:36.000Z</time>
        <extensions>
          <ns3:TrackPointExtension>
            <ns3:hr>114</ns3:hr>
            <ns3:cad>48</ns3:cad>
          </ns3:TrackPointExtension>
        </extensions>
      </trkpt>
      <trkpt lat="46.56452740542590618133544921875" lon="23.676619045436382293701171875">
        <ele>456.399993896484375</ele>
        <time>2024-06-09T09:47:41.000Z</time>
        <extensions>
          <ns3:TrackPointExtension>
            <ns3:hr>114</ns3:hr>
            <ns3:cad>0</ns3:cad>
          </ns3:TrackPointExtension>
        </extensions>
      </trkpt>
      <trkpt lat="46.56451030634343624114990234375" lon="23.67657939903438091278076171875">
        <ele>456.20001220703125</ele>
        <time>2024-06-09T09:47:43.000Z</time>
        <extensions>
          <ns3:TrackPointExtension>
            <ns3:hr>112</ns3:hr>
            <ns3:cad>0</ns3:cad>
          </ns3:TrackPointExtension>
        </extensions>
      </trkpt>
      <trkpt lat="46.5644971467554569244384765625" lon="23.67654670961201190948486328125">
        <ele>456.20001220703125</ele>
        <time>2024-06-09T09:47:45.000Z</time>
        <extensions>
          <ns3:TrackPointExtension>
            <ns3:hr>110</ns3:hr>
            <ns3:cad>0</ns3:cad>
          </ns3:TrackPointExtension>
        </extensions>
      </trkpt>
      <trkpt lat="46.56451231800019741058349609375" lon="23.67648367770016193389892578125">
        <ele>456.20001220703125</ele>
        <time>2024-06-09T09:47:49.000Z</time>
        <extensions>
          <ns3:TrackPointExtension>
            <ns3:hr>110</ns3:hr>
            <ns3:cad>45</ns3:cad>
          </ns3:TrackPointExtension>
        </extensions>
      </trkpt>
      <trkpt lat="46.5645159222185611724853515625" lon="23.67646976374089717864990234375">
        <ele>456.20001220703125</ele>
        <time>2024-06-09T09:47:50.000Z</time>
        <extensions>
          <ns3:TrackPointExtension>
            <ns3:hr>110</ns3:hr>
            <ns3:cad>0</ns3:cad>
          </ns3:TrackPointExtension>
        </extensions>
      </trkpt>
      <trkpt lat="46.56454249285161495208740234375" lon="23.6764155328273773193359375">
        <ele>456.20001220703125</ele>
        <time>2024-06-09T09:47:57.000Z</time>
        <extensions>
          <ns3:TrackPointExtension>
            <ns3:hr>111</ns3:hr>
            <ns3:cad>0</ns3:cad>
          </ns3:TrackPointExtension>
        </extensions>
      </trkpt>
      <trkpt lat="46.5645782835781574249267578125" lon="23.67639449425041675567626953125">
        <ele>456.20001220703125</ele>
        <time>2024-06-09T09:48:04.000Z</time>
        <extensions>
          <ns3:TrackPointExtension>
            <ns3:hr>111</ns3:hr>
            <ns3:cad>0</ns3:cad>
          </ns3:TrackPointExtension>
        </extensions>
      </trkpt>
      <trkpt lat="46.56463184393942356109619140625" lon="23.67639533244073390960693359375">
        <ele>456.20001220703125</ele>
        <time>2024-06-09T09:48:11.000Z</time>
        <extensions>
          <ns3:TrackPointExtension>
            <ns3:hr>109</ns3:hr>
            <ns3:cad>0</ns3:cad>
          </ns3:TrackPointExtension>
        </extensions>
      </trkpt>
      <trkpt lat="46.5647103823721408843994140625" lon="23.67638745345175266265869140625">
        <ele>455.79998779296875</ele>
        <time>2024-06-09T09:48:17.000Z</time>
        <extensions>
          <ns3:TrackPointExtension>
            <ns3:hr>107</ns3:hr>
            <ns3:cad>47</ns3:cad>
          </ns3:TrackPointExtension>
        </extensions>
      </trkpt>
      <trkpt lat="46.56477701850235462188720703125" lon="23.67638627998530864715576171875">
        <ele>455.79998779296875</ele>
        <time>2024-06-09T09:48:22.000Z</time>
        <extensions>
          <ns3:TrackPointExtension>
            <ns3:hr>107</ns3:hr>
            <ns3:cad>0</ns3:cad>
          </ns3:TrackPointExtension>
        </extensions>
      </trkpt>
      <trkpt lat="46.56485698185861110687255859375" lon="23.67635861970484256744384765625">
        <ele>455.79998779296875</ele>
        <time>2024-06-09T09:48:28.000Z</time>
        <extensions>
          <ns3:TrackPointExtension>
            <ns3:hr>108</ns3:hr>
            <ns3:cad>0</ns3:cad>
          </ns3:TrackPointExtension>
        </extensions>
      </trkpt>
      <trkpt lat="46.56488212756812572479248046875" lon="23.676356188952922821044921875">
        <ele>456</ele>
        <time>2024-06-09T09:48:31.000Z</time>
        <extensions>
          <ns3:TrackPointExtension>
            <ns3:hr>112</ns3:hr>
            <ns3:cad>0</ns3:cad>
          </ns3:TrackPointExtension>
        </extensions>
      </trkpt>
      <trkpt lat="46.5649145655333995819091796875" lon="23.67635275237262248992919921875">
        <ele>456</ele>
        <time>2024-06-09T09:48:34.000Z</time>
        <extensions>
          <ns3:TrackPointExtension>
            <ns3:hr>113</ns3:hr>
            <ns3:cad>0</ns3:cad>
          </ns3:TrackPointExtension>
        </extensions>
      </trkpt>
      <trkpt lat="46.5650325827300548553466796875" lon="23.67637328803539276123046875">
        <ele>456.399993896484375</ele>
        <time>2024-06-09T09:48:40.000Z</time>
        <extensions>
          <ns3:TrackPointExtension>
            <ns3:hr>114</ns3:hr>
            <ns3:cad>0</ns3:cad>
          </ns3:TrackPointExtension>
        </extensions>
      </trkpt>
      <trkpt lat="46.56509385444223880767822265625" lon="23.67634705267846584320068359375">
        <ele>456.600006103515625</ele>
        <time>2024-06-09T09:48:44.000Z</time>
        <extensions>
          <ns3:TrackPointExtension>
            <ns3:hr>117</ns3:hr>
            <ns3:cad>0</ns3:cad>
          </ns3:TrackPointExtension>
        </extensions>
      </trkpt>
      <trkpt lat="46.56509913504123687744140625" lon="23.67634671740233898162841796875">
        <ele>456.600006103515625</ele>
        <time>2024-06-09T09:48:45.000Z</time>
        <extensions>
          <ns3:TrackPointExtension>
            <ns3:hr>117</ns3:hr>
            <ns3:cad>48</ns3:cad>
          </ns3:TrackPointExtension>
        </extensions>
      </trkpt>
      <trkpt lat="46.56511715613305568695068359375" lon="23.6763167940080165863037109375">
        <ele>456.79998779296875</ele>
        <time>2024-06-09T09:48:49.000Z</time>
        <extensions>
          <ns3:TrackPointExtension>
            <ns3:hr>118</ns3:hr>
            <ns3:cad>47</ns3:cad>
          </ns3:TrackPointExtension>
        </extensions>
      </trkpt>
      <trkpt lat="46.5651723928749561309814453125" lon="23.67633330635726451873779296875">
        <ele>456.79998779296875</ele>
        <time>2024-06-09T09:48:55.000Z</time>
        <extensions>
          <ns3:TrackPointExtension>
            <ns3:hr>117</ns3:hr>
            <ns3:cad>48</ns3:cad>
          </ns3:TrackPointExtension>
        </extensions>
      </trkpt>
      <trkpt lat="46.565204076468944549560546875" lon="23.6762899719178676605224609375">
        <ele>457.20001220703125</ele>
        <time>2024-06-09T09:49:00.000Z</time>
        <extensions>
          <ns3:TrackPointExtension>
            <ns3:hr>116</ns3:hr>
            <ns3:cad>0</ns3:cad>
          </ns3:TrackPointExtension>
        </extensions>
      </trkpt>
      <trkpt lat="46.56521287746727466583251953125" lon="23.6762846074998378753662109375">
        <ele>457.20001220703125</ele>
        <time>2024-06-09T09:49:01.000Z</time>
        <extensions>
          <ns3:TrackPointExtension>
            <ns3:hr>117</ns3:hr>
            <ns3:cad>0</ns3:cad>
          </ns3:TrackPointExtension>
        </extensions>
      </trkpt>
      <trkpt lat="46.565265096724033355712890625" lon="23.67626197636127471923828125">
        <ele>457.600006103515625</ele>
        <time>2024-06-09T09:49:08.000Z</time>
        <extensions>
          <ns3:TrackPointExtension>
            <ns3:hr>115</ns3:hr>
            <ns3:cad>0</ns3:cad>
          </ns3:TrackPointExtension>
        </extensions>
      </trkpt>
      <trkpt lat="46.5652153082191944122314453125" lon="23.6761927418410778045654296875">
        <ele>458</ele>
        <time>2024-06-09T09:49:15.000Z</time>
        <extensions>
          <ns3:TrackPointExtension>
            <ns3:hr>116</ns3:hr>
            <ns3:cad>43</ns3:cad>
          </ns3:TrackPointExtension>
        </extensions>
      </trkpt>
      <trkpt lat="46.5651395358145236968994140625" lon="23.67615762166678905487060546875">
        <ele>458.20001220703125</ele>
        <time>2024-06-09T09:49:18.000Z</time>
        <extensions>
          <ns3:TrackPointExtension>
            <ns3:hr>116</ns3:hr>
            <ns3:cad>0</ns3:cad>
          </ns3:TrackPointExtension>
        </extensions>
      </trkpt>
      <trkpt lat="46.5650687925517559051513671875" lon="23.6761206574738025665283203125">
        <ele>458.20001220703125</ele>
        <time>2024-06-09T09:49:22.000Z</time>
        <extensions>
          <ns3:TrackPointExtension>
            <ns3:hr>116</ns3:hr>
            <ns3:cad>0</ns3:cad>
          </ns3:TrackPointExtension>
        </extensions>
      </trkpt>
      <trkpt lat="46.56505194492638111114501953125" lon="23.676085285842418670654296875">
        <ele>457.600006103515625</ele>
        <time>2024-06-09T09:49:28.000Z</time>
        <extensions>
          <ns3:TrackPointExtension>
            <ns3:hr>114</ns3:hr>
            <ns3:cad>0</ns3:cad>
          </ns3:TrackPointExtension>
        </extensions>
      </trkpt>
      <trkpt lat="46.56505948863923549652099609375" lon="23.6760542728006839752197265625">
        <ele>457.600006103515625</ele>
        <time>2024-06-09T09:49:32.000Z</time>
        <extensions>
          <ns3:TrackPointExtension>
            <ns3:hr>114</ns3:hr>
            <ns3:cad>0</ns3:cad>
          </ns3:TrackPointExtension>
        </extensions>
      </trkpt>
      <trkpt lat="46.56510642729699611663818359375" lon="23.67602669633924961090087890625">
        <ele>457.600006103515625</ele>
        <time>2024-06-09T09:49:37.000Z</time>
        <extensions>
          <ns3:TrackPointExtension>
            <ns3:hr>115</ns3:hr>
            <ns3:cad>47</ns3:cad>
          </ns3:TrackPointExtension>
        </extensions>
      </trkpt>
      <trkpt lat="46.5651318244636058807373046875" lon="23.675953857600688934326171875">
        <ele>457.399993896484375</ele>
        <time>2024-06-09T09:49:44.000Z</time>
        <extensions>
          <ns3:TrackPointExtension>
            <ns3:hr>113</ns3:hr>
            <ns3:cad>0</ns3:cad>
          </ns3:TrackPointExtension>
        </extensions>
      </trkpt>
      <trkpt lat="46.5651641786098480224609375" lon="23.67595494724810123443603515625">
        <ele>457.399993896484375</ele>
        <time>2024-06-09T09:49:48.000Z</time>
        <extensions>
          <ns3:TrackPointExtension>
            <ns3:hr>110</ns3:hr>
            <ns3:cad>0</ns3:cad>
          </ns3:TrackPointExtension>
        </extensions>
      </trkpt>
      <trkpt lat="46.5651837922632694244384765625" lon="23.675929047167301177978515625">
        <ele>457.20001220703125</ele>
        <time>2024-06-09T09:49:52.000Z</time>
        <extensions>
          <ns3:TrackPointExtension>
            <ns3:hr>110</ns3:hr>
            <ns3:cad>0</ns3:cad>
          </ns3:TrackPointExtension>
        </extensions>
      </trkpt>
      <trkpt lat="46.5651844628155231475830078125" lon="23.6759255267679691314697265625">
        <ele>457.20001220703125</ele>
        <time>2024-06-09T09:49:53.000Z</time>
        <extensions>
          <ns3:TrackPointExtension>
            <ns3:hr>110</ns3:hr>
            <ns3:cad>0</ns3:cad>
          </ns3:TrackPointExtension>
        </extensions>
      </trkpt>
      <trkpt lat="46.56520466320216655731201171875" lon="23.67591018788516521453857421875">
        <ele>456.79998779296875</ele>
        <time>2024-06-09T09:49:58.000Z</time>
        <extensions>
          <ns3:TrackPointExtension>
            <ns3:hr>111</ns3:hr>
            <ns3:cad>0</ns3:cad>
          </ns3:TrackPointExtension>
        </extensions>
      </trkpt>
      <trkpt lat="46.56524690799415111541748046875" lon="23.67593499831855297088623046875">
        <ele>456.79998779296875</ele>
        <time>2024-06-09T09:50:03.000Z</time>
        <extensions>
          <ns3:TrackPointExtension>
            <ns3:hr>111</ns3:hr>
            <ns3:cad>0</ns3:cad>
          </ns3:TrackPointExtension>
        </extensions>
      </trkpt>
      <trkpt lat="46.56523969955742359161376953125" lon="23.67590800859034061431884765625">
        <ele>456.79998779296875</ele>
        <time>2024-06-09T09:50:07.000Z</time>
        <extensions>
          <ns3:TrackPointExtension>
            <ns3:hr>112</ns3:hr>
            <ns3:cad>0</ns3:cad>
          </ns3:TrackPointExtension>
        </extensions>
      </trkpt>
      <trkpt lat="46.5652414597570896148681640625" lon="23.6758608184754848480224609375">
        <ele>456.600006103515625</ele>
        <time>2024-06-09T09:50:12.000Z</time>
        <extensions>
          <ns3:TrackPointExtension>
            <ns3:hr>112</ns3:hr>
            <ns3:cad>0</ns3:cad>
          </ns3:TrackPointExtension>
        </extensions>
      </trkpt>
      <trkpt lat="46.56525461934506893157958984375" lon="23.67579393088817596435546875">
        <ele>456.399993896484375</ele>
        <time>2024-06-09T09:50:19.000Z</time>
        <extensions>
          <ns3:TrackPointExtension>
            <ns3:hr>111</ns3:hr>
            <ns3:cad>0</ns3:cad>
          </ns3:TrackPointExtension>
        </extensions>
      </trkpt>
      <trkpt lat="46.56525646336376667022705078125" lon="23.67577272467315196990966796875">
        <ele>456.600006103515625</ele>
        <time>2024-06-09T09:50:24.000Z</time>
        <extensions>
          <ns3:TrackPointExtension>
            <ns3:hr>112</ns3:hr>
            <ns3:cad>0</ns3:cad>
          </ns3:TrackPointExtension>
        </extensions>
      </trkpt>
      <trkpt lat="46.56527054496109485626220703125" lon="23.67577859200537204742431640625">
        <ele>456.600006103515625</ele>
        <time>2024-06-09T09:50:30.000Z</time>
        <extensions>
          <ns3:TrackPointExtension>
            <ns3:hr>112</ns3:hr>
            <ns3:cad>0</ns3:cad>
          </ns3:TrackPointExtension>
        </extensions>
      </trkpt>
      <trkpt lat="46.56528948806226253509521484375" lon="23.6757045798003673553466796875">
        <ele>456.600006103515625</ele>
        <time>2024-06-09T09:50:34.000Z</time>
        <extensions>
          <ns3:TrackPointExtension>
            <ns3:hr>113</ns3:hr>
            <ns3:cad>0</ns3:cad>
          </ns3:TrackPointExtension>
        </extensions>
      </trkpt>
      <trkpt lat="46.56530239619314670562744140625" lon="23.67566786706447601318359375">
        <ele>456.600006103515625</ele>
        <time>2024-06-09T09:50:37.000Z</time>
        <extensions>
          <ns3:TrackPointExtension>
            <ns3:hr>117</ns3:hr>
            <ns3:cad>0</ns3:cad>
          </ns3:TrackPointExtension>
        </extensions>
      </trkpt>
      <trkpt lat="46.56530273146927356719970703125" lon="23.675644733011722564697265625">
        <ele>456.399993896484375</ele>
        <time>2024-06-09T09:50:39.000Z</time>
        <extensions>
          <ns3:TrackPointExtension>
            <ns3:hr>119</ns3:hr>
            <ns3:cad>40</ns3:cad>
          </ns3:TrackPointExtension>
        </extensions>
      </trkpt>
      <trkpt lat="46.56534732319414615631103515625" lon="23.67565579712390899658203125">
        <ele>456.600006103515625</ele>
        <time>2024-06-09T09:50:44.000Z</time>
        <extensions>
          <ns3:TrackPointExtension>
            <ns3:hr>118</ns3:hr>
            <ns3:cad>69</ns3:cad>
          </ns3:TrackPointExtension>
        </extensions>
      </trkpt>
      <trkpt lat="46.56538889743387699127197265625" lon="23.67564548738300800323486328125">
        <ele>457.20001220703125</ele>
        <time>2024-06-09T09:50:50.000Z</time>
        <extensions>
          <ns3:TrackPointExtension>
            <ns3:hr>117</ns3:hr>
            <ns3:cad>0</ns3:cad>
          </ns3:TrackPointExtension>
        </extensions>
      </trkpt>
      <trkpt lat="46.56540331430733203887939453125" lon="23.6756495945155620574951171875">
        <ele>457.20001220703125</ele>
        <time>2024-06-09T09:50:53.000Z</time>
        <extensions>
          <ns3:TrackPointExtension>
            <ns3:hr>117</ns3:hr>
            <ns3:cad>0</ns3:cad>
          </ns3:TrackPointExtension>
        </extensions>
      </trkpt>
      <trkpt lat="46.56541286967694759368896484375" lon="23.67565202526748180389404296875">
        <ele>457.20001220703125</ele>
        <time>2024-06-09T09:50:55.000Z</time>
        <extensions>
          <ns3:TrackPointExtension>
            <ns3:hr>117</ns3:hr>
            <ns3:cad>0</ns3:cad>
          </ns3:TrackPointExtension>
        </extensions>
      </trkpt>
      <trkpt lat="46.56541831791400909423828125" lon="23.67565688677132129669189453125">
        <ele>457.20001220703125</ele>
        <time>2024-06-09T09:50:56.000Z</time>
        <extensions>
          <ns3:TrackPointExtension>
            <ns3:hr>117</ns3:hr>
            <ns3:cad>0</ns3:cad>
          </ns3:TrackPointExtension>
        </extensions>
      </trkpt>
      <trkpt lat="46.56541974283754825592041015625" lon="23.67566627450287342071533203125">
        <ele>457.399993896484375</ele>
        <time>2024-06-09T09:50:58.000Z</time>
        <extensions>
          <ns3:TrackPointExtension>
            <ns3:hr>117</ns3:hr>
            <ns3:cad>0</ns3:cad>
          </ns3:TrackPointExtension>
        </extensions>
      </trkpt>
      <trkpt lat="46.56542074866592884063720703125" lon="23.6756489239633083343505859375">
        <ele>457.20001220703125</ele>
        <time>2024-06-09T09:51:02.000Z</time>
        <extensions>
          <ns3:TrackPointExtension>
            <ns3:hr>117</ns3:hr>
            <ns3:cad>0</ns3:cad>
          </ns3:TrackPointExtension>
        </extensions>
      </trkpt>
      <trkpt lat="46.5654208324849605560302734375" lon="23.675637356936931610107421875">
        <ele>456.79998779296875</ele>
        <time>2024-06-09T09:51:07.000Z</time>
        <extensions>
          <ns3:TrackPointExtension>
            <ns3:hr>117</ns3:hr>
            <ns3:cad>0</ns3:cad>
          </ns3:TrackPointExtension>
        </extensions>
      </trkpt>
      <trkpt lat="46.56544371508061885833740234375" lon="23.6755947768688201904296875">
        <ele>456.600006103515625</ele>
        <time>2024-06-09T09:51:12.000Z</time>
        <extensions>
          <ns3:TrackPointExtension>
            <ns3:hr>118</ns3:hr>
            <ns3:cad>0</ns3:cad>
          </ns3:TrackPointExtension>
        </extensions>
      </trkpt>
      <trkpt lat="46.5655351616442203521728515625" lon="23.67550986818969249725341796875">
        <ele>456.20001220703125</ele>
        <time>2024-06-09T09:51:18.000Z</time>
        <extensions>
          <ns3:TrackPointExtension>
            <ns3:hr>118</ns3:hr>
            <ns3:cad>0</ns3:cad>
          </ns3:TrackPointExtension>
        </extensions>
      </trkpt>
      <trkpt lat="46.56565368175506591796875" lon="23.6754433996975421905517578125">
        <ele>456.20001220703125</ele>
        <time>2024-06-09T09:51:24.000Z</time>
        <extensions>
          <ns3:TrackPointExtension>
            <ns3:hr>116</ns3:hr>
            <ns3:cad>0</ns3:cad>
          </ns3:TrackPointExtension>
        </extensions>
      </trkpt>
      <trkpt lat="46.56569433398544788360595703125" lon="23.675410710275173187255859375">
        <ele>456.399993896484375</ele>
        <time>2024-06-09T09:51:28.000Z</time>
        <extensions>
          <ns3:TrackPointExtension>
            <ns3:hr>118</ns3:hr>
            <ns3:cad>0</ns3:cad>
          </ns3:TrackPointExtension>
        </extensions>
      </trkpt>
      <trkpt lat="46.56567958183586597442626953125" lon="23.6753729917109012603759765625">
        <ele>457</ele>
        <time>2024-06-09T09:51:34.000Z</time>
        <extensions>
          <ns3:TrackPointExtension>
            <ns3:hr>118</ns3:hr>
            <ns3:cad>0</ns3:cad>
          </ns3:TrackPointExtension>
        </extensions>
      </trkpt>
      <trkpt lat="46.56558654271066188812255859375" lon="23.67529504001140594482421875">
        <ele>456.79998779296875</ele>
        <time>2024-06-09T09:51:41.000Z</time>
        <extensions>
          <ns3:TrackPointExtension>
            <ns3:hr>115</ns3:hr>
            <ns3:cad>0</ns3:cad>
          </ns3:TrackPointExtension>
        </extensions>
      </trkpt>
      <trkpt lat="46.56555636785924434661865234375" lon="23.67527081631124019622802734375">
        <ele>456.600006103515625</ele>
        <time>2024-06-09T09:51:43.000Z</time>
        <extensions>
          <ns3:TrackPointExtension>
            <ns3:hr>111</ns3:hr>
            <ns3:cad>0</ns3:cad>
          </ns3:TrackPointExtension>
        </extensions>
      </trkpt>
      <trkpt lat="46.56555485911667346954345703125" lon="23.67522756569087505340576171875">
        <ele>456.600006103515625</ele>
        <time>2024-06-09T09:51:46.000Z</time>
        <extensions>
          <ns3:TrackPointExtension>
            <ns3:hr>110</ns3:hr>
            <ns3:cad>0</ns3:cad>
          </ns3:TrackPointExtension>
        </extensions>
      </trkpt>
      <trkpt lat="46.5655720420181751251220703125" lon="23.6752107180655002593994140625">
        <ele>456.600006103515625</ele>
        <time>2024-06-09T09:51:50.000Z</time>
        <extensions>
          <ns3:TrackPointExtension>
            <ns3:hr>108</ns3:hr>
            <ns3:cad>47</ns3:cad>
          </ns3:TrackPointExtension>
        </extensions>
      </trkpt>
      <trkpt lat="46.565602719783782958984375" lon="23.67519839666783809661865234375">
        <ele>457</ele>
        <time>2024-06-09T09:51:55.000Z</time>
        <extensions>
          <ns3:TrackPointExtension>
            <ns3:hr>108</ns3:hr>
            <ns3:cad>47</ns3:cad>
          </ns3:TrackPointExtension>
        </extensions>
      </trkpt>
      <trkpt lat="46.5656142868101596832275390625" lon="23.6751996539533138275146484375">
        <ele>457.20001220703125</ele>
        <time>2024-06-09T09:51:57.000Z</time>
        <extensions>
          <ns3:TrackPointExtension>
            <ns3:hr>110</ns3:hr>
            <ns3:cad>75</ns3:cad>
          </ns3:TrackPointExtension>
        </extensions>
      </trkpt>
      <trkpt lat="46.56564286909997463226318359375" lon="23.6751926131546497344970703125">
        <ele>457.79998779296875</ele>
        <time>2024-06-09T09:52:01.000Z</time>
        <extensions>
          <ns3:TrackPointExtension>
            <ns3:hr>112</ns3:hr>
            <ns3:cad>75</ns3:cad>
          </ns3:TrackPointExtension>
        </extensions>
      </trkpt>
      <trkpt lat="46.56566265039145946502685546875" lon="23.67517325095832347869873046875">
        <ele>458.20001220703125</ele>
        <time>2024-06-09T09:52:04.000Z</time>
        <extensions>
          <ns3:TrackPointExtension>
            <ns3:hr>112</ns3:hr>
            <ns3:cad>0</ns3:cad>
          </ns3:TrackPointExtension>
        </extensions>
      </trkpt>
      <trkpt lat="46.56567337922751903533935546875" lon="23.67516168393194675445556640625">
        <ele>458.399993896484375</ele>
        <time>2024-06-09T09:52:06.000Z</time>
        <extensions>
          <ns3:TrackPointExtension>
            <ns3:hr>112</ns3:hr>
            <ns3:cad>0</ns3:cad>
          </ns3:TrackPointExtension>
        </extensions>
      </trkpt>
      <trkpt lat="46.5656967647373676300048828125" lon="23.67515782825648784637451171875">
        <ele>458.79998779296875</ele>
        <time>2024-06-09T09:52:11.000Z</time>
        <extensions>
          <ns3:TrackPointExtension>
            <ns3:hr>113</ns3:hr>
            <ns3:cad>0</ns3:cad>
          </ns3:TrackPointExtension>
        </extensions>
      </trkpt>
      <trkpt lat="46.56576138921082019805908203125" lon="23.67514617741107940673828125">
        <ele>458.399993896484375</ele>
        <time>2024-06-09T09:52:18.000Z</time>
        <extensions>
          <ns3:TrackPointExtension>
            <ns3:hr>114</ns3:hr>
            <ns3:cad>0</ns3:cad>
          </ns3:TrackPointExtension>
        </extensions>
      </trkpt>
      <trkpt lat="46.56577765010297298431396484375" lon="23.67514743469655513763427734375">
        <ele>458.399993896484375</ele>
        <time>2024-06-09T09:52:19.000Z</time>
        <extensions>
          <ns3:TrackPointExtension>
            <ns3:hr>117</ns3:hr>
            <ns3:cad>0</ns3:cad>
          </ns3:TrackPointExtension>
        </extensions>
      </trkpt>
      <trkpt lat="46.5657889656722545623779296875" lon="23.67514617741107940673828125">
        <ele>458.399993896484375</ele>
        <time>2024-06-09T09:52:20.000Z</time>
        <extensions>
          <ns3:TrackPointExtension>
            <ns3:hr>120</ns3:hr>
            <ns3:cad>0</ns3:cad>
          </ns3:TrackPointExtension>
        </extensions>
      </trkpt>
      <trkpt lat="46.56579072587192058563232421875" lon="23.67513947188854217529296875">
        <ele>458.399993896484375</ele>
        <time>2024-06-09T09:52:21.000Z</time>
        <extensions>
          <ns3:TrackPointExtension>
            <ns3:hr>121</ns3:hr>
            <ns3:cad>0</ns3:cad>
          </ns3:TrackPointExtension>
        </extensions>
      </trkpt>
      <trkpt lat="46.5658017061650753021240234375" lon="23.675125055015087127685546875">
        <ele>458.399993896484375</ele>
        <time>2024-06-09T09:52:23.000Z</time>
        <extensions>
          <ns3:TrackPointExtension>
            <ns3:hr>120</ns3:hr>
            <ns3:cad>0</ns3:cad>
          </ns3:TrackPointExtension>
        </extensions>
      </trkpt>
      <trkpt lat="46.5657638199627399444580078125" lon="23.67504081688821315765380859375">
        <ele>457.600006103515625</ele>
        <time>2024-06-09T09:52:28.000Z</time>
        <extensions>
          <ns3:TrackPointExtension>
            <ns3:hr>119</ns3:hr>
            <ns3:cad>0</ns3:cad>
          </ns3:TrackPointExtension>
        </extensions>
      </trkpt>
      <trkpt lat="46.5657329745590686798095703125" lon="23.67495615966618061065673828125">
        <ele>457.600006103515625</ele>
        <time>2024-06-09T09:52:32.000Z</time>
        <extensions>
          <ns3:TrackPointExtension>
            <ns3:hr>119</ns3:hr>
            <ns3:cad>47</ns3:cad>
          </ns3:TrackPointExtension>
        </extensions>
      </trkpt>
      <trkpt lat="46.56568645499646663665771484375" lon="23.674817942082881927490234375">
        <ele>457.79998779296875</ele>
        <time>2024-06-09T09:52:37.000Z</time>
        <extensions>
          <ns3:TrackPointExtension>
            <ns3:hr>120</ns3:hr>
            <ns3:cad>47</ns3:cad>
          </ns3:TrackPointExtension>
        </extensions>
      </trkpt>
      <trkpt lat="46.56566868536174297332763671875" lon="23.67477142252027988433837890625">
        <ele>457.79998779296875</ele>
        <time>2024-06-09T09:52:38.000Z</time>
        <extensions>
          <ns3:TrackPointExtension>
            <ns3:hr>120</ns3:hr>
            <ns3:cad>47</ns3:cad>
          </ns3:TrackPointExtension>
        </extensions>
      </trkpt>
      <trkpt lat="46.5656390972435474395751953125" lon="23.67473906837403774261474609375">
        <ele>458</ele>
        <time>2024-06-09T09:52:41.000Z</time>
        <extensions>
          <ns3:TrackPointExtension>
            <ns3:hr>120</ns3:hr>
            <ns3:cad>53</ns3:cad>
          </ns3:TrackPointExtension>
        </extensions>
      </trkpt>
      <trkpt lat="46.56564295291900634765625" lon="23.6747218854725360870361328125">
        <ele>458.20001220703125</ele>
        <time>2024-06-09T09:52:43.000Z</time>
        <extensions>
          <ns3:TrackPointExtension>
            <ns3:hr>117</ns3:hr>
            <ns3:cad>48</ns3:cad>
          </ns3:TrackPointExtension>
        </extensions>
      </trkpt>
      <trkpt lat="46.56565259210765361785888671875" lon="23.67468508891761302947998046875">
        <ele>458.600006103515625</ele>
        <time>2024-06-09T09:52:46.000Z</time>
        <extensions>
          <ns3:TrackPointExtension>
            <ns3:hr>114</ns3:hr>
            <ns3:cad>48</ns3:cad>
          </ns3:TrackPointExtension>
        </extensions>
      </trkpt>
      <trkpt lat="46.56565426848828792572021484375" lon="23.67468324489891529083251953125">
        <ele>458.600006103515625</ele>
        <time>2024-06-09T09:52:47.000Z</time>
        <extensions>
          <ns3:TrackPointExtension>
            <ns3:hr>113</ns3:hr>
            <ns3:cad>45</ns3:cad>
          </ns3:TrackPointExtension>
        </extensions>
      </trkpt>
      <trkpt lat="46.56566684134304523468017578125" lon="23.674661032855510711669921875">
        <ele>458.399993896484375</ele>
        <time>2024-06-09T09:52:55.000Z</time>
        <extensions>
          <ns3:TrackPointExtension>
            <ns3:hr>114</ns3:hr>
            <ns3:cad>55</ns3:cad>
          </ns3:TrackPointExtension>
        </extensions>
      </trkpt>
      <trkpt lat="46.5656639076769351959228515625" lon="23.67465809918940067291259765625">
        <ele>458.20001220703125</ele>
        <time>2024-06-09T09:53:03.000Z</time>
        <extensions>
          <ns3:TrackPointExtension>
            <ns3:hr>117</ns3:hr>
            <ns3:cad>0</ns3:cad>
          </ns3:TrackPointExtension>
        </extensions>
      </trkpt>
      <trkpt lat="46.5656686015427112579345703125" lon="23.6746739409863948822021484375">
        <ele>458</ele>
        <time>2024-06-09T09:53:06.000Z</time>
        <extensions>
          <ns3:TrackPointExtension>
            <ns3:hr>120</ns3:hr>
            <ns3:cad>0</ns3:cad>
          </ns3:TrackPointExtension>
        </extensions>
      </trkpt>
      <trkpt lat="46.5656555257737636566162109375" lon="23.67468760348856449127197265625">
        <ele>457.79998779296875</ele>
        <time>2024-06-09T09:53:10.000Z</time>
        <extensions>
          <ns3:TrackPointExtension>
            <ns3:hr>120</ns3:hr>
            <ns3:cad>0</ns3:cad>
          </ns3:TrackPointExtension>
        </extensions>
      </trkpt>
      <trkpt lat="46.56561688520014286041259765625" lon="23.67470470257103443145751953125">
        <ele>457.600006103515625</ele>
        <time>2024-06-09T09:53:19.000Z</time>
        <extensions>
          <ns3:TrackPointExtension>
            <ns3:hr>118</ns3:hr>
            <ns3:cad>0</ns3:cad>
          </ns3:TrackPointExtension>
        </extensions>
      </trkpt>
      <trkpt lat="46.5656176395714282989501953125" lon="23.67470118217170238494873046875">
        <ele>457.600006103515625</ele>
        <time>2024-06-09T09:53:23.000Z</time>
        <extensions>
          <ns3:TrackPointExtension>
            <ns3:hr>115</ns3:hr>
            <ns3:cad>0</ns3:cad>
          </ns3:TrackPointExtension>
        </extensions>
      </trkpt>
      <trkpt lat="46.56563079915940761566162109375" lon="23.6747114919126033782958984375">
        <ele>457.600006103515625</ele>
        <time>2024-06-09T09:53:25.000Z</time>
        <extensions>
          <ns3:TrackPointExtension>
            <ns3:hr>114</ns3:hr>
            <ns3:cad>0</ns3:cad>
          </ns3:TrackPointExtension>
        </extensions>
      </trkpt>
      <trkpt lat="46.56564638949930667877197265625" lon="23.67469967342913150787353515625">
        <ele>457.399993896484375</ele>
        <time>2024-06-09T09:53:31.000Z</time>
        <extensions>
          <ns3:TrackPointExtension>
            <ns3:hr>113</ns3:hr>
            <ns3:cad>0</ns3:cad>
          </ns3:TrackPointExtension>
        </extensions>
      </trkpt>
      <trkpt lat="46.5656308829784393310546875" lon="23.67465692572295665740966796875">
        <ele>457.600006103515625</ele>
        <time>2024-06-09T09:53:38.000Z</time>
        <extensions>
          <ns3:TrackPointExtension>
            <ns3:hr>113</ns3:hr>
            <ns3:cad>0</ns3:cad>
          </ns3:TrackPointExtension>
        </extensions>
      </trkpt>
      <trkpt lat="46.565680839121341705322265625" lon="23.67469229735434055328369140625">
        <ele>457.399993896484375</ele>
        <time>2024-06-09T09:53:44.000Z</time>
        <extensions>
          <ns3:TrackPointExtension>
            <ns3:hr>112</ns3:hr>
            <ns3:cad>0</ns3:cad>
          </ns3:TrackPointExtension>
        </extensions>
      </trkpt>
      <trkpt lat="46.56569919548928737640380859375" lon="23.674718029797077178955078125">
        <ele>457.20001220703125</ele>
        <time>2024-06-09T09:53:48.000Z</time>
        <extensions>
          <ns3:TrackPointExtension>
            <ns3:hr>115</ns3:hr>
            <ns3:cad>0</ns3:cad>
          </ns3:TrackPointExtension>
        </extensions>
      </trkpt>
      <trkpt lat="46.5657111816108226776123046875" lon="23.6747269146144390106201171875">
        <ele>457.20001220703125</ele>
        <time>2024-06-09T09:53:49.000Z</time>
        <extensions>
          <ns3:TrackPointExtension>
            <ns3:hr>114</ns3:hr>
            <ns3:cad>0</ns3:cad>
          </ns3:TrackPointExtension>
        </extensions>
      </trkpt>
      <trkpt lat="46.565742194652557373046875" lon="23.67472867481410503387451171875">
        <ele>457.20001220703125</ele>
        <time>2024-06-09T09:53:50.000Z</time>
        <extensions>
          <ns3:TrackPointExtension>
            <ns3:hr>113</ns3:hr>
            <ns3:cad>0</ns3:cad>
          </ns3:TrackPointExtension>
        </extensions>
      </trkpt>
      <trkpt lat="46.56575384549796581268310546875" lon="23.6747373081743717193603515625">
        <ele>457.20001220703125</ele>
        <time>2024-06-09T09:53:51.000Z</time>
        <extensions>
          <ns3:TrackPointExtension>
            <ns3:hr>110</ns3:hr>
            <ns3:cad>0</ns3:cad>
          </ns3:TrackPointExtension>
        </extensions>
      </trkpt>
      <trkpt lat="46.56579106114804744720458984375" lon="23.6747406609356403350830078125">
        <ele>457.20001220703125</ele>
        <time>2024-06-09T09:53:53.000Z</time>
        <extensions>
          <ns3:TrackPointExtension>
            <ns3:hr>106</ns3:hr>
            <ns3:cad>0</ns3:cad>
          </ns3:TrackPointExtension>
        </extensions>
      </trkpt>
      <trkpt lat="46.56579516828060150146484375" lon="23.6747389845550060272216796875">
        <ele>457.20001220703125</ele>
        <time>2024-06-09T09:53:54.000Z</time>
        <extensions>
          <ns3:TrackPointExtension>
            <ns3:hr>105</ns3:hr>
            <ns3:cad>0</ns3:cad>
          </ns3:TrackPointExtension>
        </extensions>
      </trkpt>
      <trkpt lat="46.56580648384988307952880859375" lon="23.67473688907921314239501953125">
        <ele>457.20001220703125</ele>
        <time>2024-06-09T09:53:55.000Z</time>
        <extensions>
          <ns3:TrackPointExtension>
            <ns3:hr>105</ns3:hr>
            <ns3:cad>0</ns3:cad>
          </ns3:TrackPointExtension>
        </extensions>
      </trkpt>
      <trkpt lat="46.56581620685756206512451171875" lon="23.6747306026518344879150390625">
        <ele>457.20001220703125</ele>
        <time>2024-06-09T09:53:56.000Z</time>
        <extensions>
          <ns3:TrackPointExtension>
            <ns3:hr>106</ns3:hr>
            <ns3:cad>0</ns3:cad>
          </ns3:TrackPointExtension>
        </extensions>
      </trkpt>
      <trkpt lat="46.5658154524862766265869140625" lon="23.6747074685990810394287109375">
        <ele>457.20001220703125</ele>
        <time>2024-06-09T09:54:00.000Z</time>
        <extensions>
          <ns3:TrackPointExtension>
            <ns3:hr>107</ns3:hr>
            <ns3:cad>0</ns3:cad>
          </ns3:TrackPointExtension>
        </extensions>
      </trkpt>
      <trkpt lat="46.56580598093569278717041015625" lon="23.674693889915943145751953125">
        <ele>457.20001220703125</ele>
        <time>2024-06-09T09:54:04.000Z</time>
        <extensions>
          <ns3:TrackPointExtension>
            <ns3:hr>107</ns3:hr>
            <ns3:cad>0</ns3:cad>
          </ns3:TrackPointExtension>
        </extensions>
      </trkpt>
      <trkpt lat="46.56579114496707916259765625" lon="23.67468911223113536834716796875">
        <ele>457.20001220703125</ele>
        <time>2024-06-09T09:54:06.000Z</time>
        <extensions>
          <ns3:TrackPointExtension>
            <ns3:hr>108</ns3:hr>
            <ns3:cad>0</ns3:cad>
          </ns3:TrackPointExtension>
        </extensions>
      </trkpt>
      <trkpt lat="46.56576256267726421356201171875" lon="23.6746506392955780029296875">
        <ele>457</ele>
        <time>2024-06-09T09:54:11.000Z</time>
        <extensions>
          <ns3:TrackPointExtension>
            <ns3:hr>105</ns3:hr>
            <ns3:cad>0</ns3:cad>
          </ns3:TrackPointExtension>
        </extensions>
      </trkpt>
      <trkpt lat="46.565769352018833160400390625" lon="23.67464200593531131744384765625">
        <ele>457</ele>
        <time>2024-06-09T09:54:12.000Z</time>
        <extensions>
          <ns3:TrackPointExtension>
            <ns3:hr>104</ns3:hr>
            <ns3:cad>0</ns3:cad>
          </ns3:TrackPointExtension>
        </extensions>
      </trkpt>
      <trkpt lat="46.56572878360748291015625" lon="23.67465256713330745697021484375">
        <ele>456.600006103515625</ele>
        <time>2024-06-09T09:54:18.000Z</time>
        <extensions>
          <ns3:TrackPointExtension>
            <ns3:hr>101</ns3:hr>
            <ns3:cad>0</ns3:cad>
          </ns3:TrackPointExtension>
        </extensions>
      </trkpt>
      <trkpt lat="46.56571730040013790130615234375" lon="23.6746672354638576507568359375">
        <ele>456.600006103515625</ele>
        <time>2024-06-09T09:54:20.000Z</time>
        <extensions>
          <ns3:TrackPointExtension>
            <ns3:hr>100</ns3:hr>
            <ns3:cad>0</ns3:cad>
          </ns3:TrackPointExtension>
        </extensions>
      </trkpt>
      <trkpt lat="46.56570523045957088470458984375" lon="23.67467167787253856658935546875">
        <ele>456.600006103515625</ele>
        <time>2024-06-09T09:54:23.000Z</time>
        <extensions>
          <ns3:TrackPointExtension>
            <ns3:hr>97</ns3:hr>
            <ns3:cad>0</ns3:cad>
          </ns3:TrackPointExtension>
        </extensions>
      </trkpt>
      <trkpt lat="46.565704308450222015380859375" lon="23.67465591989457607269287109375">
        <ele>456.600006103515625</ele>
        <time>2024-06-09T09:54:30.000Z</time>
        <extensions>
          <ns3:TrackPointExtension>
            <ns3:hr>95</ns3:hr>
            <ns3:cad>0</ns3:cad>
          </ns3:TrackPointExtension>
        </extensions>
      </trkpt>
      <trkpt lat="46.5656940825283527374267578125" lon="23.67463127709925174713134765625">
        <ele>457.20001220703125</ele>
        <time>2024-06-09T09:54:38.000Z</time>
        <extensions>
          <ns3:TrackPointExtension>
            <ns3:hr>97</ns3:hr>
            <ns3:cad>0</ns3:cad>
          </ns3:TrackPointExtension>
        </extensions>
      </trkpt>
      <trkpt lat="46.5656937472522258758544921875" lon="23.67463496513664722442626953125">
        <ele>457.20001220703125</ele>
        <time>2024-06-09T09:54:40.000Z</time>
        <extensions>
          <ns3:TrackPointExtension>
            <ns3:hr>102</ns3:hr>
            <ns3:cad>0</ns3:cad>
          </ns3:TrackPointExtension>
        </extensions>
      </trkpt>
      <trkpt lat="46.5656914003193378448486328125" lon="23.67465323768556118011474609375">
        <ele>457</ele>
        <time>2024-06-09T09:54:44.000Z</time>
        <extensions>
          <ns3:TrackPointExtension>
            <ns3:hr>103</ns3:hr>
            <ns3:cad>0</ns3:cad>
          </ns3:TrackPointExtension>
        </extensions>
      </trkpt>
      <trkpt lat="46.5656950883567333221435546875" lon="23.674655668437480926513671875">
        <ele>457</ele>
        <time>2024-06-09T09:54:46.000Z</time>
        <extensions>
          <ns3:TrackPointExtension>
            <ns3:hr>95</ns3:hr>
            <ns3:cad>0</ns3:cad>
          </ns3:TrackPointExtension>
        </extensions>
      </trkpt>
      <trkpt lat="46.5656937472522258758544921875" lon="23.6746667325496673583984375">
        <ele>457</ele>
        <time>2024-06-09T09:54:47.000Z</time>
        <extensions>
          <ns3:TrackPointExtension>
            <ns3:hr>95</ns3:hr>
            <ns3:cad>0</ns3:cad>
          </ns3:TrackPointExtension>
        </extensions>
      </trkpt>
      <trkpt lat="46.56570405699312686920166015625" lon="23.67470168508589267730712890625">
        <ele>457</ele>
        <time>2024-06-09T09:54:51.000Z</time>
        <extensions>
          <ns3:TrackPointExtension>
            <ns3:hr>96</ns3:hr>
            <ns3:cad>0</ns3:cad>
          </ns3:TrackPointExtension>
        </extensions>
      </trkpt>
      <trkpt lat="46.56575099565088748931884765625" lon="23.6747661419212818145751953125">
        <ele>456.79998779296875</ele>
        <time>2024-06-09T09:54:58.000Z</time>
        <extensions>
          <ns3:TrackPointExtension>
            <ns3:hr>98</ns3:hr>
            <ns3:cad>0</ns3:cad>
          </ns3:TrackPointExtension>
        </extensions>
      </trkpt>
      <trkpt lat="46.565771363675594329833984375" lon="23.67476957850158214569091796875">
        <ele>456.79998779296875</ele>
        <time>2024-06-09T09:55:04.000Z</time>
        <extensions>
          <ns3:TrackPointExtension>
            <ns3:hr>101</ns3:hr>
            <ns3:cad>0</ns3:cad>
          </ns3:TrackPointExtension>
        </extensions>
      </trkpt>
      <trkpt lat="46.56573289074003696441650390625" lon="23.6747470311820507049560546875">
        <ele>456.600006103515625</ele>
        <time>2024-06-09T09:55:12.000Z</time>
        <extensions>
          <ns3:TrackPointExtension>
            <ns3:hr>99</ns3:hr>
            <ns3:cad>0</ns3:cad>
          </ns3:TrackPointExtension>
        </extensions>
      </trkpt>
      <trkpt lat="46.56567606143653392791748046875" lon="23.6747104860842227935791015625">
        <ele>456.600006103515625</ele>
        <time>2024-06-09T09:55:17.000Z</time>
        <extensions>
          <ns3:TrackPointExtension>
            <ns3:hr>104</ns3:hr>
            <ns3:cad>0</ns3:cad>
          </ns3:TrackPointExtension>
        </extensions>
      </trkpt>
      <trkpt lat="46.56566382385790348052978515625" lon="23.67469196207821369171142578125">
        <ele>456.399993896484375</ele>
        <time>2024-06-09T09:55:19.000Z</time>
        <extensions>
          <ns3:TrackPointExtension>
            <ns3:hr>105</ns3:hr>
            <ns3:cad>0</ns3:cad>
          </ns3:TrackPointExtension>
        </extensions>
      </trkpt>
      <trkpt lat="46.5656618960201740264892578125" lon="23.67466681636869907379150390625">
        <ele>456.399993896484375</ele>
        <time>2024-06-09T09:55:21.000Z</time>
        <extensions>
          <ns3:TrackPointExtension>
            <ns3:hr>105</ns3:hr>
            <ns3:cad>0</ns3:cad>
          </ns3:TrackPointExtension>
        </extensions>
      </trkpt>
      <trkpt lat="46.5656994469463825225830078125" lon="23.6746605299413204193115234375">
        <ele>456.20001220703125</ele>
        <time>2024-06-09T09:55:25.000Z</time>
        <extensions>
          <ns3:TrackPointExtension>
            <ns3:hr>106</ns3:hr>
            <ns3:cad>0</ns3:cad>
          </ns3:TrackPointExtension>
        </extensions>
      </trkpt>
      <trkpt lat="46.5657356567680835723876953125" lon="23.67465558461844921112060546875">
        <ele>456.399993896484375</ele>
        <time>2024-06-09T09:55:30.000Z</time>
        <extensions>
          <ns3:TrackPointExtension>
            <ns3:hr>106</ns3:hr>
            <ns3:cad>0</ns3:cad>
          </ns3:TrackPointExtension>
        </extensions>
      </trkpt>
      <trkpt lat="46.56576189212501049041748046875" lon="23.67464317940175533294677734375">
        <ele>456.600006103515625</ele>
        <time>2024-06-09T09:55:34.000Z</time>
        <extensions>
          <ns3:TrackPointExtension>
            <ns3:hr>105</ns3:hr>
            <ns3:cad>0</ns3:cad>
          </ns3:TrackPointExtension>
        </extensions>
      </trkpt>
      <trkpt lat="46.56578133814036846160888671875" lon="23.67463521659374237060546875">
        <ele>456.79998779296875</ele>
        <time>2024-06-09T09:55:38.000Z</time>
        <extensions>
          <ns3:TrackPointExtension>
            <ns3:hr>105</ns3:hr>
            <ns3:cad>0</ns3:cad>
          </ns3:TrackPointExtension>
        </extensions>
      </trkpt>
      <trkpt lat="46.56577111221849918365478515625" lon="23.6746367253363132476806640625">
        <ele>457.399993896484375</ele>
        <time>2024-06-09T09:55:43.000Z</time>
        <extensions>
          <ns3:TrackPointExtension>
            <ns3:hr>105</ns3:hr>
            <ns3:cad>0</ns3:cad>
          </ns3:TrackPointExtension>
        </extensions>
      </trkpt>
      <trkpt lat="46.5657809190452098846435546875" lon="23.67463043890893459320068359375">
        <ele>457.600006103515625</ele>
        <time>2024-06-09T09:55:45.000Z</time>
        <extensions>
          <ns3:TrackPointExtension>
            <ns3:hr>108</ns3:hr>
            <ns3:cad>62</ns3:cad>
          </ns3:TrackPointExtension>
        </extensions>
      </trkpt>
      <trkpt lat="46.56578619964420795440673828125" lon="23.6746286787092685699462890625">
        <ele>457.600006103515625</ele>
        <time>2024-06-09T09:55:47.000Z</time>
        <extensions>
          <ns3:TrackPointExtension>
            <ns3:hr>109</ns3:hr>
            <ns3:cad>0</ns3:cad>
          </ns3:TrackPointExtension>
        </extensions>
      </trkpt>
      <trkpt lat="46.56580128706991672515869140625" lon="23.67466094903647899627685546875">
        <ele>457.600006103515625</ele>
        <time>2024-06-09T09:55:52.000Z</time>
        <extensions>
          <ns3:TrackPointExtension>
            <ns3:hr>111</ns3:hr>
            <ns3:cad>0</ns3:cad>
          </ns3:TrackPointExtension>
        </extensions>
      </trkpt>
      <trkpt lat="46.56585551798343658447265625" lon="23.6746595241129398345947265625">
        <ele>458</ele>
        <time>2024-06-09T09:55:59.000Z</time>
        <extensions>
          <ns3:TrackPointExtension>
            <ns3:hr>113</ns3:hr>
            <ns3:cad>45</ns3:cad>
          </ns3:TrackPointExtension>
        </extensions>
      </trkpt>
      <trkpt lat="46.56585778109729290008544921875" lon="23.67465667426586151123046875">
        <ele>458</ele>
        <time>2024-06-09T09:56:00.000Z</time>
        <extensions>
          <ns3:TrackPointExtension>
            <ns3:hr>113</ns3:hr>
            <ns3:cad>0</ns3:cad>
          </ns3:TrackPointExtension>
        </extensions>
      </trkpt>
      <trkpt lat="46.5658741258084774017333984375" lon="23.67466262541711330413818359375">
        <ele>457.79998779296875</ele>
        <time>2024-06-09T09:56:05.000Z</time>
        <extensions>
          <ns3:TrackPointExtension>
            <ns3:hr>113</ns3:hr>
            <ns3:cad>0</ns3:cad>
          </ns3:TrackPointExtension>
        </extensions>
      </trkpt>
      <trkpt lat="46.56587806530296802520751953125" lon="23.67465675808489322662353515625">
        <ele>457.600006103515625</ele>
        <time>2024-06-09T09:56:09.000Z</time>
        <extensions>
          <ns3:TrackPointExtension>
            <ns3:hr>117</ns3:hr>
            <ns3:cad>0</ns3:cad>
          </ns3:TrackPointExtension>
        </extensions>
      </trkpt>
      <trkpt lat="46.565882675349712371826171875" lon="23.674652315676212310791015625">
        <ele>457.600006103515625</ele>
        <time>2024-06-09T09:56:11.000Z</time>
        <extensions>
          <ns3:TrackPointExtension>
            <ns3:hr>118</ns3:hr>
            <ns3:cad>0</ns3:cad>
          </ns3:TrackPointExtension>
        </extensions>
      </trkpt>
      <trkpt lat="46.5658975951373577117919921875" lon="23.6746964044868946075439453125">
        <ele>457.399993896484375</ele>
        <time>2024-06-09T09:56:15.000Z</time>
        <extensions>
          <ns3:TrackPointExtension>
            <ns3:hr>118</ns3:hr>
            <ns3:cad>0</ns3:cad>
          </ns3:TrackPointExtension>
        </extensions>
      </trkpt>
      <trkpt lat="46.56596473418176174163818359375" lon="23.6747178621590137481689453125">
        <ele>457.399993896484375</ele>
        <time>2024-06-09T09:56:22.000Z</time>
        <extensions>
          <ns3:TrackPointExtension>
            <ns3:hr>116</ns3:hr>
            <ns3:cad>0</ns3:cad>
          </ns3:TrackPointExtension>
        </extensions>
      </trkpt>
      <trkpt lat="46.5660156123340129852294921875" lon="23.6747376434504985809326171875">
        <ele>457.600006103515625</ele>
        <time>2024-06-09T09:56:27.000Z</time>
        <extensions>
          <ns3:TrackPointExtension>
            <ns3:hr>115</ns3:hr>
            <ns3:cad>0</ns3:cad>
          </ns3:TrackPointExtension>
        </extensions>
      </trkpt>
      <trkpt lat="46.5660115890204906463623046875" lon="23.67473823018372058868408203125">
        <ele>457.600006103515625</ele>
        <time>2024-06-09T09:56:28.000Z</time>
        <extensions>
          <ns3:TrackPointExtension>
            <ns3:hr>115</ns3:hr>
            <ns3:cad>0</ns3:cad>
          </ns3:TrackPointExtension>
        </extensions>
      </trkpt>
      <trkpt lat="46.566015444695949554443359375" lon="23.67474862374365329742431640625">
        <ele>457.79998779296875</ele>
        <time>2024-06-09T09:56:32.000Z</time>
        <extensions>
          <ns3:TrackPointExtension>
            <ns3:hr>115</ns3:hr>
            <ns3:cad>0</ns3:cad>
          </ns3:TrackPointExtension>
        </extensions>
      </trkpt>
      <trkpt lat="46.5660461224615573883056640625" lon="23.67473789490759372711181640625">
        <ele>457.79998779296875</ele>
        <time>2024-06-09T09:56:35.000Z</time>
        <extensions>
          <ns3:TrackPointExtension>
            <ns3:hr>115</ns3:hr>
            <ns3:cad>0</ns3:cad>
          </ns3:TrackPointExtension>
        </extensions>
      </trkpt>
      <trkpt lat="46.5660722739994525909423828125" lon="23.67474962957203388214111328125">
        <ele>458</ele>
        <time>2024-06-09T09:56:40.000Z</time>
        <extensions>
          <ns3:TrackPointExtension>
            <ns3:hr>114</ns3:hr>
            <ns3:cad>0</ns3:cad>
          </ns3:TrackPointExtension>
        </extensions>
      </trkpt>
      <trkpt lat="46.56610764563083648681640625" lon="23.6747255735099315643310546875">
        <ele>458.20001220703125</ele>
        <time>2024-06-09T09:56:45.000Z</time>
        <extensions>
          <ns3:TrackPointExtension>
            <ns3:hr>115</ns3:hr>
            <ns3:cad>0</ns3:cad>
          </ns3:TrackPointExtension>
        </extensions>
      </trkpt>
      <trkpt lat="46.5661091543734073638916015625" lon="23.67471409030258655548095703125">
        <ele>458.20001220703125</ele>
        <time>2024-06-09T09:56:46.000Z</time>
        <extensions>
          <ns3:TrackPointExtension>
            <ns3:hr>115</ns3:hr>
            <ns3:cad>0</ns3:cad>
          </ns3:TrackPointExtension>
        </extensions>
      </trkpt>
      <trkpt lat="46.56610974110662937164306640625" lon="23.67470755241811275482177734375">
        <ele>458.20001220703125</ele>
        <time>2024-06-09T09:56:47.000Z</time>
        <extensions>
          <ns3:TrackPointExtension>
            <ns3:hr>115</ns3:hr>
            <ns3:cad>0</ns3:cad>
          </ns3:TrackPointExtension>
        </extensions>
      </trkpt>
      <trkpt lat="46.56613606028258800506591796875" lon="23.67467670701444149017333984375">
        <ele>458.600006103515625</ele>
        <time>2024-06-09T09:56:51.000Z</time>
        <extensions>
          <ns3:TrackPointExtension>
            <ns3:hr>116</ns3:hr>
            <ns3:cad>0</ns3:cad>
          </ns3:TrackPointExtension>
        </extensions>
      </trkpt>
      <trkpt lat="46.56615148298442363739013671875" lon="23.67464804090559482574462890625">
        <ele>458.79998779296875</ele>
        <time>2024-06-09T09:56:58.000Z</time>
        <extensions>
          <ns3:TrackPointExtension>
            <ns3:hr>115</ns3:hr>
            <ns3:cad>0</ns3:cad>
          </ns3:TrackPointExtension>
        </extensions>
      </trkpt>
      <trkpt lat="46.5662298537790775299072265625" lon="23.6746015213429927825927734375">
        <ele>458.600006103515625</ele>
        <time>2024-06-09T09:57:03.000Z</time>
        <extensions>
          <ns3:TrackPointExtension>
            <ns3:hr>115</ns3:hr>
            <ns3:cad>0</ns3:cad>
          </ns3:TrackPointExtension>
        </extensions>
      </trkpt>
      <trkpt lat="46.56631928868591785430908203125" lon="23.67454762570559978485107421875">
        <ele>458.79998779296875</ele>
        <time>2024-06-09T09:57:10.000Z</time>
        <extensions>
          <ns3:TrackPointExtension>
            <ns3:hr>115</ns3:hr>
            <ns3:cad>0</ns3:cad>
          </ns3:TrackPointExtension>
        </extensions>
      </trkpt>
      <trkpt lat="46.56637913547456264495849609375" lon="23.6744855158030986785888671875">
        <ele>459.20001220703125</ele>
        <time>2024-06-09T09:57:14.000Z</time>
        <extensions>
          <ns3:TrackPointExtension>
            <ns3:hr>115</ns3:hr>
            <ns3:cad>19</ns3:cad>
          </ns3:TrackPointExtension>
        </extensions>
      </trkpt>
      <trkpt lat="46.5663820691406726837158203125" lon="23.67447906173765659332275390625">
        <ele>459.399993896484375</ele>
        <time>2024-06-09T09:57:15.000Z</time>
        <extensions>
          <ns3:TrackPointExtension>
            <ns3:hr>115</ns3:hr>
            <ns3:cad>19</ns3:cad>
          </ns3:TrackPointExtension>
        </extensions>
      </trkpt>
      <trkpt lat="46.56639405526220798492431640625" lon="23.6744526587426662445068359375">
        <ele>459.600006103515625</ele>
        <time>2024-06-09T09:57:17.000Z</time>
        <extensions>
          <ns3:TrackPointExtension>
            <ns3:hr>116</ns3:hr>
            <ns3:cad>0</ns3:cad>
          </ns3:TrackPointExtension>
        </extensions>
      </trkpt>
      <trkpt lat="46.56639522872865200042724609375" lon="23.67443614639341831207275390625">
        <ele>459.600006103515625</ele>
        <time>2024-06-09T09:57:19.000Z</time>
        <extensions>
          <ns3:TrackPointExtension>
            <ns3:hr>117</ns3:hr>
            <ns3:cad>0</ns3:cad>
          </ns3:TrackPointExtension>
        </extensions>
      </trkpt>
      <trkpt lat="46.56639397144317626953125" lon="23.674410246312618255615234375">
        <ele>459.600006103515625</ele>
        <time>2024-06-09T09:57:20.000Z</time>
        <extensions>
          <ns3:TrackPointExtension>
            <ns3:hr>118</ns3:hr>
            <ns3:cad>0</ns3:cad>
          </ns3:TrackPointExtension>
        </extensions>
      </trkpt>
      <trkpt lat="46.5664132498204708099365234375" lon="23.67435936816036701202392578125">
        <ele>459.20001220703125</ele>
        <time>2024-06-09T09:57:24.000Z</time>
        <extensions>
          <ns3:TrackPointExtension>
            <ns3:hr>115</ns3:hr>
            <ns3:cad>0</ns3:cad>
          </ns3:TrackPointExtension>
        </extensions>
      </trkpt>
      <trkpt lat="46.56641903333365917205810546875" lon="23.67433740757405757904052734375">
        <ele>459</ele>
        <time>2024-06-09T09:57:26.000Z</time>
        <extensions>
          <ns3:TrackPointExtension>
            <ns3:hr>114</ns3:hr>
            <ns3:cad>0</ns3:cad>
          </ns3:TrackPointExtension>
        </extensions>
      </trkpt>
      <trkpt lat="46.5664115734398365020751953125" lon="23.67433556355535984039306640625">
        <ele>459.399993896484375</ele>
        <time>2024-06-09T09:57:32.000Z</time>
        <extensions>
          <ns3:TrackPointExtension>
            <ns3:hr>114</ns3:hr>
            <ns3:cad>0</ns3:cad>
          </ns3:TrackPointExtension>
        </extensions>
      </trkpt>
      <trkpt lat="46.5663981623947620391845703125" lon="23.67438443005084991455078125">
        <ele>459</ele>
        <time>2024-06-09T09:57:36.000Z</time>
        <extensions>
          <ns3:TrackPointExtension>
            <ns3:hr>117</ns3:hr>
            <ns3:cad>0</ns3:cad>
          </ns3:TrackPointExtension>
        </extensions>
      </trkpt>
      <trkpt lat="46.56640159897506237030029296875" lon="23.67439205758273601531982421875">
        <ele>458.79998779296875</ele>
        <time>2024-06-09T09:57:37.000Z</time>
        <extensions>
          <ns3:TrackPointExtension>
            <ns3:hr>117</ns3:hr>
            <ns3:cad>0</ns3:cad>
          </ns3:TrackPointExtension>
        </extensions>
      </trkpt>
      <trkpt lat="46.5664363838732242584228515625" lon="23.67441468872129917144775390625">
        <ele>458.79998779296875</ele>
        <time>2024-06-09T09:57:43.000Z</time>
        <extensions>
          <ns3:TrackPointExtension>
            <ns3:hr>112</ns3:hr>
            <ns3:cad>0</ns3:cad>
          </ns3:TrackPointExtension>
        </extensions>
      </trkpt>
      <trkpt lat="46.56647234223783016204833984375" lon="23.67440748028457164764404296875">
        <ele>458.79998779296875</ele>
        <time>2024-06-09T09:57:49.000Z</time>
        <extensions>
          <ns3:TrackPointExtension>
            <ns3:hr>110</ns3:hr>
            <ns3:cad>0</ns3:cad>
          </ns3:TrackPointExtension>
        </extensions>
      </trkpt>
      <trkpt lat="46.56648491509258747100830078125" lon="23.6744201369583606719970703125">
        <ele>459</ele>
        <time>2024-06-09T09:57:55.000Z</time>
        <extensions>
          <ns3:TrackPointExtension>
            <ns3:hr>107</ns3:hr>
            <ns3:cad>0</ns3:cad>
          </ns3:TrackPointExtension>
        </extensions>
      </trkpt>
      <trkpt lat="46.56650184653699398040771484375" lon="23.67442357353866100311279296875">
        <ele>459.20001220703125</ele>
        <time>2024-06-09T09:57:58.000Z</time>
        <extensions>
          <ns3:TrackPointExtension>
            <ns3:hr>107</ns3:hr>
            <ns3:cad>0</ns3:cad>
          </ns3:TrackPointExtension>
        </extensions>
      </trkpt>
      <trkpt lat="46.56650352291762828826904296875" lon="23.67438669316470623016357421875">
        <ele>458.79998779296875</ele>
        <time>2024-06-09T09:58:03.000Z</time>
        <extensions>
          <ns3:TrackPointExtension>
            <ns3:hr>104</ns3:hr>
            <ns3:cad>0</ns3:cad>
          </ns3:TrackPointExtension>
        </extensions>
      </trkpt>
      <trkpt lat="46.56650469638407230377197265625" lon="23.67437747307121753692626953125">
        <ele>458.79998779296875</ele>
        <time>2024-06-09T09:58:04.000Z</time>
        <extensions>
          <ns3:TrackPointExtension>
            <ns3:hr>103</ns3:hr>
            <ns3:cad>0</ns3:cad>
          </ns3:TrackPointExtension>
        </extensions>
      </trkpt>
      <trkpt lat="46.56649698503315448760986328125" lon="23.6743309535086154937744140625">
        <ele>459.20001220703125</ele>
        <time>2024-06-09T09:58:08.000Z</time>
        <extensions>
          <ns3:TrackPointExtension>
            <ns3:hr>103</ns3:hr>
            <ns3:cad>68</ns3:cad>
          </ns3:TrackPointExtension>
        </extensions>
      </trkpt>
      <trkpt lat="46.56651358120143413543701171875" lon="23.6742799915373325347900390625">
        <ele>459.79998779296875</ele>
        <time>2024-06-09T09:58:13.000Z</time>
        <extensions>
          <ns3:TrackPointExtension>
            <ns3:hr>103</ns3:hr>
            <ns3:cad>0</ns3:cad>
          </ns3:TrackPointExtension>
        </extensions>
      </trkpt>
      <trkpt lat="46.56650469638407230377197265625" lon="23.6742389202117919921875">
        <ele>459.79998779296875</ele>
        <time>2024-06-09T09:58:17.000Z</time>
        <extensions>
          <ns3:TrackPointExtension>
            <ns3:hr>102</ns3:hr>
            <ns3:cad>73</ns3:cad>
          </ns3:TrackPointExtension>
        </extensions>
      </trkpt>
      <trkpt lat="46.5665178559720516204833984375" lon="23.674225173890590667724609375">
        <ele>460</ele>
        <time>2024-06-09T09:58:21.000Z</time>
        <extensions>
          <ns3:TrackPointExtension>
            <ns3:hr>106</ns3:hr>
            <ns3:cad>0</ns3:cad>
          </ns3:TrackPointExtension>
        </extensions>
      </trkpt>
      <trkpt lat="46.56652196310460567474365234375" lon="23.67422240786254405975341796875">
        <ele>460</ele>
        <time>2024-06-09T09:58:22.000Z</time>
        <extensions>
          <ns3:TrackPointExtension>
            <ns3:hr>106</ns3:hr>
            <ns3:cad>0</ns3:cad>
          </ns3:TrackPointExtension>
        </extensions>
      </trkpt>
      <trkpt lat="46.56655431725084781646728515625" lon="23.674161471426486968994140625">
        <ele>459.79998779296875</ele>
        <time>2024-06-09T09:58:27.000Z</time>
        <extensions>
          <ns3:TrackPointExtension>
            <ns3:hr>106</ns3:hr>
            <ns3:cad>0</ns3:cad>
          </ns3:TrackPointExtension>
        </extensions>
      </trkpt>
      <trkpt lat="46.5665634535253047943115234375" lon="23.67412115447223186492919921875">
        <ele>459.79998779296875</ele>
        <time>2024-06-09T09:58:30.000Z</time>
        <extensions>
          <ns3:TrackPointExtension>
            <ns3:hr>109</ns3:hr>
            <ns3:cad>0</ns3:cad>
          </ns3:TrackPointExtension>
        </extensions>
      </trkpt>
      <trkpt lat="46.56660494394600391387939453125" lon="23.67410807870328426361083984375">
        <ele>459.79998779296875</ele>
        <time>2024-06-09T09:58:34.000Z</time>
        <extensions>
          <ns3:TrackPointExtension>
            <ns3:hr>112</ns3:hr>
            <ns3:cad>0</ns3:cad>
          </ns3:TrackPointExtension>
        </extensions>
      </trkpt>
      <trkpt lat="46.56662640161812305450439453125" lon="23.67409751750528812408447265625">
        <ele>459.79998779296875</ele>
        <time>2024-06-09T09:58:38.000Z</time>
        <extensions>
          <ns3:TrackPointExtension>
            <ns3:hr>112</ns3:hr>
            <ns3:cad>0</ns3:cad>
          </ns3:TrackPointExtension>
        </extensions>
      </trkpt>
      <trkpt lat="46.56663277186453342437744140625" lon="23.67410757578909397125244140625">
        <ele>459.79998779296875</ele>
        <time>2024-06-09T09:58:39.000Z</time>
        <extensions>
          <ns3:TrackPointExtension>
            <ns3:hr>112</ns3:hr>
            <ns3:cad>0</ns3:cad>
          </ns3:TrackPointExtension>
        </extensions>
      </trkpt>
      <trkpt lat="46.5666398964822292327880859375" lon="23.674056194722652435302734375">
        <ele>459.600006103515625</ele>
        <time>2024-06-09T09:58:43.000Z</time>
        <extensions>
          <ns3:TrackPointExtension>
            <ns3:hr>112</ns3:hr>
            <ns3:cad>48</ns3:cad>
          </ns3:TrackPointExtension>
        </extensions>
      </trkpt>
      <trkpt lat="46.56661785207688808441162109375" lon="23.67398603819310665130615234375">
        <ele>459.399993896484375</ele>
        <time>2024-06-09T09:58:49.000Z</time>
        <extensions>
          <ns3:TrackPointExtension>
            <ns3:hr>110</ns3:hr>
            <ns3:cad>55</ns3:cad>
          </ns3:TrackPointExtension>
        </extensions>
      </trkpt>
      <trkpt lat="46.56659438274800777435302734375" lon="23.67387807928025722503662109375">
        <ele>458.399993896484375</ele>
        <time>2024-06-09T09:58:54.000Z</time>
        <extensions>
          <ns3:TrackPointExtension>
            <ns3:hr>109</ns3:hr>
            <ns3:cad>0</ns3:cad>
          </ns3:TrackPointExtension>
        </extensions>
      </trkpt>
      <trkpt lat="46.56659622676670551300048828125" lon="23.67385913617908954620361328125">
        <ele>458.399993896484375</ele>
        <time>2024-06-09T09:58:55.000Z</time>
        <extensions>
          <ns3:TrackPointExtension>
            <ns3:hr>109</ns3:hr>
            <ns3:cad>0</ns3:cad>
          </ns3:TrackPointExtension>
        </extensions>
      </trkpt>
      <trkpt lat="46.5666288323700428009033203125" lon="23.6737998761236667633056640625">
        <ele>458.399993896484375</ele>
        <time>2024-06-09T09:59:00.000Z</time>
        <extensions>
          <ns3:TrackPointExtension>
            <ns3:hr>111</ns3:hr>
            <ns3:cad>52</ns3:cad>
          </ns3:TrackPointExtension>
        </extensions>
      </trkpt>
      <trkpt lat="46.566632688045501708984375" lon="23.67376559413969516754150390625">
        <ele>458.600006103515625</ele>
        <time>2024-06-09T09:59:05.000Z</time>
        <extensions>
          <ns3:TrackPointExtension>
            <ns3:hr>111</ns3:hr>
            <ns3:cad>49</ns3:cad>
          </ns3:TrackPointExtension>
        </extensions>
      </trkpt>
      <trkpt lat="46.56663000583648681640625" lon="23.67377799935638904571533203125">
        <ele>459.399993896484375</ele>
        <time>2024-06-09T09:59:07.000Z</time>
        <extensions>
          <ns3:TrackPointExtension>
            <ns3:hr>111</ns3:hr>
            <ns3:cad>49</ns3:cad>
          </ns3:TrackPointExtension>
        </extensions>
      </trkpt>
      <trkpt lat="46.5666251443326473236083984375" lon="23.67379107512533664703369140625">
        <ele>460.20001220703125</ele>
        <time>2024-06-09T09:59:10.000Z</time>
        <extensions>
          <ns3:TrackPointExtension>
            <ns3:hr>111</ns3:hr>
            <ns3:cad>75</ns3:cad>
          </ns3:TrackPointExtension>
        </extensions>
      </trkpt>
      <trkpt lat="46.566608212888240814208984375" lon="23.673809431493282318115234375">
        <ele>460.600006103515625</ele>
        <time>2024-06-09T09:59:14.000Z</time>
        <extensions>
          <ns3:TrackPointExtension>
            <ns3:hr>112</ns3:hr>
            <ns3:cad>0</ns3:cad>
          </ns3:TrackPointExtension>
        </extensions>
      </trkpt>
      <trkpt lat="46.566604189574718475341796875" lon="23.67381504736840724945068359375">
        <ele>460.600006103515625</ele>
        <time>2024-06-09T09:59:15.000Z</time>
        <extensions>
          <ns3:TrackPointExtension>
            <ns3:hr>113</ns3:hr>
            <ns3:cad>0</ns3:cad>
          </ns3:TrackPointExtension>
        </extensions>
      </trkpt>
      <trkpt lat="46.5665252320468425750732421875" lon="23.67379962466657161712646484375">
        <ele>461</ele>
        <time>2024-06-09T09:59:22.000Z</time>
        <extensions>
          <ns3:TrackPointExtension>
            <ns3:hr>114</ns3:hr>
            <ns3:cad>46</ns3:cad>
          </ns3:TrackPointExtension>
        </extensions>
      </trkpt>
      <trkpt lat="46.56646764837205410003662109375" lon="23.6737857945263385772705078125">
        <ele>461.600006103515625</ele>
        <time>2024-06-09T09:59:27.000Z</time>
        <extensions>
          <ns3:TrackPointExtension>
            <ns3:hr>113</ns3:hr>
            <ns3:cad>0</ns3:cad>
          </ns3:TrackPointExtension>
        </extensions>
      </trkpt>
      <trkpt lat="46.56644317321479320526123046875" lon="23.67380264215171337127685546875">
        <ele>461.600006103515625</ele>
        <time>2024-06-09T09:59:31.000Z</time>
        <extensions>
          <ns3:TrackPointExtension>
            <ns3:hr>113</ns3:hr>
            <ns3:cad>0</ns3:cad>
          </ns3:TrackPointExtension>
        </extensions>
      </trkpt>
      <trkpt lat="46.56644602306187152862548828125" lon="23.67378470487892627716064453125">
        <ele>461.20001220703125</ele>
        <time>2024-06-09T09:59:39.000Z</time>
        <extensions>
          <ns3:TrackPointExtension>
            <ns3:hr>114</ns3:hr>
            <ns3:cad>0</ns3:cad>
          </ns3:TrackPointExtension>
        </extensions>
      </trkpt>
      <trkpt lat="46.56646043993532657623291015625" lon="23.67378604598343372344970703125">
        <ele>460.600006103515625</ele>
        <time>2024-06-09T09:59:44.000Z</time>
        <extensions>
          <ns3:TrackPointExtension>
            <ns3:hr>115</ns3:hr>
            <ns3:cad>0</ns3:cad>
          </ns3:TrackPointExtension>
        </extensions>
      </trkpt>
      <trkpt lat="46.566469408571720123291015625" lon="23.67378084920346736907958984375">
        <ele>460.399993896484375</ele>
        <time>2024-06-09T09:59:45.000Z</time>
        <extensions>
          <ns3:TrackPointExtension>
            <ns3:hr>115</ns3:hr>
            <ns3:cad>0</ns3:cad>
          </ns3:TrackPointExtension>
        </extensions>
      </trkpt>
      <trkpt lat="46.56653587706387042999267578125" lon="23.67365780286490917205810546875">
        <ele>459.600006103515625</ele>
        <time>2024-06-09T09:59:54.000Z</time>
        <extensions>
          <ns3:TrackPointExtension>
            <ns3:hr>116</ns3:hr>
            <ns3:cad>55</ns3:cad>
          </ns3:TrackPointExtension>
        </extensions>
      </trkpt>
      <trkpt lat="46.56654543243348598480224609375" lon="23.6736345849931240081787109375">
        <ele>459.399993896484375</ele>
        <time>2024-06-09T09:59:56.000Z</time>
        <extensions>
          <ns3:TrackPointExtension>
            <ns3:hr>115</ns3:hr>
            <ns3:cad>55</ns3:cad>
          </ns3:TrackPointExtension>
        </extensions>
      </trkpt>
      <trkpt lat="46.56656957231462001800537109375" lon="23.673582114279270172119140625">
        <ele>459.399993896484375</ele>
        <time>2024-06-09T10:00:00.000Z</time>
        <extensions>
          <ns3:TrackPointExtension>
            <ns3:hr>112</ns3:hr>
            <ns3:cad>55</ns3:cad>
          </ns3:TrackPointExtension>
        </extensions>
      </trkpt>
      <trkpt lat="46.566581390798091888427734375" lon="23.67354230023920536041259765625">
        <ele>460.20001220703125</ele>
        <time>2024-06-09T10:00:06.000Z</time>
        <extensions>
          <ns3:TrackPointExtension>
            <ns3:hr>110</ns3:hr>
            <ns3:cad>55</ns3:cad>
          </ns3:TrackPointExtension>
        </extensions>
      </trkpt>
      <trkpt lat="46.56660921871662139892578125" lon="23.673486895859241485595703125">
        <ele>460.600006103515625</ele>
        <time>2024-06-09T10:00:12.000Z</time>
        <extensions>
          <ns3:TrackPointExtension>
            <ns3:hr>110</ns3:hr>
            <ns3:cad>0</ns3:cad>
          </ns3:TrackPointExtension>
        </extensions>
      </trkpt>
      <trkpt lat="46.5666067041456699371337890625" lon="23.67348186671733856201171875">
        <ele>460.79998779296875</ele>
        <time>2024-06-09T10:00:13.000Z</time>
        <extensions>
          <ns3:TrackPointExtension>
            <ns3:hr>110</ns3:hr>
            <ns3:cad>52</ns3:cad>
          </ns3:TrackPointExtension>
        </extensions>
      </trkpt>
      <trkpt lat="46.56661458313465118408203125" lon="23.67342344485223293304443359375">
        <ele>461</ele>
        <time>2024-06-09T10:00:19.000Z</time>
        <extensions>
          <ns3:TrackPointExtension>
            <ns3:hr>113</ns3:hr>
            <ns3:cad>0</ns3:cad>
          </ns3:TrackPointExtension>
        </extensions>
      </trkpt>
      <trkpt lat="46.566621623933315277099609375" lon="23.67335471324622631072998046875">
        <ele>460.79998779296875</ele>
        <time>2024-06-09T10:00:26.000Z</time>
        <extensions>
          <ns3:TrackPointExtension>
            <ns3:hr>115</ns3:hr>
            <ns3:cad>0</ns3:cad>
          </ns3:TrackPointExtension>
        </extensions>
      </trkpt>
      <trkpt lat="46.56662489287555217742919921875" lon="23.673322610557079315185546875">
        <ele>461</ele>
        <time>2024-06-09T10:00:31.000Z</time>
        <extensions>
          <ns3:TrackPointExtension>
            <ns3:hr>116</ns3:hr>
            <ns3:cad>0</ns3:cad>
          </ns3:TrackPointExtension>
        </extensions>
      </trkpt>
      <trkpt lat="46.56664484180510044097900390625" lon="23.6732641048729419708251953125">
        <ele>461.600006103515625</ele>
        <time>2024-06-09T10:00:39.000Z</time>
        <extensions>
          <ns3:TrackPointExtension>
            <ns3:hr>116</ns3:hr>
            <ns3:cad>0</ns3:cad>
          </ns3:TrackPointExtension>
        </extensions>
      </trkpt>
      <trkpt lat="46.566646099090576171875" lon="23.67325949482619762420654296875">
        <ele>461.600006103515625</ele>
        <time>2024-06-09T10:00:40.000Z</time>
        <extensions>
          <ns3:TrackPointExtension>
            <ns3:hr>116</ns3:hr>
            <ns3:cad>0</ns3:cad>
          </ns3:TrackPointExtension>
        </extensions>
      </trkpt>
      <trkpt lat="46.56666210852563381195068359375" lon="23.67319042794406414031982421875">
        <ele>461.600006103515625</ele>
        <time>2024-06-09T10:00:45.000Z</time>
        <extensions>
          <ns3:TrackPointExtension>
            <ns3:hr>117</ns3:hr>
            <ns3:cad>0</ns3:cad>
          </ns3:TrackPointExtension>
        </extensions>
      </trkpt>
      <trkpt lat="46.56668071635067462921142578125" lon="23.67318824864923954010009765625">
        <ele>461.600006103515625</ele>
        <time>2024-06-09T10:00:51.000Z</time>
        <extensions>
          <ns3:TrackPointExtension>
            <ns3:hr>116</ns3:hr>
            <ns3:cad>47</ns3:cad>
          </ns3:TrackPointExtension>
        </extensions>
      </trkpt>
      <trkpt lat="46.56673972494900226593017578125" lon="23.67313317954540252685546875">
        <ele>460.600006103515625</ele>
        <time>2024-06-09T10:01:00.000Z</time>
        <extensions>
          <ns3:TrackPointExtension>
            <ns3:hr>118</ns3:hr>
            <ns3:cad>41</ns3:cad>
          </ns3:TrackPointExtension>
        </extensions>
      </trkpt>
      <trkpt lat="46.566814742982387542724609375" lon="23.67314927279949188232421875">
        <ele>461.600006103515625</ele>
        <time>2024-06-09T10:01:08.000Z</time>
        <extensions>
          <ns3:TrackPointExtension>
            <ns3:hr>117</ns3:hr>
            <ns3:cad>69</ns3:cad>
          </ns3:TrackPointExtension>
        </extensions>
      </trkpt>
      <trkpt lat="46.56683108769357204437255859375" lon="23.67314667440950870513916015625">
        <ele>461.79998779296875</ele>
        <time>2024-06-09T10:01:13.000Z</time>
        <extensions>
          <ns3:TrackPointExtension>
            <ns3:hr>114</ns3:hr>
            <ns3:cad>0</ns3:cad>
          </ns3:TrackPointExtension>
        </extensions>
      </trkpt>
      <trkpt lat="46.56682915985584259033203125" lon="23.67313326336443424224853515625">
        <ele>461.79998779296875</ele>
        <time>2024-06-09T10:01:15.000Z</time>
        <extensions>
          <ns3:TrackPointExtension>
            <ns3:hr>114</ns3:hr>
            <ns3:cad>0</ns3:cad>
          </ns3:TrackPointExtension>
        </extensions>
      </trkpt>
      <trkpt lat="46.56683125533163547515869140625" lon="23.6731249652802944183349609375">
        <ele>461.79998779296875</ele>
        <time>2024-06-09T10:01:16.000Z</time>
        <extensions>
          <ns3:TrackPointExtension>
            <ns3:hr>114</ns3:hr>
            <ns3:cad>0</ns3:cad>
          </ns3:TrackPointExtension>
        </extensions>
      </trkpt>
      <trkpt lat="46.56685388647019863128662109375" lon="23.673085905611515045166015625">
        <ele>462.79998779296875</ele>
        <time>2024-06-09T10:01:21.000Z</time>
        <extensions>
          <ns3:TrackPointExtension>
            <ns3:hr>114</ns3:hr>
            <ns3:cad>67</ns3:cad>
          </ns3:TrackPointExtension>
        </extensions>
      </trkpt>
      <trkpt lat="46.5668762661516666412353515625" lon="23.6730374582111835479736328125">
        <ele>462.600006103515625</ele>
        <time>2024-06-09T10:01:27.000Z</time>
        <extensions>
          <ns3:TrackPointExtension>
            <ns3:hr>113</ns3:hr>
            <ns3:cad>0</ns3:cad>
          </ns3:TrackPointExtension>
        </extensions>
      </trkpt>
      <trkpt lat="46.5669265575706958770751953125" lon="23.6729231290519237518310546875">
        <ele>463</ele>
        <time>2024-06-09T10:01:36.000Z</time>
        <extensions>
          <ns3:TrackPointExtension>
            <ns3:hr>111</ns3:hr>
            <ns3:cad>0</ns3:cad>
          </ns3:TrackPointExtension>
        </extensions>
      </trkpt>
      <trkpt lat="46.56695254147052764892578125" lon="23.67288884706795215606689453125">
        <ele>463.79998779296875</ele>
        <time>2024-06-09T10:01:41.000Z</time>
        <extensions>
          <ns3:TrackPointExtension>
            <ns3:hr>112</ns3:hr>
            <ns3:cad>73</ns3:cad>
          </ns3:TrackPointExtension>
        </extensions>
      </trkpt>
      <trkpt lat="46.566968970000743865966796875" lon="23.672869987785816192626953125">
        <ele>464.399993896484375</ele>
        <time>2024-06-09T10:01:44.000Z</time>
        <extensions>
          <ns3:TrackPointExtension>
            <ns3:hr>113</ns3:hr>
            <ns3:cad>75</ns3:cad>
          </ns3:TrackPointExtension>
        </extensions>
      </trkpt>
      <trkpt lat="46.5669832192361354827880859375" lon="23.6728590913116931915283203125">
        <ele>464.600006103515625</ele>
        <time>2024-06-09T10:01:46.000Z</time>
        <extensions>
          <ns3:TrackPointExtension>
            <ns3:hr>116</ns3:hr>
            <ns3:cad>75</ns3:cad>
          </ns3:TrackPointExtension>
        </extensions>
      </trkpt>
      <trkpt lat="46.5669892542064189910888671875" lon="23.6728523857891559600830078125">
        <ele>465.20001220703125</ele>
        <time>2024-06-09T10:01:47.000Z</time>
        <extensions>
          <ns3:TrackPointExtension>
            <ns3:hr>118</ns3:hr>
            <ns3:cad>75</ns3:cad>
          </ns3:TrackPointExtension>
        </extensions>
      </trkpt>
      <trkpt lat="46.56700978986918926239013671875" lon="23.67281508632004261016845703125">
        <ele>465.399993896484375</ele>
        <time>2024-06-09T10:01:51.000Z</time>
        <extensions>
          <ns3:TrackPointExtension>
            <ns3:hr>117</ns3:hr>
            <ns3:cad>75</ns3:cad>
          </ns3:TrackPointExtension>
        </extensions>
      </trkpt>
      <trkpt lat="46.567014567553997039794921875" lon="23.6727732606232166290283203125">
        <ele>466.20001220703125</ele>
        <time>2024-06-09T10:01:56.000Z</time>
        <extensions>
          <ns3:TrackPointExtension>
            <ns3:hr>119</ns3:hr>
            <ns3:cad>75</ns3:cad>
          </ns3:TrackPointExtension>
        </extensions>
      </trkpt>
      <trkpt lat="46.56701532192528247833251953125" lon="23.67276026867330074310302734375">
        <ele>466.79998779296875</ele>
        <time>2024-06-09T10:01:58.000Z</time>
        <extensions>
          <ns3:TrackPointExtension>
            <ns3:hr>120</ns3:hr>
            <ns3:cad>75</ns3:cad>
          </ns3:TrackPointExtension>
        </extensions>
      </trkpt>
      <trkpt lat="46.5670095384120941162109375" lon="23.6727209575474262237548828125">
        <ele>466.79998779296875</ele>
        <time>2024-06-09T10:02:05.000Z</time>
        <extensions>
          <ns3:TrackPointExtension>
            <ns3:hr>122</ns3:hr>
            <ns3:cad>0</ns3:cad>
          </ns3:TrackPointExtension>
        </extensions>
      </trkpt>
      <trkpt lat="46.56701180152595043182373046875" lon="23.67270880378782749176025390625">
        <ele>466.20001220703125</ele>
        <time>2024-06-09T10:02:08.000Z</time>
        <extensions>
          <ns3:TrackPointExtension>
            <ns3:hr>125</ns3:hr>
            <ns3:cad>0</ns3:cad>
          </ns3:TrackPointExtension>
        </extensions>
      </trkpt>
      <trkpt lat="46.56702001579105854034423828125" lon="23.67269556038081645965576171875">
        <ele>465.79998779296875</ele>
        <time>2024-06-09T10:02:12.000Z</time>
        <extensions>
          <ns3:TrackPointExtension>
            <ns3:hr>126</ns3:hr>
            <ns3:cad>0</ns3:cad>
          </ns3:TrackPointExtension>
        </extensions>
      </trkpt>
      <trkpt lat="46.5670117177069187164306640625" lon="23.67268047295510768890380859375">
        <ele>465.20001220703125</ele>
        <time>2024-06-09T10:02:16.000Z</time>
        <extensions>
          <ns3:TrackPointExtension>
            <ns3:hr>126</ns3:hr>
            <ns3:cad>0</ns3:cad>
          </ns3:TrackPointExtension>
        </extensions>
      </trkpt>
      <trkpt lat="46.567011214792728424072265625" lon="23.6726636253297328948974609375">
        <ele>464.79998779296875</ele>
        <time>2024-06-09T10:02:19.000Z</time>
        <extensions>
          <ns3:TrackPointExtension>
            <ns3:hr>125</ns3:hr>
            <ns3:cad>0</ns3:cad>
          </ns3:TrackPointExtension>
        </extensions>
      </trkpt>
      <trkpt lat="46.5670288167893886566162109375" lon="23.6726416647434234619140625">
        <ele>464</ele>
        <time>2024-06-09T10:02:25.000Z</time>
        <extensions>
          <ns3:TrackPointExtension>
            <ns3:hr>124</ns3:hr>
            <ns3:cad>75</ns3:cad>
          </ns3:TrackPointExtension>
        </extensions>
      </trkpt>
      <trkpt lat="46.56703560613095760345458984375" lon="23.6726428382098674774169921875">
        <ele>463.79998779296875</ele>
        <time>2024-06-09T10:02:26.000Z</time>
        <extensions>
          <ns3:TrackPointExtension>
            <ns3:hr>124</ns3:hr>
            <ns3:cad>75</ns3:cad>
          </ns3:TrackPointExtension>
        </extensions>
      </trkpt>
      <trkpt lat="46.56704365275800228118896484375" lon="23.672650717198848724365234375">
        <ele>463.399993896484375</ele>
        <time>2024-06-09T10:02:28.000Z</time>
        <extensions>
          <ns3:TrackPointExtension>
            <ns3:hr>120</ns3:hr>
            <ns3:cad>75</ns3:cad>
          </ns3:TrackPointExtension>
        </extensions>
      </trkpt>
      <trkpt lat="46.56706594862043857574462890625" lon="23.67265306413173675537109375">
        <ele>462.79998779296875</ele>
        <time>2024-06-09T10:02:32.000Z</time>
        <extensions>
          <ns3:TrackPointExtension>
            <ns3:hr>119</ns3:hr>
            <ns3:cad>0</ns3:cad>
          </ns3:TrackPointExtension>
        </extensions>
      </trkpt>
      <trkpt lat="46.5670645236968994140625" lon="23.67264325730502605438232421875">
        <ele>462.600006103515625</ele>
        <time>2024-06-09T10:02:33.000Z</time>
        <extensions>
          <ns3:TrackPointExtension>
            <ns3:hr>120</ns3:hr>
            <ns3:cad>0</ns3:cad>
          </ns3:TrackPointExtension>
        </extensions>
      </trkpt>
      <trkpt lat="46.56706209294497966766357421875" lon="23.67260503582656383514404296875">
        <ele>461.79998779296875</ele>
        <time>2024-06-09T10:02:37.000Z</time>
        <extensions>
          <ns3:TrackPointExtension>
            <ns3:hr>121</ns3:hr>
            <ns3:cad>0</ns3:cad>
          </ns3:TrackPointExtension>
        </extensions>
      </trkpt>
      <trkpt lat="46.5670737437903881072998046875" lon="23.6725979112088680267333984375">
        <ele>461.600006103515625</ele>
        <time>2024-06-09T10:02:40.000Z</time>
        <extensions>
          <ns3:TrackPointExtension>
            <ns3:hr>121</ns3:hr>
            <ns3:cad>0</ns3:cad>
          </ns3:TrackPointExtension>
        </extensions>
      </trkpt>
      <trkpt lat="46.567089669406414031982421875" lon="23.67255507968366146087646484375">
        <ele>461.600006103515625</ele>
        <time>2024-06-09T10:02:47.000Z</time>
        <extensions>
          <ns3:TrackPointExtension>
            <ns3:hr>118</ns3:hr>
            <ns3:cad>0</ns3:cad>
          </ns3:TrackPointExtension>
        </extensions>
      </trkpt>
      <trkpt lat="46.5670834667980670928955078125" lon="23.67256061173975467681884765625">
        <ele>461.399993896484375</ele>
        <time>2024-06-09T10:02:50.000Z</time>
        <extensions>
          <ns3:TrackPointExtension>
            <ns3:hr>119</ns3:hr>
            <ns3:cad>0</ns3:cad>
          </ns3:TrackPointExtension>
        </extensions>
      </trkpt>
      <trkpt lat="46.56706812791526317596435546875" lon="23.6725043691694736480712890625">
        <ele>461.399993896484375</ele>
        <time>2024-06-09T10:02:57.000Z</time>
        <extensions>
          <ns3:TrackPointExtension>
            <ns3:hr>117</ns3:hr>
            <ns3:cad>41</ns3:cad>
          </ns3:TrackPointExtension>
        </extensions>
      </trkpt>
      <trkpt lat="46.56709210015833377838134765625" lon="23.67244745604693889617919921875">
        <ele>462</ele>
        <time>2024-06-09T10:03:04.000Z</time>
        <extensions>
          <ns3:TrackPointExtension>
            <ns3:hr>117</ns3:hr>
            <ns3:cad>0</ns3:cad>
          </ns3:TrackPointExtension>
        </extensions>
      </trkpt>
      <trkpt lat="46.56710970215499401092529296875" lon="23.67240722291171550750732421875">
        <ele>462.20001220703125</ele>
        <time>2024-06-09T10:03:09.000Z</time>
        <extensions>
          <ns3:TrackPointExtension>
            <ns3:hr>115</ns3:hr>
            <ns3:cad>50</ns3:cad>
          </ns3:TrackPointExtension>
        </extensions>
      </trkpt>
      <trkpt lat="46.56713786534965038299560546875" lon="23.6723642237484455108642578125">
        <ele>462.79998779296875</ele>
        <time>2024-06-09T10:03:13.000Z</time>
        <extensions>
          <ns3:TrackPointExtension>
            <ns3:hr>114</ns3:hr>
            <ns3:cad>0</ns3:cad>
          </ns3:TrackPointExtension>
        </extensions>
      </trkpt>
      <trkpt lat="46.56714909709990024566650390625" lon="23.67234368808567523956298828125">
        <ele>463</ele>
        <time>2024-06-09T10:03:15.000Z</time>
        <extensions>
          <ns3:TrackPointExtension>
            <ns3:hr>114</ns3:hr>
            <ns3:cad>0</ns3:cad>
          </ns3:TrackPointExtension>
        </extensions>
      </trkpt>
      <trkpt lat="46.56716770492494106292724609375" lon="23.672306723892688751220703125">
        <ele>463.79998779296875</ele>
        <time>2024-06-09T10:03:21.000Z</time>
        <extensions>
          <ns3:TrackPointExtension>
            <ns3:hr>113</ns3:hr>
            <ns3:cad>0</ns3:cad>
          </ns3:TrackPointExtension>
        </extensions>
      </trkpt>
      <trkpt lat="46.5671892464160919189453125" lon="23.6722726933658123016357421875">
        <ele>463.79998779296875</ele>
        <time>2024-06-09T10:03:27.000Z</time>
        <extensions>
          <ns3:TrackPointExtension>
            <ns3:hr>116</ns3:hr>
            <ns3:cad>0</ns3:cad>
          </ns3:TrackPointExtension>
        </extensions>
      </trkpt>
      <trkpt lat="46.56719486229121685028076171875" lon="23.67227110080420970916748046875">
        <ele>463.600006103515625</ele>
        <time>2024-06-09T10:03:28.000Z</time>
        <extensions>
          <ns3:TrackPointExtension>
            <ns3:hr>117</ns3:hr>
            <ns3:cad>0</ns3:cad>
          </ns3:TrackPointExtension>
        </extensions>
      </trkpt>
      <trkpt lat="46.56721196137368679046630859375" lon="23.67227378301322460174560546875">
        <ele>462.79998779296875</ele>
        <time>2024-06-09T10:03:34.000Z</time>
        <extensions>
          <ns3:TrackPointExtension>
            <ns3:hr>119</ns3:hr>
            <ns3:cad>47</ns3:cad>
          </ns3:TrackPointExtension>
        </extensions>
      </trkpt>
      <trkpt lat="46.56721682287752628326416015625" lon="23.67226959206163883209228515625">
        <ele>462.399993896484375</ele>
        <time>2024-06-09T10:03:35.000Z</time>
        <extensions>
          <ns3:TrackPointExtension>
            <ns3:hr>120</ns3:hr>
            <ns3:cad>51</ns3:cad>
          </ns3:TrackPointExtension>
        </extensions>
      </trkpt>
      <trkpt lat="46.567226462066173553466796875" lon="23.67224830202758312225341796875">
        <ele>461.600006103515625</ele>
        <time>2024-06-09T10:03:40.000Z</time>
        <extensions>
          <ns3:TrackPointExtension>
            <ns3:hr>119</ns3:hr>
            <ns3:cad>50</ns3:cad>
          </ns3:TrackPointExtension>
        </extensions>
      </trkpt>
      <trkpt lat="46.56731070019304752349853515625" lon="23.672173954546451568603515625">
        <ele>461.600006103515625</ele>
        <time>2024-06-09T10:03:49.000Z</time>
        <extensions>
          <ns3:TrackPointExtension>
            <ns3:hr>116</ns3:hr>
            <ns3:cad>75</ns3:cad>
          </ns3:TrackPointExtension>
        </extensions>
      </trkpt>
      <trkpt lat="46.5673241950571537017822265625" lon="23.67213011719286441802978515625">
        <ele>462.399993896484375</ele>
        <time>2024-06-09T10:03:55.000Z</time>
        <extensions>
          <ns3:TrackPointExtension>
            <ns3:hr>116</ns3:hr>
            <ns3:cad>77</ns3:cad>
          </ns3:TrackPointExtension>
        </extensions>
      </trkpt>
      <trkpt lat="46.567323021590709686279296875" lon="23.67212424986064434051513671875">
        <ele>462.79998779296875</ele>
        <time>2024-06-09T10:03:56.000Z</time>
        <extensions>
          <ns3:TrackPointExtension>
            <ns3:hr>117</ns3:hr>
            <ns3:cad>77</ns3:cad>
          </ns3:TrackPointExtension>
        </extensions>
      </trkpt>
      <trkpt lat="46.567335762083530426025390625" lon="23.67207295261323451995849609375">
        <ele>464</ele>
        <time>2024-06-09T10:04:01.000Z</time>
        <extensions>
          <ns3:TrackPointExtension>
            <ns3:hr>118</ns3:hr>
            <ns3:cad>72</ns3:cad>
          </ns3:TrackPointExtension>
        </extensions>
      </trkpt>
      <trkpt lat="46.56733416952192783355712890625" lon="23.67206758819520473480224609375">
        <ele>464.600006103515625</ele>
        <time>2024-06-09T10:04:03.000Z</time>
        <extensions>
          <ns3:TrackPointExtension>
            <ns3:hr>122</ns3:hr>
            <ns3:cad>72</ns3:cad>
          </ns3:TrackPointExtension>
        </extensions>
      </trkpt>
      <trkpt lat="46.56733475625514984130859375" lon="23.67206155322492122650146484375">
        <ele>465</ele>
        <time>2024-06-09T10:04:04.000Z</time>
        <extensions>
          <ns3:TrackPointExtension>
            <ns3:hr>124</ns3:hr>
            <ns3:cad>72</ns3:cad>
          </ns3:TrackPointExtension>
        </extensions>
      </trkpt>
      <trkpt lat="46.56733450479805469512939453125" lon="23.67205166257917881011962890625">
        <ele>465.20001220703125</ele>
        <time>2024-06-09T10:04:05.000Z</time>
        <extensions>
          <ns3:TrackPointExtension>
            <ns3:hr>124</ns3:hr>
            <ns3:cad>64</ns3:cad>
          </ns3:TrackPointExtension>
        </extensions>
      </trkpt>
      <trkpt lat="46.56735948286950588226318359375" lon="23.67198913358151912689208984375">
        <ele>466</ele>
        <time>2024-06-09T10:04:13.000Z</time>
        <extensions>
          <ns3:TrackPointExtension>
            <ns3:hr>127</ns3:hr>
            <ns3:cad>70</ns3:cad>
          </ns3:TrackPointExtension>
        </extensions>
      </trkpt>
      <trkpt lat="46.56736283563077449798583984375" lon="23.67197337560355663299560546875">
        <ele>466.20001220703125</ele>
        <time>2024-06-09T10:04:14.000Z</time>
        <extensions>
          <ns3:TrackPointExtension>
            <ns3:hr>128</ns3:hr>
            <ns3:cad>70</ns3:cad>
          </ns3:TrackPointExtension>
        </extensions>
      </trkpt>
      <trkpt lat="46.56736367382109165191650390625" lon="23.67195493541657924652099609375">
        <ele>467.600006103515625</ele>
        <time>2024-06-09T10:04:17.000Z</time>
        <extensions>
          <ns3:TrackPointExtension>
            <ns3:hr>130</ns3:hr>
            <ns3:cad>0</ns3:cad>
          </ns3:TrackPointExtension>
        </extensions>
      </trkpt>
      <trkpt lat="46.56739644706249237060546875" lon="23.6719032190740108489990234375">
        <ele>468</ele>
        <time>2024-06-09T10:04:25.000Z</time>
        <extensions>
          <ns3:TrackPointExtension>
            <ns3:hr>132</ns3:hr>
            <ns3:cad>0</ns3:cad>
          </ns3:TrackPointExtension>
        </extensions>
      </trkpt>
      <trkpt lat="46.56740692444145679473876953125" lon="23.6718718707561492919921875">
        <ele>468.399993896484375</ele>
        <time>2024-06-09T10:04:32.000Z</time>
        <extensions>
          <ns3:TrackPointExtension>
            <ns3:hr>132</ns3:hr>
            <ns3:cad>0</ns3:cad>
          </ns3:TrackPointExtension>
        </extensions>
      </trkpt>
      <trkpt lat="46.5674143843352794647216796875" lon="23.671919815242290496826171875">
        <ele>468</ele>
        <time>2024-06-09T10:04:39.000Z</time>
        <extensions>
          <ns3:TrackPointExtension>
            <ns3:hr>132</ns3:hr>
            <ns3:cad>0</ns3:cad>
          </ns3:TrackPointExtension>
        </extensions>
      </trkpt>
      <trkpt lat="46.5674261189997196197509765625" lon="23.67191202007234096527099609375">
        <ele>467.79998779296875</ele>
        <time>2024-06-09T10:04:47.000Z</time>
        <extensions>
          <ns3:TrackPointExtension>
            <ns3:hr>130</ns3:hr>
            <ns3:cad>0</ns3:cad>
          </ns3:TrackPointExtension>
        </extensions>
      </trkpt>
      <trkpt lat="46.56741782091557979583740234375" lon="23.67192056961357593536376953125">
        <ele>467.399993896484375</ele>
        <time>2024-06-09T10:04:52.000Z</time>
        <extensions>
          <ns3:TrackPointExtension>
            <ns3:hr>127</ns3:hr>
            <ns3:cad>0</ns3:cad>
          </ns3:TrackPointExtension>
        </extensions>
      </trkpt>
      <trkpt lat="46.56740524806082248687744140625" lon="23.6719139479100704193115234375">
        <ele>467.399993896484375</ele>
        <time>2024-06-09T10:04:58.000Z</time>
        <extensions>
          <ns3:TrackPointExtension>
            <ns3:hr>125</ns3:hr>
            <ns3:cad>0</ns3:cad>
          </ns3:TrackPointExtension>
        </extensions>
      </trkpt>
      <trkpt lat="46.56740725971758365631103515625" lon="23.67190430872142314910888671875">
        <ele>467.20001220703125</ele>
        <time>2024-06-09T10:05:01.000Z</time>
        <extensions>
          <ns3:TrackPointExtension>
            <ns3:hr>121</ns3:hr>
            <ns3:cad>0</ns3:cad>
          </ns3:TrackPointExtension>
        </extensions>
      </trkpt>
      <trkpt lat="46.567410863935947418212890625" lon="23.67190397344529628753662109375">
        <ele>467.20001220703125</ele>
        <time>2024-06-09T10:05:04.000Z</time>
        <extensions>
          <ns3:TrackPointExtension>
            <ns3:hr>119</ns3:hr>
            <ns3:cad>0</ns3:cad>
          </ns3:TrackPointExtension>
        </extensions>
      </trkpt>
      <trkpt lat="46.5674244426190853118896484375" lon="23.67188234813511371612548828125">
        <ele>466.600006103515625</ele>
        <time>2024-06-09T10:05:11.000Z</time>
        <extensions>
          <ns3:TrackPointExtension>
            <ns3:hr>118</ns3:hr>
            <ns3:cad>0</ns3:cad>
          </ns3:TrackPointExtension>
        </extensions>
      </trkpt>
      <trkpt lat="46.56742670573294162750244140625" lon="23.67187245748937129974365234375">
        <ele>466.600006103515625</ele>
        <time>2024-06-09T10:05:12.000Z</time>
        <extensions>
          <ns3:TrackPointExtension>
            <ns3:hr>118</ns3:hr>
            <ns3:cad>0</ns3:cad>
          </ns3:TrackPointExtension>
        </extensions>
      </trkpt>
      <trkpt lat="46.56742637045681476593017578125" lon="23.671828620135784149169921875">
        <ele>466</ele>
        <time>2024-06-09T10:05:18.000Z</time>
        <extensions>
          <ns3:TrackPointExtension>
            <ns3:hr>116</ns3:hr>
            <ns3:cad>0</ns3:cad>
          </ns3:TrackPointExtension>
        </extensions>
      </trkpt>
      <trkpt lat="46.5674274601042270660400390625" lon="23.67181562818586826324462890625">
        <ele>465.79998779296875</ele>
        <time>2024-06-09T10:05:20.000Z</time>
        <extensions>
          <ns3:TrackPointExtension>
            <ns3:hr>113</ns3:hr>
            <ns3:cad>0</ns3:cad>
          </ns3:TrackPointExtension>
        </extensions>
      </trkpt>
      <trkpt lat="46.567432992160320281982421875" lon="23.67178964428603649139404296875">
        <ele>465.399993896484375</ele>
        <time>2024-06-09T10:05:23.000Z</time>
        <extensions>
          <ns3:TrackPointExtension>
            <ns3:hr>112</ns3:hr>
            <ns3:cad>49</ns3:cad>
          </ns3:TrackPointExtension>
        </extensions>
      </trkpt>
      <trkpt lat="46.567434333264827728271484375" lon="23.67178562097251415252685546875">
        <ele>465.399993896484375</ele>
        <time>2024-06-09T10:05:24.000Z</time>
        <extensions>
          <ns3:TrackPointExtension>
            <ns3:hr>111</ns3:hr>
            <ns3:cad>0</ns3:cad>
          </ns3:TrackPointExtension>
        </extensions>
      </trkpt>
      <trkpt lat="46.5674422122538089752197265625" lon="23.67173734121024608612060546875">
        <ele>465.20001220703125</ele>
        <time>2024-06-09T10:05:31.000Z</time>
        <extensions>
          <ns3:TrackPointExtension>
            <ns3:hr>111</ns3:hr>
            <ns3:cad>0</ns3:cad>
          </ns3:TrackPointExtension>
        </extensions>
      </trkpt>
      <trkpt lat="46.56748353503644466400146484375" lon="23.67163675837218761444091796875">
        <ele>465.20001220703125</ele>
        <time>2024-06-09T10:05:39.000Z</time>
        <extensions>
          <ns3:TrackPointExtension>
            <ns3:hr>110</ns3:hr>
            <ns3:cad>52</ns3:cad>
          </ns3:TrackPointExtension>
        </extensions>
      </trkpt>
      <trkpt lat="46.567504405975341796875" lon="23.67157003842294216156005859375">
        <ele>466.399993896484375</ele>
        <time>2024-06-09T10:05:46.000Z</time>
        <extensions>
          <ns3:TrackPointExtension>
            <ns3:hr>109</ns3:hr>
            <ns3:cad>52</ns3:cad>
          </ns3:TrackPointExtension>
        </extensions>
      </trkpt>
      <trkpt lat="46.5675092674791812896728515625" lon="23.67155738174915313720703125">
        <ele>466.600006103515625</ele>
        <time>2024-06-09T10:05:47.000Z</time>
        <extensions>
          <ns3:TrackPointExtension>
            <ns3:hr>109</ns3:hr>
            <ns3:cad>0</ns3:cad>
          </ns3:TrackPointExtension>
        </extensions>
      </trkpt>
      <trkpt lat="46.56751991249620914459228515625" lon="23.6715253628790378570556640625">
        <ele>467.600006103515625</ele>
        <time>2024-06-09T10:05:51.000Z</time>
        <extensions>
          <ns3:TrackPointExtension>
            <ns3:hr>109</ns3:hr>
            <ns3:cad>43</ns3:cad>
          </ns3:TrackPointExtension>
        </extensions>
      </trkpt>
      <trkpt lat="46.5675451420247554779052734375" lon="23.671495020389556884765625">
        <ele>467.79998779296875</ele>
        <time>2024-06-09T10:05:54.000Z</time>
        <extensions>
          <ns3:TrackPointExtension>
            <ns3:hr>109</ns3:hr>
            <ns3:cad>43</ns3:cad>
          </ns3:TrackPointExtension>
        </extensions>
      </trkpt>
      <trkpt lat="46.56758596189320087432861328125" lon="23.67145202122628688812255859375">
        <ele>468.20001220703125</ele>
        <time>2024-06-09T10:05:58.000Z</time>
        <extensions>
          <ns3:TrackPointExtension>
            <ns3:hr>112</ns3:hr>
            <ns3:cad>76</ns3:cad>
          </ns3:TrackPointExtension>
        </extensions>
      </trkpt>
      <trkpt lat="46.56758688390254974365234375" lon="23.6714707128703594207763671875">
        <ele>468.20001220703125</ele>
        <time>2024-06-09T10:05:59.000Z</time>
        <extensions>
          <ns3:TrackPointExtension>
            <ns3:hr>114</ns3:hr>
            <ns3:cad>44</ns3:cad>
          </ns3:TrackPointExtension>
        </extensions>
      </trkpt>
      <trkpt lat="46.56759015284478664398193359375" lon="23.67148018442094326019287109375">
        <ele>468.20001220703125</ele>
        <time>2024-06-09T10:06:00.000Z</time>
        <extensions>
          <ns3:TrackPointExtension>
            <ns3:hr>116</ns3:hr>
            <ns3:cad>0</ns3:cad>
          </ns3:TrackPointExtension>
        </extensions>
      </trkpt>
      <trkpt lat="46.567600630223751068115234375" lon="23.6714814417064189910888671875">
        <ele>468.399993896484375</ele>
        <time>2024-06-09T10:06:02.000Z</time>
        <extensions>
          <ns3:TrackPointExtension>
            <ns3:hr>117</ns3:hr>
            <ns3:cad>0</ns3:cad>
          </ns3:TrackPointExtension>
        </extensions>
      </trkpt>
      <trkpt lat="46.56762636266648769378662109375" lon="23.67141815833747386932373046875">
        <ele>468.399993896484375</ele>
        <time>2024-06-09T10:06:07.000Z</time>
        <extensions>
          <ns3:TrackPointExtension>
            <ns3:hr>117</ns3:hr>
            <ns3:cad>51</ns3:cad>
          </ns3:TrackPointExtension>
        </extensions>
      </trkpt>
      <trkpt lat="46.567668356001377105712890625" lon="23.67132210172712802886962890625">
        <ele>468.399993896484375</ele>
        <time>2024-06-09T10:06:16.000Z</time>
        <extensions>
          <ns3:TrackPointExtension>
            <ns3:hr>117</ns3:hr>
            <ns3:cad>0</ns3:cad>
          </ns3:TrackPointExtension>
        </extensions>
      </trkpt>
      <trkpt lat="46.56771034933626651763916015625" lon="23.67124498821794986724853515625">
        <ele>468</ele>
        <time>2024-06-09T10:06:25.000Z</time>
        <extensions>
          <ns3:TrackPointExtension>
            <ns3:hr>116</ns3:hr>
            <ns3:cad>0</ns3:cad>
          </ns3:TrackPointExtension>
        </extensions>
      </trkpt>
      <trkpt lat="46.567727029323577880859375" lon="23.67117139510810375213623046875">
        <ele>467.79998779296875</ele>
        <time>2024-06-09T10:06:32.000Z</time>
        <extensions>
          <ns3:TrackPointExtension>
            <ns3:hr>113</ns3:hr>
            <ns3:cad>50</ns3:cad>
          </ns3:TrackPointExtension>
        </extensions>
      </trkpt>
      <trkpt lat="46.5677312202751636505126953125" lon="23.6711568944156169891357421875">
        <ele>467.79998779296875</ele>
        <time>2024-06-09T10:06:33.000Z</time>
        <extensions>
          <ns3:TrackPointExtension>
            <ns3:hr>113</ns3:hr>
            <ns3:cad>47</ns3:cad>
          </ns3:TrackPointExtension>
        </extensions>
      </trkpt>
      <trkpt lat="46.56774622388184070587158203125" lon="23.67109830491244792938232421875">
        <ele>467.79998779296875</ele>
        <time>2024-06-09T10:06:37.000Z</time>
        <extensions>
          <ns3:TrackPointExtension>
            <ns3:hr>110</ns3:hr>
            <ns3:cad>46</ns3:cad>
          </ns3:TrackPointExtension>
        </extensions>
      </trkpt>
      <trkpt lat="46.56778134405612945556640625" lon="23.6710472591221332550048828125">
        <ele>468.20001220703125</ele>
        <time>2024-06-09T10:06:42.000Z</time>
        <extensions>
          <ns3:TrackPointExtension>
            <ns3:hr>109</ns3:hr>
            <ns3:cad>42</ns3:cad>
          </ns3:TrackPointExtension>
        </extensions>
      </trkpt>
      <trkpt lat="46.56782886944711208343505859375" lon="23.67099411785602569580078125">
        <ele>468.600006103515625</ele>
        <time>2024-06-09T10:06:48.000Z</time>
        <extensions>
          <ns3:TrackPointExtension>
            <ns3:hr>109</ns3:hr>
            <ns3:cad>43</ns3:cad>
          </ns3:TrackPointExtension>
        </extensions>
      </trkpt>
      <trkpt lat="46.56784035265445709228515625" lon="23.6709802038967609405517578125">
        <ele>468.600006103515625</ele>
        <time>2024-06-09T10:06:49.000Z</time>
        <extensions>
          <ns3:TrackPointExtension>
            <ns3:hr>109</ns3:hr>
            <ns3:cad>43</ns3:cad>
          </ns3:TrackPointExtension>
        </extensions>
      </trkpt>
      <trkpt lat="46.5678767301142215728759765625" lon="23.67091440595686435699462890625">
        <ele>469.399993896484375</ele>
        <time>2024-06-09T10:06:55.000Z</time>
        <extensions>
          <ns3:TrackPointExtension>
            <ns3:hr>109</ns3:hr>
            <ns3:cad>45</ns3:cad>
          </ns3:TrackPointExtension>
        </extensions>
      </trkpt>
      <trkpt lat="46.56789802014827728271484375" lon="23.670883812010288238525390625">
        <ele>469.600006103515625</ele>
        <time>2024-06-09T10:06:58.000Z</time>
        <extensions>
          <ns3:TrackPointExtension>
            <ns3:hr>111</ns3:hr>
            <ns3:cad>42</ns3:cad>
          </ns3:TrackPointExtension>
        </extensions>
      </trkpt>
      <trkpt lat="46.5679188072681427001953125" lon="23.670859001576900482177734375">
        <ele>469.79998779296875</ele>
        <time>2024-06-09T10:07:01.000Z</time>
        <extensions>
          <ns3:TrackPointExtension>
            <ns3:hr>113</ns3:hr>
            <ns3:cad>46</ns3:cad>
          </ns3:TrackPointExtension>
        </extensions>
      </trkpt>
      <trkpt lat="46.56793917529284954071044921875" lon="23.67080477066338062286376953125">
        <ele>469.600006103515625</ele>
        <time>2024-06-09T10:07:07.000Z</time>
        <extensions>
          <ns3:TrackPointExtension>
            <ns3:hr>115</ns3:hr>
            <ns3:cad>43</ns3:cad>
          </ns3:TrackPointExtension>
        </extensions>
      </trkpt>
      <trkpt lat="46.56794856302440166473388671875" lon="23.67080342955887317657470703125">
        <ele>468.600006103515625</ele>
        <time>2024-06-09T10:07:12.000Z</time>
        <extensions>
          <ns3:TrackPointExtension>
            <ns3:hr>115</ns3:hr>
            <ns3:cad>0</ns3:cad>
          </ns3:TrackPointExtension>
        </extensions>
      </trkpt>
      <trkpt lat="46.56795375980436801910400390625" lon="23.67080778814852237701416015625">
        <ele>468.20001220703125</ele>
        <time>2024-06-09T10:07:15.000Z</time>
        <extensions>
          <ns3:TrackPointExtension>
            <ns3:hr>115</ns3:hr>
            <ns3:cad>0</ns3:cad>
          </ns3:TrackPointExtension>
        </extensions>
      </trkpt>
      <trkpt lat="46.567953340709209442138671875" lon="23.67080795578658580780029296875">
        <ele>468.20001220703125</ele>
        <time>2024-06-09T10:07:16.000Z</time>
        <extensions>
          <ns3:TrackPointExtension>
            <ns3:hr>115</ns3:hr>
            <ns3:cad>0</ns3:cad>
          </ns3:TrackPointExtension>
        </extensions>
      </trkpt>
      <trkpt lat="46.567927189171314239501953125" lon="23.6707726679742336273193359375">
        <ele>467.600006103515625</ele>
        <time>2024-06-09T10:07:20.000Z</time>
        <extensions>
          <ns3:TrackPointExtension>
            <ns3:hr>113</ns3:hr>
            <ns3:cad>0</ns3:cad>
          </ns3:TrackPointExtension>
        </extensions>
      </trkpt>
      <trkpt lat="46.5679280273616313934326171875" lon="23.670757077634334564208984375">
        <ele>467.399993896484375</ele>
        <time>2024-06-09T10:07:21.000Z</time>
        <extensions>
          <ns3:TrackPointExtension>
            <ns3:hr>113</ns3:hr>
            <ns3:cad>0</ns3:cad>
          </ns3:TrackPointExtension>
        </extensions>
      </trkpt>
      <trkpt lat="46.56794504262506961822509765625" lon="23.67069396190345287322998046875">
        <ele>466.600006103515625</ele>
        <time>2024-06-09T10:07:25.000Z</time>
        <extensions>
          <ns3:TrackPointExtension>
            <ns3:hr>111</ns3:hr>
            <ns3:cad>0</ns3:cad>
          </ns3:TrackPointExtension>
        </extensions>
      </trkpt>
      <trkpt lat="46.5679642371833324432373046875" lon="23.67066328413784503936767578125">
        <ele>466.20001220703125</ele>
        <time>2024-06-09T10:07:28.000Z</time>
        <extensions>
          <ns3:TrackPointExtension>
            <ns3:hr>111</ns3:hr>
            <ns3:cad>0</ns3:cad>
          </ns3:TrackPointExtension>
        </extensions>
      </trkpt>
      <trkpt lat="46.5679840184748172760009765625" lon="23.67063009180128574371337890625">
        <ele>466.399993896484375</ele>
        <time>2024-06-09T10:07:35.000Z</time>
        <extensions>
          <ns3:TrackPointExtension>
            <ns3:hr>113</ns3:hr>
            <ns3:cad>0</ns3:cad>
          </ns3:TrackPointExtension>
        </extensions>
      </trkpt>
      <trkpt lat="46.5680031292140483856201171875" lon="23.6706207878887653350830078125">
        <ele>466.20001220703125</ele>
        <time>2024-06-09T10:07:40.000Z</time>
        <extensions>
          <ns3:TrackPointExtension>
            <ns3:hr>110</ns3:hr>
            <ns3:cad>0</ns3:cad>
          </ns3:TrackPointExtension>
        </extensions>
      </trkpt>
      <trkpt lat="46.56800908036530017852783203125" lon="23.67061684839427471160888671875">
        <ele>465.79998779296875</ele>
        <time>2024-06-09T10:07:44.000Z</time>
        <extensions>
          <ns3:TrackPointExtension>
            <ns3:hr>109</ns3:hr>
            <ns3:cad>0</ns3:cad>
          </ns3:TrackPointExtension>
        </extensions>
      </trkpt>
      <trkpt lat="46.56801343895494937896728515625" lon="23.67061634548008441925048828125">
        <ele>465.399993896484375</ele>
        <time>2024-06-09T10:07:48.000Z</time>
        <extensions>
          <ns3:TrackPointExtension>
            <ns3:hr>112</ns3:hr>
            <ns3:cad>0</ns3:cad>
          </ns3:TrackPointExtension>
        </extensions>
      </trkpt>
      <trkpt lat="46.56802651472389698028564453125" lon="23.670605532824993133544921875">
        <ele>465</ele>
        <time>2024-06-09T10:07:52.000Z</time>
        <extensions>
          <ns3:TrackPointExtension>
            <ns3:hr>114</ns3:hr>
            <ns3:cad>0</ns3:cad>
          </ns3:TrackPointExtension>
        </extensions>
      </trkpt>
      <trkpt lat="46.56802969984710216522216796875" lon="23.670582063496112823486328125">
        <ele>465</ele>
        <time>2024-06-09T10:07:56.000Z</time>
        <extensions>
          <ns3:TrackPointExtension>
            <ns3:hr>117</ns3:hr>
            <ns3:cad>0</ns3:cad>
          </ns3:TrackPointExtension>
        </extensions>
      </trkpt>
      <trkpt lat="46.5680339746177196502685546875" lon="23.670575357973575592041015625">
        <ele>464.600006103515625</ele>
        <time>2024-06-09T10:07:59.000Z</time>
        <extensions>
          <ns3:TrackPointExtension>
            <ns3:hr>119</ns3:hr>
            <ns3:cad>0</ns3:cad>
          </ns3:TrackPointExtension>
        </extensions>
      </trkpt>
      <trkpt lat="46.568031795322895050048828125" lon="23.67059354670345783233642578125">
        <ele>464.600006103515625</ele>
        <time>2024-06-09T10:08:04.000Z</time>
        <extensions>
          <ns3:TrackPointExtension>
            <ns3:hr>119</ns3:hr>
            <ns3:cad>0</ns3:cad>
          </ns3:TrackPointExtension>
        </extensions>
      </trkpt>
      <trkpt lat="46.5680467151105403900146484375" lon="23.67055825889110565185546875">
        <ele>464.600006103515625</ele>
        <time>2024-06-09T10:08:09.000Z</time>
        <extensions>
          <ns3:TrackPointExtension>
            <ns3:hr>119</ns3:hr>
            <ns3:cad>47</ns3:cad>
          </ns3:TrackPointExtension>
        </extensions>
      </trkpt>
      <trkpt lat="46.56804881058633327484130859375" lon="23.6705688200891017913818359375">
        <ele>464.20001220703125</ele>
        <time>2024-06-09T10:08:13.000Z</time>
        <extensions>
          <ns3:TrackPointExtension>
            <ns3:hr>119</ns3:hr>
            <ns3:cad>0</ns3:cad>
          </ns3:TrackPointExtension>
        </extensions>
      </trkpt>
      <trkpt lat="46.56805166043341159820556640625" lon="23.67054224945604801177978515625">
        <ele>464.20001220703125</ele>
        <time>2024-06-09T10:08:15.000Z</time>
        <extensions>
          <ns3:TrackPointExtension>
            <ns3:hr>120</ns3:hr>
            <ns3:cad>0</ns3:cad>
          </ns3:TrackPointExtension>
        </extensions>
      </trkpt>
      <trkpt lat="46.56808334402740001678466796875" lon="23.67046295665204524993896484375">
        <ele>464</ele>
        <time>2024-06-09T10:08:21.000Z</time>
        <extensions>
          <ns3:TrackPointExtension>
            <ns3:hr>120</ns3:hr>
            <ns3:cad>0</ns3:cad>
          </ns3:TrackPointExtension>
        </extensions>
      </trkpt>
      <trkpt lat="46.56811117194592952728271484375" lon="23.67042171768844127655029296875">
        <ele>464.20001220703125</ele>
        <time>2024-06-09T10:08:26.000Z</time>
        <extensions>
          <ns3:TrackPointExtension>
            <ns3:hr>121</ns3:hr>
            <ns3:cad>0</ns3:cad>
          </ns3:TrackPointExtension>
        </extensions>
      </trkpt>
      <trkpt lat="46.56815576367080211639404296875" lon="23.670355416834354400634765625">
        <ele>465.20001220703125</ele>
        <time>2024-06-09T10:08:32.000Z</time>
        <extensions>
          <ns3:TrackPointExtension>
            <ns3:hr>123</ns3:hr>
            <ns3:cad>58</ns3:cad>
          </ns3:TrackPointExtension>
        </extensions>
      </trkpt>
      <trkpt lat="46.56816565431654453277587890625" lon="23.67033697664737701416015625">
        <ele>465.399993896484375</ele>
        <time>2024-06-09T10:08:34.000Z</time>
        <extensions>
          <ns3:TrackPointExtension>
            <ns3:hr>123</ns3:hr>
            <ns3:cad>46</ns3:cad>
          </ns3:TrackPointExtension>
        </extensions>
      </trkpt>
      <trkpt lat="46.56820219941437244415283203125" lon="23.67030152119696140289306640625">
        <ele>466.20001220703125</ele>
        <time>2024-06-09T10:08:40.000Z</time>
        <extensions>
          <ns3:TrackPointExtension>
            <ns3:hr>122</ns3:hr>
            <ns3:cad>0</ns3:cad>
          </ns3:TrackPointExtension>
        </extensions>
      </trkpt>
      <trkpt lat="46.5682381577789783477783203125" lon="23.6702570132911205291748046875">
        <ele>466.20001220703125</ele>
        <time>2024-06-09T10:08:46.000Z</time>
        <extensions>
          <ns3:TrackPointExtension>
            <ns3:hr>124</ns3:hr>
            <ns3:cad>0</ns3:cad>
          </ns3:TrackPointExtension>
        </extensions>
      </trkpt>
      <trkpt lat="46.56827981583774089813232421875" lon="23.67017596028745174407958984375">
        <ele>466.399993896484375</ele>
        <time>2024-06-09T10:08:53.000Z</time>
        <extensions>
          <ns3:TrackPointExtension>
            <ns3:hr>125</ns3:hr>
            <ns3:cad>50</ns3:cad>
          </ns3:TrackPointExtension>
        </extensions>
      </trkpt>
      <trkpt lat="46.5682964958250522613525390625" lon="23.6701376549899578094482421875">
        <ele>466.79998779296875</ele>
        <time>2024-06-09T10:08:56.000Z</time>
        <extensions>
          <ns3:TrackPointExtension>
            <ns3:hr>126</ns3:hr>
            <ns3:cad>43</ns3:cad>
          </ns3:TrackPointExtension>
        </extensions>
      </trkpt>
      <trkpt lat="46.568298004567623138427734375" lon="23.67011544294655323028564453125">
        <ele>467.79998779296875</ele>
        <time>2024-06-09T10:09:01.000Z</time>
        <extensions>
          <ns3:TrackPointExtension>
            <ns3:hr>128</ns3:hr>
            <ns3:cad>41</ns3:cad>
          </ns3:TrackPointExtension>
        </extensions>
      </trkpt>
      <trkpt lat="46.56830437481403350830078125" lon="23.67010974325239658355712890625">
        <ele>468</ele>
        <time>2024-06-09T10:09:03.000Z</time>
        <extensions>
          <ns3:TrackPointExtension>
            <ns3:hr>124</ns3:hr>
            <ns3:cad>0</ns3:cad>
          </ns3:TrackPointExtension>
        </extensions>
      </trkpt>
      <trkpt lat="46.56830596737563610076904296875" lon="23.670116029679775238037109375">
        <ele>468</ele>
        <time>2024-06-09T10:09:04.000Z</time>
        <extensions>
          <ns3:TrackPointExtension>
            <ns3:hr>118</ns3:hr>
            <ns3:cad>76</ns3:cad>
          </ns3:TrackPointExtension>
        </extensions>
      </trkpt>
      <trkpt lat="46.5683055482804775238037109375" lon="23.6701322905719280242919921875">
        <ele>468</ele>
        <time>2024-06-09T10:09:05.000Z</time>
        <extensions>
          <ns3:TrackPointExtension>
            <ns3:hr>118</ns3:hr>
            <ns3:cad>76</ns3:cad>
          </ns3:TrackPointExtension>
        </extensions>
      </trkpt>
      <trkpt lat="46.5683102421462535858154296875" lon="23.6701446957886219024658203125">
        <ele>468</ele>
        <time>2024-06-09T10:09:07.000Z</time>
        <extensions>
          <ns3:TrackPointExtension>
            <ns3:hr>117</ns3:hr>
            <ns3:cad>0</ns3:cad>
          </ns3:TrackPointExtension>
        </extensions>
      </trkpt>
      <trkpt lat="46.568318791687488555908203125" lon="23.670156933367252349853515625">
        <ele>467.600006103515625</ele>
        <time>2024-06-09T10:09:14.000Z</time>
        <extensions>
          <ns3:TrackPointExtension>
            <ns3:hr>115</ns3:hr>
            <ns3:cad>0</ns3:cad>
          </ns3:TrackPointExtension>
        </extensions>
      </trkpt>
      <trkpt lat="46.56830060295760631561279296875" lon="23.67006448097527027130126953125">
        <ele>467.20001220703125</ele>
        <time>2024-06-09T10:09:21.000Z</time>
        <extensions>
          <ns3:TrackPointExtension>
            <ns3:hr>116</ns3:hr>
            <ns3:cad>0</ns3:cad>
          </ns3:TrackPointExtension>
        </extensions>
      </trkpt>
      <trkpt lat="46.568315438926219940185546875" lon="23.66997127421200275421142578125">
        <ele>467.20001220703125</ele>
        <time>2024-06-09T10:09:26.000Z</time>
        <extensions>
          <ns3:TrackPointExtension>
            <ns3:hr>116</ns3:hr>
            <ns3:cad>0</ns3:cad>
          </ns3:TrackPointExtension>
        </extensions>
      </trkpt>
      <trkpt lat="46.5683648921549320220947265625" lon="23.669979572296142578125">
        <ele>467</ele>
        <time>2024-06-09T10:09:34.000Z</time>
        <extensions>
          <ns3:TrackPointExtension>
            <ns3:hr>114</ns3:hr>
            <ns3:cad>0</ns3:cad>
          </ns3:TrackPointExtension>
        </extensions>
      </trkpt>
      <trkpt lat="46.568357683718204498291015625" lon="23.66998569108545780181884765625">
        <ele>466.79998779296875</ele>
        <time>2024-06-09T10:09:39.000Z</time>
        <extensions>
          <ns3:TrackPointExtension>
            <ns3:hr>113</ns3:hr>
            <ns3:cad>0</ns3:cad>
          </ns3:TrackPointExtension>
        </extensions>
      </trkpt>
      <trkpt lat="46.568350307643413543701171875" lon="23.66997479461133480072021484375">
        <ele>466.79998779296875</ele>
        <time>2024-06-09T10:09:40.000Z</time>
        <extensions>
          <ns3:TrackPointExtension>
            <ns3:hr>113</ns3:hr>
            <ns3:cad>0</ns3:cad>
          </ns3:TrackPointExtension>
        </extensions>
      </trkpt>
      <trkpt lat="46.5683316998183727264404296875" lon="23.669957779347896575927734375">
        <ele>466.399993896484375</ele>
        <time>2024-06-09T10:09:46.000Z</time>
        <extensions>
          <ns3:TrackPointExtension>
            <ns3:hr>110</ns3:hr>
            <ns3:cad>0</ns3:cad>
          </ns3:TrackPointExtension>
        </extensions>
      </trkpt>
      <trkpt lat="46.568334214389324188232421875" lon="23.66996088065207004547119140625">
        <ele>466.20001220703125</ele>
        <time>2024-06-09T10:09:48.000Z</time>
        <extensions>
          <ns3:TrackPointExtension>
            <ns3:hr>106</ns3:hr>
            <ns3:cad>0</ns3:cad>
          </ns3:TrackPointExtension>
        </extensions>
      </trkpt>
      <trkpt lat="46.56833966262638568878173828125" lon="23.669959120452404022216796875">
        <ele>465.79998779296875</ele>
        <time>2024-06-09T10:09:54.000Z</time>
        <extensions>
          <ns3:TrackPointExtension>
            <ns3:hr>106</ns3:hr>
            <ns3:cad>0</ns3:cad>
          </ns3:TrackPointExtension>
        </extensions>
      </trkpt>
      <trkpt lat="46.56833647750318050384521484375" lon="23.66996037773787975311279296875">
        <ele>465.399993896484375</ele>
        <time>2024-06-09T10:09:58.000Z</time>
        <extensions>
          <ns3:TrackPointExtension>
            <ns3:hr>106</ns3:hr>
            <ns3:cad>0</ns3:cad>
          </ns3:TrackPointExtension>
        </extensions>
      </trkpt>
      <trkpt lat="46.5683759562671184539794921875" lon="23.66993020288646221160888671875">
        <ele>464.79998779296875</ele>
        <time>2024-06-09T10:10:05.000Z</time>
        <extensions>
          <ns3:TrackPointExtension>
            <ns3:hr>106</ns3:hr>
            <ns3:cad>0</ns3:cad>
          </ns3:TrackPointExtension>
        </extensions>
      </trkpt>
      <trkpt lat="46.568382494151592254638671875" lon="23.669918887317180633544921875">
        <ele>464.79998779296875</ele>
        <time>2024-06-09T10:10:06.000Z</time>
        <extensions>
          <ns3:TrackPointExtension>
            <ns3:hr>108</ns3:hr>
            <ns3:cad>0</ns3:cad>
          </ns3:TrackPointExtension>
        </extensions>
      </trkpt>
      <trkpt lat="46.56839112751185894012451171875" lon="23.6698821745812892913818359375">
        <ele>464.600006103515625</ele>
        <time>2024-06-09T10:10:11.000Z</time>
        <extensions>
          <ns3:TrackPointExtension>
            <ns3:hr>108</ns3:hr>
            <ns3:cad>0</ns3:cad>
          </ns3:TrackPointExtension>
        </extensions>
      </trkpt>
      <trkpt lat="46.5684364736080169677734375" lon="23.6698110960423946380615234375">
        <ele>464.600006103515625</ele>
        <time>2024-06-09T10:10:20.000Z</time>
        <extensions>
          <ns3:TrackPointExtension>
            <ns3:hr>106</ns3:hr>
            <ns3:cad>49</ns3:cad>
          </ns3:TrackPointExtension>
        </extensions>
      </trkpt>
      <trkpt lat="46.56846287660300731658935546875" lon="23.66974663920700550079345703125">
        <ele>464.399993896484375</ele>
        <time>2024-06-09T10:10:26.000Z</time>
        <extensions>
          <ns3:TrackPointExtension>
            <ns3:hr>106</ns3:hr>
            <ns3:cad>0</ns3:cad>
          </ns3:TrackPointExtension>
        </extensions>
      </trkpt>
      <trkpt lat="46.56849120743572711944580078125" lon="23.66966315545141696929931640625">
        <ele>464.79998779296875</ele>
        <time>2024-06-09T10:10:32.000Z</time>
        <extensions>
          <ns3:TrackPointExtension>
            <ns3:hr>108</ns3:hr>
            <ns3:cad>48</ns3:cad>
          </ns3:TrackPointExtension>
        </extensions>
      </trkpt>
      <trkpt lat="46.5685142576694488525390625" lon="23.66956106387078762054443359375">
        <ele>465</ele>
        <time>2024-06-09T10:10:37.000Z</time>
        <extensions>
          <ns3:TrackPointExtension>
            <ns3:hr>108</ns3:hr>
            <ns3:cad>48</ns3:cad>
          </ns3:TrackPointExtension>
        </extensions>
      </trkpt>
      <trkpt lat="46.56853345222771167755126953125" lon="23.669451512396335601806640625">
        <ele>465</ele>
        <time>2024-06-09T10:10:44.000Z</time>
        <extensions>
          <ns3:TrackPointExtension>
            <ns3:hr>106</ns3:hr>
            <ns3:cad>46</ns3:cad>
          </ns3:TrackPointExtension>
        </extensions>
      </trkpt>
      <trkpt lat="46.568565554916858673095703125" lon="23.66937297396361827850341796875">
        <ele>464.79998779296875</ele>
        <time>2024-06-09T10:10:51.000Z</time>
        <extensions>
          <ns3:TrackPointExtension>
            <ns3:hr>105</ns3:hr>
            <ns3:cad>46</ns3:cad>
          </ns3:TrackPointExtension>
        </extensions>
      </trkpt>
      <trkpt lat="46.56857217662036418914794921875" lon="23.669346235692501068115234375">
        <ele>464.600006103515625</ele>
        <time>2024-06-09T10:10:53.000Z</time>
        <extensions>
          <ns3:TrackPointExtension>
            <ns3:hr>108</ns3:hr>
            <ns3:cad>46</ns3:cad>
          </ns3:TrackPointExtension>
        </extensions>
      </trkpt>
      <trkpt lat="46.5685878507792949676513671875" lon="23.6692907474935054779052734375">
        <ele>464.600006103515625</ele>
        <time>2024-06-09T10:10:56.000Z</time>
        <extensions>
          <ns3:TrackPointExtension>
            <ns3:hr>109</ns3:hr>
            <ns3:cad>49</ns3:cad>
          </ns3:TrackPointExtension>
        </extensions>
      </trkpt>
      <trkpt lat="46.56860478222370147705078125" lon="23.66924808360636234283447265625">
        <ele>465</ele>
        <time>2024-06-09T10:10:59.000Z</time>
        <extensions>
          <ns3:TrackPointExtension>
            <ns3:hr>106</ns3:hr>
            <ns3:cad>49</ns3:cad>
          </ns3:TrackPointExtension>
        </extensions>
      </trkpt>
      <trkpt lat="46.56863017939031124114990234375" lon="23.6692111194133758544921875">
        <ele>465.399993896484375</ele>
        <time>2024-06-09T10:11:02.000Z</time>
        <extensions>
          <ns3:TrackPointExtension>
            <ns3:hr>106</ns3:hr>
            <ns3:cad>47</ns3:cad>
          </ns3:TrackPointExtension>
        </extensions>
      </trkpt>
      <trkpt lat="46.56865079887211322784423828125" lon="23.66918991319835186004638671875">
        <ele>465.399993896484375</ele>
        <time>2024-06-09T10:11:04.000Z</time>
        <extensions>
          <ns3:TrackPointExtension>
            <ns3:hr>106</ns3:hr>
            <ns3:cad>45</ns3:cad>
          </ns3:TrackPointExtension>
        </extensions>
      </trkpt>
      <trkpt lat="46.56868214718997478485107421875" lon="23.66917314939200878143310546875">
        <ele>465.79998779296875</ele>
        <time>2024-06-09T10:11:07.000Z</time>
        <extensions>
          <ns3:TrackPointExtension>
            <ns3:hr>106</ns3:hr>
            <ns3:cad>47</ns3:cad>
          </ns3:TrackPointExtension>
        </extensions>
      </trkpt>
      <trkpt lat="46.56869036145508289337158203125" lon="23.66916744969785213470458984375">
        <ele>466</ele>
        <time>2024-06-09T10:11:08.000Z</time>
        <extensions>
          <ns3:TrackPointExtension>
            <ns3:hr>105</ns3:hr>
            <ns3:cad>47</ns3:cad>
          </ns3:TrackPointExtension>
        </extensions>
      </trkpt>
      <trkpt lat="46.56874719075858592987060546875" lon="23.6691355146467685699462890625">
        <ele>467</ele>
        <time>2024-06-09T10:11:14.000Z</time>
        <extensions>
          <ns3:TrackPointExtension>
            <ns3:hr>106</ns3:hr>
            <ns3:cad>42</ns3:cad>
          </ns3:TrackPointExtension>
        </extensions>
      </trkpt>
      <trkpt lat="46.56876848079264163970947265625" lon="23.6691254563629627227783203125">
        <ele>467.20001220703125</ele>
        <time>2024-06-09T10:11:16.000Z</time>
        <extensions>
          <ns3:TrackPointExtension>
            <ns3:hr>106</ns3:hr>
            <ns3:cad>42</ns3:cad>
          </ns3:TrackPointExtension>
        </extensions>
      </trkpt>
      <trkpt lat="46.568806953728199005126953125" lon="23.66911129094660282135009765625">
        <ele>467.79998779296875</ele>
        <time>2024-06-09T10:11:20.000Z</time>
        <extensions>
          <ns3:TrackPointExtension>
            <ns3:hr>109</ns3:hr>
            <ns3:cad>45</ns3:cad>
          </ns3:TrackPointExtension>
        </extensions>
      </trkpt>
      <trkpt lat="46.5688141621649265289306640625" lon="23.66910525597631931304931640625">
        <ele>468.20001220703125</ele>
        <time>2024-06-09T10:11:22.000Z</time>
        <extensions>
          <ns3:TrackPointExtension>
            <ns3:hr>109</ns3:hr>
            <ns3:cad>44</ns3:cad>
          </ns3:TrackPointExtension>
        </extensions>
      </trkpt>
      <trkpt lat="46.56886554323136806488037109375" lon="23.669079355895519256591796875">
        <ele>469</ele>
        <time>2024-06-09T10:11:28.000Z</time>
        <extensions>
          <ns3:TrackPointExtension>
            <ns3:hr>110</ns3:hr>
            <ns3:cad>77</ns3:cad>
          </ns3:TrackPointExtension>
        </extensions>
      </trkpt>
      <trkpt lat="46.5689066983759403228759765625" lon="23.66905848495662212371826171875">
        <ele>469.20001220703125</ele>
        <time>2024-06-09T10:11:31.000Z</time>
        <extensions>
          <ns3:TrackPointExtension>
            <ns3:hr>110</ns3:hr>
            <ns3:cad>42</ns3:cad>
          </ns3:TrackPointExtension>
        </extensions>
      </trkpt>
      <trkpt lat="46.56893427483737468719482421875" lon="23.66904415190219879150390625">
        <ele>469.20001220703125</ele>
        <time>2024-06-09T10:11:33.000Z</time>
        <extensions>
          <ns3:TrackPointExtension>
            <ns3:hr>110</ns3:hr>
            <ns3:cad>44</ns3:cad>
          </ns3:TrackPointExtension>
        </extensions>
      </trkpt>
      <trkpt lat="46.5689965523779392242431640625" lon="23.66899746470153331756591796875">
        <ele>469</ele>
        <time>2024-06-09T10:11:39.000Z</time>
        <extensions>
          <ns3:TrackPointExtension>
            <ns3:hr>113</ns3:hr>
            <ns3:cad>49</ns3:cad>
          </ns3:TrackPointExtension>
        </extensions>
      </trkpt>
      <trkpt lat="46.56901557929813861846923828125" lon="23.6689548008143901824951171875">
        <ele>469</ele>
        <time>2024-06-09T10:11:43.000Z</time>
        <extensions>
          <ns3:TrackPointExtension>
            <ns3:hr>113</ns3:hr>
            <ns3:cad>50</ns3:cad>
          </ns3:TrackPointExtension>
        </extensions>
      </trkpt>
      <trkpt lat="46.56900702975690364837646484375" lon="23.668944574892520904541015625">
        <ele>468.600006103515625</ele>
        <time>2024-06-09T10:11:46.000Z</time>
        <extensions>
          <ns3:TrackPointExtension>
            <ns3:hr>111</ns3:hr>
            <ns3:cad>0</ns3:cad>
          </ns3:TrackPointExtension>
        </extensions>
      </trkpt>
      <trkpt lat="46.56902345828711986541748046875" lon="23.668936528265476226806640625">
        <ele>468.399993896484375</ele>
        <time>2024-06-09T10:11:48.000Z</time>
        <extensions>
          <ns3:TrackPointExtension>
            <ns3:hr>111</ns3:hr>
            <ns3:cad>0</ns3:cad>
          </ns3:TrackPointExtension>
        </extensions>
      </trkpt>
      <trkpt lat="46.56905748881399631500244140625" lon="23.66892957128584384918212890625">
        <ele>468.20001220703125</ele>
        <time>2024-06-09T10:11:51.000Z</time>
        <extensions>
          <ns3:TrackPointExtension>
            <ns3:hr>110</ns3:hr>
            <ns3:cad>0</ns3:cad>
          </ns3:TrackPointExtension>
        </extensions>
      </trkpt>
      <trkpt lat="46.56911515630781650543212890625" lon="23.6689028330147266387939453125">
        <ele>468.20001220703125</ele>
        <time>2024-06-09T10:11:56.000Z</time>
        <extensions>
          <ns3:TrackPointExtension>
            <ns3:hr>109</ns3:hr>
            <ns3:cad>47</ns3:cad>
          </ns3:TrackPointExtension>
        </extensions>
      </trkpt>
      <trkpt lat="46.569164693355560302734375" lon="23.668872825801372528076171875">
        <ele>468.20001220703125</ele>
        <time>2024-06-09T10:12:03.000Z</time>
        <extensions>
          <ns3:TrackPointExtension>
            <ns3:hr>108</ns3:hr>
            <ns3:cad>0</ns3:cad>
          </ns3:TrackPointExtension>
        </extensions>
      </trkpt>
      <trkpt lat="46.569175757467746734619140625" lon="23.668874166905879974365234375">
        <ele>468.399993896484375</ele>
        <time>2024-06-09T10:12:12.000Z</time>
        <extensions>
          <ns3:TrackPointExtension>
            <ns3:hr>107</ns3:hr>
            <ns3:cad>0</ns3:cad>
          </ns3:TrackPointExtension>
        </extensions>
      </trkpt>
      <trkpt lat="46.56919964589178562164306640625" lon="23.66888682357966899871826171875">
        <ele>467.79998779296875</ele>
        <time>2024-06-09T10:12:19.000Z</time>
        <extensions>
          <ns3:TrackPointExtension>
            <ns3:hr>108</ns3:hr>
            <ns3:cad>0</ns3:cad>
          </ns3:TrackPointExtension>
        </extensions>
      </trkpt>
      <trkpt lat="46.5692500211298465728759765625" lon="23.66889621131122112274169921875">
        <ele>468.20001220703125</ele>
        <time>2024-06-09T10:12:26.000Z</time>
        <extensions>
          <ns3:TrackPointExtension>
            <ns3:hr>108</ns3:hr>
            <ns3:cad>77</ns3:cad>
          </ns3:TrackPointExtension>
        </extensions>
      </trkpt>
      <trkpt lat="46.5693210996687412261962890625" lon="23.6688786931335926055908203125">
        <ele>468.79998779296875</ele>
        <time>2024-06-09T10:12:32.000Z</time>
        <extensions>
          <ns3:TrackPointExtension>
            <ns3:hr>107</ns3:hr>
            <ns3:cad>0</ns3:cad>
          </ns3:TrackPointExtension>
        </extensions>
      </trkpt>
      <trkpt lat="46.56938220374286174774169921875" lon="23.66884960792958736419677734375">
        <ele>469</ele>
        <time>2024-06-09T10:12:38.000Z</time>
        <extensions>
          <ns3:TrackPointExtension>
            <ns3:hr>105</ns3:hr>
            <ns3:cad>44</ns3:cad>
          </ns3:TrackPointExtension>
        </extensions>
      </trkpt>
      <trkpt lat="46.56944791786372661590576171875" lon="23.6688153259456157684326171875">
        <ele>469.20001220703125</ele>
        <time>2024-06-09T10:12:44.000Z</time>
        <extensions>
          <ns3:TrackPointExtension>
            <ns3:hr>103</ns3:hr>
            <ns3:cad>47</ns3:cad>
          </ns3:TrackPointExtension>
        </extensions>
      </trkpt>
      <trkpt lat="46.56945881433784961700439453125" lon="23.66880786605179309844970703125">
        <ele>469.399993896484375</ele>
        <time>2024-06-09T10:12:45.000Z</time>
        <extensions>
          <ns3:TrackPointExtension>
            <ns3:hr>103</ns3:hr>
            <ns3:cad>47</ns3:cad>
          </ns3:TrackPointExtension>
        </extensions>
      </trkpt>
      <trkpt lat="46.5695138834416866302490234375" lon="23.6687811277806758880615234375">
        <ele>469.79998779296875</ele>
        <time>2024-06-09T10:12:50.000Z</time>
        <extensions>
          <ns3:TrackPointExtension>
            <ns3:hr>106</ns3:hr>
            <ns3:cad>46</ns3:cad>
          </ns3:TrackPointExtension>
        </extensions>
      </trkpt>
      <trkpt lat="46.56956459395587444305419921875" lon="23.66875355131924152374267578125">
        <ele>470</ele>
        <time>2024-06-09T10:12:55.000Z</time>
        <extensions>
          <ns3:TrackPointExtension>
            <ns3:hr>108</ns3:hr>
            <ns3:cad>46</ns3:cad>
          </ns3:TrackPointExtension>
        </extensions>
      </trkpt>
      <trkpt lat="46.56962293200194835662841796875" lon="23.6687234602868556976318359375">
        <ele>469.600006103515625</ele>
        <time>2024-06-09T10:13:01.000Z</time>
        <extensions>
          <ns3:TrackPointExtension>
            <ns3:hr>111</ns3:hr>
            <ns3:cad>46</ns3:cad>
          </ns3:TrackPointExtension>
        </extensions>
      </trkpt>
      <trkpt lat="46.5696842037141323089599609375" lon="23.66866721771657466888427734375">
        <ele>469.600006103515625</ele>
        <time>2024-06-09T10:13:07.000Z</time>
        <extensions>
          <ns3:TrackPointExtension>
            <ns3:hr>110</ns3:hr>
            <ns3:cad>48</ns3:cad>
          </ns3:TrackPointExtension>
        </extensions>
      </trkpt>
      <trkpt lat="46.56975687481462955474853515625" lon="23.66860938258469104766845703125">
        <ele>470.399993896484375</ele>
        <time>2024-06-09T10:13:14.000Z</time>
        <extensions>
          <ns3:TrackPointExtension>
            <ns3:hr>112</ns3:hr>
            <ns3:cad>47</ns3:cad>
          </ns3:TrackPointExtension>
        </extensions>
      </trkpt>
      <trkpt lat="46.569765843451023101806640625" lon="23.66859798319637775421142578125">
        <ele>470.399993896484375</ele>
        <time>2024-06-09T10:13:15.000Z</time>
        <extensions>
          <ns3:TrackPointExtension>
            <ns3:hr>112</ns3:hr>
            <ns3:cad>47</ns3:cad>
          </ns3:TrackPointExtension>
        </extensions>
      </trkpt>
      <trkpt lat="46.569830887019634246826171875" lon="23.6685276590287685394287109375">
        <ele>469.79998779296875</ele>
        <time>2024-06-09T10:13:25.000Z</time>
        <extensions>
          <ns3:TrackPointExtension>
            <ns3:hr>110</ns3:hr>
            <ns3:cad>42</ns3:cad>
          </ns3:TrackPointExtension>
        </extensions>
      </trkpt>
      <trkpt lat="46.56985024921596050262451171875" lon="23.668514750897884368896484375">
        <ele>469.600006103515625</ele>
        <time>2024-06-09T10:13:28.000Z</time>
        <extensions>
          <ns3:TrackPointExtension>
            <ns3:hr>106</ns3:hr>
            <ns3:cad>0</ns3:cad>
          </ns3:TrackPointExtension>
        </extensions>
      </trkpt>
      <trkpt lat="46.569867096841335296630859375" lon="23.66850544698536396026611328125">
        <ele>469.20001220703125</ele>
        <time>2024-06-09T10:13:30.000Z</time>
        <extensions>
          <ns3:TrackPointExtension>
            <ns3:hr>104</ns3:hr>
            <ns3:cad>75</ns3:cad>
          </ns3:TrackPointExtension>
        </extensions>
      </trkpt>
      <trkpt lat="46.56988360919058322906494140625" lon="23.66849538870155811309814453125">
        <ele>468.79998779296875</ele>
        <time>2024-06-09T10:13:32.000Z</time>
        <extensions>
          <ns3:TrackPointExtension>
            <ns3:hr>103</ns3:hr>
            <ns3:cad>75</ns3:cad>
          </ns3:TrackPointExtension>
        </extensions>
      </trkpt>
      <trkpt lat="46.5699232555925846099853515625" lon="23.668455742299556732177734375">
        <ele>468.399993896484375</ele>
        <time>2024-06-09T10:13:39.000Z</time>
        <extensions>
          <ns3:TrackPointExtension>
            <ns3:hr>103</ns3:hr>
            <ns3:cad>78</ns3:cad>
          </ns3:TrackPointExtension>
        </extensions>
      </trkpt>
      <trkpt lat="46.569935493171215057373046875" lon="23.66845364682376384735107421875">
        <ele>468.600006103515625</ele>
        <time>2024-06-09T10:13:46.000Z</time>
        <extensions>
          <ns3:TrackPointExtension>
            <ns3:hr>102</ns3:hr>
            <ns3:cad>0</ns3:cad>
          </ns3:TrackPointExtension>
        </extensions>
      </trkpt>
      <trkpt lat="46.5699752233922481536865234375" lon="23.6684230528771877288818359375">
        <ele>468</ele>
        <time>2024-06-09T10:13:51.000Z</time>
        <extensions>
          <ns3:TrackPointExtension>
            <ns3:hr>102</ns3:hr>
            <ns3:cad>0</ns3:cad>
          </ns3:TrackPointExtension>
        </extensions>
      </trkpt>
      <trkpt lat="46.56998000107705593109130859375" lon="23.6684186942875385284423828125">
        <ele>467.79998779296875</ele>
        <time>2024-06-09T10:13:52.000Z</time>
        <extensions>
          <ns3:TrackPointExtension>
            <ns3:hr>102</ns3:hr>
            <ns3:cad>0</ns3:cad>
          </ns3:TrackPointExtension>
        </extensions>
      </trkpt>
      <trkpt lat="46.5700134448707103729248046875" lon="23.6683878488838672637939453125">
        <ele>467.399993896484375</ele>
        <time>2024-06-09T10:13:56.000Z</time>
        <extensions>
          <ns3:TrackPointExtension>
            <ns3:hr>105</ns3:hr>
            <ns3:cad>42</ns3:cad>
          </ns3:TrackPointExtension>
        </extensions>
      </trkpt>
      <trkpt lat="46.57004638575017452239990234375" lon="23.66836681030690670013427734375">
        <ele>467.399993896484375</ele>
        <time>2024-06-09T10:13:59.000Z</time>
        <extensions>
          <ns3:TrackPointExtension>
            <ns3:hr>105</ns3:hr>
            <ns3:cad>43</ns3:cad>
          </ns3:TrackPointExtension>
        </extensions>
      </trkpt>
      <trkpt lat="46.5701089985668659210205078125" lon="23.6683331988751888275146484375">
        <ele>467.399993896484375</ele>
        <time>2024-06-09T10:14:05.000Z</time>
        <extensions>
          <ns3:TrackPointExtension>
            <ns3:hr>104</ns3:hr>
            <ns3:cad>46</ns3:cad>
          </ns3:TrackPointExtension>
        </extensions>
      </trkpt>
      <trkpt lat="46.57017764635384082794189453125" lon="23.6682855896651744842529296875">
        <ele>468</ele>
        <time>2024-06-09T10:14:11.000Z</time>
        <extensions>
          <ns3:TrackPointExtension>
            <ns3:hr>103</ns3:hr>
            <ns3:cad>48</ns3:cad>
          </ns3:TrackPointExtension>
        </extensions>
      </trkpt>
      <trkpt lat="46.57024118117988109588623046875" lon="23.66820889525115489959716796875">
        <ele>468.600006103515625</ele>
        <time>2024-06-09T10:14:19.000Z</time>
        <extensions>
          <ns3:TrackPointExtension>
            <ns3:hr>102</ns3:hr>
            <ns3:cad>47</ns3:cad>
          </ns3:TrackPointExtension>
        </extensions>
      </trkpt>
      <trkpt lat="46.57031603157520294189453125" lon="23.66815759800374507904052734375">
        <ele>469</ele>
        <time>2024-06-09T10:14:27.000Z</time>
        <extensions>
          <ns3:TrackPointExtension>
            <ns3:hr>100</ns3:hr>
            <ns3:cad>47</ns3:cad>
          </ns3:TrackPointExtension>
        </extensions>
      </trkpt>
      <trkpt lat="46.570380069315433502197265625" lon="23.668083250522613525390625">
        <ele>468.600006103515625</ele>
        <time>2024-06-09T10:14:34.000Z</time>
        <extensions>
          <ns3:TrackPointExtension>
            <ns3:hr>101</ns3:hr>
            <ns3:cad>48</ns3:cad>
          </ns3:TrackPointExtension>
        </extensions>
      </trkpt>
      <trkpt lat="46.5703990124166011810302734375" lon="23.66807813756167888641357421875">
        <ele>468.399993896484375</ele>
        <time>2024-06-09T10:14:39.000Z</time>
        <extensions>
          <ns3:TrackPointExtension>
            <ns3:hr>100</ns3:hr>
            <ns3:cad>0</ns3:cad>
          </ns3:TrackPointExtension>
        </extensions>
      </trkpt>
      <trkpt lat="46.57042792998254299163818359375" lon="23.6680244095623493194580078125">
        <ele>468.79998779296875</ele>
        <time>2024-06-09T10:14:45.000Z</time>
        <extensions>
          <ns3:TrackPointExtension>
            <ns3:hr>100</ns3:hr>
            <ns3:cad>0</ns3:cad>
          </ns3:TrackPointExtension>
        </extensions>
      </trkpt>
      <trkpt lat="46.570456512272357940673828125" lon="23.667996414005756378173828125">
        <ele>469.20001220703125</ele>
        <time>2024-06-09T10:14:48.000Z</time>
        <extensions>
          <ns3:TrackPointExtension>
            <ns3:hr>99</ns3:hr>
            <ns3:cad>0</ns3:cad>
          </ns3:TrackPointExtension>
        </extensions>
      </trkpt>
      <trkpt lat="46.57046615146100521087646484375" lon="23.66799565963447093963623046875">
        <ele>469.399993896484375</ele>
        <time>2024-06-09T10:14:50.000Z</time>
        <extensions>
          <ns3:TrackPointExtension>
            <ns3:hr>99</ns3:hr>
            <ns3:cad>46</ns3:cad>
          </ns3:TrackPointExtension>
        </extensions>
      </trkpt>
      <trkpt lat="46.57052214257419109344482421875" lon="23.6679580248892307281494140625">
        <ele>469.399993896484375</ele>
        <time>2024-06-09T10:14:56.000Z</time>
        <extensions>
          <ns3:TrackPointExtension>
            <ns3:hr>97</ns3:hr>
            <ns3:cad>47</ns3:cad>
          </ns3:TrackPointExtension>
        </extensions>
      </trkpt>
      <trkpt lat="46.5705575980246067047119140625" lon="23.66786557249724864959716796875">
        <ele>469.600006103515625</ele>
        <time>2024-06-09T10:15:02.000Z</time>
        <extensions>
          <ns3:TrackPointExtension>
            <ns3:hr>97</ns3:hr>
            <ns3:cad>48</ns3:cad>
          </ns3:TrackPointExtension>
        </extensions>
      </trkpt>
      <trkpt lat="46.57059959135949611663818359375" lon="23.66779633797705173492431640625">
        <ele>470.399993896484375</ele>
        <time>2024-06-09T10:15:08.000Z</time>
        <extensions>
          <ns3:TrackPointExtension>
            <ns3:hr>98</ns3:hr>
            <ns3:cad>45</ns3:cad>
          </ns3:TrackPointExtension>
        </extensions>
      </trkpt>
      <trkpt lat="46.57060579396784305572509765625" lon="23.6677836813032627105712890625">
        <ele>470.399993896484375</ele>
        <time>2024-06-09T10:15:09.000Z</time>
        <extensions>
          <ns3:TrackPointExtension>
            <ns3:hr>99</ns3:hr>
            <ns3:cad>45</ns3:cad>
          </ns3:TrackPointExtension>
        </extensions>
      </trkpt>
      <trkpt lat="46.57065910287201404571533203125" lon="23.66769575513899326324462890625">
        <ele>470.399993896484375</ele>
        <time>2024-06-09T10:15:16.000Z</time>
        <extensions>
          <ns3:TrackPointExtension>
            <ns3:hr>100</ns3:hr>
            <ns3:cad>46</ns3:cad>
          </ns3:TrackPointExtension>
        </extensions>
      </trkpt>
      <trkpt lat="46.57067201100289821624755859375" lon="23.667663149535655975341796875">
        <ele>470.399993896484375</ele>
        <time>2024-06-09T10:15:20.000Z</time>
        <extensions>
          <ns3:TrackPointExtension>
            <ns3:hr>97</ns3:hr>
            <ns3:cad>49</ns3:cad>
          </ns3:TrackPointExtension>
        </extensions>
      </trkpt>
      <trkpt lat="46.57068626023828983306884765625" lon="23.6676261015236377716064453125">
        <ele>470.20001220703125</ele>
        <time>2024-06-09T10:15:23.000Z</time>
        <extensions>
          <ns3:TrackPointExtension>
            <ns3:hr>96</ns3:hr>
            <ns3:cad>47</ns3:cad>
          </ns3:TrackPointExtension>
        </extensions>
      </trkpt>
      <trkpt lat="46.5706987492740154266357421875" lon="23.66758771240711212158203125">
        <ele>470.600006103515625</ele>
        <time>2024-06-09T10:15:29.000Z</time>
        <extensions>
          <ns3:TrackPointExtension>
            <ns3:hr>97</ns3:hr>
            <ns3:cad>0</ns3:cad>
          </ns3:TrackPointExtension>
        </extensions>
      </trkpt>
      <trkpt lat="46.57070503570139408111572265625" lon="23.667587377130985260009765625">
        <ele>469.600006103515625</ele>
        <time>2024-06-09T10:15:39.000Z</time>
        <extensions>
          <ns3:TrackPointExtension>
            <ns3:hr>100</ns3:hr>
            <ns3:cad>0</ns3:cad>
          </ns3:TrackPointExtension>
        </extensions>
      </trkpt>
      <trkpt lat="46.5707021020352840423583984375" lon="23.667597435414791107177734375">
        <ele>469.20001220703125</ele>
        <time>2024-06-09T10:15:43.000Z</time>
        <extensions>
          <ns3:TrackPointExtension>
            <ns3:hr>102</ns3:hr>
            <ns3:cad>0</ns3:cad>
          </ns3:TrackPointExtension>
        </extensions>
      </trkpt>
      <trkpt lat="46.57069615088403224945068359375" lon="23.66761562414467334747314453125">
        <ele>469</ele>
        <time>2024-06-09T10:15:45.000Z</time>
        <extensions>
          <ns3:TrackPointExtension>
            <ns3:hr>102</ns3:hr>
            <ns3:cad>0</ns3:cad>
          </ns3:TrackPointExtension>
        </extensions>
      </trkpt>
      <trkpt lat="46.570699922740459442138671875" lon="23.667612187564373016357421875">
        <ele>468.20001220703125</ele>
        <time>2024-06-09T10:15:50.000Z</time>
        <extensions>
          <ns3:TrackPointExtension>
            <ns3:hr>101</ns3:hr>
            <ns3:cad>0</ns3:cad>
          </ns3:TrackPointExtension>
        </extensions>
      </trkpt>
      <trkpt lat="46.57071559689939022064208984375" lon="23.667578995227813720703125">
        <ele>467.79998779296875</ele>
        <time>2024-06-09T10:15:53.000Z</time>
        <extensions>
          <ns3:TrackPointExtension>
            <ns3:hr>102</ns3:hr>
            <ns3:cad>0</ns3:cad>
          </ns3:TrackPointExtension>
        </extensions>
      </trkpt>
      <trkpt lat="46.570754908025264739990234375" lon="23.66748310625553131103515625">
        <ele>467.20001220703125</ele>
        <time>2024-06-09T10:15:59.000Z</time>
        <extensions>
          <ns3:TrackPointExtension>
            <ns3:hr>102</ns3:hr>
            <ns3:cad>47</ns3:cad>
          </ns3:TrackPointExtension>
        </extensions>
      </trkpt>
      <trkpt lat="46.5707715041935443878173828125" lon="23.66746692918241024017333984375">
        <ele>467.20001220703125</ele>
        <time>2024-06-09T10:16:01.000Z</time>
        <extensions>
          <ns3:TrackPointExtension>
            <ns3:hr>102</ns3:hr>
            <ns3:cad>49</ns3:cad>
          </ns3:TrackPointExtension>
        </extensions>
      </trkpt>
      <trkpt lat="46.57080880366265773773193359375" lon="23.66741496138274669647216796875">
        <ele>467.20001220703125</ele>
        <time>2024-06-09T10:16:06.000Z</time>
        <extensions>
          <ns3:TrackPointExtension>
            <ns3:hr>101</ns3:hr>
            <ns3:cad>48</ns3:cad>
          </ns3:TrackPointExtension>
        </extensions>
      </trkpt>
      <trkpt lat="46.57087384723126888275146484375" lon="23.667321838438510894775390625">
        <ele>468</ele>
        <time>2024-06-09T10:16:13.000Z</time>
        <extensions>
          <ns3:TrackPointExtension>
            <ns3:hr>100</ns3:hr>
            <ns3:cad>50</ns3:cad>
          </ns3:TrackPointExtension>
        </extensions>
      </trkpt>
      <trkpt lat="46.57088189385831356048583984375" lon="23.66730733774602413177490234375">
        <ele>468.20001220703125</ele>
        <time>2024-06-09T10:16:14.000Z</time>
        <extensions>
          <ns3:TrackPointExtension>
            <ns3:hr>99</ns3:hr>
            <ns3:cad>50</ns3:cad>
          </ns3:TrackPointExtension>
        </extensions>
      </trkpt>
      <trkpt lat="46.5709502063691616058349609375" lon="23.66726358421146869659423828125">
        <ele>468.600006103515625</ele>
        <time>2024-06-09T10:16:20.000Z</time>
        <extensions>
          <ns3:TrackPointExtension>
            <ns3:hr>99</ns3:hr>
            <ns3:cad>50</ns3:cad>
          </ns3:TrackPointExtension>
        </extensions>
      </trkpt>
      <trkpt lat="46.57102757133543491363525390625" lon="23.6672180704772472381591796875">
        <ele>468.600006103515625</ele>
        <time>2024-06-09T10:16:27.000Z</time>
        <extensions>
          <ns3:TrackPointExtension>
            <ns3:hr>101</ns3:hr>
            <ns3:cad>47</ns3:cad>
          </ns3:TrackPointExtension>
        </extensions>
      </trkpt>
      <trkpt lat="46.57104684971272945404052734375" lon="23.66719787009060382843017578125">
        <ele>469</ele>
        <time>2024-06-09T10:16:31.000Z</time>
        <extensions>
          <ns3:TrackPointExtension>
            <ns3:hr>102</ns3:hr>
            <ns3:cad>48</ns3:cad>
          </ns3:TrackPointExtension>
        </extensions>
      </trkpt>
      <trkpt lat="46.57104550860822200775146484375" lon="23.667188398540019989013671875">
        <ele>469</ele>
        <time>2024-06-09T10:16:32.000Z</time>
        <extensions>
          <ns3:TrackPointExtension>
            <ns3:hr>103</ns3:hr>
            <ns3:cad>48</ns3:cad>
          </ns3:TrackPointExtension>
        </extensions>
      </trkpt>
      <trkpt lat="46.571017764508724212646484375" lon="23.66707029752433300018310546875">
        <ele>468</ele>
        <time>2024-06-09T10:16:40.000Z</time>
        <extensions>
          <ns3:TrackPointExtension>
            <ns3:hr>103</ns3:hr>
            <ns3:cad>45</ns3:cad>
          </ns3:TrackPointExtension>
        </extensions>
      </trkpt>
      <trkpt lat="46.5709934569895267486572265625" lon="23.66702151484787464141845703125">
        <ele>467.399993896484375</ele>
        <time>2024-06-09T10:16:47.000Z</time>
        <extensions>
          <ns3:TrackPointExtension>
            <ns3:hr>103</ns3:hr>
            <ns3:cad>0</ns3:cad>
          </ns3:TrackPointExtension>
        </extensions>
      </trkpt>
      <trkpt lat="46.570992954075336456298828125" lon="23.66700106300413608551025390625">
        <ele>467.20001220703125</ele>
        <time>2024-06-09T10:16:50.000Z</time>
        <extensions>
          <ns3:TrackPointExtension>
            <ns3:hr>103</ns3:hr>
            <ns3:cad>0</ns3:cad>
          </ns3:TrackPointExtension>
        </extensions>
      </trkpt>
      <trkpt lat="46.57100577838718891143798828125" lon="23.667005002498626708984375">
        <ele>467.20001220703125</ele>
        <time>2024-06-09T10:16:57.000Z</time>
        <extensions>
          <ns3:TrackPointExtension>
            <ns3:hr>102</ns3:hr>
            <ns3:cad>0</ns3:cad>
          </ns3:TrackPointExtension>
        </extensions>
      </trkpt>
      <trkpt lat="46.57099069096148014068603515625" lon="23.66700357757508754730224609375">
        <ele>466.399993896484375</ele>
        <time>2024-06-09T10:17:08.000Z</time>
        <extensions>
          <ns3:TrackPointExtension>
            <ns3:hr>101</ns3:hr>
            <ns3:cad>0</ns3:cad>
          </ns3:TrackPointExtension>
        </extensions>
      </trkpt>
      <trkpt lat="46.57098524272441864013671875" lon="23.66700164973735809326171875">
        <ele>466.20001220703125</ele>
        <time>2024-06-09T10:17:14.000Z</time>
        <extensions>
          <ns3:TrackPointExtension>
            <ns3:hr>101</ns3:hr>
            <ns3:cad>0</ns3:cad>
          </ns3:TrackPointExtension>
        </extensions>
      </trkpt>
      <trkpt lat="46.57099219970405101776123046875" lon="23.66698798723518848419189453125">
        <ele>466.20001220703125</ele>
        <time>2024-06-09T10:17:19.000Z</time>
        <extensions>
          <ns3:TrackPointExtension>
            <ns3:hr>102</ns3:hr>
            <ns3:cad>0</ns3:cad>
          </ns3:TrackPointExtension>
        </extensions>
      </trkpt>
      <trkpt lat="46.5710006654262542724609375" lon="23.667003996670246124267578125">
        <ele>466.20001220703125</ele>
        <time>2024-06-09T10:17:26.000Z</time>
        <extensions>
          <ns3:TrackPointExtension>
            <ns3:hr>105</ns3:hr>
            <ns3:cad>0</ns3:cad>
          </ns3:TrackPointExtension>
        </extensions>
      </trkpt>
      <trkpt lat="46.57100410200655460357666015625" lon="23.66699771024286746978759765625">
        <ele>466.20001220703125</ele>
        <time>2024-06-09T10:17:29.000Z</time>
        <extensions>
          <ns3:TrackPointExtension>
            <ns3:hr>105</ns3:hr>
            <ns3:cad>0</ns3:cad>
          </ns3:TrackPointExtension>
        </extensions>
      </trkpt>
      <trkpt lat="46.57099999487400054931640625" lon="23.66700022481381893157958984375">
        <ele>465.79998779296875</ele>
        <time>2024-06-09T10:17:40.000Z</time>
        <extensions>
          <ns3:TrackPointExtension>
            <ns3:hr>108</ns3:hr>
            <ns3:cad>0</ns3:cad>
          </ns3:TrackPointExtension>
        </extensions>
      </trkpt>
      <trkpt lat="46.5709941275417804718017578125" lon="23.66700860671699047088623046875">
        <ele>465.20001220703125</ele>
        <time>2024-06-09T10:17:51.000Z</time>
        <extensions>
          <ns3:TrackPointExtension>
            <ns3:hr>108</ns3:hr>
            <ns3:cad>0</ns3:cad>
          </ns3:TrackPointExtension>
        </extensions>
      </trkpt>
      <trkpt lat="46.570993624627590179443359375" lon="23.6670095287263393402099609375">
        <ele>465.20001220703125</ele>
        <time>2024-06-09T10:17:52.000Z</time>
        <extensions>
          <ns3:TrackPointExtension>
            <ns3:hr>107</ns3:hr>
            <ns3:cad>0</ns3:cad>
          </ns3:TrackPointExtension>
        </extensions>
      </trkpt>
      <trkpt lat="46.570992283523082733154296875" lon="23.6670189164578914642333984375">
        <ele>464.79998779296875</ele>
        <time>2024-06-09T10:18:02.000Z</time>
        <extensions>
          <ns3:TrackPointExtension>
            <ns3:hr>105</ns3:hr>
            <ns3:cad>0</ns3:cad>
          </ns3:TrackPointExtension>
        </extensions>
      </trkpt>
      <trkpt lat="46.57098800875246524810791015625" lon="23.6670105345547199249267578125">
        <ele>465.20001220703125</ele>
        <time>2024-06-09T10:18:10.000Z</time>
        <extensions>
          <ns3:TrackPointExtension>
            <ns3:hr>104</ns3:hr>
            <ns3:cad>0</ns3:cad>
          </ns3:TrackPointExtension>
        </extensions>
      </trkpt>
      <trkpt lat="46.57100695185363292694091796875" lon="23.66700374521315097808837890625">
        <ele>465.600006103515625</ele>
        <time>2024-06-09T10:18:13.000Z</time>
        <extensions>
          <ns3:TrackPointExtension>
            <ns3:hr>103</ns3:hr>
            <ns3:cad>0</ns3:cad>
          </ns3:TrackPointExtension>
        </extensions>
      </trkpt>
    </trkseg>
  </trk>
</gpx>
