<?xml version="1.0" encoding="UTF-8"?>
<gpx creator="Garmin Connect" version="1.1"
  xsi:schemaLocation="http://www.topografix.com/GPX/1/1 http://www.topografix.com/GPX/11.xsd"
  xmlns:ns3="http://www.garmin.com/xmlschemas/TrackPointExtension/v1"
  xmlns="http://www.topografix.com/GPX/1/1"
  xmlns:xsi="http://www.w3.org/2001/XMLSchema-instance" xmlns:ns2="http://www.garmin.com/xmlschemas/GpxExtensions/v3">
  <metadata>
    <link href="connect.garmin.com">
      <text>Garmin Connect</text>
    </link>
    <time>2024-11-10T10:24:22.000Z</time>
  </metadata>
  <trk>
    <name>Salciua Hiking</name>
    <type>hiking</type>
    <trkseg>
      <trkpt lat="46.40332832001149654388427734375" lon="23.446299768984317779541015625">
        <ele>434</ele>
        <time>2024-11-10T10:24:27.000Z</time>
        <extensions>
          <ns3:TrackPointExtension>
            <ns3:hr>84</ns3:hr>
            <ns3:cad>46</ns3:cad>
          </ns3:TrackPointExtension>
        </extensions>
      </trkpt>
      <trkpt lat="46.4033654518425464630126953125" lon="23.446392975747585296630859375">
        <ele>434.600006103515625</ele>
        <time>2024-11-10T10:24:33.000Z</time>
        <extensions>
          <ns3:TrackPointExtension>
            <ns3:hr>82</ns3:hr>
            <ns3:cad>41</ns3:cad>
          </ns3:TrackPointExtension>
        </extensions>
      </trkpt>
      <trkpt lat="46.40339068137109279632568359375" lon="23.4464655630290508270263671875">
        <ele>434.79998779296875</ele>
        <time>2024-11-10T10:24:40.000Z</time>
        <extensions>
          <ns3:TrackPointExtension>
            <ns3:hr>83</ns3:hr>
            <ns3:cad>45</ns3:cad>
          </ns3:TrackPointExtension>
        </extensions>
      </trkpt>
      <trkpt lat="46.40339386649429798126220703125" lon="23.446510992944240570068359375">
        <ele>435.20001220703125</ele>
        <time>2024-11-10T10:24:43.000Z</time>
        <extensions>
          <ns3:TrackPointExtension>
            <ns3:hr>85</ns3:hr>
            <ns3:cad>46</ns3:cad>
          </ns3:TrackPointExtension>
        </extensions>
      </trkpt>
      <trkpt lat="46.40340677462518215179443359375" lon="23.4465587697923183441162109375">
        <ele>435.600006103515625</ele>
        <time>2024-11-10T10:24:48.000Z</time>
        <extensions>
          <ns3:TrackPointExtension>
            <ns3:hr>86</ns3:hr>
            <ns3:cad>0</ns3:cad>
          </ns3:TrackPointExtension>
        </extensions>
      </trkpt>
      <trkpt lat="46.40340618789196014404296875" lon="23.44658031128346920013427734375">
        <ele>435.79998779296875</ele>
        <time>2024-11-10T10:24:50.000Z</time>
        <extensions>
          <ns3:TrackPointExtension>
            <ns3:hr>91</ns3:hr>
            <ns3:cad>0</ns3:cad>
          </ns3:TrackPointExtension>
        </extensions>
      </trkpt>
      <trkpt lat="46.4034087024629116058349609375" lon="23.4466023556888103485107421875">
        <ele>436</ele>
        <time>2024-11-10T10:24:52.000Z</time>
        <extensions>
          <ns3:TrackPointExtension>
            <ns3:hr>94</ns3:hr>
            <ns3:cad>0</ns3:cad>
          </ns3:TrackPointExtension>
        </extensions>
      </trkpt>
      <trkpt lat="46.40340945683419704437255859375" lon="23.4466154314577579498291015625">
        <ele>436.20001220703125</ele>
        <time>2024-11-10T10:24:53.000Z</time>
        <extensions>
          <ns3:TrackPointExtension>
            <ns3:hr>94</ns3:hr>
            <ns3:cad>0</ns3:cad>
          </ns3:TrackPointExtension>
        </extensions>
      </trkpt>
      <trkpt lat="46.40340610407292842864990234375" lon="23.44664636068046092987060546875">
        <ele>436.399993896484375</ele>
        <time>2024-11-10T10:24:55.000Z</time>
        <extensions>
          <ns3:TrackPointExtension>
            <ns3:hr>93</ns3:hr>
            <ns3:cad>0</ns3:cad>
          </ns3:TrackPointExtension>
        </extensions>
      </trkpt>
      <trkpt lat="46.40338607132434844970703125" lon="23.44670645892620086669921875">
        <ele>437.399993896484375</ele>
        <time>2024-11-10T10:25:01.000Z</time>
        <extensions>
          <ns3:TrackPointExtension>
            <ns3:hr>95</ns3:hr>
            <ns3:cad>43</ns3:cad>
          </ns3:TrackPointExtension>
        </extensions>
      </trkpt>
      <trkpt lat="46.4033838920295238494873046875" lon="23.44672833569347858428955078125">
        <ele>437.79998779296875</ele>
        <time>2024-11-10T10:25:04.000Z</time>
        <extensions>
          <ns3:TrackPointExtension>
            <ns3:hr>98</ns3:hr>
            <ns3:cad>43</ns3:cad>
          </ns3:TrackPointExtension>
        </extensions>
      </trkpt>
      <trkpt lat="46.4033644460141658782958984375" lon="23.44678097404539585113525390625">
        <ele>438.399993896484375</ele>
        <time>2024-11-10T10:25:08.000Z</time>
        <extensions>
          <ns3:TrackPointExtension>
            <ns3:hr>100</ns3:hr>
            <ns3:cad>42</ns3:cad>
          </ns3:TrackPointExtension>
        </extensions>
      </trkpt>
      <trkpt lat="46.40333267860114574432373046875" lon="23.44682841561734676361083984375">
        <ele>439.20001220703125</ele>
        <time>2024-11-10T10:25:14.000Z</time>
        <extensions>
          <ns3:TrackPointExtension>
            <ns3:hr>100</ns3:hr>
            <ns3:cad>44</ns3:cad>
          </ns3:TrackPointExtension>
        </extensions>
      </trkpt>
      <trkpt lat="46.40332563780248165130615234375" lon="23.4468387253582477569580078125">
        <ele>439.399993896484375</ele>
        <time>2024-11-10T10:25:15.000Z</time>
        <extensions>
          <ns3:TrackPointExtension>
            <ns3:hr>100</ns3:hr>
            <ns3:cad>43</ns3:cad>
          </ns3:TrackPointExtension>
        </extensions>
      </trkpt>
      <trkpt lat="46.40332396142184734344482421875" lon="23.4468984045088291168212890625">
        <ele>440.399993896484375</ele>
        <time>2024-11-10T10:25:21.000Z</time>
        <extensions>
          <ns3:TrackPointExtension>
            <ns3:hr>103</ns3:hr>
            <ns3:cad>43</ns3:cad>
          </ns3:TrackPointExtension>
        </extensions>
      </trkpt>
      <trkpt lat="46.40332614071667194366455078125" lon="23.44690703786909580230712890625">
        <ele>440.399993896484375</ele>
        <time>2024-11-10T10:25:22.000Z</time>
        <extensions>
          <ns3:TrackPointExtension>
            <ns3:hr>105</ns3:hr>
            <ns3:cad>43</ns3:cad>
          </ns3:TrackPointExtension>
        </extensions>
      </trkpt>
      <trkpt lat="46.403349526226520538330078125" lon="23.44694492407143115997314453125">
        <ele>441.20001220703125</ele>
        <time>2024-11-10T10:25:25.000Z</time>
        <extensions>
          <ns3:TrackPointExtension>
            <ns3:hr>108</ns3:hr>
            <ns3:cad>42</ns3:cad>
          </ns3:TrackPointExtension>
        </extensions>
      </trkpt>
      <trkpt lat="46.40338338911533355712890625" lon="23.44697191379964351654052734375">
        <ele>441.399993896484375</ele>
        <time>2024-11-10T10:25:28.000Z</time>
        <extensions>
          <ns3:TrackPointExtension>
            <ns3:hr>110</ns3:hr>
            <ns3:cad>41</ns3:cad>
          </ns3:TrackPointExtension>
        </extensions>
      </trkpt>
      <trkpt lat="46.4034013263881206512451171875" lon="23.44697576947510242462158203125">
        <ele>441.79998779296875</ele>
        <time>2024-11-10T10:25:30.000Z</time>
        <extensions>
          <ns3:TrackPointExtension>
            <ns3:hr>110</ns3:hr>
            <ns3:cad>42</ns3:cad>
          </ns3:TrackPointExtension>
        </extensions>
      </trkpt>
      <trkpt lat="46.40343242324888706207275390625" lon="23.44697057269513607025146484375">
        <ele>442.600006103515625</ele>
        <time>2024-11-10T10:25:35.000Z</time>
        <extensions>
          <ns3:TrackPointExtension>
            <ns3:hr>111</ns3:hr>
            <ns3:cad>41</ns3:cad>
          </ns3:TrackPointExtension>
        </extensions>
      </trkpt>
      <trkpt lat="46.40346863307058811187744140625" lon="23.44695112667977809906005859375">
        <ele>443.20001220703125</ele>
        <time>2024-11-10T10:25:39.000Z</time>
        <extensions>
          <ns3:TrackPointExtension>
            <ns3:hr>110</ns3:hr>
            <ns3:cad>41</ns3:cad>
          </ns3:TrackPointExtension>
        </extensions>
      </trkpt>
      <trkpt lat="46.403491683304309844970703125" lon="23.446935117244720458984375">
        <ele>443.79998779296875</ele>
        <time>2024-11-10T10:25:42.000Z</time>
        <extensions>
          <ns3:TrackPointExtension>
            <ns3:hr>110</ns3:hr>
            <ns3:cad>41</ns3:cad>
          </ns3:TrackPointExtension>
        </extensions>
      </trkpt>
      <trkpt lat="46.40352286398410797119140625" lon="23.44692648388445377349853515625">
        <ele>444.600006103515625</ele>
        <time>2024-11-10T10:25:49.000Z</time>
        <extensions>
          <ns3:TrackPointExtension>
            <ns3:hr>109</ns3:hr>
            <ns3:cad>0</ns3:cad>
          </ns3:TrackPointExtension>
        </extensions>
      </trkpt>
      <trkpt lat="46.40352730639278888702392578125" lon="23.446925394237041473388671875">
        <ele>444.79998779296875</ele>
        <time>2024-11-10T10:25:50.000Z</time>
        <extensions>
          <ns3:TrackPointExtension>
            <ns3:hr>109</ns3:hr>
            <ns3:cad>0</ns3:cad>
          </ns3:TrackPointExtension>
        </extensions>
      </trkpt>
      <trkpt lat="46.40351892448961734771728515625" lon="23.44694106839597225189208984375">
        <ele>445.20001220703125</ele>
        <time>2024-11-10T10:25:56.000Z</time>
        <extensions>
          <ns3:TrackPointExtension>
            <ns3:hr>106</ns3:hr>
            <ns3:cad>0</ns3:cad>
          </ns3:TrackPointExtension>
        </extensions>
      </trkpt>
      <trkpt lat="46.40351892448961734771728515625" lon="23.4469490312039852142333984375">
        <ele>445.20001220703125</ele>
        <time>2024-11-10T10:25:57.000Z</time>
        <extensions>
          <ns3:TrackPointExtension>
            <ns3:hr>106</ns3:hr>
            <ns3:cad>0</ns3:cad>
          </ns3:TrackPointExtension>
        </extensions>
      </trkpt>
      <trkpt lat="46.40353987924754619598388671875" lon="23.44701197929680347442626953125">
        <ele>445.20001220703125</ele>
        <time>2024-11-10T10:26:05.000Z</time>
        <extensions>
          <ns3:TrackPointExtension>
            <ns3:hr>105</ns3:hr>
            <ns3:cad>41</ns3:cad>
          </ns3:TrackPointExtension>
        </extensions>
      </trkpt>
      <trkpt lat="46.40354893170297145843505859375" lon="23.44706713221967220306396484375">
        <ele>445.79998779296875</ele>
        <time>2024-11-10T10:26:10.000Z</time>
        <extensions>
          <ns3:TrackPointExtension>
            <ns3:hr>104</ns3:hr>
            <ns3:cad>77</ns3:cad>
          </ns3:TrackPointExtension>
        </extensions>
      </trkpt>
      <trkpt lat="46.40355178155004978179931640625" lon="23.4470955468714237213134765625">
        <ele>446.600006103515625</ele>
        <time>2024-11-10T10:26:14.000Z</time>
        <extensions>
          <ns3:TrackPointExtension>
            <ns3:hr>104</ns3:hr>
            <ns3:cad>77</ns3:cad>
          </ns3:TrackPointExtension>
        </extensions>
      </trkpt>
      <trkpt lat="46.40355027280747890472412109375" lon="23.44710853882133960723876953125">
        <ele>446.79998779296875</ele>
        <time>2024-11-10T10:26:16.000Z</time>
        <extensions>
          <ns3:TrackPointExtension>
            <ns3:hr>104</ns3:hr>
            <ns3:cad>75</ns3:cad>
          </ns3:TrackPointExtension>
        </extensions>
      </trkpt>
      <trkpt lat="46.4035595767199993133544921875" lon="23.4471672959625720977783203125">
        <ele>448</ele>
        <time>2024-11-10T10:26:22.000Z</time>
        <extensions>
          <ns3:TrackPointExtension>
            <ns3:hr>105</ns3:hr>
            <ns3:cad>0</ns3:cad>
          </ns3:TrackPointExtension>
        </extensions>
      </trkpt>
      <trkpt lat="46.40354876406490802764892578125" lon="23.44718280248343944549560546875">
        <ele>448.399993896484375</ele>
        <time>2024-11-10T10:26:25.000Z</time>
        <extensions>
          <ns3:TrackPointExtension>
            <ns3:hr>108</ns3:hr>
            <ns3:cad>78</ns3:cad>
          </ns3:TrackPointExtension>
        </extensions>
      </trkpt>
      <trkpt lat="46.4035397954285144805908203125" lon="23.44722404144704341888427734375">
        <ele>449</ele>
        <time>2024-11-10T10:26:29.000Z</time>
        <extensions>
          <ns3:TrackPointExtension>
            <ns3:hr>109</ns3:hr>
            <ns3:cad>75</ns3:cad>
          </ns3:TrackPointExtension>
        </extensions>
      </trkpt>
      <trkpt lat="46.40353568829596042633056640625" lon="23.4472628496587276458740234375">
        <ele>450</ele>
        <time>2024-11-10T10:26:37.000Z</time>
        <extensions>
          <ns3:TrackPointExtension>
            <ns3:hr>110</ns3:hr>
            <ns3:cad>0</ns3:cad>
          </ns3:TrackPointExtension>
        </extensions>
      </trkpt>
      <trkpt lat="46.40353401191532611846923828125" lon="23.4472631849348545074462890625">
        <ele>450</ele>
        <time>2024-11-10T10:26:38.000Z</time>
        <extensions>
          <ns3:TrackPointExtension>
            <ns3:hr>110</ns3:hr>
            <ns3:cad>0</ns3:cad>
          </ns3:TrackPointExtension>
        </extensions>
      </trkpt>
      <trkpt lat="46.40353367663919925689697265625" lon="23.44728455878794193267822265625">
        <ele>450.399993896484375</ele>
        <time>2024-11-10T10:26:48.000Z</time>
        <extensions>
          <ns3:TrackPointExtension>
            <ns3:hr>110</ns3:hr>
            <ns3:cad>0</ns3:cad>
          </ns3:TrackPointExtension>
        </extensions>
      </trkpt>
      <trkpt lat="46.4035324193537235260009765625" lon="23.44727885909378528594970703125">
        <ele>450.399993896484375</ele>
        <time>2024-11-10T10:26:50.000Z</time>
        <extensions>
          <ns3:TrackPointExtension>
            <ns3:hr>106</ns3:hr>
            <ns3:cad>0</ns3:cad>
          </ns3:TrackPointExtension>
        </extensions>
      </trkpt>
      <trkpt lat="46.40351858921349048614501953125" lon="23.447264023125171661376953125">
        <ele>450.399993896484375</ele>
        <time>2024-11-10T10:26:59.000Z</time>
        <extensions>
          <ns3:TrackPointExtension>
            <ns3:hr>104</ns3:hr>
            <ns3:cad>0</ns3:cad>
          </ns3:TrackPointExtension>
        </extensions>
      </trkpt>
      <trkpt lat="46.40352244488894939422607421875" lon="23.44725706614553928375244140625">
        <ele>450.399993896484375</ele>
        <time>2024-11-10T10:27:02.000Z</time>
        <extensions>
          <ns3:TrackPointExtension>
            <ns3:hr>99</ns3:hr>
            <ns3:cad>0</ns3:cad>
          </ns3:TrackPointExtension>
        </extensions>
      </trkpt>
      <trkpt lat="46.40352663584053516387939453125" lon="23.44727500341832637786865234375">
        <ele>450.399993896484375</ele>
        <time>2024-11-10T10:27:04.000Z</time>
        <extensions>
          <ns3:TrackPointExtension>
            <ns3:hr>95</ns3:hr>
            <ns3:cad>0</ns3:cad>
          </ns3:TrackPointExtension>
        </extensions>
      </trkpt>
      <trkpt lat="46.40352395363152027130126953125" lon="23.4472983889281749725341796875">
        <ele>450.79998779296875</ele>
        <time>2024-11-10T10:27:07.000Z</time>
        <extensions>
          <ns3:TrackPointExtension>
            <ns3:hr>90</ns3:hr>
            <ns3:cad>0</ns3:cad>
          </ns3:TrackPointExtension>
        </extensions>
      </trkpt>
      <trkpt lat="46.40352395363152027130126953125" lon="23.4472983889281749725341796875">
        <ele>450.79998779296875</ele>
        <time>2024-11-10T10:27:08.000Z</time>
        <extensions>
          <ns3:TrackPointExtension>
            <ns3:hr>89</ns3:hr>
            <ns3:cad>0</ns3:cad>
          </ns3:TrackPointExtension>
        </extensions>
      </trkpt>
      <trkpt lat="46.40351557172834873199462890625" lon="23.44732278026640415191650390625">
        <ele>451.20001220703125</ele>
        <time>2024-11-10T10:27:12.000Z</time>
        <extensions>
          <ns3:TrackPointExtension>
            <ns3:hr>88</ns3:hr>
            <ns3:cad>41</ns3:cad>
          </ns3:TrackPointExtension>
        </extensions>
      </trkpt>
      <trkpt lat="46.40350341796875" lon="23.447350524365901947021484375">
        <ele>451.79998779296875</ele>
        <time>2024-11-10T10:27:15.000Z</time>
        <extensions>
          <ns3:TrackPointExtension>
            <ns3:hr>92</ns3:hr>
            <ns3:cad>76</ns3:cad>
          </ns3:TrackPointExtension>
        </extensions>
      </trkpt>
      <trkpt lat="46.40350182540714740753173828125" lon="23.4473661147058010101318359375">
        <ele>451.79998779296875</ele>
        <time>2024-11-10T10:27:16.000Z</time>
        <extensions>
          <ns3:TrackPointExtension>
            <ns3:hr>95</ns3:hr>
            <ns3:cad>0</ns3:cad>
          </ns3:TrackPointExtension>
        </extensions>
      </trkpt>
      <trkpt lat="46.40349813736975193023681640625" lon="23.44738245941698551177978515625">
        <ele>452.20001220703125</ele>
        <time>2024-11-10T10:27:18.000Z</time>
        <extensions>
          <ns3:TrackPointExtension>
            <ns3:hr>95</ns3:hr>
            <ns3:cad>0</ns3:cad>
          </ns3:TrackPointExtension>
        </extensions>
      </trkpt>
      <trkpt lat="46.4034985564649105072021484375" lon="23.4473885782063007354736328125">
        <ele>452.399993896484375</ele>
        <time>2024-11-10T10:27:19.000Z</time>
        <extensions>
          <ns3:TrackPointExtension>
            <ns3:hr>96</ns3:hr>
            <ns3:cad>0</ns3:cad>
          </ns3:TrackPointExtension>
        </extensions>
      </trkpt>
      <trkpt lat="46.4034988917410373687744140625" lon="23.447385393083095550537109375">
        <ele>452.79998779296875</ele>
        <time>2024-11-10T10:27:25.000Z</time>
        <extensions>
          <ns3:TrackPointExtension>
            <ns3:hr>97</ns3:hr>
            <ns3:cad>0</ns3:cad>
          </ns3:TrackPointExtension>
        </extensions>
      </trkpt>
      <trkpt lat="46.40349738299846649169921875" lon="23.4474301524460315704345703125">
        <ele>453</ele>
        <time>2024-11-10T10:27:33.000Z</time>
        <extensions>
          <ns3:TrackPointExtension>
            <ns3:hr>94</ns3:hr>
            <ns3:cad>0</ns3:cad>
          </ns3:TrackPointExtension>
        </extensions>
      </trkpt>
      <trkpt lat="46.40349729917943477630615234375" lon="23.4474381990730762481689453125">
        <ele>453</ele>
        <time>2024-11-10T10:27:34.000Z</time>
        <extensions>
          <ns3:TrackPointExtension>
            <ns3:hr>93</ns3:hr>
            <ns3:cad>0</ns3:cad>
          </ns3:TrackPointExtension>
        </extensions>
      </trkpt>
      <trkpt lat="46.403497718274593353271484375" lon="23.4474412165582180023193359375">
        <ele>453.399993896484375</ele>
        <time>2024-11-10T10:27:37.000Z</time>
        <extensions>
          <ns3:TrackPointExtension>
            <ns3:hr>93</ns3:hr>
            <ns3:cad>0</ns3:cad>
          </ns3:TrackPointExtension>
        </extensions>
      </trkpt>
      <trkpt lat="46.4035032503306865692138671875" lon="23.4474365226924419403076171875">
        <ele>453.79998779296875</ele>
        <time>2024-11-10T10:27:43.000Z</time>
        <extensions>
          <ns3:TrackPointExtension>
            <ns3:hr>93</ns3:hr>
            <ns3:cad>0</ns3:cad>
          </ns3:TrackPointExtension>
        </extensions>
      </trkpt>
      <trkpt lat="46.40350199304521083831787109375" lon="23.44748740084469318389892578125">
        <ele>454.600006103515625</ele>
        <time>2024-11-10T10:27:54.000Z</time>
        <extensions>
          <ns3:TrackPointExtension>
            <ns3:hr>92</ns3:hr>
            <ns3:cad>0</ns3:cad>
          </ns3:TrackPointExtension>
        </extensions>
      </trkpt>
      <trkpt lat="46.40350199304521083831787109375" lon="23.44751338474452495574951171875">
        <ele>455</ele>
        <time>2024-11-10T10:28:03.000Z</time>
        <extensions>
          <ns3:TrackPointExtension>
            <ns3:hr>94</ns3:hr>
            <ns3:cad>0</ns3:cad>
          </ns3:TrackPointExtension>
        </extensions>
      </trkpt>
      <trkpt lat="46.403516493737697601318359375" lon="23.4475816972553730010986328125">
        <ele>455.600006103515625</ele>
        <time>2024-11-10T10:28:11.000Z</time>
        <extensions>
          <ns3:TrackPointExtension>
            <ns3:hr>94</ns3:hr>
            <ns3:cad>71</ns3:cad>
          </ns3:TrackPointExtension>
        </extensions>
      </trkpt>
      <trkpt lat="46.40351640991866588592529296875" lon="23.44763441942632198333740234375">
        <ele>456.20001220703125</ele>
        <time>2024-11-10T10:28:17.000Z</time>
        <extensions>
          <ns3:TrackPointExtension>
            <ns3:hr>91</ns3:hr>
            <ns3:cad>73</ns3:cad>
          </ns3:TrackPointExtension>
        </extensions>
      </trkpt>
      <trkpt lat="46.40351272188127040863037109375" lon="23.44764950685203075408935546875">
        <ele>456.399993896484375</ele>
        <time>2024-11-10T10:28:19.000Z</time>
        <extensions>
          <ns3:TrackPointExtension>
            <ns3:hr>88</ns3:hr>
            <ns3:cad>73</ns3:cad>
          </ns3:TrackPointExtension>
        </extensions>
      </trkpt>
      <trkpt lat="46.403514482080936431884765625" lon="23.44765604473650455474853515625">
        <ele>456.399993896484375</ele>
        <time>2024-11-10T10:28:20.000Z</time>
        <extensions>
          <ns3:TrackPointExtension>
            <ns3:hr>89</ns3:hr>
            <ns3:cad>73</ns3:cad>
          </ns3:TrackPointExtension>
        </extensions>
      </trkpt>
      <trkpt lat="46.40351490117609500885009765625" lon="23.44767297618091106414794921875">
        <ele>456.600006103515625</ele>
        <time>2024-11-10T10:28:22.000Z</time>
        <extensions>
          <ns3:TrackPointExtension>
            <ns3:hr>89</ns3:hr>
            <ns3:cad>78</ns3:cad>
          </ns3:TrackPointExtension>
        </extensions>
      </trkpt>
      <trkpt lat="46.403518505394458770751953125" lon="23.447692506015300750732421875">
        <ele>457.20001220703125</ele>
        <time>2024-11-10T10:28:24.000Z</time>
        <extensions>
          <ns3:TrackPointExtension>
            <ns3:hr>92</ns3:hr>
            <ns3:cad>78</ns3:cad>
          </ns3:TrackPointExtension>
        </extensions>
      </trkpt>
      <trkpt lat="46.40353149734437465667724609375" lon="23.447709269821643829345703125">
        <ele>457.399993896484375</ele>
        <time>2024-11-10T10:28:26.000Z</time>
        <extensions>
          <ns3:TrackPointExtension>
            <ns3:hr>96</ns3:hr>
            <ns3:cad>75</ns3:cad>
          </ns3:TrackPointExtension>
        </extensions>
      </trkpt>
      <trkpt lat="46.403532586991786956787109375" lon="23.4477169811725616455078125">
        <ele>457.600006103515625</ele>
        <time>2024-11-10T10:28:27.000Z</time>
        <extensions>
          <ns3:TrackPointExtension>
            <ns3:hr>96</ns3:hr>
            <ns3:cad>75</ns3:cad>
          </ns3:TrackPointExtension>
        </extensions>
      </trkpt>
      <trkpt lat="46.40353401191532611846923828125" lon="23.4477241896092891693115234375">
        <ele>457.600006103515625</ele>
        <time>2024-11-10T10:28:28.000Z</time>
        <extensions>
          <ns3:TrackPointExtension>
            <ns3:hr>96</ns3:hr>
            <ns3:cad>75</ns3:cad>
          </ns3:TrackPointExtension>
        </extensions>
      </trkpt>
      <trkpt lat="46.4035471715033054351806640625" lon="23.44777490012347698211669921875">
        <ele>458.600006103515625</ele>
        <time>2024-11-10T10:28:34.000Z</time>
        <extensions>
          <ns3:TrackPointExtension>
            <ns3:hr>99</ns3:hr>
            <ns3:cad>77</ns3:cad>
          </ns3:TrackPointExtension>
        </extensions>
      </trkpt>
      <trkpt lat="46.40354968607425689697265625" lon="23.44778277911245822906494140625">
        <ele>459</ele>
        <time>2024-11-10T10:28:35.000Z</time>
        <extensions>
          <ns3:TrackPointExtension>
            <ns3:hr>100</ns3:hr>
            <ns3:cad>76</ns3:cad>
          </ns3:TrackPointExtension>
        </extensions>
      </trkpt>
      <trkpt lat="46.4035530388355255126953125" lon="23.447796441614627838134765625">
        <ele>459.20001220703125</ele>
        <time>2024-11-10T10:28:37.000Z</time>
        <extensions>
          <ns3:TrackPointExtension>
            <ns3:hr>100</ns3:hr>
            <ns3:cad>74</ns3:cad>
          </ns3:TrackPointExtension>
        </extensions>
      </trkpt>
      <trkpt lat="46.40355831943452358245849609375" lon="23.44781714491546154022216796875">
        <ele>460</ele>
        <time>2024-11-10T10:28:41.000Z</time>
        <extensions>
          <ns3:TrackPointExtension>
            <ns3:hr>100</ns3:hr>
            <ns3:cad>73</ns3:cad>
          </ns3:TrackPointExtension>
        </extensions>
      </trkpt>
      <trkpt lat="46.40356980264186859130859375" lon="23.44784639775753021240234375">
        <ele>460.399993896484375</ele>
        <time>2024-11-10T10:28:45.000Z</time>
        <extensions>
          <ns3:TrackPointExtension>
            <ns3:hr>100</ns3:hr>
            <ns3:cad>70</ns3:cad>
          </ns3:TrackPointExtension>
        </extensions>
      </trkpt>
      <trkpt lat="46.40358597971498966217041015625" lon="23.44788285903632640838623046875">
        <ele>461.20001220703125</ele>
        <time>2024-11-10T10:28:50.000Z</time>
        <extensions>
          <ns3:TrackPointExtension>
            <ns3:hr>101</ns3:hr>
            <ns3:cad>75</ns3:cad>
          </ns3:TrackPointExtension>
        </extensions>
      </trkpt>
      <trkpt lat="46.40360123477876186370849609375" lon="23.447921834886074066162109375">
        <ele>461.79998779296875</ele>
        <time>2024-11-10T10:28:54.000Z</time>
        <extensions>
          <ns3:TrackPointExtension>
            <ns3:hr>104</ns3:hr>
            <ns3:cad>71</ns3:cad>
          </ns3:TrackPointExtension>
        </extensions>
      </trkpt>
      <trkpt lat="46.4036102034151554107666015625" lon="23.4479437954723834991455078125">
        <ele>462.399993896484375</ele>
        <time>2024-11-10T10:28:57.000Z</time>
        <extensions>
          <ns3:TrackPointExtension>
            <ns3:hr>105</ns3:hr>
            <ns3:cad>76</ns3:cad>
          </ns3:TrackPointExtension>
        </extensions>
      </trkpt>
      <trkpt lat="46.40362084843218326568603515625" lon="23.44799517653882503509521484375">
        <ele>463.600006103515625</ele>
        <time>2024-11-10T10:29:04.000Z</time>
        <extensions>
          <ns3:TrackPointExtension>
            <ns3:hr>109</ns3:hr>
            <ns3:cad>75</ns3:cad>
          </ns3:TrackPointExtension>
        </extensions>
      </trkpt>
      <trkpt lat="46.40362252481281757354736328125" lon="23.44801076687872409820556640625">
        <ele>463.79998779296875</ele>
        <time>2024-11-10T10:29:06.000Z</time>
        <extensions>
          <ns3:TrackPointExtension>
            <ns3:hr>110</ns3:hr>
            <ns3:cad>77</ns3:cad>
          </ns3:TrackPointExtension>
        </extensions>
      </trkpt>
      <trkpt lat="46.4036504365503787994384765625" lon="23.44807698391377925872802734375">
        <ele>464.79998779296875</ele>
        <time>2024-11-10T10:29:14.000Z</time>
        <extensions>
          <ns3:TrackPointExtension>
            <ns3:hr>111</ns3:hr>
            <ns3:cad>75</ns3:cad>
          </ns3:TrackPointExtension>
        </extensions>
      </trkpt>
      <trkpt lat="46.40366963110864162445068359375" lon="23.448145128786563873291015625">
        <ele>465.79998779296875</ele>
        <time>2024-11-10T10:29:22.000Z</time>
        <extensions>
          <ns3:TrackPointExtension>
            <ns3:hr>111</ns3:hr>
            <ns3:cad>66</ns3:cad>
          </ns3:TrackPointExtension>
        </extensions>
      </trkpt>
      <trkpt lat="46.403672397136688232421875" lon="23.4481536783277988433837890625">
        <ele>466</ele>
        <time>2024-11-10T10:29:23.000Z</time>
        <extensions>
          <ns3:TrackPointExtension>
            <ns3:hr>111</ns3:hr>
            <ns3:cad>0</ns3:cad>
          </ns3:TrackPointExtension>
        </extensions>
      </trkpt>
      <trkpt lat="46.4036764204502105712890625" lon="23.44820271246135234832763671875">
        <ele>467</ele>
        <time>2024-11-10T10:29:29.000Z</time>
        <extensions>
          <ns3:TrackPointExtension>
            <ns3:hr>111</ns3:hr>
            <ns3:cad>78</ns3:cad>
          </ns3:TrackPointExtension>
        </extensions>
      </trkpt>
      <trkpt lat="46.4036792702972888946533203125" lon="23.448228947818279266357421875">
        <ele>467.399993896484375</ele>
        <time>2024-11-10T10:29:31.000Z</time>
        <extensions>
          <ns3:TrackPointExtension>
            <ns3:hr>110</ns3:hr>
            <ns3:cad>78</ns3:cad>
          </ns3:TrackPointExtension>
        </extensions>
      </trkpt>
      <trkpt lat="46.4036858081817626953125" lon="23.44830865971744060516357421875">
        <ele>468.20001220703125</ele>
        <time>2024-11-10T10:29:38.000Z</time>
        <extensions>
          <ns3:TrackPointExtension>
            <ns3:hr>111</ns3:hr>
            <ns3:cad>41</ns3:cad>
          </ns3:TrackPointExtension>
        </extensions>
      </trkpt>
      <trkpt lat="46.4036853052675724029541015625" lon="23.4483196400105953216552734375">
        <ele>468.20001220703125</ele>
        <time>2024-11-10T10:29:39.000Z</time>
        <extensions>
          <ns3:TrackPointExtension>
            <ns3:hr>110</ns3:hr>
            <ns3:cad>40</ns3:cad>
          </ns3:TrackPointExtension>
        </extensions>
      </trkpt>
      <trkpt lat="46.40369209460914134979248046875" lon="23.44839264638721942901611328125">
        <ele>469</ele>
        <time>2024-11-10T10:29:46.000Z</time>
        <extensions>
          <ns3:TrackPointExtension>
            <ns3:hr>108</ns3:hr>
            <ns3:cad>41</ns3:cad>
          </ns3:TrackPointExtension>
        </extensions>
      </trkpt>
      <trkpt lat="46.40369427390396595001220703125" lon="23.44841712154448032379150390625">
        <ele>469.20001220703125</ele>
        <time>2024-11-10T10:29:49.000Z</time>
        <extensions>
          <ns3:TrackPointExtension>
            <ns3:hr>108</ns3:hr>
            <ns3:cad>41</ns3:cad>
          </ns3:TrackPointExtension>
        </extensions>
      </trkpt>
      <trkpt lat="46.40369745902717113494873046875" lon="23.4484571032226085662841796875">
        <ele>469.399993896484375</ele>
        <time>2024-11-10T10:29:52.000Z</time>
        <extensions>
          <ns3:TrackPointExtension>
            <ns3:hr>111</ns3:hr>
            <ns3:cad>42</ns3:cad>
          </ns3:TrackPointExtension>
        </extensions>
      </trkpt>
      <trkpt lat="46.403698883950710296630859375" lon="23.44851351343095302581787109375">
        <ele>470</ele>
        <time>2024-11-10T10:29:57.000Z</time>
        <extensions>
          <ns3:TrackPointExtension>
            <ns3:hr>110</ns3:hr>
            <ns3:cad>41</ns3:cad>
          </ns3:TrackPointExtension>
        </extensions>
      </trkpt>
      <trkpt lat="46.403704918920993804931640625" lon="23.44855994917452335357666015625">
        <ele>470</ele>
        <time>2024-11-10T10:30:01.000Z</time>
        <extensions>
          <ns3:TrackPointExtension>
            <ns3:hr>107</ns3:hr>
            <ns3:cad>41</ns3:cad>
          </ns3:TrackPointExtension>
        </extensions>
      </trkpt>
      <trkpt lat="46.4037072658538818359375" lon="23.4486012719571590423583984375">
        <ele>470.20001220703125</ele>
        <time>2024-11-10T10:30:04.000Z</time>
        <extensions>
          <ns3:TrackPointExtension>
            <ns3:hr>104</ns3:hr>
            <ns3:cad>79</ns3:cad>
          </ns3:TrackPointExtension>
        </extensions>
      </trkpt>
      <trkpt lat="46.40370785258710384368896484375" lon="23.44862549565732479095458984375">
        <ele>470.399993896484375</ele>
        <time>2024-11-10T10:30:06.000Z</time>
        <extensions>
          <ns3:TrackPointExtension>
            <ns3:hr>104</ns3:hr>
            <ns3:cad>42</ns3:cad>
          </ns3:TrackPointExtension>
        </extensions>
      </trkpt>
      <trkpt lat="46.4037121273577213287353515625" lon="23.448690287768840789794921875">
        <ele>470.600006103515625</ele>
        <time>2024-11-10T10:30:12.000Z</time>
        <extensions>
          <ns3:TrackPointExtension>
            <ns3:hr>101</ns3:hr>
            <ns3:cad>41</ns3:cad>
          </ns3:TrackPointExtension>
        </extensions>
      </trkpt>
      <trkpt lat="46.40371522866189479827880859375" lon="23.44873982481658458709716796875">
        <ele>471.20001220703125</ele>
        <time>2024-11-10T10:30:16.000Z</time>
        <extensions>
          <ns3:TrackPointExtension>
            <ns3:hr>99</ns3:hr>
            <ns3:cad>43</ns3:cad>
          </ns3:TrackPointExtension>
        </extensions>
      </trkpt>
      <trkpt lat="46.4037154801189899444580078125" lon="23.44878441654145717620849609375">
        <ele>471.399993896484375</ele>
        <time>2024-11-10T10:30:19.000Z</time>
        <extensions>
          <ns3:TrackPointExtension>
            <ns3:hr>102</ns3:hr>
            <ns3:cad>41</ns3:cad>
          </ns3:TrackPointExtension>
        </extensions>
      </trkpt>
      <trkpt lat="46.403717659413814544677734375" lon="23.44883806072175502777099609375">
        <ele>472</ele>
        <time>2024-11-10T10:30:24.000Z</time>
        <extensions>
          <ns3:TrackPointExtension>
            <ns3:hr>102</ns3:hr>
            <ns3:cad>41</ns3:cad>
          </ns3:TrackPointExtension>
        </extensions>
      </trkpt>
      <trkpt lat="46.40372528694570064544677734375" lon="23.44892330467700958251953125">
        <ele>472.399993896484375</ele>
        <time>2024-11-10T10:30:31.000Z</time>
        <extensions>
          <ns3:TrackPointExtension>
            <ns3:hr>103</ns3:hr>
            <ns3:cad>40</ns3:cad>
          </ns3:TrackPointExtension>
        </extensions>
      </trkpt>
      <trkpt lat="46.40372243709862232208251953125" lon="23.4489445947110652923583984375">
        <ele>472.600006103515625</ele>
        <time>2024-11-10T10:30:33.000Z</time>
        <extensions>
          <ns3:TrackPointExtension>
            <ns3:hr>103</ns3:hr>
            <ns3:cad>78</ns3:cad>
          </ns3:TrackPointExtension>
        </extensions>
      </trkpt>
      <trkpt lat="46.4037298969924449920654296875" lon="23.4490160085260868072509765625">
        <ele>472.79998779296875</ele>
        <time>2024-11-10T10:30:39.000Z</time>
        <extensions>
          <ns3:TrackPointExtension>
            <ns3:hr>100</ns3:hr>
            <ns3:cad>40</ns3:cad>
          </ns3:TrackPointExtension>
        </extensions>
      </trkpt>
      <trkpt lat="46.403731070458889007568359375" lon="23.44902447424829006195068359375">
        <ele>472.79998779296875</ele>
        <time>2024-11-10T10:30:40.000Z</time>
        <extensions>
          <ns3:TrackPointExtension>
            <ns3:hr>100</ns3:hr>
            <ns3:cad>78</ns3:cad>
          </ns3:TrackPointExtension>
        </extensions>
      </trkpt>
      <trkpt lat="46.40373618341982364654541015625" lon="23.449133522808551788330078125">
        <ele>473</ele>
        <time>2024-11-10T10:30:49.000Z</time>
        <extensions>
          <ns3:TrackPointExtension>
            <ns3:hr>99</ns3:hr>
            <ns3:cad>41</ns3:cad>
          </ns3:TrackPointExtension>
        </extensions>
      </trkpt>
      <trkpt lat="46.403753198683261871337890625" lon="23.44919714145362377166748046875">
        <ele>473.20001220703125</ele>
        <time>2024-11-10T10:30:55.000Z</time>
        <extensions>
          <ns3:TrackPointExtension>
            <ns3:hr>96</ns3:hr>
            <ns3:cad>0</ns3:cad>
          </ns3:TrackPointExtension>
        </extensions>
      </trkpt>
      <trkpt lat="46.40376183204352855682373046875" lon="23.4492419846355915069580078125">
        <ele>473.20001220703125</ele>
        <time>2024-11-10T10:30:59.000Z</time>
        <extensions>
          <ns3:TrackPointExtension>
            <ns3:hr>94</ns3:hr>
            <ns3:cad>74</ns3:cad>
          </ns3:TrackPointExtension>
        </extensions>
      </trkpt>
      <trkpt lat="46.4037758298218250274658203125" lon="23.44929168932139873504638671875">
        <ele>473.399993896484375</ele>
        <time>2024-11-10T10:31:04.000Z</time>
        <extensions>
          <ns3:TrackPointExtension>
            <ns3:hr>93</ns3:hr>
            <ns3:cad>42</ns3:cad>
          </ns3:TrackPointExtension>
        </extensions>
      </trkpt>
      <trkpt lat="46.40379787422716617584228515625" lon="23.4493558108806610107421875">
        <ele>473.399993896484375</ele>
        <time>2024-11-10T10:31:09.000Z</time>
        <extensions>
          <ns3:TrackPointExtension>
            <ns3:hr>93</ns3:hr>
            <ns3:cad>41</ns3:cad>
          </ns3:TrackPointExtension>
        </extensions>
      </trkpt>
      <trkpt lat="46.40382218174636363983154296875" lon="23.44945463351905345916748046875">
        <ele>473.399993896484375</ele>
        <time>2024-11-10T10:31:17.000Z</time>
        <extensions>
          <ns3:TrackPointExtension>
            <ns3:hr>93</ns3:hr>
            <ns3:cad>42</ns3:cad>
          </ns3:TrackPointExtension>
        </extensions>
      </trkpt>
      <trkpt lat="46.4038388617336750030517578125" lon="23.44956837594509124755859375">
        <ele>473.79998779296875</ele>
        <time>2024-11-10T10:31:27.000Z</time>
        <extensions>
          <ns3:TrackPointExtension>
            <ns3:hr>93</ns3:hr>
            <ns3:cad>43</ns3:cad>
          </ns3:TrackPointExtension>
        </extensions>
      </trkpt>
      <trkpt lat="46.40385537408292293548583984375" lon="23.4496785141527652740478515625">
        <ele>474</ele>
        <time>2024-11-10T10:31:35.000Z</time>
        <extensions>
          <ns3:TrackPointExtension>
            <ns3:hr>94</ns3:hr>
            <ns3:cad>44</ns3:cad>
          </ns3:TrackPointExtension>
        </extensions>
      </trkpt>
      <trkpt lat="46.4038459025323390960693359375" lon="23.4498297236859798431396484375">
        <ele>474.20001220703125</ele>
        <time>2024-11-10T10:31:46.000Z</time>
        <extensions>
          <ns3:TrackPointExtension>
            <ns3:hr>97</ns3:hr>
            <ns3:cad>43</ns3:cad>
          </ns3:TrackPointExtension>
        </extensions>
      </trkpt>
      <trkpt lat="46.4038408733904361724853515625" lon="23.4498736448585987091064453125">
        <ele>474.399993896484375</ele>
        <time>2024-11-10T10:31:49.000Z</time>
        <extensions>
          <ns3:TrackPointExtension>
            <ns3:hr>96</ns3:hr>
            <ns3:cad>42</ns3:cad>
          </ns3:TrackPointExtension>
        </extensions>
      </trkpt>
      <trkpt lat="46.40382519923150539398193359375" lon="23.44994296319782733917236328125">
        <ele>474.79998779296875</ele>
        <time>2024-11-10T10:31:55.000Z</time>
        <extensions>
          <ns3:TrackPointExtension>
            <ns3:hr>93</ns3:hr>
            <ns3:cad>41</ns3:cad>
          </ns3:TrackPointExtension>
        </extensions>
      </trkpt>
      <trkpt lat="46.40381497330963611602783203125" lon="23.4500164724886417388916015625">
        <ele>475.20001220703125</ele>
        <time>2024-11-10T10:32:03.000Z</time>
        <extensions>
          <ns3:TrackPointExtension>
            <ns3:hr>92</ns3:hr>
            <ns3:cad>79</ns3:cad>
          </ns3:TrackPointExtension>
        </extensions>
      </trkpt>
      <trkpt lat="46.403814218938350677490234375" lon="23.45002762041985988616943359375">
        <ele>475.399993896484375</ele>
        <time>2024-11-10T10:32:04.000Z</time>
        <extensions>
          <ns3:TrackPointExtension>
            <ns3:hr>93</ns3:hr>
            <ns3:cad>79</ns3:cad>
          </ns3:TrackPointExtension>
        </extensions>
      </trkpt>
      <trkpt lat="46.40381497330963611602783203125" lon="23.45012317411601543426513671875">
        <ele>476.20001220703125</ele>
        <time>2024-11-10T10:32:11.000Z</time>
        <extensions>
          <ns3:TrackPointExtension>
            <ns3:hr>93</ns3:hr>
            <ns3:cad>41</ns3:cad>
          </ns3:TrackPointExtension>
        </extensions>
      </trkpt>
      <trkpt lat="46.4038247801363468170166015625" lon="23.450182266533374786376953125">
        <ele>476.399993896484375</ele>
        <time>2024-11-10T10:32:16.000Z</time>
        <extensions>
          <ns3:TrackPointExtension>
            <ns3:hr>95</ns3:hr>
            <ns3:cad>41</ns3:cad>
          </ns3:TrackPointExtension>
        </extensions>
      </trkpt>
      <trkpt lat="46.40384095720946788787841796875" lon="23.45021487213671207427978515625">
        <ele>476.600006103515625</ele>
        <time>2024-11-10T10:32:20.000Z</time>
        <extensions>
          <ns3:TrackPointExtension>
            <ns3:hr>96</ns3:hr>
            <ns3:cad>40</ns3:cad>
          </ns3:TrackPointExtension>
        </extensions>
      </trkpt>
      <trkpt lat="46.40389845706522464752197265625" lon="23.45022610388696193695068359375">
        <ele>476.79998779296875</ele>
        <time>2024-11-10T10:32:28.000Z</time>
        <extensions>
          <ns3:TrackPointExtension>
            <ns3:hr>95</ns3:hr>
            <ns3:cad>40</ns3:cad>
          </ns3:TrackPointExtension>
        </extensions>
      </trkpt>
      <trkpt lat="46.403943635523319244384765625" lon="23.4502588771283626556396484375">
        <ele>477.399993896484375</ele>
        <time>2024-11-10T10:32:34.000Z</time>
        <extensions>
          <ns3:TrackPointExtension>
            <ns3:hr>94</ns3:hr>
            <ns3:cad>76</ns3:cad>
          </ns3:TrackPointExtension>
        </extensions>
      </trkpt>
      <trkpt lat="46.40396785922348499298095703125" lon="23.4502784907817840576171875">
        <ele>477.600006103515625</ele>
        <time>2024-11-10T10:32:36.000Z</time>
        <extensions>
          <ns3:TrackPointExtension>
            <ns3:hr>93</ns3:hr>
            <ns3:cad>40</ns3:cad>
          </ns3:TrackPointExtension>
        </extensions>
      </trkpt>
      <trkpt lat="46.40400373376905918121337890625" lon="23.45031897537410259246826171875">
        <ele>478</ele>
        <time>2024-11-10T10:32:44.000Z</time>
        <extensions>
          <ns3:TrackPointExtension>
            <ns3:hr>93</ns3:hr>
            <ns3:cad>42</ns3:cad>
          </ns3:TrackPointExtension>
        </extensions>
      </trkpt>
      <trkpt lat="46.40403650701045989990234375" lon="23.45037010498344898223876953125">
        <ele>478.399993896484375</ele>
        <time>2024-11-10T10:32:49.000Z</time>
        <extensions>
          <ns3:TrackPointExtension>
            <ns3:hr>95</ns3:hr>
            <ns3:cad>40</ns3:cad>
          </ns3:TrackPointExtension>
        </extensions>
      </trkpt>
      <trkpt lat="46.40406190417706966400146484375" lon="23.45040388405323028564453125">
        <ele>478.399993896484375</ele>
        <time>2024-11-10T10:32:52.000Z</time>
        <extensions>
          <ns3:TrackPointExtension>
            <ns3:hr>95</ns3:hr>
            <ns3:cad>42</ns3:cad>
          </ns3:TrackPointExtension>
        </extensions>
      </trkpt>
      <trkpt lat="46.4041271992027759552001953125" lon="23.45050580799579620361328125">
        <ele>479</ele>
        <time>2024-11-10T10:33:02.000Z</time>
        <extensions>
          <ns3:TrackPointExtension>
            <ns3:hr>95</ns3:hr>
            <ns3:cad>42</ns3:cad>
          </ns3:TrackPointExtension>
        </extensions>
      </trkpt>
      <trkpt lat="46.4041684381663799285888671875" lon="23.45061653293669223785400390625">
        <ele>479.399993896484375</ele>
        <time>2024-11-10T10:33:09.000Z</time>
        <extensions>
          <ns3:TrackPointExtension>
            <ns3:hr>92</ns3:hr>
            <ns3:cad>42</ns3:cad>
          </ns3:TrackPointExtension>
        </extensions>
      </trkpt>
      <trkpt lat="46.4041670970618724822998046875" lon="23.45062273554503917694091796875">
        <ele>479.399993896484375</ele>
        <time>2024-11-10T10:33:10.000Z</time>
        <extensions>
          <ns3:TrackPointExtension>
            <ns3:hr>91</ns3:hr>
            <ns3:cad>42</ns3:cad>
          </ns3:TrackPointExtension>
        </extensions>
      </trkpt>
      <trkpt lat="46.40416969545185565948486328125" lon="23.45064402557909488677978515625">
        <ele>479.600006103515625</ele>
        <time>2024-11-10T10:33:13.000Z</time>
        <extensions>
          <ns3:TrackPointExtension>
            <ns3:hr>87</ns3:hr>
            <ns3:cad>42</ns3:cad>
          </ns3:TrackPointExtension>
        </extensions>
      </trkpt>
      <trkpt lat="46.40417656861245632171630859375" lon="23.45069649629294872283935546875">
        <ele>480</ele>
        <time>2024-11-10T10:33:18.000Z</time>
        <extensions>
          <ns3:TrackPointExtension>
            <ns3:hr>85</ns3:hr>
            <ns3:cad>41</ns3:cad>
          </ns3:TrackPointExtension>
        </extensions>
      </trkpt>
      <trkpt lat="46.4042048156261444091796875" lon="23.4507881104946136474609375">
        <ele>480.399993896484375</ele>
        <time>2024-11-10T10:33:25.000Z</time>
        <extensions>
          <ns3:TrackPointExtension>
            <ns3:hr>88</ns3:hr>
            <ns3:cad>42</ns3:cad>
          </ns3:TrackPointExtension>
        </extensions>
      </trkpt>
      <trkpt lat="46.4042096771299839019775390625" lon="23.4508134238421916961669921875">
        <ele>480.399993896484375</ele>
        <time>2024-11-10T10:33:28.000Z</time>
        <extensions>
          <ns3:TrackPointExtension>
            <ns3:hr>90</ns3:hr>
            <ns3:cad>42</ns3:cad>
          </ns3:TrackPointExtension>
        </extensions>
      </trkpt>
      <trkpt lat="46.40421311371028423309326171875" lon="23.45084049738943576812744140625">
        <ele>480.399993896484375</ele>
        <time>2024-11-10T10:33:30.000Z</time>
        <extensions>
          <ns3:TrackPointExtension>
            <ns3:hr>90</ns3:hr>
            <ns3:cad>42</ns3:cad>
          </ns3:TrackPointExtension>
        </extensions>
      </trkpt>
      <trkpt lat="46.4042234234511852264404296875" lon="23.45094745047390460968017578125">
        <ele>481</ele>
        <time>2024-11-10T10:33:38.000Z</time>
        <extensions>
          <ns3:TrackPointExtension>
            <ns3:hr>90</ns3:hr>
            <ns3:cad>42</ns3:cad>
          </ns3:TrackPointExtension>
        </extensions>
      </trkpt>
      <trkpt lat="46.404260806739330291748046875" lon="23.45108156092464923858642578125">
        <ele>481.600006103515625</ele>
        <time>2024-11-10T10:33:47.000Z</time>
        <extensions>
          <ns3:TrackPointExtension>
            <ns3:hr>89</ns3:hr>
            <ns3:cad>41</ns3:cad>
          </ns3:TrackPointExtension>
        </extensions>
      </trkpt>
      <trkpt lat="46.4042646624147891998291015625" lon="23.45110268332064151763916015625">
        <ele>481.600006103515625</ele>
        <time>2024-11-10T10:33:49.000Z</time>
        <extensions>
          <ns3:TrackPointExtension>
            <ns3:hr>89</ns3:hr>
            <ns3:cad>41</ns3:cad>
          </ns3:TrackPointExtension>
        </extensions>
      </trkpt>
      <trkpt lat="46.4042623154819011688232421875" lon="23.45124031417071819305419921875">
        <ele>482.20001220703125</ele>
        <time>2024-11-10T10:34:01.000Z</time>
        <extensions>
          <ns3:TrackPointExtension>
            <ns3:hr>87</ns3:hr>
            <ns3:cad>41</ns3:cad>
          </ns3:TrackPointExtension>
        </extensions>
      </trkpt>
      <trkpt lat="46.40426558442413806915283203125" lon="23.451315499842166900634765625">
        <ele>482.399993896484375</ele>
        <time>2024-11-10T10:34:07.000Z</time>
        <extensions>
          <ns3:TrackPointExtension>
            <ns3:hr>90</ns3:hr>
            <ns3:cad>43</ns3:cad>
          </ns3:TrackPointExtension>
        </extensions>
      </trkpt>
      <trkpt lat="46.40426508150994777679443359375" lon="23.4513599239289760589599609375">
        <ele>482.600006103515625</ele>
        <time>2024-11-10T10:34:10.000Z</time>
        <extensions>
          <ns3:TrackPointExtension>
            <ns3:hr>91</ns3:hr>
            <ns3:cad>44</ns3:cad>
          </ns3:TrackPointExtension>
        </extensions>
      </trkpt>
      <trkpt lat="46.4042639918625354766845703125" lon="23.4513864107429981231689453125">
        <ele>482.600006103515625</ele>
        <time>2024-11-10T10:34:12.000Z</time>
        <extensions>
          <ns3:TrackPointExtension>
            <ns3:hr>91</ns3:hr>
            <ns3:cad>46</ns3:cad>
          </ns3:TrackPointExtension>
        </extensions>
      </trkpt>
      <trkpt lat="46.4042633213102817535400390625" lon="23.451469056308269500732421875">
        <ele>483</ele>
        <time>2024-11-10T10:34:20.000Z</time>
        <extensions>
          <ns3:TrackPointExtension>
            <ns3:hr>90</ns3:hr>
            <ns3:cad>41</ns3:cad>
          </ns3:TrackPointExtension>
        </extensions>
      </trkpt>
      <trkpt lat="46.40425049699842929840087890625" lon="23.4515490196645259857177734375">
        <ele>483.399993896484375</ele>
        <time>2024-11-10T10:34:26.000Z</time>
        <extensions>
          <ns3:TrackPointExtension>
            <ns3:hr>93</ns3:hr>
            <ns3:cad>41</ns3:cad>
          </ns3:TrackPointExtension>
        </extensions>
      </trkpt>
      <trkpt lat="46.40424815006554126739501953125" lon="23.45156662166118621826171875">
        <ele>483.399993896484375</ele>
        <time>2024-11-10T10:34:28.000Z</time>
        <extensions>
          <ns3:TrackPointExtension>
            <ns3:hr>93</ns3:hr>
            <ns3:cad>41</ns3:cad>
          </ns3:TrackPointExtension>
        </extensions>
      </trkpt>
      <trkpt lat="46.40425133518874645233154296875" lon="23.451598472893238067626953125">
        <ele>483.600006103515625</ele>
        <time>2024-11-10T10:34:32.000Z</time>
        <extensions>
          <ns3:TrackPointExtension>
            <ns3:hr>92</ns3:hr>
            <ns3:cad>0</ns3:cad>
          </ns3:TrackPointExtension>
        </extensions>
      </trkpt>
      <trkpt lat="46.4042525924742221832275390625" lon="23.45160291530191898345947265625">
        <ele>483.79998779296875</ele>
        <time>2024-11-10T10:34:35.000Z</time>
        <extensions>
          <ns3:TrackPointExtension>
            <ns3:hr>90</ns3:hr>
            <ns3:cad>0</ns3:cad>
          </ns3:TrackPointExtension>
        </extensions>
      </trkpt>
      <trkpt lat="46.40424982644617557525634765625" lon="23.451596461236476898193359375">
        <ele>484</ele>
        <time>2024-11-10T10:34:44.000Z</time>
        <extensions>
          <ns3:TrackPointExtension>
            <ns3:hr>89</ns3:hr>
            <ns3:cad>0</ns3:cad>
          </ns3:TrackPointExtension>
        </extensions>
      </trkpt>
      <trkpt lat="46.40423742122948169708251953125" lon="23.45158883370459079742431640625">
        <ele>484</ele>
        <time>2024-11-10T10:34:49.000Z</time>
        <extensions>
          <ns3:TrackPointExtension>
            <ns3:hr>94</ns3:hr>
            <ns3:cad>0</ns3:cad>
          </ns3:TrackPointExtension>
        </extensions>
      </trkpt>
      <trkpt lat="46.40423658303916454315185546875" lon="23.4515875764191150665283203125">
        <ele>484</ele>
        <time>2024-11-10T10:34:53.000Z</time>
        <extensions>
          <ns3:TrackPointExtension>
            <ns3:hr>95</ns3:hr>
            <ns3:cad>0</ns3:cad>
          </ns3:TrackPointExtension>
        </extensions>
      </trkpt>
      <trkpt lat="46.40422116033732891082763671875" lon="23.45159076154232025146484375">
        <ele>484.20001220703125</ele>
        <time>2024-11-10T10:35:01.000Z</time>
        <extensions>
          <ns3:TrackPointExtension>
            <ns3:hr>92</ns3:hr>
            <ns3:cad>0</ns3:cad>
          </ns3:TrackPointExtension>
        </extensions>
      </trkpt>
      <trkpt lat="46.40421831049025058746337890625" lon="23.4515892527997493743896484375">
        <ele>484.20001220703125</ele>
        <time>2024-11-10T10:35:02.000Z</time>
        <extensions>
          <ns3:TrackPointExtension>
            <ns3:hr>92</ns3:hr>
            <ns3:cad>0</ns3:cad>
          </ns3:TrackPointExtension>
        </extensions>
      </trkpt>
      <trkpt lat="46.4042301289737224578857421875" lon="23.4515798650681972503662109375">
        <ele>484.600006103515625</ele>
        <time>2024-11-10T10:35:11.000Z</time>
        <extensions>
          <ns3:TrackPointExtension>
            <ns3:hr>91</ns3:hr>
            <ns3:cad>0</ns3:cad>
          </ns3:TrackPointExtension>
        </extensions>
      </trkpt>
      <trkpt lat="46.4042432047426700592041015625" lon="23.451580367982387542724609375">
        <ele>484.600006103515625</ele>
        <time>2024-11-10T10:35:14.000Z</time>
        <extensions>
          <ns3:TrackPointExtension>
            <ns3:hr>89</ns3:hr>
            <ns3:cad>0</ns3:cad>
          </ns3:TrackPointExtension>
        </extensions>
      </trkpt>
      <trkpt lat="46.40423088334500789642333984375" lon="23.4515728242695331573486328125">
        <ele>484.600006103515625</ele>
        <time>2024-11-10T10:35:20.000Z</time>
        <extensions>
          <ns3:TrackPointExtension>
            <ns3:hr>90</ns3:hr>
            <ns3:cad>0</ns3:cad>
          </ns3:TrackPointExtension>
        </extensions>
      </trkpt>
      <trkpt lat="46.40425452031195163726806640625" lon="23.451578356325626373291015625">
        <ele>484.600006103515625</ele>
        <time>2024-11-10T10:35:28.000Z</time>
        <extensions>
          <ns3:TrackPointExtension>
            <ns3:hr>86</ns3:hr>
            <ns3:cad>0</ns3:cad>
          </ns3:TrackPointExtension>
        </extensions>
      </trkpt>
      <trkpt lat="46.40425552614033222198486328125" lon="23.45158229582011699676513671875">
        <ele>484.600006103515625</ele>
        <time>2024-11-10T10:35:29.000Z</time>
        <extensions>
          <ns3:TrackPointExtension>
            <ns3:hr>85</ns3:hr>
            <ns3:cad>0</ns3:cad>
          </ns3:TrackPointExtension>
        </extensions>
      </trkpt>
      <trkpt lat="46.40423742122948169708251953125" lon="23.4515932761132717132568359375">
        <ele>484.600006103515625</ele>
        <time>2024-11-10T10:35:40.000Z</time>
        <extensions>
          <ns3:TrackPointExtension>
            <ns3:hr>85</ns3:hr>
            <ns3:cad>0</ns3:cad>
          </ns3:TrackPointExtension>
        </extensions>
      </trkpt>
      <trkpt lat="46.4042284525930881500244140625" lon="23.4515936113893985748291015625">
        <ele>484.600006103515625</ele>
        <time>2024-11-10T10:35:43.000Z</time>
        <extensions>
          <ns3:TrackPointExtension>
            <ns3:hr>88</ns3:hr>
            <ns3:cad>0</ns3:cad>
          </ns3:TrackPointExtension>
        </extensions>
      </trkpt>
      <trkpt lat="46.404238007962703704833984375" lon="23.45160425640642642974853515625">
        <ele>484.79998779296875</ele>
        <time>2024-11-10T10:35:49.000Z</time>
        <extensions>
          <ns3:TrackPointExtension>
            <ns3:hr>90</ns3:hr>
            <ns3:cad>0</ns3:cad>
          </ns3:TrackPointExtension>
        </extensions>
      </trkpt>
      <trkpt lat="46.4042485691606998443603515625" lon="23.45160006545484066009521484375">
        <ele>484.79998779296875</ele>
        <time>2024-11-10T10:35:54.000Z</time>
        <extensions>
          <ns3:TrackPointExtension>
            <ns3:hr>86</ns3:hr>
            <ns3:cad>0</ns3:cad>
          </ns3:TrackPointExtension>
        </extensions>
      </trkpt>
      <trkpt lat="46.40425778925418853759765625" lon="23.45159076154232025146484375">
        <ele>484.79998779296875</ele>
        <time>2024-11-10T10:35:59.000Z</time>
        <extensions>
          <ns3:TrackPointExtension>
            <ns3:hr>84</ns3:hr>
            <ns3:cad>0</ns3:cad>
          </ns3:TrackPointExtension>
        </extensions>
      </trkpt>
      <trkpt lat="46.40425250865519046783447265625" lon="23.45159746706485748291015625">
        <ele>485</ele>
        <time>2024-11-10T10:36:10.000Z</time>
        <extensions>
          <ns3:TrackPointExtension>
            <ns3:hr>84</ns3:hr>
            <ns3:cad>0</ns3:cad>
          </ns3:TrackPointExtension>
        </extensions>
      </trkpt>
      <trkpt lat="46.40423557721078395843505859375" lon="23.45158615149557590484619140625">
        <ele>485.20001220703125</ele>
        <time>2024-11-10T10:36:19.000Z</time>
        <extensions>
          <ns3:TrackPointExtension>
            <ns3:hr>83</ns3:hr>
            <ns3:cad>0</ns3:cad>
          </ns3:TrackPointExtension>
        </extensions>
      </trkpt>
      <trkpt lat="46.40422652475535869598388671875" lon="23.4515919350087642669677734375">
        <ele>485.399993896484375</ele>
        <time>2024-11-10T10:36:27.000Z</time>
        <extensions>
          <ns3:TrackPointExtension>
            <ns3:hr>82</ns3:hr>
            <ns3:cad>0</ns3:cad>
          </ns3:TrackPointExtension>
        </extensions>
      </trkpt>
      <trkpt lat="46.4042401872575283050537109375" lon="23.451638035476207733154296875">
        <ele>485.600006103515625</ele>
        <time>2024-11-10T10:36:37.000Z</time>
        <extensions>
          <ns3:TrackPointExtension>
            <ns3:hr>82</ns3:hr>
            <ns3:cad>0</ns3:cad>
          </ns3:TrackPointExtension>
        </extensions>
      </trkpt>
      <trkpt lat="46.4042401872575283050537109375" lon="23.45165035687386989593505859375">
        <ele>485.600006103515625</ele>
        <time>2024-11-10T10:36:38.000Z</time>
        <extensions>
          <ns3:TrackPointExtension>
            <ns3:hr>83</ns3:hr>
            <ns3:cad>0</ns3:cad>
          </ns3:TrackPointExtension>
        </extensions>
      </trkpt>
      <trkpt lat="46.40421328134834766387939453125" lon="23.451753370463848114013671875">
        <ele>485.79998779296875</ele>
        <time>2024-11-10T10:36:46.000Z</time>
        <extensions>
          <ns3:TrackPointExtension>
            <ns3:hr>86</ns3:hr>
            <ns3:cad>41</ns3:cad>
          </ns3:TrackPointExtension>
        </extensions>
      </trkpt>
      <trkpt lat="46.40420682728290557861328125" lon="23.451771475374698638916015625">
        <ele>486</ele>
        <time>2024-11-10T10:36:47.000Z</time>
        <extensions>
          <ns3:TrackPointExtension>
            <ns3:hr>87</ns3:hr>
            <ns3:cad>41</ns3:cad>
          </ns3:TrackPointExtension>
        </extensions>
      </trkpt>
      <trkpt lat="46.40415879897773265838623046875" lon="23.4518584795296192169189453125">
        <ele>486.20001220703125</ele>
        <time>2024-11-10T10:36:54.000Z</time>
        <extensions>
          <ns3:TrackPointExtension>
            <ns3:hr>90</ns3:hr>
            <ns3:cad>43</ns3:cad>
          </ns3:TrackPointExtension>
        </extensions>
      </trkpt>
      <trkpt lat="46.40414639376103878021240234375" lon="23.4518822841346263885498046875">
        <ele>486.20001220703125</ele>
        <time>2024-11-10T10:36:56.000Z</time>
        <extensions>
          <ns3:TrackPointExtension>
            <ns3:hr>91</ns3:hr>
            <ns3:cad>44</ns3:cad>
          </ns3:TrackPointExtension>
        </extensions>
      </trkpt>
      <trkpt lat="46.4040943421423435211181640625" lon="23.4519946016371250152587890625">
        <ele>486</ele>
        <time>2024-11-10T10:37:06.000Z</time>
        <extensions>
          <ns3:TrackPointExtension>
            <ns3:hr>93</ns3:hr>
            <ns3:cad>47</ns3:cad>
          </ns3:TrackPointExtension>
        </extensions>
      </trkpt>
      <trkpt lat="46.4040624909102916717529296875" lon="23.45206961967051029205322265625">
        <ele>486.20001220703125</ele>
        <time>2024-11-10T10:37:13.000Z</time>
        <extensions>
          <ns3:TrackPointExtension>
            <ns3:hr>96</ns3:hr>
            <ns3:cad>45</ns3:cad>
          </ns3:TrackPointExtension>
        </extensions>
      </trkpt>
      <trkpt lat="46.40404799021780490875244140625" lon="23.452116809785366058349609375">
        <ele>486.399993896484375</ele>
        <time>2024-11-10T10:37:16.000Z</time>
        <extensions>
          <ns3:TrackPointExtension>
            <ns3:hr>96</ns3:hr>
            <ns3:cad>46</ns3:cad>
          </ns3:TrackPointExtension>
        </extensions>
      </trkpt>
      <trkpt lat="46.40403390862047672271728515625" lon="23.45228101126849651336669921875">
        <ele>486.399993896484375</ele>
        <time>2024-11-10T10:37:26.000Z</time>
        <extensions>
          <ns3:TrackPointExtension>
            <ns3:hr>94</ns3:hr>
            <ns3:cad>46</ns3:cad>
          </ns3:TrackPointExtension>
        </extensions>
      </trkpt>
      <trkpt lat="46.40403022058308124542236328125" lon="23.4523074142634868621826171875">
        <ele>486.600006103515625</ele>
        <time>2024-11-10T10:37:28.000Z</time>
        <extensions>
          <ns3:TrackPointExtension>
            <ns3:hr>91</ns3:hr>
            <ns3:cad>47</ns3:cad>
          </ns3:TrackPointExtension>
        </extensions>
      </trkpt>
      <trkpt lat="46.40402485616505146026611328125" lon="23.45232979394495487213134765625">
        <ele>486.600006103515625</ele>
        <time>2024-11-10T10:37:30.000Z</time>
        <extensions>
          <ns3:TrackPointExtension>
            <ns3:hr>90</ns3:hr>
            <ns3:cad>47</ns3:cad>
          </ns3:TrackPointExtension>
        </extensions>
      </trkpt>
      <trkpt lat="46.4040192402899265289306640625" lon="23.45235678367316722869873046875">
        <ele>487</ele>
        <time>2024-11-10T10:37:32.000Z</time>
        <extensions>
          <ns3:TrackPointExtension>
            <ns3:hr>89</ns3:hr>
            <ns3:cad>47</ns3:cad>
          </ns3:TrackPointExtension>
        </extensions>
      </trkpt>
      <trkpt lat="46.4039956033229827880859375" lon="23.45247899182140827178955078125">
        <ele>487</ele>
        <time>2024-11-10T10:37:40.000Z</time>
        <extensions>
          <ns3:TrackPointExtension>
            <ns3:hr>92</ns3:hr>
            <ns3:cad>48</ns3:cad>
          </ns3:TrackPointExtension>
        </extensions>
      </trkpt>
      <trkpt lat="46.4039930887520313262939453125" lon="23.4524955041706562042236328125">
        <ele>487</ele>
        <time>2024-11-10T10:37:41.000Z</time>
        <extensions>
          <ns3:TrackPointExtension>
            <ns3:hr>93</ns3:hr>
            <ns3:cad>47</ns3:cad>
          </ns3:TrackPointExtension>
        </extensions>
      </trkpt>
      <trkpt lat="46.403987891972064971923828125" lon="23.45253917388617992401123046875">
        <ele>487.20001220703125</ele>
        <time>2024-11-10T10:37:44.000Z</time>
        <extensions>
          <ns3:TrackPointExtension>
            <ns3:hr>96</ns3:hr>
            <ns3:cad>46</ns3:cad>
          </ns3:TrackPointExtension>
        </extensions>
      </trkpt>
      <trkpt lat="46.40398948453366756439208984375" lon="23.45263414084911346435546875">
        <ele>487.399993896484375</ele>
        <time>2024-11-10T10:37:51.000Z</time>
        <extensions>
          <ns3:TrackPointExtension>
            <ns3:hr>98</ns3:hr>
            <ns3:cad>47</ns3:cad>
          </ns3:TrackPointExtension>
        </extensions>
      </trkpt>
      <trkpt lat="46.40400792472064495086669921875" lon="23.45275727100670337677001953125">
        <ele>487.600006103515625</ele>
        <time>2024-11-10T10:37:59.000Z</time>
        <extensions>
          <ns3:TrackPointExtension>
            <ns3:hr>96</ns3:hr>
            <ns3:cad>46</ns3:cad>
          </ns3:TrackPointExtension>
        </extensions>
      </trkpt>
      <trkpt lat="46.404010020196437835693359375" lon="23.4527731128036975860595703125">
        <ele>487.600006103515625</ele>
        <time>2024-11-10T10:38:00.000Z</time>
        <extensions>
          <ns3:TrackPointExtension>
            <ns3:hr>96</ns3:hr>
            <ns3:cad>46</ns3:cad>
          </ns3:TrackPointExtension>
        </extensions>
      </trkpt>
      <trkpt lat="46.40400524251163005828857421875" lon="23.45279968343675136566162109375">
        <ele>487.79998779296875</ele>
        <time>2024-11-10T10:38:02.000Z</time>
        <extensions>
          <ns3:TrackPointExtension>
            <ns3:hr>93</ns3:hr>
            <ns3:cad>46</ns3:cad>
          </ns3:TrackPointExtension>
        </extensions>
      </trkpt>
      <trkpt lat="46.4039971120655536651611328125" lon="23.45287679694592952728271484375">
        <ele>488.20001220703125</ele>
        <time>2024-11-10T10:38:08.000Z</time>
        <extensions>
          <ns3:TrackPointExtension>
            <ns3:hr>92</ns3:hr>
            <ns3:cad>46</ns3:cad>
          </ns3:TrackPointExtension>
        </extensions>
      </trkpt>
      <trkpt lat="46.40398822724819183349609375" lon="23.45293798483908176422119140625">
        <ele>488.399993896484375</ele>
        <time>2024-11-10T10:38:12.000Z</time>
        <extensions>
          <ns3:TrackPointExtension>
            <ns3:hr>96</ns3:hr>
            <ns3:cad>45</ns3:cad>
          </ns3:TrackPointExtension>
        </extensions>
      </trkpt>
      <trkpt lat="46.4039729721844196319580078125" lon="23.45299397595226764678955078125">
        <ele>488.600006103515625</ele>
        <time>2024-11-10T10:38:17.000Z</time>
        <extensions>
          <ns3:TrackPointExtension>
            <ns3:hr>98</ns3:hr>
            <ns3:cad>44</ns3:cad>
          </ns3:TrackPointExtension>
        </extensions>
      </trkpt>
      <trkpt lat="46.4039682783186435699462890625" lon="23.45300520770251750946044921875">
        <ele>488.79998779296875</ele>
        <time>2024-11-10T10:38:18.000Z</time>
        <extensions>
          <ns3:TrackPointExtension>
            <ns3:hr>99</ns3:hr>
            <ns3:cad>44</ns3:cad>
          </ns3:TrackPointExtension>
        </extensions>
      </trkpt>
      <trkpt lat="46.403944976627826690673828125" lon="23.453054241836071014404296875">
        <ele>489.20001220703125</ele>
        <time>2024-11-10T10:38:23.000Z</time>
        <extensions>
          <ns3:TrackPointExtension>
            <ns3:hr>96</ns3:hr>
            <ns3:cad>43</ns3:cad>
          </ns3:TrackPointExtension>
        </extensions>
      </trkpt>
      <trkpt lat="46.40392460860311985015869140625" lon="23.45308919437229633331298828125">
        <ele>489.20001220703125</ele>
        <time>2024-11-10T10:38:27.000Z</time>
        <extensions>
          <ns3:TrackPointExtension>
            <ns3:hr>97</ns3:hr>
            <ns3:cad>0</ns3:cad>
          </ns3:TrackPointExtension>
        </extensions>
      </trkpt>
      <trkpt lat="46.4038891531527042388916015625" lon="23.4531583450734615325927734375">
        <ele>489.399993896484375</ele>
        <time>2024-11-10T10:38:32.000Z</time>
        <extensions>
          <ns3:TrackPointExtension>
            <ns3:hr>97</ns3:hr>
            <ns3:cad>43</ns3:cad>
          </ns3:TrackPointExtension>
        </extensions>
      </trkpt>
      <trkpt lat="46.40387423336505889892578125" lon="23.4531962312757968902587890625">
        <ele>489.79998779296875</ele>
        <time>2024-11-10T10:38:36.000Z</time>
        <extensions>
          <ns3:TrackPointExtension>
            <ns3:hr>98</ns3:hr>
            <ns3:cad>0</ns3:cad>
          </ns3:TrackPointExtension>
        </extensions>
      </trkpt>
      <trkpt lat="46.403857804834842681884765625" lon="23.45323654823005199432373046875">
        <ele>490.20001220703125</ele>
        <time>2024-11-10T10:38:40.000Z</time>
        <extensions>
          <ns3:TrackPointExtension>
            <ns3:hr>99</ns3:hr>
            <ns3:cad>0</ns3:cad>
          </ns3:TrackPointExtension>
        </extensions>
      </trkpt>
      <trkpt lat="46.403822600841522216796875" lon="23.4533045254647731781005859375">
        <ele>490.600006103515625</ele>
        <time>2024-11-10T10:38:47.000Z</time>
        <extensions>
          <ns3:TrackPointExtension>
            <ns3:hr>100</ns3:hr>
            <ns3:cad>43</ns3:cad>
          </ns3:TrackPointExtension>
        </extensions>
      </trkpt>
      <trkpt lat="46.40379016287624835968017578125" lon="23.45339714549481868743896484375">
        <ele>490.79998779296875</ele>
        <time>2024-11-10T10:38:55.000Z</time>
        <extensions>
          <ns3:TrackPointExtension>
            <ns3:hr>98</ns3:hr>
            <ns3:cad>43</ns3:cad>
          </ns3:TrackPointExtension>
        </extensions>
      </trkpt>
      <trkpt lat="46.40378194861114025115966796875" lon="23.453439138829708099365234375">
        <ele>491</ele>
        <time>2024-11-10T10:38:58.000Z</time>
        <extensions>
          <ns3:TrackPointExtension>
            <ns3:hr>101</ns3:hr>
            <ns3:cad>44</ns3:cad>
          </ns3:TrackPointExtension>
        </extensions>
      </trkpt>
      <trkpt lat="46.403765939176082611083984375" lon="23.45351415686309337615966796875">
        <ele>491.399993896484375</ele>
        <time>2024-11-10T10:39:03.000Z</time>
        <extensions>
          <ns3:TrackPointExtension>
            <ns3:hr>98</ns3:hr>
            <ns3:cad>44</ns3:cad>
          </ns3:TrackPointExtension>
        </extensions>
      </trkpt>
      <trkpt lat="46.4037570543587207794189453125" lon="23.453554473817348480224609375">
        <ele>491.600006103515625</ele>
        <time>2024-11-10T10:39:06.000Z</time>
        <extensions>
          <ns3:TrackPointExtension>
            <ns3:hr>95</ns3:hr>
            <ns3:cad>43</ns3:cad>
          </ns3:TrackPointExtension>
        </extensions>
      </trkpt>
      <trkpt lat="46.403752528131008148193359375" lon="23.45358657650649547576904296875">
        <ele>491.79998779296875</ele>
        <time>2024-11-10T10:39:09.000Z</time>
        <extensions>
          <ns3:TrackPointExtension>
            <ns3:hr>95</ns3:hr>
            <ns3:cad>43</ns3:cad>
          </ns3:TrackPointExtension>
        </extensions>
      </trkpt>
      <trkpt lat="46.40375219285488128662109375" lon="23.4535965509712696075439453125">
        <ele>492</ele>
        <time>2024-11-10T10:39:10.000Z</time>
        <extensions>
          <ns3:TrackPointExtension>
            <ns3:hr>96</ns3:hr>
            <ns3:cad>43</ns3:cad>
          </ns3:TrackPointExtension>
        </extensions>
      </trkpt>
      <trkpt lat="46.4037506841123104095458984375" lon="23.45370258204638957977294921875">
        <ele>492.600006103515625</ele>
        <time>2024-11-10T10:39:18.000Z</time>
        <extensions>
          <ns3:TrackPointExtension>
            <ns3:hr>97</ns3:hr>
            <ns3:cad>43</ns3:cad>
          </ns3:TrackPointExtension>
        </extensions>
      </trkpt>
      <trkpt lat="46.40374791808426380157470703125" lon="23.4537507779896259307861328125">
        <ele>493</ele>
        <time>2024-11-10T10:39:22.000Z</time>
        <extensions>
          <ns3:TrackPointExtension>
            <ns3:hr>96</ns3:hr>
            <ns3:cad>43</ns3:cad>
          </ns3:TrackPointExtension>
        </extensions>
      </trkpt>
      <trkpt lat="46.40374138019979000091552734375" lon="23.45383769832551479339599609375">
        <ele>493.399993896484375</ele>
        <time>2024-11-10T10:39:28.000Z</time>
        <extensions>
          <ns3:TrackPointExtension>
            <ns3:hr>97</ns3:hr>
            <ns3:cad>44</ns3:cad>
          </ns3:TrackPointExtension>
        </extensions>
      </trkpt>
      <trkpt lat="46.4037332497537136077880859375" lon="23.45389888621866703033447265625">
        <ele>494</ele>
        <time>2024-11-10T10:39:33.000Z</time>
        <extensions>
          <ns3:TrackPointExtension>
            <ns3:hr>98</ns3:hr>
            <ns3:cad>44</ns3:cad>
          </ns3:TrackPointExtension>
        </extensions>
      </trkpt>
      <trkpt lat="46.4037312380969524383544921875" lon="23.45396107994019985198974609375">
        <ele>494.600006103515625</ele>
        <time>2024-11-10T10:39:39.000Z</time>
        <extensions>
          <ns3:TrackPointExtension>
            <ns3:hr>97</ns3:hr>
            <ns3:cad>43</ns3:cad>
          </ns3:TrackPointExtension>
        </extensions>
      </trkpt>
      <trkpt lat="46.40372109599411487579345703125" lon="23.45402914099395275115966796875">
        <ele>495</ele>
        <time>2024-11-10T10:39:44.000Z</time>
        <extensions>
          <ns3:TrackPointExtension>
            <ns3:hr>98</ns3:hr>
            <ns3:cad>40</ns3:cad>
          </ns3:TrackPointExtension>
        </extensions>
      </trkpt>
      <trkpt lat="46.4037097804248332977294921875" lon="23.4540746547281742095947265625">
        <ele>495.20001220703125</ele>
        <time>2024-11-10T10:39:48.000Z</time>
        <extensions>
          <ns3:TrackPointExtension>
            <ns3:hr>98</ns3:hr>
            <ns3:cad>42</ns3:cad>
          </ns3:TrackPointExtension>
        </extensions>
      </trkpt>
      <trkpt lat="46.40369142405688762664794921875" lon="23.4541430510580539703369140625">
        <ele>496</ele>
        <time>2024-11-10T10:39:54.000Z</time>
        <extensions>
          <ns3:TrackPointExtension>
            <ns3:hr>100</ns3:hr>
            <ns3:cad>42</ns3:cad>
          </ns3:TrackPointExtension>
        </extensions>
      </trkpt>
      <trkpt lat="46.4036859758198261260986328125" lon="23.45416040159761905670166015625">
        <ele>496.399993896484375</ele>
        <time>2024-11-10T10:39:56.000Z</time>
        <extensions>
          <ns3:TrackPointExtension>
            <ns3:hr>98</ns3:hr>
            <ns3:cad>42</ns3:cad>
          </ns3:TrackPointExtension>
        </extensions>
      </trkpt>
      <trkpt lat="46.4036469161510467529296875" lon="23.45422578044235706329345703125">
        <ele>497</ele>
        <time>2024-11-10T10:40:03.000Z</time>
        <extensions>
          <ns3:TrackPointExtension>
            <ns3:hr>101</ns3:hr>
            <ns3:cad>42</ns3:cad>
          </ns3:TrackPointExtension>
        </extensions>
      </trkpt>
      <trkpt lat="46.403638534247875213623046875" lon="23.45423818565905094146728515625">
        <ele>497</ele>
        <time>2024-11-10T10:40:04.000Z</time>
        <extensions>
          <ns3:TrackPointExtension>
            <ns3:hr>101</ns3:hr>
            <ns3:cad>42</ns3:cad>
          </ns3:TrackPointExtension>
        </extensions>
      </trkpt>
      <trkpt lat="46.40363107435405254364013671875" lon="23.4542496688663959503173828125">
        <ele>497.20001220703125</ele>
        <time>2024-11-10T10:40:05.000Z</time>
        <extensions>
          <ns3:TrackPointExtension>
            <ns3:hr>101</ns3:hr>
            <ns3:cad>42</ns3:cad>
          </ns3:TrackPointExtension>
        </extensions>
      </trkpt>
      <trkpt lat="46.40358053147792816162109375" lon="23.4543113596737384796142578125">
        <ele>497.399993896484375</ele>
        <time>2024-11-10T10:40:12.000Z</time>
        <extensions>
          <ns3:TrackPointExtension>
            <ns3:hr>100</ns3:hr>
            <ns3:cad>42</ns3:cad>
          </ns3:TrackPointExtension>
        </extensions>
      </trkpt>
      <trkpt lat="46.403524875640869140625" lon="23.45441755838692188262939453125">
        <ele>497.600006103515625</ele>
        <time>2024-11-10T10:40:20.000Z</time>
        <extensions>
          <ns3:TrackPointExtension>
            <ns3:hr>100</ns3:hr>
            <ns3:cad>43</ns3:cad>
          </ns3:TrackPointExtension>
        </extensions>
      </trkpt>
      <trkpt lat="46.40351238660514354705810546875" lon="23.45447120256721973419189453125">
        <ele>498</ele>
        <time>2024-11-10T10:40:27.000Z</time>
        <extensions>
          <ns3:TrackPointExtension>
            <ns3:hr>96</ns3:hr>
            <ns3:cad>45</ns3:cad>
          </ns3:TrackPointExtension>
        </extensions>
      </trkpt>
      <trkpt lat="46.4035190083086490631103515625" lon="23.45449433661997318267822265625">
        <ele>498</ele>
        <time>2024-11-10T10:40:29.000Z</time>
        <extensions>
          <ns3:TrackPointExtension>
            <ns3:hr>96</ns3:hr>
            <ns3:cad>45</ns3:cad>
          </ns3:TrackPointExtension>
        </extensions>
      </trkpt>
      <trkpt lat="46.4035237021744251251220703125" lon="23.45451696775853633880615234375">
        <ele>498.20001220703125</ele>
        <time>2024-11-10T10:40:31.000Z</time>
        <extensions>
          <ns3:TrackPointExtension>
            <ns3:hr>95</ns3:hr>
            <ns3:cad>42</ns3:cad>
          </ns3:TrackPointExtension>
        </extensions>
      </trkpt>
      <trkpt lat="46.40354440547525882720947265625" lon="23.454593159258365631103515625">
        <ele>498.600006103515625</ele>
        <time>2024-11-10T10:40:38.000Z</time>
        <extensions>
          <ns3:TrackPointExtension>
            <ns3:hr>96</ns3:hr>
            <ns3:cad>43</ns3:cad>
          </ns3:TrackPointExtension>
        </extensions>
      </trkpt>
      <trkpt lat="46.4035686291754245758056640625" lon="23.45468158833682537078857421875">
        <ele>499</ele>
        <time>2024-11-10T10:40:45.000Z</time>
        <extensions>
          <ns3:TrackPointExtension>
            <ns3:hr>95</ns3:hr>
            <ns3:cad>42</ns3:cad>
          </ns3:TrackPointExtension>
        </extensions>
      </trkpt>
      <trkpt lat="46.4035692997276782989501953125" lon="23.45469332300126552581787109375">
        <ele>499.20001220703125</ele>
        <time>2024-11-10T10:40:46.000Z</time>
        <extensions>
          <ns3:TrackPointExtension>
            <ns3:hr>95</ns3:hr>
            <ns3:cad>41</ns3:cad>
          </ns3:TrackPointExtension>
        </extensions>
      </trkpt>
      <trkpt lat="46.40357424505054950714111328125" lon="23.4547455422580242156982421875">
        <ele>499.600006103515625</ele>
        <time>2024-11-10T10:40:50.000Z</time>
        <extensions>
          <ns3:TrackPointExtension>
            <ns3:hr>99</ns3:hr>
            <ns3:cad>41</ns3:cad>
          </ns3:TrackPointExtension>
        </extensions>
      </trkpt>
      <trkpt lat="46.40356787480413913726806640625" lon="23.45480916090309619903564453125">
        <ele>500</ele>
        <time>2024-11-10T10:40:55.000Z</time>
        <extensions>
          <ns3:TrackPointExtension>
            <ns3:hr>101</ns3:hr>
            <ns3:cad>41</ns3:cad>
          </ns3:TrackPointExtension>
        </extensions>
      </trkpt>
      <trkpt lat="46.40357650816440582275390625" lon="23.4548266790807247161865234375">
        <ele>500.20001220703125</ele>
        <time>2024-11-10T10:41:00.000Z</time>
        <extensions>
          <ns3:TrackPointExtension>
            <ns3:hr>99</ns3:hr>
            <ns3:cad>0</ns3:cad>
          </ns3:TrackPointExtension>
        </extensions>
      </trkpt>
      <trkpt lat="46.4035749994218349456787109375" lon="23.4548337198793888092041015625">
        <ele>500.399993896484375</ele>
        <time>2024-11-10T10:41:02.000Z</time>
        <extensions>
          <ns3:TrackPointExtension>
            <ns3:hr>95</ns3:hr>
            <ns3:cad>0</ns3:cad>
          </ns3:TrackPointExtension>
        </extensions>
      </trkpt>
      <trkpt lat="46.4035716466605663299560546875" lon="23.454868756234645843505859375">
        <ele>500.399993896484375</ele>
        <time>2024-11-10T10:41:06.000Z</time>
        <extensions>
          <ns3:TrackPointExtension>
            <ns3:hr>92</ns3:hr>
            <ns3:cad>0</ns3:cad>
          </ns3:TrackPointExtension>
        </extensions>
      </trkpt>
      <trkpt lat="46.40354356728494167327880859375" lon="23.4549346379935741424560546875">
        <ele>500.79998779296875</ele>
        <time>2024-11-10T10:41:11.000Z</time>
        <extensions>
          <ns3:TrackPointExtension>
            <ns3:hr>95</ns3:hr>
            <ns3:cad>76</ns3:cad>
          </ns3:TrackPointExtension>
        </extensions>
      </trkpt>
      <trkpt lat="46.40353434719145298004150390625" lon="23.45495400018990039825439453125">
        <ele>501</ele>
        <time>2024-11-10T10:41:12.000Z</time>
        <extensions>
          <ns3:TrackPointExtension>
            <ns3:hr>96</ns3:hr>
            <ns3:cad>40</ns3:cad>
          </ns3:TrackPointExtension>
        </extensions>
      </trkpt>
      <trkpt lat="46.40350584872066974639892578125" lon="23.45500865019857883453369140625">
        <ele>501.399993896484375</ele>
        <time>2024-11-10T10:41:17.000Z</time>
        <extensions>
          <ns3:TrackPointExtension>
            <ns3:hr>98</ns3:hr>
            <ns3:cad>40</ns3:cad>
          </ns3:TrackPointExtension>
        </extensions>
      </trkpt>
      <trkpt lat="46.40348657034337520599365234375" lon="23.45506061799824237823486328125">
        <ele>501.79998779296875</ele>
        <time>2024-11-10T10:41:22.000Z</time>
        <extensions>
          <ns3:TrackPointExtension>
            <ns3:hr>97</ns3:hr>
            <ns3:cad>41</ns3:cad>
          </ns3:TrackPointExtension>
        </extensions>
      </trkpt>
      <trkpt lat="46.40345857478678226470947265625" lon="23.45514209009706974029541015625">
        <ele>502.399993896484375</ele>
        <time>2024-11-10T10:41:29.000Z</time>
        <extensions>
          <ns3:TrackPointExtension>
            <ns3:hr>100</ns3:hr>
            <ns3:cad>41</ns3:cad>
          </ns3:TrackPointExtension>
        </extensions>
      </trkpt>
      <trkpt lat="46.4034452475607395172119140625" lon="23.45515985973179340362548828125">
        <ele>502.600006103515625</ele>
        <time>2024-11-10T10:41:31.000Z</time>
        <extensions>
          <ns3:TrackPointExtension>
            <ns3:hr>102</ns3:hr>
            <ns3:cad>41</ns3:cad>
          </ns3:TrackPointExtension>
        </extensions>
      </trkpt>
      <trkpt lat="46.40340375714004039764404296875" lon="23.45521266572177410125732421875">
        <ele>503.399993896484375</ele>
        <time>2024-11-10T10:41:36.000Z</time>
        <extensions>
          <ns3:TrackPointExtension>
            <ns3:hr>103</ns3:hr>
            <ns3:cad>43</ns3:cad>
          </ns3:TrackPointExtension>
        </extensions>
      </trkpt>
      <trkpt lat="46.4033567346632480621337890625" lon="23.4552434273064136505126953125">
        <ele>504</ele>
        <time>2024-11-10T10:41:41.000Z</time>
        <extensions>
          <ns3:TrackPointExtension>
            <ns3:hr>106</ns3:hr>
            <ns3:cad>79</ns3:cad>
          </ns3:TrackPointExtension>
        </extensions>
      </trkpt>
      <trkpt lat="46.403335444629192352294921875" lon="23.455260358750820159912109375">
        <ele>504.20001220703125</ele>
        <time>2024-11-10T10:41:43.000Z</time>
        <extensions>
          <ns3:TrackPointExtension>
            <ns3:hr>107</ns3:hr>
            <ns3:cad>41</ns3:cad>
          </ns3:TrackPointExtension>
        </extensions>
      </trkpt>
      <trkpt lat="46.40330535359680652618408203125" lon="23.45529179088771343231201171875">
        <ele>504.600006103515625</ele>
        <time>2024-11-10T10:41:46.000Z</time>
        <extensions>
          <ns3:TrackPointExtension>
            <ns3:hr>108</ns3:hr>
            <ns3:cad>42</ns3:cad>
          </ns3:TrackPointExtension>
        </extensions>
      </trkpt>
      <trkpt lat="46.4032886736094951629638671875" lon="23.45531341619789600372314453125">
        <ele>504.79998779296875</ele>
        <time>2024-11-10T10:41:50.000Z</time>
        <extensions>
          <ns3:TrackPointExtension>
            <ns3:hr>109</ns3:hr>
            <ns3:cad>41</ns3:cad>
          </ns3:TrackPointExtension>
        </extensions>
      </trkpt>
      <trkpt lat="46.40325129032135009765625" lon="23.455324731767177581787109375">
        <ele>505.600006103515625</ele>
        <time>2024-11-10T10:41:57.000Z</time>
        <extensions>
          <ns3:TrackPointExtension>
            <ns3:hr>107</ns3:hr>
            <ns3:cad>0</ns3:cad>
          </ns3:TrackPointExtension>
        </extensions>
      </trkpt>
      <trkpt lat="46.40322555787861347198486328125" lon="23.45533856190741062164306640625">
        <ele>505.79998779296875</ele>
        <time>2024-11-10T10:42:00.000Z</time>
        <extensions>
          <ns3:TrackPointExtension>
            <ns3:hr>105</ns3:hr>
            <ns3:cad>74</ns3:cad>
          </ns3:TrackPointExtension>
        </extensions>
      </trkpt>
      <trkpt lat="46.40316613018512725830078125" lon="23.45539103262126445770263671875">
        <ele>506.600006103515625</ele>
        <time>2024-11-10T10:42:09.000Z</time>
        <extensions>
          <ns3:TrackPointExtension>
            <ns3:hr>104</ns3:hr>
            <ns3:cad>41</ns3:cad>
          </ns3:TrackPointExtension>
        </extensions>
      </trkpt>
      <trkpt lat="46.403159089386463165283203125" lon="23.45539924688637256622314453125">
        <ele>506.79998779296875</ele>
        <time>2024-11-10T10:42:10.000Z</time>
        <extensions>
          <ns3:TrackPointExtension>
            <ns3:hr>105</ns3:hr>
            <ns3:cad>41</ns3:cad>
          </ns3:TrackPointExtension>
        </extensions>
      </trkpt>
      <trkpt lat="46.4031131565570831298828125" lon="23.455475606024265289306640625">
        <ele>507.600006103515625</ele>
        <time>2024-11-10T10:42:20.000Z</time>
        <extensions>
          <ns3:TrackPointExtension>
            <ns3:hr>108</ns3:hr>
            <ns3:cad>41</ns3:cad>
          </ns3:TrackPointExtension>
        </extensions>
      </trkpt>
      <trkpt lat="46.403102092444896697998046875" lon="23.45550284720957279205322265625">
        <ele>507.600006103515625</ele>
        <time>2024-11-10T10:42:23.000Z</time>
        <extensions>
          <ns3:TrackPointExtension>
            <ns3:hr>109</ns3:hr>
            <ns3:cad>43</ns3:cad>
          </ns3:TrackPointExtension>
        </extensions>
      </trkpt>
      <trkpt lat="46.40311005525290966033935546875" lon="23.45553587190806865692138671875">
        <ele>508</ele>
        <time>2024-11-10T10:42:28.000Z</time>
        <extensions>
          <ns3:TrackPointExtension>
            <ns3:hr>108</ns3:hr>
            <ns3:cad>41</ns3:cad>
          </ns3:TrackPointExtension>
        </extensions>
      </trkpt>
      <trkpt lat="46.40313017182052135467529296875" lon="23.4555892646312713623046875">
        <ele>508.399993896484375</ele>
        <time>2024-11-10T10:42:33.000Z</time>
        <extensions>
          <ns3:TrackPointExtension>
            <ns3:hr>105</ns3:hr>
            <ns3:cad>42</ns3:cad>
          </ns3:TrackPointExtension>
        </extensions>
      </trkpt>
      <trkpt lat="46.403147689998149871826171875" lon="23.45561047084629535675048828125">
        <ele>508.79998779296875</ele>
        <time>2024-11-10T10:42:36.000Z</time>
        <extensions>
          <ns3:TrackPointExtension>
            <ns3:hr>104</ns3:hr>
            <ns3:cad>41</ns3:cad>
          </ns3:TrackPointExtension>
        </extensions>
      </trkpt>
      <trkpt lat="46.40315464697778224945068359375" lon="23.45561516471207141876220703125">
        <ele>509</ele>
        <time>2024-11-10T10:42:37.000Z</time>
        <extensions>
          <ns3:TrackPointExtension>
            <ns3:hr>104</ns3:hr>
            <ns3:cad>41</ns3:cad>
          </ns3:TrackPointExtension>
        </extensions>
      </trkpt>
      <trkpt lat="46.403195969760417938232421875" lon="23.4556638635694980621337890625">
        <ele>509.399993896484375</ele>
        <time>2024-11-10T10:42:45.000Z</time>
        <extensions>
          <ns3:TrackPointExtension>
            <ns3:hr>100</ns3:hr>
            <ns3:cad>79</ns3:cad>
          </ns3:TrackPointExtension>
        </extensions>
      </trkpt>
      <trkpt lat="46.40320125035941600799560546875" lon="23.45566746778786182403564453125">
        <ele>509.600006103515625</ele>
        <time>2024-11-10T10:42:46.000Z</time>
        <extensions>
          <ns3:TrackPointExtension>
            <ns3:hr>97</ns3:hr>
            <ns3:cad>79</ns3:cad>
          </ns3:TrackPointExtension>
        </extensions>
      </trkpt>
      <trkpt lat="46.40321172773838043212890625" lon="23.4556769393384456634521484375">
        <ele>509.600006103515625</ele>
        <time>2024-11-10T10:42:48.000Z</time>
        <extensions>
          <ns3:TrackPointExtension>
            <ns3:hr>94</ns3:hr>
            <ns3:cad>79</ns3:cad>
          </ns3:TrackPointExtension>
        </extensions>
      </trkpt>
      <trkpt lat="46.403216421604156494140625" lon="23.45568381249904632568359375">
        <ele>509.79998779296875</ele>
        <time>2024-11-10T10:42:49.000Z</time>
        <extensions>
          <ns3:TrackPointExtension>
            <ns3:hr>94</ns3:hr>
            <ns3:cad>79</ns3:cad>
          </ns3:TrackPointExtension>
        </extensions>
      </trkpt>
      <trkpt lat="46.40324433334171772003173828125" lon="23.455724380910396575927734375">
        <ele>510.399993896484375</ele>
        <time>2024-11-10T10:42:54.000Z</time>
        <extensions>
          <ns3:TrackPointExtension>
            <ns3:hr>96</ns3:hr>
            <ns3:cad>41</ns3:cad>
          </ns3:TrackPointExtension>
        </extensions>
      </trkpt>
      <trkpt lat="46.40325522981584072113037109375" lon="23.45574240200221538543701171875">
        <ele>511</ele>
        <time>2024-11-10T10:42:57.000Z</time>
        <extensions>
          <ns3:TrackPointExtension>
            <ns3:hr>100</ns3:hr>
            <ns3:cad>79</ns3:cad>
          </ns3:TrackPointExtension>
        </extensions>
      </trkpt>
      <trkpt lat="46.403264701366424560546875" lon="23.45576100982725620269775390625">
        <ele>511.20001220703125</ele>
        <time>2024-11-10T10:42:59.000Z</time>
        <extensions>
          <ns3:TrackPointExtension>
            <ns3:hr>103</ns3:hr>
            <ns3:cad>78</ns3:cad>
          </ns3:TrackPointExtension>
        </extensions>
      </trkpt>
      <trkpt lat="46.40327517874538898468017578125" lon="23.45580526627600193023681640625">
        <ele>512</ele>
        <time>2024-11-10T10:43:04.000Z</time>
        <extensions>
          <ns3:TrackPointExtension>
            <ns3:hr>105</ns3:hr>
            <ns3:cad>78</ns3:cad>
          </ns3:TrackPointExtension>
        </extensions>
      </trkpt>
      <trkpt lat="46.403275430202484130859375" lon="23.45581029541790485382080078125">
        <ele>512</ele>
        <time>2024-11-10T10:43:05.000Z</time>
        <extensions>
          <ns3:TrackPointExtension>
            <ns3:hr>105</ns3:hr>
            <ns3:cad>0</ns3:cad>
          </ns3:TrackPointExtension>
        </extensions>
      </trkpt>
      <trkpt lat="46.40325053595006465911865234375" lon="23.455916829407215118408203125">
        <ele>513</ele>
        <time>2024-11-10T10:43:14.000Z</time>
        <extensions>
          <ns3:TrackPointExtension>
            <ns3:hr>108</ns3:hr>
            <ns3:cad>77</ns3:cad>
          </ns3:TrackPointExtension>
        </extensions>
      </trkpt>
      <trkpt lat="46.403232850134372711181640625" lon="23.45595580525696277618408203125">
        <ele>513.5999755859375</ele>
        <time>2024-11-10T10:43:18.000Z</time>
        <extensions>
          <ns3:TrackPointExtension>
            <ns3:hr>111</ns3:hr>
            <ns3:cad>78</ns3:cad>
          </ns3:TrackPointExtension>
        </extensions>
      </trkpt>
      <trkpt lat="46.40322153456509113311767578125" lon="23.4559755027294158935546875">
        <ele>513.79998779296875</ele>
        <time>2024-11-10T10:43:20.000Z</time>
        <extensions>
          <ns3:TrackPointExtension>
            <ns3:hr>115</ns3:hr>
            <ns3:cad>76</ns3:cad>
          </ns3:TrackPointExtension>
        </extensions>
      </trkpt>
      <trkpt lat="46.40320762060582637786865234375" lon="23.4559969604015350341796875">
        <ele>514</ele>
        <time>2024-11-10T10:43:22.000Z</time>
        <extensions>
          <ns3:TrackPointExtension>
            <ns3:hr>117</ns3:hr>
            <ns3:cad>78</ns3:cad>
          </ns3:TrackPointExtension>
        </extensions>
      </trkpt>
      <trkpt lat="46.40319429337978363037109375" lon="23.4560105390846729278564453125">
        <ele>514.20001220703125</ele>
        <time>2024-11-10T10:43:24.000Z</time>
        <extensions>
          <ns3:TrackPointExtension>
            <ns3:hr>117</ns3:hr>
            <ns3:cad>78</ns3:cad>
          </ns3:TrackPointExtension>
        </extensions>
      </trkpt>
      <trkpt lat="46.403162442147731781005859375" lon="23.4560259617865085601806640625">
        <ele>514.4000244140625</ele>
        <time>2024-11-10T10:43:27.000Z</time>
        <extensions>
          <ns3:TrackPointExtension>
            <ns3:hr>113</ns3:hr>
            <ns3:cad>79</ns3:cad>
          </ns3:TrackPointExtension>
        </extensions>
      </trkpt>
      <trkpt lat="46.4031398110091686248779296875" lon="23.4560427255928516387939453125">
        <ele>514.79998779296875</ele>
        <time>2024-11-10T10:43:29.000Z</time>
        <extensions>
          <ns3:TrackPointExtension>
            <ns3:hr>110</ns3:hr>
            <ns3:cad>79</ns3:cad>
          </ns3:TrackPointExtension>
        </extensions>
      </trkpt>
      <trkpt lat="46.403126232326030731201171875" lon="23.45605789683759212493896484375">
        <ele>515.20001220703125</ele>
        <time>2024-11-10T10:43:32.000Z</time>
        <extensions>
          <ns3:TrackPointExtension>
            <ns3:hr>108</ns3:hr>
            <ns3:cad>0</ns3:cad>
          </ns3:TrackPointExtension>
        </extensions>
      </trkpt>
      <trkpt lat="46.40308189205825328826904296875" lon="23.45606862567365169525146484375">
        <ele>516.20001220703125</ele>
        <time>2024-11-10T10:43:40.000Z</time>
        <extensions>
          <ns3:TrackPointExtension>
            <ns3:hr>107</ns3:hr>
            <ns3:cad>0</ns3:cad>
          </ns3:TrackPointExtension>
        </extensions>
      </trkpt>
      <trkpt lat="46.4030640386044979095458984375" lon="23.4560708887875080108642578125">
        <ele>516.4000244140625</ele>
        <time>2024-11-10T10:43:43.000Z</time>
        <extensions>
          <ns3:TrackPointExtension>
            <ns3:hr>107</ns3:hr>
            <ns3:cad>70</ns3:cad>
          </ns3:TrackPointExtension>
        </extensions>
      </trkpt>
      <trkpt lat="46.40298399142920970916748046875" lon="23.4561027400195598602294921875">
        <ele>517</ele>
        <time>2024-11-10T10:43:54.000Z</time>
        <extensions>
          <ns3:TrackPointExtension>
            <ns3:hr>106</ns3:hr>
            <ns3:cad>70</ns3:cad>
          </ns3:TrackPointExtension>
        </extensions>
      </trkpt>
      <trkpt lat="46.40295482240617275238037109375" lon="23.4561171568930149078369140625">
        <ele>517.20001220703125</ele>
        <time>2024-11-10T10:43:57.000Z</time>
        <extensions>
          <ns3:TrackPointExtension>
            <ns3:hr>108</ns3:hr>
            <ns3:cad>76</ns3:cad>
          </ns3:TrackPointExtension>
        </extensions>
      </trkpt>
      <trkpt lat="46.40291375108063220977783203125" lon="23.4561386145651340484619140625">
        <ele>518</ele>
        <time>2024-11-10T10:44:02.000Z</time>
        <extensions>
          <ns3:TrackPointExtension>
            <ns3:hr>105</ns3:hr>
            <ns3:cad>41</ns3:cad>
          </ns3:TrackPointExtension>
        </extensions>
      </trkpt>
      <trkpt lat="46.402908973395824432373046875" lon="23.45614439807832241058349609375">
        <ele>518</ele>
        <time>2024-11-10T10:44:03.000Z</time>
        <extensions>
          <ns3:TrackPointExtension>
            <ns3:hr>105</ns3:hr>
            <ns3:cad>40</ns3:cad>
          </ns3:TrackPointExtension>
        </extensions>
      </trkpt>
      <trkpt lat="46.40290620736777782440185546875" lon="23.45615194179117679595947265625">
        <ele>518.20001220703125</ele>
        <time>2024-11-10T10:44:04.000Z</time>
        <extensions>
          <ns3:TrackPointExtension>
            <ns3:hr>106</ns3:hr>
            <ns3:cad>40</ns3:cad>
          </ns3:TrackPointExtension>
        </extensions>
      </trkpt>
      <trkpt lat="46.4029010944068431854248046875" lon="23.4561605751514434814453125">
        <ele>518.4000244140625</ele>
        <time>2024-11-10T10:44:05.000Z</time>
        <extensions>
          <ns3:TrackPointExtension>
            <ns3:hr>107</ns3:hr>
            <ns3:cad>40</ns3:cad>
          </ns3:TrackPointExtension>
        </extensions>
      </trkpt>
      <trkpt lat="46.40287536196410655975341796875" lon="23.45618949271738529205322265625">
        <ele>519.5999755859375</ele>
        <time>2024-11-10T10:44:13.000Z</time>
        <extensions>
          <ns3:TrackPointExtension>
            <ns3:hr>108</ns3:hr>
            <ns3:cad>79</ns3:cad>
          </ns3:TrackPointExtension>
        </extensions>
      </trkpt>
      <trkpt lat="46.4028052054345607757568359375" lon="23.4562428854405879974365234375">
        <ele>520.4000244140625</ele>
        <time>2024-11-10T10:44:21.000Z</time>
        <extensions>
          <ns3:TrackPointExtension>
            <ns3:hr>108</ns3:hr>
            <ns3:cad>78</ns3:cad>
          </ns3:TrackPointExtension>
        </extensions>
      </trkpt>
      <trkpt lat="46.40279875136911869049072265625" lon="23.456247411668300628662109375">
        <ele>520.5999755859375</ele>
        <time>2024-11-10T10:44:22.000Z</time>
        <extensions>
          <ns3:TrackPointExtension>
            <ns3:hr>108</ns3:hr>
            <ns3:cad>75</ns3:cad>
          </ns3:TrackPointExtension>
        </extensions>
      </trkpt>
      <trkpt lat="46.40276782214641571044921875" lon="23.45627213828265666961669921875">
        <ele>520.5999755859375</ele>
        <time>2024-11-10T10:44:25.000Z</time>
        <extensions>
          <ns3:TrackPointExtension>
            <ns3:hr>105</ns3:hr>
            <ns3:cad>77</ns3:cad>
          </ns3:TrackPointExtension>
        </extensions>
      </trkpt>
      <trkpt lat="46.40271275304257869720458984375" lon="23.4563283808529376983642578125">
        <ele>521</ele>
        <time>2024-11-10T10:44:32.000Z</time>
        <extensions>
          <ns3:TrackPointExtension>
            <ns3:hr>104</ns3:hr>
            <ns3:cad>78</ns3:cad>
          </ns3:TrackPointExtension>
        </extensions>
      </trkpt>
      <trkpt lat="46.402673609554767608642578125" lon="23.45637858845293521881103515625">
        <ele>521.4000244140625</ele>
        <time>2024-11-10T10:44:39.000Z</time>
        <extensions>
          <ns3:TrackPointExtension>
            <ns3:hr>102</ns3:hr>
            <ns3:cad>0</ns3:cad>
          </ns3:TrackPointExtension>
        </extensions>
      </trkpt>
      <trkpt lat="46.402614600956439971923828125" lon="23.45646307803690433502197265625">
        <ele>521.5999755859375</ele>
        <time>2024-11-10T10:44:48.000Z</time>
        <extensions>
          <ns3:TrackPointExtension>
            <ns3:hr>104</ns3:hr>
            <ns3:cad>42</ns3:cad>
          </ns3:TrackPointExtension>
        </extensions>
      </trkpt>
      <trkpt lat="46.40261166729032993316650390625" lon="23.456472046673297882080078125">
        <ele>521.79998779296875</ele>
        <time>2024-11-10T10:44:49.000Z</time>
        <extensions>
          <ns3:TrackPointExtension>
            <ns3:hr>104</ns3:hr>
            <ns3:cad>42</ns3:cad>
          </ns3:TrackPointExtension>
        </extensions>
      </trkpt>
      <trkpt lat="46.4026035368442535400390625" lon="23.4564809314906597137451171875">
        <ele>522</ele>
        <time>2024-11-10T10:44:53.000Z</time>
        <extensions>
          <ns3:TrackPointExtension>
            <ns3:hr>101</ns3:hr>
            <ns3:cad>77</ns3:cad>
          </ns3:TrackPointExtension>
        </extensions>
      </trkpt>
      <trkpt lat="46.402591802179813385009765625" lon="23.45650113187730312347412109375">
        <ele>522.4000244140625</ele>
        <time>2024-11-10T10:44:55.000Z</time>
        <extensions>
          <ns3:TrackPointExtension>
            <ns3:hr>97</ns3:hr>
            <ns3:cad>74</ns3:cad>
          </ns3:TrackPointExtension>
        </extensions>
      </trkpt>
      <trkpt lat="46.40258316881954669952392578125" lon="23.45651638694107532501220703125">
        <ele>522.79998779296875</ele>
        <time>2024-11-10T10:44:57.000Z</time>
        <extensions>
          <ns3:TrackPointExtension>
            <ns3:hr>96</ns3:hr>
            <ns3:cad>71</ns3:cad>
          </ns3:TrackPointExtension>
        </extensions>
      </trkpt>
      <trkpt lat="46.40256070531904697418212890625" lon="23.4565634094178676605224609375">
        <ele>523.4000244140625</ele>
        <time>2024-11-10T10:45:02.000Z</time>
        <extensions>
          <ns3:TrackPointExtension>
            <ns3:hr>99</ns3:hr>
            <ns3:cad>75</ns3:cad>
          </ns3:TrackPointExtension>
        </extensions>
      </trkpt>
      <trkpt lat="46.40253103338181972503662109375" lon="23.45658998005092144012451171875">
        <ele>523.4000244140625</ele>
        <time>2024-11-10T10:45:06.000Z</time>
        <extensions>
          <ns3:TrackPointExtension>
            <ns3:hr>100</ns3:hr>
            <ns3:cad>79</ns3:cad>
          </ns3:TrackPointExtension>
        </extensions>
      </trkpt>
      <trkpt lat="46.4025042951107025146484375" lon="23.4565972723066806793212890625">
        <ele>523.79998779296875</ele>
        <time>2024-11-10T10:45:09.000Z</time>
        <extensions>
          <ns3:TrackPointExtension>
            <ns3:hr>101</ns3:hr>
            <ns3:cad>40</ns3:cad>
          </ns3:TrackPointExtension>
        </extensions>
      </trkpt>
      <trkpt lat="46.4024488069117069244384765625" lon="23.4565989486873149871826171875">
        <ele>524</ele>
        <time>2024-11-10T10:45:16.000Z</time>
        <extensions>
          <ns3:TrackPointExtension>
            <ns3:hr>100</ns3:hr>
            <ns3:cad>41</ns3:cad>
          </ns3:TrackPointExtension>
        </extensions>
      </trkpt>
      <trkpt lat="46.40240463428199291229248046875" lon="23.45665435306727886199951171875">
        <ele>523.79998779296875</ele>
        <time>2024-11-10T10:45:25.000Z</time>
        <extensions>
          <ns3:TrackPointExtension>
            <ns3:hr>97</ns3:hr>
            <ns3:cad>41</ns3:cad>
          </ns3:TrackPointExtension>
        </extensions>
      </trkpt>
      <trkpt lat="46.4023653231561183929443359375" lon="23.45669366419315338134765625">
        <ele>524</ele>
        <time>2024-11-10T10:45:32.000Z</time>
        <extensions>
          <ns3:TrackPointExtension>
            <ns3:hr>97</ns3:hr>
            <ns3:cad>41</ns3:cad>
          </ns3:TrackPointExtension>
        </extensions>
      </trkpt>
      <trkpt lat="46.402343697845935821533203125" lon="23.4567307122051715850830078125">
        <ele>524.4000244140625</ele>
        <time>2024-11-10T10:45:38.000Z</time>
        <extensions>
          <ns3:TrackPointExtension>
            <ns3:hr>94</ns3:hr>
            <ns3:cad>77</ns3:cad>
          </ns3:TrackPointExtension>
        </extensions>
      </trkpt>
      <trkpt lat="46.4023388363420963287353515625" lon="23.45673867501318454742431640625">
        <ele>524.4000244140625</ele>
        <time>2024-11-10T10:45:40.000Z</time>
        <extensions>
          <ns3:TrackPointExtension>
            <ns3:hr>94</ns3:hr>
            <ns3:cad>78</ns3:cad>
          </ns3:TrackPointExtension>
        </extensions>
      </trkpt>
      <trkpt lat="46.40232391655445098876953125" lon="23.4567434526979923248291015625">
        <ele>525</ele>
        <time>2024-11-10T10:45:43.000Z</time>
        <extensions>
          <ns3:TrackPointExtension>
            <ns3:hr>95</ns3:hr>
            <ns3:cad>79</ns3:cad>
          </ns3:TrackPointExtension>
        </extensions>
      </trkpt>
      <trkpt lat="46.4023130200803279876708984375" lon="23.456765078008174896240234375">
        <ele>525.20001220703125</ele>
        <time>2024-11-10T10:45:46.000Z</time>
        <extensions>
          <ns3:TrackPointExtension>
            <ns3:hr>98</ns3:hr>
            <ns3:cad>41</ns3:cad>
          </ns3:TrackPointExtension>
        </extensions>
      </trkpt>
      <trkpt lat="46.402311511337757110595703125" lon="23.45678888261318206787109375">
        <ele>525.5999755859375</ele>
        <time>2024-11-10T10:45:48.000Z</time>
        <extensions>
          <ns3:TrackPointExtension>
            <ns3:hr>100</ns3:hr>
            <ns3:cad>40</ns3:cad>
          </ns3:TrackPointExtension>
        </extensions>
      </trkpt>
      <trkpt lat="46.4022979326546192169189453125" lon="23.45682215876877307891845703125">
        <ele>525.79998779296875</ele>
        <time>2024-11-10T10:45:54.000Z</time>
        <extensions>
          <ns3:TrackPointExtension>
            <ns3:hr>103</ns3:hr>
            <ns3:cad>79</ns3:cad>
          </ns3:TrackPointExtension>
        </extensions>
      </trkpt>
      <trkpt lat="46.402294747531414031982421875" lon="23.456827439367771148681640625">
        <ele>526</ele>
        <time>2024-11-10T10:45:55.000Z</time>
        <extensions>
          <ns3:TrackPointExtension>
            <ns3:hr>103</ns3:hr>
            <ns3:cad>75</ns3:cad>
          </ns3:TrackPointExtension>
        </extensions>
      </trkpt>
      <trkpt lat="46.40229131095111370086669921875" lon="23.4568346478044986724853515625">
        <ele>526</ele>
        <time>2024-11-10T10:45:56.000Z</time>
        <extensions>
          <ns3:TrackPointExtension>
            <ns3:hr>103</ns3:hr>
            <ns3:cad>75</ns3:cad>
          </ns3:TrackPointExtension>
        </extensions>
      </trkpt>
      <trkpt lat="46.40225895680487155914306640625" lon="23.45689038746058940887451171875">
        <ele>526.79998779296875</ele>
        <time>2024-11-10T10:46:04.000Z</time>
        <extensions>
          <ns3:TrackPointExtension>
            <ns3:hr>100</ns3:hr>
            <ns3:cad>78</ns3:cad>
          </ns3:TrackPointExtension>
        </extensions>
      </trkpt>
      <trkpt lat="46.402253843843936920166015625" lon="23.45689885318279266357421875">
        <ele>527</ele>
        <time>2024-11-10T10:46:05.000Z</time>
        <extensions>
          <ns3:TrackPointExtension>
            <ns3:hr>100</ns3:hr>
            <ns3:cad>78</ns3:cad>
          </ns3:TrackPointExtension>
        </extensions>
      </trkpt>
      <trkpt lat="46.40223884023725986480712890625" lon="23.45699214376509189605712890625">
        <ele>528</ele>
        <time>2024-11-10T10:46:14.000Z</time>
        <extensions>
          <ns3:TrackPointExtension>
            <ns3:hr>98</ns3:hr>
            <ns3:cad>79</ns3:cad>
          </ns3:TrackPointExtension>
        </extensions>
      </trkpt>
      <trkpt lat="46.40224345028400421142578125" lon="23.45704260282218456268310546875">
        <ele>528</ele>
        <time>2024-11-10T10:46:18.000Z</time>
        <extensions>
          <ns3:TrackPointExtension>
            <ns3:hr>100</ns3:hr>
            <ns3:cad>41</ns3:cad>
          </ns3:TrackPointExtension>
        </extensions>
      </trkpt>
      <trkpt lat="46.40226582996547222137451171875" lon="23.45710161142051219940185546875">
        <ele>528.4000244140625</ele>
        <time>2024-11-10T10:46:23.000Z</time>
        <extensions>
          <ns3:TrackPointExtension>
            <ns3:hr>100</ns3:hr>
            <ns3:cad>79</ns3:cad>
          </ns3:TrackPointExtension>
        </extensions>
      </trkpt>
      <trkpt lat="46.4022902213037014007568359375" lon="23.4571454487740993499755859375">
        <ele>528.5999755859375</ele>
        <time>2024-11-10T10:46:27.000Z</time>
        <extensions>
          <ns3:TrackPointExtension>
            <ns3:hr>103</ns3:hr>
            <ns3:cad>41</ns3:cad>
          </ns3:TrackPointExtension>
        </extensions>
      </trkpt>
      <trkpt lat="46.40232525765895843505859375" lon="23.45720269717276096343994140625">
        <ele>529</ele>
        <time>2024-11-10T10:46:31.000Z</time>
        <extensions>
          <ns3:TrackPointExtension>
            <ns3:hr>104</ns3:hr>
            <ns3:cad>40</ns3:cad>
          </ns3:TrackPointExtension>
        </extensions>
      </trkpt>
      <trkpt lat="46.4023334719240665435791015625" lon="23.45721879042685031890869140625">
        <ele>529.20001220703125</ele>
        <time>2024-11-10T10:46:33.000Z</time>
        <extensions>
          <ns3:TrackPointExtension>
            <ns3:hr>104</ns3:hr>
            <ns3:cad>75</ns3:cad>
          </ns3:TrackPointExtension>
        </extensions>
      </trkpt>
      <trkpt lat="46.4023648202419281005859375" lon="23.4572440199553966522216796875">
        <ele>529.79998779296875</ele>
        <time>2024-11-10T10:46:41.000Z</time>
        <extensions>
          <ns3:TrackPointExtension>
            <ns3:hr>105</ns3:hr>
            <ns3:cad>0</ns3:cad>
          </ns3:TrackPointExtension>
        </extensions>
      </trkpt>
      <trkpt lat="46.4023649878799915313720703125" lon="23.4572493843734264373779296875">
        <ele>530.20001220703125</ele>
        <time>2024-11-10T10:46:46.000Z</time>
        <extensions>
          <ns3:TrackPointExtension>
            <ns3:hr>105</ns3:hr>
            <ns3:cad>0</ns3:cad>
          </ns3:TrackPointExtension>
        </extensions>
      </trkpt>
      <trkpt lat="46.40235417522490024566650390625" lon="23.45723505131900310516357421875">
        <ele>530.20001220703125</ele>
        <time>2024-11-10T10:46:50.000Z</time>
        <extensions>
          <ns3:TrackPointExtension>
            <ns3:hr>104</ns3:hr>
            <ns3:cad>0</ns3:cad>
          </ns3:TrackPointExtension>
        </extensions>
      </trkpt>
      <trkpt lat="46.40238954685628414154052734375" lon="23.4572490490972995758056640625">
        <ele>530.79998779296875</ele>
        <time>2024-11-10T10:46:59.000Z</time>
        <extensions>
          <ns3:TrackPointExtension>
            <ns3:hr>101</ns3:hr>
            <ns3:cad>77</ns3:cad>
          </ns3:TrackPointExtension>
        </extensions>
      </trkpt>
      <trkpt lat="46.402414105832576751708984375" lon="23.45726036466658115386962890625">
        <ele>531.20001220703125</ele>
        <time>2024-11-10T10:47:02.000Z</time>
        <extensions>
          <ns3:TrackPointExtension>
            <ns3:hr>99</ns3:hr>
            <ns3:cad>72</ns3:cad>
          </ns3:TrackPointExtension>
        </extensions>
      </trkpt>
      <trkpt lat="46.4024739526212215423583984375" lon="23.45730118453502655029296875">
        <ele>532.20001220703125</ele>
        <time>2024-11-10T10:47:10.000Z</time>
        <extensions>
          <ns3:TrackPointExtension>
            <ns3:hr>99</ns3:hr>
            <ns3:cad>73</ns3:cad>
          </ns3:TrackPointExtension>
        </extensions>
      </trkpt>
      <trkpt lat="46.4024870283901691436767578125" lon="23.45730009488761425018310546875">
        <ele>532.79998779296875</ele>
        <time>2024-11-10T10:47:14.000Z</time>
        <extensions>
          <ns3:TrackPointExtension>
            <ns3:hr>102</ns3:hr>
            <ns3:cad>77</ns3:cad>
          </ns3:TrackPointExtension>
        </extensions>
      </trkpt>
      <trkpt lat="46.40251644887030124664306640625" lon="23.45729984343051910400390625">
        <ele>533.20001220703125</ele>
        <time>2024-11-10T10:47:17.000Z</time>
        <extensions>
          <ns3:TrackPointExtension>
            <ns3:hr>105</ns3:hr>
            <ns3:cad>79</ns3:cad>
          </ns3:TrackPointExtension>
        </extensions>
      </trkpt>
      <trkpt lat="46.40252734534442424774169921875" lon="23.45729984343051910400390625">
        <ele>533.4000244140625</ele>
        <time>2024-11-10T10:47:18.000Z</time>
        <extensions>
          <ns3:TrackPointExtension>
            <ns3:hr>105</ns3:hr>
            <ns3:cad>79</ns3:cad>
          </ns3:TrackPointExtension>
        </extensions>
      </trkpt>
      <trkpt lat="46.4025487191975116729736328125" lon="23.457321636378765106201171875">
        <ele>534.4000244140625</ele>
        <time>2024-11-10T10:47:24.000Z</time>
        <extensions>
          <ns3:TrackPointExtension>
            <ns3:hr>107</ns3:hr>
            <ns3:cad>76</ns3:cad>
          </ns3:TrackPointExtension>
        </extensions>
      </trkpt>
      <trkpt lat="46.40255718491971492767333984375" lon="23.45733244903385639190673828125">
        <ele>534.5999755859375</ele>
        <time>2024-11-10T10:47:25.000Z</time>
        <extensions>
          <ns3:TrackPointExtension>
            <ns3:hr>108</ns3:hr>
            <ns3:cad>76</ns3:cad>
          </ns3:TrackPointExtension>
        </extensions>
      </trkpt>
      <trkpt lat="46.4025839231908321380615234375" lon="23.457362540066242218017578125">
        <ele>535.4000244140625</ele>
        <time>2024-11-10T10:47:30.000Z</time>
        <extensions>
          <ns3:TrackPointExtension>
            <ns3:hr>110</ns3:hr>
            <ns3:cad>71</ns3:cad>
          </ns3:TrackPointExtension>
        </extensions>
      </trkpt>
      <trkpt lat="46.40261032618582248687744140625" lon="23.4573821537196636199951171875">
        <ele>535.79998779296875</ele>
        <time>2024-11-10T10:47:33.000Z</time>
        <extensions>
          <ns3:TrackPointExtension>
            <ns3:hr>111</ns3:hr>
            <ns3:cad>73</ns3:cad>
          </ns3:TrackPointExtension>
        </extensions>
      </trkpt>
      <trkpt lat="46.4026405848562717437744140625" lon="23.4573918767273426055908203125">
        <ele>536.4000244140625</ele>
        <time>2024-11-10T10:47:38.000Z</time>
        <extensions>
          <ns3:TrackPointExtension>
            <ns3:hr>113</ns3:hr>
            <ns3:cad>72</ns3:cad>
          </ns3:TrackPointExtension>
        </extensions>
      </trkpt>
      <trkpt lat="46.40267193317413330078125" lon="23.45741777680814266204833984375">
        <ele>537</ele>
        <time>2024-11-10T10:47:42.000Z</time>
        <extensions>
          <ns3:TrackPointExtension>
            <ns3:hr>116</ns3:hr>
            <ns3:cad>78</ns3:cad>
          </ns3:TrackPointExtension>
        </extensions>
      </trkpt>
      <trkpt lat="46.4026905409991741180419921875" lon="23.45742951147258281707763671875">
        <ele>537.4000244140625</ele>
        <time>2024-11-10T10:47:45.000Z</time>
        <extensions>
          <ns3:TrackPointExtension>
            <ns3:hr>116</ns3:hr>
            <ns3:cad>74</ns3:cad>
          </ns3:TrackPointExtension>
        </extensions>
      </trkpt>
      <trkpt lat="46.40272113494575023651123046875" lon="23.45746588893234729766845703125">
        <ele>538</ele>
        <time>2024-11-10T10:47:50.000Z</time>
        <extensions>
          <ns3:TrackPointExtension>
            <ns3:hr>114</ns3:hr>
            <ns3:cad>79</ns3:cad>
          </ns3:TrackPointExtension>
        </extensions>
      </trkpt>
      <trkpt lat="46.4027505554258823394775390625" lon="23.45751567743718624114990234375">
        <ele>538.4000244140625</ele>
        <time>2024-11-10T10:47:53.000Z</time>
        <extensions>
          <ns3:TrackPointExtension>
            <ns3:hr>114</ns3:hr>
            <ns3:cad>78</ns3:cad>
          </ns3:TrackPointExtension>
        </extensions>
      </trkpt>
      <trkpt lat="46.402775533497333526611328125" lon="23.45756362192332744598388671875">
        <ele>539</ele>
        <time>2024-11-10T10:47:58.000Z</time>
        <extensions>
          <ns3:TrackPointExtension>
            <ns3:hr>114</ns3:hr>
            <ns3:cad>0</ns3:cad>
          </ns3:TrackPointExtension>
        </extensions>
      </trkpt>
      <trkpt lat="46.40278165228664875030517578125" lon="23.45759513787925243377685546875">
        <ele>539</ele>
        <time>2024-11-10T10:48:01.000Z</time>
        <extensions>
          <ns3:TrackPointExtension>
            <ns3:hr>117</ns3:hr>
            <ns3:cad>0</ns3:cad>
          </ns3:TrackPointExtension>
        </extensions>
      </trkpt>
      <trkpt lat="46.4027592726051807403564453125" lon="23.457628078758716583251953125">
        <ele>539.20001220703125</ele>
        <time>2024-11-10T10:48:07.000Z</time>
        <extensions>
          <ns3:TrackPointExtension>
            <ns3:hr>115</ns3:hr>
            <ns3:cad>0</ns3:cad>
          </ns3:TrackPointExtension>
        </extensions>
      </trkpt>
      <trkpt lat="46.4027564227581024169921875" lon="23.45761491917073726654052734375">
        <ele>539.20001220703125</ele>
        <time>2024-11-10T10:48:08.000Z</time>
        <extensions>
          <ns3:TrackPointExtension>
            <ns3:hr>116</ns3:hr>
            <ns3:cad>0</ns3:cad>
          </ns3:TrackPointExtension>
        </extensions>
      </trkpt>
      <trkpt lat="46.40275432728230953216552734375" lon="23.45760553143918514251708984375">
        <ele>539.20001220703125</ele>
        <time>2024-11-10T10:48:09.000Z</time>
        <extensions>
          <ns3:TrackPointExtension>
            <ns3:hr>112</ns3:hr>
            <ns3:cad>0</ns3:cad>
          </ns3:TrackPointExtension>
        </extensions>
      </trkpt>
      <trkpt lat="46.40274845995008945465087890625" lon="23.4576024301350116729736328125">
        <ele>539.20001220703125</ele>
        <time>2024-11-10T10:48:11.000Z</time>
        <extensions>
          <ns3:TrackPointExtension>
            <ns3:hr>109</ns3:hr>
            <ns3:cad>0</ns3:cad>
          </ns3:TrackPointExtension>
        </extensions>
      </trkpt>
      <trkpt lat="46.402746029198169708251953125" lon="23.45760083757340908050537109375">
        <ele>539.20001220703125</ele>
        <time>2024-11-10T10:48:13.000Z</time>
        <extensions>
          <ns3:TrackPointExtension>
            <ns3:hr>105</ns3:hr>
            <ns3:cad>0</ns3:cad>
          </ns3:TrackPointExtension>
        </extensions>
      </trkpt>
      <trkpt lat="46.40274058096110820770263671875" lon="23.45759932883083820343017578125">
        <ele>539.20001220703125</ele>
        <time>2024-11-10T10:48:14.000Z</time>
        <extensions>
          <ns3:TrackPointExtension>
            <ns3:hr>103</ns3:hr>
            <ns3:cad>0</ns3:cad>
          </ns3:TrackPointExtension>
        </extensions>
      </trkpt>
      <trkpt lat="46.40273421071469783782958984375" lon="23.4575994126498699188232421875">
        <ele>539.20001220703125</ele>
        <time>2024-11-10T10:48:16.000Z</time>
        <extensions>
          <ns3:TrackPointExtension>
            <ns3:hr>100</ns3:hr>
            <ns3:cad>0</ns3:cad>
          </ns3:TrackPointExtension>
        </extensions>
      </trkpt>
      <trkpt lat="46.40273152850568294525146484375" lon="23.4576000832021236419677734375">
        <ele>539.20001220703125</ele>
        <time>2024-11-10T10:48:18.000Z</time>
        <extensions>
          <ns3:TrackPointExtension>
            <ns3:hr>97</ns3:hr>
            <ns3:cad>0</ns3:cad>
          </ns3:TrackPointExtension>
        </extensions>
      </trkpt>
      <trkpt lat="46.4027508907020092010498046875" lon="23.457620032131671905517578125">
        <ele>539.20001220703125</ele>
        <time>2024-11-10T10:48:22.000Z</time>
        <extensions>
          <ns3:TrackPointExtension>
            <ns3:hr>93</ns3:hr>
            <ns3:cad>0</ns3:cad>
          </ns3:TrackPointExtension>
        </extensions>
      </trkpt>
      <trkpt lat="46.40275835059583187103271484375" lon="23.457631431519985198974609375">
        <ele>539.20001220703125</ele>
        <time>2024-11-10T10:48:23.000Z</time>
        <extensions>
          <ns3:TrackPointExtension>
            <ns3:hr>91</ns3:hr>
            <ns3:cad>0</ns3:cad>
          </ns3:TrackPointExtension>
        </extensions>
      </trkpt>
      <trkpt lat="46.40277813188731670379638671875" lon="23.45767158083617687225341796875">
        <ele>539.4000244140625</ele>
        <time>2024-11-10T10:48:31.000Z</time>
        <extensions>
          <ns3:TrackPointExtension>
            <ns3:hr>90</ns3:hr>
            <ns3:cad>0</ns3:cad>
          </ns3:TrackPointExtension>
        </extensions>
      </trkpt>
      <trkpt lat="46.4027840830385684967041015625" lon="23.4576679766178131103515625">
        <ele>539.5999755859375</ele>
        <time>2024-11-10T10:48:33.000Z</time>
        <extensions>
          <ns3:TrackPointExtension>
            <ns3:hr>90</ns3:hr>
            <ns3:cad>0</ns3:cad>
          </ns3:TrackPointExtension>
        </extensions>
      </trkpt>
      <trkpt lat="46.402789615094661712646484375" lon="23.4576845727860927581787109375">
        <ele>539.5999755859375</ele>
        <time>2024-11-10T10:48:36.000Z</time>
        <extensions>
          <ns3:TrackPointExtension>
            <ns3:hr>93</ns3:hr>
            <ns3:cad>0</ns3:cad>
          </ns3:TrackPointExtension>
        </extensions>
      </trkpt>
      <trkpt lat="46.40277327038347721099853515625" lon="23.4577177651226520538330078125">
        <ele>539.5999755859375</ele>
        <time>2024-11-10T10:48:40.000Z</time>
        <extensions>
          <ns3:TrackPointExtension>
            <ns3:hr>90</ns3:hr>
            <ns3:cad>0</ns3:cad>
          </ns3:TrackPointExtension>
        </extensions>
      </trkpt>
      <trkpt lat="46.40275751240551471710205078125" lon="23.45769152976572513580322265625">
        <ele>539.5999755859375</ele>
        <time>2024-11-10T10:48:45.000Z</time>
        <extensions>
          <ns3:TrackPointExtension>
            <ns3:hr>93</ns3:hr>
            <ns3:cad>0</ns3:cad>
          </ns3:TrackPointExtension>
        </extensions>
      </trkpt>
      <trkpt lat="46.4027579315006732940673828125" lon="23.457698486745357513427734375">
        <ele>539.4000244140625</ele>
        <time>2024-11-10T10:48:49.000Z</time>
        <extensions>
          <ns3:TrackPointExtension>
            <ns3:hr>93</ns3:hr>
            <ns3:cad>0</ns3:cad>
          </ns3:TrackPointExtension>
        </extensions>
      </trkpt>
      <trkpt lat="46.40276287682354450225830078125" lon="23.45780870877206325531005859375">
        <ele>539.20001220703125</ele>
        <time>2024-11-10T10:48:57.000Z</time>
        <extensions>
          <ns3:TrackPointExtension>
            <ns3:hr>91</ns3:hr>
            <ns3:cad>0</ns3:cad>
          </ns3:TrackPointExtension>
        </extensions>
      </trkpt>
      <trkpt lat="46.40276270918548107147216796875" lon="23.45784575678408145904541015625">
        <ele>539.4000244140625</ele>
        <time>2024-11-10T10:48:59.000Z</time>
        <extensions>
          <ns3:TrackPointExtension>
            <ns3:hr>88</ns3:hr>
            <ns3:cad>0</ns3:cad>
          </ns3:TrackPointExtension>
        </extensions>
      </trkpt>
      <trkpt lat="46.40276103280484676361083984375" lon="23.45786134712398052215576171875">
        <ele>539.4000244140625</ele>
        <time>2024-11-10T10:49:01.000Z</time>
        <extensions>
          <ns3:TrackPointExtension>
            <ns3:hr>85</ns3:hr>
            <ns3:cad>0</ns3:cad>
          </ns3:TrackPointExtension>
        </extensions>
      </trkpt>
      <trkpt lat="46.4027686603367328643798828125" lon="23.45786956138908863067626953125">
        <ele>539.4000244140625</ele>
        <time>2024-11-10T10:49:05.000Z</time>
        <extensions>
          <ns3:TrackPointExtension>
            <ns3:hr>85</ns3:hr>
            <ns3:cad>0</ns3:cad>
          </ns3:TrackPointExtension>
        </extensions>
      </trkpt>
      <trkpt lat="46.40279288403689861297607421875" lon="23.45790577121078968048095703125">
        <ele>539.4000244140625</ele>
        <time>2024-11-10T10:49:12.000Z</time>
        <extensions>
          <ns3:TrackPointExtension>
            <ns3:hr>82</ns3:hr>
            <ns3:cad>0</ns3:cad>
          </ns3:TrackPointExtension>
        </extensions>
      </trkpt>
      <trkpt lat="46.40279657207429409027099609375" lon="23.4579088725149631500244140625">
        <ele>539.4000244140625</ele>
        <time>2024-11-10T10:49:13.000Z</time>
        <extensions>
          <ns3:TrackPointExtension>
            <ns3:hr>82</ns3:hr>
            <ns3:cad>0</ns3:cad>
          </ns3:TrackPointExtension>
        </extensions>
      </trkpt>
      <trkpt lat="46.4028342068195343017578125" lon="23.45794935710728168487548828125">
        <ele>539.79998779296875</ele>
        <time>2024-11-10T10:49:19.000Z</time>
        <extensions>
          <ns3:TrackPointExtension>
            <ns3:hr>85</ns3:hr>
            <ns3:cad>0</ns3:cad>
          </ns3:TrackPointExtension>
        </extensions>
      </trkpt>
      <trkpt lat="46.40284250490367412567138671875" lon="23.4579601697623729705810546875">
        <ele>539.79998779296875</ele>
        <time>2024-11-10T10:49:20.000Z</time>
        <extensions>
          <ns3:TrackPointExtension>
            <ns3:hr>88</ns3:hr>
            <ns3:cad>75</ns3:cad>
          </ns3:TrackPointExtension>
        </extensions>
      </trkpt>
      <trkpt lat="46.40289916656911373138427734375" lon="23.4579983912408351898193359375">
        <ele>540</ele>
        <time>2024-11-10T10:49:28.000Z</time>
        <extensions>
          <ns3:TrackPointExtension>
            <ns3:hr>91</ns3:hr>
            <ns3:cad>75</ns3:cad>
          </ns3:TrackPointExtension>
        </extensions>
      </trkpt>
      <trkpt lat="46.40290335752069950103759765625" lon="23.4580220282077789306640625">
        <ele>540.20001220703125</ele>
        <time>2024-11-10T10:49:30.000Z</time>
        <extensions>
          <ns3:TrackPointExtension>
            <ns3:hr>94</ns3:hr>
            <ns3:cad>40</ns3:cad>
          </ns3:TrackPointExtension>
        </extensions>
      </trkpt>
      <trkpt lat="46.40291090123355388641357421875" lon="23.45808883197605609893798828125">
        <ele>540.79998779296875</ele>
        <time>2024-11-10T10:49:36.000Z</time>
        <extensions>
          <ns3:TrackPointExtension>
            <ns3:hr>96</ns3:hr>
            <ns3:cad>77</ns3:cad>
          </ns3:TrackPointExtension>
        </extensions>
      </trkpt>
      <trkpt lat="46.40291140414774417877197265625" lon="23.458171226084232330322265625">
        <ele>541</ele>
        <time>2024-11-10T10:49:46.000Z</time>
        <extensions>
          <ns3:TrackPointExtension>
            <ns3:hr>96</ns3:hr>
            <ns3:cad>0</ns3:cad>
          </ns3:TrackPointExtension>
        </extensions>
      </trkpt>
      <trkpt lat="46.40289346687495708465576171875" lon="23.4582122974097728729248046875">
        <ele>541</ele>
        <time>2024-11-10T10:49:50.000Z</time>
        <extensions>
          <ns3:TrackPointExtension>
            <ns3:hr>99</ns3:hr>
            <ns3:cad>77</ns3:cad>
          </ns3:TrackPointExtension>
        </extensions>
      </trkpt>
      <trkpt lat="46.40287050046026706695556640625" lon="23.4582662768661975860595703125">
        <ele>541.4000244140625</ele>
        <time>2024-11-10T10:49:54.000Z</time>
        <extensions>
          <ns3:TrackPointExtension>
            <ns3:hr>98</ns3:hr>
            <ns3:cad>47</ns3:cad>
          </ns3:TrackPointExtension>
        </extensions>
      </trkpt>
      <trkpt lat="46.40284636057913303375244140625" lon="23.45836996100842952728271484375">
        <ele>541.5999755859375</ele>
        <time>2024-11-10T10:50:01.000Z</time>
        <extensions>
          <ns3:TrackPointExtension>
            <ns3:hr>95</ns3:hr>
            <ns3:cad>41</ns3:cad>
          </ns3:TrackPointExtension>
        </extensions>
      </trkpt>
      <trkpt lat="46.4028454385697841644287109375" lon="23.4583859704434871673583984375">
        <ele>541.5999755859375</ele>
        <time>2024-11-10T10:50:02.000Z</time>
        <extensions>
          <ns3:TrackPointExtension>
            <ns3:hr>94</ns3:hr>
            <ns3:cad>40</ns3:cad>
          </ns3:TrackPointExtension>
        </extensions>
      </trkpt>
      <trkpt lat="46.40284569002687931060791015625" lon="23.45842628739774227142333984375">
        <ele>541.79998779296875</ele>
        <time>2024-11-10T10:50:05.000Z</time>
        <extensions>
          <ns3:TrackPointExtension>
            <ns3:hr>94</ns3:hr>
            <ns3:cad>80</ns3:cad>
          </ns3:TrackPointExtension>
        </extensions>
      </trkpt>
      <trkpt lat="46.4028481207787990570068359375" lon="23.45847574062645435333251953125">
        <ele>542.4000244140625</ele>
        <time>2024-11-10T10:50:10.000Z</time>
        <extensions>
          <ns3:TrackPointExtension>
            <ns3:hr>98</ns3:hr>
            <ns3:cad>41</ns3:cad>
          </ns3:TrackPointExtension>
        </extensions>
      </trkpt>
      <trkpt lat="46.40284485183656215667724609375" lon="23.45850407145917415618896484375">
        <ele>542.79998779296875</ele>
        <time>2024-11-10T10:50:12.000Z</time>
        <extensions>
          <ns3:TrackPointExtension>
            <ns3:hr>100</ns3:hr>
            <ns3:cad>41</ns3:cad>
          </ns3:TrackPointExtension>
        </extensions>
      </trkpt>
      <trkpt lat="46.4028414152562618255615234375" lon="23.45851480029523372650146484375">
        <ele>543</ele>
        <time>2024-11-10T10:50:13.000Z</time>
        <extensions>
          <ns3:TrackPointExtension>
            <ns3:hr>100</ns3:hr>
            <ns3:cad>40</ns3:cad>
          </ns3:TrackPointExtension>
        </extensions>
      </trkpt>
      <trkpt lat="46.4028068818151950836181640625" lon="23.458549417555332183837890625">
        <ele>544</ele>
        <time>2024-11-10T10:50:20.000Z</time>
        <extensions>
          <ns3:TrackPointExtension>
            <ns3:hr>102</ns3:hr>
            <ns3:cad>80</ns3:cad>
          </ns3:TrackPointExtension>
        </extensions>
      </trkpt>
      <trkpt lat="46.40280042774975299835205078125" lon="23.45855184830725193023681640625">
        <ele>544.20001220703125</ele>
        <time>2024-11-10T10:50:21.000Z</time>
        <extensions>
          <ns3:TrackPointExtension>
            <ns3:hr>103</ns3:hr>
            <ns3:cad>80</ns3:cad>
          </ns3:TrackPointExtension>
        </extensions>
      </trkpt>
      <trkpt lat="46.40278768725693225860595703125" lon="23.45856257714331150054931640625">
        <ele>544.4000244140625</ele>
        <time>2024-11-10T10:50:24.000Z</time>
        <extensions>
          <ns3:TrackPointExtension>
            <ns3:hr>106</ns3:hr>
            <ns3:cad>79</ns3:cad>
          </ns3:TrackPointExtension>
        </extensions>
      </trkpt>
      <trkpt lat="46.4027760364115238189697265625" lon="23.4585760720074176788330078125">
        <ele>545</ele>
        <time>2024-11-10T10:50:27.000Z</time>
        <extensions>
          <ns3:TrackPointExtension>
            <ns3:hr>107</ns3:hr>
            <ns3:cad>78</ns3:cad>
          </ns3:TrackPointExtension>
        </extensions>
      </trkpt>
      <trkpt lat="46.4027686603367328643798828125" lon="23.45858654938638210296630859375">
        <ele>545.4000244140625</ele>
        <time>2024-11-10T10:50:29.000Z</time>
        <extensions>
          <ns3:TrackPointExtension>
            <ns3:hr>108</ns3:hr>
            <ns3:cad>77</ns3:cad>
          </ns3:TrackPointExtension>
        </extensions>
      </trkpt>
      <trkpt lat="46.40275843441486358642578125" lon="23.45862443558871746063232421875">
        <ele>546</ele>
        <time>2024-11-10T10:50:33.000Z</time>
        <extensions>
          <ns3:TrackPointExtension>
            <ns3:hr>111</ns3:hr>
            <ns3:cad>76</ns3:cad>
          </ns3:TrackPointExtension>
        </extensions>
      </trkpt>
      <trkpt lat="46.402748711407184600830078125" lon="23.4586550295352935791015625">
        <ele>546.20001220703125</ele>
        <time>2024-11-10T10:50:35.000Z</time>
        <extensions>
          <ns3:TrackPointExtension>
            <ns3:hr>111</ns3:hr>
            <ns3:cad>76</ns3:cad>
          </ns3:TrackPointExtension>
        </extensions>
      </trkpt>
      <trkpt lat="46.40273404307663440704345703125" lon="23.4586897306144237518310546875">
        <ele>546.5999755859375</ele>
        <time>2024-11-10T10:50:38.000Z</time>
        <extensions>
          <ns3:TrackPointExtension>
            <ns3:hr>112</ns3:hr>
            <ns3:cad>77</ns3:cad>
          </ns3:TrackPointExtension>
        </extensions>
      </trkpt>
      <trkpt lat="46.4027156867086887359619140625" lon="23.45874044112861156463623046875">
        <ele>547.4000244140625</ele>
        <time>2024-11-10T10:50:42.000Z</time>
        <extensions>
          <ns3:TrackPointExtension>
            <ns3:hr>110</ns3:hr>
            <ns3:cad>79</ns3:cad>
          </ns3:TrackPointExtension>
        </extensions>
      </trkpt>
      <trkpt lat="46.4027143456041812896728515625" lon="23.4587712027132511138916015625">
        <ele>548</ele>
        <time>2024-11-10T10:50:46.000Z</time>
        <extensions>
          <ns3:TrackPointExtension>
            <ns3:hr>110</ns3:hr>
            <ns3:cad>78</ns3:cad>
          </ns3:TrackPointExtension>
        </extensions>
      </trkpt>
      <trkpt lat="46.40272448770701885223388671875" lon="23.458813615143299102783203125">
        <ele>548.4000244140625</ele>
        <time>2024-11-10T10:50:50.000Z</time>
        <extensions>
          <ns3:TrackPointExtension>
            <ns3:hr>110</ns3:hr>
            <ns3:cad>40</ns3:cad>
          </ns3:TrackPointExtension>
        </extensions>
      </trkpt>
      <trkpt lat="46.40273069031536579132080078125" lon="23.458838760852813720703125">
        <ele>549</ele>
        <time>2024-11-10T10:50:54.000Z</time>
        <extensions>
          <ns3:TrackPointExtension>
            <ns3:hr>111</ns3:hr>
            <ns3:cad>40</ns3:cad>
          </ns3:TrackPointExtension>
        </extensions>
      </trkpt>
      <trkpt lat="46.402739994227886199951171875" lon="23.45884756185114383697509765625">
        <ele>549.5999755859375</ele>
        <time>2024-11-10T10:50:58.000Z</time>
        <extensions>
          <ns3:TrackPointExtension>
            <ns3:hr>114</ns3:hr>
            <ns3:cad>68</ns3:cad>
          </ns3:TrackPointExtension>
        </extensions>
      </trkpt>
      <trkpt lat="46.4027116633951663970947265625" lon="23.4588828496634960174560546875">
        <ele>550.4000244140625</ele>
        <time>2024-11-10T10:51:04.000Z</time>
        <extensions>
          <ns3:TrackPointExtension>
            <ns3:hr>112</ns3:hr>
            <ns3:cad>69</ns3:cad>
          </ns3:TrackPointExtension>
        </extensions>
      </trkpt>
      <trkpt lat="46.40270076692104339599609375" lon="23.4588858671486377716064453125">
        <ele>550.5999755859375</ele>
        <time>2024-11-10T10:51:05.000Z</time>
        <extensions>
          <ns3:TrackPointExtension>
            <ns3:hr>111</ns3:hr>
            <ns3:cad>69</ns3:cad>
          </ns3:TrackPointExtension>
        </extensions>
      </trkpt>
      <trkpt lat="46.40267587266862392425537109375" lon="23.458929955959320068359375">
        <ele>551.20001220703125</ele>
        <time>2024-11-10T10:51:11.000Z</time>
        <extensions>
          <ns3:TrackPointExtension>
            <ns3:hr>112</ns3:hr>
            <ns3:cad>75</ns3:cad>
          </ns3:TrackPointExtension>
        </extensions>
      </trkpt>
      <trkpt lat="46.40268039889633655548095703125" lon="23.45896423794329166412353515625">
        <ele>551.79998779296875</ele>
        <time>2024-11-10T10:51:16.000Z</time>
        <extensions>
          <ns3:TrackPointExtension>
            <ns3:hr>112</ns3:hr>
            <ns3:cad>79</ns3:cad>
          </ns3:TrackPointExtension>
        </extensions>
      </trkpt>
      <trkpt lat="46.4026794768869876861572265625" lon="23.4590126015245914459228515625">
        <ele>552</ele>
        <time>2024-11-10T10:51:19.000Z</time>
        <extensions>
          <ns3:TrackPointExtension>
            <ns3:hr>111</ns3:hr>
            <ns3:cad>76</ns3:cad>
          </ns3:TrackPointExtension>
        </extensions>
      </trkpt>
      <trkpt lat="46.402691043913364410400390625" lon="23.45909147523343563079833984375">
        <ele>552.79998779296875</ele>
        <time>2024-11-10T10:51:24.000Z</time>
        <extensions>
          <ns3:TrackPointExtension>
            <ns3:hr>110</ns3:hr>
            <ns3:cad>73</ns3:cad>
          </ns3:TrackPointExtension>
        </extensions>
      </trkpt>
      <trkpt lat="46.402697749435901641845703125" lon="23.45913170836865901947021484375">
        <ele>553.4000244140625</ele>
        <time>2024-11-10T10:51:28.000Z</time>
        <extensions>
          <ns3:TrackPointExtension>
            <ns3:hr>109</ns3:hr>
            <ns3:cad>74</ns3:cad>
          </ns3:TrackPointExtension>
        </extensions>
      </trkpt>
      <trkpt lat="46.40269531868398189544677734375" lon="23.45914428122341632843017578125">
        <ele>553.79998779296875</ele>
        <time>2024-11-10T10:51:32.000Z</time>
        <extensions>
          <ns3:TrackPointExtension>
            <ns3:hr>109</ns3:hr>
            <ns3:cad>72</ns3:cad>
          </ns3:TrackPointExtension>
        </extensions>
      </trkpt>
      <trkpt lat="46.40269615687429904937744140625" lon="23.4591889567673206329345703125">
        <ele>554.4000244140625</ele>
        <time>2024-11-10T10:51:36.000Z</time>
        <extensions>
          <ns3:TrackPointExtension>
            <ns3:hr>110</ns3:hr>
            <ns3:cad>75</ns3:cad>
          </ns3:TrackPointExtension>
        </extensions>
      </trkpt>
      <trkpt lat="46.402704454958438873291015625" lon="23.45922089181840419769287109375">
        <ele>555</ele>
        <time>2024-11-10T10:51:41.000Z</time>
        <extensions>
          <ns3:TrackPointExtension>
            <ns3:hr>113</ns3:hr>
            <ns3:cad>67</ns3:cad>
          </ns3:TrackPointExtension>
        </extensions>
      </trkpt>
      <trkpt lat="46.40271551907062530517578125" lon="23.45924905501306056976318359375">
        <ele>555.5999755859375</ele>
        <time>2024-11-10T10:51:45.000Z</time>
        <extensions>
          <ns3:TrackPointExtension>
            <ns3:hr>115</ns3:hr>
            <ns3:cad>69</ns3:cad>
          </ns3:TrackPointExtension>
        </extensions>
      </trkpt>
      <trkpt lat="46.40272633172571659088134765625" lon="23.459289036691188812255859375">
        <ele>556.20001220703125</ele>
        <time>2024-11-10T10:51:49.000Z</time>
        <extensions>
          <ns3:TrackPointExtension>
            <ns3:hr>114</ns3:hr>
            <ns3:cad>73</ns3:cad>
          </ns3:TrackPointExtension>
        </extensions>
      </trkpt>
      <trkpt lat="46.402727253735065460205078125" lon="23.45931996591389179229736328125">
        <ele>556.5999755859375</ele>
        <time>2024-11-10T10:51:53.000Z</time>
        <extensions>
          <ns3:TrackPointExtension>
            <ns3:hr>113</ns3:hr>
            <ns3:cad>65</ns3:cad>
          </ns3:TrackPointExtension>
        </extensions>
      </trkpt>
      <trkpt lat="46.4027022756636142730712890625" lon="23.45938132144510746002197265625">
        <ele>557.4000244140625</ele>
        <time>2024-11-10T10:51:59.000Z</time>
        <extensions>
          <ns3:TrackPointExtension>
            <ns3:hr>114</ns3:hr>
            <ns3:cad>74</ns3:cad>
          </ns3:TrackPointExtension>
        </extensions>
      </trkpt>
      <trkpt lat="46.40269313938915729522705078125" lon="23.45941334031522274017333984375">
        <ele>557.79998779296875</ele>
        <time>2024-11-10T10:52:02.000Z</time>
        <extensions>
          <ns3:TrackPointExtension>
            <ns3:hr>114</ns3:hr>
            <ns3:cad>75</ns3:cad>
          </ns3:TrackPointExtension>
        </extensions>
      </trkpt>
      <trkpt lat="46.40268928371369838714599609375" lon="23.45943395979702472686767578125">
        <ele>558.5999755859375</ele>
        <time>2024-11-10T10:52:06.000Z</time>
        <extensions>
          <ns3:TrackPointExtension>
            <ns3:hr>114</ns3:hr>
            <ns3:cad>77</ns3:cad>
          </ns3:TrackPointExtension>
        </extensions>
      </trkpt>
      <trkpt lat="46.40268869698047637939453125" lon="23.4594719298183917999267578125">
        <ele>559.4000244140625</ele>
        <time>2024-11-10T10:52:12.000Z</time>
        <extensions>
          <ns3:TrackPointExtension>
            <ns3:hr>114</ns3:hr>
            <ns3:cad>66</ns3:cad>
          </ns3:TrackPointExtension>
        </extensions>
      </trkpt>
      <trkpt lat="46.4026811532676219940185546875" lon="23.459495566785335540771484375">
        <ele>559.5999755859375</ele>
        <time>2024-11-10T10:52:15.000Z</time>
        <extensions>
          <ns3:TrackPointExtension>
            <ns3:hr>114</ns3:hr>
            <ns3:cad>68</ns3:cad>
          </ns3:TrackPointExtension>
        </extensions>
      </trkpt>
      <trkpt lat="46.402643434703350067138671875" lon="23.4595763683319091796875">
        <ele>560.5999755859375</ele>
        <time>2024-11-10T10:52:22.000Z</time>
        <extensions>
          <ns3:TrackPointExtension>
            <ns3:hr>114</ns3:hr>
            <ns3:cad>68</ns3:cad>
          </ns3:TrackPointExtension>
        </extensions>
      </trkpt>
      <trkpt lat="46.4026291854679584503173828125" lon="23.45959489233791828155517578125">
        <ele>560.79998779296875</ele>
        <time>2024-11-10T10:52:24.000Z</time>
        <extensions>
          <ns3:TrackPointExtension>
            <ns3:hr>114</ns3:hr>
            <ns3:cad>70</ns3:cad>
          </ns3:TrackPointExtension>
        </extensions>
      </trkpt>
      <trkpt lat="46.40256959013640880584716796875" lon="23.45961584709584712982177734375">
        <ele>561.5999755859375</ele>
        <time>2024-11-10T10:52:31.000Z</time>
        <extensions>
          <ns3:TrackPointExtension>
            <ns3:hr>114</ns3:hr>
            <ns3:cad>67</ns3:cad>
          </ns3:TrackPointExtension>
        </extensions>
      </trkpt>
      <trkpt lat="46.40256171114742755889892578125" lon="23.459627330303192138671875">
        <ele>561.79998779296875</ele>
        <time>2024-11-10T10:52:33.000Z</time>
        <extensions>
          <ns3:TrackPointExtension>
            <ns3:hr>114</ns3:hr>
            <ns3:cad>67</ns3:cad>
          </ns3:TrackPointExtension>
        </extensions>
      </trkpt>
      <trkpt lat="46.40249080024659633636474609375" lon="23.459654152393341064453125">
        <ele>562.79998779296875</ele>
        <time>2024-11-10T10:52:40.000Z</time>
        <extensions>
          <ns3:TrackPointExtension>
            <ns3:hr>113</ns3:hr>
            <ns3:cad>60</ns3:cad>
          </ns3:TrackPointExtension>
        </extensions>
      </trkpt>
      <trkpt lat="46.4024823345243930816650390625" lon="23.4596608579158782958984375">
        <ele>562.79998779296875</ele>
        <time>2024-11-10T10:52:41.000Z</time>
        <extensions>
          <ns3:TrackPointExtension>
            <ns3:hr>113</ns3:hr>
            <ns3:cad>64</ns3:cad>
          </ns3:TrackPointExtension>
        </extensions>
      </trkpt>
      <trkpt lat="46.40244017355144023895263671875" lon="23.45969379879534244537353515625">
        <ele>563.5999755859375</ele>
        <time>2024-11-10T10:52:48.000Z</time>
        <extensions>
          <ns3:TrackPointExtension>
            <ns3:hr>113</ns3:hr>
            <ns3:cad>0</ns3:cad>
          </ns3:TrackPointExtension>
        </extensions>
      </trkpt>
      <trkpt lat="46.40242491848766803741455078125" lon="23.45969966612756252288818359375">
        <ele>564</ele>
        <time>2024-11-10T10:52:50.000Z</time>
        <extensions>
          <ns3:TrackPointExtension>
            <ns3:hr>113</ns3:hr>
            <ns3:cad>65</ns3:cad>
          </ns3:TrackPointExtension>
        </extensions>
      </trkpt>
      <trkpt lat="46.4023968391120433807373046875" lon="23.45970486290752887725830078125">
        <ele>565</ele>
        <time>2024-11-10T10:52:58.000Z</time>
        <extensions>
          <ns3:TrackPointExtension>
            <ns3:hr>112</ns3:hr>
            <ns3:cad>60</ns3:cad>
          </ns3:TrackPointExtension>
        </extensions>
      </trkpt>
      <trkpt lat="46.4024035446345806121826171875" lon="23.45970871858298778533935546875">
        <ele>565</ele>
        <time>2024-11-10T10:52:59.000Z</time>
        <extensions>
          <ns3:TrackPointExtension>
            <ns3:hr>112</ns3:hr>
            <ns3:cad>60</ns3:cad>
          </ns3:TrackPointExtension>
        </extensions>
      </trkpt>
      <trkpt lat="46.4024008624255657196044921875" lon="23.45971676521003246307373046875">
        <ele>565.5999755859375</ele>
        <time>2024-11-10T10:53:03.000Z</time>
        <extensions>
          <ns3:TrackPointExtension>
            <ns3:hr>115</ns3:hr>
            <ns3:cad>68</ns3:cad>
          </ns3:TrackPointExtension>
        </extensions>
      </trkpt>
      <trkpt lat="46.40240396372973918914794921875" lon="23.45971492119133472442626953125">
        <ele>565.79998779296875</ele>
        <time>2024-11-10T10:53:04.000Z</time>
        <extensions>
          <ns3:TrackPointExtension>
            <ns3:hr>116</ns3:hr>
            <ns3:cad>70</ns3:cad>
          </ns3:TrackPointExtension>
        </extensions>
      </trkpt>
      <trkpt lat="46.4024157822132110595703125" lon="23.45972120761871337890625">
        <ele>566</ele>
        <time>2024-11-10T10:53:06.000Z</time>
        <extensions>
          <ns3:TrackPointExtension>
            <ns3:hr>118</ns3:hr>
            <ns3:cad>66</ns3:cad>
          </ns3:TrackPointExtension>
        </extensions>
      </trkpt>
      <trkpt lat="46.402427516877651214599609375" lon="23.45976051874458789825439453125">
        <ele>566.5999755859375</ele>
        <time>2024-11-10T10:53:11.000Z</time>
        <extensions>
          <ns3:TrackPointExtension>
            <ns3:hr>119</ns3:hr>
            <ns3:cad>66</ns3:cad>
          </ns3:TrackPointExtension>
        </extensions>
      </trkpt>
      <trkpt lat="46.40243430621922016143798828125" lon="23.4597716666758060455322265625">
        <ele>567</ele>
        <time>2024-11-10T10:53:14.000Z</time>
        <extensions>
          <ns3:TrackPointExtension>
            <ns3:hr>118</ns3:hr>
            <ns3:cad>62</ns3:cad>
          </ns3:TrackPointExtension>
        </extensions>
      </trkpt>
      <trkpt lat="46.40245056711137294769287109375" lon="23.45980712212622165679931640625">
        <ele>567.79998779296875</ele>
        <time>2024-11-10T10:53:20.000Z</time>
        <extensions>
          <ns3:TrackPointExtension>
            <ns3:hr>115</ns3:hr>
            <ns3:cad>66</ns3:cad>
          </ns3:TrackPointExtension>
        </extensions>
      </trkpt>
      <trkpt lat="46.40246129594743251800537109375" lon="23.4598273225128650665283203125">
        <ele>568</ele>
        <time>2024-11-10T10:53:23.000Z</time>
        <extensions>
          <ns3:TrackPointExtension>
            <ns3:hr>113</ns3:hr>
            <ns3:cad>66</ns3:cad>
          </ns3:TrackPointExtension>
        </extensions>
      </trkpt>
      <trkpt lat="46.4024692587554454803466796875" lon="23.45986495725810527801513671875">
        <ele>568.79998779296875</ele>
        <time>2024-11-10T10:53:29.000Z</time>
        <extensions>
          <ns3:TrackPointExtension>
            <ns3:hr>116</ns3:hr>
            <ns3:cad>70</ns3:cad>
          </ns3:TrackPointExtension>
        </extensions>
      </trkpt>
      <trkpt lat="46.40247135423123836517333984375" lon="23.45988239161670207977294921875">
        <ele>569.20001220703125</ele>
        <time>2024-11-10T10:53:33.000Z</time>
        <extensions>
          <ns3:TrackPointExtension>
            <ns3:hr>116</ns3:hr>
            <ns3:cad>64</ns3:cad>
          </ns3:TrackPointExtension>
        </extensions>
      </trkpt>
      <trkpt lat="46.402474455535411834716796875" lon="23.4599423222243785858154296875">
        <ele>569.79998779296875</ele>
        <time>2024-11-10T10:53:39.000Z</time>
        <extensions>
          <ns3:TrackPointExtension>
            <ns3:hr>115</ns3:hr>
            <ns3:cad>0</ns3:cad>
          </ns3:TrackPointExtension>
        </extensions>
      </trkpt>
      <trkpt lat="46.402480490505695343017578125" lon="23.45996922813355922698974609375">
        <ele>570.20001220703125</ele>
        <time>2024-11-10T10:53:43.000Z</time>
        <extensions>
          <ns3:TrackPointExtension>
            <ns3:hr>113</ns3:hr>
            <ns3:cad>0</ns3:cad>
          </ns3:TrackPointExtension>
        </extensions>
      </trkpt>
      <trkpt lat="46.40246498398482799530029296875" lon="23.46000744961202144622802734375">
        <ele>570.5999755859375</ele>
        <time>2024-11-10T10:53:47.000Z</time>
        <extensions>
          <ns3:TrackPointExtension>
            <ns3:hr>112</ns3:hr>
            <ns3:cad>0</ns3:cad>
          </ns3:TrackPointExtension>
        </extensions>
      </trkpt>
      <trkpt lat="46.402430869638919830322265625" lon="23.46003058366477489471435546875">
        <ele>571.20001220703125</ele>
        <time>2024-11-10T10:53:52.000Z</time>
        <extensions>
          <ns3:TrackPointExtension>
            <ns3:hr>111</ns3:hr>
            <ns3:cad>77</ns3:cad>
          </ns3:TrackPointExtension>
        </extensions>
      </trkpt>
      <trkpt lat="46.4024253375828266143798828125" lon="23.4600355289876461029052734375">
        <ele>571.4000244140625</ele>
        <time>2024-11-10T10:53:53.000Z</time>
        <extensions>
          <ns3:TrackPointExtension>
            <ns3:hr>111</ns3:hr>
            <ns3:cad>78</ns3:cad>
          </ns3:TrackPointExtension>
        </extensions>
      </trkpt>
      <trkpt lat="46.402401365339756011962890625" lon="23.460091687738895416259765625">
        <ele>572.20001220703125</ele>
        <time>2024-11-10T10:53:59.000Z</time>
        <extensions>
          <ns3:TrackPointExtension>
            <ns3:hr>114</ns3:hr>
            <ns3:cad>78</ns3:cad>
          </ns3:TrackPointExtension>
        </extensions>
      </trkpt>
      <trkpt lat="46.4023996889591217041015625" lon="23.46010082401335239410400390625">
        <ele>572.4000244140625</ele>
        <time>2024-11-10T10:54:00.000Z</time>
        <extensions>
          <ns3:TrackPointExtension>
            <ns3:hr>114</ns3:hr>
            <ns3:cad>78</ns3:cad>
          </ns3:TrackPointExtension>
        </extensions>
      </trkpt>
      <trkpt lat="46.40240798704326152801513671875" lon="23.460111804306507110595703125">
        <ele>572.5999755859375</ele>
        <time>2024-11-10T10:54:02.000Z</time>
        <extensions>
          <ns3:TrackPointExtension>
            <ns3:hr>115</ns3:hr>
            <ns3:cad>71</ns3:cad>
          </ns3:TrackPointExtension>
        </extensions>
      </trkpt>
      <trkpt lat="46.4024184644222259521484375" lon="23.46017525531351566314697265625">
        <ele>573.4000244140625</ele>
        <time>2024-11-10T10:54:09.000Z</time>
        <extensions>
          <ns3:TrackPointExtension>
            <ns3:hr>115</ns3:hr>
            <ns3:cad>67</ns3:cad>
          </ns3:TrackPointExtension>
        </extensions>
      </trkpt>
      <trkpt lat="46.40241938643157482147216796875" lon="23.46019118092954158782958984375">
        <ele>573.79998779296875</ele>
        <time>2024-11-10T10:54:11.000Z</time>
        <extensions>
          <ns3:TrackPointExtension>
            <ns3:hr>114</ns3:hr>
            <ns3:cad>67</ns3:cad>
          </ns3:TrackPointExtension>
        </extensions>
      </trkpt>
      <trkpt lat="46.40242986381053924560546875" lon="23.4602547995746135711669921875">
        <ele>574.5999755859375</ele>
        <time>2024-11-10T10:54:18.000Z</time>
        <extensions>
          <ns3:TrackPointExtension>
            <ns3:hr>114</ns3:hr>
            <ns3:cad>72</ns3:cad>
          </ns3:TrackPointExtension>
        </extensions>
      </trkpt>
      <trkpt lat="46.40243053436279296875" lon="23.46026293002068996429443359375">
        <ele>574.79998779296875</ele>
        <time>2024-11-10T10:54:19.000Z</time>
        <extensions>
          <ns3:TrackPointExtension>
            <ns3:hr>114</ns3:hr>
            <ns3:cad>72</ns3:cad>
          </ns3:TrackPointExtension>
        </extensions>
      </trkpt>
      <trkpt lat="46.4024265110492706298828125" lon="23.46029679290950298309326171875">
        <ele>575.5999755859375</ele>
        <time>2024-11-10T10:54:29.000Z</time>
        <extensions>
          <ns3:TrackPointExtension>
            <ns3:hr>114</ns3:hr>
            <ns3:cad>69</ns3:cad>
          </ns3:TrackPointExtension>
        </extensions>
      </trkpt>
      <trkpt lat="46.40242575667798519134521484375" lon="23.46029964275658130645751953125">
        <ele>575.5999755859375</ele>
        <time>2024-11-10T10:54:30.000Z</time>
        <extensions>
          <ns3:TrackPointExtension>
            <ns3:hr>114</ns3:hr>
            <ns3:cad>69</ns3:cad>
          </ns3:TrackPointExtension>
        </extensions>
      </trkpt>
      <trkpt lat="46.4024058915674686431884765625" lon="23.4603463299572467803955078125">
        <ele>576.5999755859375</ele>
        <time>2024-11-10T10:54:39.000Z</time>
        <extensions>
          <ns3:TrackPointExtension>
            <ns3:hr>116</ns3:hr>
            <ns3:cad>60</ns3:cad>
          </ns3:TrackPointExtension>
        </extensions>
      </trkpt>
      <trkpt lat="46.4024045504629611968994140625" lon="23.46036158502101898193359375">
        <ele>576.5999755859375</ele>
        <time>2024-11-10T10:54:41.000Z</time>
        <extensions>
          <ns3:TrackPointExtension>
            <ns3:hr>115</ns3:hr>
            <ns3:cad>64</ns3:cad>
          </ns3:TrackPointExtension>
        </extensions>
      </trkpt>
      <trkpt lat="46.40239725820720195770263671875" lon="23.46039117313921451568603515625">
        <ele>577</ele>
        <time>2024-11-10T10:54:44.000Z</time>
        <extensions>
          <ns3:TrackPointExtension>
            <ns3:hr>112</ns3:hr>
            <ns3:cad>71</ns3:cad>
          </ns3:TrackPointExtension>
        </extensions>
      </trkpt>
      <trkpt lat="46.402379237115383148193359375" lon="23.46043308265507221221923828125">
        <ele>577.20001220703125</ele>
        <time>2024-11-10T10:54:48.000Z</time>
        <extensions>
          <ns3:TrackPointExtension>
            <ns3:hr>110</ns3:hr>
            <ns3:cad>69</ns3:cad>
          </ns3:TrackPointExtension>
        </extensions>
      </trkpt>
      <trkpt lat="46.40236590988934040069580078125" lon="23.46047868020832538604736328125">
        <ele>577.5999755859375</ele>
        <time>2024-11-10T10:54:53.000Z</time>
        <extensions>
          <ns3:TrackPointExtension>
            <ns3:hr>109</ns3:hr>
            <ns3:cad>0</ns3:cad>
          </ns3:TrackPointExtension>
        </extensions>
      </trkpt>
      <trkpt lat="46.40235065482556819915771484375" lon="23.4605191648006439208984375">
        <ele>578.4000244140625</ele>
        <time>2024-11-10T10:54:57.000Z</time>
        <extensions>
          <ns3:TrackPointExtension>
            <ns3:hr>110</ns3:hr>
            <ns3:cad>65</ns3:cad>
          </ns3:TrackPointExtension>
        </extensions>
      </trkpt>
      <trkpt lat="46.402347721159458160400390625" lon="23.4605542011559009552001953125">
        <ele>578.79998779296875</ele>
        <time>2024-11-10T10:55:00.000Z</time>
        <extensions>
          <ns3:TrackPointExtension>
            <ns3:hr>110</ns3:hr>
            <ns3:cad>73</ns3:cad>
          </ns3:TrackPointExtension>
        </extensions>
      </trkpt>
      <trkpt lat="46.40232659876346588134765625" lon="23.46059250645339488983154296875">
        <ele>579.4000244140625</ele>
        <time>2024-11-10T10:55:06.000Z</time>
        <extensions>
          <ns3:TrackPointExtension>
            <ns3:hr>110</ns3:hr>
            <ns3:cad>72</ns3:cad>
          </ns3:TrackPointExtension>
        </extensions>
      </trkpt>
      <trkpt lat="46.40230338089168071746826171875" lon="23.4606296382844448089599609375">
        <ele>579.79998779296875</ele>
        <time>2024-11-10T10:55:12.000Z</time>
        <extensions>
          <ns3:TrackPointExtension>
            <ns3:hr>112</ns3:hr>
            <ns3:cad>71</ns3:cad>
          </ns3:TrackPointExtension>
        </extensions>
      </trkpt>
      <trkpt lat="46.40230245888233184814453125" lon="23.46063810400664806365966796875">
        <ele>580</ele>
        <time>2024-11-10T10:55:14.000Z</time>
        <extensions>
          <ns3:TrackPointExtension>
            <ns3:hr>114</ns3:hr>
            <ns3:cad>67</ns3:cad>
          </ns3:TrackPointExtension>
        </extensions>
      </trkpt>
      <trkpt lat="46.402320899069309234619140625" lon="23.460657633841037750244140625">
        <ele>580.79998779296875</ele>
        <time>2024-11-10T10:55:18.000Z</time>
        <extensions>
          <ns3:TrackPointExtension>
            <ns3:hr>115</ns3:hr>
            <ns3:cad>0</ns3:cad>
          </ns3:TrackPointExtension>
        </extensions>
      </trkpt>
      <trkpt lat="46.40234277583658695220947265625" lon="23.46071169711649417877197265625">
        <ele>581.20001220703125</ele>
        <time>2024-11-10T10:55:23.000Z</time>
        <extensions>
          <ns3:TrackPointExtension>
            <ns3:hr>114</ns3:hr>
            <ns3:cad>53</ns3:cad>
          </ns3:TrackPointExtension>
        </extensions>
      </trkpt>
      <trkpt lat="46.40233196318149566650390625" lon="23.46078327856957912445068359375">
        <ele>581.5999755859375</ele>
        <time>2024-11-10T10:55:31.000Z</time>
        <extensions>
          <ns3:TrackPointExtension>
            <ns3:hr>115</ns3:hr>
            <ns3:cad>0</ns3:cad>
          </ns3:TrackPointExtension>
        </extensions>
      </trkpt>
      <trkpt lat="46.40232634730637073516845703125" lon="23.4608106873929500579833984375">
        <ele>581.79998779296875</ele>
        <time>2024-11-10T10:55:35.000Z</time>
        <extensions>
          <ns3:TrackPointExtension>
            <ns3:hr>114</ns3:hr>
            <ns3:cad>0</ns3:cad>
          </ns3:TrackPointExtension>
        </extensions>
      </trkpt>
      <trkpt lat="46.40230891294777393341064453125" lon="23.46083692274987697601318359375">
        <ele>582.20001220703125</ele>
        <time>2024-11-10T10:55:40.000Z</time>
        <extensions>
          <ns3:TrackPointExtension>
            <ns3:hr>113</ns3:hr>
            <ns3:cad>0</ns3:cad>
          </ns3:TrackPointExtension>
        </extensions>
      </trkpt>
      <trkpt lat="46.40224252827465534210205078125" lon="23.46085016615688800811767578125">
        <ele>582.4000244140625</ele>
        <time>2024-11-10T10:55:49.000Z</time>
        <extensions>
          <ns3:TrackPointExtension>
            <ns3:hr>112</ns3:hr>
            <ns3:cad>0</ns3:cad>
          </ns3:TrackPointExtension>
        </extensions>
      </trkpt>
      <trkpt lat="46.40223263762891292572021484375" lon="23.46089400351047515869140625">
        <ele>582.79998779296875</ele>
        <time>2024-11-10T10:55:56.000Z</time>
        <extensions>
          <ns3:TrackPointExtension>
            <ns3:hr>113</ns3:hr>
            <ns3:cad>69</ns3:cad>
          </ns3:TrackPointExtension>
        </extensions>
      </trkpt>
      <trkpt lat="46.40223079361021518707275390625" lon="23.4609035588800907135009765625">
        <ele>583</ele>
        <time>2024-11-10T10:55:57.000Z</time>
        <extensions>
          <ns3:TrackPointExtension>
            <ns3:hr>113</ns3:hr>
            <ns3:cad>69</ns3:cad>
          </ns3:TrackPointExtension>
        </extensions>
      </trkpt>
      <trkpt lat="46.40222199261188507080078125" lon="23.4609354101121425628662109375">
        <ele>583.4000244140625</ele>
        <time>2024-11-10T10:56:03.000Z</time>
        <extensions>
          <ns3:TrackPointExtension>
            <ns3:hr>110</ns3:hr>
            <ns3:cad>0</ns3:cad>
          </ns3:TrackPointExtension>
        </extensions>
      </trkpt>
      <trkpt lat="46.40220782719552516937255859375" lon="23.4609805047512054443359375">
        <ele>583.5999755859375</ele>
        <time>2024-11-10T10:56:08.000Z</time>
        <extensions>
          <ns3:TrackPointExtension>
            <ns3:hr>110</ns3:hr>
            <ns3:cad>69</ns3:cad>
          </ns3:TrackPointExtension>
        </extensions>
      </trkpt>
      <trkpt lat="46.4022053964436054229736328125" lon="23.4609910659492015838623046875">
        <ele>584</ele>
        <time>2024-11-10T10:56:10.000Z</time>
        <extensions>
          <ns3:TrackPointExtension>
            <ns3:hr>110</ns3:hr>
            <ns3:cad>73</ns3:cad>
          </ns3:TrackPointExtension>
        </extensions>
      </trkpt>
      <trkpt lat="46.4021913148462772369384765625" lon="23.46102920360863208770751953125">
        <ele>584.4000244140625</ele>
        <time>2024-11-10T10:56:16.000Z</time>
        <extensions>
          <ns3:TrackPointExtension>
            <ns3:hr>107</ns3:hr>
            <ns3:cad>0</ns3:cad>
          </ns3:TrackPointExtension>
        </extensions>
      </trkpt>
      <trkpt lat="46.40215619467198848724365234375" lon="23.46102249808609485626220703125">
        <ele>584.5999755859375</ele>
        <time>2024-11-10T10:56:23.000Z</time>
        <extensions>
          <ns3:TrackPointExtension>
            <ns3:hr>107</ns3:hr>
            <ns3:cad>0</ns3:cad>
          </ns3:TrackPointExtension>
        </extensions>
      </trkpt>
      <trkpt lat="46.4021490700542926788330078125" lon="23.4609840251505374908447265625">
        <ele>584.5999755859375</ele>
        <time>2024-11-10T10:56:29.000Z</time>
        <extensions>
          <ns3:TrackPointExtension>
            <ns3:hr>104</ns3:hr>
            <ns3:cad>0</ns3:cad>
          </ns3:TrackPointExtension>
        </extensions>
      </trkpt>
      <trkpt lat="46.40214831568300724029541015625" lon="23.46099601127207279205322265625">
        <ele>584.5999755859375</ele>
        <time>2024-11-10T10:56:30.000Z</time>
        <extensions>
          <ns3:TrackPointExtension>
            <ns3:hr>102</ns3:hr>
            <ns3:cad>0</ns3:cad>
          </ns3:TrackPointExtension>
        </extensions>
      </trkpt>
      <trkpt lat="46.4020924083888530731201171875" lon="23.4611178003251552581787109375">
        <ele>584.5999755859375</ele>
        <time>2024-11-10T10:56:40.000Z</time>
        <extensions>
          <ns3:TrackPointExtension>
            <ns3:hr>102</ns3:hr>
            <ns3:cad>71</ns3:cad>
          </ns3:TrackPointExtension>
        </extensions>
      </trkpt>
      <trkpt lat="46.40208880417048931121826171875" lon="23.46112760715186595916748046875">
        <ele>585</ele>
        <time>2024-11-10T10:56:43.000Z</time>
        <extensions>
          <ns3:TrackPointExtension>
            <ns3:hr>104</ns3:hr>
            <ns3:cad>72</ns3:cad>
          </ns3:TrackPointExtension>
        </extensions>
      </trkpt>
      <trkpt lat="46.40208813361823558807373046875" lon="23.4611521661281585693359375">
        <ele>585.4000244140625</ele>
        <time>2024-11-10T10:56:47.000Z</time>
        <extensions>
          <ns3:TrackPointExtension>
            <ns3:hr>105</ns3:hr>
            <ns3:cad>73</ns3:cad>
          </ns3:TrackPointExtension>
        </extensions>
      </trkpt>
      <trkpt lat="46.40208226628601551055908203125" lon="23.46117421053349971771240234375">
        <ele>585.5999755859375</ele>
        <time>2024-11-10T10:56:49.000Z</time>
        <extensions>
          <ns3:TrackPointExtension>
            <ns3:hr>106</ns3:hr>
            <ns3:cad>70</ns3:cad>
          </ns3:TrackPointExtension>
        </extensions>
      </trkpt>
      <trkpt lat="46.40208662487566471099853515625" lon="23.46120421774685382843017578125">
        <ele>586</ele>
        <time>2024-11-10T10:56:54.000Z</time>
        <extensions>
          <ns3:TrackPointExtension>
            <ns3:hr>106</ns3:hr>
            <ns3:cad>70</ns3:cad>
          </ns3:TrackPointExtension>
        </extensions>
      </trkpt>
      <trkpt lat="46.402085535228252410888671875" lon="23.46124696545302867889404296875">
        <ele>586.4000244140625</ele>
        <time>2024-11-10T10:56:59.000Z</time>
        <extensions>
          <ns3:TrackPointExtension>
            <ns3:hr>108</ns3:hr>
            <ns3:cad>0</ns3:cad>
          </ns3:TrackPointExtension>
        </extensions>
      </trkpt>
      <trkpt lat="46.40208721160888671875" lon="23.46129507757723331451416015625">
        <ele>586.5999755859375</ele>
        <time>2024-11-10T10:57:08.000Z</time>
        <extensions>
          <ns3:TrackPointExtension>
            <ns3:hr>107</ns3:hr>
            <ns3:cad>0</ns3:cad>
          </ns3:TrackPointExtension>
        </extensions>
      </trkpt>
      <trkpt lat="46.40211462043225765228271484375" lon="23.46136615611612796783447265625">
        <ele>586.4000244140625</ele>
        <time>2024-11-10T10:57:16.000Z</time>
        <extensions>
          <ns3:TrackPointExtension>
            <ns3:hr>106</ns3:hr>
            <ns3:cad>70</ns3:cad>
          </ns3:TrackPointExtension>
        </extensions>
      </trkpt>
      <trkpt lat="46.4021279476583003997802734375" lon="23.46140773035585880279541015625">
        <ele>586.4000244140625</ele>
        <time>2024-11-10T10:57:25.000Z</time>
        <extensions>
          <ns3:TrackPointExtension>
            <ns3:hr>105</ns3:hr>
            <ns3:cad>69</ns3:cad>
          </ns3:TrackPointExtension>
        </extensions>
      </trkpt>
      <trkpt lat="46.4021225832402706146240234375" lon="23.46146355383098125457763671875">
        <ele>587</ele>
        <time>2024-11-10T10:57:33.000Z</time>
        <extensions>
          <ns3:TrackPointExtension>
            <ns3:hr>106</ns3:hr>
            <ns3:cad>0</ns3:cad>
          </ns3:TrackPointExtension>
        </extensions>
      </trkpt>
      <trkpt lat="46.4021185599267482757568359375" lon="23.4614825807511806488037109375">
        <ele>587.4000244140625</ele>
        <time>2024-11-10T10:57:35.000Z</time>
        <extensions>
          <ns3:TrackPointExtension>
            <ns3:hr>106</ns3:hr>
            <ns3:cad>73</ns3:cad>
          </ns3:TrackPointExtension>
        </extensions>
      </trkpt>
      <trkpt lat="46.4020907320082187652587890625" lon="23.46151367761194705963134765625">
        <ele>588</ele>
        <time>2024-11-10T10:57:42.000Z</time>
        <extensions>
          <ns3:TrackPointExtension>
            <ns3:hr>110</ns3:hr>
            <ns3:cad>71</ns3:cad>
          </ns3:TrackPointExtension>
        </extensions>
      </trkpt>
      <trkpt lat="46.4020897261798381805419921875" lon="23.4615169465541839599609375">
        <ele>588</ele>
        <time>2024-11-10T10:57:43.000Z</time>
        <extensions>
          <ns3:TrackPointExtension>
            <ns3:hr>111</ns3:hr>
            <ns3:cad>71</ns3:cad>
          </ns3:TrackPointExtension>
        </extensions>
      </trkpt>
      <trkpt lat="46.4020840264856815338134765625" lon="23.461521975696086883544921875">
        <ele>588.20001220703125</ele>
        <time>2024-11-10T10:57:45.000Z</time>
        <extensions>
          <ns3:TrackPointExtension>
            <ns3:hr>110</ns3:hr>
            <ns3:cad>0</ns3:cad>
          </ns3:TrackPointExtension>
        </extensions>
      </trkpt>
      <trkpt lat="46.4020578749477863311767578125" lon="23.4615546651184558868408203125">
        <ele>588.5999755859375</ele>
        <time>2024-11-10T10:57:51.000Z</time>
        <extensions>
          <ns3:TrackPointExtension>
            <ns3:hr>110</ns3:hr>
            <ns3:cad>0</ns3:cad>
          </ns3:TrackPointExtension>
        </extensions>
      </trkpt>
      <trkpt lat="46.40204454772174358367919921875" lon="23.46160554327070713043212890625">
        <ele>588.4000244140625</ele>
        <time>2024-11-10T10:57:56.000Z</time>
        <extensions>
          <ns3:TrackPointExtension>
            <ns3:hr>107</ns3:hr>
            <ns3:cad>0</ns3:cad>
          </ns3:TrackPointExtension>
        </extensions>
      </trkpt>
      <trkpt lat="46.40204052440822124481201171875" lon="23.46162348054349422454833984375">
        <ele>588.20001220703125</ele>
        <time>2024-11-10T10:57:58.000Z</time>
        <extensions>
          <ns3:TrackPointExtension>
            <ns3:hr>104</ns3:hr>
            <ns3:cad>0</ns3:cad>
          </ns3:TrackPointExtension>
        </extensions>
      </trkpt>
      <trkpt lat="46.40203448943793773651123046875" lon="23.4616364724934101104736328125">
        <ele>588.20001220703125</ele>
        <time>2024-11-10T10:57:59.000Z</time>
        <extensions>
          <ns3:TrackPointExtension>
            <ns3:hr>104</ns3:hr>
            <ns3:cad>74</ns3:cad>
          </ns3:TrackPointExtension>
        </extensions>
      </trkpt>
      <trkpt lat="46.4019810967147350311279296875" lon="23.46171149052679538726806640625">
        <ele>588.5999755859375</ele>
        <time>2024-11-10T10:58:09.000Z</time>
        <extensions>
          <ns3:TrackPointExtension>
            <ns3:hr>106</ns3:hr>
            <ns3:cad>75</ns3:cad>
          </ns3:TrackPointExtension>
        </extensions>
      </trkpt>
      <trkpt lat="46.40193340368568897247314453125" lon="23.46181676723062992095947265625">
        <ele>588.79998779296875</ele>
        <time>2024-11-10T10:58:18.000Z</time>
        <extensions>
          <ns3:TrackPointExtension>
            <ns3:hr>103</ns3:hr>
            <ns3:cad>74</ns3:cad>
          </ns3:TrackPointExtension>
        </extensions>
      </trkpt>
      <trkpt lat="46.40192116610705852508544921875" lon="23.46181659959256649017333984375">
        <ele>588.79998779296875</ele>
        <time>2024-11-10T10:58:19.000Z</time>
        <extensions>
          <ns3:TrackPointExtension>
            <ns3:hr>103</ns3:hr>
            <ns3:cad>74</ns3:cad>
          </ns3:TrackPointExtension>
        </extensions>
      </trkpt>
      <trkpt lat="46.401868276298046112060546875" lon="23.46184141002595424652099609375">
        <ele>589</ele>
        <time>2024-11-10T10:58:25.000Z</time>
        <extensions>
          <ns3:TrackPointExtension>
            <ns3:hr>103</ns3:hr>
            <ns3:cad>0</ns3:cad>
          </ns3:TrackPointExtension>
        </extensions>
      </trkpt>
      <trkpt lat="46.40181488357484340667724609375" lon="23.46187166869640350341796875">
        <ele>589</ele>
        <time>2024-11-10T10:58:34.000Z</time>
        <extensions>
          <ns3:TrackPointExtension>
            <ns3:hr>101</ns3:hr>
            <ns3:cad>0</ns3:cad>
          </ns3:TrackPointExtension>
        </extensions>
      </trkpt>
      <trkpt lat="46.40176727436482906341552734375" lon="23.46189823932945728302001953125">
        <ele>588.5999755859375</ele>
        <time>2024-11-10T10:58:41.000Z</time>
        <extensions>
          <ns3:TrackPointExtension>
            <ns3:hr>100</ns3:hr>
            <ns3:cad>0</ns3:cad>
          </ns3:TrackPointExtension>
        </extensions>
      </trkpt>
      <trkpt lat="46.4017279632389545440673828125" lon="23.46192942000925540924072265625">
        <ele>587.79998779296875</ele>
        <time>2024-11-10T10:58:47.000Z</time>
        <extensions>
          <ns3:TrackPointExtension>
            <ns3:hr>100</ns3:hr>
            <ns3:cad>0</ns3:cad>
          </ns3:TrackPointExtension>
        </extensions>
      </trkpt>
      <trkpt lat="46.4016647636890411376953125" lon="23.46198440529406070709228515625">
        <ele>587.4000244140625</ele>
        <time>2024-11-10T10:58:54.000Z</time>
        <extensions>
          <ns3:TrackPointExtension>
            <ns3:hr>99</ns3:hr>
            <ns3:cad>46</ns3:cad>
          </ns3:TrackPointExtension>
        </extensions>
      </trkpt>
      <trkpt lat="46.401621513068675994873046875" lon="23.46202229149639606475830078125">
        <ele>587</ele>
        <time>2024-11-10T10:59:01.000Z</time>
        <extensions>
          <ns3:TrackPointExtension>
            <ns3:hr>97</ns3:hr>
            <ns3:cad>0</ns3:cad>
          </ns3:TrackPointExtension>
        </extensions>
      </trkpt>
      <trkpt lat="46.401604078710079193115234375" lon="23.46203285269439220428466796875">
        <ele>586.79998779296875</ele>
        <time>2024-11-10T10:59:03.000Z</time>
        <extensions>
          <ns3:TrackPointExtension>
            <ns3:hr>96</ns3:hr>
            <ns3:cad>41</ns3:cad>
          </ns3:TrackPointExtension>
        </extensions>
      </trkpt>
      <trkpt lat="46.401563175022602081298828125" lon="23.46207308582961559295654296875">
        <ele>586</ele>
        <time>2024-11-10T10:59:11.000Z</time>
        <extensions>
          <ns3:TrackPointExtension>
            <ns3:hr>95</ns3:hr>
            <ns3:cad>42</ns3:cad>
          </ns3:TrackPointExtension>
        </extensions>
      </trkpt>
      <trkpt lat="46.40154833905398845672607421875" lon="23.4620847366750240325927734375">
        <ele>585.79998779296875</ele>
        <time>2024-11-10T10:59:13.000Z</time>
        <extensions>
          <ns3:TrackPointExtension>
            <ns3:hr>94</ns3:hr>
            <ns3:cad>43</ns3:cad>
          </ns3:TrackPointExtension>
        </extensions>
      </trkpt>
      <trkpt lat="46.4014969579875469207763671875" lon="23.46213963814079761505126953125">
        <ele>585.20001220703125</ele>
        <time>2024-11-10T10:59:21.000Z</time>
        <extensions>
          <ns3:TrackPointExtension>
            <ns3:hr>91</ns3:hr>
            <ns3:cad>0</ns3:cad>
          </ns3:TrackPointExtension>
        </extensions>
      </trkpt>
      <trkpt lat="46.4014892466366291046142578125" lon="23.46215774305164813995361328125">
        <ele>585.20001220703125</ele>
        <time>2024-11-10T10:59:23.000Z</time>
        <extensions>
          <ns3:TrackPointExtension>
            <ns3:hr>92</ns3:hr>
            <ns3:cad>40</ns3:cad>
          </ns3:TrackPointExtension>
        </extensions>
      </trkpt>
      <trkpt lat="46.4014704711735248565673828125" lon="23.4622067771852016448974609375">
        <ele>584.79998779296875</ele>
        <time>2024-11-10T10:59:27.000Z</time>
        <extensions>
          <ns3:TrackPointExtension>
            <ns3:hr>94</ns3:hr>
            <ns3:cad>40</ns3:cad>
          </ns3:TrackPointExtension>
        </extensions>
      </trkpt>
      <trkpt lat="46.40146133489906787872314453125" lon="23.46229302696883678436279296875">
        <ele>584.4000244140625</ele>
        <time>2024-11-10T10:59:34.000Z</time>
        <extensions>
          <ns3:TrackPointExtension>
            <ns3:hr>92</ns3:hr>
            <ns3:cad>0</ns3:cad>
          </ns3:TrackPointExtension>
        </extensions>
      </trkpt>
      <trkpt lat="46.4014610834419727325439453125" lon="23.462289758026599884033203125">
        <ele>584.5999755859375</ele>
        <time>2024-11-10T10:59:41.000Z</time>
        <extensions>
          <ns3:TrackPointExtension>
            <ns3:hr>93</ns3:hr>
            <ns3:cad>0</ns3:cad>
          </ns3:TrackPointExtension>
        </extensions>
      </trkpt>
      <trkpt lat="46.40146452002227306365966796875" lon="23.46228196285665035247802734375">
        <ele>584.5999755859375</ele>
        <time>2024-11-10T10:59:46.000Z</time>
        <extensions>
          <ns3:TrackPointExtension>
            <ns3:hr>87</ns3:hr>
            <ns3:cad>0</ns3:cad>
          </ns3:TrackPointExtension>
        </extensions>
      </trkpt>
      <trkpt lat="46.40146519057452678680419921875" lon="23.462287075817584991455078125">
        <ele>584.4000244140625</ele>
        <time>2024-11-10T10:59:48.000Z</time>
        <extensions>
          <ns3:TrackPointExtension>
            <ns3:hr>83</ns3:hr>
            <ns3:cad>0</ns3:cad>
          </ns3:TrackPointExtension>
        </extensions>
      </trkpt>
      <trkpt lat="46.40146519057452678680419921875" lon="23.46232521347701549530029296875">
        <ele>584</ele>
        <time>2024-11-10T10:59:51.000Z</time>
        <extensions>
          <ns3:TrackPointExtension>
            <ns3:hr>83</ns3:hr>
            <ns3:cad>0</ns3:cad>
          </ns3:TrackPointExtension>
        </extensions>
      </trkpt>
      <trkpt lat="46.40146284364163875579833984375" lon="23.4623402170836925506591796875">
        <ele>583.79998779296875</ele>
        <time>2024-11-10T10:59:54.000Z</time>
        <extensions>
          <ns3:TrackPointExtension>
            <ns3:hr>86</ns3:hr>
            <ns3:cad>0</ns3:cad>
          </ns3:TrackPointExtension>
        </extensions>
      </trkpt>
      <trkpt lat="46.40146418474614620208740234375" lon="23.4623549692332744598388671875">
        <ele>583.79998779296875</ele>
        <time>2024-11-10T10:59:56.000Z</time>
        <extensions>
          <ns3:TrackPointExtension>
            <ns3:hr>90</ns3:hr>
            <ns3:cad>0</ns3:cad>
          </ns3:TrackPointExtension>
        </extensions>
      </trkpt>
      <trkpt lat="46.40146133489906787872314453125" lon="23.4623672068119049072265625">
        <ele>583.79998779296875</ele>
        <time>2024-11-10T10:59:57.000Z</time>
        <extensions>
          <ns3:TrackPointExtension>
            <ns3:hr>91</ns3:hr>
            <ns3:cad>0</ns3:cad>
          </ns3:TrackPointExtension>
        </extensions>
      </trkpt>
      <trkpt lat="46.4014597423374652862548828125" lon="23.4623817913234233856201171875">
        <ele>583.5999755859375</ele>
        <time>2024-11-10T10:59:59.000Z</time>
        <extensions>
          <ns3:TrackPointExtension>
            <ns3:hr>91</ns3:hr>
            <ns3:cad>0</ns3:cad>
          </ns3:TrackPointExtension>
        </extensions>
      </trkpt>
      <trkpt lat="46.40144172124564647674560546875" lon="23.4624361060559749603271484375">
        <ele>583.20001220703125</ele>
        <time>2024-11-10T11:00:07.000Z</time>
        <extensions>
          <ns3:TrackPointExtension>
            <ns3:hr>91</ns3:hr>
            <ns3:cad>0</ns3:cad>
          </ns3:TrackPointExtension>
        </extensions>
      </trkpt>
      <trkpt lat="46.40144172124564647674560546875" lon="23.4624361060559749603271484375">
        <ele>583.20001220703125</ele>
        <time>2024-11-10T11:00:11.000Z</time>
        <extensions>
          <ns3:TrackPointExtension>
            <ns3:hr>88</ns3:hr>
            <ns3:cad>0</ns3:cad>
          </ns3:TrackPointExtension>
        </extensions>
      </trkpt>
      <trkpt lat="46.40143032185733318328857421875" lon="23.462429232895374298095703125">
        <ele>583.20001220703125</ele>
        <time>2024-11-10T11:00:13.000Z</time>
        <extensions>
          <ns3:TrackPointExtension>
            <ns3:hr>91</ns3:hr>
            <ns3:cad>0</ns3:cad>
          </ns3:TrackPointExtension>
        </extensions>
      </trkpt>
      <trkpt lat="46.40142680145800113677978515625" lon="23.4624262154102325439453125">
        <ele>583.20001220703125</ele>
        <time>2024-11-10T11:00:14.000Z</time>
        <extensions>
          <ns3:TrackPointExtension>
            <ns3:hr>92</ns3:hr>
            <ns3:cad>0</ns3:cad>
          </ns3:TrackPointExtension>
        </extensions>
      </trkpt>
      <trkpt lat="46.4014319144189357757568359375" lon="23.46241590566933155059814453125">
        <ele>583.20001220703125</ele>
        <time>2024-11-10T11:00:19.000Z</time>
        <extensions>
          <ns3:TrackPointExtension>
            <ns3:hr>89</ns3:hr>
            <ns3:cad>0</ns3:cad>
          </ns3:TrackPointExtension>
        </extensions>
      </trkpt>
      <trkpt lat="46.40143233351409435272216796875" lon="23.4624169953167438507080078125">
        <ele>583</ele>
        <time>2024-11-10T11:00:20.000Z</time>
        <extensions>
          <ns3:TrackPointExtension>
            <ns3:hr>86</ns3:hr>
            <ns3:cad>0</ns3:cad>
          </ns3:TrackPointExtension>
        </extensions>
      </trkpt>
      <trkpt lat="46.40143065713346004486083984375" lon="23.4624159894883632659912109375">
        <ele>583</ele>
        <time>2024-11-10T11:00:24.000Z</time>
        <extensions>
          <ns3:TrackPointExtension>
            <ns3:hr>85</ns3:hr>
            <ns3:cad>0</ns3:cad>
          </ns3:TrackPointExtension>
        </extensions>
      </trkpt>
      <trkpt lat="46.40143065713346004486083984375" lon="23.4624159894883632659912109375">
        <ele>582.79998779296875</ele>
        <time>2024-11-10T11:00:35.000Z</time>
        <extensions>
          <ns3:TrackPointExtension>
            <ns3:hr>86</ns3:hr>
            <ns3:cad>0</ns3:cad>
          </ns3:TrackPointExtension>
        </extensions>
      </trkpt>
      <trkpt lat="46.40143065713346004486083984375" lon="23.4624159894883632659912109375">
        <ele>582.5999755859375</ele>
        <time>2024-11-10T11:00:36.000Z</time>
        <extensions>
          <ns3:TrackPointExtension>
            <ns3:hr>86</ns3:hr>
            <ns3:cad>0</ns3:cad>
          </ns3:TrackPointExtension>
        </extensions>
      </trkpt>
      <trkpt lat="46.40143065713346004486083984375" lon="23.4624159894883632659912109375">
        <ele>582.4000244140625</ele>
        <time>2024-11-10T11:00:45.000Z</time>
        <extensions>
          <ns3:TrackPointExtension>
            <ns3:hr>83</ns3:hr>
            <ns3:cad>0</ns3:cad>
          </ns3:TrackPointExtension>
        </extensions>
      </trkpt>
      <trkpt lat="46.40143065713346004486083984375" lon="23.4624159894883632659912109375">
        <ele>582.20001220703125</ele>
        <time>2024-11-10T11:00:48.000Z</time>
        <extensions>
          <ns3:TrackPointExtension>
            <ns3:hr>81</ns3:hr>
            <ns3:cad>0</ns3:cad>
          </ns3:TrackPointExtension>
        </extensions>
      </trkpt>
      <trkpt lat="46.40143920667469501495361328125" lon="23.46243359148502349853515625">
        <ele>582</ele>
        <time>2024-11-10T11:00:52.000Z</time>
        <extensions>
          <ns3:TrackPointExtension>
            <ns3:hr>78</ns3:hr>
            <ns3:cad>0</ns3:cad>
          </ns3:TrackPointExtension>
        </extensions>
      </trkpt>
      <trkpt lat="46.40144339762628078460693359375" lon="23.46244490705430507659912109375">
        <ele>582</ele>
        <time>2024-11-10T11:00:57.000Z</time>
        <extensions>
          <ns3:TrackPointExtension>
            <ns3:hr>78</ns3:hr>
            <ns3:cad>0</ns3:cad>
          </ns3:TrackPointExtension>
        </extensions>
      </trkpt>
      <trkpt lat="46.40145831741392612457275390625" lon="23.46242043189704418182373046875">
        <ele>581.79998779296875</ele>
        <time>2024-11-10T11:01:07.000Z</time>
        <extensions>
          <ns3:TrackPointExtension>
            <ns3:hr>78</ns3:hr>
            <ns3:cad>0</ns3:cad>
          </ns3:TrackPointExtension>
        </extensions>
      </trkpt>
      <trkpt lat="46.40143610537052154541015625" lon="23.4624384529888629913330078125">
        <ele>581.79998779296875</ele>
        <time>2024-11-10T11:01:15.000Z</time>
        <extensions>
          <ns3:TrackPointExtension>
            <ns3:hr>78</ns3:hr>
            <ns3:cad>0</ns3:cad>
          </ns3:TrackPointExtension>
        </extensions>
      </trkpt>
      <trkpt lat="46.4014327526092529296875" lon="23.4624411351978778839111328125">
        <ele>581.5999755859375</ele>
        <time>2024-11-10T11:01:17.000Z</time>
        <extensions>
          <ns3:TrackPointExtension>
            <ns3:hr>78</ns3:hr>
            <ns3:cad>0</ns3:cad>
          </ns3:TrackPointExtension>
        </extensions>
      </trkpt>
      <trkpt lat="46.40143970958888530731201171875" lon="23.46243401058018207550048828125">
        <ele>581.4000244140625</ele>
        <time>2024-11-10T11:01:21.000Z</time>
        <extensions>
          <ns3:TrackPointExtension>
            <ns3:hr>81</ns3:hr>
            <ns3:cad>0</ns3:cad>
          </ns3:TrackPointExtension>
        </extensions>
      </trkpt>
      <trkpt lat="46.40143786557018756866455078125" lon="23.46243669278919696807861328125">
        <ele>581.4000244140625</ele>
        <time>2024-11-10T11:01:23.000Z</time>
        <extensions>
          <ns3:TrackPointExtension>
            <ns3:hr>84</ns3:hr>
            <ns3:cad>0</ns3:cad>
          </ns3:TrackPointExtension>
        </extensions>
      </trkpt>
      <trkpt lat="46.40143300406634807586669921875" lon="23.46243602223694324493408203125">
        <ele>581.4000244140625</ele>
        <time>2024-11-10T11:01:26.000Z</time>
        <extensions>
          <ns3:TrackPointExtension>
            <ns3:hr>84</ns3:hr>
            <ns3:cad>0</ns3:cad>
          </ns3:TrackPointExtension>
        </extensions>
      </trkpt>
      <trkpt lat="46.40142998658120632171630859375" lon="23.4624369442462921142578125">
        <ele>581.4000244140625</ele>
        <time>2024-11-10T11:01:29.000Z</time>
        <extensions>
          <ns3:TrackPointExtension>
            <ns3:hr>81</ns3:hr>
            <ns3:cad>0</ns3:cad>
          </ns3:TrackPointExtension>
        </extensions>
      </trkpt>
      <trkpt lat="46.40141221694648265838623046875" lon="23.4624423086643218994140625">
        <ele>581.4000244140625</ele>
        <time>2024-11-10T11:01:33.000Z</time>
        <extensions>
          <ns3:TrackPointExtension>
            <ns3:hr>81</ns3:hr>
            <ns3:cad>0</ns3:cad>
          </ns3:TrackPointExtension>
        </extensions>
      </trkpt>
      <trkpt lat="46.4014101214706897735595703125" lon="23.46244306303560733795166015625">
        <ele>581.4000244140625</ele>
        <time>2024-11-10T11:01:34.000Z</time>
        <extensions>
          <ns3:TrackPointExtension>
            <ns3:hr>84</ns3:hr>
            <ns3:cad>0</ns3:cad>
          </ns3:TrackPointExtension>
        </extensions>
      </trkpt>
      <trkpt lat="46.40140819363296031951904296875" lon="23.4624317474663257598876953125">
        <ele>581.4000244140625</ele>
        <time>2024-11-10T11:01:40.000Z</time>
        <extensions>
          <ns3:TrackPointExtension>
            <ns3:hr>83</ns3:hr>
            <ns3:cad>43</ns3:cad>
          </ns3:TrackPointExtension>
        </extensions>
      </trkpt>
      <trkpt lat="46.40142579562962055206298828125" lon="23.46241154707968235015869140625">
        <ele>581.5999755859375</ele>
        <time>2024-11-10T11:01:44.000Z</time>
        <extensions>
          <ns3:TrackPointExtension>
            <ns3:hr>78</ns3:hr>
            <ns3:cad>0</ns3:cad>
          </ns3:TrackPointExtension>
        </extensions>
      </trkpt>
      <trkpt lat="46.4014174975454807281494140625" lon="23.462411127984523773193359375">
        <ele>581.5999755859375</ele>
        <time>2024-11-10T11:01:48.000Z</time>
        <extensions>
          <ns3:TrackPointExtension>
            <ns3:hr>77</ns3:hr>
            <ns3:cad>0</ns3:cad>
          </ns3:TrackPointExtension>
        </extensions>
      </trkpt>
      <trkpt lat="46.401422359049320220947265625" lon="23.462394364178180694580078125">
        <ele>581.20001220703125</ele>
        <time>2024-11-10T11:01:58.000Z</time>
        <extensions>
          <ns3:TrackPointExtension>
            <ns3:hr>78</ns3:hr>
            <ns3:cad>0</ns3:cad>
          </ns3:TrackPointExtension>
        </extensions>
      </trkpt>
      <trkpt lat="46.401430405676364898681640625" lon="23.4624019078910350799560546875">
        <ele>581</ele>
        <time>2024-11-10T11:02:00.000Z</time>
        <extensions>
          <ns3:TrackPointExtension>
            <ns3:hr>85</ns3:hr>
            <ns3:cad>0</ns3:cad>
          </ns3:TrackPointExtension>
        </extensions>
      </trkpt>
      <trkpt lat="46.40143535099923610687255859375" lon="23.46240651793777942657470703125">
        <ele>581</ele>
        <time>2024-11-10T11:02:02.000Z</time>
        <extensions>
          <ns3:TrackPointExtension>
            <ns3:hr>88</ns3:hr>
            <ns3:cad>0</ns3:cad>
          </ns3:TrackPointExtension>
        </extensions>
      </trkpt>
      <trkpt lat="46.40144373290240764617919921875" lon="23.4624190069735050201416015625">
        <ele>581</ele>
        <time>2024-11-10T11:02:07.000Z</time>
        <extensions>
          <ns3:TrackPointExtension>
            <ns3:hr>85</ns3:hr>
            <ns3:cad>0</ns3:cad>
          </ns3:TrackPointExtension>
        </extensions>
      </trkpt>
      <trkpt lat="46.40143970958888530731201171875" lon="23.46243401058018207550048828125">
        <ele>581</ele>
        <time>2024-11-10T11:02:09.000Z</time>
        <extensions>
          <ns3:TrackPointExtension>
            <ns3:hr>82</ns3:hr>
            <ns3:cad>0</ns3:cad>
          </ns3:TrackPointExtension>
        </extensions>
      </trkpt>
      <trkpt lat="46.4014295674860477447509765625" lon="23.46241104416549205780029296875">
        <ele>580.79998779296875</ele>
        <time>2024-11-10T11:02:17.000Z</time>
        <extensions>
          <ns3:TrackPointExtension>
            <ns3:hr>82</ns3:hr>
            <ns3:cad>0</ns3:cad>
          </ns3:TrackPointExtension>
        </extensions>
      </trkpt>
      <trkpt lat="46.40144675038754940032958984375" lon="23.46245731227099895477294921875">
        <ele>580.5999755859375</ele>
        <time>2024-11-10T11:02:27.000Z</time>
        <extensions>
          <ns3:TrackPointExtension>
            <ns3:hr>80</ns3:hr>
            <ns3:cad>0</ns3:cad>
          </ns3:TrackPointExtension>
        </extensions>
      </trkpt>
      <trkpt lat="46.4014413021504878997802734375" lon="23.46248899586498737335205078125">
        <ele>580.5999755859375</ele>
        <time>2024-11-10T11:02:30.000Z</time>
        <extensions>
          <ns3:TrackPointExtension>
            <ns3:hr>80</ns3:hr>
            <ns3:cad>0</ns3:cad>
          </ns3:TrackPointExtension>
        </extensions>
      </trkpt>
      <trkpt lat="46.40143719501793384552001953125" lon="23.462511710822582244873046875">
        <ele>580.5999755859375</ele>
        <time>2024-11-10T11:02:35.000Z</time>
        <extensions>
          <ns3:TrackPointExtension>
            <ns3:hr>78</ns3:hr>
            <ns3:cad>0</ns3:cad>
          </ns3:TrackPointExtension>
        </extensions>
      </trkpt>
      <trkpt lat="46.40142428688704967498779296875" lon="23.46258111298084259033203125">
        <ele>580.4000244140625</ele>
        <time>2024-11-10T11:02:43.000Z</time>
        <extensions>
          <ns3:TrackPointExtension>
            <ns3:hr>81</ns3:hr>
            <ns3:cad>0</ns3:cad>
          </ns3:TrackPointExtension>
        </extensions>
      </trkpt>
      <trkpt lat="46.4014071039855480194091796875" lon="23.46266451291739940643310546875">
        <ele>580.20001220703125</ele>
        <time>2024-11-10T11:02:49.000Z</time>
        <extensions>
          <ns3:TrackPointExtension>
            <ns3:hr>84</ns3:hr>
            <ns3:cad>41</ns3:cad>
          </ns3:TrackPointExtension>
        </extensions>
      </trkpt>
      <trkpt lat="46.4014044217765331268310546875" lon="23.46268865279853343963623046875">
        <ele>580.20001220703125</ele>
        <time>2024-11-10T11:02:51.000Z</time>
        <extensions>
          <ns3:TrackPointExtension>
            <ns3:hr>87</ns3:hr>
            <ns3:cad>41</ns3:cad>
          </ns3:TrackPointExtension>
        </extensions>
      </trkpt>
      <trkpt lat="46.4014024101197719573974609375" lon="23.46270449459552764892578125">
        <ele>580</ele>
        <time>2024-11-10T11:02:53.000Z</time>
        <extensions>
          <ns3:TrackPointExtension>
            <ns3:hr>90</ns3:hr>
            <ns3:cad>0</ns3:cad>
          </ns3:TrackPointExtension>
        </extensions>
      </trkpt>
      <trkpt lat="46.401395536959171295166015625" lon="23.46271279267966747283935546875">
        <ele>580.20001220703125</ele>
        <time>2024-11-10T11:02:58.000Z</time>
        <extensions>
          <ns3:TrackPointExtension>
            <ns3:hr>93</ns3:hr>
            <ns3:cad>0</ns3:cad>
          </ns3:TrackPointExtension>
        </extensions>
      </trkpt>
      <trkpt lat="46.4013953693211078643798828125" lon="23.46272192895412445068359375">
        <ele>580.20001220703125</ele>
        <time>2024-11-10T11:02:59.000Z</time>
        <extensions>
          <ns3:TrackPointExtension>
            <ns3:hr>94</ns3:hr>
            <ns3:cad>0</ns3:cad>
          </ns3:TrackPointExtension>
        </extensions>
      </trkpt>
      <trkpt lat="46.40138908289372920989990234375" lon="23.4627197496592998504638671875">
        <ele>580.20001220703125</ele>
        <time>2024-11-10T11:03:01.000Z</time>
        <extensions>
          <ns3:TrackPointExtension>
            <ns3:hr>97</ns3:hr>
            <ns3:cad>0</ns3:cad>
          </ns3:TrackPointExtension>
        </extensions>
      </trkpt>
      <trkpt lat="46.4013940282166004180908203125" lon="23.46274665556848049163818359375">
        <ele>580.20001220703125</ele>
        <time>2024-11-10T11:03:05.000Z</time>
        <extensions>
          <ns3:TrackPointExtension>
            <ns3:hr>95</ns3:hr>
            <ns3:cad>0</ns3:cad>
          </ns3:TrackPointExtension>
        </extensions>
      </trkpt>
      <trkpt lat="46.40139293856918811798095703125" lon="23.4627628326416015625">
        <ele>580.20001220703125</ele>
        <time>2024-11-10T11:03:08.000Z</time>
        <extensions>
          <ns3:TrackPointExtension>
            <ns3:hr>91</ns3:hr>
            <ns3:cad>0</ns3:cad>
          </ns3:TrackPointExtension>
        </extensions>
      </trkpt>
      <trkpt lat="46.401394195854663848876953125" lon="23.46275637857615947723388671875">
        <ele>580.20001220703125</ele>
        <time>2024-11-10T11:03:10.000Z</time>
        <extensions>
          <ns3:TrackPointExtension>
            <ns3:hr>88</ns3:hr>
            <ns3:cad>0</ns3:cad>
          </ns3:TrackPointExtension>
        </extensions>
      </trkpt>
      <trkpt lat="46.40139746479690074920654296875" lon="23.462757132947444915771484375">
        <ele>580.20001220703125</ele>
        <time>2024-11-10T11:03:13.000Z</time>
        <extensions>
          <ns3:TrackPointExtension>
            <ns3:hr>88</ns3:hr>
            <ns3:cad>0</ns3:cad>
          </ns3:TrackPointExtension>
        </extensions>
      </trkpt>
      <trkpt lat="46.40139545314013957977294921875" lon="23.46281320787966251373291015625">
        <ele>580.4000244140625</ele>
        <time>2024-11-10T11:03:20.000Z</time>
        <extensions>
          <ns3:TrackPointExtension>
            <ns3:hr>86</ns3:hr>
            <ns3:cad>0</ns3:cad>
          </ns3:TrackPointExtension>
        </extensions>
      </trkpt>
      <trkpt lat="46.401394866406917572021484375" lon="23.46284237690269947052001953125">
        <ele>580.79998779296875</ele>
        <time>2024-11-10T11:03:24.000Z</time>
        <extensions>
          <ns3:TrackPointExtension>
            <ns3:hr>90</ns3:hr>
            <ns3:cad>0</ns3:cad>
          </ns3:TrackPointExtension>
        </extensions>
      </trkpt>
      <trkpt lat="46.40139327384531497955322265625" lon="23.4628773294389247894287109375">
        <ele>580.79998779296875</ele>
        <time>2024-11-10T11:03:28.000Z</time>
        <extensions>
          <ns3:TrackPointExtension>
            <ns3:hr>93</ns3:hr>
            <ns3:cad>66</ns3:cad>
          </ns3:TrackPointExtension>
        </extensions>
      </trkpt>
      <trkpt lat="46.40139453113079071044921875" lon="23.46288898028433322906494140625">
        <ele>581.4000244140625</ele>
        <time>2024-11-10T11:03:35.000Z</time>
        <extensions>
          <ns3:TrackPointExtension>
            <ns3:hr>93</ns3:hr>
            <ns3:cad>0</ns3:cad>
          </ns3:TrackPointExtension>
        </extensions>
      </trkpt>
      <trkpt lat="46.4014007337391376495361328125" lon="23.46293642185628414154052734375">
        <ele>581.20001220703125</ele>
        <time>2024-11-10T11:03:43.000Z</time>
        <extensions>
          <ns3:TrackPointExtension>
            <ns3:hr>91</ns3:hr>
            <ns3:cad>0</ns3:cad>
          </ns3:TrackPointExtension>
        </extensions>
      </trkpt>
      <trkpt lat="46.40140014700591564178466796875" lon="23.4629531018435955047607421875">
        <ele>581.20001220703125</ele>
        <time>2024-11-10T11:03:45.000Z</time>
        <extensions>
          <ns3:TrackPointExtension>
            <ns3:hr>94</ns3:hr>
            <ns3:cad>44</ns3:cad>
          </ns3:TrackPointExtension>
        </extensions>
      </trkpt>
      <trkpt lat="46.40141774900257587432861328125" lon="23.463009260594844818115234375">
        <ele>581.4000244140625</ele>
        <time>2024-11-10T11:03:51.000Z</time>
        <extensions>
          <ns3:TrackPointExtension>
            <ns3:hr>94</ns3:hr>
            <ns3:cad>78</ns3:cad>
          </ns3:TrackPointExtension>
        </extensions>
      </trkpt>
      <trkpt lat="46.40142646618187427520751953125" lon="23.463023342192173004150390625">
        <ele>581.5999755859375</ele>
        <time>2024-11-10T11:03:52.000Z</time>
        <extensions>
          <ns3:TrackPointExtension>
            <ns3:hr>94</ns3:hr>
            <ns3:cad>77</ns3:cad>
          </ns3:TrackPointExtension>
        </extensions>
      </trkpt>
      <trkpt lat="46.401429064571857452392578125" lon="23.46303532831370830535888671875">
        <ele>581.79998779296875</ele>
        <time>2024-11-10T11:03:53.000Z</time>
        <extensions>
          <ns3:TrackPointExtension>
            <ns3:hr>94</ns3:hr>
            <ns3:cad>75</ns3:cad>
          </ns3:TrackPointExtension>
        </extensions>
      </trkpt>
      <trkpt lat="46.40144172124564647674560546875" lon="23.46308327279984951019287109375">
        <ele>582.20001220703125</ele>
        <time>2024-11-10T11:03:58.000Z</time>
        <extensions>
          <ns3:TrackPointExtension>
            <ns3:hr>94</ns3:hr>
            <ns3:cad>78</ns3:cad>
          </ns3:TrackPointExtension>
        </extensions>
      </trkpt>
      <trkpt lat="46.40144792385399341583251953125" lon="23.4631304629147052764892578125">
        <ele>582.5999755859375</ele>
        <time>2024-11-10T11:04:03.000Z</time>
        <extensions>
          <ns3:TrackPointExtension>
            <ns3:hr>96</ns3:hr>
            <ns3:cad>76</ns3:cad>
          </ns3:TrackPointExtension>
        </extensions>
      </trkpt>
      <trkpt lat="46.40144071541726589202880859375" lon="23.46316474489867687225341796875">
        <ele>583</ele>
        <time>2024-11-10T11:04:07.000Z</time>
        <extensions>
          <ns3:TrackPointExtension>
            <ns3:hr>97</ns3:hr>
            <ns3:cad>77</ns3:cad>
          </ns3:TrackPointExtension>
        </extensions>
      </trkpt>
      <trkpt lat="46.40142428688704967498779296875" lon="23.463215790688991546630859375">
        <ele>583.79998779296875</ele>
        <time>2024-11-10T11:04:13.000Z</time>
        <extensions>
          <ns3:TrackPointExtension>
            <ns3:hr>98</ns3:hr>
            <ns3:cad>69</ns3:cad>
          </ns3:TrackPointExtension>
        </extensions>
      </trkpt>
      <trkpt lat="46.401422023773193359375" lon="23.46322040073573589324951171875">
        <ele>584</ele>
        <time>2024-11-10T11:04:15.000Z</time>
        <extensions>
          <ns3:TrackPointExtension>
            <ns3:hr>99</ns3:hr>
            <ns3:cad>69</ns3:cad>
          </ns3:TrackPointExtension>
        </extensions>
      </trkpt>
      <trkpt lat="46.401425711810588836669921875" lon="23.4632655791938304901123046875">
        <ele>584.5999755859375</ele>
        <time>2024-11-10T11:04:22.000Z</time>
        <extensions>
          <ns3:TrackPointExtension>
            <ns3:hr>100</ns3:hr>
            <ns3:cad>70</ns3:cad>
          </ns3:TrackPointExtension>
        </extensions>
      </trkpt>
      <trkpt lat="46.40142998658120632171630859375" lon="23.46327203325927257537841796875">
        <ele>584.79998779296875</ele>
        <time>2024-11-10T11:04:23.000Z</time>
        <extensions>
          <ns3:TrackPointExtension>
            <ns3:hr>100</ns3:hr>
            <ns3:cad>73</ns3:cad>
          </ns3:TrackPointExtension>
        </extensions>
      </trkpt>
      <trkpt lat="46.40144088305532932281494140625" lon="23.46329349093139171600341796875">
        <ele>585.4000244140625</ele>
        <time>2024-11-10T11:04:26.000Z</time>
        <extensions>
          <ns3:TrackPointExtension>
            <ns3:hr>103</ns3:hr>
            <ns3:cad>71</ns3:cad>
          </ns3:TrackPointExtension>
        </extensions>
      </trkpt>
      <trkpt lat="46.40146234072744846343994140625" lon="23.46331679262220859527587890625">
        <ele>585.5999755859375</ele>
        <time>2024-11-10T11:04:30.000Z</time>
        <extensions>
          <ns3:TrackPointExtension>
            <ns3:hr>103</ns3:hr>
            <ns3:cad>73</ns3:cad>
          </ns3:TrackPointExtension>
        </extensions>
      </trkpt>
      <trkpt lat="46.4014785178005695343017578125" lon="23.4633282758295536041259765625">
        <ele>586</ele>
        <time>2024-11-10T11:04:32.000Z</time>
        <extensions>
          <ns3:TrackPointExtension>
            <ns3:hr>104</ns3:hr>
            <ns3:cad>73</ns3:cad>
          </ns3:TrackPointExtension>
        </extensions>
      </trkpt>
      <trkpt lat="46.40151430852711200714111328125" lon="23.46332542598247528076171875">
        <ele>586.79998779296875</ele>
        <time>2024-11-10T11:04:39.000Z</time>
        <extensions>
          <ns3:TrackPointExtension>
            <ns3:hr>103</ns3:hr>
            <ns3:cad>76</ns3:cad>
          </ns3:TrackPointExtension>
        </extensions>
      </trkpt>
      <trkpt lat="46.4015467464923858642578125" lon="23.46332014538347721099853515625">
        <ele>587</ele>
        <time>2024-11-10T11:04:43.000Z</time>
        <extensions>
          <ns3:TrackPointExtension>
            <ns3:hr>103</ns3:hr>
            <ns3:cad>77</ns3:cad>
          </ns3:TrackPointExtension>
        </extensions>
      </trkpt>
      <trkpt lat="46.401569209992885589599609375" lon="23.463311009109020233154296875">
        <ele>587.20001220703125</ele>
        <time>2024-11-10T11:04:46.000Z</time>
        <extensions>
          <ns3:TrackPointExtension>
            <ns3:hr>103</ns3:hr>
            <ns3:cad>78</ns3:cad>
          </ns3:TrackPointExtension>
        </extensions>
      </trkpt>
      <trkpt lat="46.4016404561698436737060546875" lon="23.46330799162387847900390625">
        <ele>587.4000244140625</ele>
        <time>2024-11-10T11:04:54.000Z</time>
        <extensions>
          <ns3:TrackPointExtension>
            <ns3:hr>104</ns3:hr>
            <ns3:cad>77</ns3:cad>
          </ns3:TrackPointExtension>
        </extensions>
      </trkpt>
      <trkpt lat="46.4017031528055667877197265625" lon="23.46331159584224224090576171875">
        <ele>587.4000244140625</ele>
        <time>2024-11-10T11:05:04.000Z</time>
        <extensions>
          <ns3:TrackPointExtension>
            <ns3:hr>103</ns3:hr>
            <ns3:cad>0</ns3:cad>
          </ns3:TrackPointExtension>
        </extensions>
      </trkpt>
      <trkpt lat="46.401765346527099609375" lon="23.46331092528998851776123046875">
        <ele>587.20001220703125</ele>
        <time>2024-11-10T11:05:12.000Z</time>
        <extensions>
          <ns3:TrackPointExtension>
            <ns3:hr>100</ns3:hr>
            <ns3:cad>45</ns3:cad>
          </ns3:TrackPointExtension>
        </extensions>
      </trkpt>
      <trkpt lat="46.40177079476416110992431640625" lon="23.46330790780484676361083984375">
        <ele>587.4000244140625</ele>
        <time>2024-11-10T11:05:13.000Z</time>
        <extensions>
          <ns3:TrackPointExtension>
            <ns3:hr>99</ns3:hr>
            <ns3:cad>43</ns3:cad>
          </ns3:TrackPointExtension>
        </extensions>
      </trkpt>
      <trkpt lat="46.4018080942332744598388671875" lon="23.4633024595677852630615234375">
        <ele>587.4000244140625</ele>
        <time>2024-11-10T11:05:16.000Z</time>
        <extensions>
          <ns3:TrackPointExtension>
            <ns3:hr>96</ns3:hr>
            <ns3:cad>40</ns3:cad>
          </ns3:TrackPointExtension>
        </extensions>
      </trkpt>
      <trkpt lat="46.40186525881290435791015625" lon="23.4632823430001735687255859375">
        <ele>587.5999755859375</ele>
        <time>2024-11-10T11:05:22.000Z</time>
        <extensions>
          <ns3:TrackPointExtension>
            <ns3:hr>99</ns3:hr>
            <ns3:cad>42</ns3:cad>
          </ns3:TrackPointExtension>
        </extensions>
      </trkpt>
      <trkpt lat="46.40190674923360347747802734375" lon="23.46327018924057483673095703125">
        <ele>588</ele>
        <time>2024-11-10T11:05:28.000Z</time>
        <extensions>
          <ns3:TrackPointExtension>
            <ns3:hr>100</ns3:hr>
            <ns3:cad>0</ns3:cad>
          </ns3:TrackPointExtension>
        </extensions>
      </trkpt>
      <trkpt lat="46.4019116945564746856689453125" lon="23.463270775973796844482421875">
        <ele>588.20001220703125</ele>
        <time>2024-11-10T11:05:29.000Z</time>
        <extensions>
          <ns3:TrackPointExtension>
            <ns3:hr>100</ns3:hr>
            <ns3:cad>0</ns3:cad>
          </ns3:TrackPointExtension>
        </extensions>
      </trkpt>
      <trkpt lat="46.4019596390426158905029296875" lon="23.46327438019216060638427734375">
        <ele>588.5999755859375</ele>
        <time>2024-11-10T11:05:35.000Z</time>
        <extensions>
          <ns3:TrackPointExtension>
            <ns3:hr>97</ns3:hr>
            <ns3:cad>41</ns3:cad>
          </ns3:TrackPointExtension>
        </extensions>
      </trkpt>
      <trkpt lat="46.401966512203216552734375" lon="23.4632763080298900604248046875">
        <ele>588.5999755859375</ele>
        <time>2024-11-10T11:05:36.000Z</time>
        <extensions>
          <ns3:TrackPointExtension>
            <ns3:hr>95</ns3:hr>
            <ns3:cad>41</ns3:cad>
          </ns3:TrackPointExtension>
        </extensions>
      </trkpt>
      <trkpt lat="46.40199157409369945526123046875" lon="23.46327622421085834503173828125">
        <ele>589.20001220703125</ele>
        <time>2024-11-10T11:05:40.000Z</time>
        <extensions>
          <ns3:TrackPointExtension>
            <ns3:hr>95</ns3:hr>
            <ns3:cad>41</ns3:cad>
          </ns3:TrackPointExtension>
        </extensions>
      </trkpt>
      <trkpt lat="46.4020220004022121429443359375" lon="23.463276140391826629638671875">
        <ele>589.5999755859375</ele>
        <time>2024-11-10T11:05:44.000Z</time>
        <extensions>
          <ns3:TrackPointExtension>
            <ns3:hr>95</ns3:hr>
            <ns3:cad>0</ns3:cad>
          </ns3:TrackPointExtension>
        </extensions>
      </trkpt>
      <trkpt lat="46.402061395347118377685546875" lon="23.4632820077240467071533203125">
        <ele>590.20001220703125</ele>
        <time>2024-11-10T11:05:50.000Z</time>
        <extensions>
          <ns3:TrackPointExtension>
            <ns3:hr>96</ns3:hr>
            <ns3:cad>40</ns3:cad>
          </ns3:TrackPointExtension>
        </extensions>
      </trkpt>
      <trkpt lat="46.40209433622658252716064453125" lon="23.46327488310635089874267578125">
        <ele>590.79998779296875</ele>
        <time>2024-11-10T11:05:54.000Z</time>
        <extensions>
          <ns3:TrackPointExtension>
            <ns3:hr>97</ns3:hr>
            <ns3:cad>79</ns3:cad>
          </ns3:TrackPointExtension>
        </extensions>
      </trkpt>
      <trkpt lat="46.4021111838519573211669921875" lon="23.4632816724479198455810546875">
        <ele>591.4000244140625</ele>
        <time>2024-11-10T11:05:57.000Z</time>
        <extensions>
          <ns3:TrackPointExtension>
            <ns3:hr>99</ns3:hr>
            <ns3:cad>79</ns3:cad>
          </ns3:TrackPointExtension>
        </extensions>
      </trkpt>
      <trkpt lat="46.40213289298117160797119140625" lon="23.463299609720706939697265625">
        <ele>591.79998779296875</ele>
        <time>2024-11-10T11:06:00.000Z</time>
        <extensions>
          <ns3:TrackPointExtension>
            <ns3:hr>102</ns3:hr>
            <ns3:cad>77</ns3:cad>
          </ns3:TrackPointExtension>
        </extensions>
      </trkpt>
      <trkpt lat="46.40213909558951854705810546875" lon="23.46331377513706684112548828125">
        <ele>591.79998779296875</ele>
        <time>2024-11-10T11:06:02.000Z</time>
        <extensions>
          <ns3:TrackPointExtension>
            <ns3:hr>104</ns3:hr>
            <ns3:cad>0</ns3:cad>
          </ns3:TrackPointExtension>
        </extensions>
      </trkpt>
      <trkpt lat="46.40215552411973476409912109375" lon="23.4634110890328884124755859375">
        <ele>592.20001220703125</ele>
        <time>2024-11-10T11:06:10.000Z</time>
        <extensions>
          <ns3:TrackPointExtension>
            <ns3:hr>101</ns3:hr>
            <ns3:cad>77</ns3:cad>
          </ns3:TrackPointExtension>
        </extensions>
      </trkpt>
      <trkpt lat="46.4021594636142253875732421875" lon="23.463420309126377105712890625">
        <ele>592.4000244140625</ele>
        <time>2024-11-10T11:06:11.000Z</time>
        <extensions>
          <ns3:TrackPointExtension>
            <ns3:hr>101</ns3:hr>
            <ns3:cad>77</ns3:cad>
          </ns3:TrackPointExtension>
        </extensions>
      </trkpt>
      <trkpt lat="46.402166001498699188232421875" lon="23.46349264495074748992919921875">
        <ele>593.20001220703125</ele>
        <time>2024-11-10T11:06:19.000Z</time>
        <extensions>
          <ns3:TrackPointExtension>
            <ns3:hr>102</ns3:hr>
            <ns3:cad>79</ns3:cad>
          </ns3:TrackPointExtension>
        </extensions>
      </trkpt>
      <trkpt lat="46.402166001498699188232421875" lon="23.463496752083301544189453125">
        <ele>593.4000244140625</ele>
        <time>2024-11-10T11:06:20.000Z</time>
        <extensions>
          <ns3:TrackPointExtension>
            <ns3:hr>102</ns3:hr>
            <ns3:cad>76</ns3:cad>
          </ns3:TrackPointExtension>
        </extensions>
      </trkpt>
      <trkpt lat="46.40218687243759632110595703125" lon="23.46355332992970943450927734375">
        <ele>594.20001220703125</ele>
        <time>2024-11-10T11:06:27.000Z</time>
        <extensions>
          <ns3:TrackPointExtension>
            <ns3:hr>103</ns3:hr>
            <ns3:cad>72</ns3:cad>
          </ns3:TrackPointExtension>
        </extensions>
      </trkpt>
      <trkpt lat="46.4021929912269115447998046875" lon="23.4635740332305431365966796875">
        <ele>594.4000244140625</ele>
        <time>2024-11-10T11:06:29.000Z</time>
        <extensions>
          <ns3:TrackPointExtension>
            <ns3:hr>103</ns3:hr>
            <ns3:cad>74</ns3:cad>
          </ns3:TrackPointExtension>
        </extensions>
      </trkpt>
      <trkpt lat="46.40222794376313686370849609375" lon="23.46366028301417827606201171875">
        <ele>595.5999755859375</ele>
        <time>2024-11-10T11:06:38.000Z</time>
        <extensions>
          <ns3:TrackPointExtension>
            <ns3:hr>104</ns3:hr>
            <ns3:cad>73</ns3:cad>
          </ns3:TrackPointExtension>
        </extensions>
      </trkpt>
      <trkpt lat="46.40224881470203399658203125" lon="23.46374058164656162261962890625">
        <ele>596.5999755859375</ele>
        <time>2024-11-10T11:06:47.000Z</time>
        <extensions>
          <ns3:TrackPointExtension>
            <ns3:hr>103</ns3:hr>
            <ns3:cad>0</ns3:cad>
          </ns3:TrackPointExtension>
        </extensions>
      </trkpt>
      <trkpt lat="46.4022107608616352081298828125" lon="23.4637182019650936126708984375">
        <ele>596.79998779296875</ele>
        <time>2024-11-10T11:06:57.000Z</time>
        <extensions>
          <ns3:TrackPointExtension>
            <ns3:hr>102</ns3:hr>
            <ns3:cad>0</ns3:cad>
          </ns3:TrackPointExtension>
        </extensions>
      </trkpt>
      <trkpt lat="46.4021540991961956024169921875" lon="23.46369297243654727935791015625">
        <ele>596.79998779296875</ele>
        <time>2024-11-10T11:07:06.000Z</time>
        <extensions>
          <ns3:TrackPointExtension>
            <ns3:hr>101</ns3:hr>
            <ns3:cad>0</ns3:cad>
          </ns3:TrackPointExtension>
        </extensions>
      </trkpt>
      <trkpt lat="46.402160637080669403076171875" lon="23.46369246952235698699951171875">
        <ele>596.79998779296875</ele>
        <time>2024-11-10T11:07:09.000Z</time>
        <extensions>
          <ns3:TrackPointExtension>
            <ns3:hr>98</ns3:hr>
            <ns3:cad>0</ns3:cad>
          </ns3:TrackPointExtension>
        </extensions>
      </trkpt>
      <trkpt lat="46.4021765626966953277587890625" lon="23.463699929416179656982421875">
        <ele>596.79998779296875</ele>
        <time>2024-11-10T11:07:12.000Z</time>
        <extensions>
          <ns3:TrackPointExtension>
            <ns3:hr>95</ns3:hr>
            <ns3:cad>0</ns3:cad>
          </ns3:TrackPointExtension>
        </extensions>
      </trkpt>
      <trkpt lat="46.40219190157949924468994140625" lon="23.46371023915708065032958984375">
        <ele>596.79998779296875</ele>
        <time>2024-11-10T11:07:15.000Z</time>
        <extensions>
          <ns3:TrackPointExtension>
            <ns3:hr>92</ns3:hr>
            <ns3:cad>0</ns3:cad>
          </ns3:TrackPointExtension>
        </extensions>
      </trkpt>
      <trkpt lat="46.402204222977161407470703125" lon="23.46370973624289035797119140625">
        <ele>596.79998779296875</ele>
        <time>2024-11-10T11:07:17.000Z</time>
        <extensions>
          <ns3:TrackPointExtension>
            <ns3:hr>91</ns3:hr>
            <ns3:cad>0</ns3:cad>
          </ns3:TrackPointExtension>
        </extensions>
      </trkpt>
      <trkpt lat="46.4022057317197322845458984375" lon="23.46369548700749874114990234375">
        <ele>596.79998779296875</ele>
        <time>2024-11-10T11:07:23.000Z</time>
        <extensions>
          <ns3:TrackPointExtension>
            <ns3:hr>90</ns3:hr>
            <ns3:cad>0</ns3:cad>
          </ns3:TrackPointExtension>
        </extensions>
      </trkpt>
      <trkpt lat="46.402228362858295440673828125" lon="23.46369984559714794158935546875">
        <ele>596.5999755859375</ele>
        <time>2024-11-10T11:07:30.000Z</time>
        <extensions>
          <ns3:TrackPointExtension>
            <ns3:hr>90</ns3:hr>
            <ns3:cad>0</ns3:cad>
          </ns3:TrackPointExtension>
        </extensions>
      </trkpt>
      <trkpt lat="46.4023002795875072479248046875" lon="23.4636880271136760711669921875">
        <ele>596</ele>
        <time>2024-11-10T11:07:38.000Z</time>
        <extensions>
          <ns3:TrackPointExtension>
            <ns3:hr>89</ns3:hr>
            <ns3:cad>52</ns3:cad>
          </ns3:TrackPointExtension>
        </extensions>
      </trkpt>
      <trkpt lat="46.40237026847898960113525390625" lon="23.46368257887661457061767578125">
        <ele>596</ele>
        <time>2024-11-10T11:07:46.000Z</time>
        <extensions>
          <ns3:TrackPointExtension>
            <ns3:hr>87</ns3:hr>
            <ns3:cad>41</ns3:cad>
          </ns3:TrackPointExtension>
        </extensions>
      </trkpt>
      <trkpt lat="46.40243330039083957672119140625" lon="23.46363178454339504241943359375">
        <ele>596.5999755859375</ele>
        <time>2024-11-10T11:07:54.000Z</time>
        <extensions>
          <ns3:TrackPointExtension>
            <ns3:hr>87</ns3:hr>
            <ns3:cad>40</ns3:cad>
          </ns3:TrackPointExtension>
        </extensions>
      </trkpt>
      <trkpt lat="46.4024586975574493408203125" lon="23.463627509772777557373046875">
        <ele>596.5999755859375</ele>
        <time>2024-11-10T11:07:57.000Z</time>
        <extensions>
          <ns3:TrackPointExtension>
            <ns3:hr>90</ns3:hr>
            <ns3:cad>43</ns3:cad>
          </ns3:TrackPointExtension>
        </extensions>
      </trkpt>
      <trkpt lat="46.40248543582856655120849609375" lon="23.463622145354747772216796875">
        <ele>596.79998779296875</ele>
        <time>2024-11-10T11:08:00.000Z</time>
        <extensions>
          <ns3:TrackPointExtension>
            <ns3:hr>93</ns3:hr>
            <ns3:cad>41</ns3:cad>
          </ns3:TrackPointExtension>
        </extensions>
      </trkpt>
      <trkpt lat="46.402497924864292144775390625" lon="23.4636213071644306182861328125">
        <ele>596.79998779296875</ele>
        <time>2024-11-10T11:08:01.000Z</time>
        <extensions>
          <ns3:TrackPointExtension>
            <ns3:hr>93</ns3:hr>
            <ns3:cad>41</ns3:cad>
          </ns3:TrackPointExtension>
        </extensions>
      </trkpt>
      <trkpt lat="46.402536146342754364013671875" lon="23.4636092372238636016845703125">
        <ele>597</ele>
        <time>2024-11-10T11:08:06.000Z</time>
        <extensions>
          <ns3:TrackPointExtension>
            <ns3:hr>90</ns3:hr>
            <ns3:cad>42</ns3:cad>
          </ns3:TrackPointExtension>
        </extensions>
      </trkpt>
      <trkpt lat="46.40257881022989749908447265625" lon="23.46358937211334705352783203125">
        <ele>597.20001220703125</ele>
        <time>2024-11-10T11:08:10.000Z</time>
        <extensions>
          <ns3:TrackPointExtension>
            <ns3:hr>90</ns3:hr>
            <ns3:cad>41</ns3:cad>
          </ns3:TrackPointExtension>
        </extensions>
      </trkpt>
      <trkpt lat="46.40263362787663936614990234375" lon="23.46354997716844081878662109375">
        <ele>597.5999755859375</ele>
        <time>2024-11-10T11:08:17.000Z</time>
        <extensions>
          <ns3:TrackPointExtension>
            <ns3:hr>90</ns3:hr>
            <ns3:cad>40</ns3:cad>
          </ns3:TrackPointExtension>
        </extensions>
      </trkpt>
      <trkpt lat="46.4026617072522640228271484375" lon="23.4635393321514129638671875">
        <ele>598</ele>
        <time>2024-11-10T11:08:21.000Z</time>
        <extensions>
          <ns3:TrackPointExtension>
            <ns3:hr>91</ns3:hr>
            <ns3:cad>40</ns3:cad>
          </ns3:TrackPointExtension>
        </extensions>
      </trkpt>
      <trkpt lat="46.402729265391826629638671875" lon="23.4635220654308795928955078125">
        <ele>598.4000244140625</ele>
        <time>2024-11-10T11:08:29.000Z</time>
        <extensions>
          <ns3:TrackPointExtension>
            <ns3:hr>92</ns3:hr>
            <ns3:cad>42</ns3:cad>
          </ns3:TrackPointExtension>
        </extensions>
      </trkpt>
      <trkpt lat="46.40277720987796783447265625" lon="23.46350303851068019866943359375">
        <ele>598.79998779296875</ele>
        <time>2024-11-10T11:08:33.000Z</time>
        <extensions>
          <ns3:TrackPointExtension>
            <ns3:hr>94</ns3:hr>
            <ns3:cad>41</ns3:cad>
          </ns3:TrackPointExtension>
        </extensions>
      </trkpt>
      <trkpt lat="46.402811743319034576416015625" lon="23.46347101964056491851806640625">
        <ele>599</ele>
        <time>2024-11-10T11:08:38.000Z</time>
        <extensions>
          <ns3:TrackPointExtension>
            <ns3:hr>96</ns3:hr>
            <ns3:cad>41</ns3:cad>
          </ns3:TrackPointExtension>
        </extensions>
      </trkpt>
      <trkpt lat="46.40286949463188648223876953125" lon="23.46342776902019977569580078125">
        <ele>599.4000244140625</ele>
        <time>2024-11-10T11:08:46.000Z</time>
        <extensions>
          <ns3:TrackPointExtension>
            <ns3:hr>99</ns3:hr>
            <ns3:cad>42</ns3:cad>
          </ns3:TrackPointExtension>
        </extensions>
      </trkpt>
      <trkpt lat="46.40290520153939723968505859375" lon="23.46339608542621135711669921875">
        <ele>599.79998779296875</ele>
        <time>2024-11-10T11:08:51.000Z</time>
        <extensions>
          <ns3:TrackPointExtension>
            <ns3:hr>96</ns3:hr>
            <ns3:cad>41</ns3:cad>
          </ns3:TrackPointExtension>
        </extensions>
      </trkpt>
      <trkpt lat="46.40292129479348659515380859375" lon="23.463378734886646270751953125">
        <ele>600</ele>
        <time>2024-11-10T11:08:53.000Z</time>
        <extensions>
          <ns3:TrackPointExtension>
            <ns3:hr>96</ns3:hr>
            <ns3:cad>41</ns3:cad>
          </ns3:TrackPointExtension>
        </extensions>
      </trkpt>
      <trkpt lat="46.4029875956475734710693359375" lon="23.46331025473773479461669921875">
        <ele>600.5999755859375</ele>
        <time>2024-11-10T11:09:02.000Z</time>
        <extensions>
          <ns3:TrackPointExtension>
            <ns3:hr>97</ns3:hr>
            <ns3:cad>80</ns3:cad>
          </ns3:TrackPointExtension>
        </extensions>
      </trkpt>
      <trkpt lat="46.40305724926292896270751953125" lon="23.46330421976745128631591796875">
        <ele>600.5999755859375</ele>
        <time>2024-11-10T11:09:10.000Z</time>
        <extensions>
          <ns3:TrackPointExtension>
            <ns3:hr>95</ns3:hr>
            <ns3:cad>41</ns3:cad>
          </ns3:TrackPointExtension>
        </extensions>
      </trkpt>
      <trkpt lat="46.40311491675674915313720703125" lon="23.46332400105893611907958984375">
        <ele>599.4000244140625</ele>
        <time>2024-11-10T11:09:18.000Z</time>
        <extensions>
          <ns3:TrackPointExtension>
            <ns3:hr>94</ns3:hr>
            <ns3:cad>49</ns3:cad>
          </ns3:TrackPointExtension>
        </extensions>
      </trkpt>
      <trkpt lat="46.40313754789531230926513671875" lon="23.46336205489933490753173828125">
        <ele>598.79998779296875</ele>
        <time>2024-11-10T11:09:22.000Z</time>
        <extensions>
          <ns3:TrackPointExtension>
            <ns3:hr>93</ns3:hr>
            <ns3:cad>48</ns3:cad>
          </ns3:TrackPointExtension>
        </extensions>
      </trkpt>
      <trkpt lat="46.40316269360482692718505859375" lon="23.463404215872287750244140625">
        <ele>598.5999755859375</ele>
        <time>2024-11-10T11:09:25.000Z</time>
        <extensions>
          <ns3:TrackPointExtension>
            <ns3:hr>93</ns3:hr>
            <ns3:cad>48</ns3:cad>
          </ns3:TrackPointExtension>
        </extensions>
      </trkpt>
      <trkpt lat="46.4031743444502353668212890625" lon="23.46342106349766254425048828125">
        <ele>598.4000244140625</ele>
        <time>2024-11-10T11:09:27.000Z</time>
        <extensions>
          <ns3:TrackPointExtension>
            <ns3:hr>90</ns3:hr>
            <ns3:cad>47</ns3:cad>
          </ns3:TrackPointExtension>
        </extensions>
      </trkpt>
      <trkpt lat="46.4032150804996490478515625" lon="23.46347831189632415771484375">
        <ele>598.4000244140625</ele>
        <time>2024-11-10T11:09:34.000Z</time>
        <extensions>
          <ns3:TrackPointExtension>
            <ns3:hr>88</ns3:hr>
            <ns3:cad>45</ns3:cad>
          </ns3:TrackPointExtension>
        </extensions>
      </trkpt>
      <trkpt lat="46.40327802859246730804443359375" lon="23.4635572694242000579833984375">
        <ele>598.79998779296875</ele>
        <time>2024-11-10T11:09:43.000Z</time>
        <extensions>
          <ns3:TrackPointExtension>
            <ns3:hr>88</ns3:hr>
            <ns3:cad>40</ns3:cad>
          </ns3:TrackPointExtension>
        </extensions>
      </trkpt>
      <trkpt lat="46.40333686955273151397705078125" lon="23.4636278450489044189453125">
        <ele>599.20001220703125</ele>
        <time>2024-11-10T11:09:52.000Z</time>
        <extensions>
          <ns3:TrackPointExtension>
            <ns3:hr>90</ns3:hr>
            <ns3:cad>43</ns3:cad>
          </ns3:TrackPointExtension>
        </extensions>
      </trkpt>
      <trkpt lat="46.40335162170231342315673828125" lon="23.46364863216876983642578125">
        <ele>599.4000244140625</ele>
        <time>2024-11-10T11:09:55.000Z</time>
        <extensions>
          <ns3:TrackPointExtension>
            <ns3:hr>94</ns3:hr>
            <ns3:cad>42</ns3:cad>
          </ns3:TrackPointExtension>
        </extensions>
      </trkpt>
      <trkpt lat="46.40339411795139312744140625" lon="23.46369649283587932586669921875">
        <ele>599.79998779296875</ele>
        <time>2024-11-10T11:10:01.000Z</time>
        <extensions>
          <ns3:TrackPointExtension>
            <ns3:hr>93</ns3:hr>
            <ns3:cad>79</ns3:cad>
          </ns3:TrackPointExtension>
        </extensions>
      </trkpt>
      <trkpt lat="46.403401158750057220458984375" lon="23.46370219253003597259521484375">
        <ele>599.79998779296875</ele>
        <time>2024-11-10T11:10:02.000Z</time>
        <extensions>
          <ns3:TrackPointExtension>
            <ns3:hr>93</ns3:hr>
            <ns3:cad>79</ns3:cad>
          </ns3:TrackPointExtension>
        </extensions>
      </trkpt>
      <trkpt lat="46.40345958061516284942626953125" lon="23.46376136876642704010009765625">
        <ele>599.79998779296875</ele>
        <time>2024-11-10T11:10:11.000Z</time>
        <extensions>
          <ns3:TrackPointExtension>
            <ns3:hr>93</ns3:hr>
            <ns3:cad>42</ns3:cad>
          </ns3:TrackPointExtension>
        </extensions>
      </trkpt>
      <trkpt lat="46.40352462418377399444580078125" lon="23.46381224691867828369140625">
        <ele>600.5999755859375</ele>
        <time>2024-11-10T11:10:19.000Z</time>
        <extensions>
          <ns3:TrackPointExtension>
            <ns3:hr>93</ns3:hr>
            <ns3:cad>78</ns3:cad>
          </ns3:TrackPointExtension>
        </extensions>
      </trkpt>
      <trkpt lat="46.40353468246757984161376953125" lon="23.46382289193570613861083984375">
        <ele>601</ele>
        <time>2024-11-10T11:10:21.000Z</time>
        <extensions>
          <ns3:TrackPointExtension>
            <ns3:hr>94</ns3:hr>
            <ns3:cad>79</ns3:cad>
          </ns3:TrackPointExtension>
        </extensions>
      </trkpt>
      <trkpt lat="46.40355396084487438201904296875" lon="23.46385784447193145751953125">
        <ele>601.5999755859375</ele>
        <time>2024-11-10T11:10:27.000Z</time>
        <extensions>
          <ns3:TrackPointExtension>
            <ns3:hr>96</ns3:hr>
            <ns3:cad>79</ns3:cad>
          </ns3:TrackPointExtension>
        </extensions>
      </trkpt>
      <trkpt lat="46.40357323922216892242431640625" lon="23.46389011479914188385009765625">
        <ele>602</ele>
        <time>2024-11-10T11:10:31.000Z</time>
        <extensions>
          <ns3:TrackPointExtension>
            <ns3:hr>97</ns3:hr>
            <ns3:cad>78</ns3:cad>
          </ns3:TrackPointExtension>
        </extensions>
      </trkpt>
      <trkpt lat="46.40360207296907901763916015625" lon="23.46392481587827205657958984375">
        <ele>602.4000244140625</ele>
        <time>2024-11-10T11:10:35.000Z</time>
        <extensions>
          <ns3:TrackPointExtension>
            <ns3:hr>97</ns3:hr>
            <ns3:cad>73</ns3:cad>
          </ns3:TrackPointExtension>
        </extensions>
      </trkpt>
      <trkpt lat="46.40361942350864410400390625" lon="23.4639388136565685272216796875">
        <ele>603</ele>
        <time>2024-11-10T11:10:40.000Z</time>
        <extensions>
          <ns3:TrackPointExtension>
            <ns3:hr>98</ns3:hr>
            <ns3:cad>76</ns3:cad>
          </ns3:TrackPointExtension>
        </extensions>
      </trkpt>
      <trkpt lat="46.4036269672214984893798828125" lon="23.46394292078912258148193359375">
        <ele>603.5999755859375</ele>
        <time>2024-11-10T11:10:45.000Z</time>
        <extensions>
          <ns3:TrackPointExtension>
            <ns3:hr>102</ns3:hr>
            <ns3:cad>74</ns3:cad>
          </ns3:TrackPointExtension>
        </extensions>
      </trkpt>
      <trkpt lat="46.40363777987658977508544921875" lon="23.4639585949480533599853515625">
        <ele>604.20001220703125</ele>
        <time>2024-11-10T11:10:48.000Z</time>
        <extensions>
          <ns3:TrackPointExtension>
            <ns3:hr>105</ns3:hr>
            <ns3:cad>78</ns3:cad>
          </ns3:TrackPointExtension>
        </extensions>
      </trkpt>
      <trkpt lat="46.4036710560321807861328125" lon="23.464007712900638580322265625">
        <ele>604.4000244140625</ele>
        <time>2024-11-10T11:10:53.000Z</time>
        <extensions>
          <ns3:TrackPointExtension>
            <ns3:hr>104</ns3:hr>
            <ns3:cad>78</ns3:cad>
          </ns3:TrackPointExtension>
        </extensions>
      </trkpt>
      <trkpt lat="46.4036749117076396942138671875" lon="23.464020453393459320068359375">
        <ele>604.79998779296875</ele>
        <time>2024-11-10T11:10:57.000Z</time>
        <extensions>
          <ns3:TrackPointExtension>
            <ns3:hr>101</ns3:hr>
            <ns3:cad>79</ns3:cad>
          </ns3:TrackPointExtension>
        </extensions>
      </trkpt>
      <trkpt lat="46.40368723310530185699462890625" lon="23.46403746865689754486083984375">
        <ele>604.79998779296875</ele>
        <time>2024-11-10T11:10:59.000Z</time>
        <extensions>
          <ns3:TrackPointExtension>
            <ns3:hr>100</ns3:hr>
            <ns3:cad>73</ns3:cad>
          </ns3:TrackPointExtension>
        </extensions>
      </trkpt>
      <trkpt lat="46.403719671070575714111328125" lon="23.46406831406056880950927734375">
        <ele>605.20001220703125</ele>
        <time>2024-11-10T11:11:03.000Z</time>
        <extensions>
          <ns3:TrackPointExtension>
            <ns3:hr>99</ns3:hr>
            <ns3:cad>70</ns3:cad>
          </ns3:TrackPointExtension>
        </extensions>
      </trkpt>
      <trkpt lat="46.40376116149127483367919921875" lon="23.4640880115330219268798828125">
        <ele>605.5999755859375</ele>
        <time>2024-11-10T11:11:07.000Z</time>
        <extensions>
          <ns3:TrackPointExtension>
            <ns3:hr>99</ns3:hr>
            <ns3:cad>64</ns3:cad>
          </ns3:TrackPointExtension>
        </extensions>
      </trkpt>
      <trkpt lat="46.40380089171230792999267578125" lon="23.4641039371490478515625">
        <ele>606.4000244140625</ele>
        <time>2024-11-10T11:11:11.000Z</time>
        <extensions>
          <ns3:TrackPointExtension>
            <ns3:hr>100</ns3:hr>
            <ns3:cad>65</ns3:cad>
          </ns3:TrackPointExtension>
        </extensions>
      </trkpt>
      <trkpt lat="46.40380541794002056121826171875" lon="23.46410821191966533660888671875">
        <ele>607</ele>
        <time>2024-11-10T11:11:15.000Z</time>
        <extensions>
          <ns3:TrackPointExtension>
            <ns3:hr>99</ns3:hr>
            <ns3:cad>72</ns3:cad>
          </ns3:TrackPointExtension>
        </extensions>
      </trkpt>
      <trkpt lat="46.40380759723484516143798828125" lon="23.464117683470249176025390625">
        <ele>607.20001220703125</ele>
        <time>2024-11-10T11:11:18.000Z</time>
        <extensions>
          <ns3:TrackPointExtension>
            <ns3:hr>102</ns3:hr>
            <ns3:cad>71</ns3:cad>
          </ns3:TrackPointExtension>
        </extensions>
      </trkpt>
      <trkpt lat="46.4038083516061305999755859375" lon="23.46413151361048221588134765625">
        <ele>607.5999755859375</ele>
        <time>2024-11-10T11:11:20.000Z</time>
        <extensions>
          <ns3:TrackPointExtension>
            <ns3:hr>104</ns3:hr>
            <ns3:cad>63</ns3:cad>
          </ns3:TrackPointExtension>
        </extensions>
      </trkpt>
      <trkpt lat="46.40381379984319210052490234375" lon="23.4641562402248382568359375">
        <ele>607.79998779296875</ele>
        <time>2024-11-10T11:11:23.000Z</time>
        <extensions>
          <ns3:TrackPointExtension>
            <ns3:hr>107</ns3:hr>
            <ns3:cad>61</ns3:cad>
          </ns3:TrackPointExtension>
        </extensions>
      </trkpt>
      <trkpt lat="46.4038157276809215545654296875" lon="23.46416152082383632659912109375">
        <ele>608.5999755859375</ele>
        <time>2024-11-10T11:11:27.000Z</time>
        <extensions>
          <ns3:TrackPointExtension>
            <ns3:hr>107</ns3:hr>
            <ns3:cad>62</ns3:cad>
          </ns3:TrackPointExtension>
        </extensions>
      </trkpt>
      <trkpt lat="46.4038194157183170318603515625" lon="23.4641678072512149810791015625">
        <ele>609</ele>
        <time>2024-11-10T11:11:29.000Z</time>
        <extensions>
          <ns3:TrackPointExtension>
            <ns3:hr>108</ns3:hr>
            <ns3:cad>62</ns3:cad>
          </ns3:TrackPointExtension>
        </extensions>
      </trkpt>
      <trkpt lat="46.40382922254502773284912109375" lon="23.4641768597066402435302734375">
        <ele>609.5999755859375</ele>
        <time>2024-11-10T11:11:33.000Z</time>
        <extensions>
          <ns3:TrackPointExtension>
            <ns3:hr>109</ns3:hr>
            <ns3:cad>0</ns3:cad>
          </ns3:TrackPointExtension>
        </extensions>
      </trkpt>
      <trkpt lat="46.403832994401454925537109375" lon="23.4641952998936176300048828125">
        <ele>610.20001220703125</ele>
        <time>2024-11-10T11:11:38.000Z</time>
        <extensions>
          <ns3:TrackPointExtension>
            <ns3:hr>110</ns3:hr>
            <ns3:cad>62</ns3:cad>
          </ns3:TrackPointExtension>
        </extensions>
      </trkpt>
      <trkpt lat="46.4038405381143093109130859375" lon="23.46420929767191410064697265625">
        <ele>610.5999755859375</ele>
        <time>2024-11-10T11:11:41.000Z</time>
        <extensions>
          <ns3:TrackPointExtension>
            <ns3:hr>109</ns3:hr>
            <ns3:cad>0</ns3:cad>
          </ns3:TrackPointExtension>
        </extensions>
      </trkpt>
      <trkpt lat="46.40387423336505889892578125" lon="23.4642211161553859710693359375">
        <ele>611.5999755859375</ele>
        <time>2024-11-10T11:11:48.000Z</time>
        <extensions>
          <ns3:TrackPointExtension>
            <ns3:hr>110</ns3:hr>
            <ns3:cad>0</ns3:cad>
          </ns3:TrackPointExtension>
        </extensions>
      </trkpt>
      <trkpt lat="46.4038775861263275146484375" lon="23.4642204456031322479248046875">
        <ele>611.79998779296875</ele>
        <time>2024-11-10T11:11:49.000Z</time>
        <extensions>
          <ns3:TrackPointExtension>
            <ns3:hr>110</ns3:hr>
            <ns3:cad>0</ns3:cad>
          </ns3:TrackPointExtension>
        </extensions>
      </trkpt>
      <trkpt lat="46.40388722531497478485107421875" lon="23.46424584276974201202392578125">
        <ele>612.79998779296875</ele>
        <time>2024-11-10T11:11:57.000Z</time>
        <extensions>
          <ns3:TrackPointExtension>
            <ns3:hr>111</ns3:hr>
            <ns3:cad>0</ns3:cad>
          </ns3:TrackPointExtension>
        </extensions>
      </trkpt>
      <trkpt lat="46.40389661304652690887451171875" lon="23.464293368160724639892578125">
        <ele>613.79998779296875</ele>
        <time>2024-11-10T11:12:03.000Z</time>
        <extensions>
          <ns3:TrackPointExtension>
            <ns3:hr>112</ns3:hr>
            <ns3:cad>55</ns3:cad>
          </ns3:TrackPointExtension>
        </extensions>
      </trkpt>
      <trkpt lat="46.403897367417812347412109375" lon="23.4643173404037952423095703125">
        <ele>614.20001220703125</ele>
        <time>2024-11-10T11:12:06.000Z</time>
        <extensions>
          <ns3:TrackPointExtension>
            <ns3:hr>110</ns3:hr>
            <ns3:cad>0</ns3:cad>
          </ns3:TrackPointExtension>
        </extensions>
      </trkpt>
      <trkpt lat="46.4038641750812530517578125" lon="23.464330919086933135986328125">
        <ele>614.79998779296875</ele>
        <time>2024-11-10T11:12:11.000Z</time>
        <extensions>
          <ns3:TrackPointExtension>
            <ns3:hr>113</ns3:hr>
            <ns3:cad>0</ns3:cad>
          </ns3:TrackPointExtension>
        </extensions>
      </trkpt>
      <trkpt lat="46.40385353006422519683837890625" lon="23.46433502621948719024658203125">
        <ele>615.20001220703125</ele>
        <time>2024-11-10T11:12:13.000Z</time>
        <extensions>
          <ns3:TrackPointExtension>
            <ns3:hr>114</ns3:hr>
            <ns3:cad>0</ns3:cad>
          </ns3:TrackPointExtension>
        </extensions>
      </trkpt>
      <trkpt lat="46.4038507640361785888671875" lon="23.464369475841522216796875">
        <ele>615.4000244140625</ele>
        <time>2024-11-10T11:12:19.000Z</time>
        <extensions>
          <ns3:TrackPointExtension>
            <ns3:hr>114</ns3:hr>
            <ns3:cad>0</ns3:cad>
          </ns3:TrackPointExtension>
        </extensions>
      </trkpt>
      <trkpt lat="46.40384674072265625" lon="23.46438347361981868743896484375">
        <ele>616</ele>
        <time>2024-11-10T11:12:24.000Z</time>
        <extensions>
          <ns3:TrackPointExtension>
            <ns3:hr>116</ns3:hr>
            <ns3:cad>0</ns3:cad>
          </ns3:TrackPointExtension>
        </extensions>
      </trkpt>
      <trkpt lat="46.40385772101581096649169921875" lon="23.464385233819484710693359375">
        <ele>616.5999755859375</ele>
        <time>2024-11-10T11:12:29.000Z</time>
        <extensions>
          <ns3:TrackPointExtension>
            <ns3:hr>115</ns3:hr>
            <ns3:cad>0</ns3:cad>
          </ns3:TrackPointExtension>
        </extensions>
      </trkpt>
      <trkpt lat="46.4038636721670627593994140625" lon="23.4643864072859287261962890625">
        <ele>617.20001220703125</ele>
        <time>2024-11-10T11:12:32.000Z</time>
        <extensions>
          <ns3:TrackPointExtension>
            <ns3:hr>114</ns3:hr>
            <ns3:cad>60</ns3:cad>
          </ns3:TrackPointExtension>
        </extensions>
      </trkpt>
      <trkpt lat="46.40383257530629634857177734375" lon="23.46441297791898250579833984375">
        <ele>618</ele>
        <time>2024-11-10T11:12:38.000Z</time>
        <extensions>
          <ns3:TrackPointExtension>
            <ns3:hr>114</ns3:hr>
            <ns3:cad>0</ns3:cad>
          </ns3:TrackPointExtension>
        </extensions>
      </trkpt>
      <trkpt lat="46.40382729470729827880859375" lon="23.46442068926990032196044921875">
        <ele>618.20001220703125</ele>
        <time>2024-11-10T11:12:39.000Z</time>
        <extensions>
          <ns3:TrackPointExtension>
            <ns3:hr>115</ns3:hr>
            <ns3:cad>48</ns3:cad>
          </ns3:TrackPointExtension>
        </extensions>
      </trkpt>
      <trkpt lat="46.40383039601147174835205078125" lon="23.46447466872632503509521484375">
        <ele>619.20001220703125</ele>
        <time>2024-11-10T11:12:45.000Z</time>
        <extensions>
          <ns3:TrackPointExtension>
            <ns3:hr>116</ns3:hr>
            <ns3:cad>47</ns3:cad>
          </ns3:TrackPointExtension>
        </extensions>
      </trkpt>
      <trkpt lat="46.40383274294435977935791015625" lon="23.46448807977139949798583984375">
        <ele>619.5999755859375</ele>
        <time>2024-11-10T11:12:47.000Z</time>
        <extensions>
          <ns3:TrackPointExtension>
            <ns3:hr>116</ns3:hr>
            <ns3:cad>0</ns3:cad>
          </ns3:TrackPointExtension>
        </extensions>
      </trkpt>
      <trkpt lat="46.40385420061647891998291015625" lon="23.4644940309226512908935546875">
        <ele>620.4000244140625</ele>
        <time>2024-11-10T11:12:52.000Z</time>
        <extensions>
          <ns3:TrackPointExtension>
            <ns3:hr>118</ns3:hr>
            <ns3:cad>0</ns3:cad>
          </ns3:TrackPointExtension>
        </extensions>
      </trkpt>
      <trkpt lat="46.4038623310625553131103515625" lon="23.46449562348425388336181640625">
        <ele>620.79998779296875</ele>
        <time>2024-11-10T11:12:55.000Z</time>
        <extensions>
          <ns3:TrackPointExtension>
            <ns3:hr>121</ns3:hr>
            <ns3:cad>64</ns3:cad>
          </ns3:TrackPointExtension>
        </extensions>
      </trkpt>
      <trkpt lat="46.40387230552732944488525390625" lon="23.464529402554035186767578125">
        <ele>621.4000244140625</ele>
        <time>2024-11-10T11:13:02.000Z</time>
        <extensions>
          <ns3:TrackPointExtension>
            <ns3:hr>116</ns3:hr>
            <ns3:cad>0</ns3:cad>
          </ns3:TrackPointExtension>
        </extensions>
      </trkpt>
      <trkpt lat="46.40388429164886474609375" lon="23.464530743658542633056640625">
        <ele>621.5999755859375</ele>
        <time>2024-11-10T11:13:05.000Z</time>
        <extensions>
          <ns3:TrackPointExtension>
            <ns3:hr>114</ns3:hr>
            <ns3:cad>0</ns3:cad>
          </ns3:TrackPointExtension>
        </extensions>
      </trkpt>
      <trkpt lat="46.40392561443150043487548828125" lon="23.46456200815737247467041015625">
        <ele>622.5999755859375</ele>
        <time>2024-11-10T11:13:13.000Z</time>
        <extensions>
          <ns3:TrackPointExtension>
            <ns3:hr>113</ns3:hr>
            <ns3:cad>0</ns3:cad>
          </ns3:TrackPointExtension>
        </extensions>
      </trkpt>
      <trkpt lat="46.40392930246889591217041015625" lon="23.4645664505660533905029296875">
        <ele>622.5999755859375</ele>
        <time>2024-11-10T11:13:14.000Z</time>
        <extensions>
          <ns3:TrackPointExtension>
            <ns3:hr>113</ns3:hr>
            <ns3:cad>61</ns3:cad>
          </ns3:TrackPointExtension>
        </extensions>
      </trkpt>
      <trkpt lat="46.40395411290228366851806640625" lon="23.46458145417273044586181640625">
        <ele>623.5999755859375</ele>
        <time>2024-11-10T11:13:19.000Z</time>
        <extensions>
          <ns3:TrackPointExtension>
            <ns3:hr>114</ns3:hr>
            <ns3:cad>61</ns3:cad>
          </ns3:TrackPointExtension>
        </extensions>
      </trkpt>
      <trkpt lat="46.40396408736705780029296875" lon="23.4645775146782398223876953125">
        <ele>623.79998779296875</ele>
        <time>2024-11-10T11:13:21.000Z</time>
        <extensions>
          <ns3:TrackPointExtension>
            <ns3:hr>115</ns3:hr>
            <ns3:cad>0</ns3:cad>
          </ns3:TrackPointExtension>
        </extensions>
      </trkpt>
      <trkpt lat="46.40398412011563777923583984375" lon="23.46460056491196155548095703125">
        <ele>624.79998779296875</ele>
        <time>2024-11-10T11:13:29.000Z</time>
        <extensions>
          <ns3:TrackPointExtension>
            <ns3:hr>115</ns3:hr>
            <ns3:cad>0</ns3:cad>
          </ns3:TrackPointExtension>
        </extensions>
      </trkpt>
      <trkpt lat="46.4039863832294940948486328125" lon="23.4646036662161350250244140625">
        <ele>624.79998779296875</ele>
        <time>2024-11-10T11:13:30.000Z</time>
        <extensions>
          <ns3:TrackPointExtension>
            <ns3:hr>115</ns3:hr>
            <ns3:cad>0</ns3:cad>
          </ns3:TrackPointExtension>
        </extensions>
      </trkpt>
      <trkpt lat="46.40398076735436916351318359375" lon="23.464600481092929840087890625">
        <ele>626</ele>
        <time>2024-11-10T11:13:38.000Z</time>
        <extensions>
          <ns3:TrackPointExtension>
            <ns3:hr>114</ns3:hr>
            <ns3:cad>57</ns3:cad>
          </ns3:TrackPointExtension>
        </extensions>
      </trkpt>
      <trkpt lat="46.4039803482592105865478515625" lon="23.4645959548652172088623046875">
        <ele>626</ele>
        <time>2024-11-10T11:13:39.000Z</time>
        <extensions>
          <ns3:TrackPointExtension>
            <ns3:hr>114</ns3:hr>
            <ns3:cad>57</ns3:cad>
          </ns3:TrackPointExtension>
        </extensions>
      </trkpt>
      <trkpt lat="46.40400297939777374267578125" lon="23.46459771506488323211669921875">
        <ele>627</ele>
        <time>2024-11-10T11:13:45.000Z</time>
        <extensions>
          <ns3:TrackPointExtension>
            <ns3:hr>115</ns3:hr>
            <ns3:cad>62</ns3:cad>
          </ns3:TrackPointExtension>
        </extensions>
      </trkpt>
      <trkpt lat="46.4040219224989414215087890625" lon="23.4646009840071201324462890625">
        <ele>627</ele>
        <time>2024-11-10T11:13:47.000Z</time>
        <extensions>
          <ns3:TrackPointExtension>
            <ns3:hr>114</ns3:hr>
            <ns3:cad>63</ns3:cad>
          </ns3:TrackPointExtension>
        </extensions>
      </trkpt>
      <trkpt lat="46.404039524495601654052734375" lon="23.464564271271228790283203125">
        <ele>628</ele>
        <time>2024-11-10T11:13:55.000Z</time>
        <extensions>
          <ns3:TrackPointExtension>
            <ns3:hr>113</ns3:hr>
            <ns3:cad>63</ns3:cad>
          </ns3:TrackPointExtension>
        </extensions>
      </trkpt>
      <trkpt lat="46.4040360040962696075439453125" lon="23.46454122103750705718994140625">
        <ele>628.20001220703125</ele>
        <time>2024-11-10T11:13:57.000Z</time>
        <extensions>
          <ns3:TrackPointExtension>
            <ns3:hr>111</ns3:hr>
            <ns3:cad>0</ns3:cad>
          </ns3:TrackPointExtension>
        </extensions>
      </trkpt>
      <trkpt lat="46.40404581092298030853271484375" lon="23.4645242057740688323974609375">
        <ele>628.5999755859375</ele>
        <time>2024-11-10T11:14:03.000Z</time>
        <extensions>
          <ns3:TrackPointExtension>
            <ns3:hr>113</ns3:hr>
            <ns3:cad>0</ns3:cad>
          </ns3:TrackPointExtension>
        </extensions>
      </trkpt>
      <trkpt lat="46.40404731966555118560791015625" lon="23.464515320956707000732421875">
        <ele>629</ele>
        <time>2024-11-10T11:14:06.000Z</time>
        <extensions>
          <ns3:TrackPointExtension>
            <ns3:hr>113</ns3:hr>
            <ns3:cad>0</ns3:cad>
          </ns3:TrackPointExtension>
        </extensions>
      </trkpt>
      <trkpt lat="46.40405436046421527862548828125" lon="23.46448087133467197418212890625">
        <ele>629.5999755859375</ele>
        <time>2024-11-10T11:14:12.000Z</time>
        <extensions>
          <ns3:TrackPointExtension>
            <ns3:hr>111</ns3:hr>
            <ns3:cad>53</ns3:cad>
          </ns3:TrackPointExtension>
        </extensions>
      </trkpt>
      <trkpt lat="46.4040728844702243804931640625" lon="23.4644739143550395965576171875">
        <ele>630</ele>
        <time>2024-11-10T11:14:16.000Z</time>
        <extensions>
          <ns3:TrackPointExtension>
            <ns3:hr>109</ns3:hr>
            <ns3:cad>57</ns3:cad>
          </ns3:TrackPointExtension>
        </extensions>
      </trkpt>
      <trkpt lat="46.40409157611429691314697265625" lon="23.46445656381547451019287109375">
        <ele>630.5999755859375</ele>
        <time>2024-11-10T11:14:21.000Z</time>
        <extensions>
          <ns3:TrackPointExtension>
            <ns3:hr>109</ns3:hr>
            <ns3:cad>51</ns3:cad>
          </ns3:TrackPointExtension>
        </extensions>
      </trkpt>
      <trkpt lat="46.40409459359943866729736328125" lon="23.4644594974815845489501953125">
        <ele>631</ele>
        <time>2024-11-10T11:14:25.000Z</time>
        <extensions>
          <ns3:TrackPointExtension>
            <ns3:hr>110</ns3:hr>
            <ns3:cad>0</ns3:cad>
          </ns3:TrackPointExtension>
        </extensions>
      </trkpt>
      <trkpt lat="46.40411169268190860748291015625" lon="23.46446695737540721893310546875">
        <ele>631.4000244140625</ele>
        <time>2024-11-10T11:14:29.000Z</time>
        <extensions>
          <ns3:TrackPointExtension>
            <ns3:hr>111</ns3:hr>
            <ns3:cad>0</ns3:cad>
          </ns3:TrackPointExtension>
        </extensions>
      </trkpt>
      <trkpt lat="46.4041577093303203582763671875" lon="23.464494533836841583251953125">
        <ele>632</ele>
        <time>2024-11-10T11:14:37.000Z</time>
        <extensions>
          <ns3:TrackPointExtension>
            <ns3:hr>112</ns3:hr>
            <ns3:cad>0</ns3:cad>
          </ns3:TrackPointExtension>
        </extensions>
      </trkpt>
      <trkpt lat="46.404165923595428466796875" lon="23.46449880860745906829833984375">
        <ele>632.20001220703125</ele>
        <time>2024-11-10T11:14:38.000Z</time>
        <extensions>
          <ns3:TrackPointExtension>
            <ns3:hr>112</ns3:hr>
            <ns3:cad>0</ns3:cad>
          </ns3:TrackPointExtension>
        </extensions>
      </trkpt>
      <trkpt lat="46.40419048257172107696533203125" lon="23.46449243836104869842529296875">
        <ele>633</ele>
        <time>2024-11-10T11:14:46.000Z</time>
        <extensions>
          <ns3:TrackPointExtension>
            <ns3:hr>111</ns3:hr>
            <ns3:cad>0</ns3:cad>
          </ns3:TrackPointExtension>
        </extensions>
      </trkpt>
      <trkpt lat="46.4041940867900848388671875" lon="23.464491181075572967529296875">
        <ele>633.20001220703125</ele>
        <time>2024-11-10T11:14:47.000Z</time>
        <extensions>
          <ns3:TrackPointExtension>
            <ns3:hr>111</ns3:hr>
            <ns3:cad>0</ns3:cad>
          </ns3:TrackPointExtension>
        </extensions>
      </trkpt>
      <trkpt lat="46.404201798141002655029296875" lon="23.46448606811463832855224609375">
        <ele>633.79998779296875</ele>
        <time>2024-11-10T11:14:54.000Z</time>
        <extensions>
          <ns3:TrackPointExtension>
            <ns3:hr>114</ns3:hr>
            <ns3:cad>0</ns3:cad>
          </ns3:TrackPointExtension>
        </extensions>
      </trkpt>
      <trkpt lat="46.40420640818774700164794921875" lon="23.4644853137433528900146484375">
        <ele>633.79998779296875</ele>
        <time>2024-11-10T11:14:55.000Z</time>
        <extensions>
          <ns3:TrackPointExtension>
            <ns3:hr>116</ns3:hr>
            <ns3:cad>0</ns3:cad>
          </ns3:TrackPointExtension>
        </extensions>
      </trkpt>
      <trkpt lat="46.40421311371028423309326171875" lon="23.46448145806789398193359375">
        <ele>634.20001220703125</ele>
        <time>2024-11-10T11:14:59.000Z</time>
        <extensions>
          <ns3:TrackPointExtension>
            <ns3:hr>117</ns3:hr>
            <ns3:cad>0</ns3:cad>
          </ns3:TrackPointExtension>
        </extensions>
      </trkpt>
      <trkpt lat="46.4042254351079463958740234375" lon="23.4644698910415172576904296875">
        <ele>634.5999755859375</ele>
        <time>2024-11-10T11:15:03.000Z</time>
        <extensions>
          <ns3:TrackPointExtension>
            <ns3:hr>117</ns3:hr>
            <ns3:cad>0</ns3:cad>
          </ns3:TrackPointExtension>
        </extensions>
      </trkpt>
      <trkpt lat="46.4042364992201328277587890625" lon="23.46447366289794445037841796875">
        <ele>635.20001220703125</ele>
        <time>2024-11-10T11:15:09.000Z</time>
        <extensions>
          <ns3:TrackPointExtension>
            <ns3:hr>117</ns3:hr>
            <ns3:cad>0</ns3:cad>
          </ns3:TrackPointExtension>
        </extensions>
      </trkpt>
      <trkpt lat="46.40425301156938076019287109375" lon="23.46445606090128421783447265625">
        <ele>635.5999755859375</ele>
        <time>2024-11-10T11:15:13.000Z</time>
        <extensions>
          <ns3:TrackPointExtension>
            <ns3:hr>119</ns3:hr>
            <ns3:cad>0</ns3:cad>
          </ns3:TrackPointExtension>
        </extensions>
      </trkpt>
      <trkpt lat="46.4042629860341548919677734375" lon="23.46442404203116893768310546875">
        <ele>636.4000244140625</ele>
        <time>2024-11-10T11:15:17.000Z</time>
        <extensions>
          <ns3:TrackPointExtension>
            <ns3:hr>119</ns3:hr>
            <ns3:cad>64</ns3:cad>
          </ns3:TrackPointExtension>
        </extensions>
      </trkpt>
      <trkpt lat="46.40427212230861186981201171875" lon="23.46439068205654621124267578125">
        <ele>636.5999755859375</ele>
        <time>2024-11-10T11:15:22.000Z</time>
        <extensions>
          <ns3:TrackPointExtension>
            <ns3:hr>121</ns3:hr>
            <ns3:cad>65</ns3:cad>
          </ns3:TrackPointExtension>
        </extensions>
      </trkpt>
      <trkpt lat="46.4043055661022663116455078125" lon="23.46436880528926849365234375">
        <ele>637.4000244140625</ele>
        <time>2024-11-10T11:15:29.000Z</time>
        <extensions>
          <ns3:TrackPointExtension>
            <ns3:hr>121</ns3:hr>
            <ns3:cad>0</ns3:cad>
          </ns3:TrackPointExtension>
        </extensions>
      </trkpt>
      <trkpt lat="46.4043109305202960968017578125" lon="23.46436218358576297760009765625">
        <ele>637.5999755859375</ele>
        <time>2024-11-10T11:15:31.000Z</time>
        <extensions>
          <ns3:TrackPointExtension>
            <ns3:hr>121</ns3:hr>
            <ns3:cad>0</ns3:cad>
          </ns3:TrackPointExtension>
        </extensions>
      </trkpt>
      <trkpt lat="46.40434202738106250762939453125" lon="23.4643542207777500152587890625">
        <ele>638</ele>
        <time>2024-11-10T11:15:38.000Z</time>
        <extensions>
          <ns3:TrackPointExtension>
            <ns3:hr>122</ns3:hr>
            <ns3:cad>0</ns3:cad>
          </ns3:TrackPointExtension>
        </extensions>
      </trkpt>
      <trkpt lat="46.4043712802231311798095703125" lon="23.464379198849201202392578125">
        <ele>638.4000244140625</ele>
        <time>2024-11-10T11:15:45.000Z</time>
        <extensions>
          <ns3:TrackPointExtension>
            <ns3:hr>123</ns3:hr>
            <ns3:cad>58</ns3:cad>
          </ns3:TrackPointExtension>
        </extensions>
      </trkpt>
      <trkpt lat="46.40437538735568523406982421875" lon="23.46439235843718051910400390625">
        <ele>638.4000244140625</ele>
        <time>2024-11-10T11:15:47.000Z</time>
        <extensions>
          <ns3:TrackPointExtension>
            <ns3:hr>124</ns3:hr>
            <ns3:cad>0</ns3:cad>
          </ns3:TrackPointExtension>
        </extensions>
      </trkpt>
      <trkpt lat="46.4044041372835636138916015625" lon="23.464458994567394256591796875">
        <ele>639.20001220703125</ele>
        <time>2024-11-10T11:15:56.000Z</time>
        <extensions>
          <ns3:TrackPointExtension>
            <ns3:hr>123</ns3:hr>
            <ns3:cad>65</ns3:cad>
          </ns3:TrackPointExtension>
        </extensions>
      </trkpt>
      <trkpt lat="46.4044064842164516448974609375" lon="23.4644554741680622100830078125">
        <ele>639.4000244140625</ele>
        <time>2024-11-10T11:15:58.000Z</time>
        <extensions>
          <ns3:TrackPointExtension>
            <ns3:hr>124</ns3:hr>
            <ns3:cad>64</ns3:cad>
          </ns3:TrackPointExtension>
        </extensions>
      </trkpt>
      <trkpt lat="46.40443020500242710113525390625" lon="23.46445195376873016357421875">
        <ele>640</ele>
        <time>2024-11-10T11:16:03.000Z</time>
        <extensions>
          <ns3:TrackPointExtension>
            <ns3:hr>125</ns3:hr>
            <ns3:cad>61</ns3:cad>
          </ns3:TrackPointExtension>
        </extensions>
      </trkpt>
      <trkpt lat="46.4044488966464996337890625" lon="23.464461676776409149169921875">
        <ele>640.4000244140625</ele>
        <time>2024-11-10T11:16:09.000Z</time>
        <extensions>
          <ns3:TrackPointExtension>
            <ns3:hr>125</ns3:hr>
            <ns3:cad>61</ns3:cad>
          </ns3:TrackPointExtension>
        </extensions>
      </trkpt>
      <trkpt lat="46.40445535071194171905517578125" lon="23.4644682146608829498291015625">
        <ele>641</ele>
        <time>2024-11-10T11:16:11.000Z</time>
        <extensions>
          <ns3:TrackPointExtension>
            <ns3:hr>125</ns3:hr>
            <ns3:cad>0</ns3:cad>
          </ns3:TrackPointExtension>
        </extensions>
      </trkpt>
      <trkpt lat="46.4044879563152790069580078125" lon="23.464509956538677215576171875">
        <ele>641</ele>
        <time>2024-11-10T11:16:20.000Z</time>
        <extensions>
          <ns3:TrackPointExtension>
            <ns3:hr>125</ns3:hr>
            <ns3:cad>0</ns3:cad>
          </ns3:TrackPointExtension>
        </extensions>
      </trkpt>
      <trkpt lat="46.40449960716068744659423828125" lon="23.4645265527069568634033203125">
        <ele>641.4000244140625</ele>
        <time>2024-11-10T11:16:22.000Z</time>
        <extensions>
          <ns3:TrackPointExtension>
            <ns3:hr>121</ns3:hr>
            <ns3:cad>0</ns3:cad>
          </ns3:TrackPointExtension>
        </extensions>
      </trkpt>
      <trkpt lat="46.404520310461521148681640625" lon="23.46455915831029415130615234375">
        <ele>641.4000244140625</ele>
        <time>2024-11-10T11:16:25.000Z</time>
        <extensions>
          <ns3:TrackPointExtension>
            <ns3:hr>121</ns3:hr>
            <ns3:cad>0</ns3:cad>
          </ns3:TrackPointExtension>
        </extensions>
      </trkpt>
      <trkpt lat="46.40453715808689594268798828125" lon="23.46457458101212978363037109375">
        <ele>641.5999755859375</ele>
        <time>2024-11-10T11:16:28.000Z</time>
        <extensions>
          <ns3:TrackPointExtension>
            <ns3:hr>121</ns3:hr>
            <ns3:cad>0</ns3:cad>
          </ns3:TrackPointExtension>
        </extensions>
      </trkpt>
      <trkpt lat="46.4045764692127704620361328125" lon="23.464619256556034088134765625">
        <ele>642</ele>
        <time>2024-11-10T11:16:34.000Z</time>
        <extensions>
          <ns3:TrackPointExtension>
            <ns3:hr>118</ns3:hr>
            <ns3:cad>72</ns3:cad>
          </ns3:TrackPointExtension>
        </extensions>
      </trkpt>
      <trkpt lat="46.40458795242011547088623046875" lon="23.46463895402848720550537109375">
        <ele>642</ele>
        <time>2024-11-10T11:16:36.000Z</time>
        <extensions>
          <ns3:TrackPointExtension>
            <ns3:hr>117</ns3:hr>
            <ns3:cad>72</ns3:cad>
          </ns3:TrackPointExtension>
        </extensions>
      </trkpt>
      <trkpt lat="46.40459415502846240997314453125" lon="23.4646777622401714324951171875">
        <ele>642.4000244140625</ele>
        <time>2024-11-10T11:16:42.000Z</time>
        <extensions>
          <ns3:TrackPointExtension>
            <ns3:hr>115</ns3:hr>
            <ns3:cad>70</ns3:cad>
          </ns3:TrackPointExtension>
        </extensions>
      </trkpt>
      <trkpt lat="46.40459834598004817962646484375" lon="23.4646926820278167724609375">
        <ele>642.4000244140625</ele>
        <time>2024-11-10T11:16:43.000Z</time>
        <extensions>
          <ns3:TrackPointExtension>
            <ns3:hr>115</ns3:hr>
            <ns3:cad>70</ns3:cad>
          </ns3:TrackPointExtension>
        </extensions>
      </trkpt>
      <trkpt lat="46.40461309812963008880615234375" lon="23.46470567397773265838623046875">
        <ele>643.20001220703125</ele>
        <time>2024-11-10T11:16:47.000Z</time>
        <extensions>
          <ns3:TrackPointExtension>
            <ns3:hr>114</ns3:hr>
            <ns3:cad>0</ns3:cad>
          </ns3:TrackPointExtension>
        </extensions>
      </trkpt>
      <trkpt lat="46.404628939926624298095703125" lon="23.4647355973720550537109375">
        <ele>643.5999755859375</ele>
        <time>2024-11-10T11:16:52.000Z</time>
        <extensions>
          <ns3:TrackPointExtension>
            <ns3:hr>115</ns3:hr>
            <ns3:cad>0</ns3:cad>
          </ns3:TrackPointExtension>
        </extensions>
      </trkpt>
      <trkpt lat="46.404637992382049560546875" lon="23.464762754738330841064453125">
        <ele>644.20001220703125</ele>
        <time>2024-11-10T11:16:56.000Z</time>
        <extensions>
          <ns3:TrackPointExtension>
            <ns3:hr>114</ns3:hr>
            <ns3:cad>70</ns3:cad>
          </ns3:TrackPointExtension>
        </extensions>
      </trkpt>
      <trkpt lat="46.40465517528355121612548828125" lon="23.4648011438548564910888671875">
        <ele>644.5999755859375</ele>
        <time>2024-11-10T11:16:59.000Z</time>
        <extensions>
          <ns3:TrackPointExtension>
            <ns3:hr>115</ns3:hr>
            <ns3:cad>71</ns3:cad>
          </ns3:TrackPointExtension>
        </extensions>
      </trkpt>
      <trkpt lat="46.40467755496501922607421875" lon="23.464836180210113525390625">
        <ele>645.4000244140625</ele>
        <time>2024-11-10T11:17:05.000Z</time>
        <extensions>
          <ns3:TrackPointExtension>
            <ns3:hr>117</ns3:hr>
            <ns3:cad>71</ns3:cad>
          </ns3:TrackPointExtension>
        </extensions>
      </trkpt>
      <trkpt lat="46.40468367375433444976806640625" lon="23.4648527763783931732177734375">
        <ele>645.79998779296875</ele>
        <time>2024-11-10T11:17:09.000Z</time>
        <extensions>
          <ns3:TrackPointExtension>
            <ns3:hr>116</ns3:hr>
            <ns3:cad>0</ns3:cad>
          </ns3:TrackPointExtension>
        </extensions>
      </trkpt>
      <trkpt lat="46.40468853525817394256591796875" lon="23.4648641757667064666748046875">
        <ele>646</ele>
        <time>2024-11-10T11:17:10.000Z</time>
        <extensions>
          <ns3:TrackPointExtension>
            <ns3:hr>112</ns3:hr>
            <ns3:cad>0</ns3:cad>
          </ns3:TrackPointExtension>
        </extensions>
      </trkpt>
      <trkpt lat="46.40469457022845745086669921875" lon="23.464877419173717498779296875">
        <ele>646</ele>
        <time>2024-11-10T11:17:11.000Z</time>
        <extensions>
          <ns3:TrackPointExtension>
            <ns3:hr>112</ns3:hr>
            <ns3:cad>0</ns3:cad>
          </ns3:TrackPointExtension>
        </extensions>
      </trkpt>
      <trkpt lat="46.404709406197071075439453125" lon="23.46491153351962566375732421875">
        <ele>646</ele>
        <time>2024-11-10T11:17:14.000Z</time>
        <extensions>
          <ns3:TrackPointExtension>
            <ns3:hr>111</ns3:hr>
            <ns3:cad>0</ns3:cad>
          </ns3:TrackPointExtension>
        </extensions>
      </trkpt>
      <trkpt lat="46.404721476137638092041015625" lon="23.46494120545685291290283203125">
        <ele>646</ele>
        <time>2024-11-10T11:17:18.000Z</time>
        <extensions>
          <ns3:TrackPointExtension>
            <ns3:hr>106</ns3:hr>
            <ns3:cad>73</ns3:cad>
          </ns3:TrackPointExtension>
        </extensions>
      </trkpt>
      <trkpt lat="46.4047410897910594940185546875" lon="23.46497825346887111663818359375">
        <ele>646.4000244140625</ele>
        <time>2024-11-10T11:17:22.000Z</time>
        <extensions>
          <ns3:TrackPointExtension>
            <ns3:hr>104</ns3:hr>
            <ns3:cad>0</ns3:cad>
          </ns3:TrackPointExtension>
        </extensions>
      </trkpt>
      <trkpt lat="46.4047612063586711883544921875" lon="23.46499241888523101806640625">
        <ele>647</ele>
        <time>2024-11-10T11:17:26.000Z</time>
        <extensions>
          <ns3:TrackPointExtension>
            <ns3:hr>103</ns3:hr>
            <ns3:cad>76</ns3:cad>
          </ns3:TrackPointExtension>
        </extensions>
      </trkpt>
      <trkpt lat="46.40479020774364471435546875" lon="23.465013206005096435546875">
        <ele>647.5999755859375</ele>
        <time>2024-11-10T11:17:30.000Z</time>
        <extensions>
          <ns3:TrackPointExtension>
            <ns3:hr>103</ns3:hr>
            <ns3:cad>73</ns3:cad>
          </ns3:TrackPointExtension>
        </extensions>
      </trkpt>
      <trkpt lat="46.40478760935366153717041015625" lon="23.46500909887254238128662109375">
        <ele>648</ele>
        <time>2024-11-10T11:17:32.000Z</time>
        <extensions>
          <ns3:TrackPointExtension>
            <ns3:hr>102</ns3:hr>
            <ns3:cad>73</ns3:cad>
          </ns3:TrackPointExtension>
        </extensions>
      </trkpt>
      <trkpt lat="46.40481032431125640869140625" lon="23.46501882188022136688232421875">
        <ele>648.4000244140625</ele>
        <time>2024-11-10T11:17:37.000Z</time>
        <extensions>
          <ns3:TrackPointExtension>
            <ns3:hr>103</ns3:hr>
            <ns3:cad>0</ns3:cad>
          </ns3:TrackPointExtension>
        </extensions>
      </trkpt>
      <trkpt lat="46.40483840368688106536865234375" lon="23.46505134366452693939208984375">
        <ele>649.20001220703125</ele>
        <time>2024-11-10T11:17:44.000Z</time>
        <extensions>
          <ns3:TrackPointExtension>
            <ns3:hr>104</ns3:hr>
            <ns3:cad>78</ns3:cad>
          </ns3:TrackPointExtension>
        </extensions>
      </trkpt>
      <trkpt lat="46.40485198237001895904541015625" lon="23.46506257541477680206298828125">
        <ele>649.4000244140625</ele>
        <time>2024-11-10T11:17:46.000Z</time>
        <extensions>
          <ns3:TrackPointExtension>
            <ns3:hr>104</ns3:hr>
            <ns3:cad>75</ns3:cad>
          </ns3:TrackPointExtension>
        </extensions>
      </trkpt>
      <trkpt lat="46.40488131903111934661865234375" lon="23.4651045687496662139892578125">
        <ele>650.20001220703125</ele>
        <time>2024-11-10T11:17:51.000Z</time>
        <extensions>
          <ns3:TrackPointExtension>
            <ns3:hr>104</ns3:hr>
            <ns3:cad>75</ns3:cad>
          </ns3:TrackPointExtension>
        </extensions>
      </trkpt>
      <trkpt lat="46.4048887789249420166015625" lon="23.4651183150708675384521484375">
        <ele>650.5999755859375</ele>
        <time>2024-11-10T11:17:53.000Z</time>
        <extensions>
          <ns3:TrackPointExtension>
            <ns3:hr>105</ns3:hr>
            <ns3:cad>76</ns3:cad>
          </ns3:TrackPointExtension>
        </extensions>
      </trkpt>
      <trkpt lat="46.40489724464714527130126953125" lon="23.46513457596302032470703125">
        <ele>650.79998779296875</ele>
        <time>2024-11-10T11:17:55.000Z</time>
        <extensions>
          <ns3:TrackPointExtension>
            <ns3:hr>109</ns3:hr>
            <ns3:cad>75</ns3:cad>
          </ns3:TrackPointExtension>
        </extensions>
      </trkpt>
      <trkpt lat="46.40490093268454074859619140625" lon="23.46514857374131679534912109375">
        <ele>650.79998779296875</ele>
        <time>2024-11-10T11:17:56.000Z</time>
        <extensions>
          <ns3:TrackPointExtension>
            <ns3:hr>113</ns3:hr>
            <ns3:cad>70</ns3:cad>
          </ns3:TrackPointExtension>
        </extensions>
      </trkpt>
      <trkpt lat="46.4049021899700164794921875" lon="23.4651598893105983734130859375">
        <ele>651</ele>
        <time>2024-11-10T11:17:57.000Z</time>
        <extensions>
          <ns3:TrackPointExtension>
            <ns3:hr>113</ns3:hr>
            <ns3:cad>70</ns3:cad>
          </ns3:TrackPointExtension>
        </extensions>
      </trkpt>
      <trkpt lat="46.40490554273128509521484375" lon="23.465183191001415252685546875">
        <ele>651.4000244140625</ele>
        <time>2024-11-10T11:17:59.000Z</time>
        <extensions>
          <ns3:TrackPointExtension>
            <ns3:hr>112</ns3:hr>
            <ns3:cad>71</ns3:cad>
          </ns3:TrackPointExtension>
        </extensions>
      </trkpt>
      <trkpt lat="46.404909901320934295654296875" lon="23.46520565450191497802734375">
        <ele>651.4000244140625</ele>
        <time>2024-11-10T11:18:02.000Z</time>
        <extensions>
          <ns3:TrackPointExtension>
            <ns3:hr>109</ns3:hr>
            <ns3:cad>75</ns3:cad>
          </ns3:TrackPointExtension>
        </extensions>
      </trkpt>
      <trkpt lat="46.40491350553929805755615234375" lon="23.46522769890725612640380859375">
        <ele>651.79998779296875</ele>
        <time>2024-11-10T11:18:04.000Z</time>
        <extensions>
          <ns3:TrackPointExtension>
            <ns3:hr>107</ns3:hr>
            <ns3:cad>79</ns3:cad>
          </ns3:TrackPointExtension>
        </extensions>
      </trkpt>
      <trkpt lat="46.40492859296500682830810546875" lon="23.4653161279857158660888671875">
        <ele>652.4000244140625</ele>
        <time>2024-11-10T11:18:11.000Z</time>
        <extensions>
          <ns3:TrackPointExtension>
            <ns3:hr>105</ns3:hr>
            <ns3:cad>74</ns3:cad>
          </ns3:TrackPointExtension>
        </extensions>
      </trkpt>
      <trkpt lat="46.4049238152801990509033203125" lon="23.46536130644381046295166015625">
        <ele>652.79998779296875</ele>
        <time>2024-11-10T11:18:14.000Z</time>
        <extensions>
          <ns3:TrackPointExtension>
            <ns3:hr>104</ns3:hr>
            <ns3:cad>75</ns3:cad>
          </ns3:TrackPointExtension>
        </extensions>
      </trkpt>
      <trkpt lat="46.40492138452827930450439453125" lon="23.46541059203445911407470703125">
        <ele>653.4000244140625</ele>
        <time>2024-11-10T11:18:22.000Z</time>
        <extensions>
          <ns3:TrackPointExtension>
            <ns3:hr>102</ns3:hr>
            <ns3:cad>0</ns3:cad>
          </ns3:TrackPointExtension>
        </extensions>
      </trkpt>
      <trkpt lat="46.40493236482143402099609375" lon="23.46543900668621063232421875">
        <ele>654</ele>
        <time>2024-11-10T11:18:28.000Z</time>
        <extensions>
          <ns3:TrackPointExtension>
            <ns3:hr>99</ns3:hr>
            <ns3:cad>0</ns3:cad>
          </ns3:TrackPointExtension>
        </extensions>
      </trkpt>
      <trkpt lat="46.404938064515590667724609375" lon="23.46549533307552337646484375">
        <ele>654</ele>
        <time>2024-11-10T11:18:32.000Z</time>
        <extensions>
          <ns3:TrackPointExtension>
            <ns3:hr>101</ns3:hr>
            <ns3:cad>0</ns3:cad>
          </ns3:TrackPointExtension>
        </extensions>
      </trkpt>
      <trkpt lat="46.40493513084948062896728515625" lon="23.465593568980693817138671875">
        <ele>654.5999755859375</ele>
        <time>2024-11-10T11:18:41.000Z</time>
        <extensions>
          <ns3:TrackPointExtension>
            <ns3:hr>100</ns3:hr>
            <ns3:cad>0</ns3:cad>
          </ns3:TrackPointExtension>
        </extensions>
      </trkpt>
      <trkpt lat="46.40492825768887996673583984375" lon="23.4656674973666667938232421875">
        <ele>655.4000244140625</ele>
        <time>2024-11-10T11:18:50.000Z</time>
        <extensions>
          <ns3:TrackPointExtension>
            <ns3:hr>99</ns3:hr>
            <ns3:cad>77</ns3:cad>
          </ns3:TrackPointExtension>
        </extensions>
      </trkpt>
      <trkpt lat="46.404927335679531097412109375" lon="23.46568736247718334197998046875">
        <ele>655.5999755859375</ele>
        <time>2024-11-10T11:18:52.000Z</time>
        <extensions>
          <ns3:TrackPointExtension>
            <ns3:hr>99</ns3:hr>
            <ns3:cad>41</ns3:cad>
          </ns3:TrackPointExtension>
        </extensions>
      </trkpt>
      <trkpt lat="46.40494175255298614501953125" lon="23.46578023396432399749755859375">
        <ele>656.5999755859375</ele>
        <time>2024-11-10T11:19:01.000Z</time>
        <extensions>
          <ns3:TrackPointExtension>
            <ns3:hr>98</ns3:hr>
            <ns3:cad>0</ns3:cad>
          </ns3:TrackPointExtension>
        </extensions>
      </trkpt>
      <trkpt lat="46.4049446024000644683837890625" lon="23.465839326381683349609375">
        <ele>657</ele>
        <time>2024-11-10T11:19:07.000Z</time>
        <extensions>
          <ns3:TrackPointExtension>
            <ns3:hr>101</ns3:hr>
            <ns3:cad>77</ns3:cad>
          </ns3:TrackPointExtension>
        </extensions>
      </trkpt>
      <trkpt lat="46.404948122799396514892578125" lon="23.4658730216324329376220703125">
        <ele>657.20001220703125</ele>
        <time>2024-11-10T11:19:10.000Z</time>
        <extensions>
          <ns3:TrackPointExtension>
            <ns3:hr>101</ns3:hr>
            <ns3:cad>77</ns3:cad>
          </ns3:TrackPointExtension>
        </extensions>
      </trkpt>
      <trkpt lat="46.40497134067118167877197265625" lon="23.46592004410922527313232421875">
        <ele>657.79998779296875</ele>
        <time>2024-11-10T11:19:16.000Z</time>
        <extensions>
          <ns3:TrackPointExtension>
            <ns3:hr>99</ns3:hr>
            <ns3:cad>0</ns3:cad>
          </ns3:TrackPointExtension>
        </extensions>
      </trkpt>
      <trkpt lat="46.40498005785048007965087890625" lon="23.46594820730388164520263671875">
        <ele>658.20001220703125</ele>
        <time>2024-11-10T11:19:20.000Z</time>
        <extensions>
          <ns3:TrackPointExtension>
            <ns3:hr>98</ns3:hr>
            <ns3:cad>0</ns3:cad>
          </ns3:TrackPointExtension>
        </extensions>
      </trkpt>
      <trkpt lat="46.40498424880206584930419921875" lon="23.4659642167389392852783203125">
        <ele>658</ele>
        <time>2024-11-10T11:19:25.000Z</time>
        <extensions>
          <ns3:TrackPointExtension>
            <ns3:hr>95</ns3:hr>
            <ns3:cad>0</ns3:cad>
          </ns3:TrackPointExtension>
        </extensions>
      </trkpt>
      <trkpt lat="46.404991708695888519287109375" lon="23.46598290838301181793212890625">
        <ele>657.5999755859375</ele>
        <time>2024-11-10T11:19:29.000Z</time>
        <extensions>
          <ns3:TrackPointExtension>
            <ns3:hr>96</ns3:hr>
            <ns3:cad>46</ns3:cad>
          </ns3:TrackPointExtension>
        </extensions>
      </trkpt>
      <trkpt lat="46.4050523936748504638671875" lon="23.46602238714694976806640625">
        <ele>658</ele>
        <time>2024-11-10T11:19:40.000Z</time>
        <extensions>
          <ns3:TrackPointExtension>
            <ns3:hr>94</ns3:hr>
            <ns3:cad>72</ns3:cad>
          </ns3:TrackPointExtension>
        </extensions>
      </trkpt>
      <trkpt lat="46.40511869452893733978271484375" lon="23.46603990532457828521728515625">
        <ele>658.4000244140625</ele>
        <time>2024-11-10T11:19:47.000Z</time>
        <extensions>
          <ns3:TrackPointExtension>
            <ns3:hr>96</ns3:hr>
            <ns3:cad>77</ns3:cad>
          </ns3:TrackPointExtension>
        </extensions>
      </trkpt>
      <trkpt lat="46.405131854116916656494140625" lon="23.4660255722701549530029296875">
        <ele>659</ele>
        <time>2024-11-10T11:19:52.000Z</time>
        <extensions>
          <ns3:TrackPointExtension>
            <ns3:hr>96</ns3:hr>
            <ns3:cad>0</ns3:cad>
          </ns3:TrackPointExtension>
        </extensions>
      </trkpt>
      <trkpt lat="46.40512489713728427886962890625" lon="23.46600403077900409698486328125">
        <ele>659</ele>
        <time>2024-11-10T11:19:54.000Z</time>
        <extensions>
          <ns3:TrackPointExtension>
            <ns3:hr>96</ns3:hr>
            <ns3:cad>0</ns3:cad>
          </ns3:TrackPointExtension>
        </extensions>
      </trkpt>
      <trkpt lat="46.40512355603277683258056640625" lon="23.46599732525646686553955078125">
        <ele>659</ele>
        <time>2024-11-10T11:19:55.000Z</time>
        <extensions>
          <ns3:TrackPointExtension>
            <ns3:hr>97</ns3:hr>
            <ns3:cad>0</ns3:cad>
          </ns3:TrackPointExtension>
        </extensions>
      </trkpt>
      <trkpt lat="46.40511752106249332427978515625" lon="23.465986512601375579833984375">
        <ele>659.20001220703125</ele>
        <time>2024-11-10T11:19:57.000Z</time>
        <extensions>
          <ns3:TrackPointExtension>
            <ns3:hr>100</ns3:hr>
            <ns3:cad>0</ns3:cad>
          </ns3:TrackPointExtension>
        </extensions>
      </trkpt>
      <trkpt lat="46.40511475503444671630859375" lon="23.4659853391349315643310546875">
        <ele>659.20001220703125</ele>
        <time>2024-11-10T11:19:58.000Z</time>
        <extensions>
          <ns3:TrackPointExtension>
            <ns3:hr>100</ns3:hr>
            <ns3:cad>0</ns3:cad>
          </ns3:TrackPointExtension>
        </extensions>
      </trkpt>
      <trkpt lat="46.40512137673795223236083984375" lon="23.46602641046047210693359375">
        <ele>659.20001220703125</ele>
        <time>2024-11-10T11:20:03.000Z</time>
        <extensions>
          <ns3:TrackPointExtension>
            <ns3:hr>97</ns3:hr>
            <ns3:cad>0</ns3:cad>
          </ns3:TrackPointExtension>
        </extensions>
      </trkpt>
      <trkpt lat="46.40512053854763507843017578125" lon="23.4660282544791698455810546875">
        <ele>659.20001220703125</ele>
        <time>2024-11-10T11:20:04.000Z</time>
        <extensions>
          <ns3:TrackPointExtension>
            <ns3:hr>97</ns3:hr>
            <ns3:cad>0</ns3:cad>
          </ns3:TrackPointExtension>
        </extensions>
      </trkpt>
      <trkpt lat="46.40511735342442989349365234375" lon="23.46602414734661579132080078125">
        <ele>659</ele>
        <time>2024-11-10T11:20:13.000Z</time>
        <extensions>
          <ns3:TrackPointExtension>
            <ns3:hr>99</ns3:hr>
            <ns3:cad>0</ns3:cad>
          </ns3:TrackPointExtension>
        </extensions>
      </trkpt>
      <trkpt lat="46.40514451079070568084716796875" lon="23.46601836383342742919921875">
        <ele>659.20001220703125</ele>
        <time>2024-11-10T11:20:21.000Z</time>
        <extensions>
          <ns3:TrackPointExtension>
            <ns3:hr>98</ns3:hr>
            <ns3:cad>0</ns3:cad>
          </ns3:TrackPointExtension>
        </extensions>
      </trkpt>
      <trkpt lat="46.40514249913394451141357421875" lon="23.4660104848444461822509765625">
        <ele>659.20001220703125</ele>
        <time>2024-11-10T11:20:23.000Z</time>
        <extensions>
          <ns3:TrackPointExtension>
            <ns3:hr>94</ns3:hr>
            <ns3:cad>0</ns3:cad>
          </ns3:TrackPointExtension>
        </extensions>
      </trkpt>
      <trkpt lat="46.4051427505910396575927734375" lon="23.466014675796031951904296875">
        <ele>659.20001220703125</ele>
        <time>2024-11-10T11:20:25.000Z</time>
        <extensions>
          <ns3:TrackPointExtension>
            <ns3:hr>90</ns3:hr>
            <ns3:cad>0</ns3:cad>
          </ns3:TrackPointExtension>
        </extensions>
      </trkpt>
      <trkpt lat="46.40515054576098918914794921875" lon="23.46602364443242549896240234375">
        <ele>659.20001220703125</ele>
        <time>2024-11-10T11:20:29.000Z</time>
        <extensions>
          <ns3:TrackPointExtension>
            <ns3:hr>87</ns3:hr>
            <ns3:cad>0</ns3:cad>
          </ns3:TrackPointExtension>
        </extensions>
      </trkpt>
      <trkpt lat="46.4051524735987186431884765625" lon="23.46603445708751678466796875">
        <ele>659.20001220703125</ele>
        <time>2024-11-10T11:20:33.000Z</time>
        <extensions>
          <ns3:TrackPointExtension>
            <ns3:hr>86</ns3:hr>
            <ns3:cad>0</ns3:cad>
          </ns3:TrackPointExtension>
        </extensions>
      </trkpt>
      <trkpt lat="46.40514970757067203521728515625" lon="23.46604116261005401611328125">
        <ele>659.20001220703125</ele>
        <time>2024-11-10T11:20:41.000Z</time>
        <extensions>
          <ns3:TrackPointExtension>
            <ns3:hr>87</ns3:hr>
            <ns3:cad>0</ns3:cad>
          </ns3:TrackPointExtension>
        </extensions>
      </trkpt>
      <trkpt lat="46.4051377214491367340087890625" lon="23.4660145081579685211181640625">
        <ele>659.20001220703125</ele>
        <time>2024-11-10T11:20:50.000Z</time>
        <extensions>
          <ns3:TrackPointExtension>
            <ns3:hr>86</ns3:hr>
            <ns3:cad>0</ns3:cad>
          </ns3:TrackPointExtension>
        </extensions>
      </trkpt>
      <trkpt lat="46.405138559639453887939453125" lon="23.46601023338735103607177734375">
        <ele>659.20001220703125</ele>
        <time>2024-11-10T11:20:59.000Z</time>
        <extensions>
          <ns3:TrackPointExtension>
            <ns3:hr>88</ns3:hr>
            <ns3:cad>0</ns3:cad>
          </ns3:TrackPointExtension>
        </extensions>
      </trkpt>
      <trkpt lat="46.40512489713728427886962890625" lon="23.4660094790160655975341796875">
        <ele>659.20001220703125</ele>
        <time>2024-11-10T11:21:07.000Z</time>
        <extensions>
          <ns3:TrackPointExtension>
            <ns3:hr>89</ns3:hr>
            <ns3:cad>0</ns3:cad>
          </ns3:TrackPointExtension>
        </extensions>
      </trkpt>
      <trkpt lat="46.40512757934629917144775390625" lon="23.4660212136805057525634765625">
        <ele>659.20001220703125</ele>
        <time>2024-11-10T11:21:11.000Z</time>
        <extensions>
          <ns3:TrackPointExtension>
            <ns3:hr>84</ns3:hr>
            <ns3:cad>0</ns3:cad>
          </ns3:TrackPointExtension>
        </extensions>
      </trkpt>
      <trkpt lat="46.4051449298858642578125" lon="23.46604694612324237823486328125">
        <ele>659.20001220703125</ele>
        <time>2024-11-10T11:21:16.000Z</time>
        <extensions>
          <ns3:TrackPointExtension>
            <ns3:hr>83</ns3:hr>
            <ns3:cad>0</ns3:cad>
          </ns3:TrackPointExtension>
        </extensions>
      </trkpt>
      <trkpt lat="46.4051742665469646453857421875" lon="23.4660671465098857879638671875">
        <ele>659.20001220703125</ele>
        <time>2024-11-10T11:21:21.000Z</time>
        <extensions>
          <ns3:TrackPointExtension>
            <ns3:hr>83</ns3:hr>
            <ns3:cad>0</ns3:cad>
          </ns3:TrackPointExtension>
        </extensions>
      </trkpt>
      <trkpt lat="46.40515976585447788238525390625" lon="23.466044850647449493408203125">
        <ele>659.20001220703125</ele>
        <time>2024-11-10T11:21:28.000Z</time>
        <extensions>
          <ns3:TrackPointExtension>
            <ns3:hr>86</ns3:hr>
            <ns3:cad>0</ns3:cad>
          </ns3:TrackPointExtension>
        </extensions>
      </trkpt>
      <trkpt lat="46.40516194514930248260498046875" lon="23.46604493446648120880126953125">
        <ele>659.4000244140625</ele>
        <time>2024-11-10T11:21:29.000Z</time>
        <extensions>
          <ns3:TrackPointExtension>
            <ns3:hr>86</ns3:hr>
            <ns3:cad>0</ns3:cad>
          </ns3:TrackPointExtension>
        </extensions>
      </trkpt>
      <trkpt lat="46.4051601849496364593505859375" lon="23.46602163277566432952880859375">
        <ele>659.4000244140625</ele>
        <time>2024-11-10T11:21:38.000Z</time>
        <extensions>
          <ns3:TrackPointExtension>
            <ns3:hr>86</ns3:hr>
            <ns3:cad>0</ns3:cad>
          </ns3:TrackPointExtension>
        </extensions>
      </trkpt>
      <trkpt lat="46.40515976585447788238525390625" lon="23.4660151787102222442626953125">
        <ele>659.4000244140625</ele>
        <time>2024-11-10T11:21:44.000Z</time>
        <extensions>
          <ns3:TrackPointExtension>
            <ns3:hr>86</ns3:hr>
            <ns3:cad>0</ns3:cad>
          </ns3:TrackPointExtension>
        </extensions>
      </trkpt>
      <trkpt lat="46.40517099760472774505615234375" lon="23.4660418331623077392578125">
        <ele>659.4000244140625</ele>
        <time>2024-11-10T11:21:52.000Z</time>
        <extensions>
          <ns3:TrackPointExtension>
            <ns3:hr>84</ns3:hr>
            <ns3:cad>0</ns3:cad>
          </ns3:TrackPointExtension>
        </extensions>
      </trkpt>
      <trkpt lat="46.40517183579504489898681640625" lon="23.46606287173926830291748046875">
        <ele>659.4000244140625</ele>
        <time>2024-11-10T11:22:03.000Z</time>
        <extensions>
          <ns3:TrackPointExtension>
            <ns3:hr>83</ns3:hr>
            <ns3:cad>0</ns3:cad>
          </ns3:TrackPointExtension>
        </extensions>
      </trkpt>
      <trkpt lat="46.40513084828853607177734375" lon="23.46606790088117122650146484375">
        <ele>659.4000244140625</ele>
        <time>2024-11-10T11:22:12.000Z</time>
        <extensions>
          <ns3:TrackPointExtension>
            <ns3:hr>83</ns3:hr>
            <ns3:cad>0</ns3:cad>
          </ns3:TrackPointExtension>
        </extensions>
      </trkpt>
      <trkpt lat="46.40513487160205841064453125" lon="23.46609237603843212127685546875">
        <ele>659.4000244140625</ele>
        <time>2024-11-10T11:22:21.000Z</time>
        <extensions>
          <ns3:TrackPointExtension>
            <ns3:hr>83</ns3:hr>
            <ns3:cad>0</ns3:cad>
          </ns3:TrackPointExtension>
        </extensions>
      </trkpt>
      <trkpt lat="46.40515138395130634307861328125" lon="23.46607427112758159637451171875">
        <ele>659.20001220703125</ele>
        <time>2024-11-10T11:22:27.000Z</time>
        <extensions>
          <ns3:TrackPointExtension>
            <ns3:hr>86</ns3:hr>
            <ns3:cad>0</ns3:cad>
          </ns3:TrackPointExtension>
        </extensions>
      </trkpt>
      <trkpt lat="46.40513260848820209503173828125" lon="23.46606320701539516448974609375">
        <ele>659.20001220703125</ele>
        <time>2024-11-10T11:22:31.000Z</time>
        <extensions>
          <ns3:TrackPointExtension>
            <ns3:hr>83</ns3:hr>
            <ns3:cad>0</ns3:cad>
          </ns3:TrackPointExtension>
        </extensions>
      </trkpt>
      <trkpt lat="46.4050877653062343597412109375" lon="23.46605013124644756317138671875">
        <ele>659.20001220703125</ele>
        <time>2024-11-10T11:22:38.000Z</time>
        <extensions>
          <ns3:TrackPointExtension>
            <ns3:hr>86</ns3:hr>
            <ns3:cad>0</ns3:cad>
          </ns3:TrackPointExtension>
        </extensions>
      </trkpt>
      <trkpt lat="46.40508064068853855133056640625" lon="23.4660396538674831390380859375">
        <ele>659.20001220703125</ele>
        <time>2024-11-10T11:22:40.000Z</time>
        <extensions>
          <ns3:TrackPointExtension>
            <ns3:hr>86</ns3:hr>
            <ns3:cad>0</ns3:cad>
          </ns3:TrackPointExtension>
        </extensions>
      </trkpt>
      <trkpt lat="46.4050787128508090972900390625" lon="23.4660351276397705078125">
        <ele>659.4000244140625</ele>
        <time>2024-11-10T11:22:42.000Z</time>
        <extensions>
          <ns3:TrackPointExtension>
            <ns3:hr>91</ns3:hr>
            <ns3:cad>0</ns3:cad>
          </ns3:TrackPointExtension>
        </extensions>
      </trkpt>
      <trkpt lat="46.40508122742176055908203125" lon="23.46603588201105594635009765625">
        <ele>659.4000244140625</ele>
        <time>2024-11-10T11:22:43.000Z</time>
        <extensions>
          <ns3:TrackPointExtension>
            <ns3:hr>95</ns3:hr>
            <ns3:cad>0</ns3:cad>
          </ns3:TrackPointExtension>
        </extensions>
      </trkpt>
      <trkpt lat="46.40510528348386287689208984375" lon="23.466015346348285675048828125">
        <ele>659.4000244140625</ele>
        <time>2024-11-10T11:22:48.000Z</time>
        <extensions>
          <ns3:TrackPointExtension>
            <ns3:hr>96</ns3:hr>
            <ns3:cad>0</ns3:cad>
          </ns3:TrackPointExtension>
        </extensions>
      </trkpt>
      <trkpt lat="46.4051078818738460540771484375" lon="23.46601190976798534393310546875">
        <ele>659.4000244140625</ele>
        <time>2024-11-10T11:22:49.000Z</time>
        <extensions>
          <ns3:TrackPointExtension>
            <ns3:hr>92</ns3:hr>
            <ns3:cad>0</ns3:cad>
          </ns3:TrackPointExtension>
        </extensions>
      </trkpt>
      <trkpt lat="46.40511333011090755462646484375" lon="23.46600336022675037384033203125">
        <ele>659.4000244140625</ele>
        <time>2024-11-10T11:22:50.000Z</time>
        <extensions>
          <ns3:TrackPointExtension>
            <ns3:hr>88</ns3:hr>
            <ns3:cad>0</ns3:cad>
          </ns3:TrackPointExtension>
        </extensions>
      </trkpt>
      <trkpt lat="46.40515624545514583587646484375" lon="23.46593932248651981353759765625">
        <ele>659.4000244140625</ele>
        <time>2024-11-10T11:22:56.000Z</time>
        <extensions>
          <ns3:TrackPointExtension>
            <ns3:hr>89</ns3:hr>
            <ns3:cad>0</ns3:cad>
          </ns3:TrackPointExtension>
        </extensions>
      </trkpt>
      <trkpt lat="46.40517854131758213043212890625" lon="23.4659541584551334381103515625">
        <ele>659.20001220703125</ele>
        <time>2024-11-10T11:23:00.000Z</time>
        <extensions>
          <ns3:TrackPointExtension>
            <ns3:hr>92</ns3:hr>
            <ns3:cad>0</ns3:cad>
          </ns3:TrackPointExtension>
        </extensions>
      </trkpt>
      <trkpt lat="46.4051789604127407073974609375" lon="23.46596631221473217010498046875">
        <ele>659.20001220703125</ele>
        <time>2024-11-10T11:23:01.000Z</time>
        <extensions>
          <ns3:TrackPointExtension>
            <ns3:hr>92</ns3:hr>
            <ns3:cad>0</ns3:cad>
          </ns3:TrackPointExtension>
        </extensions>
      </trkpt>
      <trkpt lat="46.4051689021289348602294921875" lon="23.466000594198703765869140625">
        <ele>659.20001220703125</ele>
        <time>2024-11-10T11:23:04.000Z</time>
        <extensions>
          <ns3:TrackPointExtension>
            <ns3:hr>92</ns3:hr>
            <ns3:cad>0</ns3:cad>
          </ns3:TrackPointExtension>
        </extensions>
      </trkpt>
      <trkpt lat="46.405162028968334197998046875" lon="23.466028086841106414794921875">
        <ele>659</ele>
        <time>2024-11-10T11:23:12.000Z</time>
        <extensions>
          <ns3:TrackPointExtension>
            <ns3:hr>92</ns3:hr>
            <ns3:cad>0</ns3:cad>
          </ns3:TrackPointExtension>
        </extensions>
      </trkpt>
      <trkpt lat="46.40514199621975421905517578125" lon="23.46603604964911937713623046875">
        <ele>659</ele>
        <time>2024-11-10T11:23:15.000Z</time>
        <extensions>
          <ns3:TrackPointExtension>
            <ns3:hr>89</ns3:hr>
            <ns3:cad>0</ns3:cad>
          </ns3:TrackPointExtension>
        </extensions>
      </trkpt>
      <trkpt lat="46.40514291822910308837890625" lon="23.466046191751956939697265625">
        <ele>659</ele>
        <time>2024-11-10T11:23:21.000Z</time>
        <extensions>
          <ns3:TrackPointExtension>
            <ns3:hr>88</ns3:hr>
            <ns3:cad>0</ns3:cad>
          </ns3:TrackPointExtension>
        </extensions>
      </trkpt>
      <trkpt lat="46.4051575027406215667724609375" lon="23.4660565853118896484375">
        <ele>659</ele>
        <time>2024-11-10T11:23:30.000Z</time>
        <extensions>
          <ns3:TrackPointExtension>
            <ns3:hr>89</ns3:hr>
            <ns3:cad>0</ns3:cad>
          </ns3:TrackPointExtension>
        </extensions>
      </trkpt>
      <trkpt lat="46.40515725128352642059326171875" lon="23.46607494167983531951904296875">
        <ele>659</ele>
        <time>2024-11-10T11:23:33.000Z</time>
        <extensions>
          <ns3:TrackPointExtension>
            <ns3:hr>92</ns3:hr>
            <ns3:cad>0</ns3:cad>
          </ns3:TrackPointExtension>
        </extensions>
      </trkpt>
      <trkpt lat="46.4051518030464649200439453125" lon="23.46609187312424182891845703125">
        <ele>658.79998779296875</ele>
        <time>2024-11-10T11:23:36.000Z</time>
        <extensions>
          <ns3:TrackPointExtension>
            <ns3:hr>93</ns3:hr>
            <ns3:cad>0</ns3:cad>
          </ns3:TrackPointExtension>
        </extensions>
      </trkpt>
      <trkpt lat="46.4051343686878681182861328125" lon="23.46610595472157001495361328125">
        <ele>658.79998779296875</ele>
        <time>2024-11-10T11:23:46.000Z</time>
        <extensions>
          <ns3:TrackPointExtension>
            <ns3:hr>93</ns3:hr>
            <ns3:cad>0</ns3:cad>
          </ns3:TrackPointExtension>
        </extensions>
      </trkpt>
      <trkpt lat="46.40513478778302669525146484375" lon="23.4660927951335906982421875">
        <ele>658.79998779296875</ele>
        <time>2024-11-10T11:23:49.000Z</time>
        <extensions>
          <ns3:TrackPointExtension>
            <ns3:hr>89</ns3:hr>
            <ns3:cad>0</ns3:cad>
          </ns3:TrackPointExtension>
        </extensions>
      </trkpt>
      <trkpt lat="46.40513260848820209503173828125" lon="23.4660815633833408355712890625">
        <ele>658.79998779296875</ele>
        <time>2024-11-10T11:23:51.000Z</time>
        <extensions>
          <ns3:TrackPointExtension>
            <ns3:hr>84</ns3:hr>
            <ns3:cad>0</ns3:cad>
          </ns3:TrackPointExtension>
        </extensions>
      </trkpt>
      <trkpt lat="46.40513193793594837188720703125" lon="23.46606890670955181121826171875">
        <ele>658.79998779296875</ele>
        <time>2024-11-10T11:23:54.000Z</time>
        <extensions>
          <ns3:TrackPointExtension>
            <ns3:hr>81</ns3:hr>
            <ns3:cad>0</ns3:cad>
          </ns3:TrackPointExtension>
        </extensions>
      </trkpt>
      <trkpt lat="46.40513218939304351806640625" lon="23.46606664359569549560546875">
        <ele>658.79998779296875</ele>
        <time>2024-11-10T11:23:55.000Z</time>
        <extensions>
          <ns3:TrackPointExtension>
            <ns3:hr>78</ns3:hr>
            <ns3:cad>0</ns3:cad>
          </ns3:TrackPointExtension>
        </extensions>
      </trkpt>
      <trkpt lat="46.40513277612626552581787109375" lon="23.46606940962374210357666015625">
        <ele>658.5999755859375</ele>
        <time>2024-11-10T11:24:03.000Z</time>
        <extensions>
          <ns3:TrackPointExtension>
            <ns3:hr>82</ns3:hr>
            <ns3:cad>0</ns3:cad>
          </ns3:TrackPointExtension>
        </extensions>
      </trkpt>
      <trkpt lat="46.4051320217549800872802734375" lon="23.46607058309018611907958984375">
        <ele>658.5999755859375</ele>
        <time>2024-11-10T11:24:04.000Z</time>
        <extensions>
          <ns3:TrackPointExtension>
            <ns3:hr>85</ns3:hr>
            <ns3:cad>0</ns3:cad>
          </ns3:TrackPointExtension>
        </extensions>
      </trkpt>
      <trkpt lat="46.4051269926130771636962890625" lon="23.46608097665011882781982421875">
        <ele>658.5999755859375</ele>
        <time>2024-11-10T11:24:06.000Z</time>
        <extensions>
          <ns3:TrackPointExtension>
            <ns3:hr>87</ns3:hr>
            <ns3:cad>0</ns3:cad>
          </ns3:TrackPointExtension>
        </extensions>
      </trkpt>
      <trkpt lat="46.40511341392993927001953125" lon="23.46608751453459262847900390625">
        <ele>658.4000244140625</ele>
        <time>2024-11-10T11:24:14.000Z</time>
        <extensions>
          <ns3:TrackPointExtension>
            <ns3:hr>87</ns3:hr>
            <ns3:cad>0</ns3:cad>
          </ns3:TrackPointExtension>
        </extensions>
      </trkpt>
      <trkpt lat="46.4051226340234279632568359375" lon="23.46607737243175506591796875">
        <ele>658.4000244140625</ele>
        <time>2024-11-10T11:24:17.000Z</time>
        <extensions>
          <ns3:TrackPointExtension>
            <ns3:hr>83</ns3:hr>
            <ns3:cad>0</ns3:cad>
          </ns3:TrackPointExtension>
        </extensions>
      </trkpt>
      <trkpt lat="46.40510863624513149261474609375" lon="23.4660530649125576019287109375">
        <ele>658.20001220703125</ele>
        <time>2024-11-10T11:24:26.000Z</time>
        <extensions>
          <ns3:TrackPointExtension>
            <ns3:hr>82</ns3:hr>
            <ns3:cad>0</ns3:cad>
          </ns3:TrackPointExtension>
        </extensions>
      </trkpt>
      <trkpt lat="46.40509036369621753692626953125" lon="23.46604040823876857757568359375">
        <ele>658.20001220703125</ele>
        <time>2024-11-10T11:24:31.000Z</time>
        <extensions>
          <ns3:TrackPointExtension>
            <ns3:hr>86</ns3:hr>
            <ns3:cad>0</ns3:cad>
          </ns3:TrackPointExtension>
        </extensions>
      </trkpt>
      <trkpt lat="46.40508315525949001312255859375" lon="23.46602917648851871490478515625">
        <ele>658.20001220703125</ele>
        <time>2024-11-10T11:24:33.000Z</time>
        <extensions>
          <ns3:TrackPointExtension>
            <ns3:hr>83</ns3:hr>
            <ns3:cad>0</ns3:cad>
          </ns3:TrackPointExtension>
        </extensions>
      </trkpt>
      <trkpt lat="46.40508164651691913604736328125" lon="23.46602129749953746795654296875">
        <ele>658.20001220703125</ele>
        <time>2024-11-10T11:24:34.000Z</time>
        <extensions>
          <ns3:TrackPointExtension>
            <ns3:hr>79</ns3:hr>
            <ns3:cad>0</ns3:cad>
          </ns3:TrackPointExtension>
        </extensions>
      </trkpt>
      <trkpt lat="46.40507854521274566650390625" lon="23.4660175256431102752685546875">
        <ele>658</ele>
        <time>2024-11-10T11:24:35.000Z</time>
        <extensions>
          <ns3:TrackPointExtension>
            <ns3:hr>79</ns3:hr>
            <ns3:cad>0</ns3:cad>
          </ns3:TrackPointExtension>
        </extensions>
      </trkpt>
      <trkpt lat="46.40507854521274566650390625" lon="23.4660175256431102752685546875">
        <ele>658</ele>
        <time>2024-11-10T11:24:38.000Z</time>
        <extensions>
          <ns3:TrackPointExtension>
            <ns3:hr>79</ns3:hr>
            <ns3:cad>0</ns3:cad>
          </ns3:TrackPointExtension>
        </extensions>
      </trkpt>
      <trkpt lat="46.40508701093494892120361328125" lon="23.4660188667476177215576171875">
        <ele>657.79998779296875</ele>
        <time>2024-11-10T11:24:42.000Z</time>
        <extensions>
          <ns3:TrackPointExtension>
            <ns3:hr>80</ns3:hr>
            <ns3:cad>0</ns3:cad>
          </ns3:TrackPointExtension>
        </extensions>
      </trkpt>
      <trkpt lat="46.4051048643887042999267578125" lon="23.46601744182407855987548828125">
        <ele>658</ele>
        <time>2024-11-10T11:24:51.000Z</time>
        <extensions>
          <ns3:TrackPointExtension>
            <ns3:hr>79</ns3:hr>
            <ns3:cad>0</ns3:cad>
          </ns3:TrackPointExtension>
        </extensions>
      </trkpt>
      <trkpt lat="46.40512087382376194000244140625" lon="23.46602867357432842254638671875">
        <ele>657.79998779296875</ele>
        <time>2024-11-10T11:25:03.000Z</time>
        <extensions>
          <ns3:TrackPointExtension>
            <ns3:hr>78</ns3:hr>
            <ns3:cad>0</ns3:cad>
          </ns3:TrackPointExtension>
        </extensions>
      </trkpt>
      <trkpt lat="46.40513076446950435638427734375" lon="23.46603420563042163848876953125">
        <ele>657.79998779296875</ele>
        <time>2024-11-10T11:25:10.000Z</time>
        <extensions>
          <ns3:TrackPointExtension>
            <ns3:hr>85</ns3:hr>
            <ns3:cad>0</ns3:cad>
          </ns3:TrackPointExtension>
        </extensions>
      </trkpt>
      <trkpt lat="46.40513160265982151031494140625" lon="23.466036804020404815673828125">
        <ele>657.79998779296875</ele>
        <time>2024-11-10T11:25:11.000Z</time>
        <extensions>
          <ns3:TrackPointExtension>
            <ns3:hr>86</ns3:hr>
            <ns3:cad>0</ns3:cad>
          </ns3:TrackPointExtension>
        </extensions>
      </trkpt>
      <trkpt lat="46.405133865773677825927734375" lon="23.46605415455996990203857421875">
        <ele>657.79998779296875</ele>
        <time>2024-11-10T11:25:16.000Z</time>
        <extensions>
          <ns3:TrackPointExtension>
            <ns3:hr>89</ns3:hr>
            <ns3:cad>0</ns3:cad>
          </ns3:TrackPointExtension>
        </extensions>
      </trkpt>
      <trkpt lat="46.4051462709903717041015625" lon="23.46607628278434276580810546875">
        <ele>657.79998779296875</ele>
        <time>2024-11-10T11:25:19.000Z</time>
        <extensions>
          <ns3:TrackPointExtension>
            <ns3:hr>88</ns3:hr>
            <ns3:cad>0</ns3:cad>
          </ns3:TrackPointExtension>
        </extensions>
      </trkpt>
      <trkpt lat="46.4051933772861957550048828125" lon="23.466143421828746795654296875">
        <ele>658.4000244140625</ele>
        <time>2024-11-10T11:25:27.000Z</time>
        <extensions>
          <ns3:TrackPointExtension>
            <ns3:hr>91</ns3:hr>
            <ns3:cad>41</ns3:cad>
          </ns3:TrackPointExtension>
        </extensions>
      </trkpt>
      <trkpt lat="46.40519966371357440948486328125" lon="23.4661549888551235198974609375">
        <ele>658.4000244140625</ele>
        <time>2024-11-10T11:25:28.000Z</time>
        <extensions>
          <ns3:TrackPointExtension>
            <ns3:hr>93</ns3:hr>
            <ns3:cad>41</ns3:cad>
          </ns3:TrackPointExtension>
        </extensions>
      </trkpt>
      <trkpt lat="46.405224390327930450439453125" lon="23.4662059508264064788818359375">
        <ele>659</ele>
        <time>2024-11-10T11:25:34.000Z</time>
        <extensions>
          <ns3:TrackPointExtension>
            <ns3:hr>95</ns3:hr>
            <ns3:cad>0</ns3:cad>
          </ns3:TrackPointExtension>
        </extensions>
      </trkpt>
      <trkpt lat="46.40523185022175312042236328125" lon="23.46622061915695667266845703125">
        <ele>659.20001220703125</ele>
        <time>2024-11-10T11:25:36.000Z</time>
        <extensions>
          <ns3:TrackPointExtension>
            <ns3:hr>96</ns3:hr>
            <ns3:cad>0</ns3:cad>
          </ns3:TrackPointExtension>
        </extensions>
      </trkpt>
      <trkpt lat="46.40529119409620761871337890625" lon="23.46627979539334774017333984375">
        <ele>659.5999755859375</ele>
        <time>2024-11-10T11:25:45.000Z</time>
        <extensions>
          <ns3:TrackPointExtension>
            <ns3:hr>98</ns3:hr>
            <ns3:cad>41</ns3:cad>
          </ns3:TrackPointExtension>
        </extensions>
      </trkpt>
      <trkpt lat="46.40530711971223354339599609375" lon="23.4663085453212261199951171875">
        <ele>660.20001220703125</ele>
        <time>2024-11-10T11:25:49.000Z</time>
        <extensions>
          <ns3:TrackPointExtension>
            <ns3:hr>100</ns3:hr>
            <ns3:cad>41</ns3:cad>
          </ns3:TrackPointExtension>
        </extensions>
      </trkpt>
      <trkpt lat="46.40531617216765880584716796875" lon="23.46631474792957305908203125">
        <ele>660.4000244140625</ele>
        <time>2024-11-10T11:25:52.000Z</time>
        <extensions>
          <ns3:TrackPointExtension>
            <ns3:hr>101</ns3:hr>
            <ns3:cad>0</ns3:cad>
          </ns3:TrackPointExtension>
        </extensions>
      </trkpt>
      <trkpt lat="46.40531684271991252899169921875" lon="23.4663105569779872894287109375">
        <ele>660.4000244140625</ele>
        <time>2024-11-10T11:25:53.000Z</time>
        <extensions>
          <ns3:TrackPointExtension>
            <ns3:hr>101</ns3:hr>
            <ns3:cad>0</ns3:cad>
          </ns3:TrackPointExtension>
        </extensions>
      </trkpt>
      <trkpt lat="46.40531701035797595977783203125" lon="23.46631114371120929718017578125">
        <ele>660.5999755859375</ele>
        <time>2024-11-10T11:25:57.000Z</time>
        <extensions>
          <ns3:TrackPointExtension>
            <ns3:hr>98</ns3:hr>
            <ns3:cad>0</ns3:cad>
          </ns3:TrackPointExtension>
        </extensions>
      </trkpt>
      <trkpt lat="46.40531717799603939056396484375" lon="23.46631047315895557403564453125">
        <ele>660.5999755859375</ele>
        <time>2024-11-10T11:25:59.000Z</time>
        <extensions>
          <ns3:TrackPointExtension>
            <ns3:hr>95</ns3:hr>
            <ns3:cad>0</ns3:cad>
          </ns3:TrackPointExtension>
        </extensions>
      </trkpt>
      <trkpt lat="46.40531650744378566741943359375" lon="23.4663092158734798431396484375">
        <ele>660.5999755859375</ele>
        <time>2024-11-10T11:26:01.000Z</time>
        <extensions>
          <ns3:TrackPointExtension>
            <ns3:hr>92</ns3:hr>
            <ns3:cad>0</ns3:cad>
          </ns3:TrackPointExtension>
        </extensions>
      </trkpt>
      <trkpt lat="46.4053164236247539520263671875" lon="23.4663073718547821044921875">
        <ele>660.5999755859375</ele>
        <time>2024-11-10T11:26:05.000Z</time>
        <extensions>
          <ns3:TrackPointExtension>
            <ns3:hr>92</ns3:hr>
            <ns3:cad>0</ns3:cad>
          </ns3:TrackPointExtension>
        </extensions>
      </trkpt>
      <trkpt lat="46.4053543098270893096923828125" lon="23.466360010206699371337890625">
        <ele>660.79998779296875</ele>
        <time>2024-11-10T11:26:12.000Z</time>
        <extensions>
          <ns3:TrackPointExtension>
            <ns3:hr>90</ns3:hr>
            <ns3:cad>0</ns3:cad>
          </ns3:TrackPointExtension>
        </extensions>
      </trkpt>
      <trkpt lat="46.4053606800734996795654296875" lon="23.4663769416511058807373046875">
        <ele>660.79998779296875</ele>
        <time>2024-11-10T11:26:13.000Z</time>
        <extensions>
          <ns3:TrackPointExtension>
            <ns3:hr>90</ns3:hr>
            <ns3:cad>0</ns3:cad>
          </ns3:TrackPointExtension>
        </extensions>
      </trkpt>
      <trkpt lat="46.40537182800471782684326171875" lon="23.46641256473958492279052734375">
        <ele>661</ele>
        <time>2024-11-10T11:26:17.000Z</time>
        <extensions>
          <ns3:TrackPointExtension>
            <ns3:hr>91</ns3:hr>
            <ns3:cad>0</ns3:cad>
          </ns3:TrackPointExtension>
        </extensions>
      </trkpt>
      <trkpt lat="46.40537836588919162750244140625" lon="23.466437123715877532958984375">
        <ele>661.20001220703125</ele>
        <time>2024-11-10T11:26:20.000Z</time>
        <extensions>
          <ns3:TrackPointExtension>
            <ns3:hr>90</ns3:hr>
            <ns3:cad>0</ns3:cad>
          </ns3:TrackPointExtension>
        </extensions>
      </trkpt>
      <trkpt lat="46.4053985662758350372314453125" lon="23.46649101935327053070068359375">
        <ele>661</ele>
        <time>2024-11-10T11:26:26.000Z</time>
        <extensions>
          <ns3:TrackPointExtension>
            <ns3:hr>89</ns3:hr>
            <ns3:cad>40</ns3:cad>
          </ns3:TrackPointExtension>
        </extensions>
      </trkpt>
      <trkpt lat="46.40539362095296382904052734375" lon="23.4665667079389095306396484375">
        <ele>661.20001220703125</ele>
        <time>2024-11-10T11:26:33.000Z</time>
        <extensions>
          <ns3:TrackPointExtension>
            <ns3:hr>92</ns3:hr>
            <ns3:cad>0</ns3:cad>
          </ns3:TrackPointExtension>
        </extensions>
      </trkpt>
      <trkpt lat="46.40538641251623630523681640625" lon="23.46658003516495227813720703125">
        <ele>661.20001220703125</ele>
        <time>2024-11-10T11:26:35.000Z</time>
        <extensions>
          <ns3:TrackPointExtension>
            <ns3:hr>93</ns3:hr>
            <ns3:cad>0</ns3:cad>
          </ns3:TrackPointExtension>
        </extensions>
      </trkpt>
      <trkpt lat="46.405371911823749542236328125" lon="23.466561846435070037841796875">
        <ele>661.20001220703125</ele>
        <time>2024-11-10T11:26:38.000Z</time>
        <extensions>
          <ns3:TrackPointExtension>
            <ns3:hr>93</ns3:hr>
            <ns3:cad>0</ns3:cad>
          </ns3:TrackPointExtension>
        </extensions>
      </trkpt>
      <trkpt lat="46.405371911823749542236328125" lon="23.466561846435070037841796875">
        <ele>661.20001220703125</ele>
        <time>2024-11-10T11:26:40.000Z</time>
        <extensions>
          <ns3:TrackPointExtension>
            <ns3:hr>90</ns3:hr>
            <ns3:cad>0</ns3:cad>
          </ns3:TrackPointExtension>
        </extensions>
      </trkpt>
      <trkpt lat="46.405371911823749542236328125" lon="23.466561846435070037841796875">
        <ele>661.20001220703125</ele>
        <time>2024-11-10T11:26:41.000Z</time>
        <extensions>
          <ns3:TrackPointExtension>
            <ns3:hr>89</ns3:hr>
            <ns3:cad>0</ns3:cad>
          </ns3:TrackPointExtension>
        </extensions>
      </trkpt>
      <trkpt lat="46.405363865196704864501953125" lon="23.46653460524976253509521484375">
        <ele>661.20001220703125</ele>
        <time>2024-11-10T11:26:43.000Z</time>
        <extensions>
          <ns3:TrackPointExtension>
            <ns3:hr>87</ns3:hr>
            <ns3:cad>0</ns3:cad>
          </ns3:TrackPointExtension>
        </extensions>
      </trkpt>
      <trkpt lat="46.4053573273122310638427734375" lon="23.466508872807025909423828125">
        <ele>661.20001220703125</ele>
        <time>2024-11-10T11:26:49.000Z</time>
        <extensions>
          <ns3:TrackPointExtension>
            <ns3:hr>86</ns3:hr>
            <ns3:cad>0</ns3:cad>
          </ns3:TrackPointExtension>
        </extensions>
      </trkpt>
      <trkpt lat="46.405357830226421356201171875" lon="23.4665294922888278961181640625">
        <ele>661.4000244140625</ele>
        <time>2024-11-10T11:27:07.000Z</time>
        <extensions>
          <ns3:TrackPointExtension>
            <ns3:hr>87</ns3:hr>
            <ns3:cad>0</ns3:cad>
          </ns3:TrackPointExtension>
        </extensions>
      </trkpt>
      <trkpt lat="46.405357830226421356201171875" lon="23.4665294922888278961181640625">
        <ele>661.4000244140625</ele>
        <time>2024-11-10T11:27:09.000Z</time>
        <extensions>
          <ns3:TrackPointExtension>
            <ns3:hr>82</ns3:hr>
            <ns3:cad>0</ns3:cad>
          </ns3:TrackPointExtension>
        </extensions>
      </trkpt>
      <trkpt lat="46.4053573273122310638427734375" lon="23.466526307165622711181640625">
        <ele>661.4000244140625</ele>
        <time>2024-11-10T11:27:11.000Z</time>
        <extensions>
          <ns3:TrackPointExtension>
            <ns3:hr>78</ns3:hr>
            <ns3:cad>0</ns3:cad>
          </ns3:TrackPointExtension>
        </extensions>
      </trkpt>
      <trkpt lat="46.40536428429186344146728515625" lon="23.46652504988014698028564453125">
        <ele>661.5999755859375</ele>
        <time>2024-11-10T11:27:13.000Z</time>
        <extensions>
          <ns3:TrackPointExtension>
            <ns3:hr>75</ns3:hr>
            <ns3:cad>0</ns3:cad>
          </ns3:TrackPointExtension>
        </extensions>
      </trkpt>
      <trkpt lat="46.405357830226421356201171875" lon="23.4665294922888278961181640625">
        <ele>661.5999755859375</ele>
        <time>2024-11-10T11:27:15.000Z</time>
        <extensions>
          <ns3:TrackPointExtension>
            <ns3:hr>72</ns3:hr>
            <ns3:cad>0</ns3:cad>
          </ns3:TrackPointExtension>
        </extensions>
      </trkpt>
      <trkpt lat="46.405357830226421356201171875" lon="23.4665294922888278961181640625">
        <ele>661.5999755859375</ele>
        <time>2024-11-10T11:27:19.000Z</time>
        <extensions>
          <ns3:TrackPointExtension>
            <ns3:hr>72</ns3:hr>
            <ns3:cad>0</ns3:cad>
          </ns3:TrackPointExtension>
        </extensions>
      </trkpt>
      <trkpt lat="46.405357830226421356201171875" lon="23.4665294922888278961181640625">
        <ele>661.5999755859375</ele>
        <time>2024-11-10T11:27:22.000Z</time>
        <extensions>
          <ns3:TrackPointExtension>
            <ns3:hr>75</ns3:hr>
            <ns3:cad>0</ns3:cad>
          </ns3:TrackPointExtension>
        </extensions>
      </trkpt>
      <trkpt lat="46.40537316910922527313232421875" lon="23.46650652587413787841796875">
        <ele>661.5999755859375</ele>
        <time>2024-11-10T11:27:26.000Z</time>
        <extensions>
          <ns3:TrackPointExtension>
            <ns3:hr>78</ns3:hr>
            <ns3:cad>0</ns3:cad>
          </ns3:TrackPointExtension>
        </extensions>
      </trkpt>
      <trkpt lat="46.40537249855697154998779296875" lon="23.466504178941249847412109375">
        <ele>661.4000244140625</ele>
        <time>2024-11-10T11:27:31.000Z</time>
        <extensions>
          <ns3:TrackPointExtension>
            <ns3:hr>77</ns3:hr>
            <ns3:cad>0</ns3:cad>
          </ns3:TrackPointExtension>
        </extensions>
      </trkpt>
      <trkpt lat="46.4053727500140666961669921875" lon="23.46650493331253528594970703125">
        <ele>661.5999755859375</ele>
        <time>2024-11-10T11:27:36.000Z</time>
        <extensions>
          <ns3:TrackPointExtension>
            <ns3:hr>73</ns3:hr>
            <ns3:cad>0</ns3:cad>
          </ns3:TrackPointExtension>
        </extensions>
      </trkpt>
      <trkpt lat="46.40537082217633724212646484375" lon="23.4664778597652912139892578125">
        <ele>661.5999755859375</ele>
        <time>2024-11-10T11:27:43.000Z</time>
        <extensions>
          <ns3:TrackPointExtension>
            <ns3:hr>72</ns3:hr>
            <ns3:cad>0</ns3:cad>
          </ns3:TrackPointExtension>
        </extensions>
      </trkpt>
      <trkpt lat="46.405367888510227203369140625" lon="23.46648062579333782196044921875">
        <ele>661.4000244140625</ele>
        <time>2024-11-10T11:27:57.000Z</time>
        <extensions>
          <ns3:TrackPointExtension>
            <ns3:hr>75</ns3:hr>
            <ns3:cad>0</ns3:cad>
          </ns3:TrackPointExtension>
        </extensions>
      </trkpt>
      <trkpt lat="46.40536847524344921112060546875" lon="23.46648330800235271453857421875">
        <ele>661.4000244140625</ele>
        <time>2024-11-10T11:28:05.000Z</time>
        <extensions>
          <ns3:TrackPointExtension>
            <ns3:hr>72</ns3:hr>
            <ns3:cad>0</ns3:cad>
          </ns3:TrackPointExtension>
        </extensions>
      </trkpt>
      <trkpt lat="46.40538054518401622772216796875" lon="23.466499149799346923828125">
        <ele>661.4000244140625</ele>
        <time>2024-11-10T11:28:10.000Z</time>
        <extensions>
          <ns3:TrackPointExtension>
            <ns3:hr>73</ns3:hr>
            <ns3:cad>0</ns3:cad>
          </ns3:TrackPointExtension>
        </extensions>
      </trkpt>
      <trkpt lat="46.4053915254771709442138671875" lon="23.4665123932063579559326171875">
        <ele>661.5999755859375</ele>
        <time>2024-11-10T11:28:17.000Z</time>
        <extensions>
          <ns3:TrackPointExtension>
            <ns3:hr>76</ns3:hr>
            <ns3:cad>0</ns3:cad>
          </ns3:TrackPointExtension>
        </extensions>
      </trkpt>
      <trkpt lat="46.40538792125880718231201171875" lon="23.46651700325310230255126953125">
        <ele>661.5999755859375</ele>
        <time>2024-11-10T11:28:19.000Z</time>
        <extensions>
          <ns3:TrackPointExtension>
            <ns3:hr>79</ns3:hr>
            <ns3:cad>0</ns3:cad>
          </ns3:TrackPointExtension>
        </extensions>
      </trkpt>
      <trkpt lat="46.405376605689525604248046875" lon="23.466522954404354095458984375">
        <ele>661.5999755859375</ele>
        <time>2024-11-10T11:28:28.000Z</time>
        <extensions>
          <ns3:TrackPointExtension>
            <ns3:hr>81</ns3:hr>
            <ns3:cad>0</ns3:cad>
          </ns3:TrackPointExtension>
        </extensions>
      </trkpt>
      <trkpt lat="46.40538163483142852783203125" lon="23.46657701767981052398681640625">
        <ele>661.5999755859375</ele>
        <time>2024-11-10T11:28:36.000Z</time>
        <extensions>
          <ns3:TrackPointExtension>
            <ns3:hr>83</ns3:hr>
            <ns3:cad>0</ns3:cad>
          </ns3:TrackPointExtension>
        </extensions>
      </trkpt>
      <trkpt lat="46.4053355343639850616455078125" lon="23.46661121584475040435791015625">
        <ele>661.5999755859375</ele>
        <time>2024-11-10T11:28:43.000Z</time>
        <extensions>
          <ns3:TrackPointExtension>
            <ns3:hr>82</ns3:hr>
            <ns3:cad>0</ns3:cad>
          </ns3:TrackPointExtension>
        </extensions>
      </trkpt>
      <trkpt lat="46.40535623766481876373291015625" lon="23.46658271737396717071533203125">
        <ele>661.79998779296875</ele>
        <time>2024-11-10T11:28:51.000Z</time>
        <extensions>
          <ns3:TrackPointExtension>
            <ns3:hr>82</ns3:hr>
            <ns3:cad>0</ns3:cad>
          </ns3:TrackPointExtension>
        </extensions>
      </trkpt>
      <trkpt lat="46.40537358820438385009765625" lon="23.4665720723569393157958984375">
        <ele>662.20001220703125</ele>
        <time>2024-11-10T11:28:56.000Z</time>
        <extensions>
          <ns3:TrackPointExtension>
            <ns3:hr>83</ns3:hr>
            <ns3:cad>0</ns3:cad>
          </ns3:TrackPointExtension>
        </extensions>
      </trkpt>
      <trkpt lat="46.40537551604211330413818359375" lon="23.46656930632889270782470703125">
        <ele>662.4000244140625</ele>
        <time>2024-11-10T11:28:59.000Z</time>
        <extensions>
          <ns3:TrackPointExtension>
            <ns3:hr>83</ns3:hr>
            <ns3:cad>0</ns3:cad>
          </ns3:TrackPointExtension>
        </extensions>
      </trkpt>
      <trkpt lat="46.4053784497082233428955078125" lon="23.46660316921770572662353515625">
        <ele>662</ele>
        <time>2024-11-10T11:29:04.000Z</time>
        <extensions>
          <ns3:TrackPointExtension>
            <ns3:hr>80</ns3:hr>
            <ns3:cad>0</ns3:cad>
          </ns3:TrackPointExtension>
        </extensions>
      </trkpt>
      <trkpt lat="46.40537752769887447357177734375" lon="23.46664558164775371551513671875">
        <ele>662.20001220703125</ele>
        <time>2024-11-10T11:29:07.000Z</time>
        <extensions>
          <ns3:TrackPointExtension>
            <ns3:hr>79</ns3:hr>
            <ns3:cad>0</ns3:cad>
          </ns3:TrackPointExtension>
        </extensions>
      </trkpt>
      <trkpt lat="46.40537836588919162750244140625" lon="23.46667190082371234893798828125">
        <ele>662.20001220703125</ele>
        <time>2024-11-10T11:29:09.000Z</time>
        <extensions>
          <ns3:TrackPointExtension>
            <ns3:hr>83</ns3:hr>
            <ns3:cad>73</ns3:cad>
          </ns3:TrackPointExtension>
        </extensions>
      </trkpt>
      <trkpt lat="46.405379958450794219970703125" lon="23.466683216392993927001953125">
        <ele>662.4000244140625</ele>
        <time>2024-11-10T11:29:11.000Z</time>
        <extensions>
          <ns3:TrackPointExtension>
            <ns3:hr>86</ns3:hr>
            <ns3:cad>75</ns3:cad>
          </ns3:TrackPointExtension>
        </extensions>
      </trkpt>
      <trkpt lat="46.40537870116531848907470703125" lon="23.466696627438068389892578125">
        <ele>662.5999755859375</ele>
        <time>2024-11-10T11:29:12.000Z</time>
        <extensions>
          <ns3:TrackPointExtension>
            <ns3:hr>89</ns3:hr>
            <ns3:cad>75</ns3:cad>
          </ns3:TrackPointExtension>
        </extensions>
      </trkpt>
      <trkpt lat="46.405372582376003265380859375" lon="23.46671481616795063018798828125">
        <ele>662.5999755859375</ele>
        <time>2024-11-10T11:29:14.000Z</time>
        <extensions>
          <ns3:TrackPointExtension>
            <ns3:hr>92</ns3:hr>
            <ns3:cad>78</ns3:cad>
          </ns3:TrackPointExtension>
        </extensions>
      </trkpt>
      <trkpt lat="46.40536545775830745697021484375" lon="23.466728143393993377685546875">
        <ele>662.5999755859375</ele>
        <time>2024-11-10T11:29:16.000Z</time>
        <extensions>
          <ns3:TrackPointExtension>
            <ns3:hr>93</ns3:hr>
            <ns3:cad>75</ns3:cad>
          </ns3:TrackPointExtension>
        </extensions>
      </trkpt>
      <trkpt lat="46.40534735284745693206787109375" lon="23.46676058135926723480224609375">
        <ele>663.4000244140625</ele>
        <time>2024-11-10T11:29:22.000Z</time>
        <extensions>
          <ns3:TrackPointExtension>
            <ns3:hr>92</ns3:hr>
            <ns3:cad>75</ns3:cad>
          </ns3:TrackPointExtension>
        </extensions>
      </trkpt>
      <trkpt lat="46.40534701757133007049560546875" lon="23.46675999462604522705078125">
        <ele>663.5999755859375</ele>
        <time>2024-11-10T11:29:26.000Z</time>
        <extensions>
          <ns3:TrackPointExtension>
            <ns3:hr>93</ns3:hr>
            <ns3:cad>0</ns3:cad>
          </ns3:TrackPointExtension>
        </extensions>
      </trkpt>
      <trkpt lat="46.405349783599376678466796875" lon="23.4667477570474147796630859375">
        <ele>663.79998779296875</ele>
        <time>2024-11-10T11:29:34.000Z</time>
        <extensions>
          <ns3:TrackPointExtension>
            <ns3:hr>92</ns3:hr>
            <ns3:cad>0</ns3:cad>
          </ns3:TrackPointExtension>
        </extensions>
      </trkpt>
      <trkpt lat="46.40536420047283172607421875" lon="23.4667313285171985626220703125">
        <ele>664</ele>
        <time>2024-11-10T11:29:38.000Z</time>
        <extensions>
          <ns3:TrackPointExtension>
            <ns3:hr>84</ns3:hr>
            <ns3:cad>0</ns3:cad>
          </ns3:TrackPointExtension>
        </extensions>
      </trkpt>
      <trkpt lat="46.405375935137271881103515625" lon="23.4667192585766315460205078125">
        <ele>664</ele>
        <time>2024-11-10T11:29:39.000Z</time>
        <extensions>
          <ns3:TrackPointExtension>
            <ns3:hr>80</ns3:hr>
            <ns3:cad>0</ns3:cad>
          </ns3:TrackPointExtension>
        </extensions>
      </trkpt>
      <trkpt lat="46.40538523904979228973388671875" lon="23.46671313978731632232666015625">
        <ele>664</ele>
        <time>2024-11-10T11:29:41.000Z</time>
        <extensions>
          <ns3:TrackPointExtension>
            <ns3:hr>79</ns3:hr>
            <ns3:cad>0</ns3:cad>
          </ns3:TrackPointExtension>
        </extensions>
      </trkpt>
      <trkpt lat="46.405383646488189697265625" lon="23.46673845313489437103271484375">
        <ele>664.20001220703125</ele>
        <time>2024-11-10T11:29:52.000Z</time>
        <extensions>
          <ns3:TrackPointExtension>
            <ns3:hr>82</ns3:hr>
            <ns3:cad>0</ns3:cad>
          </ns3:TrackPointExtension>
        </extensions>
      </trkpt>
      <trkpt lat="46.40538825653493404388427734375" lon="23.466732166707515716552734375">
        <ele>664.20001220703125</ele>
        <time>2024-11-10T11:29:54.000Z</time>
        <extensions>
          <ns3:TrackPointExtension>
            <ns3:hr>87</ns3:hr>
            <ns3:cad>0</ns3:cad>
          </ns3:TrackPointExtension>
        </extensions>
      </trkpt>
      <trkpt lat="46.40538691543042659759521484375" lon="23.46674180589616298675537109375">
        <ele>664.20001220703125</ele>
        <time>2024-11-10T11:29:58.000Z</time>
        <extensions>
          <ns3:TrackPointExtension>
            <ns3:hr>84</ns3:hr>
            <ns3:cad>0</ns3:cad>
          </ns3:TrackPointExtension>
        </extensions>
      </trkpt>
      <trkpt lat="46.40539127402007579803466796875" lon="23.46674281172454357147216796875">
        <ele>664.20001220703125</ele>
        <time>2024-11-10T11:30:01.000Z</time>
        <extensions>
          <ns3:TrackPointExtension>
            <ns3:hr>81</ns3:hr>
            <ns3:cad>0</ns3:cad>
          </ns3:TrackPointExtension>
        </extensions>
      </trkpt>
      <trkpt lat="46.40539127402007579803466796875" lon="23.4667440690100193023681640625">
        <ele>664.20001220703125</ele>
        <time>2024-11-10T11:30:02.000Z</time>
        <extensions>
          <ns3:TrackPointExtension>
            <ns3:hr>78</ns3:hr>
            <ns3:cad>0</ns3:cad>
          </ns3:TrackPointExtension>
        </extensions>
      </trkpt>
      <trkpt lat="46.4053918607532978057861328125" lon="23.46674214117228984832763671875">
        <ele>664.20001220703125</ele>
        <time>2024-11-10T11:30:03.000Z</time>
        <extensions>
          <ns3:TrackPointExtension>
            <ns3:hr>77</ns3:hr>
            <ns3:cad>0</ns3:cad>
          </ns3:TrackPointExtension>
        </extensions>
      </trkpt>
      <trkpt lat="46.40535657294094562530517578125" lon="23.46673258580267429351806640625">
        <ele>664.4000244140625</ele>
        <time>2024-11-10T11:30:10.000Z</time>
        <extensions>
          <ns3:TrackPointExtension>
            <ns3:hr>78</ns3:hr>
            <ns3:cad>0</ns3:cad>
          </ns3:TrackPointExtension>
        </extensions>
      </trkpt>
      <trkpt lat="46.40535305254161357879638671875" lon="23.4667311608791351318359375">
        <ele>664.4000244140625</ele>
        <time>2024-11-10T11:30:12.000Z</time>
        <extensions>
          <ns3:TrackPointExtension>
            <ns3:hr>77</ns3:hr>
            <ns3:cad>0</ns3:cad>
          </ns3:TrackPointExtension>
        </extensions>
      </trkpt>
      <trkpt lat="46.4053489454090595245361328125" lon="23.466730825603008270263671875">
        <ele>664.4000244140625</ele>
        <time>2024-11-10T11:30:14.000Z</time>
        <extensions>
          <ns3:TrackPointExtension>
            <ns3:hr>73</ns3:hr>
            <ns3:cad>0</ns3:cad>
          </ns3:TrackPointExtension>
        </extensions>
      </trkpt>
      <trkpt lat="46.4053420722484588623046875" lon="23.46672269515693187713623046875">
        <ele>664.20001220703125</ele>
        <time>2024-11-10T11:30:19.000Z</time>
        <extensions>
          <ns3:TrackPointExtension>
            <ns3:hr>76</ns3:hr>
            <ns3:cad>0</ns3:cad>
          </ns3:TrackPointExtension>
        </extensions>
      </trkpt>
      <trkpt lat="46.405341736972332000732421875" lon="23.46672152169048786163330078125">
        <ele>664.20001220703125</ele>
        <time>2024-11-10T11:30:20.000Z</time>
        <extensions>
          <ns3:TrackPointExtension>
            <ns3:hr>78</ns3:hr>
            <ns3:cad>0</ns3:cad>
          </ns3:TrackPointExtension>
        </extensions>
      </trkpt>
      <trkpt lat="46.40535171143710613250732421875" lon="23.46672110259532928466796875">
        <ele>664.4000244140625</ele>
        <time>2024-11-10T11:30:27.000Z</time>
        <extensions>
          <ns3:TrackPointExtension>
            <ns3:hr>77</ns3:hr>
            <ns3:cad>0</ns3:cad>
          </ns3:TrackPointExtension>
        </extensions>
      </trkpt>
      <trkpt lat="46.40536813996732234954833984375" lon="23.466718085110187530517578125">
        <ele>664.4000244140625</ele>
        <time>2024-11-10T11:30:38.000Z</time>
        <extensions>
          <ns3:TrackPointExtension>
            <ns3:hr>76</ns3:hr>
            <ns3:cad>0</ns3:cad>
          </ns3:TrackPointExtension>
        </extensions>
      </trkpt>
      <trkpt lat="46.40537836588919162750244140625" lon="23.46672520972788333892822265625">
        <ele>664.5999755859375</ele>
        <time>2024-11-10T11:30:46.000Z</time>
        <extensions>
          <ns3:TrackPointExtension>
            <ns3:hr>75</ns3:hr>
            <ns3:cad>0</ns3:cad>
          </ns3:TrackPointExtension>
        </extensions>
      </trkpt>
      <trkpt lat="46.40534265898168087005615234375" lon="23.46673359163105487823486328125">
        <ele>664.79998779296875</ele>
        <time>2024-11-10T11:30:55.000Z</time>
        <extensions>
          <ns3:TrackPointExtension>
            <ns3:hr>77</ns3:hr>
            <ns3:cad>0</ns3:cad>
          </ns3:TrackPointExtension>
        </extensions>
      </trkpt>
      <trkpt lat="46.40533276833593845367431640625" lon="23.46673459745943546295166015625">
        <ele>664.79998779296875</ele>
        <time>2024-11-10T11:31:02.000Z</time>
        <extensions>
          <ns3:TrackPointExtension>
            <ns3:hr>76</ns3:hr>
            <ns3:cad>0</ns3:cad>
          </ns3:TrackPointExtension>
        </extensions>
      </trkpt>
      <trkpt lat="46.405319608747959136962890625" lon="23.4667350165545940399169921875">
        <ele>664.79998779296875</ele>
        <time>2024-11-10T11:31:06.000Z</time>
        <extensions>
          <ns3:TrackPointExtension>
            <ns3:hr>79</ns3:hr>
            <ns3:cad>0</ns3:cad>
          </ns3:TrackPointExtension>
        </extensions>
      </trkpt>
      <trkpt lat="46.4053165912628173828125" lon="23.466726802289485931396484375">
        <ele>664.5999755859375</ele>
        <time>2024-11-10T11:31:09.000Z</time>
        <extensions>
          <ns3:TrackPointExtension>
            <ns3:hr>76</ns3:hr>
            <ns3:cad>0</ns3:cad>
          </ns3:TrackPointExtension>
        </extensions>
      </trkpt>
      <trkpt lat="46.40531851910054683685302734375" lon="23.46672789193689823150634765625">
        <ele>664.5999755859375</ele>
        <time>2024-11-10T11:31:11.000Z</time>
        <extensions>
          <ns3:TrackPointExtension>
            <ns3:hr>72</ns3:hr>
            <ns3:cad>0</ns3:cad>
          </ns3:TrackPointExtension>
        </extensions>
      </trkpt>
      <trkpt lat="46.40532799065113067626953125" lon="23.4667437337338924407958984375">
        <ele>664.5999755859375</ele>
        <time>2024-11-10T11:31:15.000Z</time>
        <extensions>
          <ns3:TrackPointExtension>
            <ns3:hr>75</ns3:hr>
            <ns3:cad>0</ns3:cad>
          </ns3:TrackPointExtension>
        </extensions>
      </trkpt>
      <trkpt lat="46.405305527150630950927734375" lon="23.4667343460023403167724609375">
        <ele>664.79998779296875</ele>
        <time>2024-11-10T11:31:22.000Z</time>
        <extensions>
          <ns3:TrackPointExtension>
            <ns3:hr>77</ns3:hr>
            <ns3:cad>0</ns3:cad>
          </ns3:TrackPointExtension>
        </extensions>
      </trkpt>
      <trkpt lat="46.4053351990878582000732421875" lon="23.4667390398681163787841796875">
        <ele>664.79998779296875</ele>
        <time>2024-11-10T11:31:27.000Z</time>
        <extensions>
          <ns3:TrackPointExtension>
            <ns3:hr>80</ns3:hr>
            <ns3:cad>0</ns3:cad>
          </ns3:TrackPointExtension>
        </extensions>
      </trkpt>
      <trkpt lat="46.4053777791559696197509765625" lon="23.46675052307546138763427734375">
        <ele>664.79998779296875</ele>
        <time>2024-11-10T11:31:32.000Z</time>
        <extensions>
          <ns3:TrackPointExtension>
            <ns3:hr>78</ns3:hr>
            <ns3:cad>0</ns3:cad>
          </ns3:TrackPointExtension>
        </extensions>
      </trkpt>
      <trkpt lat="46.4053932018578052520751953125" lon="23.46678078174591064453125">
        <ele>664.79998779296875</ele>
        <time>2024-11-10T11:31:38.000Z</time>
        <extensions>
          <ns3:TrackPointExtension>
            <ns3:hr>81</ns3:hr>
            <ns3:cad>0</ns3:cad>
          </ns3:TrackPointExtension>
        </extensions>
      </trkpt>
      <trkpt lat="46.40540032647550106048583984375" lon="23.46678405068814754486083984375">
        <ele>664.79998779296875</ele>
        <time>2024-11-10T11:31:40.000Z</time>
        <extensions>
          <ns3:TrackPointExtension>
            <ns3:hr>80</ns3:hr>
            <ns3:cad>0</ns3:cad>
          </ns3:TrackPointExtension>
        </extensions>
      </trkpt>
      <trkpt lat="46.4054118096828460693359375" lon="23.46678773872554302215576171875">
        <ele>665</ele>
        <time>2024-11-10T11:31:51.000Z</time>
        <extensions>
          <ns3:TrackPointExtension>
            <ns3:hr>78</ns3:hr>
            <ns3:cad>0</ns3:cad>
          </ns3:TrackPointExtension>
        </extensions>
      </trkpt>
      <trkpt lat="46.4054193533957004547119140625" lon="23.4667906723916530609130859375">
        <ele>665</ele>
        <time>2024-11-10T11:31:54.000Z</time>
        <extensions>
          <ns3:TrackPointExtension>
            <ns3:hr>75</ns3:hr>
            <ns3:cad>0</ns3:cad>
          </ns3:TrackPointExtension>
        </extensions>
      </trkpt>
      <trkpt lat="46.40541239641606807708740234375" lon="23.46676678396761417388916015625">
        <ele>665.20001220703125</ele>
        <time>2024-11-10T11:32:01.000Z</time>
        <extensions>
          <ns3:TrackPointExtension>
            <ns3:hr>73</ns3:hr>
            <ns3:cad>0</ns3:cad>
          </ns3:TrackPointExtension>
        </extensions>
      </trkpt>
      <trkpt lat="46.40536998398602008819580078125" lon="23.466756641864776611328125">
        <ele>665.20001220703125</ele>
        <time>2024-11-10T11:32:11.000Z</time>
        <extensions>
          <ns3:TrackPointExtension>
            <ns3:hr>74</ns3:hr>
            <ns3:cad>0</ns3:cad>
          </ns3:TrackPointExtension>
        </extensions>
      </trkpt>
      <trkpt lat="46.40534115023910999298095703125" lon="23.46668732352554798126220703125">
        <ele>665.20001220703125</ele>
        <time>2024-11-10T11:32:19.000Z</time>
        <extensions>
          <ns3:TrackPointExtension>
            <ns3:hr>75</ns3:hr>
            <ns3:cad>0</ns3:cad>
          </ns3:TrackPointExtension>
        </extensions>
      </trkpt>
      <trkpt lat="46.40537400729954242706298828125" lon="23.46667760051786899566650390625">
        <ele>665</ele>
        <time>2024-11-10T11:32:27.000Z</time>
        <extensions>
          <ns3:TrackPointExtension>
            <ns3:hr>77</ns3:hr>
            <ns3:cad>0</ns3:cad>
          </ns3:TrackPointExtension>
        </extensions>
      </trkpt>
      <trkpt lat="46.40537719242274761199951171875" lon="23.46668179146945476531982421875">
        <ele>664.79998779296875</ele>
        <time>2024-11-10T11:32:30.000Z</time>
        <extensions>
          <ns3:TrackPointExtension>
            <ns3:hr>81</ns3:hr>
            <ns3:cad>0</ns3:cad>
          </ns3:TrackPointExtension>
        </extensions>
      </trkpt>
      <trkpt lat="46.4053740911185741424560546875" lon="23.46668363548815250396728515625">
        <ele>664.79998779296875</ele>
        <time>2024-11-10T11:32:38.000Z</time>
        <extensions>
          <ns3:TrackPointExtension>
            <ns3:hr>80</ns3:hr>
            <ns3:cad>0</ns3:cad>
          </ns3:TrackPointExtension>
        </extensions>
      </trkpt>
      <trkpt lat="46.40533444471657276153564453125" lon="23.46669821999967098236083984375">
        <ele>664.5999755859375</ele>
        <time>2024-11-10T11:32:46.000Z</time>
        <extensions>
          <ns3:TrackPointExtension>
            <ns3:hr>80</ns3:hr>
            <ns3:cad>0</ns3:cad>
          </ns3:TrackPointExtension>
        </extensions>
      </trkpt>
      <trkpt lat="46.40532840974628925323486328125" lon="23.466681875288486480712890625">
        <ele>665</ele>
        <time>2024-11-10T11:32:55.000Z</time>
        <extensions>
          <ns3:TrackPointExtension>
            <ns3:hr>80</ns3:hr>
            <ns3:cad>0</ns3:cad>
          </ns3:TrackPointExtension>
        </extensions>
      </trkpt>
      <trkpt lat="46.4053690619766712188720703125" lon="23.46666636876761913299560546875">
        <ele>664.4000244140625</ele>
        <time>2024-11-10T11:33:01.000Z</time>
        <extensions>
          <ns3:TrackPointExtension>
            <ns3:hr>81</ns3:hr>
            <ns3:cad>0</ns3:cad>
          </ns3:TrackPointExtension>
        </extensions>
      </trkpt>
      <trkpt lat="46.40534584410488605499267578125" lon="23.46668782643973827362060546875">
        <ele>664.79998779296875</ele>
        <time>2024-11-10T11:33:06.000Z</time>
        <extensions>
          <ns3:TrackPointExtension>
            <ns3:hr>81</ns3:hr>
            <ns3:cad>0</ns3:cad>
          </ns3:TrackPointExtension>
        </extensions>
      </trkpt>
      <trkpt lat="46.40534944832324981689453125" lon="23.46664910204708576202392578125">
        <ele>664.79998779296875</ele>
        <time>2024-11-10T11:33:14.000Z</time>
        <extensions>
          <ns3:TrackPointExtension>
            <ns3:hr>79</ns3:hr>
            <ns3:cad>0</ns3:cad>
          </ns3:TrackPointExtension>
        </extensions>
      </trkpt>
      <trkpt lat="46.40535372309386730194091796875" lon="23.46666854806244373321533203125">
        <ele>665</ele>
        <time>2024-11-10T11:33:26.000Z</time>
        <extensions>
          <ns3:TrackPointExtension>
            <ns3:hr>77</ns3:hr>
            <ns3:cad>0</ns3:cad>
          </ns3:TrackPointExtension>
        </extensions>
      </trkpt>
      <trkpt lat="46.40535414218902587890625" lon="23.46667005680501461029052734375">
        <ele>665</ele>
        <time>2024-11-10T11:33:29.000Z</time>
        <extensions>
          <ns3:TrackPointExtension>
            <ns3:hr>80</ns3:hr>
            <ns3:cad>0</ns3:cad>
          </ns3:TrackPointExtension>
        </extensions>
      </trkpt>
      <trkpt lat="46.4053472690284252166748046875" lon="23.466669805347919464111328125">
        <ele>664.79998779296875</ele>
        <time>2024-11-10T11:33:36.000Z</time>
        <extensions>
          <ns3:TrackPointExtension>
            <ns3:hr>76</ns3:hr>
            <ns3:cad>0</ns3:cad>
          </ns3:TrackPointExtension>
        </extensions>
      </trkpt>
      <trkpt lat="46.405331678688526153564453125" lon="23.46665932796895503997802734375">
        <ele>664.79998779296875</ele>
        <time>2024-11-10T11:33:40.000Z</time>
        <extensions>
          <ns3:TrackPointExtension>
            <ns3:hr>74</ns3:hr>
            <ns3:cad>0</ns3:cad>
          </ns3:TrackPointExtension>
        </extensions>
      </trkpt>
      <trkpt lat="46.4053351990878582000732421875" lon="23.46667927689850330352783203125">
        <ele>665</ele>
        <time>2024-11-10T11:33:46.000Z</time>
        <extensions>
          <ns3:TrackPointExtension>
            <ns3:hr>74</ns3:hr>
            <ns3:cad>0</ns3:cad>
          </ns3:TrackPointExtension>
        </extensions>
      </trkpt>
      <trkpt lat="46.405339054763317108154296875" lon="23.46668623387813568115234375">
        <ele>664.79998779296875</ele>
        <time>2024-11-10T11:33:52.000Z</time>
        <extensions>
          <ns3:TrackPointExtension>
            <ns3:hr>77</ns3:hr>
            <ns3:cad>0</ns3:cad>
          </ns3:TrackPointExtension>
        </extensions>
      </trkpt>
      <trkpt lat="46.4053368754684925079345703125" lon="23.46668296493589878082275390625">
        <ele>664.5999755859375</ele>
        <time>2024-11-10T11:33:53.000Z</time>
        <extensions>
          <ns3:TrackPointExtension>
            <ns3:hr>80</ns3:hr>
            <ns3:cad>0</ns3:cad>
          </ns3:TrackPointExtension>
        </extensions>
      </trkpt>
      <trkpt lat="46.4053348638117313385009765625" lon="23.466679863631725311279296875">
        <ele>664.5999755859375</ele>
        <time>2024-11-10T11:33:54.000Z</time>
        <extensions>
          <ns3:TrackPointExtension>
            <ns3:hr>81</ns3:hr>
            <ns3:cad>0</ns3:cad>
          </ns3:TrackPointExtension>
        </extensions>
      </trkpt>
      <trkpt lat="46.40533343888819217681884765625" lon="23.46667810343205928802490234375">
        <ele>664.5999755859375</ele>
        <time>2024-11-10T11:33:55.000Z</time>
        <extensions>
          <ns3:TrackPointExtension>
            <ns3:hr>84</ns3:hr>
            <ns3:cad>0</ns3:cad>
          </ns3:TrackPointExtension>
        </extensions>
      </trkpt>
      <trkpt lat="46.40533343888819217681884765625" lon="23.46667810343205928802490234375">
        <ele>664.5999755859375</ele>
        <time>2024-11-10T11:33:58.000Z</time>
        <extensions>
          <ns3:TrackPointExtension>
            <ns3:hr>80</ns3:hr>
            <ns3:cad>0</ns3:cad>
          </ns3:TrackPointExtension>
        </extensions>
      </trkpt>
      <trkpt lat="46.405355818569660186767578125" lon="23.4666860662400722503662109375">
        <ele>664.5999755859375</ele>
        <time>2024-11-10T11:34:04.000Z</time>
        <extensions>
          <ns3:TrackPointExtension>
            <ns3:hr>78</ns3:hr>
            <ns3:cad>0</ns3:cad>
          </ns3:TrackPointExtension>
        </extensions>
      </trkpt>
      <trkpt lat="46.40537065453827381134033203125" lon="23.46669687889516353607177734375">
        <ele>664.4000244140625</ele>
        <time>2024-11-10T11:34:14.000Z</time>
        <extensions>
          <ns3:TrackPointExtension>
            <ns3:hr>77</ns3:hr>
            <ns3:cad>0</ns3:cad>
          </ns3:TrackPointExtension>
        </extensions>
      </trkpt>
      <trkpt lat="46.40537668950855731964111328125" lon="23.4666190110146999359130859375">
        <ele>664.20001220703125</ele>
        <time>2024-11-10T11:34:23.000Z</time>
        <extensions>
          <ns3:TrackPointExtension>
            <ns3:hr>77</ns3:hr>
            <ns3:cad>0</ns3:cad>
          </ns3:TrackPointExtension>
        </extensions>
      </trkpt>
      <trkpt lat="46.40538658015429973602294921875" lon="23.46658254973590373992919921875">
        <ele>664</ele>
        <time>2024-11-10T11:34:26.000Z</time>
        <extensions>
          <ns3:TrackPointExtension>
            <ns3:hr>80</ns3:hr>
            <ns3:cad>50</ns3:cad>
          </ns3:TrackPointExtension>
        </extensions>
      </trkpt>
      <trkpt lat="46.40539093874394893646240234375" lon="23.46656008623540401458740234375">
        <ele>663.79998779296875</ele>
        <time>2024-11-10T11:34:28.000Z</time>
        <extensions>
          <ns3:TrackPointExtension>
            <ns3:hr>85</ns3:hr>
            <ns3:cad>47</ns3:cad>
          </ns3:TrackPointExtension>
        </extensions>
      </trkpt>
      <trkpt lat="46.405396051704883575439453125" lon="23.4665268100798130035400390625">
        <ele>663.5999755859375</ele>
        <time>2024-11-10T11:34:31.000Z</time>
        <extensions>
          <ns3:TrackPointExtension>
            <ns3:hr>88</ns3:hr>
            <ns3:cad>46</ns3:cad>
          </ns3:TrackPointExtension>
        </extensions>
      </trkpt>
      <trkpt lat="46.4053930342197418212890625" lon="23.46650920808315277099609375">
        <ele>663.5999755859375</ele>
        <time>2024-11-10T11:34:32.000Z</time>
        <extensions>
          <ns3:TrackPointExtension>
            <ns3:hr>88</ns3:hr>
            <ns3:cad>46</ns3:cad>
          </ns3:TrackPointExtension>
        </extensions>
      </trkpt>
      <trkpt lat="46.40538557432591915130615234375" lon="23.466445170342922210693359375">
        <ele>663.20001220703125</ele>
        <time>2024-11-10T11:34:37.000Z</time>
        <extensions>
          <ns3:TrackPointExtension>
            <ns3:hr>89</ns3:hr>
            <ns3:cad>49</ns3:cad>
          </ns3:TrackPointExtension>
        </extensions>
      </trkpt>
      <trkpt lat="46.40537635423243045806884765625" lon="23.46643301658332347869873046875">
        <ele>663.20001220703125</ele>
        <time>2024-11-10T11:34:38.000Z</time>
        <extensions>
          <ns3:TrackPointExtension>
            <ns3:hr>89</ns3:hr>
            <ns3:cad>48</ns3:cad>
          </ns3:TrackPointExtension>
        </extensions>
      </trkpt>
      <trkpt lat="46.40535640530288219451904296875" lon="23.4663940407335758209228515625">
        <ele>663.20001220703125</ele>
        <time>2024-11-10T11:34:41.000Z</time>
        <extensions>
          <ns3:TrackPointExtension>
            <ns3:hr>89</ns3:hr>
            <ns3:cad>47</ns3:cad>
          </ns3:TrackPointExtension>
        </extensions>
      </trkpt>
      <trkpt lat="46.40535724349319934844970703125" lon="23.4663926996290683746337890625">
        <ele>663.4000244140625</ele>
        <time>2024-11-10T11:34:47.000Z</time>
        <extensions>
          <ns3:TrackPointExtension>
            <ns3:hr>92</ns3:hr>
            <ns3:cad>0</ns3:cad>
          </ns3:TrackPointExtension>
        </extensions>
      </trkpt>
      <trkpt lat="46.40532237477600574493408203125" lon="23.46634131856262683868408203125">
        <ele>663.4000244140625</ele>
        <time>2024-11-10T11:34:53.000Z</time>
        <extensions>
          <ns3:TrackPointExtension>
            <ns3:hr>91</ns3:hr>
            <ns3:cad>0</ns3:cad>
          </ns3:TrackPointExtension>
        </extensions>
      </trkpt>
      <trkpt lat="46.405268646776676177978515625" lon="23.466273508965969085693359375">
        <ele>663</ele>
        <time>2024-11-10T11:35:01.000Z</time>
        <extensions>
          <ns3:TrackPointExtension>
            <ns3:hr>89</ns3:hr>
            <ns3:cad>0</ns3:cad>
          </ns3:TrackPointExtension>
        </extensions>
      </trkpt>
      <trkpt lat="46.4052803814411163330078125" lon="23.46630326472222805023193359375">
        <ele>663</ele>
        <time>2024-11-10T11:35:08.000Z</time>
        <extensions>
          <ns3:TrackPointExtension>
            <ns3:hr>89</ns3:hr>
            <ns3:cad>0</ns3:cad>
          </ns3:TrackPointExtension>
        </extensions>
      </trkpt>
      <trkpt lat="46.40528096817433834075927734375" lon="23.46629622392356395721435546875">
        <ele>662.79998779296875</ele>
        <time>2024-11-10T11:35:16.000Z</time>
        <extensions>
          <ns3:TrackPointExtension>
            <ns3:hr>85</ns3:hr>
            <ns3:cad>0</ns3:cad>
          </ns3:TrackPointExtension>
        </extensions>
      </trkpt>
      <trkpt lat="46.40528113581240177154541015625" lon="23.46629689447581768035888671875">
        <ele>662.79998779296875</ele>
        <time>2024-11-10T11:35:17.000Z</time>
        <extensions>
          <ns3:TrackPointExtension>
            <ns3:hr>82</ns3:hr>
            <ns3:cad>0</ns3:cad>
          </ns3:TrackPointExtension>
        </extensions>
      </trkpt>
      <trkpt lat="46.40528130345046520233154296875" lon="23.46629622392356395721435546875">
        <ele>662.79998779296875</ele>
        <time>2024-11-10T11:35:21.000Z</time>
        <extensions>
          <ns3:TrackPointExtension>
            <ns3:hr>80</ns3:hr>
            <ns3:cad>0</ns3:cad>
          </ns3:TrackPointExtension>
        </extensions>
      </trkpt>
      <trkpt lat="46.4052657969295978546142578125" lon="23.46628465689718723297119140625">
        <ele>662.5999755859375</ele>
        <time>2024-11-10T11:35:31.000Z</time>
        <extensions>
          <ns3:TrackPointExtension>
            <ns3:hr>78</ns3:hr>
            <ns3:cad>0</ns3:cad>
          </ns3:TrackPointExtension>
        </extensions>
      </trkpt>
      <trkpt lat="46.40522874891757965087890625" lon="23.46626487560570240020751953125">
        <ele>662.4000244140625</ele>
        <time>2024-11-10T11:35:37.000Z</time>
        <extensions>
          <ns3:TrackPointExtension>
            <ns3:hr>79</ns3:hr>
            <ns3:cad>0</ns3:cad>
          </ns3:TrackPointExtension>
        </extensions>
      </trkpt>
      <trkpt lat="46.40519061125814914703369140625" lon="23.46622087061405181884765625">
        <ele>662.20001220703125</ele>
        <time>2024-11-10T11:35:43.000Z</time>
        <extensions>
          <ns3:TrackPointExtension>
            <ns3:hr>79</ns3:hr>
            <ns3:cad>41</ns3:cad>
          </ns3:TrackPointExtension>
        </extensions>
      </trkpt>
      <trkpt lat="46.40518181025981903076171875" lon="23.4661960601806640625">
        <ele>662</ele>
        <time>2024-11-10T11:35:46.000Z</time>
        <extensions>
          <ns3:TrackPointExtension>
            <ns3:hr>77</ns3:hr>
            <ns3:cad>0</ns3:cad>
          </ns3:TrackPointExtension>
        </extensions>
      </trkpt>
      <trkpt lat="46.4051457680761814117431640625" lon="23.46611685119569301605224609375">
        <ele>661.4000244140625</ele>
        <time>2024-11-10T11:35:56.000Z</time>
        <extensions>
          <ns3:TrackPointExtension>
            <ns3:hr>79</ns3:hr>
            <ns3:cad>0</ns3:cad>
          </ns3:TrackPointExtension>
        </extensions>
      </trkpt>
      <trkpt lat="46.40511617995798587799072265625" lon="23.4661020152270793914794921875">
        <ele>661.20001220703125</ele>
        <time>2024-11-10T11:36:01.000Z</time>
        <extensions>
          <ns3:TrackPointExtension>
            <ns3:hr>78</ns3:hr>
            <ns3:cad>0</ns3:cad>
          </ns3:TrackPointExtension>
        </extensions>
      </trkpt>
      <trkpt lat="46.40510226599872112274169921875" lon="23.46610042266547679901123046875">
        <ele>660.5999755859375</ele>
        <time>2024-11-10T11:36:07.000Z</time>
        <extensions>
          <ns3:TrackPointExtension>
            <ns3:hr>78</ns3:hr>
            <ns3:cad>42</ns3:cad>
          </ns3:TrackPointExtension>
        </extensions>
      </trkpt>
      <trkpt lat="46.40503403730690479278564453125" lon="23.4660839103162288665771484375">
        <ele>660.20001220703125</ele>
        <time>2024-11-10T11:36:14.000Z</time>
        <extensions>
          <ns3:TrackPointExtension>
            <ns3:hr>77</ns3:hr>
            <ns3:cad>46</ns3:cad>
          </ns3:TrackPointExtension>
        </extensions>
      </trkpt>
      <trkpt lat="46.40502179972827434539794921875" lon="23.46607577987015247344970703125">
        <ele>660</ele>
        <time>2024-11-10T11:36:16.000Z</time>
        <extensions>
          <ns3:TrackPointExtension>
            <ns3:hr>77</ns3:hr>
            <ns3:cad>0</ns3:cad>
          </ns3:TrackPointExtension>
        </extensions>
      </trkpt>
      <trkpt lat="46.40500637702643871307373046875" lon="23.4660420008003711700439453125">
        <ele>660</ele>
        <time>2024-11-10T11:36:22.000Z</time>
        <extensions>
          <ns3:TrackPointExtension>
            <ns3:hr>80</ns3:hr>
            <ns3:cad>0</ns3:cad>
          </ns3:TrackPointExtension>
        </extensions>
      </trkpt>
      <trkpt lat="46.4049999229609966278076171875" lon="23.46603537909686565399169921875">
        <ele>660</ele>
        <time>2024-11-10T11:36:23.000Z</time>
        <extensions>
          <ns3:TrackPointExtension>
            <ns3:hr>81</ns3:hr>
            <ns3:cad>0</ns3:cad>
          </ns3:TrackPointExtension>
        </extensions>
      </trkpt>
      <trkpt lat="46.4049516431987285614013671875" lon="23.466028757393360137939453125">
        <ele>659.79998779296875</ele>
        <time>2024-11-10T11:36:32.000Z</time>
        <extensions>
          <ns3:TrackPointExtension>
            <ns3:hr>82</ns3:hr>
            <ns3:cad>0</ns3:cad>
          </ns3:TrackPointExtension>
        </extensions>
      </trkpt>
      <trkpt lat="46.40492725186049938201904296875" lon="23.46603672020137310028076171875">
        <ele>659.79998779296875</ele>
        <time>2024-11-10T11:36:40.000Z</time>
        <extensions>
          <ns3:TrackPointExtension>
            <ns3:hr>77</ns3:hr>
            <ns3:cad>0</ns3:cad>
          </ns3:TrackPointExtension>
        </extensions>
      </trkpt>
      <trkpt lat="46.40492859296500682830810546875" lon="23.46604116261005401611328125">
        <ele>659.79998779296875</ele>
        <time>2024-11-10T11:36:41.000Z</time>
        <extensions>
          <ns3:TrackPointExtension>
            <ns3:hr>77</ns3:hr>
            <ns3:cad>0</ns3:cad>
          </ns3:TrackPointExtension>
        </extensions>
      </trkpt>
      <trkpt lat="46.40494401566684246063232421875" lon="23.4660869278013706207275390625">
        <ele>659.5999755859375</ele>
        <time>2024-11-10T11:36:48.000Z</time>
        <extensions>
          <ns3:TrackPointExtension>
            <ns3:hr>73</ns3:hr>
            <ns3:cad>0</ns3:cad>
          </ns3:TrackPointExtension>
        </extensions>
      </trkpt>
      <trkpt lat="46.40493663959205150604248046875" lon="23.46610059030354022979736328125">
        <ele>659.5999755859375</ele>
        <time>2024-11-10T11:36:50.000Z</time>
        <extensions>
          <ns3:TrackPointExtension>
            <ns3:hr>69</ns3:hr>
            <ns3:cad>0</ns3:cad>
          </ns3:TrackPointExtension>
        </extensions>
      </trkpt>
      <trkpt lat="46.40494368039071559906005859375" lon="23.46609153784811496734619140625">
        <ele>659.79998779296875</ele>
        <time>2024-11-10T11:36:52.000Z</time>
        <extensions>
          <ns3:TrackPointExtension>
            <ns3:hr>68</ns3:hr>
            <ns3:cad>0</ns3:cad>
          </ns3:TrackPointExtension>
        </extensions>
      </trkpt>
      <trkpt lat="46.40499095432460308074951171875" lon="23.46601760946214199066162109375">
        <ele>659.5999755859375</ele>
        <time>2024-11-10T11:37:01.000Z</time>
        <extensions>
          <ns3:TrackPointExtension>
            <ns3:hr>67</ns3:hr>
            <ns3:cad>0</ns3:cad>
          </ns3:TrackPointExtension>
        </extensions>
      </trkpt>
      <trkpt lat="46.40498626045882701873779296875" lon="23.466024063527584075927734375">
        <ele>659.79998779296875</ele>
        <time>2024-11-10T11:37:04.000Z</time>
        <extensions>
          <ns3:TrackPointExtension>
            <ns3:hr>70</ns3:hr>
            <ns3:cad>0</ns3:cad>
          </ns3:TrackPointExtension>
        </extensions>
      </trkpt>
      <trkpt lat="46.40494703315198421478271484375" lon="23.46596698276698589324951171875">
        <ele>659.79998779296875</ele>
        <time>2024-11-10T11:37:09.000Z</time>
        <extensions>
          <ns3:TrackPointExtension>
            <ns3:hr>69</ns3:hr>
            <ns3:cad>0</ns3:cad>
          </ns3:TrackPointExtension>
        </extensions>
      </trkpt>
      <trkpt lat="46.4048700034618377685546875" lon="23.46591702662408351898193359375">
        <ele>660</ele>
        <time>2024-11-10T11:37:17.000Z</time>
        <extensions>
          <ns3:TrackPointExtension>
            <ns3:hr>73</ns3:hr>
            <ns3:cad>40</ns3:cad>
          </ns3:TrackPointExtension>
        </extensions>
      </trkpt>
      <trkpt lat="46.40486673451960086822509765625" lon="23.465909063816070556640625">
        <ele>660</ele>
        <time>2024-11-10T11:37:18.000Z</time>
        <extensions>
          <ns3:TrackPointExtension>
            <ns3:hr>74</ns3:hr>
            <ns3:cad>79</ns3:cad>
          </ns3:TrackPointExtension>
        </extensions>
      </trkpt>
      <trkpt lat="46.40486371703445911407470703125" lon="23.46585600636899471282958984375">
        <ele>660.20001220703125</ele>
        <time>2024-11-10T11:37:22.000Z</time>
        <extensions>
          <ns3:TrackPointExtension>
            <ns3:hr>77</ns3:hr>
            <ns3:cad>40</ns3:cad>
          </ns3:TrackPointExtension>
        </extensions>
      </trkpt>
      <trkpt lat="46.404866985976696014404296875" lon="23.46581242047250270843505859375">
        <ele>660.4000244140625</ele>
        <time>2024-11-10T11:37:25.000Z</time>
        <extensions>
          <ns3:TrackPointExtension>
            <ns3:hr>79</ns3:hr>
            <ns3:cad>79</ns3:cad>
          </ns3:TrackPointExtension>
        </extensions>
      </trkpt>
      <trkpt lat="46.4048735238611698150634765625" lon="23.4657871909439563751220703125">
        <ele>660.20001220703125</ele>
        <time>2024-11-10T11:37:28.000Z</time>
        <extensions>
          <ns3:TrackPointExtension>
            <ns3:hr>84</ns3:hr>
            <ns3:cad>0</ns3:cad>
          </ns3:TrackPointExtension>
        </extensions>
      </trkpt>
      <trkpt lat="46.404875703155994415283203125" lon="23.46577554009854793548583984375">
        <ele>660.20001220703125</ele>
        <time>2024-11-10T11:37:29.000Z</time>
        <extensions>
          <ns3:TrackPointExtension>
            <ns3:hr>87</ns3:hr>
            <ns3:cad>0</ns3:cad>
          </ns3:TrackPointExtension>
        </extensions>
      </trkpt>
      <trkpt lat="46.4048765413463115692138671875" lon="23.4657640568912029266357421875">
        <ele>660.20001220703125</ele>
        <time>2024-11-10T11:37:30.000Z</time>
        <extensions>
          <ns3:TrackPointExtension>
            <ns3:hr>87</ns3:hr>
            <ns3:cad>0</ns3:cad>
          </ns3:TrackPointExtension>
        </extensions>
      </trkpt>
      <trkpt lat="46.40488148666918277740478515625" lon="23.46571200527250766754150390625">
        <ele>660.20001220703125</ele>
        <time>2024-11-10T11:37:35.000Z</time>
        <extensions>
          <ns3:TrackPointExtension>
            <ns3:hr>87</ns3:hr>
            <ns3:cad>42</ns3:cad>
          </ns3:TrackPointExtension>
        </extensions>
      </trkpt>
      <trkpt lat="46.40489305369555950164794921875" lon="23.46562181599438190460205078125">
        <ele>659.79998779296875</ele>
        <time>2024-11-10T11:37:42.000Z</time>
        <extensions>
          <ns3:TrackPointExtension>
            <ns3:hr>81</ns3:hr>
            <ns3:cad>45</ns3:cad>
          </ns3:TrackPointExtension>
        </extensions>
      </trkpt>
      <trkpt lat="46.40489573590457439422607421875" lon="23.46560589037835597991943359375">
        <ele>659.5999755859375</ele>
        <time>2024-11-10T11:37:44.000Z</time>
        <extensions>
          <ns3:TrackPointExtension>
            <ns3:hr>78</ns3:hr>
            <ns3:cad>46</ns3:cad>
          </ns3:TrackPointExtension>
        </extensions>
      </trkpt>
      <trkpt lat="46.40489674173295497894287109375" lon="23.4655830077826976776123046875">
        <ele>659.20001220703125</ele>
        <time>2024-11-10T11:37:46.000Z</time>
        <extensions>
          <ns3:TrackPointExtension>
            <ns3:hr>81</ns3:hr>
            <ns3:cad>48</ns3:cad>
          </ns3:TrackPointExtension>
        </extensions>
      </trkpt>
      <trkpt lat="46.40490093268454074859619140625" lon="23.46554453484714031219482421875">
        <ele>659.20001220703125</ele>
        <time>2024-11-10T11:37:50.000Z</time>
        <extensions>
          <ns3:TrackPointExtension>
            <ns3:hr>83</ns3:hr>
            <ns3:cad>0</ns3:cad>
          </ns3:TrackPointExtension>
        </extensions>
      </trkpt>
      <trkpt lat="46.4049003459513187408447265625" lon="23.4655069001019001007080078125">
        <ele>659</ele>
        <time>2024-11-10T11:37:55.000Z</time>
        <extensions>
          <ns3:TrackPointExtension>
            <ns3:hr>83</ns3:hr>
            <ns3:cad>41</ns3:cad>
          </ns3:TrackPointExtension>
        </extensions>
      </trkpt>
      <trkpt lat="46.40489120967686176300048828125" lon="23.46542316488921642303466796875">
        <ele>658.5999755859375</ele>
        <time>2024-11-10T11:38:03.000Z</time>
        <extensions>
          <ns3:TrackPointExtension>
            <ns3:hr>82</ns3:hr>
            <ns3:cad>43</ns3:cad>
          </ns3:TrackPointExtension>
        </extensions>
      </trkpt>
      <trkpt lat="46.40489757992327213287353515625" lon="23.46537136472761631011962890625">
        <ele>658.5999755859375</ele>
        <time>2024-11-10T11:38:07.000Z</time>
        <extensions>
          <ns3:TrackPointExtension>
            <ns3:hr>85</ns3:hr>
            <ns3:cad>46</ns3:cad>
          </ns3:TrackPointExtension>
        </extensions>
      </trkpt>
      <trkpt lat="46.404911577701568603515625" lon="23.46530179493129253387451171875">
        <ele>658.5999755859375</ele>
        <time>2024-11-10T11:38:14.000Z</time>
        <extensions>
          <ns3:TrackPointExtension>
            <ns3:hr>85</ns3:hr>
            <ns3:cad>40</ns3:cad>
          </ns3:TrackPointExtension>
        </extensions>
      </trkpt>
      <trkpt lat="46.4049087278544902801513671875" lon="23.4652068279683589935302734375">
        <ele>658.4000244140625</ele>
        <time>2024-11-10T11:38:24.000Z</time>
        <extensions>
          <ns3:TrackPointExtension>
            <ns3:hr>83</ns3:hr>
            <ns3:cad>41</ns3:cad>
          </ns3:TrackPointExtension>
        </extensions>
      </trkpt>
      <trkpt lat="46.4049033634364604949951171875" lon="23.465116135776042938232421875">
        <ele>658</ele>
        <time>2024-11-10T11:38:29.000Z</time>
        <extensions>
          <ns3:TrackPointExtension>
            <ns3:hr>81</ns3:hr>
            <ns3:cad>46</ns3:cad>
          </ns3:TrackPointExtension>
        </extensions>
      </trkpt>
      <trkpt lat="46.4048976637423038482666015625" lon="23.4650896489620208740234375">
        <ele>658</ele>
        <time>2024-11-10T11:38:31.000Z</time>
        <extensions>
          <ns3:TrackPointExtension>
            <ns3:hr>81</ns3:hr>
            <ns3:cad>46</ns3:cad>
          </ns3:TrackPointExtension>
        </extensions>
      </trkpt>
      <trkpt lat="46.40483924187719821929931640625" lon="23.4650130383670330047607421875">
        <ele>657.20001220703125</ele>
        <time>2024-11-10T11:38:40.000Z</time>
        <extensions>
          <ns3:TrackPointExtension>
            <ns3:hr>82</ns3:hr>
            <ns3:cad>48</ns3:cad>
          </ns3:TrackPointExtension>
        </extensions>
      </trkpt>
      <trkpt lat="46.404824741184711456298828125" lon="23.46500490792095661163330078125">
        <ele>657</ele>
        <time>2024-11-10T11:38:43.000Z</time>
        <extensions>
          <ns3:TrackPointExtension>
            <ns3:hr>82</ns3:hr>
            <ns3:cad>0</ns3:cad>
          </ns3:TrackPointExtension>
        </extensions>
      </trkpt>
      <trkpt lat="46.404779814183712005615234375" lon="23.4649976156651973724365234375">
        <ele>656.20001220703125</ele>
        <time>2024-11-10T11:38:49.000Z</time>
        <extensions>
          <ns3:TrackPointExtension>
            <ns3:hr>82</ns3:hr>
            <ns3:cad>0</ns3:cad>
          </ns3:TrackPointExtension>
        </extensions>
      </trkpt>
      <trkpt lat="46.40476766042411327362060546875" lon="23.46500180661678314208984375">
        <ele>656</ele>
        <time>2024-11-10T11:38:55.000Z</time>
        <extensions>
          <ns3:TrackPointExtension>
            <ns3:hr>83</ns3:hr>
            <ns3:cad>0</ns3:cad>
          </ns3:TrackPointExtension>
        </extensions>
      </trkpt>
      <trkpt lat="46.40475827269256114959716796875" lon="23.46499820239841938018798828125">
        <ele>656</ele>
        <time>2024-11-10T11:38:56.000Z</time>
        <extensions>
          <ns3:TrackPointExtension>
            <ns3:hr>84</ns3:hr>
            <ns3:cad>0</ns3:cad>
          </ns3:TrackPointExtension>
        </extensions>
      </trkpt>
      <trkpt lat="46.40468828380107879638671875" lon="23.46492578275501728057861328125">
        <ele>655.4000244140625</ele>
        <time>2024-11-10T11:39:04.000Z</time>
        <extensions>
          <ns3:TrackPointExtension>
            <ns3:hr>86</ns3:hr>
            <ns3:cad>47</ns3:cad>
          </ns3:TrackPointExtension>
        </extensions>
      </trkpt>
      <trkpt lat="46.40466992743313312530517578125" lon="23.4648789279162883758544921875">
        <ele>655</ele>
        <time>2024-11-10T11:39:09.000Z</time>
        <extensions>
          <ns3:TrackPointExtension>
            <ns3:hr>86</ns3:hr>
            <ns3:cad>50</ns3:cad>
          </ns3:TrackPointExtension>
        </extensions>
      </trkpt>
      <trkpt lat="46.4046512357890605926513671875" lon="23.46483148634433746337890625">
        <ele>654.79998779296875</ele>
        <time>2024-11-10T11:39:13.000Z</time>
        <extensions>
          <ns3:TrackPointExtension>
            <ns3:hr>85</ns3:hr>
            <ns3:cad>46</ns3:cad>
          </ns3:TrackPointExtension>
        </extensions>
      </trkpt>
      <trkpt lat="46.40461452305316925048828125" lon="23.4647488407790660858154296875">
        <ele>654.4000244140625</ele>
        <time>2024-11-10T11:39:20.000Z</time>
        <extensions>
          <ns3:TrackPointExtension>
            <ns3:hr>82</ns3:hr>
            <ns3:cad>43</ns3:cad>
          </ns3:TrackPointExtension>
        </extensions>
      </trkpt>
      <trkpt lat="46.4046103321015834808349609375" lon="23.46472931094467639923095703125">
        <ele>654.20001220703125</ele>
        <time>2024-11-10T11:39:22.000Z</time>
        <extensions>
          <ns3:TrackPointExtension>
            <ns3:hr>80</ns3:hr>
            <ns3:cad>45</ns3:cad>
          </ns3:TrackPointExtension>
        </extensions>
      </trkpt>
      <trkpt lat="46.4045982621610164642333984375" lon="23.4647012315690517425537109375">
        <ele>653.79998779296875</ele>
        <time>2024-11-10T11:39:25.000Z</time>
        <extensions>
          <ns3:TrackPointExtension>
            <ns3:hr>79</ns3:hr>
            <ns3:cad>46</ns3:cad>
          </ns3:TrackPointExtension>
        </extensions>
      </trkpt>
      <trkpt lat="46.40456716530025005340576171875" lon="23.46463157795369625091552734375">
        <ele>653.4000244140625</ele>
        <time>2024-11-10T11:39:32.000Z</time>
        <extensions>
          <ns3:TrackPointExtension>
            <ns3:hr>77</ns3:hr>
            <ns3:cad>43</ns3:cad>
          </ns3:TrackPointExtension>
        </extensions>
      </trkpt>
      <trkpt lat="46.40457605011761188507080078125" lon="23.464625291526317596435546875">
        <ele>652.79998779296875</ele>
        <time>2024-11-10T11:39:36.000Z</time>
        <extensions>
          <ns3:TrackPointExtension>
            <ns3:hr>77</ns3:hr>
            <ns3:cad>0</ns3:cad>
          </ns3:TrackPointExtension>
        </extensions>
      </trkpt>
      <trkpt lat="46.4045868627727031707763671875" lon="23.46462805755436420440673828125">
        <ele>652.5999755859375</ele>
        <time>2024-11-10T11:39:38.000Z</time>
        <extensions>
          <ns3:TrackPointExtension>
            <ns3:hr>76</ns3:hr>
            <ns3:cad>0</ns3:cad>
          </ns3:TrackPointExtension>
        </extensions>
      </trkpt>
      <trkpt lat="46.40459029935300350189208984375" lon="23.46462805755436420440673828125">
        <ele>652.5999755859375</ele>
        <time>2024-11-10T11:39:39.000Z</time>
        <extensions>
          <ns3:TrackPointExtension>
            <ns3:hr>75</ns3:hr>
            <ns3:cad>0</ns3:cad>
          </ns3:TrackPointExtension>
        </extensions>
      </trkpt>
      <trkpt lat="46.404594071209430694580078125" lon="23.46462495625019073486328125">
        <ele>652.5999755859375</ele>
        <time>2024-11-10T11:39:41.000Z</time>
        <extensions>
          <ns3:TrackPointExtension>
            <ns3:hr>71</ns3:hr>
            <ns3:cad>0</ns3:cad>
          </ns3:TrackPointExtension>
        </extensions>
      </trkpt>
      <trkpt lat="46.40459331683814525604248046875" lon="23.464613221585750579833984375">
        <ele>652.5999755859375</ele>
        <time>2024-11-10T11:39:45.000Z</time>
        <extensions>
          <ns3:TrackPointExtension>
            <ns3:hr>76</ns3:hr>
            <ns3:cad>0</ns3:cad>
          </ns3:TrackPointExtension>
        </extensions>
      </trkpt>
      <trkpt lat="46.40459306538105010986328125" lon="23.46461062319576740264892578125">
        <ele>652.5999755859375</ele>
        <time>2024-11-10T11:39:46.000Z</time>
        <extensions>
          <ns3:TrackPointExtension>
            <ns3:hr>76</ns3:hr>
            <ns3:cad>0</ns3:cad>
          </ns3:TrackPointExtension>
        </extensions>
      </trkpt>
      <trkpt lat="46.404585354030132293701171875" lon="23.46461095847189426422119140625">
        <ele>652.5999755859375</ele>
        <time>2024-11-10T11:39:49.000Z</time>
        <extensions>
          <ns3:TrackPointExtension>
            <ns3:hr>74</ns3:hr>
            <ns3:cad>0</ns3:cad>
          </ns3:TrackPointExtension>
        </extensions>
      </trkpt>
      <trkpt lat="46.4045788161456584930419921875" lon="23.4646148979663848876953125">
        <ele>652.5999755859375</ele>
        <time>2024-11-10T11:39:52.000Z</time>
        <extensions>
          <ns3:TrackPointExtension>
            <ns3:hr>71</ns3:hr>
            <ns3:cad>0</ns3:cad>
          </ns3:TrackPointExtension>
        </extensions>
      </trkpt>
      <trkpt lat="46.404573619365692138671875" lon="23.46461900509893894195556640625">
        <ele>652.5999755859375</ele>
        <time>2024-11-10T11:39:55.000Z</time>
        <extensions>
          <ns3:TrackPointExtension>
            <ns3:hr>74</ns3:hr>
            <ns3:cad>0</ns3:cad>
          </ns3:TrackPointExtension>
        </extensions>
      </trkpt>
      <trkpt lat="46.4045590348541736602783203125" lon="23.46459805034101009368896484375">
        <ele>652.5999755859375</ele>
        <time>2024-11-10T11:40:00.000Z</time>
        <extensions>
          <ns3:TrackPointExtension>
            <ns3:hr>74</ns3:hr>
            <ns3:cad>0</ns3:cad>
          </ns3:TrackPointExtension>
        </extensions>
      </trkpt>
      <trkpt lat="46.4045224897563457489013671875" lon="23.4645540453493595123291015625">
        <ele>652</ele>
        <time>2024-11-10T11:40:07.000Z</time>
        <extensions>
          <ns3:TrackPointExtension>
            <ns3:hr>76</ns3:hr>
            <ns3:cad>0</ns3:cad>
          </ns3:TrackPointExtension>
        </extensions>
      </trkpt>
      <trkpt lat="46.40451117418706417083740234375" lon="23.46455044113099575042724609375">
        <ele>652</ele>
        <time>2024-11-10T11:40:12.000Z</time>
        <extensions>
          <ns3:TrackPointExtension>
            <ns3:hr>73</ns3:hr>
            <ns3:cad>0</ns3:cad>
          </ns3:TrackPointExtension>
        </extensions>
      </trkpt>
      <trkpt lat="46.404487453401088714599609375" lon="23.464521355926990509033203125">
        <ele>652</ele>
        <time>2024-11-10T11:40:15.000Z</time>
        <extensions>
          <ns3:TrackPointExtension>
            <ns3:hr>70</ns3:hr>
            <ns3:cad>0</ns3:cad>
          </ns3:TrackPointExtension>
        </extensions>
      </trkpt>
      <trkpt lat="46.40448317863047122955322265625" lon="23.46451490186154842376708984375">
        <ele>651.79998779296875</ele>
        <time>2024-11-10T11:40:16.000Z</time>
        <extensions>
          <ns3:TrackPointExtension>
            <ns3:hr>70</ns3:hr>
            <ns3:cad>0</ns3:cad>
          </ns3:TrackPointExtension>
        </extensions>
      </trkpt>
      <trkpt lat="46.40447597019374370574951171875" lon="23.4645064361393451690673828125">
        <ele>651.79998779296875</ele>
        <time>2024-11-10T11:40:17.000Z</time>
        <extensions>
          <ns3:TrackPointExtension>
            <ns3:hr>70</ns3:hr>
            <ns3:cad>0</ns3:cad>
          </ns3:TrackPointExtension>
        </extensions>
      </trkpt>
      <trkpt lat="46.40444286167621612548828125" lon="23.4644732438027858734130859375">
        <ele>651</ele>
        <time>2024-11-10T11:40:23.000Z</time>
        <extensions>
          <ns3:TrackPointExtension>
            <ns3:hr>68</ns3:hr>
            <ns3:cad>47</ns3:cad>
          </ns3:TrackPointExtension>
        </extensions>
      </trkpt>
      <trkpt lat="46.40442567877471446990966796875" lon="23.46444751136004924774169921875">
        <ele>650.5999755859375</ele>
        <time>2024-11-10T11:40:29.000Z</time>
        <extensions>
          <ns3:TrackPointExtension>
            <ns3:hr>67</ns3:hr>
            <ns3:cad>0</ns3:cad>
          </ns3:TrackPointExtension>
        </extensions>
      </trkpt>
      <trkpt lat="46.40442299656569957733154296875" lon="23.4644356928765773773193359375">
        <ele>650.5999755859375</ele>
        <time>2024-11-10T11:40:31.000Z</time>
        <extensions>
          <ns3:TrackPointExtension>
            <ns3:hr>66</ns3:hr>
            <ns3:cad>0</ns3:cad>
          </ns3:TrackPointExtension>
        </extensions>
      </trkpt>
      <trkpt lat="46.4044168777763843536376953125" lon="23.4644226171076297760009765625">
        <ele>650.20001220703125</ele>
        <time>2024-11-10T11:40:34.000Z</time>
        <extensions>
          <ns3:TrackPointExtension>
            <ns3:hr>69</ns3:hr>
            <ns3:cad>48</ns3:cad>
          </ns3:TrackPointExtension>
        </extensions>
      </trkpt>
      <trkpt lat="46.404415033757686614990234375" lon="23.46442286856472492218017578125">
        <ele>650</ele>
        <time>2024-11-10T11:40:36.000Z</time>
        <extensions>
          <ns3:TrackPointExtension>
            <ns3:hr>72</ns3:hr>
            <ns3:cad>0</ns3:cad>
          </ns3:TrackPointExtension>
        </extensions>
      </trkpt>
      <trkpt lat="46.40441377647221088409423828125" lon="23.464424125850200653076171875">
        <ele>650</ele>
        <time>2024-11-10T11:40:37.000Z</time>
        <extensions>
          <ns3:TrackPointExtension>
            <ns3:hr>75</ns3:hr>
            <ns3:cad>0</ns3:cad>
          </ns3:TrackPointExtension>
        </extensions>
      </trkpt>
      <trkpt lat="46.40440489165484905242919921875" lon="23.464417420327663421630859375">
        <ele>649.79998779296875</ele>
        <time>2024-11-10T11:40:40.000Z</time>
        <extensions>
          <ns3:TrackPointExtension>
            <ns3:hr>78</ns3:hr>
            <ns3:cad>0</ns3:cad>
          </ns3:TrackPointExtension>
        </extensions>
      </trkpt>
      <trkpt lat="46.40438930131494998931884765625" lon="23.46440501511096954345703125">
        <ele>649.5999755859375</ele>
        <time>2024-11-10T11:40:43.000Z</time>
        <extensions>
          <ns3:TrackPointExtension>
            <ns3:hr>78</ns3:hr>
            <ns3:cad>0</ns3:cad>
          </ns3:TrackPointExtension>
        </extensions>
      </trkpt>
      <trkpt lat="46.40435845591127872467041015625" lon="23.4643823839724063873291015625">
        <ele>648.5999755859375</ele>
        <time>2024-11-10T11:40:50.000Z</time>
        <extensions>
          <ns3:TrackPointExtension>
            <ns3:hr>79</ns3:hr>
            <ns3:cad>53</ns3:cad>
          </ns3:TrackPointExtension>
        </extensions>
      </trkpt>
      <trkpt lat="46.404354013502597808837890625" lon="23.46438062377274036407470703125">
        <ele>648.4000244140625</ele>
        <time>2024-11-10T11:40:51.000Z</time>
        <extensions>
          <ns3:TrackPointExtension>
            <ns3:hr>80</ns3:hr>
            <ns3:cad>53</ns3:cad>
          </ns3:TrackPointExtension>
        </extensions>
      </trkpt>
      <trkpt lat="46.40434839762747287750244140625" lon="23.464379198849201202392578125">
        <ele>647.4000244140625</ele>
        <time>2024-11-10T11:40:59.000Z</time>
        <extensions>
          <ns3:TrackPointExtension>
            <ns3:hr>82</ns3:hr>
            <ns3:cad>0</ns3:cad>
          </ns3:TrackPointExtension>
        </extensions>
      </trkpt>
      <trkpt lat="46.4043441228568553924560546875" lon="23.464373834431171417236328125">
        <ele>647.4000244140625</ele>
        <time>2024-11-10T11:41:00.000Z</time>
        <extensions>
          <ns3:TrackPointExtension>
            <ns3:hr>83</ns3:hr>
            <ns3:cad>0</ns3:cad>
          </ns3:TrackPointExtension>
        </extensions>
      </trkpt>
      <trkpt lat="46.4043337292969226837158203125" lon="23.464364446699619293212890625">
        <ele>646.79998779296875</ele>
        <time>2024-11-10T11:41:05.000Z</time>
        <extensions>
          <ns3:TrackPointExtension>
            <ns3:hr>86</ns3:hr>
            <ns3:cad>0</ns3:cad>
          </ns3:TrackPointExtension>
        </extensions>
      </trkpt>
      <trkpt lat="46.40433029271662235260009765625" lon="23.46436486579477787017822265625">
        <ele>646.4000244140625</ele>
        <time>2024-11-10T11:41:07.000Z</time>
        <extensions>
          <ns3:TrackPointExtension>
            <ns3:hr>87</ns3:hr>
            <ns3:cad>0</ns3:cad>
          </ns3:TrackPointExtension>
        </extensions>
      </trkpt>
      <trkpt lat="46.40433155000209808349609375" lon="23.4643632732331752777099609375">
        <ele>646.20001220703125</ele>
        <time>2024-11-10T11:41:08.000Z</time>
        <extensions>
          <ns3:TrackPointExtension>
            <ns3:hr>88</ns3:hr>
            <ns3:cad>0</ns3:cad>
          </ns3:TrackPointExtension>
        </extensions>
      </trkpt>
      <trkpt lat="46.40432677231729030609130859375" lon="23.4643627703189849853515625">
        <ele>646</ele>
        <time>2024-11-10T11:41:13.000Z</time>
        <extensions>
          <ns3:TrackPointExtension>
            <ns3:hr>91</ns3:hr>
            <ns3:cad>0</ns3:cad>
          </ns3:TrackPointExtension>
        </extensions>
      </trkpt>
      <trkpt lat="46.404310762882232666015625" lon="23.464369811117649078369140625">
        <ele>645.4000244140625</ele>
        <time>2024-11-10T11:41:17.000Z</time>
        <extensions>
          <ns3:TrackPointExtension>
            <ns3:hr>92</ns3:hr>
            <ns3:cad>0</ns3:cad>
          </ns3:TrackPointExtension>
        </extensions>
      </trkpt>
      <trkpt lat="46.40430875122547149658203125" lon="23.4643736667931079864501953125">
        <ele>645.20001220703125</ele>
        <time>2024-11-10T11:41:20.000Z</time>
        <extensions>
          <ns3:TrackPointExtension>
            <ns3:hr>89</ns3:hr>
            <ns3:cad>0</ns3:cad>
          </ns3:TrackPointExtension>
        </extensions>
      </trkpt>
      <trkpt lat="46.4043042249977588653564453125" lon="23.46438515000045299530029296875">
        <ele>644.79998779296875</ele>
        <time>2024-11-10T11:41:27.000Z</time>
        <extensions>
          <ns3:TrackPointExtension>
            <ns3:hr>87</ns3:hr>
            <ns3:cad>0</ns3:cad>
          </ns3:TrackPointExtension>
        </extensions>
      </trkpt>
      <trkpt lat="46.4042945019900798797607421875" lon="23.46438447944819927215576171875">
        <ele>644.4000244140625</ele>
        <time>2024-11-10T11:41:31.000Z</time>
        <extensions>
          <ns3:TrackPointExtension>
            <ns3:hr>87</ns3:hr>
            <ns3:cad>0</ns3:cad>
          </ns3:TrackPointExtension>
        </extensions>
      </trkpt>
      <trkpt lat="46.40428855083882808685302734375" lon="23.46438548527657985687255859375">
        <ele>644</ele>
        <time>2024-11-10T11:41:35.000Z</time>
        <extensions>
          <ns3:TrackPointExtension>
            <ns3:hr>84</ns3:hr>
            <ns3:cad>0</ns3:cad>
          </ns3:TrackPointExtension>
        </extensions>
      </trkpt>
      <trkpt lat="46.4042852818965911865234375" lon="23.46438816748559474945068359375">
        <ele>644</ele>
        <time>2024-11-10T11:41:36.000Z</time>
        <extensions>
          <ns3:TrackPointExtension>
            <ns3:hr>84</ns3:hr>
            <ns3:cad>0</ns3:cad>
          </ns3:TrackPointExtension>
        </extensions>
      </trkpt>
      <trkpt lat="46.4042874611914157867431640625" lon="23.46441800706088542938232421875">
        <ele>643.20001220703125</ele>
        <time>2024-11-10T11:41:45.000Z</time>
        <extensions>
          <ns3:TrackPointExtension>
            <ns3:hr>87</ns3:hr>
            <ns3:cad>0</ns3:cad>
          </ns3:TrackPointExtension>
        </extensions>
      </trkpt>
      <trkpt lat="46.40428905375301837921142578125" lon="23.46442135982215404510498046875">
        <ele>643.20001220703125</ele>
        <time>2024-11-10T11:41:46.000Z</time>
        <extensions>
          <ns3:TrackPointExtension>
            <ns3:hr>88</ns3:hr>
            <ns3:cad>0</ns3:cad>
          </ns3:TrackPointExtension>
        </extensions>
      </trkpt>
      <trkpt lat="46.4042717032134532928466796875" lon="23.46446092240512371063232421875">
        <ele>642.20001220703125</ele>
        <time>2024-11-10T11:41:54.000Z</time>
        <extensions>
          <ns3:TrackPointExtension>
            <ns3:hr>87</ns3:hr>
            <ns3:cad>0</ns3:cad>
          </ns3:TrackPointExtension>
        </extensions>
      </trkpt>
      <trkpt lat="46.40427195467054843902587890625" lon="23.46446058712899684906005859375">
        <ele>642.20001220703125</ele>
        <time>2024-11-10T11:41:55.000Z</time>
        <extensions>
          <ns3:TrackPointExtension>
            <ns3:hr>87</ns3:hr>
            <ns3:cad>0</ns3:cad>
          </ns3:TrackPointExtension>
        </extensions>
      </trkpt>
      <trkpt lat="46.40425602905452251434326171875" lon="23.46446913667023181915283203125">
        <ele>641.20001220703125</ele>
        <time>2024-11-10T11:42:02.000Z</time>
        <extensions>
          <ns3:TrackPointExtension>
            <ns3:hr>87</ns3:hr>
            <ns3:cad>0</ns3:cad>
          </ns3:TrackPointExtension>
        </extensions>
      </trkpt>
      <trkpt lat="46.4042535983026027679443359375" lon="23.46446762792766094207763671875">
        <ele>641.20001220703125</ele>
        <time>2024-11-10T11:42:03.000Z</time>
        <extensions>
          <ns3:TrackPointExtension>
            <ns3:hr>87</ns3:hr>
            <ns3:cad>0</ns3:cad>
          </ns3:TrackPointExtension>
        </extensions>
      </trkpt>
      <trkpt lat="46.40424907207489013671875" lon="23.46447969786822795867919921875">
        <ele>640.5999755859375</ele>
        <time>2024-11-10T11:42:11.000Z</time>
        <extensions>
          <ns3:TrackPointExtension>
            <ns3:hr>86</ns3:hr>
            <ns3:cad>0</ns3:cad>
          </ns3:TrackPointExtension>
        </extensions>
      </trkpt>
      <trkpt lat="46.404233984649181365966796875" lon="23.46448623575270175933837890625">
        <ele>640.20001220703125</ele>
        <time>2024-11-10T11:42:16.000Z</time>
        <extensions>
          <ns3:TrackPointExtension>
            <ns3:hr>86</ns3:hr>
            <ns3:cad>0</ns3:cad>
          </ns3:TrackPointExtension>
        </extensions>
      </trkpt>
      <trkpt lat="46.40423155389726161956787109375" lon="23.46448816359043121337890625">
        <ele>639.79998779296875</ele>
        <time>2024-11-10T11:42:19.000Z</time>
        <extensions>
          <ns3:TrackPointExtension>
            <ns3:hr>87</ns3:hr>
            <ns3:cad>0</ns3:cad>
          </ns3:TrackPointExtension>
        </extensions>
      </trkpt>
      <trkpt lat="46.40423608012497425079345703125" lon="23.464498221874237060546875">
        <ele>639.5999755859375</ele>
        <time>2024-11-10T11:42:31.000Z</time>
        <extensions>
          <ns3:TrackPointExtension>
            <ns3:hr>86</ns3:hr>
            <ns3:cad>0</ns3:cad>
          </ns3:TrackPointExtension>
        </extensions>
      </trkpt>
      <trkpt lat="46.40421998687088489532470703125" lon="23.464490510523319244384765625">
        <ele>639.5999755859375</ele>
        <time>2024-11-10T11:42:40.000Z</time>
        <extensions>
          <ns3:TrackPointExtension>
            <ns3:hr>87</ns3:hr>
            <ns3:cad>0</ns3:cad>
          </ns3:TrackPointExtension>
        </extensions>
      </trkpt>
      <trkpt lat="46.4042187295854091644287109375" lon="23.4644967131316661834716796875">
        <ele>639.5999755859375</ele>
        <time>2024-11-10T11:42:45.000Z</time>
        <extensions>
          <ns3:TrackPointExtension>
            <ns3:hr>84</ns3:hr>
            <ns3:cad>0</ns3:cad>
          </ns3:TrackPointExtension>
        </extensions>
      </trkpt>
      <trkpt lat="46.40422317199409008026123046875" lon="23.46449377946555614471435546875">
        <ele>639.4000244140625</ele>
        <time>2024-11-10T11:42:50.000Z</time>
        <extensions>
          <ns3:TrackPointExtension>
            <ns3:hr>84</ns3:hr>
            <ns3:cad>0</ns3:cad>
          </ns3:TrackPointExtension>
        </extensions>
      </trkpt>
      <trkpt lat="46.4042207412421703338623046875" lon="23.4644960425794124603271484375">
        <ele>639.20001220703125</ele>
        <time>2024-11-10T11:42:55.000Z</time>
        <extensions>
          <ns3:TrackPointExtension>
            <ns3:hr>81</ns3:hr>
            <ns3:cad>0</ns3:cad>
          </ns3:TrackPointExtension>
        </extensions>
      </trkpt>
      <trkpt lat="46.4042086713016033172607421875" lon="23.46450685523450374603271484375">
        <ele>639</ele>
        <time>2024-11-10T11:42:58.000Z</time>
        <extensions>
          <ns3:TrackPointExtension>
            <ns3:hr>81</ns3:hr>
            <ns3:cad>0</ns3:cad>
          </ns3:TrackPointExtension>
        </extensions>
      </trkpt>
      <trkpt lat="46.4042076654732227325439453125" lon="23.46450970508158206939697265625">
        <ele>638.79998779296875</ele>
        <time>2024-11-10T11:42:59.000Z</time>
        <extensions>
          <ns3:TrackPointExtension>
            <ns3:hr>84</ns3:hr>
            <ns3:cad>0</ns3:cad>
          </ns3:TrackPointExtension>
        </extensions>
      </trkpt>
      <trkpt lat="46.40419366769492626190185546875" lon="23.46452060155570507049560546875">
        <ele>638.20001220703125</ele>
        <time>2024-11-10T11:43:06.000Z</time>
        <extensions>
          <ns3:TrackPointExtension>
            <ns3:hr>83</ns3:hr>
            <ns3:cad>0</ns3:cad>
          </ns3:TrackPointExtension>
        </extensions>
      </trkpt>
      <trkpt lat="46.40417237766087055206298828125" lon="23.4645537100732326507568359375">
        <ele>638</ele>
        <time>2024-11-10T11:43:15.000Z</time>
        <extensions>
          <ns3:TrackPointExtension>
            <ns3:hr>83</ns3:hr>
            <ns3:cad>0</ns3:cad>
          </ns3:TrackPointExtension>
        </extensions>
      </trkpt>
      <trkpt lat="46.40416885726153850555419921875" lon="23.46455513499677181243896484375">
        <ele>638</ele>
        <time>2024-11-10T11:43:16.000Z</time>
        <extensions>
          <ns3:TrackPointExtension>
            <ns3:hr>83</ns3:hr>
            <ns3:cad>0</ns3:cad>
          </ns3:TrackPointExtension>
        </extensions>
      </trkpt>
      <trkpt lat="46.4041493274271488189697265625" lon="23.46454138867557048797607421875">
        <ele>637</ele>
        <time>2024-11-10T11:43:22.000Z</time>
        <extensions>
          <ns3:TrackPointExtension>
            <ns3:hr>83</ns3:hr>
            <ns3:cad>0</ns3:cad>
          </ns3:TrackPointExtension>
        </extensions>
      </trkpt>
      <trkpt lat="46.40413708984851837158203125" lon="23.46454340033233165740966796875">
        <ele>636.5999755859375</ele>
        <time>2024-11-10T11:43:25.000Z</time>
        <extensions>
          <ns3:TrackPointExtension>
            <ns3:hr>85</ns3:hr>
            <ns3:cad>0</ns3:cad>
          </ns3:TrackPointExtension>
        </extensions>
      </trkpt>
      <trkpt lat="46.40412359498441219329833984375" lon="23.4645161591470241546630859375">
        <ele>636</ele>
        <time>2024-11-10T11:43:31.000Z</time>
        <extensions>
          <ns3:TrackPointExtension>
            <ns3:hr>86</ns3:hr>
            <ns3:cad>0</ns3:cad>
          </ns3:TrackPointExtension>
        </extensions>
      </trkpt>
      <trkpt lat="46.40412007458508014678955078125" lon="23.46450216136872768402099609375">
        <ele>635.4000244140625</ele>
        <time>2024-11-10T11:43:34.000Z</time>
        <extensions>
          <ns3:TrackPointExtension>
            <ns3:hr>86</ns3:hr>
            <ns3:cad>0</ns3:cad>
          </ns3:TrackPointExtension>
        </extensions>
      </trkpt>
      <trkpt lat="46.40409694053232669830322265625" lon="23.46449160017073154449462890625">
        <ele>634.79998779296875</ele>
        <time>2024-11-10T11:43:38.000Z</time>
        <extensions>
          <ns3:TrackPointExtension>
            <ns3:hr>85</ns3:hr>
            <ns3:cad>0</ns3:cad>
          </ns3:TrackPointExtension>
        </extensions>
      </trkpt>
      <trkpt lat="46.40407850034534931182861328125" lon="23.4645138122141361236572265625">
        <ele>634</ele>
        <time>2024-11-10T11:43:42.000Z</time>
        <extensions>
          <ns3:TrackPointExtension>
            <ns3:hr>85</ns3:hr>
            <ns3:cad>53</ns3:cad>
          </ns3:TrackPointExtension>
        </extensions>
      </trkpt>
      <trkpt lat="46.40406760387122631072998046875" lon="23.4645211882889270782470703125">
        <ele>633.79998779296875</ele>
        <time>2024-11-10T11:43:44.000Z</time>
        <extensions>
          <ns3:TrackPointExtension>
            <ns3:hr>86</ns3:hr>
            <ns3:cad>0</ns3:cad>
          </ns3:TrackPointExtension>
        </extensions>
      </trkpt>
      <trkpt lat="46.40404497273266315460205078125" lon="23.4645478427410125732421875">
        <ele>632.5999755859375</ele>
        <time>2024-11-10T11:43:50.000Z</time>
        <extensions>
          <ns3:TrackPointExtension>
            <ns3:hr>87</ns3:hr>
            <ns3:cad>51</ns3:cad>
          </ns3:TrackPointExtension>
        </extensions>
      </trkpt>
      <trkpt lat="46.4040385186672210693359375" lon="23.4645553864538669586181640625">
        <ele>632.5999755859375</ele>
        <time>2024-11-10T11:43:51.000Z</time>
        <extensions>
          <ns3:TrackPointExtension>
            <ns3:hr>87</ns3:hr>
            <ns3:cad>51</ns3:cad>
          </ns3:TrackPointExtension>
        </extensions>
      </trkpt>
      <trkpt lat="46.4040175639092922210693359375" lon="23.46458078362047672271728515625">
        <ele>631.5999755859375</ele>
        <time>2024-11-10T11:43:56.000Z</time>
        <extensions>
          <ns3:TrackPointExtension>
            <ns3:hr>87</ns3:hr>
            <ns3:cad>50</ns3:cad>
          </ns3:TrackPointExtension>
        </extensions>
      </trkpt>
      <trkpt lat="46.40400239266455173492431640625" lon="23.46460509113967418670654296875">
        <ele>631.20001220703125</ele>
        <time>2024-11-10T11:44:00.000Z</time>
        <extensions>
          <ns3:TrackPointExtension>
            <ns3:hr>86</ns3:hr>
            <ns3:cad>47</ns3:cad>
          </ns3:TrackPointExtension>
        </extensions>
      </trkpt>
      <trkpt lat="46.40396651811897754669189453125" lon="23.46463342197239398956298828125">
        <ele>630.4000244140625</ele>
        <time>2024-11-10T11:44:05.000Z</time>
        <extensions>
          <ns3:TrackPointExtension>
            <ns3:hr>85</ns3:hr>
            <ns3:cad>52</ns3:cad>
          </ns3:TrackPointExtension>
        </extensions>
      </trkpt>
      <trkpt lat="46.40394623391330242156982421875" lon="23.46463141031563282012939453125">
        <ele>629.5999755859375</ele>
        <time>2024-11-10T11:44:09.000Z</time>
        <extensions>
          <ns3:TrackPointExtension>
            <ns3:hr>86</ns3:hr>
            <ns3:cad>52</ns3:cad>
          </ns3:TrackPointExtension>
        </extensions>
      </trkpt>
      <trkpt lat="46.40394271351397037506103515625" lon="23.464630655944347381591796875">
        <ele>629.4000244140625</ele>
        <time>2024-11-10T11:44:10.000Z</time>
        <extensions>
          <ns3:TrackPointExtension>
            <ns3:hr>86</ns3:hr>
            <ns3:cad>52</ns3:cad>
          </ns3:TrackPointExtension>
        </extensions>
      </trkpt>
      <trkpt lat="46.403904743492603302001953125" lon="23.464606516063213348388671875">
        <ele>628.4000244140625</ele>
        <time>2024-11-10T11:44:18.000Z</time>
        <extensions>
          <ns3:TrackPointExtension>
            <ns3:hr>86</ns3:hr>
            <ns3:cad>0</ns3:cad>
          </ns3:TrackPointExtension>
        </extensions>
      </trkpt>
      <trkpt lat="46.40389108099043369293212890625" lon="23.46456058323383331298828125">
        <ele>627.20001220703125</ele>
        <time>2024-11-10T11:44:25.000Z</time>
        <extensions>
          <ns3:TrackPointExtension>
            <ns3:hr>86</ns3:hr>
            <ns3:cad>0</ns3:cad>
          </ns3:TrackPointExtension>
        </extensions>
      </trkpt>
      <trkpt lat="46.4038851298391819000244140625" lon="23.46455614082515239715576171875">
        <ele>626.79998779296875</ele>
        <time>2024-11-10T11:44:28.000Z</time>
        <extensions>
          <ns3:TrackPointExtension>
            <ns3:hr>85</ns3:hr>
            <ns3:cad>55</ns3:cad>
          </ns3:TrackPointExtension>
        </extensions>
      </trkpt>
      <trkpt lat="46.40386057086288928985595703125" lon="23.46456670202314853668212890625">
        <ele>626</ele>
        <time>2024-11-10T11:44:33.000Z</time>
        <extensions>
          <ns3:TrackPointExtension>
            <ns3:hr>85</ns3:hr>
            <ns3:cad>52</ns3:cad>
          </ns3:TrackPointExtension>
        </extensions>
      </trkpt>
      <trkpt lat="46.40383793972432613372802734375" lon="23.464572317898273468017578125">
        <ele>625.4000244140625</ele>
        <time>2024-11-10T11:44:37.000Z</time>
        <extensions>
          <ns3:TrackPointExtension>
            <ns3:hr>85</ns3:hr>
            <ns3:cad>0</ns3:cad>
          </ns3:TrackPointExtension>
        </extensions>
      </trkpt>
      <trkpt lat="46.40382729470729827880859375" lon="23.46457441337406635284423828125">
        <ele>625</ele>
        <time>2024-11-10T11:44:40.000Z</time>
        <extensions>
          <ns3:TrackPointExtension>
            <ns3:hr>83</ns3:hr>
            <ns3:cad>55</ns3:cad>
          </ns3:TrackPointExtension>
        </extensions>
      </trkpt>
      <trkpt lat="46.403808854520320892333984375" lon="23.46456200815737247467041015625">
        <ele>624.4000244140625</ele>
        <time>2024-11-10T11:44:44.000Z</time>
        <extensions>
          <ns3:TrackPointExtension>
            <ns3:hr>84</ns3:hr>
            <ns3:cad>59</ns3:cad>
          </ns3:TrackPointExtension>
        </extensions>
      </trkpt>
      <trkpt lat="46.403798796236515045166015625" lon="23.46455127932131290435791015625">
        <ele>623.79998779296875</ele>
        <time>2024-11-10T11:44:47.000Z</time>
        <extensions>
          <ns3:TrackPointExtension>
            <ns3:hr>83</ns3:hr>
            <ns3:cad>59</ns3:cad>
          </ns3:TrackPointExtension>
        </extensions>
      </trkpt>
      <trkpt lat="46.40378245152533054351806640625" lon="23.46455262042582035064697265625">
        <ele>623.20001220703125</ele>
        <time>2024-11-10T11:44:51.000Z</time>
        <extensions>
          <ns3:TrackPointExtension>
            <ns3:hr>83</ns3:hr>
            <ns3:cad>0</ns3:cad>
          </ns3:TrackPointExtension>
        </extensions>
      </trkpt>
      <trkpt lat="46.4037684537470340728759765625" lon="23.46451900899410247802734375">
        <ele>622.79998779296875</ele>
        <time>2024-11-10T11:44:57.000Z</time>
        <extensions>
          <ns3:TrackPointExtension>
            <ns3:hr>85</ns3:hr>
            <ns3:cad>0</ns3:cad>
          </ns3:TrackPointExtension>
        </extensions>
      </trkpt>
      <trkpt lat="46.40377230942249298095703125" lon="23.46448472701013088226318359375">
        <ele>622.79998779296875</ele>
        <time>2024-11-10T11:45:00.000Z</time>
        <extensions>
          <ns3:TrackPointExtension>
            <ns3:hr>84</ns3:hr>
            <ns3:cad>0</ns3:cad>
          </ns3:TrackPointExtension>
        </extensions>
      </trkpt>
      <trkpt lat="46.40379787422716617584228515625" lon="23.4644574858248233795166015625">
        <ele>622.4000244140625</ele>
        <time>2024-11-10T11:45:08.000Z</time>
        <extensions>
          <ns3:TrackPointExtension>
            <ns3:hr>83</ns3:hr>
            <ns3:cad>0</ns3:cad>
          </ns3:TrackPointExtension>
        </extensions>
      </trkpt>
      <trkpt lat="46.4038328267633914947509765625" lon="23.4645022451877593994140625">
        <ele>622.5999755859375</ele>
        <time>2024-11-10T11:45:16.000Z</time>
        <extensions>
          <ns3:TrackPointExtension>
            <ns3:hr>85</ns3:hr>
            <ns3:cad>0</ns3:cad>
          </ns3:TrackPointExtension>
        </extensions>
      </trkpt>
      <trkpt lat="46.4038894884288311004638671875" lon="23.46448816359043121337890625">
        <ele>622.5999755859375</ele>
        <time>2024-11-10T11:45:24.000Z</time>
        <extensions>
          <ns3:TrackPointExtension>
            <ns3:hr>88</ns3:hr>
            <ns3:cad>0</ns3:cad>
          </ns3:TrackPointExtension>
        </extensions>
      </trkpt>
      <trkpt lat="46.4038995467126369476318359375" lon="23.46447902731597423553466796875">
        <ele>622.5999755859375</ele>
        <time>2024-11-10T11:45:26.000Z</time>
        <extensions>
          <ns3:TrackPointExtension>
            <ns3:hr>85</ns3:hr>
            <ns3:cad>0</ns3:cad>
          </ns3:TrackPointExtension>
        </extensions>
      </trkpt>
      <trkpt lat="46.40389493666589260101318359375" lon="23.46447785384953022003173828125">
        <ele>622.5999755859375</ele>
        <time>2024-11-10T11:45:28.000Z</time>
        <extensions>
          <ns3:TrackPointExtension>
            <ns3:hr>82</ns3:hr>
            <ns3:cad>0</ns3:cad>
          </ns3:TrackPointExtension>
        </extensions>
      </trkpt>
      <trkpt lat="46.403881609439849853515625" lon="23.46448221243917942047119140625">
        <ele>622.5999755859375</ele>
        <time>2024-11-10T11:45:30.000Z</time>
        <extensions>
          <ns3:TrackPointExtension>
            <ns3:hr>79</ns3:hr>
            <ns3:cad>0</ns3:cad>
          </ns3:TrackPointExtension>
        </extensions>
      </trkpt>
      <trkpt lat="46.4038676954805850982666015625" lon="23.4644930250942707061767578125">
        <ele>622.5999755859375</ele>
        <time>2024-11-10T11:45:32.000Z</time>
        <extensions>
          <ns3:TrackPointExtension>
            <ns3:hr>80</ns3:hr>
            <ns3:cad>0</ns3:cad>
          </ns3:TrackPointExtension>
        </extensions>
      </trkpt>
      <trkpt lat="46.40383760444819927215576171875" lon="23.46452278085052967071533203125">
        <ele>622.5999755859375</ele>
        <time>2024-11-10T11:45:42.000Z</time>
        <extensions>
          <ns3:TrackPointExtension>
            <ns3:hr>79</ns3:hr>
            <ns3:cad>0</ns3:cad>
          </ns3:TrackPointExtension>
        </extensions>
      </trkpt>
      <trkpt lat="46.40382871963083744049072265625" lon="23.4645339287817478179931640625">
        <ele>622.5999755859375</ele>
        <time>2024-11-10T11:45:51.000Z</time>
        <extensions>
          <ns3:TrackPointExtension>
            <ns3:hr>77</ns3:hr>
            <ns3:cad>0</ns3:cad>
          </ns3:TrackPointExtension>
        </extensions>
      </trkpt>
      <trkpt lat="46.4038801006972789764404296875" lon="23.4645290672779083251953125">
        <ele>622.4000244140625</ele>
        <time>2024-11-10T11:45:59.000Z</time>
        <extensions>
          <ns3:TrackPointExtension>
            <ns3:hr>75</ns3:hr>
            <ns3:cad>0</ns3:cad>
          </ns3:TrackPointExtension>
        </extensions>
      </trkpt>
      <trkpt lat="46.40387213788926601409912109375" lon="23.4645107947289943695068359375">
        <ele>622.4000244140625</ele>
        <time>2024-11-10T11:46:01.000Z</time>
        <extensions>
          <ns3:TrackPointExtension>
            <ns3:hr>70</ns3:hr>
            <ns3:cad>0</ns3:cad>
          </ns3:TrackPointExtension>
        </extensions>
      </trkpt>
      <trkpt lat="46.4038640074431896209716796875" lon="23.46450970508158206939697265625">
        <ele>622.4000244140625</ele>
        <time>2024-11-10T11:46:02.000Z</time>
        <extensions>
          <ns3:TrackPointExtension>
            <ns3:hr>70</ns3:hr>
            <ns3:cad>0</ns3:cad>
          </ns3:TrackPointExtension>
        </extensions>
      </trkpt>
      <trkpt lat="46.40385218895971775054931640625" lon="23.46450425684452056884765625">
        <ele>622.4000244140625</ele>
        <time>2024-11-10T11:46:05.000Z</time>
        <extensions>
          <ns3:TrackPointExtension>
            <ns3:hr>70</ns3:hr>
            <ns3:cad>0</ns3:cad>
          </ns3:TrackPointExtension>
        </extensions>
      </trkpt>
      <trkpt lat="46.40383374877274036407470703125" lon="23.4644511155784130096435546875">
        <ele>622</ele>
        <time>2024-11-10T11:46:10.000Z</time>
        <extensions>
          <ns3:TrackPointExtension>
            <ns3:hr>73</ns3:hr>
            <ns3:cad>0</ns3:cad>
          </ns3:TrackPointExtension>
        </extensions>
      </trkpt>
      <trkpt lat="46.40383324585855007171630859375" lon="23.46444650553166866302490234375">
        <ele>621.79998779296875</ele>
        <time>2024-11-10T11:46:11.000Z</time>
        <extensions>
          <ns3:TrackPointExtension>
            <ns3:hr>76</ns3:hr>
            <ns3:cad>0</ns3:cad>
          </ns3:TrackPointExtension>
        </extensions>
      </trkpt>
      <trkpt lat="46.4038355089724063873291015625" lon="23.4644309990108013153076171875">
        <ele>621.79998779296875</ele>
        <time>2024-11-10T11:46:12.000Z</time>
        <extensions>
          <ns3:TrackPointExtension>
            <ns3:hr>80</ns3:hr>
            <ns3:cad>0</ns3:cad>
          </ns3:TrackPointExtension>
        </extensions>
      </trkpt>
      <trkpt lat="46.4038368500769138336181640625" lon="23.464423455297946929931640625">
        <ele>621.79998779296875</ele>
        <time>2024-11-10T11:46:13.000Z</time>
        <extensions>
          <ns3:TrackPointExtension>
            <ns3:hr>83</ns3:hr>
            <ns3:cad>0</ns3:cad>
          </ns3:TrackPointExtension>
        </extensions>
      </trkpt>
      <trkpt lat="46.40384699217975139617919921875" lon="23.46439160406589508056640625">
        <ele>621.5999755859375</ele>
        <time>2024-11-10T11:46:16.000Z</time>
        <extensions>
          <ns3:TrackPointExtension>
            <ns3:hr>86</ns3:hr>
            <ns3:cad>0</ns3:cad>
          </ns3:TrackPointExtension>
        </extensions>
      </trkpt>
      <trkpt lat="46.403857134282588958740234375" lon="23.464352376759052276611328125">
        <ele>621.20001220703125</ele>
        <time>2024-11-10T11:46:20.000Z</time>
        <extensions>
          <ns3:TrackPointExtension>
            <ns3:hr>87</ns3:hr>
            <ns3:cad>0</ns3:cad>
          </ns3:TrackPointExtension>
        </extensions>
      </trkpt>
      <trkpt lat="46.40383291058242321014404296875" lon="23.464353382587432861328125">
        <ele>621.20001220703125</ele>
        <time>2024-11-10T11:46:28.000Z</time>
        <extensions>
          <ns3:TrackPointExtension>
            <ns3:hr>88</ns3:hr>
            <ns3:cad>0</ns3:cad>
          </ns3:TrackPointExtension>
        </extensions>
      </trkpt>
      <trkpt lat="46.4038266241550445556640625" lon="23.464374504983425140380859375">
        <ele>620.5999755859375</ele>
        <time>2024-11-10T11:46:37.000Z</time>
        <extensions>
          <ns3:TrackPointExtension>
            <ns3:hr>87</ns3:hr>
            <ns3:cad>0</ns3:cad>
          </ns3:TrackPointExtension>
        </extensions>
      </trkpt>
      <trkpt lat="46.4038264565169811248779296875" lon="23.46437978558242321014404296875">
        <ele>620.5999755859375</ele>
        <time>2024-11-10T11:46:44.000Z</time>
        <extensions>
          <ns3:TrackPointExtension>
            <ns3:hr>90</ns3:hr>
            <ns3:cad>0</ns3:cad>
          </ns3:TrackPointExtension>
        </extensions>
      </trkpt>
      <trkpt lat="46.4038254506886005401611328125" lon="23.4643817134201526641845703125">
        <ele>620.5999755859375</ele>
        <time>2024-11-10T11:46:45.000Z</time>
        <extensions>
          <ns3:TrackPointExtension>
            <ns3:hr>91</ns3:hr>
            <ns3:cad>0</ns3:cad>
          </ns3:TrackPointExtension>
        </extensions>
      </trkpt>
      <trkpt lat="46.40382670797407627105712890625" lon="23.46438867039978504180908203125">
        <ele>620.5999755859375</ele>
        <time>2024-11-10T11:46:49.000Z</time>
        <extensions>
          <ns3:TrackPointExtension>
            <ns3:hr>94</ns3:hr>
            <ns3:cad>0</ns3:cad>
          </ns3:TrackPointExtension>
        </extensions>
      </trkpt>
      <trkpt lat="46.4038400352001190185546875" lon="23.464384563267230987548828125">
        <ele>620.4000244140625</ele>
        <time>2024-11-10T11:46:54.000Z</time>
        <extensions>
          <ns3:TrackPointExtension>
            <ns3:hr>95</ns3:hr>
            <ns3:cad>0</ns3:cad>
          </ns3:TrackPointExtension>
        </extensions>
      </trkpt>
      <trkpt lat="46.4038391970098018646240234375" lon="23.46443980000913143157958984375">
        <ele>620.4000244140625</ele>
        <time>2024-11-10T11:47:03.000Z</time>
        <extensions>
          <ns3:TrackPointExtension>
            <ns3:hr>95</ns3:hr>
            <ns3:cad>0</ns3:cad>
          </ns3:TrackPointExtension>
        </extensions>
      </trkpt>
      <trkpt lat="46.40382461249828338623046875" lon="23.46442773006856441497802734375">
        <ele>619.79998779296875</ele>
        <time>2024-11-10T11:47:10.000Z</time>
        <extensions>
          <ns3:TrackPointExtension>
            <ns3:hr>98</ns3:hr>
            <ns3:cad>0</ns3:cad>
          </ns3:TrackPointExtension>
        </extensions>
      </trkpt>
      <trkpt lat="46.40382184647023677825927734375" lon="23.464425466954708099365234375">
        <ele>619.79998779296875</ele>
        <time>2024-11-10T11:47:11.000Z</time>
        <extensions>
          <ns3:TrackPointExtension>
            <ns3:hr>99</ns3:hr>
            <ns3:cad>0</ns3:cad>
          </ns3:TrackPointExtension>
        </extensions>
      </trkpt>
      <trkpt lat="46.4038123749196529388427734375" lon="23.4643895924091339111328125">
        <ele>619.5999755859375</ele>
        <time>2024-11-10T11:47:15.000Z</time>
        <extensions>
          <ns3:TrackPointExtension>
            <ns3:hr>100</ns3:hr>
            <ns3:cad>0</ns3:cad>
          </ns3:TrackPointExtension>
        </extensions>
      </trkpt>
      <trkpt lat="46.40382100827991962432861328125" lon="23.46438649110496044158935546875">
        <ele>619.4000244140625</ele>
        <time>2024-11-10T11:47:20.000Z</time>
        <extensions>
          <ns3:TrackPointExtension>
            <ns3:hr>99</ns3:hr>
            <ns3:cad>0</ns3:cad>
          </ns3:TrackPointExtension>
        </extensions>
      </trkpt>
      <trkpt lat="46.40382771380245685577392578125" lon="23.46435598097741603851318359375">
        <ele>618.79998779296875</ele>
        <time>2024-11-10T11:47:24.000Z</time>
        <extensions>
          <ns3:TrackPointExtension>
            <ns3:hr>96</ns3:hr>
            <ns3:cad>0</ns3:cad>
          </ns3:TrackPointExtension>
        </extensions>
      </trkpt>
      <trkpt lat="46.40385587699711322784423828125" lon="23.46429864875972270965576171875">
        <ele>618.4000244140625</ele>
        <time>2024-11-10T11:47:29.000Z</time>
        <extensions>
          <ns3:TrackPointExtension>
            <ns3:hr>96</ns3:hr>
            <ns3:cad>60</ns3:cad>
          </ns3:TrackPointExtension>
        </extensions>
      </trkpt>
      <trkpt lat="46.40385051257908344268798828125" lon="23.4642526321113109588623046875">
        <ele>617.20001220703125</ele>
        <time>2024-11-10T11:47:35.000Z</time>
        <extensions>
          <ns3:TrackPointExtension>
            <ns3:hr>96</ns3:hr>
            <ns3:cad>60</ns3:cad>
          </ns3:TrackPointExtension>
        </extensions>
      </trkpt>
      <trkpt lat="46.40384900383651256561279296875" lon="23.46424114890396595001220703125">
        <ele>616.79998779296875</ele>
        <time>2024-11-10T11:47:36.000Z</time>
        <extensions>
          <ns3:TrackPointExtension>
            <ns3:hr>96</ns3:hr>
            <ns3:cad>0</ns3:cad>
          </ns3:TrackPointExtension>
        </extensions>
      </trkpt>
      <trkpt lat="46.403854787349700927734375" lon="23.46420929767191410064697265625">
        <ele>616</ele>
        <time>2024-11-10T11:47:42.000Z</time>
        <extensions>
          <ns3:TrackPointExtension>
            <ns3:hr>97</ns3:hr>
            <ns3:cad>0</ns3:cad>
          </ns3:TrackPointExtension>
        </extensions>
      </trkpt>
      <trkpt lat="46.40386442653834819793701171875" lon="23.4642097167670726776123046875">
        <ele>615.79998779296875</ele>
        <time>2024-11-10T11:47:45.000Z</time>
        <extensions>
          <ns3:TrackPointExtension>
            <ns3:hr>94</ns3:hr>
            <ns3:cad>0</ns3:cad>
          </ns3:TrackPointExtension>
        </extensions>
      </trkpt>
      <trkpt lat="46.4038643427193164825439453125" lon="23.46424886025488376617431640625">
        <ele>615</ele>
        <time>2024-11-10T11:47:54.000Z</time>
        <extensions>
          <ns3:TrackPointExtension>
            <ns3:hr>92</ns3:hr>
            <ns3:cad>0</ns3:cad>
          </ns3:TrackPointExtension>
        </extensions>
      </trkpt>
      <trkpt lat="46.4038720540702342987060546875" lon="23.4642288275063037872314453125">
        <ele>614.4000244140625</ele>
        <time>2024-11-10T11:48:04.000Z</time>
        <extensions>
          <ns3:TrackPointExtension>
            <ns3:hr>92</ns3:hr>
            <ns3:cad>0</ns3:cad>
          </ns3:TrackPointExtension>
        </extensions>
      </trkpt>
      <trkpt lat="46.40387934632599353790283203125" lon="23.46423243172466754913330078125">
        <ele>614</ele>
        <time>2024-11-10T11:48:13.000Z</time>
        <extensions>
          <ns3:TrackPointExtension>
            <ns3:hr>91</ns3:hr>
            <ns3:cad>0</ns3:cad>
          </ns3:TrackPointExtension>
        </extensions>
      </trkpt>
      <trkpt lat="46.40383877791464328765869140625" lon="23.4642036817967891693115234375">
        <ele>613.4000244140625</ele>
        <time>2024-11-10T11:48:21.000Z</time>
        <extensions>
          <ns3:TrackPointExtension>
            <ns3:hr>92</ns3:hr>
            <ns3:cad>0</ns3:cad>
          </ns3:TrackPointExtension>
        </extensions>
      </trkpt>
      <trkpt lat="46.40380181372165679931640625" lon="23.4641788713634014129638671875">
        <ele>613</ele>
        <time>2024-11-10T11:48:27.000Z</time>
        <extensions>
          <ns3:TrackPointExtension>
            <ns3:hr>93</ns3:hr>
            <ns3:cad>0</ns3:cad>
          </ns3:TrackPointExtension>
        </extensions>
      </trkpt>
      <trkpt lat="46.40379108488559722900390625" lon="23.46417224965989589691162109375">
        <ele>612.79998779296875</ele>
        <time>2024-11-10T11:48:28.000Z</time>
        <extensions>
          <ns3:TrackPointExtension>
            <ns3:hr>93</ns3:hr>
            <ns3:cad>0</ns3:cad>
          </ns3:TrackPointExtension>
        </extensions>
      </trkpt>
      <trkpt lat="46.40376417897641658782958984375" lon="23.4641409851610660552978515625">
        <ele>611.79998779296875</ele>
        <time>2024-11-10T11:48:33.000Z</time>
        <extensions>
          <ns3:TrackPointExtension>
            <ns3:hr>93</ns3:hr>
            <ns3:cad>55</ns3:cad>
          </ns3:TrackPointExtension>
        </extensions>
      </trkpt>
      <trkpt lat="46.40376250259578227996826171875" lon="23.46411005593836307525634765625">
        <ele>611</ele>
        <time>2024-11-10T11:48:37.000Z</time>
        <extensions>
          <ns3:TrackPointExtension>
            <ns3:hr>94</ns3:hr>
            <ns3:cad>55</ns3:cad>
          </ns3:TrackPointExtension>
        </extensions>
      </trkpt>
      <trkpt lat="46.40376049093902111053466796875" lon="23.464104942977428436279296875">
        <ele>610.79998779296875</ele>
        <time>2024-11-10T11:48:38.000Z</time>
        <extensions>
          <ns3:TrackPointExtension>
            <ns3:hr>95</ns3:hr>
            <ns3:cad>52</ns3:cad>
          </ns3:TrackPointExtension>
        </extensions>
      </trkpt>
      <trkpt lat="46.4037285558879375457763671875" lon="23.4640796296298503875732421875">
        <ele>609.79998779296875</ele>
        <time>2024-11-10T11:48:44.000Z</time>
        <extensions>
          <ns3:TrackPointExtension>
            <ns3:hr>95</ns3:hr>
            <ns3:cad>52</ns3:cad>
          </ns3:TrackPointExtension>
        </extensions>
      </trkpt>
      <trkpt lat="46.403720341622829437255859375" lon="23.46407652832567691802978515625">
        <ele>609.5999755859375</ele>
        <time>2024-11-10T11:48:45.000Z</time>
        <extensions>
          <ns3:TrackPointExtension>
            <ns3:hr>94</ns3:hr>
            <ns3:cad>51</ns3:cad>
          </ns3:TrackPointExtension>
        </extensions>
      </trkpt>
      <trkpt lat="46.40368052758276462554931640625" lon="23.464062698185443878173828125">
        <ele>608.5999755859375</ele>
        <time>2024-11-10T11:48:50.000Z</time>
        <extensions>
          <ns3:TrackPointExtension>
            <ns3:hr>93</ns3:hr>
            <ns3:cad>52</ns3:cad>
          </ns3:TrackPointExtension>
        </extensions>
      </trkpt>
      <trkpt lat="46.403653956949710845947265625" lon="23.46403076313436031341552734375">
        <ele>608</ele>
        <time>2024-11-10T11:48:54.000Z</time>
        <extensions>
          <ns3:TrackPointExtension>
            <ns3:hr>89</ns3:hr>
            <ns3:cad>43</ns3:cad>
          </ns3:TrackPointExtension>
        </extensions>
      </trkpt>
      <trkpt lat="46.40364758670330047607421875" lon="23.464025817811489105224609375">
        <ele>608</ele>
        <time>2024-11-10T11:48:55.000Z</time>
        <extensions>
          <ns3:TrackPointExtension>
            <ns3:hr>88</ns3:hr>
            <ns3:cad>43</ns3:cad>
          </ns3:TrackPointExtension>
        </extensions>
      </trkpt>
      <trkpt lat="46.40361162833869457244873046875" lon="23.46395616419613361358642578125">
        <ele>607.5999755859375</ele>
        <time>2024-11-10T11:49:03.000Z</time>
        <extensions>
          <ns3:TrackPointExtension>
            <ns3:hr>88</ns3:hr>
            <ns3:cad>0</ns3:cad>
          </ns3:TrackPointExtension>
        </extensions>
      </trkpt>
      <trkpt lat="46.40358933247625827789306640625" lon="23.46395180560648441314697265625">
        <ele>607.4000244140625</ele>
        <time>2024-11-10T11:49:06.000Z</time>
        <extensions>
          <ns3:TrackPointExtension>
            <ns3:hr>85</ns3:hr>
            <ns3:cad>45</ns3:cad>
          </ns3:TrackPointExtension>
        </extensions>
      </trkpt>
      <trkpt lat="46.40354306437075138092041015625" lon="23.463922552764415740966796875">
        <ele>606.79998779296875</ele>
        <time>2024-11-10T11:49:11.000Z</time>
        <extensions>
          <ns3:TrackPointExtension>
            <ns3:hr>85</ns3:hr>
            <ns3:cad>47</ns3:cad>
          </ns3:TrackPointExtension>
        </extensions>
      </trkpt>
      <trkpt lat="46.4035290665924549102783203125" lon="23.463902436196804046630859375">
        <ele>606.20001220703125</ele>
        <time>2024-11-10T11:49:15.000Z</time>
        <extensions>
          <ns3:TrackPointExtension>
            <ns3:hr>85</ns3:hr>
            <ns3:cad>48</ns3:cad>
          </ns3:TrackPointExtension>
        </extensions>
      </trkpt>
      <trkpt lat="46.40351423062384128570556640625" lon="23.46387527883052825927734375">
        <ele>605.79998779296875</ele>
        <time>2024-11-10T11:49:18.000Z</time>
        <extensions>
          <ns3:TrackPointExtension>
            <ns3:hr>84</ns3:hr>
            <ns3:cad>49</ns3:cad>
          </ns3:TrackPointExtension>
        </extensions>
      </trkpt>
      <trkpt lat="46.4034626819193363189697265625" lon="23.46378953196108341217041015625">
        <ele>605.20001220703125</ele>
        <time>2024-11-10T11:49:25.000Z</time>
        <extensions>
          <ns3:TrackPointExtension>
            <ns3:hr>82</ns3:hr>
            <ns3:cad>48</ns3:cad>
          </ns3:TrackPointExtension>
        </extensions>
      </trkpt>
      <trkpt lat="46.40343577601015567779541015625" lon="23.463744185864925384521484375">
        <ele>604.5999755859375</ele>
        <time>2024-11-10T11:49:29.000Z</time>
        <extensions>
          <ns3:TrackPointExtension>
            <ns3:hr>83</ns3:hr>
            <ns3:cad>55</ns3:cad>
          </ns3:TrackPointExtension>
        </extensions>
      </trkpt>
      <trkpt lat="46.4034130610525608062744140625" lon="23.4637262485921382904052734375">
        <ele>604.20001220703125</ele>
        <time>2024-11-10T11:49:32.000Z</time>
        <extensions>
          <ns3:TrackPointExtension>
            <ns3:hr>83</ns3:hr>
            <ns3:cad>57</ns3:cad>
          </ns3:TrackPointExtension>
        </extensions>
      </trkpt>
      <trkpt lat="46.4033882506191730499267578125" lon="23.46370906569063663482666015625">
        <ele>603.79998779296875</ele>
        <time>2024-11-10T11:49:36.000Z</time>
        <extensions>
          <ns3:TrackPointExtension>
            <ns3:hr>85</ns3:hr>
            <ns3:cad>57</ns3:cad>
          </ns3:TrackPointExtension>
        </extensions>
      </trkpt>
      <trkpt lat="46.40333267860114574432373046875" lon="23.46362851560115814208984375">
        <ele>603.79998779296875</ele>
        <time>2024-11-10T11:49:44.000Z</time>
        <extensions>
          <ns3:TrackPointExtension>
            <ns3:hr>84</ns3:hr>
            <ns3:cad>43</ns3:cad>
          </ns3:TrackPointExtension>
        </extensions>
      </trkpt>
      <trkpt lat="46.40327165834605693817138671875" lon="23.4635726921260356903076171875">
        <ele>603.4000244140625</ele>
        <time>2024-11-10T11:49:53.000Z</time>
        <extensions>
          <ns3:TrackPointExtension>
            <ns3:hr>82</ns3:hr>
            <ns3:cad>47</ns3:cad>
          </ns3:TrackPointExtension>
        </extensions>
      </trkpt>
      <trkpt lat="46.4032313413918018341064453125" lon="23.46351594664156436920166015625">
        <ele>603</ele>
        <time>2024-11-10T11:49:59.000Z</time>
        <extensions>
          <ns3:TrackPointExtension>
            <ns3:hr>82</ns3:hr>
            <ns3:cad>45</ns3:cad>
          </ns3:TrackPointExtension>
        </extensions>
      </trkpt>
      <trkpt lat="46.40321700833737850189208984375" lon="23.46349851228296756744384765625">
        <ele>603</ele>
        <time>2024-11-10T11:50:02.000Z</time>
        <extensions>
          <ns3:TrackPointExtension>
            <ns3:hr>83</ns3:hr>
            <ns3:cad>46</ns3:cad>
          </ns3:TrackPointExtension>
        </extensions>
      </trkpt>
      <trkpt lat="46.40317643992602825164794921875" lon="23.46344872377812862396240234375">
        <ele>602.5999755859375</ele>
        <time>2024-11-10T11:50:08.000Z</time>
        <extensions>
          <ns3:TrackPointExtension>
            <ns3:hr>80</ns3:hr>
            <ns3:cad>49</ns3:cad>
          </ns3:TrackPointExtension>
        </extensions>
      </trkpt>
      <trkpt lat="46.40315464697778224945068359375" lon="23.46341201104223728179931640625">
        <ele>602.5999755859375</ele>
        <time>2024-11-10T11:50:12.000Z</time>
        <extensions>
          <ns3:TrackPointExtension>
            <ns3:hr>79</ns3:hr>
            <ns3:cad>46</ns3:cad>
          </ns3:TrackPointExtension>
        </extensions>
      </trkpt>
      <trkpt lat="46.40310318209230899810791015625" lon="23.4633369930088520050048828125">
        <ele>603</ele>
        <time>2024-11-10T11:50:20.000Z</time>
        <extensions>
          <ns3:TrackPointExtension>
            <ns3:hr>81</ns3:hr>
            <ns3:cad>0</ns3:cad>
          </ns3:TrackPointExtension>
        </extensions>
      </trkpt>
      <trkpt lat="46.4030808024108409881591796875" lon="23.46331612206995487213134765625">
        <ele>603.20001220703125</ele>
        <time>2024-11-10T11:50:25.000Z</time>
        <extensions>
          <ns3:TrackPointExtension>
            <ns3:hr>84</ns3:hr>
            <ns3:cad>0</ns3:cad>
          </ns3:TrackPointExtension>
        </extensions>
      </trkpt>
      <trkpt lat="46.4030702412128448486328125" lon="23.463307321071624755859375">
        <ele>603.4000244140625</ele>
        <time>2024-11-10T11:50:28.000Z</time>
        <extensions>
          <ns3:TrackPointExtension>
            <ns3:hr>85</ns3:hr>
            <ns3:cad>40</ns3:cad>
          </ns3:TrackPointExtension>
        </extensions>
      </trkpt>
      <trkpt lat="46.4030368812382221221923828125" lon="23.4632910601794719696044921875">
        <ele>604</ele>
        <time>2024-11-10T11:50:33.000Z</time>
        <extensions>
          <ns3:TrackPointExtension>
            <ns3:hr>88</ns3:hr>
            <ns3:cad>41</ns3:cad>
          </ns3:TrackPointExtension>
        </extensions>
      </trkpt>
      <trkpt lat="46.403033025562763214111328125" lon="23.4632934071123600006103515625">
        <ele>604.20001220703125</ele>
        <time>2024-11-10T11:50:34.000Z</time>
        <extensions>
          <ns3:TrackPointExtension>
            <ns3:hr>90</ns3:hr>
            <ns3:cad>40</ns3:cad>
          </ns3:TrackPointExtension>
        </extensions>
      </trkpt>
      <trkpt lat="46.40301919542253017425537109375" lon="23.46329768188297748565673828125">
        <ele>604.5999755859375</ele>
        <time>2024-11-10T11:50:37.000Z</time>
        <extensions>
          <ns3:TrackPointExtension>
            <ns3:hr>92</ns3:hr>
            <ns3:cad>77</ns3:cad>
          </ns3:TrackPointExtension>
        </extensions>
      </trkpt>
      <trkpt lat="46.40300662256777286529541015625" lon="23.46329986117780208587646484375">
        <ele>605.20001220703125</ele>
        <time>2024-11-10T11:50:43.000Z</time>
        <extensions>
          <ns3:TrackPointExtension>
            <ns3:hr>93</ns3:hr>
            <ns3:cad>0</ns3:cad>
          </ns3:TrackPointExtension>
        </extensions>
      </trkpt>
      <trkpt lat="46.40300662256777286529541015625" lon="23.46329986117780208587646484375">
        <ele>605.4000244140625</ele>
        <time>2024-11-10T11:50:44.000Z</time>
        <extensions>
          <ns3:TrackPointExtension>
            <ns3:hr>94</ns3:hr>
            <ns3:cad>0</ns3:cad>
          </ns3:TrackPointExtension>
        </extensions>
      </trkpt>
      <trkpt lat="46.40300662256777286529541015625" lon="23.46329986117780208587646484375">
        <ele>605.5999755859375</ele>
        <time>2024-11-10T11:50:58.000Z</time>
        <extensions>
          <ns3:TrackPointExtension>
            <ns3:hr>93</ns3:hr>
            <ns3:cad>0</ns3:cad>
          </ns3:TrackPointExtension>
        </extensions>
      </trkpt>
      <trkpt lat="46.40298214741051197052001953125" lon="23.46331193111836910247802734375">
        <ele>605.4000244140625</ele>
        <time>2024-11-10T11:51:06.000Z</time>
        <extensions>
          <ns3:TrackPointExtension>
            <ns3:hr>95</ns3:hr>
            <ns3:cad>0</ns3:cad>
          </ns3:TrackPointExtension>
        </extensions>
      </trkpt>
      <trkpt lat="46.4029698260128498077392578125" lon="23.4633339755237102508544921875">
        <ele>605.4000244140625</ele>
        <time>2024-11-10T11:51:18.000Z</time>
        <extensions>
          <ns3:TrackPointExtension>
            <ns3:hr>97</ns3:hr>
            <ns3:cad>0</ns3:cad>
          </ns3:TrackPointExtension>
        </extensions>
      </trkpt>
      <trkpt lat="46.4029929600656032562255859375" lon="23.46331109292805194854736328125">
        <ele>605.5999755859375</ele>
        <time>2024-11-10T11:51:28.000Z</time>
        <extensions>
          <ns3:TrackPointExtension>
            <ns3:hr>98</ns3:hr>
            <ns3:cad>0</ns3:cad>
          </ns3:TrackPointExtension>
        </extensions>
      </trkpt>
      <trkpt lat="46.40298617072403430938720703125" lon="23.46333439461886882781982421875">
        <ele>605.5999755859375</ele>
        <time>2024-11-10T11:51:35.000Z</time>
        <extensions>
          <ns3:TrackPointExtension>
            <ns3:hr>101</ns3:hr>
            <ns3:cad>0</ns3:cad>
          </ns3:TrackPointExtension>
        </extensions>
      </trkpt>
      <trkpt lat="46.40299036167562007904052734375" lon="23.46332584507763385772705078125">
        <ele>605.5999755859375</ele>
        <time>2024-11-10T11:51:38.000Z</time>
        <extensions>
          <ns3:TrackPointExtension>
            <ns3:hr>98</ns3:hr>
            <ns3:cad>0</ns3:cad>
          </ns3:TrackPointExtension>
        </extensions>
      </trkpt>
      <trkpt lat="46.40299522317945957183837890625" lon="23.46332098357379436492919921875">
        <ele>605.79998779296875</ele>
        <time>2024-11-10T11:51:41.000Z</time>
        <extensions>
          <ns3:TrackPointExtension>
            <ns3:hr>95</ns3:hr>
            <ns3:cad>0</ns3:cad>
          </ns3:TrackPointExtension>
        </extensions>
      </trkpt>
      <trkpt lat="46.40300058759748935699462890625" lon="23.46330908127129077911376953125">
        <ele>605.79998779296875</ele>
        <time>2024-11-10T11:51:46.000Z</time>
        <extensions>
          <ns3:TrackPointExtension>
            <ns3:hr>86</ns3:hr>
            <ns3:cad>0</ns3:cad>
          </ns3:TrackPointExtension>
        </extensions>
      </trkpt>
      <trkpt lat="46.4029986597597599029541015625" lon="23.46330455504357814788818359375">
        <ele>605.79998779296875</ele>
        <time>2024-11-10T11:51:47.000Z</time>
        <extensions>
          <ns3:TrackPointExtension>
            <ns3:hr>79</ns3:hr>
            <ns3:cad>0</ns3:cad>
          </ns3:TrackPointExtension>
        </extensions>
      </trkpt>
      <trkpt lat="46.4029986597597599029541015625" lon="23.46330455504357814788818359375">
        <ele>605.79998779296875</ele>
        <time>2024-11-10T11:51:49.000Z</time>
        <extensions>
          <ns3:TrackPointExtension>
            <ns3:hr>77</ns3:hr>
            <ns3:cad>0</ns3:cad>
          </ns3:TrackPointExtension>
        </extensions>
      </trkpt>
      <trkpt lat="46.4029986597597599029541015625" lon="23.46330455504357814788818359375">
        <ele>605.79998779296875</ele>
        <time>2024-11-10T11:51:53.000Z</time>
        <extensions>
          <ns3:TrackPointExtension>
            <ns3:hr>74</ns3:hr>
            <ns3:cad>0</ns3:cad>
          </ns3:TrackPointExtension>
        </extensions>
      </trkpt>
      <trkpt lat="46.402992121875286102294921875" lon="23.463305644690990447998046875">
        <ele>605.79998779296875</ele>
        <time>2024-11-10T11:51:57.000Z</time>
        <extensions>
          <ns3:TrackPointExtension>
            <ns3:hr>70</ns3:hr>
            <ns3:cad>0</ns3:cad>
          </ns3:TrackPointExtension>
        </extensions>
      </trkpt>
      <trkpt lat="46.4029986597597599029541015625" lon="23.46330455504357814788818359375">
        <ele>605.79998779296875</ele>
        <time>2024-11-10T11:52:03.000Z</time>
        <extensions>
          <ns3:TrackPointExtension>
            <ns3:hr>68</ns3:hr>
            <ns3:cad>0</ns3:cad>
          </ns3:TrackPointExtension>
        </extensions>
      </trkpt>
      <trkpt lat="46.4029986597597599029541015625" lon="23.46330455504357814788818359375">
        <ele>606</ele>
        <time>2024-11-10T11:52:16.000Z</time>
        <extensions>
          <ns3:TrackPointExtension>
            <ns3:hr>67</ns3:hr>
            <ns3:cad>0</ns3:cad>
          </ns3:TrackPointExtension>
        </extensions>
      </trkpt>
      <trkpt lat="46.40299488790333271026611328125" lon="23.463315032422542572021484375">
        <ele>606</ele>
        <time>2024-11-10T11:52:22.000Z</time>
        <extensions>
          <ns3:TrackPointExtension>
            <ns3:hr>72</ns3:hr>
            <ns3:cad>0</ns3:cad>
          </ns3:TrackPointExtension>
        </extensions>
      </trkpt>
      <trkpt lat="46.40298382379114627838134765625" lon="23.4633128531277179718017578125">
        <ele>606</ele>
        <time>2024-11-10T11:52:24.000Z</time>
        <extensions>
          <ns3:TrackPointExtension>
            <ns3:hr>75</ns3:hr>
            <ns3:cad>0</ns3:cad>
          </ns3:TrackPointExtension>
        </extensions>
      </trkpt>
      <trkpt lat="46.40298650600016117095947265625" lon="23.46331628970801830291748046875">
        <ele>605.79998779296875</ele>
        <time>2024-11-10T11:52:30.000Z</time>
        <extensions>
          <ns3:TrackPointExtension>
            <ns3:hr>74</ns3:hr>
            <ns3:cad>0</ns3:cad>
          </ns3:TrackPointExtension>
        </extensions>
      </trkpt>
      <trkpt lat="46.40298348851501941680908203125" lon="23.4633115120232105255126953125">
        <ele>605.79998779296875</ele>
        <time>2024-11-10T11:52:40.000Z</time>
        <extensions>
          <ns3:TrackPointExtension>
            <ns3:hr>73</ns3:hr>
            <ns3:cad>0</ns3:cad>
          </ns3:TrackPointExtension>
        </extensions>
      </trkpt>
      <trkpt lat="46.4029842428863048553466796875" lon="23.46331603825092315673828125">
        <ele>605.79998779296875</ele>
        <time>2024-11-10T11:52:45.000Z</time>
        <extensions>
          <ns3:TrackPointExtension>
            <ns3:hr>79</ns3:hr>
            <ns3:cad>0</ns3:cad>
          </ns3:TrackPointExtension>
        </extensions>
      </trkpt>
      <trkpt lat="46.40298633836209774017333984375" lon="23.46330941654741764068603515625">
        <ele>606</ele>
        <time>2024-11-10T11:52:48.000Z</time>
        <extensions>
          <ns3:TrackPointExtension>
            <ns3:hr>81</ns3:hr>
            <ns3:cad>0</ns3:cad>
          </ns3:TrackPointExtension>
        </extensions>
      </trkpt>
      <trkpt lat="46.40300209634006023406982421875" lon="23.4633021242916584014892578125">
        <ele>606.20001220703125</ele>
        <time>2024-11-10T11:52:57.000Z</time>
        <extensions>
          <ns3:TrackPointExtension>
            <ns3:hr>77</ns3:hr>
            <ns3:cad>0</ns3:cad>
          </ns3:TrackPointExtension>
        </extensions>
      </trkpt>
      <trkpt lat="46.40300209634006023406982421875" lon="23.4633021242916584014892578125">
        <ele>606.20001220703125</ele>
        <time>2024-11-10T11:52:58.000Z</time>
        <extensions>
          <ns3:TrackPointExtension>
            <ns3:hr>77</ns3:hr>
            <ns3:cad>0</ns3:cad>
          </ns3:TrackPointExtension>
        </extensions>
      </trkpt>
      <trkpt lat="46.4030053652822971343994140625" lon="23.4632984362542629241943359375">
        <ele>606.20001220703125</ele>
        <time>2024-11-10T11:53:01.000Z</time>
        <extensions>
          <ns3:TrackPointExtension>
            <ns3:hr>75</ns3:hr>
            <ns3:cad>0</ns3:cad>
          </ns3:TrackPointExtension>
        </extensions>
      </trkpt>
      <trkpt lat="46.40301114879548549652099609375" lon="23.4633131884038448333740234375">
        <ele>606.20001220703125</ele>
        <time>2024-11-10T11:53:05.000Z</time>
        <extensions>
          <ns3:TrackPointExtension>
            <ns3:hr>71</ns3:hr>
            <ns3:cad>0</ns3:cad>
          </ns3:TrackPointExtension>
        </extensions>
      </trkpt>
      <trkpt lat="46.4030093885958194732666015625" lon="23.46330472268164157867431640625">
        <ele>606.20001220703125</ele>
        <time>2024-11-10T11:53:06.000Z</time>
        <extensions>
          <ns3:TrackPointExtension>
            <ns3:hr>70</ns3:hr>
            <ns3:cad>0</ns3:cad>
          </ns3:TrackPointExtension>
        </extensions>
      </trkpt>
      <trkpt lat="46.40300209634006023406982421875" lon="23.4633021242916584014892578125">
        <ele>606</ele>
        <time>2024-11-10T11:53:11.000Z</time>
        <extensions>
          <ns3:TrackPointExtension>
            <ns3:hr>74</ns3:hr>
            <ns3:cad>0</ns3:cad>
          </ns3:TrackPointExtension>
        </extensions>
      </trkpt>
      <trkpt lat="46.40300209634006023406982421875" lon="23.4633021242916584014892578125">
        <ele>606</ele>
        <time>2024-11-10T11:53:13.000Z</time>
        <extensions>
          <ns3:TrackPointExtension>
            <ns3:hr>75</ns3:hr>
            <ns3:cad>0</ns3:cad>
          </ns3:TrackPointExtension>
        </extensions>
      </trkpt>
      <trkpt lat="46.40300209634006023406982421875" lon="23.4633021242916584014892578125">
        <ele>605.79998779296875</ele>
        <time>2024-11-10T11:53:15.000Z</time>
        <extensions>
          <ns3:TrackPointExtension>
            <ns3:hr>71</ns3:hr>
            <ns3:cad>0</ns3:cad>
          </ns3:TrackPointExtension>
        </extensions>
      </trkpt>
      <trkpt lat="46.40301416628062725067138671875" lon="23.46328896470367908477783203125">
        <ele>606.20001220703125</ele>
        <time>2024-11-10T11:53:24.000Z</time>
        <extensions>
          <ns3:TrackPointExtension>
            <ns3:hr>71</ns3:hr>
            <ns3:cad>0</ns3:cad>
          </ns3:TrackPointExtension>
        </extensions>
      </trkpt>
      <trkpt lat="46.403009556233882904052734375" lon="23.46328276209533214569091796875">
        <ele>606.4000244140625</ele>
        <time>2024-11-10T11:53:34.000Z</time>
        <extensions>
          <ns3:TrackPointExtension>
            <ns3:hr>72</ns3:hr>
            <ns3:cad>0</ns3:cad>
          </ns3:TrackPointExtension>
        </extensions>
      </trkpt>
      <trkpt lat="46.40300662256777286529541015625" lon="23.4632952511310577392578125">
        <ele>606.20001220703125</ele>
        <time>2024-11-10T11:53:44.000Z</time>
        <extensions>
          <ns3:TrackPointExtension>
            <ns3:hr>74</ns3:hr>
            <ns3:cad>0</ns3:cad>
          </ns3:TrackPointExtension>
        </extensions>
      </trkpt>
      <trkpt lat="46.40300762839615345001220703125" lon="23.4632977657020092010498046875">
        <ele>606.4000244140625</ele>
        <time>2024-11-10T11:53:52.000Z</time>
        <extensions>
          <ns3:TrackPointExtension>
            <ns3:hr>74</ns3:hr>
            <ns3:cad>0</ns3:cad>
          </ns3:TrackPointExtension>
        </extensions>
      </trkpt>
      <trkpt lat="46.40300259925425052642822265625" lon="23.46330086700618267059326171875">
        <ele>606.4000244140625</ele>
        <time>2024-11-10T11:53:56.000Z</time>
        <extensions>
          <ns3:TrackPointExtension>
            <ns3:hr>81</ns3:hr>
            <ns3:cad>0</ns3:cad>
          </ns3:TrackPointExtension>
        </extensions>
      </trkpt>
      <trkpt lat="46.4030053652822971343994140625" lon="23.46329818479716777801513671875">
        <ele>606.4000244140625</ele>
        <time>2024-11-10T11:53:57.000Z</time>
        <extensions>
          <ns3:TrackPointExtension>
            <ns3:hr>87</ns3:hr>
            <ns3:cad>0</ns3:cad>
          </ns3:TrackPointExtension>
        </extensions>
      </trkpt>
      <trkpt lat="46.4030053652822971343994140625" lon="23.46329818479716777801513671875">
        <ele>606.4000244140625</ele>
        <time>2024-11-10T11:53:59.000Z</time>
        <extensions>
          <ns3:TrackPointExtension>
            <ns3:hr>88</ns3:hr>
            <ns3:cad>0</ns3:cad>
          </ns3:TrackPointExtension>
        </extensions>
      </trkpt>
      <trkpt lat="46.40300226397812366485595703125" lon="23.46328745596110820770263671875">
        <ele>606.4000244140625</ele>
        <time>2024-11-10T11:54:06.000Z</time>
        <extensions>
          <ns3:TrackPointExtension>
            <ns3:hr>85</ns3:hr>
            <ns3:cad>0</ns3:cad>
          </ns3:TrackPointExtension>
        </extensions>
      </trkpt>
      <trkpt lat="46.40300293453037738800048828125" lon="23.4632877074182033538818359375">
        <ele>606.4000244140625</ele>
        <time>2024-11-10T11:54:08.000Z</time>
        <extensions>
          <ns3:TrackPointExtension>
            <ns3:hr>81</ns3:hr>
            <ns3:cad>0</ns3:cad>
          </ns3:TrackPointExtension>
        </extensions>
      </trkpt>
      <trkpt lat="46.40300326980650424957275390625" lon="23.46329650841653347015380859375">
        <ele>606.4000244140625</ele>
        <time>2024-11-10T11:54:09.000Z</time>
        <extensions>
          <ns3:TrackPointExtension>
            <ns3:hr>76</ns3:hr>
            <ns3:cad>0</ns3:cad>
          </ns3:TrackPointExtension>
        </extensions>
      </trkpt>
      <trkpt lat="46.4030053652822971343994140625" lon="23.46329818479716777801513671875">
        <ele>606.4000244140625</ele>
        <time>2024-11-10T11:54:11.000Z</time>
        <extensions>
          <ns3:TrackPointExtension>
            <ns3:hr>71</ns3:hr>
            <ns3:cad>0</ns3:cad>
          </ns3:TrackPointExtension>
        </extensions>
      </trkpt>
      <trkpt lat="46.4030053652822971343994140625" lon="23.46329818479716777801513671875">
        <ele>606.5999755859375</ele>
        <time>2024-11-10T11:54:13.000Z</time>
        <extensions>
          <ns3:TrackPointExtension>
            <ns3:hr>68</ns3:hr>
            <ns3:cad>0</ns3:cad>
          </ns3:TrackPointExtension>
        </extensions>
      </trkpt>
      <trkpt lat="46.40300058759748935699462890625" lon="23.46331193111836910247802734375">
        <ele>606.5999755859375</ele>
        <time>2024-11-10T11:54:19.000Z</time>
        <extensions>
          <ns3:TrackPointExtension>
            <ns3:hr>71</ns3:hr>
            <ns3:cad>0</ns3:cad>
          </ns3:TrackPointExtension>
        </extensions>
      </trkpt>
      <trkpt lat="46.4030053652822971343994140625" lon="23.46329818479716777801513671875">
        <ele>606.5999755859375</ele>
        <time>2024-11-10T11:54:21.000Z</time>
        <extensions>
          <ns3:TrackPointExtension>
            <ns3:hr>75</ns3:hr>
            <ns3:cad>0</ns3:cad>
          </ns3:TrackPointExtension>
        </extensions>
      </trkpt>
      <trkpt lat="46.402993462979793548583984375" lon="23.46331394277513027191162109375">
        <ele>606.5999755859375</ele>
        <time>2024-11-10T11:54:22.000Z</time>
        <extensions>
          <ns3:TrackPointExtension>
            <ns3:hr>75</ns3:hr>
            <ns3:cad>0</ns3:cad>
          </ns3:TrackPointExtension>
        </extensions>
      </trkpt>
      <trkpt lat="46.40299287624657154083251953125" lon="23.46331025473773479461669921875">
        <ele>606.5999755859375</ele>
        <time>2024-11-10T11:54:30.000Z</time>
        <extensions>
          <ns3:TrackPointExtension>
            <ns3:hr>78</ns3:hr>
            <ns3:cad>0</ns3:cad>
          </ns3:TrackPointExtension>
        </extensions>
      </trkpt>
      <trkpt lat="46.40298633836209774017333984375" lon="23.46331067383289337158203125">
        <ele>606.5999755859375</ele>
        <time>2024-11-10T11:54:32.000Z</time>
        <extensions>
          <ns3:TrackPointExtension>
            <ns3:hr>75</ns3:hr>
            <ns3:cad>0</ns3:cad>
          </ns3:TrackPointExtension>
        </extensions>
      </trkpt>
      <trkpt lat="46.402976699173450469970703125" lon="23.46331511624157428741455078125">
        <ele>606.79998779296875</ele>
        <time>2024-11-10T11:54:37.000Z</time>
        <extensions>
          <ns3:TrackPointExtension>
            <ns3:hr>75</ns3:hr>
            <ns3:cad>0</ns3:cad>
          </ns3:TrackPointExtension>
        </extensions>
      </trkpt>
      <trkpt lat="46.4029316045343875885009765625" lon="23.46336188726127147674560546875">
        <ele>606.5999755859375</ele>
        <time>2024-11-10T11:54:47.000Z</time>
        <extensions>
          <ns3:TrackPointExtension>
            <ns3:hr>73</ns3:hr>
            <ns3:cad>0</ns3:cad>
          </ns3:TrackPointExtension>
        </extensions>
      </trkpt>
      <trkpt lat="46.40288986265659332275390625" lon="23.46340195275843143463134765625">
        <ele>606.20001220703125</ele>
        <time>2024-11-10T11:54:52.000Z</time>
        <extensions>
          <ns3:TrackPointExtension>
            <ns3:hr>77</ns3:hr>
            <ns3:cad>0</ns3:cad>
          </ns3:TrackPointExtension>
        </extensions>
      </trkpt>
      <trkpt lat="46.4028798043727874755859375" lon="23.4634105861186981201171875">
        <ele>606.20001220703125</ele>
        <time>2024-11-10T11:54:53.000Z</time>
        <extensions>
          <ns3:TrackPointExtension>
            <ns3:hr>80</ns3:hr>
            <ns3:cad>0</ns3:cad>
          </ns3:TrackPointExtension>
        </extensions>
      </trkpt>
      <trkpt lat="46.402861364185810089111328125" lon="23.4634268470108509063720703125">
        <ele>606</ele>
        <time>2024-11-10T11:54:55.000Z</time>
        <extensions>
          <ns3:TrackPointExtension>
            <ns3:hr>81</ns3:hr>
            <ns3:cad>48</ns3:cad>
          </ns3:TrackPointExtension>
        </extensions>
      </trkpt>
      <trkpt lat="46.40280528925359249114990234375" lon="23.46346029080450534820556640625">
        <ele>605.4000244140625</ele>
        <time>2024-11-10T11:55:01.000Z</time>
        <extensions>
          <ns3:TrackPointExtension>
            <ns3:hr>84</ns3:hr>
            <ns3:cad>48</ns3:cad>
          </ns3:TrackPointExtension>
        </extensions>
      </trkpt>
      <trkpt lat="46.40278835780918598175048828125" lon="23.4634695947170257568359375">
        <ele>605.20001220703125</ele>
        <time>2024-11-10T11:55:03.000Z</time>
        <extensions>
          <ns3:TrackPointExtension>
            <ns3:hr>85</ns3:hr>
            <ns3:cad>49</ns3:cad>
          </ns3:TrackPointExtension>
        </extensions>
      </trkpt>
      <trkpt lat="46.40277058817446231842041015625" lon="23.4634778089821338653564453125">
        <ele>605.20001220703125</ele>
        <time>2024-11-10T11:55:06.000Z</time>
        <extensions>
          <ns3:TrackPointExtension>
            <ns3:hr>88</ns3:hr>
            <ns3:cad>49</ns3:cad>
          </ns3:TrackPointExtension>
        </extensions>
      </trkpt>
      <trkpt lat="46.40276379883289337158203125" lon="23.46348040737211704254150390625">
        <ele>605.20001220703125</ele>
        <time>2024-11-10T11:55:07.000Z</time>
        <extensions>
          <ns3:TrackPointExtension>
            <ns3:hr>88</ns3:hr>
            <ns3:cad>49</ns3:cad>
          </ns3:TrackPointExtension>
        </extensions>
      </trkpt>
      <trkpt lat="46.4027269184589385986328125" lon="23.46351225860416889190673828125">
        <ele>605</ele>
        <time>2024-11-10T11:55:11.000Z</time>
        <extensions>
          <ns3:TrackPointExtension>
            <ns3:hr>87</ns3:hr>
            <ns3:cad>47</ns3:cad>
          </ns3:TrackPointExtension>
        </extensions>
      </trkpt>
      <trkpt lat="46.40265961177647113800048828125" lon="23.46356255002319812774658203125">
        <ele>604.5999755859375</ele>
        <time>2024-11-10T11:55:19.000Z</time>
        <extensions>
          <ns3:TrackPointExtension>
            <ns3:hr>89</ns3:hr>
            <ns3:cad>47</ns3:cad>
          </ns3:TrackPointExtension>
        </extensions>
      </trkpt>
      <trkpt lat="46.40259892679750919342041015625" lon="23.46357612870633602142333984375">
        <ele>604.4000244140625</ele>
        <time>2024-11-10T11:55:28.000Z</time>
        <extensions>
          <ns3:TrackPointExtension>
            <ns3:hr>87</ns3:hr>
            <ns3:cad>0</ns3:cad>
          </ns3:TrackPointExtension>
        </extensions>
      </trkpt>
      <trkpt lat="46.40259305946528911590576171875" lon="23.46357822418212890625">
        <ele>604.20001220703125</ele>
        <time>2024-11-10T11:55:29.000Z</time>
        <extensions>
          <ns3:TrackPointExtension>
            <ns3:hr>87</ns3:hr>
            <ns3:cad>0</ns3:cad>
          </ns3:TrackPointExtension>
        </extensions>
      </trkpt>
      <trkpt lat="46.4025257527828216552734375" lon="23.46362843178212642669677734375">
        <ele>603.5999755859375</ele>
        <time>2024-11-10T11:55:38.000Z</time>
        <extensions>
          <ns3:TrackPointExtension>
            <ns3:hr>84</ns3:hr>
            <ns3:cad>44</ns3:cad>
          </ns3:TrackPointExtension>
        </extensions>
      </trkpt>
      <trkpt lat="46.4024372398853302001953125" lon="23.4636514820158481597900390625">
        <ele>603.4000244140625</ele>
        <time>2024-11-10T11:55:47.000Z</time>
        <extensions>
          <ns3:TrackPointExtension>
            <ns3:hr>84</ns3:hr>
            <ns3:cad>43</ns3:cad>
          </ns3:TrackPointExtension>
        </extensions>
      </trkpt>
      <trkpt lat="46.4023807458579540252685546875" lon="23.4636692516505718231201171875">
        <ele>603.20001220703125</ele>
        <time>2024-11-10T11:55:53.000Z</time>
        <extensions>
          <ns3:TrackPointExtension>
            <ns3:hr>82</ns3:hr>
            <ns3:cad>48</ns3:cad>
          </ns3:TrackPointExtension>
        </extensions>
      </trkpt>
      <trkpt lat="46.40234579332172870635986328125" lon="23.4636823274195194244384765625">
        <ele>603</ele>
        <time>2024-11-10T11:55:57.000Z</time>
        <extensions>
          <ns3:TrackPointExtension>
            <ns3:hr>79</ns3:hr>
            <ns3:cad>46</ns3:cad>
          </ns3:TrackPointExtension>
        </extensions>
      </trkpt>
      <trkpt lat="46.40233875252306461334228515625" lon="23.46368459053337574005126953125">
        <ele>603</ele>
        <time>2024-11-10T11:55:58.000Z</time>
        <extensions>
          <ns3:TrackPointExtension>
            <ns3:hr>80</ns3:hr>
            <ns3:cad>46</ns3:cad>
          </ns3:TrackPointExtension>
        </extensions>
      </trkpt>
      <trkpt lat="46.40225510112941265106201171875" lon="23.4636709280312061309814453125">
        <ele>602.79998779296875</ele>
        <time>2024-11-10T11:56:08.000Z</time>
        <extensions>
          <ns3:TrackPointExtension>
            <ns3:hr>82</ns3:hr>
            <ns3:cad>0</ns3:cad>
          </ns3:TrackPointExtension>
        </extensions>
      </trkpt>
      <trkpt lat="46.40223481692373752593994140625" lon="23.4636813215911388397216796875">
        <ele>603</ele>
        <time>2024-11-10T11:56:12.000Z</time>
        <extensions>
          <ns3:TrackPointExtension>
            <ns3:hr>78</ns3:hr>
            <ns3:cad>42</ns3:cad>
          </ns3:TrackPointExtension>
        </extensions>
      </trkpt>
      <trkpt lat="46.4022127725183963775634765625" lon="23.4636850096285343170166015625">
        <ele>603.20001220703125</ele>
        <time>2024-11-10T11:56:14.000Z</time>
        <extensions>
          <ns3:TrackPointExtension>
            <ns3:hr>81</ns3:hr>
            <ns3:cad>42</ns3:cad>
          </ns3:TrackPointExtension>
        </extensions>
      </trkpt>
      <trkpt lat="46.40218066982924938201904296875" lon="23.46368123777210712432861328125">
        <ele>603.5999755859375</ele>
        <time>2024-11-10T11:56:18.000Z</time>
        <extensions>
          <ns3:TrackPointExtension>
            <ns3:hr>81</ns3:hr>
            <ns3:cad>0</ns3:cad>
          </ns3:TrackPointExtension>
        </extensions>
      </trkpt>
      <trkpt lat="46.40216859988868236541748046875" lon="23.463622815907001495361328125">
        <ele>603.5999755859375</ele>
        <time>2024-11-10T11:56:24.000Z</time>
        <extensions>
          <ns3:TrackPointExtension>
            <ns3:hr>81</ns3:hr>
            <ns3:cad>45</ns3:cad>
          </ns3:TrackPointExtension>
        </extensions>
      </trkpt>
      <trkpt lat="46.4021732099354267120361328125" lon="23.46359993331134319305419921875">
        <ele>603.4000244140625</ele>
        <time>2024-11-10T11:56:26.000Z</time>
        <extensions>
          <ns3:TrackPointExtension>
            <ns3:hr>81</ns3:hr>
            <ns3:cad>0</ns3:cad>
          </ns3:TrackPointExtension>
        </extensions>
      </trkpt>
      <trkpt lat="46.40217949636280536651611328125" lon="23.46358618699014186859130859375">
        <ele>603</ele>
        <time>2024-11-10T11:56:30.000Z</time>
        <extensions>
          <ns3:TrackPointExtension>
            <ns3:hr>84</ns3:hr>
            <ns3:cad>0</ns3:cad>
          </ns3:TrackPointExtension>
        </extensions>
      </trkpt>
      <trkpt lat="46.40218175947666168212890625" lon="23.46359238959848880767822265625">
        <ele>603</ele>
        <time>2024-11-10T11:56:36.000Z</time>
        <extensions>
          <ns3:TrackPointExtension>
            <ns3:hr>84</ns3:hr>
            <ns3:cad>0</ns3:cad>
          </ns3:TrackPointExtension>
        </extensions>
      </trkpt>
      <trkpt lat="46.40218201093375682830810546875" lon="23.46360169351100921630859375">
        <ele>603</ele>
        <time>2024-11-10T11:56:45.000Z</time>
        <extensions>
          <ns3:TrackPointExtension>
            <ns3:hr>84</ns3:hr>
            <ns3:cad>0</ns3:cad>
          </ns3:TrackPointExtension>
        </extensions>
      </trkpt>
      <trkpt lat="46.402178741991519927978515625" lon="23.46360077150166034698486328125">
        <ele>603</ele>
        <time>2024-11-10T11:56:50.000Z</time>
        <extensions>
          <ns3:TrackPointExtension>
            <ns3:hr>81</ns3:hr>
            <ns3:cad>0</ns3:cad>
          </ns3:TrackPointExtension>
        </extensions>
      </trkpt>
      <trkpt lat="46.40217681415379047393798828125" lon="23.463590629398822784423828125">
        <ele>602.79998779296875</ele>
        <time>2024-11-10T11:56:53.000Z</time>
        <extensions>
          <ns3:TrackPointExtension>
            <ns3:hr>78</ns3:hr>
            <ns3:cad>0</ns3:cad>
          </ns3:TrackPointExtension>
        </extensions>
      </trkpt>
      <trkpt lat="46.4021690189838409423828125" lon="23.46356037072837352752685546875">
        <ele>602.5999755859375</ele>
        <time>2024-11-10T11:56:56.000Z</time>
        <extensions>
          <ns3:TrackPointExtension>
            <ns3:hr>76</ns3:hr>
            <ns3:cad>0</ns3:cad>
          </ns3:TrackPointExtension>
        </extensions>
      </trkpt>
      <trkpt lat="46.4021530933678150177001953125" lon="23.4635348059237003326416015625">
        <ele>602</ele>
        <time>2024-11-10T11:57:00.000Z</time>
        <extensions>
          <ns3:TrackPointExtension>
            <ns3:hr>77</ns3:hr>
            <ns3:cad>48</ns3:cad>
          </ns3:TrackPointExtension>
        </extensions>
      </trkpt>
      <trkpt lat="46.40214177779853343963623046875" lon="23.4635063074529170989990234375">
        <ele>601.5999755859375</ele>
        <time>2024-11-10T11:57:03.000Z</time>
        <extensions>
          <ns3:TrackPointExtension>
            <ns3:hr>81</ns3:hr>
            <ns3:cad>47</ns3:cad>
          </ns3:TrackPointExtension>
        </extensions>
      </trkpt>
      <trkpt lat="46.40214211307466030120849609375" lon="23.46350035630166530609130859375">
        <ele>601.20001220703125</ele>
        <time>2024-11-10T11:57:05.000Z</time>
        <extensions>
          <ns3:TrackPointExtension>
            <ns3:hr>84</ns3:hr>
            <ns3:cad>0</ns3:cad>
          </ns3:TrackPointExtension>
        </extensions>
      </trkpt>
      <trkpt lat="46.40214127488434314727783203125" lon="23.463500104844570159912109375">
        <ele>601.20001220703125</ele>
        <time>2024-11-10T11:57:07.000Z</time>
        <extensions>
          <ns3:TrackPointExtension>
            <ns3:hr>84</ns3:hr>
            <ns3:cad>0</ns3:cad>
          </ns3:TrackPointExtension>
        </extensions>
      </trkpt>
      <trkpt lat="46.40214144252240657806396484375" lon="23.463499434292316436767578125">
        <ele>601.20001220703125</ele>
        <time>2024-11-10T11:57:10.000Z</time>
        <extensions>
          <ns3:TrackPointExtension>
            <ns3:hr>81</ns3:hr>
            <ns3:cad>0</ns3:cad>
          </ns3:TrackPointExtension>
        </extensions>
      </trkpt>
      <trkpt lat="46.40214144252240657806396484375" lon="23.4634996019303798675537109375">
        <ele>601.20001220703125</ele>
        <time>2024-11-10T11:57:11.000Z</time>
        <extensions>
          <ns3:TrackPointExtension>
            <ns3:hr>78</ns3:hr>
            <ns3:cad>0</ns3:cad>
          </ns3:TrackPointExtension>
        </extensions>
      </trkpt>
      <trkpt lat="46.40212920494377613067626953125" lon="23.4634462930262088775634765625">
        <ele>600.79998779296875</ele>
        <time>2024-11-10T11:57:17.000Z</time>
        <extensions>
          <ns3:TrackPointExtension>
            <ns3:hr>77</ns3:hr>
            <ns3:cad>0</ns3:cad>
          </ns3:TrackPointExtension>
        </extensions>
      </trkpt>
      <trkpt lat="46.4021306298673152923583984375" lon="23.4634402580559253692626953125">
        <ele>600.79998779296875</ele>
        <time>2024-11-10T11:57:18.000Z</time>
        <extensions>
          <ns3:TrackPointExtension>
            <ns3:hr>77</ns3:hr>
            <ns3:cad>0</ns3:cad>
          </ns3:TrackPointExtension>
        </extensions>
      </trkpt>
      <trkpt lat="46.40213213860988616943359375" lon="23.46342424862086772918701171875">
        <ele>600</ele>
        <time>2024-11-10T11:57:25.000Z</time>
        <extensions>
          <ns3:TrackPointExtension>
            <ns3:hr>76</ns3:hr>
            <ns3:cad>0</ns3:cad>
          </ns3:TrackPointExtension>
        </extensions>
      </trkpt>
      <trkpt lat="46.40211981721222400665283203125" lon="23.4633837640285491943359375">
        <ele>599.79998779296875</ele>
        <time>2024-11-10T11:57:29.000Z</time>
        <extensions>
          <ns3:TrackPointExtension>
            <ns3:hr>77</ns3:hr>
            <ns3:cad>0</ns3:cad>
          </ns3:TrackPointExtension>
        </extensions>
      </trkpt>
      <trkpt lat="46.4021128602325916290283203125" lon="23.46333020366728305816650390625">
        <ele>599.4000244140625</ele>
        <time>2024-11-10T11:57:33.000Z</time>
        <extensions>
          <ns3:TrackPointExtension>
            <ns3:hr>78</ns3:hr>
            <ns3:cad>46</ns3:cad>
          </ns3:TrackPointExtension>
        </extensions>
      </trkpt>
      <trkpt lat="46.40210791490972042083740234375" lon="23.4633255936205387115478515625">
        <ele>599</ele>
        <time>2024-11-10T11:57:39.000Z</time>
        <extensions>
          <ns3:TrackPointExtension>
            <ns3:hr>76</ns3:hr>
            <ns3:cad>0</ns3:cad>
          </ns3:TrackPointExtension>
        </extensions>
      </trkpt>
      <trkpt lat="46.4020947553217411041259765625" lon="23.46330505795776844024658203125">
        <ele>599</ele>
        <time>2024-11-10T11:57:43.000Z</time>
        <extensions>
          <ns3:TrackPointExtension>
            <ns3:hr>72</ns3:hr>
            <ns3:cad>0</ns3:cad>
          </ns3:TrackPointExtension>
        </extensions>
      </trkpt>
      <trkpt lat="46.40209131874144077301025390625" lon="23.46329391002655029296875">
        <ele>599</ele>
        <time>2024-11-10T11:57:44.000Z</time>
        <extensions>
          <ns3:TrackPointExtension>
            <ns3:hr>69</ns3:hr>
            <ns3:cad>0</ns3:cad>
          </ns3:TrackPointExtension>
        </extensions>
      </trkpt>
      <trkpt lat="46.4020840264856815338134765625" lon="23.46326968632638454437255859375">
        <ele>598.79998779296875</ele>
        <time>2024-11-10T11:57:46.000Z</time>
        <extensions>
          <ns3:TrackPointExtension>
            <ns3:hr>68</ns3:hr>
            <ns3:cad>0</ns3:cad>
          </ns3:TrackPointExtension>
        </extensions>
      </trkpt>
      <trkpt lat="46.40207908116281032562255859375" lon="23.4632649086415767669677734375">
        <ele>598.79998779296875</ele>
        <time>2024-11-10T11:57:47.000Z</time>
        <extensions>
          <ns3:TrackPointExtension>
            <ns3:hr>68</ns3:hr>
            <ns3:cad>47</ns3:cad>
          </ns3:TrackPointExtension>
        </extensions>
      </trkpt>
      <trkpt lat="46.4020649157464504241943359375" lon="23.463262729346752166748046875">
        <ele>598.4000244140625</ele>
        <time>2024-11-10T11:57:50.000Z</time>
        <extensions>
          <ns3:TrackPointExtension>
            <ns3:hr>71</ns3:hr>
            <ns3:cad>53</ns3:cad>
          </ns3:TrackPointExtension>
        </extensions>
      </trkpt>
      <trkpt lat="46.40205703675746917724609375" lon="23.46326281316578388214111328125">
        <ele>598.4000244140625</ele>
        <time>2024-11-10T11:57:51.000Z</time>
        <extensions>
          <ns3:TrackPointExtension>
            <ns3:hr>74</ns3:hr>
            <ns3:cad>52</ns3:cad>
          </ns3:TrackPointExtension>
        </extensions>
      </trkpt>
      <trkpt lat="46.4020340703427791595458984375" lon="23.463266752660274505615234375">
        <ele>598</ele>
        <time>2024-11-10T11:57:54.000Z</time>
        <extensions>
          <ns3:TrackPointExtension>
            <ns3:hr>78</ns3:hr>
            <ns3:cad>55</ns3:cad>
          </ns3:TrackPointExtension>
        </extensions>
      </trkpt>
      <trkpt lat="46.40202158130705356597900390625" lon="23.46326398663222789764404296875">
        <ele>597.5999755859375</ele>
        <time>2024-11-10T11:57:56.000Z</time>
        <extensions>
          <ns3:TrackPointExtension>
            <ns3:hr>79</ns3:hr>
            <ns3:cad>55</ns3:cad>
          </ns3:TrackPointExtension>
        </extensions>
      </trkpt>
      <trkpt lat="46.4019670151174068450927734375" lon="23.46326381899416446685791015625">
        <ele>597</ele>
        <time>2024-11-10T11:58:01.000Z</time>
        <extensions>
          <ns3:TrackPointExtension>
            <ns3:hr>82</ns3:hr>
            <ns3:cad>50</ns3:cad>
          </ns3:TrackPointExtension>
        </extensions>
      </trkpt>
      <trkpt lat="46.4019351638853549957275390625" lon="23.46327203325927257537841796875">
        <ele>596.4000244140625</ele>
        <time>2024-11-10T11:58:04.000Z</time>
        <extensions>
          <ns3:TrackPointExtension>
            <ns3:hr>82</ns3:hr>
            <ns3:cad>51</ns3:cad>
          </ns3:TrackPointExtension>
        </extensions>
      </trkpt>
      <trkpt lat="46.40192829072475433349609375" lon="23.46327488310635089874267578125">
        <ele>596.4000244140625</ele>
        <time>2024-11-10T11:58:05.000Z</time>
        <extensions>
          <ns3:TrackPointExtension>
            <ns3:hr>83</ns3:hr>
            <ns3:cad>52</ns3:cad>
          </ns3:TrackPointExtension>
        </extensions>
      </trkpt>
      <trkpt lat="46.40189702622592449188232421875" lon="23.46327739767730236053466796875">
        <ele>596</ele>
        <time>2024-11-10T11:58:09.000Z</time>
        <extensions>
          <ns3:TrackPointExtension>
            <ns3:hr>79</ns3:hr>
            <ns3:cad>51</ns3:cad>
          </ns3:TrackPointExtension>
        </extensions>
      </trkpt>
      <trkpt lat="46.40183114446699619293212890625" lon="23.46328343264758586883544921875">
        <ele>595.4000244140625</ele>
        <time>2024-11-10T11:58:15.000Z</time>
        <extensions>
          <ns3:TrackPointExtension>
            <ns3:hr>79</ns3:hr>
            <ns3:cad>50</ns3:cad>
          </ns3:TrackPointExtension>
        </extensions>
      </trkpt>
      <trkpt lat="46.40172469429671764373779296875" lon="23.4633178822696208953857421875">
        <ele>595.20001220703125</ele>
        <time>2024-11-10T11:58:25.000Z</time>
        <extensions>
          <ns3:TrackPointExtension>
            <ns3:hr>81</ns3:hr>
            <ns3:cad>48</ns3:cad>
          </ns3:TrackPointExtension>
        </extensions>
      </trkpt>
      <trkpt lat="46.40164531767368316650390625" lon="23.4633242525160312652587890625">
        <ele>595.20001220703125</ele>
        <time>2024-11-10T11:58:33.000Z</time>
        <extensions>
          <ns3:TrackPointExtension>
            <ns3:hr>82</ns3:hr>
            <ns3:cad>45</ns3:cad>
          </ns3:TrackPointExtension>
        </extensions>
      </trkpt>
      <trkpt lat="46.40154565684497356414794921875" lon="23.46331628970801830291748046875">
        <ele>595.20001220703125</ele>
        <time>2024-11-10T11:58:44.000Z</time>
        <extensions>
          <ns3:TrackPointExtension>
            <ns3:hr>83</ns3:hr>
            <ns3:cad>48</ns3:cad>
          </ns3:TrackPointExtension>
        </extensions>
      </trkpt>
      <trkpt lat="46.4015103690326213836669921875" lon="23.46330254338681697845458984375">
        <ele>595.20001220703125</ele>
        <time>2024-11-10T11:58:48.000Z</time>
        <extensions>
          <ns3:TrackPointExtension>
            <ns3:hr>86</ns3:hr>
            <ns3:cad>46</ns3:cad>
          </ns3:TrackPointExtension>
        </extensions>
      </trkpt>
      <trkpt lat="46.4014563895761966705322265625" lon="23.46326507627964019775390625">
        <ele>595</ele>
        <time>2024-11-10T11:58:53.000Z</time>
        <extensions>
          <ns3:TrackPointExtension>
            <ns3:hr>85</ns3:hr>
            <ns3:cad>46</ns3:cad>
          </ns3:TrackPointExtension>
        </extensions>
      </trkpt>
      <trkpt lat="46.4014191739261150360107421875" lon="23.4632340632379055023193359375">
        <ele>594.20001220703125</ele>
        <time>2024-11-10T11:58:57.000Z</time>
        <extensions>
          <ns3:TrackPointExtension>
            <ns3:hr>85</ns3:hr>
            <ns3:cad>47</ns3:cad>
          </ns3:TrackPointExtension>
        </extensions>
      </trkpt>
      <trkpt lat="46.40140500850975513458251953125" lon="23.4632273577153682708740234375">
        <ele>593.5999755859375</ele>
        <time>2024-11-10T11:59:01.000Z</time>
        <extensions>
          <ns3:TrackPointExtension>
            <ns3:hr>84</ns3:hr>
            <ns3:cad>52</ns3:cad>
          </ns3:TrackPointExtension>
        </extensions>
      </trkpt>
      <trkpt lat="46.40139930881559848785400390625" lon="23.46320447511970996856689453125">
        <ele>593.20001220703125</ele>
        <time>2024-11-10T11:59:05.000Z</time>
        <extensions>
          <ns3:TrackPointExtension>
            <ns3:hr>83</ns3:hr>
            <ns3:cad>51</ns3:cad>
          </ns3:TrackPointExtension>
        </extensions>
      </trkpt>
      <trkpt lat="46.40140634961426258087158203125" lon="23.463169522583484649658203125">
        <ele>592.4000244140625</ele>
        <time>2024-11-10T11:59:10.000Z</time>
        <extensions>
          <ns3:TrackPointExtension>
            <ns3:hr>82</ns3:hr>
            <ns3:cad>49</ns3:cad>
          </ns3:TrackPointExtension>
        </extensions>
      </trkpt>
      <trkpt lat="46.4014180004596710205078125" lon="23.46314496360719203948974609375">
        <ele>592.20001220703125</ele>
        <time>2024-11-10T11:59:12.000Z</time>
        <extensions>
          <ns3:TrackPointExtension>
            <ns3:hr>81</ns3:hr>
            <ns3:cad>50</ns3:cad>
          </ns3:TrackPointExtension>
        </extensions>
      </trkpt>
      <trkpt lat="46.40142110176384449005126953125" lon="23.4631143696606159210205078125">
        <ele>591.5999755859375</ele>
        <time>2024-11-10T11:59:15.000Z</time>
        <extensions>
          <ns3:TrackPointExtension>
            <ns3:hr>80</ns3:hr>
            <ns3:cad>49</ns3:cad>
          </ns3:TrackPointExtension>
        </extensions>
      </trkpt>
      <trkpt lat="46.4014174975454807281494140625" lon="23.4630791656672954559326171875">
        <ele>591.20001220703125</ele>
        <time>2024-11-10T11:59:18.000Z</time>
        <extensions>
          <ns3:TrackPointExtension>
            <ns3:hr>81</ns3:hr>
            <ns3:cad>47</ns3:cad>
          </ns3:TrackPointExtension>
        </extensions>
      </trkpt>
      <trkpt lat="46.40141598880290985107421875" lon="23.46306818537414073944091796875">
        <ele>591</ele>
        <time>2024-11-10T11:59:19.000Z</time>
        <extensions>
          <ns3:TrackPointExtension>
            <ns3:hr>81</ns3:hr>
            <ns3:cad>47</ns3:cad>
          </ns3:TrackPointExtension>
        </extensions>
      </trkpt>
      <trkpt lat="46.4013946987688541412353515625" lon="23.46300490200519561767578125">
        <ele>590.20001220703125</ele>
        <time>2024-11-10T11:59:26.000Z</time>
        <extensions>
          <ns3:TrackPointExtension>
            <ns3:hr>81</ns3:hr>
            <ns3:cad>51</ns3:cad>
          </ns3:TrackPointExtension>
        </extensions>
      </trkpt>
      <trkpt lat="46.40138790942728519439697265625" lon="23.462969698011875152587890625">
        <ele>590</ele>
        <time>2024-11-10T11:59:29.000Z</time>
        <extensions>
          <ns3:TrackPointExtension>
            <ns3:hr>81</ns3:hr>
            <ns3:cad>50</ns3:cad>
          </ns3:TrackPointExtension>
        </extensions>
      </trkpt>
      <trkpt lat="46.40137516893446445465087890625" lon="23.46288043074309825897216796875">
        <ele>589.4000244140625</ele>
        <time>2024-11-10T11:59:35.000Z</time>
        <extensions>
          <ns3:TrackPointExtension>
            <ns3:hr>81</ns3:hr>
            <ns3:cad>49</ns3:cad>
          </ns3:TrackPointExtension>
        </extensions>
      </trkpt>
      <trkpt lat="46.4013708941638469696044921875" lon="23.46277515403926372528076171875">
        <ele>588.79998779296875</ele>
        <time>2024-11-10T11:59:41.000Z</time>
        <extensions>
          <ns3:TrackPointExtension>
            <ns3:hr>82</ns3:hr>
            <ns3:cad>53</ns3:cad>
          </ns3:TrackPointExtension>
        </extensions>
      </trkpt>
      <trkpt lat="46.4013705588877201080322265625" lon="23.462718240916728973388671875">
        <ele>588.5999755859375</ele>
        <time>2024-11-10T11:59:45.000Z</time>
        <extensions>
          <ns3:TrackPointExtension>
            <ns3:hr>83</ns3:hr>
            <ns3:cad>50</ns3:cad>
          </ns3:TrackPointExtension>
        </extensions>
      </trkpt>
      <trkpt lat="46.40137617476284503936767578125" lon="23.462624363601207733154296875">
        <ele>588.4000244140625</ele>
        <time>2024-11-10T11:59:52.000Z</time>
        <extensions>
          <ns3:TrackPointExtension>
            <ns3:hr>78</ns3:hr>
            <ns3:cad>48</ns3:cad>
          </ns3:TrackPointExtension>
        </extensions>
      </trkpt>
      <trkpt lat="46.40138640068471431732177734375" lon="23.4625638462603092193603515625">
        <ele>588.4000244140625</ele>
        <time>2024-11-10T11:59:56.000Z</time>
        <extensions>
          <ns3:TrackPointExtension>
            <ns3:hr>77</ns3:hr>
            <ns3:cad>45</ns3:cad>
          </ns3:TrackPointExtension>
        </extensions>
      </trkpt>
      <trkpt lat="46.40140199102461338043212890625" lon="23.462478183209896087646484375">
        <ele>588.5999755859375</ele>
        <time>2024-11-10T12:00:04.000Z</time>
        <extensions>
          <ns3:TrackPointExtension>
            <ns3:hr>77</ns3:hr>
            <ns3:cad>44</ns3:cad>
          </ns3:TrackPointExtension>
        </extensions>
      </trkpt>
      <trkpt lat="46.40141707845032215118408203125" lon="23.462411463260650634765625">
        <ele>588.5999755859375</ele>
        <time>2024-11-10T12:00:08.000Z</time>
        <extensions>
          <ns3:TrackPointExtension>
            <ns3:hr>80</ns3:hr>
            <ns3:cad>45</ns3:cad>
          </ns3:TrackPointExtension>
        </extensions>
      </trkpt>
      <trkpt lat="46.40142948366701602935791015625" lon="23.46236494369804859161376953125">
        <ele>588.5999755859375</ele>
        <time>2024-11-10T12:00:13.000Z</time>
        <extensions>
          <ns3:TrackPointExtension>
            <ns3:hr>82</ns3:hr>
            <ns3:cad>47</ns3:cad>
          </ns3:TrackPointExtension>
        </extensions>
      </trkpt>
      <trkpt lat="46.40143702737987041473388671875" lon="23.46234507858753204345703125">
        <ele>588.5999755859375</ele>
        <time>2024-11-10T12:00:15.000Z</time>
        <extensions>
          <ns3:TrackPointExtension>
            <ns3:hr>85</ns3:hr>
            <ns3:cad>45</ns3:cad>
          </ns3:TrackPointExtension>
        </extensions>
      </trkpt>
      <trkpt lat="46.40145228244364261627197265625" lon="23.46227223984897136688232421875">
        <ele>588.5999755859375</ele>
        <time>2024-11-10T12:00:21.000Z</time>
        <extensions>
          <ns3:TrackPointExtension>
            <ns3:hr>87</ns3:hr>
            <ns3:cad>43</ns3:cad>
          </ns3:TrackPointExtension>
        </extensions>
      </trkpt>
      <trkpt lat="46.401491425931453704833984375" lon="23.46213075332343578338623046875">
        <ele>588.79998779296875</ele>
        <time>2024-11-10T12:00:30.000Z</time>
        <extensions>
          <ns3:TrackPointExtension>
            <ns3:hr>90</ns3:hr>
            <ns3:cad>44</ns3:cad>
          </ns3:TrackPointExtension>
        </extensions>
      </trkpt>
      <trkpt lat="46.40154230408370494842529296875" lon="23.46206721849739551544189453125">
        <ele>589.20001220703125</ele>
        <time>2024-11-10T12:00:39.000Z</time>
        <extensions>
          <ns3:TrackPointExtension>
            <ns3:hr>92</ns3:hr>
            <ns3:cad>42</ns3:cad>
          </ns3:TrackPointExtension>
        </extensions>
      </trkpt>
      <trkpt lat="46.40156409703195095062255859375" lon="23.462053053081035614013671875">
        <ele>589.4000244140625</ele>
        <time>2024-11-10T12:00:45.000Z</time>
        <extensions>
          <ns3:TrackPointExtension>
            <ns3:hr>95</ns3:hr>
            <ns3:cad>0</ns3:cad>
          </ns3:TrackPointExtension>
        </extensions>
      </trkpt>
      <trkpt lat="46.40157331712543964385986328125" lon="23.46204559318721294403076171875">
        <ele>589.4000244140625</ele>
        <time>2024-11-10T12:00:46.000Z</time>
        <extensions>
          <ns3:TrackPointExtension>
            <ns3:hr>95</ns3:hr>
            <ns3:cad>0</ns3:cad>
          </ns3:TrackPointExtension>
        </extensions>
      </trkpt>
      <trkpt lat="46.4016270451247692108154296875" lon="23.46202723681926727294921875">
        <ele>589.4000244140625</ele>
        <time>2024-11-10T12:00:51.000Z</time>
        <extensions>
          <ns3:TrackPointExtension>
            <ns3:hr>92</ns3:hr>
            <ns3:cad>45</ns3:cad>
          </ns3:TrackPointExtension>
        </extensions>
      </trkpt>
      <trkpt lat="46.4016674458980560302734375" lon="23.46201340667903423309326171875">
        <ele>590</ele>
        <time>2024-11-10T12:00:56.000Z</time>
        <extensions>
          <ns3:TrackPointExtension>
            <ns3:hr>90</ns3:hr>
            <ns3:cad>43</ns3:cad>
          </ns3:TrackPointExtension>
        </extensions>
      </trkpt>
      <trkpt lat="46.401716060936450958251953125" lon="23.461975269019603729248046875">
        <ele>590.4000244140625</ele>
        <time>2024-11-10T12:01:02.000Z</time>
        <extensions>
          <ns3:TrackPointExtension>
            <ns3:hr>90</ns3:hr>
            <ns3:cad>41</ns3:cad>
          </ns3:TrackPointExtension>
        </extensions>
      </trkpt>
      <trkpt lat="46.4017309807240962982177734375" lon="23.46194802783429622650146484375">
        <ele>590.79998779296875</ele>
        <time>2024-11-10T12:01:10.000Z</time>
        <extensions>
          <ns3:TrackPointExtension>
            <ns3:hr>91</ns3:hr>
            <ns3:cad>0</ns3:cad>
          </ns3:TrackPointExtension>
        </extensions>
      </trkpt>
      <trkpt lat="46.4017366804182529449462890625" lon="23.4619452618062496185302734375">
        <ele>591</ele>
        <time>2024-11-10T12:01:16.000Z</time>
        <extensions>
          <ns3:TrackPointExtension>
            <ns3:hr>92</ns3:hr>
            <ns3:cad>0</ns3:cad>
          </ns3:TrackPointExtension>
        </extensions>
      </trkpt>
      <trkpt lat="46.4017313160002231597900390625" lon="23.4619459323585033416748046875">
        <ele>591</ele>
        <time>2024-11-10T12:01:18.000Z</time>
        <extensions>
          <ns3:TrackPointExtension>
            <ns3:hr>92</ns3:hr>
            <ns3:cad>0</ns3:cad>
          </ns3:TrackPointExtension>
        </extensions>
      </trkpt>
      <trkpt lat="46.40173525549471378326416015625" lon="23.4619154222309589385986328125">
        <ele>590.79998779296875</ele>
        <time>2024-11-10T12:01:26.000Z</time>
        <extensions>
          <ns3:TrackPointExtension>
            <ns3:hr>89</ns3:hr>
            <ns3:cad>0</ns3:cad>
          </ns3:TrackPointExtension>
        </extensions>
      </trkpt>
      <trkpt lat="46.4017353393137454986572265625" lon="23.461912907660007476806640625">
        <ele>590.5999755859375</ele>
        <time>2024-11-10T12:01:27.000Z</time>
        <extensions>
          <ns3:TrackPointExtension>
            <ns3:hr>87</ns3:hr>
            <ns3:cad>0</ns3:cad>
          </ns3:TrackPointExtension>
        </extensions>
      </trkpt>
      <trkpt lat="46.40173357911407947540283203125" lon="23.46188231371343135833740234375">
        <ele>590.5999755859375</ele>
        <time>2024-11-10T12:01:35.000Z</time>
        <extensions>
          <ns3:TrackPointExtension>
            <ns3:hr>87</ns3:hr>
            <ns3:cad>0</ns3:cad>
          </ns3:TrackPointExtension>
        </extensions>
      </trkpt>
      <trkpt lat="46.4017350040376186370849609375" lon="23.46193210221827030181884765625">
        <ele>590.79998779296875</ele>
        <time>2024-11-10T12:01:44.000Z</time>
        <extensions>
          <ns3:TrackPointExtension>
            <ns3:hr>84</ns3:hr>
            <ns3:cad>0</ns3:cad>
          </ns3:TrackPointExtension>
        </extensions>
      </trkpt>
      <trkpt lat="46.4017425477504730224609375" lon="23.46190427429974079132080078125">
        <ele>590.79998779296875</ele>
        <time>2024-11-10T12:01:48.000Z</time>
        <extensions>
          <ns3:TrackPointExtension>
            <ns3:hr>81</ns3:hr>
            <ns3:cad>0</ns3:cad>
          </ns3:TrackPointExtension>
        </extensions>
      </trkpt>
      <trkpt lat="46.40174984000623226165771484375" lon="23.46190360374748706817626953125">
        <ele>590.79998779296875</ele>
        <time>2024-11-10T12:01:51.000Z</time>
        <extensions>
          <ns3:TrackPointExtension>
            <ns3:hr>80</ns3:hr>
            <ns3:cad>0</ns3:cad>
          </ns3:TrackPointExtension>
        </extensions>
      </trkpt>
      <trkpt lat="46.4017621614038944244384765625" lon="23.4619165956974029541015625">
        <ele>590.79998779296875</ele>
        <time>2024-11-10T12:01:54.000Z</time>
        <extensions>
          <ns3:TrackPointExtension>
            <ns3:hr>77</ns3:hr>
            <ns3:cad>0</ns3:cad>
          </ns3:TrackPointExtension>
        </extensions>
      </trkpt>
      <trkpt lat="46.401749588549137115478515625" lon="23.4619435854256153106689453125">
        <ele>590.79998779296875</ele>
        <time>2024-11-10T12:01:59.000Z</time>
        <extensions>
          <ns3:TrackPointExtension>
            <ns3:hr>77</ns3:hr>
            <ns3:cad>0</ns3:cad>
          </ns3:TrackPointExtension>
        </extensions>
      </trkpt>
      <trkpt lat="46.401753611862659454345703125" lon="23.46191382966935634613037109375">
        <ele>591</ele>
        <time>2024-11-10T12:02:07.000Z</time>
        <extensions>
          <ns3:TrackPointExtension>
            <ns3:hr>75</ns3:hr>
            <ns3:cad>0</ns3:cad>
          </ns3:TrackPointExtension>
        </extensions>
      </trkpt>
      <trkpt lat="46.401812620460987091064453125" lon="23.46188365481793880462646484375">
        <ele>591.20001220703125</ele>
        <time>2024-11-10T12:02:15.000Z</time>
        <extensions>
          <ns3:TrackPointExtension>
            <ns3:hr>75</ns3:hr>
            <ns3:cad>0</ns3:cad>
          </ns3:TrackPointExtension>
        </extensions>
      </trkpt>
      <trkpt lat="46.4018687792122364044189453125" lon="23.46182531677186489105224609375">
        <ele>591.4000244140625</ele>
        <time>2024-11-10T12:02:23.000Z</time>
        <extensions>
          <ns3:TrackPointExtension>
            <ns3:hr>79</ns3:hr>
            <ns3:cad>74</ns3:cad>
          </ns3:TrackPointExtension>
        </extensions>
      </trkpt>
      <trkpt lat="46.40189384110271930694580078125" lon="23.46180100925266742706298828125">
        <ele>591.5999755859375</ele>
        <time>2024-11-10T12:02:27.000Z</time>
        <extensions>
          <ns3:TrackPointExtension>
            <ns3:hr>83</ns3:hr>
            <ns3:cad>0</ns3:cad>
          </ns3:TrackPointExtension>
        </extensions>
      </trkpt>
      <trkpt lat="46.40190188772976398468017578125" lon="23.46179598011076450347900390625">
        <ele>591.5999755859375</ele>
        <time>2024-11-10T12:02:29.000Z</time>
        <extensions>
          <ns3:TrackPointExtension>
            <ns3:hr>86</ns3:hr>
            <ns3:cad>0</ns3:cad>
          </ns3:TrackPointExtension>
        </extensions>
      </trkpt>
      <trkpt lat="46.4019633270800113677978515625" lon="23.46171719022095203399658203125">
        <ele>591.5999755859375</ele>
        <time>2024-11-10T12:02:37.000Z</time>
        <extensions>
          <ns3:TrackPointExtension>
            <ns3:hr>85</ns3:hr>
            <ns3:cad>43</ns3:cad>
          </ns3:TrackPointExtension>
        </extensions>
      </trkpt>
      <trkpt lat="46.40199895016849040985107421875" lon="23.4616267494857311248779296875">
        <ele>590.79998779296875</ele>
        <time>2024-11-10T12:02:46.000Z</time>
        <extensions>
          <ns3:TrackPointExtension>
            <ns3:hr>85</ns3:hr>
            <ns3:cad>48</ns3:cad>
          </ns3:TrackPointExtension>
        </extensions>
      </trkpt>
      <trkpt lat="46.402031220495700836181640625" lon="23.46154100261628627777099609375">
        <ele>590.5999755859375</ele>
        <time>2024-11-10T12:02:54.000Z</time>
        <extensions>
          <ns3:TrackPointExtension>
            <ns3:hr>85</ns3:hr>
            <ns3:cad>48</ns3:cad>
          </ns3:TrackPointExtension>
        </extensions>
      </trkpt>
      <trkpt lat="46.40203599818050861358642578125" lon="23.46148685552179813385009765625">
        <ele>590.4000244140625</ele>
        <time>2024-11-10T12:03:02.000Z</time>
        <extensions>
          <ns3:TrackPointExtension>
            <ns3:hr>84</ns3:hr>
            <ns3:cad>0</ns3:cad>
          </ns3:TrackPointExtension>
        </extensions>
      </trkpt>
      <trkpt lat="46.402031891047954559326171875" lon="23.46145835705101490020751953125">
        <ele>590</ele>
        <time>2024-11-10T12:03:06.000Z</time>
        <extensions>
          <ns3:TrackPointExtension>
            <ns3:hr>84</ns3:hr>
            <ns3:cad>47</ns3:cad>
          </ns3:TrackPointExtension>
        </extensions>
      </trkpt>
      <trkpt lat="46.40203096903860569000244140625" lon="23.46141929738223552703857421875">
        <ele>589.5999755859375</ele>
        <time>2024-11-10T12:03:09.000Z</time>
        <extensions>
          <ns3:TrackPointExtension>
            <ns3:hr>84</ns3:hr>
            <ns3:cad>47</ns3:cad>
          </ns3:TrackPointExtension>
        </extensions>
      </trkpt>
      <trkpt lat="46.40201973728835582733154296875" lon="23.46136598847806453704833984375">
        <ele>588.79998779296875</ele>
        <time>2024-11-10T12:03:13.000Z</time>
        <extensions>
          <ns3:TrackPointExtension>
            <ns3:hr>84</ns3:hr>
            <ns3:cad>58</ns3:cad>
          </ns3:TrackPointExtension>
        </extensions>
      </trkpt>
      <trkpt lat="46.40201009809970855712890625" lon="23.46131720580160617828369140625">
        <ele>587.79998779296875</ele>
        <time>2024-11-10T12:03:17.000Z</time>
        <extensions>
          <ns3:TrackPointExtension>
            <ns3:hr>84</ns3:hr>
            <ns3:cad>58</ns3:cad>
          </ns3:TrackPointExtension>
        </extensions>
      </trkpt>
      <trkpt lat="46.4020082540810108184814453125" lon="23.46129943616688251495361328125">
        <ele>587.5999755859375</ele>
        <time>2024-11-10T12:03:18.000Z</time>
        <extensions>
          <ns3:TrackPointExtension>
            <ns3:hr>84</ns3:hr>
            <ns3:cad>54</ns3:cad>
          </ns3:TrackPointExtension>
        </extensions>
      </trkpt>
      <trkpt lat="46.40201219357550144195556640625" lon="23.46124612726271152496337890625">
        <ele>587.20001220703125</ele>
        <time>2024-11-10T12:03:22.000Z</time>
        <extensions>
          <ns3:TrackPointExtension>
            <ns3:hr>87</ns3:hr>
            <ns3:cad>51</ns3:cad>
          </ns3:TrackPointExtension>
        </extensions>
      </trkpt>
      <trkpt lat="46.40202292241156101226806640625" lon="23.461163900792598724365234375">
        <ele>587</ele>
        <time>2024-11-10T12:03:26.000Z</time>
        <extensions>
          <ns3:TrackPointExtension>
            <ns3:hr>86</ns3:hr>
            <ns3:cad>50</ns3:cad>
          </ns3:TrackPointExtension>
        </extensions>
      </trkpt>
      <trkpt lat="46.402033232152462005615234375" lon="23.46112559549510478973388671875">
        <ele>586.5999755859375</ele>
        <time>2024-11-10T12:03:30.000Z</time>
        <extensions>
          <ns3:TrackPointExtension>
            <ns3:hr>85</ns3:hr>
            <ns3:cad>50</ns3:cad>
          </ns3:TrackPointExtension>
        </extensions>
      </trkpt>
      <trkpt lat="46.4020417816936969757080078125" lon="23.4610824286937713623046875">
        <ele>586.20001220703125</ele>
        <time>2024-11-10T12:03:33.000Z</time>
        <extensions>
          <ns3:TrackPointExtension>
            <ns3:hr>85</ns3:hr>
            <ns3:cad>52</ns3:cad>
          </ns3:TrackPointExtension>
        </extensions>
      </trkpt>
      <trkpt lat="46.40206449665129184722900390625" lon="23.4610245935618877410888671875">
        <ele>585.5999755859375</ele>
        <time>2024-11-10T12:03:38.000Z</time>
        <extensions>
          <ns3:TrackPointExtension>
            <ns3:hr>85</ns3:hr>
            <ns3:cad>53</ns3:cad>
          </ns3:TrackPointExtension>
        </extensions>
      </trkpt>
      <trkpt lat="46.40207455493509769439697265625" lon="23.4610125236213207244873046875">
        <ele>585.20001220703125</ele>
        <time>2024-11-10T12:03:40.000Z</time>
        <extensions>
          <ns3:TrackPointExtension>
            <ns3:hr>85</ns3:hr>
            <ns3:cad>53</ns3:cad>
          </ns3:TrackPointExtension>
        </extensions>
      </trkpt>
      <trkpt lat="46.40210640616714954376220703125" lon="23.46097824163734912872314453125">
        <ele>584.4000244140625</ele>
        <time>2024-11-10T12:03:45.000Z</time>
        <extensions>
          <ns3:TrackPointExtension>
            <ns3:hr>84</ns3:hr>
            <ns3:cad>55</ns3:cad>
          </ns3:TrackPointExtension>
        </extensions>
      </trkpt>
      <trkpt lat="46.402133814990520477294921875" lon="23.46093130297958850860595703125">
        <ele>583.20001220703125</ele>
        <time>2024-11-10T12:03:51.000Z</time>
        <extensions>
          <ns3:TrackPointExtension>
            <ns3:hr>85</ns3:hr>
            <ns3:cad>55</ns3:cad>
          </ns3:TrackPointExtension>
        </extensions>
      </trkpt>
      <trkpt lat="46.40213884413242340087890625" lon="23.4609156288206577301025390625">
        <ele>583.20001220703125</ele>
        <time>2024-11-10T12:03:52.000Z</time>
        <extensions>
          <ns3:TrackPointExtension>
            <ns3:hr>85</ns3:hr>
            <ns3:cad>55</ns3:cad>
          </ns3:TrackPointExtension>
        </extensions>
      </trkpt>
      <trkpt lat="46.4021743834018707275390625" lon="23.46081077121198177337646484375">
        <ele>582.20001220703125</ele>
        <time>2024-11-10T12:03:59.000Z</time>
        <extensions>
          <ns3:TrackPointExtension>
            <ns3:hr>86</ns3:hr>
            <ns3:cad>53</ns3:cad>
          </ns3:TrackPointExtension>
        </extensions>
      </trkpt>
      <trkpt lat="46.4021836034953594207763671875" lon="23.46079970709979534149169921875">
        <ele>581.79998779296875</ele>
        <time>2024-11-10T12:04:02.000Z</time>
        <extensions>
          <ns3:TrackPointExtension>
            <ns3:hr>86</ns3:hr>
            <ns3:cad>53</ns3:cad>
          </ns3:TrackPointExtension>
        </extensions>
      </trkpt>
      <trkpt lat="46.4021950028836727142333984375" lon="23.46077087335288524627685546875">
        <ele>581</ele>
        <time>2024-11-10T12:04:06.000Z</time>
        <extensions>
          <ns3:TrackPointExtension>
            <ns3:hr>83</ns3:hr>
            <ns3:cad>52</ns3:cad>
          </ns3:TrackPointExtension>
        </extensions>
      </trkpt>
      <trkpt lat="46.40220480971038341522216796875" lon="23.46070633269846439361572265625">
        <ele>580.4000244140625</ele>
        <time>2024-11-10T12:04:12.000Z</time>
        <extensions>
          <ns3:TrackPointExtension>
            <ns3:hr>82</ns3:hr>
            <ns3:cad>47</ns3:cad>
          </ns3:TrackPointExtension>
        </extensions>
      </trkpt>
      <trkpt lat="46.4022070728242397308349609375" lon="23.46067330799996852874755859375">
        <ele>580</ele>
        <time>2024-11-10T12:04:15.000Z</time>
        <extensions>
          <ns3:TrackPointExtension>
            <ns3:hr>83</ns3:hr>
            <ns3:cad>48</ns3:cad>
          </ns3:TrackPointExtension>
        </extensions>
      </trkpt>
      <trkpt lat="46.40220732428133487701416015625" lon="23.460616059601306915283203125">
        <ele>579</ele>
        <time>2024-11-10T12:04:21.000Z</time>
        <extensions>
          <ns3:TrackPointExtension>
            <ns3:hr>84</ns3:hr>
            <ns3:cad>49</ns3:cad>
          </ns3:TrackPointExtension>
        </extensions>
      </trkpt>
      <trkpt lat="46.4022057317197322845458984375" lon="23.4606071747839450836181640625">
        <ele>578.79998779296875</ele>
        <time>2024-11-10T12:04:22.000Z</time>
        <extensions>
          <ns3:TrackPointExtension>
            <ns3:hr>84</ns3:hr>
            <ns3:cad>54</ns3:cad>
          </ns3:TrackPointExtension>
        </extensions>
      </trkpt>
      <trkpt lat="46.40219626016914844512939453125" lon="23.46055529080331325531005859375">
        <ele>578.5999755859375</ele>
        <time>2024-11-10T12:04:32.000Z</time>
        <extensions>
          <ns3:TrackPointExtension>
            <ns3:hr>82</ns3:hr>
            <ns3:cad>0</ns3:cad>
          </ns3:TrackPointExtension>
        </extensions>
      </trkpt>
      <trkpt lat="46.40219877474009990692138671875" lon="23.4605267085134983062744140625">
        <ele>578.20001220703125</ele>
        <time>2024-11-10T12:04:39.000Z</time>
        <extensions>
          <ns3:TrackPointExtension>
            <ns3:hr>85</ns3:hr>
            <ns3:cad>0</ns3:cad>
          </ns3:TrackPointExtension>
        </extensions>
      </trkpt>
      <trkpt lat="46.402197182178497314453125" lon="23.46053467132151126861572265625">
        <ele>577.79998779296875</ele>
        <time>2024-11-10T12:04:41.000Z</time>
        <extensions>
          <ns3:TrackPointExtension>
            <ns3:hr>86</ns3:hr>
            <ns3:cad>0</ns3:cad>
          </ns3:TrackPointExtension>
        </extensions>
      </trkpt>
      <trkpt lat="46.4022003673017024993896484375" lon="23.4605273790657520294189453125">
        <ele>577.79998779296875</ele>
        <time>2024-11-10T12:04:42.000Z</time>
        <extensions>
          <ns3:TrackPointExtension>
            <ns3:hr>86</ns3:hr>
            <ns3:cad>50</ns3:cad>
          </ns3:TrackPointExtension>
        </extensions>
      </trkpt>
      <trkpt lat="46.402254514396190643310546875" lon="23.460465855896472930908203125">
        <ele>576.79998779296875</ele>
        <time>2024-11-10T12:04:49.000Z</time>
        <extensions>
          <ns3:TrackPointExtension>
            <ns3:hr>85</ns3:hr>
            <ns3:cad>53</ns3:cad>
          </ns3:TrackPointExtension>
        </extensions>
      </trkpt>
      <trkpt lat="46.40225610695779323577880859375" lon="23.46045546233654022216796875">
        <ele>576.5999755859375</ele>
        <time>2024-11-10T12:04:50.000Z</time>
        <extensions>
          <ns3:TrackPointExtension>
            <ns3:hr>86</ns3:hr>
            <ns3:cad>53</ns3:cad>
          </ns3:TrackPointExtension>
        </extensions>
      </trkpt>
      <trkpt lat="46.40226029790937900543212890625" lon="23.46042185090482234954833984375">
        <ele>576.20001220703125</ele>
        <time>2024-11-10T12:04:53.000Z</time>
        <extensions>
          <ns3:TrackPointExtension>
            <ns3:hr>89</ns3:hr>
            <ns3:cad>54</ns3:cad>
          </ns3:TrackPointExtension>
        </extensions>
      </trkpt>
      <trkpt lat="46.4022660814225673675537109375" lon="23.4604066796600818634033203125">
        <ele>575.79998779296875</ele>
        <time>2024-11-10T12:04:55.000Z</time>
        <extensions>
          <ns3:TrackPointExtension>
            <ns3:hr>90</ns3:hr>
            <ns3:cad>54</ns3:cad>
          </ns3:TrackPointExtension>
        </extensions>
      </trkpt>
      <trkpt lat="46.40226985327899456024169921875" lon="23.4603855572640895843505859375">
        <ele>575.20001220703125</ele>
        <time>2024-11-10T12:04:58.000Z</time>
        <extensions>
          <ns3:TrackPointExtension>
            <ns3:hr>86</ns3:hr>
            <ns3:cad>55</ns3:cad>
          </ns3:TrackPointExtension>
        </extensions>
      </trkpt>
      <trkpt lat="46.4022758044302463531494140625" lon="23.46037357114255428314208984375">
        <ele>575</ele>
        <time>2024-11-10T12:05:00.000Z</time>
        <extensions>
          <ns3:TrackPointExtension>
            <ns3:hr>85</ns3:hr>
            <ns3:cad>53</ns3:cad>
          </ns3:TrackPointExtension>
        </extensions>
      </trkpt>
      <trkpt lat="46.40228058211505413055419921875" lon="23.46036770381033420562744140625">
        <ele>574.5999755859375</ele>
        <time>2024-11-10T12:05:01.000Z</time>
        <extensions>
          <ns3:TrackPointExtension>
            <ns3:hr>84</ns3:hr>
            <ns3:cad>53</ns3:cad>
          </ns3:TrackPointExtension>
        </extensions>
      </trkpt>
      <trkpt lat="46.40230455435812473297119140625" lon="23.4603252075612545013427734375">
        <ele>574.20001220703125</ele>
        <time>2024-11-10T12:05:05.000Z</time>
        <extensions>
          <ns3:TrackPointExtension>
            <ns3:hr>87</ns3:hr>
            <ns3:cad>54</ns3:cad>
          </ns3:TrackPointExtension>
        </extensions>
      </trkpt>
      <trkpt lat="46.40231042169034481048583984375" lon="23.4602869860827922821044921875">
        <ele>573.5999755859375</ele>
        <time>2024-11-10T12:05:09.000Z</time>
        <extensions>
          <ns3:TrackPointExtension>
            <ns3:hr>86</ns3:hr>
            <ns3:cad>50</ns3:cad>
          </ns3:TrackPointExtension>
        </extensions>
      </trkpt>
      <trkpt lat="46.40231025405228137969970703125" lon="23.46027634106576442718505859375">
        <ele>573.5999755859375</ele>
        <time>2024-11-10T12:05:10.000Z</time>
        <extensions>
          <ns3:TrackPointExtension>
            <ns3:hr>86</ns3:hr>
            <ns3:cad>0</ns3:cad>
          </ns3:TrackPointExtension>
        </extensions>
      </trkpt>
      <trkpt lat="46.4023190550506114959716796875" lon="23.460222445428371429443359375">
        <ele>572.5999755859375</ele>
        <time>2024-11-10T12:05:17.000Z</time>
        <extensions>
          <ns3:TrackPointExtension>
            <ns3:hr>83</ns3:hr>
            <ns3:cad>53</ns3:cad>
          </ns3:TrackPointExtension>
        </extensions>
      </trkpt>
      <trkpt lat="46.40232735313475131988525390625" lon="23.46019051037728786468505859375">
        <ele>571.4000244140625</ele>
        <time>2024-11-10T12:05:24.000Z</time>
        <extensions>
          <ns3:TrackPointExtension>
            <ns3:hr>83</ns3:hr>
            <ns3:cad>50</ns3:cad>
          </ns3:TrackPointExtension>
        </extensions>
      </trkpt>
      <trkpt lat="46.40233254991471767425537109375" lon="23.46016670577228069305419921875">
        <ele>571.20001220703125</ele>
        <time>2024-11-10T12:05:26.000Z</time>
        <extensions>
          <ns3:TrackPointExtension>
            <ns3:hr>83</ns3:hr>
            <ns3:cad>49</ns3:cad>
          </ns3:TrackPointExtension>
        </extensions>
      </trkpt>
      <trkpt lat="46.40233590267598628997802734375" lon="23.460093699395656585693359375">
        <ele>570.4000244140625</ele>
        <time>2024-11-10T12:05:32.000Z</time>
        <extensions>
          <ns3:TrackPointExtension>
            <ns3:hr>83</ns3:hr>
            <ns3:cad>52</ns3:cad>
          </ns3:TrackPointExtension>
        </extensions>
      </trkpt>
      <trkpt lat="46.4023314602673053741455078125" lon="23.46005757339298725128173828125">
        <ele>569.79998779296875</ele>
        <time>2024-11-10T12:05:35.000Z</time>
        <extensions>
          <ns3:TrackPointExtension>
            <ns3:hr>83</ns3:hr>
            <ns3:cad>53</ns3:cad>
          </ns3:TrackPointExtension>
        </extensions>
      </trkpt>
      <trkpt lat="46.40233422629535198211669921875" lon="23.459994792938232421875">
        <ele>569.20001220703125</ele>
        <time>2024-11-10T12:05:38.000Z</time>
        <extensions>
          <ns3:TrackPointExtension>
            <ns3:hr>84</ns3:hr>
            <ns3:cad>53</ns3:cad>
          </ns3:TrackPointExtension>
        </extensions>
      </trkpt>
      <trkpt lat="46.40231327153742313385009765625" lon="23.45993502996861934661865234375">
        <ele>568.4000244140625</ele>
        <time>2024-11-10T12:05:43.000Z</time>
        <extensions>
          <ns3:TrackPointExtension>
            <ns3:hr>85</ns3:hr>
            <ns3:cad>53</ns3:cad>
          </ns3:TrackPointExtension>
        </extensions>
      </trkpt>
      <trkpt lat="46.40231318771839141845703125" lon="23.45992748625576496124267578125">
        <ele>568.20001220703125</ele>
        <time>2024-11-10T12:05:44.000Z</time>
        <extensions>
          <ns3:TrackPointExtension>
            <ns3:hr>85</ns3:hr>
            <ns3:cad>54</ns3:cad>
          </ns3:TrackPointExtension>
        </extensions>
      </trkpt>
      <trkpt lat="46.4023294486105442047119140625" lon="23.45986361615359783172607421875">
        <ele>567</ele>
        <time>2024-11-10T12:05:51.000Z</time>
        <extensions>
          <ns3:TrackPointExtension>
            <ns3:hr>85</ns3:hr>
            <ns3:cad>50</ns3:cad>
          </ns3:TrackPointExtension>
        </extensions>
      </trkpt>
      <trkpt lat="46.40235333703458309173583984375" lon="23.45976202748715877532958984375">
        <ele>566</ele>
        <time>2024-11-10T12:05:58.000Z</time>
        <extensions>
          <ns3:TrackPointExtension>
            <ns3:hr>85</ns3:hr>
            <ns3:cad>54</ns3:cad>
          </ns3:TrackPointExtension>
        </extensions>
      </trkpt>
      <trkpt lat="46.40235434286296367645263671875" lon="23.4597485326230525970458984375">
        <ele>565.79998779296875</ele>
        <time>2024-11-10T12:05:59.000Z</time>
        <extensions>
          <ns3:TrackPointExtension>
            <ns3:hr>85</ns3:hr>
            <ns3:cad>53</ns3:cad>
          </ns3:TrackPointExtension>
        </extensions>
      </trkpt>
      <trkpt lat="46.4023594558238983154296875" lon="23.45969195477664470672607421875">
        <ele>565</ele>
        <time>2024-11-10T12:06:03.000Z</time>
        <extensions>
          <ns3:TrackPointExtension>
            <ns3:hr>82</ns3:hr>
            <ns3:cad>51</ns3:cad>
          </ns3:TrackPointExtension>
        </extensions>
      </trkpt>
      <trkpt lat="46.40236205421388149261474609375" lon="23.45968709327280521392822265625">
        <ele>565</ele>
        <time>2024-11-10T12:06:04.000Z</time>
        <extensions>
          <ns3:TrackPointExtension>
            <ns3:hr>82</ns3:hr>
            <ns3:cad>51</ns3:cad>
          </ns3:TrackPointExtension>
        </extensions>
      </trkpt>
      <trkpt lat="46.4023713581264019012451171875" lon="23.4596734307706356048583984375">
        <ele>564</ele>
        <time>2024-11-10T12:06:09.000Z</time>
        <extensions>
          <ns3:TrackPointExtension>
            <ns3:hr>84</ns3:hr>
            <ns3:cad>55</ns3:cad>
          </ns3:TrackPointExtension>
        </extensions>
      </trkpt>
      <trkpt lat="46.40237621963024139404296875" lon="23.4596667252480983734130859375">
        <ele>564</ele>
        <time>2024-11-10T12:06:10.000Z</time>
        <extensions>
          <ns3:TrackPointExtension>
            <ns3:hr>84</ns3:hr>
            <ns3:cad>53</ns3:cad>
          </ns3:TrackPointExtension>
        </extensions>
      </trkpt>
      <trkpt lat="46.40241787768900394439697265625" lon="23.4596157632768154144287109375">
        <ele>563</ele>
        <time>2024-11-10T12:06:16.000Z</time>
        <extensions>
          <ns3:TrackPointExtension>
            <ns3:hr>81</ns3:hr>
            <ns3:cad>55</ns3:cad>
          </ns3:TrackPointExtension>
        </extensions>
      </trkpt>
      <trkpt lat="46.4024189673364162445068359375" lon="23.4596114046871662139892578125">
        <ele>562.79998779296875</ele>
        <time>2024-11-10T12:06:17.000Z</time>
        <extensions>
          <ns3:TrackPointExtension>
            <ns3:hr>80</ns3:hr>
            <ns3:cad>56</ns3:cad>
          </ns3:TrackPointExtension>
        </extensions>
      </trkpt>
      <trkpt lat="46.40242408029735088348388671875" lon="23.4596046991646289825439453125">
        <ele>562.5999755859375</ele>
        <time>2024-11-10T12:06:18.000Z</time>
        <extensions>
          <ns3:TrackPointExtension>
            <ns3:hr>80</ns3:hr>
            <ns3:cad>56</ns3:cad>
          </ns3:TrackPointExtension>
        </extensions>
      </trkpt>
      <trkpt lat="46.40244805254042148590087890625" lon="23.45956186763942241668701171875">
        <ele>561.5999755859375</ele>
        <time>2024-11-10T12:06:23.000Z</time>
        <extensions>
          <ns3:TrackPointExtension>
            <ns3:hr>79</ns3:hr>
            <ns3:cad>55</ns3:cad>
          </ns3:TrackPointExtension>
        </extensions>
      </trkpt>
      <trkpt lat="46.40244604088366031646728515625" lon="23.459541499614715576171875">
        <ele>561</ele>
        <time>2024-11-10T12:06:26.000Z</time>
        <extensions>
          <ns3:TrackPointExtension>
            <ns3:hr>80</ns3:hr>
            <ns3:cad>54</ns3:cad>
          </ns3:TrackPointExtension>
        </extensions>
      </trkpt>
      <trkpt lat="46.40244863927364349365234375" lon="23.459523059427738189697265625">
        <ele>560.5999755859375</ele>
        <time>2024-11-10T12:06:28.000Z</time>
        <extensions>
          <ns3:TrackPointExtension>
            <ns3:hr>79</ns3:hr>
            <ns3:cad>54</ns3:cad>
          </ns3:TrackPointExtension>
        </extensions>
      </trkpt>
      <trkpt lat="46.4024655707180500030517578125" lon="23.459531776607036590576171875">
        <ele>559.5999755859375</ele>
        <time>2024-11-10T12:06:33.000Z</time>
        <extensions>
          <ns3:TrackPointExtension>
            <ns3:hr>80</ns3:hr>
            <ns3:cad>54</ns3:cad>
          </ns3:TrackPointExtension>
        </extensions>
      </trkpt>
      <trkpt lat="46.4024783112108707427978515625" lon="23.45952230505645275115966796875">
        <ele>559.20001220703125</ele>
        <time>2024-11-10T12:06:35.000Z</time>
        <extensions>
          <ns3:TrackPointExtension>
            <ns3:hr>84</ns3:hr>
            <ns3:cad>53</ns3:cad>
          </ns3:TrackPointExtension>
        </extensions>
      </trkpt>
      <trkpt lat="46.40248677693307399749755859375" lon="23.45951937139034271240234375">
        <ele>559.20001220703125</ele>
        <time>2024-11-10T12:06:36.000Z</time>
        <extensions>
          <ns3:TrackPointExtension>
            <ns3:hr>89</ns3:hr>
            <ns3:cad>54</ns3:cad>
          </ns3:TrackPointExtension>
        </extensions>
      </trkpt>
      <trkpt lat="46.4025272615253925323486328125" lon="23.4595057927072048187255859375">
        <ele>558.4000244140625</ele>
        <time>2024-11-10T12:06:40.000Z</time>
        <extensions>
          <ns3:TrackPointExtension>
            <ns3:hr>90</ns3:hr>
            <ns3:cad>53</ns3:cad>
          </ns3:TrackPointExtension>
        </extensions>
      </trkpt>
      <trkpt lat="46.4025396667420864105224609375" lon="23.45950269140303134918212890625">
        <ele>558</ele>
        <time>2024-11-10T12:06:42.000Z</time>
        <extensions>
          <ns3:TrackPointExtension>
            <ns3:hr>90</ns3:hr>
            <ns3:cad>53</ns3:cad>
          </ns3:TrackPointExtension>
        </extensions>
      </trkpt>
      <trkpt lat="46.40256321988999843597412109375" lon="23.4594860114157199859619140625">
        <ele>557.4000244140625</ele>
        <time>2024-11-10T12:06:45.000Z</time>
        <extensions>
          <ns3:TrackPointExtension>
            <ns3:hr>89</ns3:hr>
            <ns3:cad>55</ns3:cad>
          </ns3:TrackPointExtension>
        </extensions>
      </trkpt>
      <trkpt lat="46.40258668921887874603271484375" lon="23.45943027175962924957275390625">
        <ele>556.5999755859375</ele>
        <time>2024-11-10T12:06:49.000Z</time>
        <extensions>
          <ns3:TrackPointExtension>
            <ns3:hr>88</ns3:hr>
            <ns3:cad>54</ns3:cad>
          </ns3:TrackPointExtension>
        </extensions>
      </trkpt>
      <trkpt lat="46.4025896228849887847900390625" lon="23.45940344966948032379150390625">
        <ele>556.4000244140625</ele>
        <time>2024-11-10T12:06:51.000Z</time>
        <extensions>
          <ns3:TrackPointExtension>
            <ns3:hr>87</ns3:hr>
            <ns3:cad>56</ns3:cad>
          </ns3:TrackPointExtension>
        </extensions>
      </trkpt>
      <trkpt lat="46.40258300118148326873779296875" lon="23.45937495119869709014892578125">
        <ele>555.79998779296875</ele>
        <time>2024-11-10T12:06:55.000Z</time>
        <extensions>
          <ns3:TrackPointExtension>
            <ns3:hr>84</ns3:hr>
            <ns3:cad>50</ns3:cad>
          </ns3:TrackPointExtension>
        </extensions>
      </trkpt>
      <trkpt lat="46.4025740325450897216796875" lon="23.45935164950788021087646484375">
        <ele>555.20001220703125</ele>
        <time>2024-11-10T12:06:59.000Z</time>
        <extensions>
          <ns3:TrackPointExtension>
            <ns3:hr>82</ns3:hr>
            <ns3:cad>49</ns3:cad>
          </ns3:TrackPointExtension>
        </extensions>
      </trkpt>
      <trkpt lat="46.4025638066232204437255859375" lon="23.45927260816097259521484375">
        <ele>554.20001220703125</ele>
        <time>2024-11-10T12:07:06.000Z</time>
        <extensions>
          <ns3:TrackPointExtension>
            <ns3:hr>81</ns3:hr>
            <ns3:cad>52</ns3:cad>
          </ns3:TrackPointExtension>
        </extensions>
      </trkpt>
      <trkpt lat="46.40256422571837902069091796875" lon="23.4592529945075511932373046875">
        <ele>553.79998779296875</ele>
        <time>2024-11-10T12:07:07.000Z</time>
        <extensions>
          <ns3:TrackPointExtension>
            <ns3:hr>83</ns3:hr>
            <ns3:cad>53</ns3:cad>
          </ns3:TrackPointExtension>
        </extensions>
      </trkpt>
      <trkpt lat="46.40256221406161785125732421875" lon="23.45922969281673431396484375">
        <ele>553.5999755859375</ele>
        <time>2024-11-10T12:07:08.000Z</time>
        <extensions>
          <ns3:TrackPointExtension>
            <ns3:hr>86</ns3:hr>
            <ns3:cad>53</ns3:cad>
          </ns3:TrackPointExtension>
        </extensions>
      </trkpt>
      <trkpt lat="46.402556933462619781494140625" lon="23.45917764119803905487060546875">
        <ele>553</ele>
        <time>2024-11-10T12:07:12.000Z</time>
        <extensions>
          <ns3:TrackPointExtension>
            <ns3:hr>88</ns3:hr>
            <ns3:cad>53</ns3:cad>
          </ns3:TrackPointExtension>
        </extensions>
      </trkpt>
      <trkpt lat="46.40255584381520748138427734375" lon="23.45914998091757297515869140625">
        <ele>552.4000244140625</ele>
        <time>2024-11-10T12:07:16.000Z</time>
        <extensions>
          <ns3:TrackPointExtension>
            <ns3:hr>87</ns3:hr>
            <ns3:cad>53</ns3:cad>
          </ns3:TrackPointExtension>
        </extensions>
      </trkpt>
      <trkpt lat="46.4025614596903324127197265625" lon="23.4591333009302616119384765625">
        <ele>552</ele>
        <time>2024-11-10T12:07:19.000Z</time>
        <extensions>
          <ns3:TrackPointExtension>
            <ns3:hr>86</ns3:hr>
            <ns3:cad>55</ns3:cad>
          </ns3:TrackPointExtension>
        </extensions>
      </trkpt>
      <trkpt lat="46.40255056321620941162109375" lon="23.45908493734896183013916015625">
        <ele>551.20001220703125</ele>
        <time>2024-11-10T12:07:24.000Z</time>
        <extensions>
          <ns3:TrackPointExtension>
            <ns3:hr>87</ns3:hr>
            <ns3:cad>54</ns3:cad>
          </ns3:TrackPointExtension>
        </extensions>
      </trkpt>
      <trkpt lat="46.40254746191203594207763671875" lon="23.45906968228518962860107421875">
        <ele>551</ele>
        <time>2024-11-10T12:07:26.000Z</time>
        <extensions>
          <ns3:TrackPointExtension>
            <ns3:hr>87</ns3:hr>
            <ns3:cad>56</ns3:cad>
          </ns3:TrackPointExtension>
        </extensions>
      </trkpt>
      <trkpt lat="46.4025514014065265655517578125" lon="23.4589881263673305511474609375">
        <ele>550</ele>
        <time>2024-11-10T12:07:32.000Z</time>
        <extensions>
          <ns3:TrackPointExtension>
            <ns3:hr>87</ns3:hr>
            <ns3:cad>51</ns3:cad>
          </ns3:TrackPointExtension>
        </extensions>
      </trkpt>
      <trkpt lat="46.40255282633006572723388671875" lon="23.458974547684192657470703125">
        <ele>549.79998779296875</ele>
        <time>2024-11-10T12:07:33.000Z</time>
        <extensions>
          <ns3:TrackPointExtension>
            <ns3:hr>87</ns3:hr>
            <ns3:cad>51</ns3:cad>
          </ns3:TrackPointExtension>
        </extensions>
      </trkpt>
      <trkpt lat="46.4025581069290637969970703125" lon="23.458933643996715545654296875">
        <ele>548.79998779296875</ele>
        <time>2024-11-10T12:07:37.000Z</time>
        <extensions>
          <ns3:TrackPointExtension>
            <ns3:hr>85</ns3:hr>
            <ns3:cad>55</ns3:cad>
          </ns3:TrackPointExtension>
        </extensions>
      </trkpt>
      <trkpt lat="46.40256741084158420562744140625" lon="23.4588677622377872467041015625">
        <ele>548</ele>
        <time>2024-11-10T12:07:44.000Z</time>
        <extensions>
          <ns3:TrackPointExtension>
            <ns3:hr>86</ns3:hr>
            <ns3:cad>50</ns3:cad>
          </ns3:TrackPointExtension>
        </extensions>
      </trkpt>
      <trkpt lat="46.40256942249834537506103515625" lon="23.45885728485882282257080078125">
        <ele>547.79998779296875</ele>
        <time>2024-11-10T12:07:45.000Z</time>
        <extensions>
          <ns3:TrackPointExtension>
            <ns3:hr>86</ns3:hr>
            <ns3:cad>50</ns3:cad>
          </ns3:TrackPointExtension>
        </extensions>
      </trkpt>
      <trkpt lat="46.40257528983056545257568359375" lon="23.458787463605403900146484375">
        <ele>546.79998779296875</ele>
        <time>2024-11-10T12:07:52.000Z</time>
        <extensions>
          <ns3:TrackPointExtension>
            <ns3:hr>85</ns3:hr>
            <ns3:cad>0</ns3:cad>
          </ns3:TrackPointExtension>
        </extensions>
      </trkpt>
      <trkpt lat="46.40257813967764377593994140625" lon="23.45877698622643947601318359375">
        <ele>546.79998779296875</ele>
        <time>2024-11-10T12:07:53.000Z</time>
        <extensions>
          <ns3:TrackPointExtension>
            <ns3:hr>85</ns3:hr>
            <ns3:cad>0</ns3:cad>
          </ns3:TrackPointExtension>
        </extensions>
      </trkpt>
      <trkpt lat="46.4025923050940036773681640625" lon="23.45871646888554096221923828125">
        <ele>545.5999755859375</ele>
        <time>2024-11-10T12:08:00.000Z</time>
        <extensions>
          <ns3:TrackPointExtension>
            <ns3:hr>85</ns3:hr>
            <ns3:cad>0</ns3:cad>
          </ns3:TrackPointExtension>
        </extensions>
      </trkpt>
      <trkpt lat="46.40259138308465480804443359375" lon="23.4587004594504833221435546875">
        <ele>545.4000244140625</ele>
        <time>2024-11-10T12:08:02.000Z</time>
        <extensions>
          <ns3:TrackPointExtension>
            <ns3:hr>85</ns3:hr>
            <ns3:cad>0</ns3:cad>
          </ns3:TrackPointExtension>
        </extensions>
      </trkpt>
      <trkpt lat="46.4025956578552722930908203125" lon="23.45863298512995243072509765625">
        <ele>544.5999755859375</ele>
        <time>2024-11-10T12:08:10.000Z</time>
        <extensions>
          <ns3:TrackPointExtension>
            <ns3:hr>84</ns3:hr>
            <ns3:cad>46</ns3:cad>
          </ns3:TrackPointExtension>
        </extensions>
      </trkpt>
      <trkpt lat="46.40259574167430400848388671875" lon="23.4586183167994022369384765625">
        <ele>544.20001220703125</ele>
        <time>2024-11-10T12:08:12.000Z</time>
        <extensions>
          <ns3:TrackPointExtension>
            <ns3:hr>84</ns3:hr>
            <ns3:cad>46</ns3:cad>
          </ns3:TrackPointExtension>
        </extensions>
      </trkpt>
      <trkpt lat="46.40261837281286716461181640625" lon="23.4585569612681865692138671875">
        <ele>543.5999755859375</ele>
        <time>2024-11-10T12:08:19.000Z</time>
        <extensions>
          <ns3:TrackPointExtension>
            <ns3:hr>83</ns3:hr>
            <ns3:cad>0</ns3:cad>
          </ns3:TrackPointExtension>
        </extensions>
      </trkpt>
      <trkpt lat="46.40262407250702381134033203125" lon="23.4585415385663509368896484375">
        <ele>543.5999755859375</ele>
        <time>2024-11-10T12:08:20.000Z</time>
        <extensions>
          <ns3:TrackPointExtension>
            <ns3:hr>83</ns3:hr>
            <ns3:cad>0</ns3:cad>
          </ns3:TrackPointExtension>
        </extensions>
      </trkpt>
      <trkpt lat="46.40266279689967632293701171875" lon="23.45846551470458507537841796875">
        <ele>542.4000244140625</ele>
        <time>2024-11-10T12:08:26.000Z</time>
        <extensions>
          <ns3:TrackPointExtension>
            <ns3:hr>84</ns3:hr>
            <ns3:cad>51</ns3:cad>
          </ns3:TrackPointExtension>
        </extensions>
      </trkpt>
      <trkpt lat="46.40266723930835723876953125" lon="23.45847490243613719940185546875">
        <ele>542</ele>
        <time>2024-11-10T12:08:28.000Z</time>
        <extensions>
          <ns3:TrackPointExtension>
            <ns3:hr>85</ns3:hr>
            <ns3:cad>0</ns3:cad>
          </ns3:TrackPointExtension>
        </extensions>
      </trkpt>
      <trkpt lat="46.4026560075581073760986328125" lon="23.4584982879459857940673828125">
        <ele>542</ele>
        <time>2024-11-10T12:08:30.000Z</time>
        <extensions>
          <ns3:TrackPointExtension>
            <ns3:hr>90</ns3:hr>
            <ns3:cad>0</ns3:cad>
          </ns3:TrackPointExtension>
        </extensions>
      </trkpt>
      <trkpt lat="46.4026687480509281158447265625" lon="23.45847305841743946075439453125">
        <ele>542</ele>
        <time>2024-11-10T12:08:35.000Z</time>
        <extensions>
          <ns3:TrackPointExtension>
            <ns3:hr>91</ns3:hr>
            <ns3:cad>0</ns3:cad>
          </ns3:TrackPointExtension>
        </extensions>
      </trkpt>
      <trkpt lat="46.40270747244358062744140625" lon="23.45846584998071193695068359375">
        <ele>541.5999755859375</ele>
        <time>2024-11-10T12:08:39.000Z</time>
        <extensions>
          <ns3:TrackPointExtension>
            <ns3:hr>88</ns3:hr>
            <ns3:cad>0</ns3:cad>
          </ns3:TrackPointExtension>
        </extensions>
      </trkpt>
      <trkpt lat="46.4027173630893230438232421875" lon="23.458467610180377960205078125">
        <ele>541.4000244140625</ele>
        <time>2024-11-10T12:08:40.000Z</time>
        <extensions>
          <ns3:TrackPointExtension>
            <ns3:hr>85</ns3:hr>
            <ns3:cad>0</ns3:cad>
          </ns3:TrackPointExtension>
        </extensions>
      </trkpt>
      <trkpt lat="46.4027233980596065521240234375" lon="23.4584672749042510986328125">
        <ele>541.20001220703125</ele>
        <time>2024-11-10T12:08:41.000Z</time>
        <extensions>
          <ns3:TrackPointExtension>
            <ns3:hr>81</ns3:hr>
            <ns3:cad>0</ns3:cad>
          </ns3:TrackPointExtension>
        </extensions>
      </trkpt>
      <trkpt lat="46.40273538418114185333251953125" lon="23.4584694541990756988525390625">
        <ele>541.20001220703125</ele>
        <time>2024-11-10T12:08:44.000Z</time>
        <extensions>
          <ns3:TrackPointExtension>
            <ns3:hr>78</ns3:hr>
            <ns3:cad>0</ns3:cad>
          </ns3:TrackPointExtension>
        </extensions>
      </trkpt>
      <trkpt lat="46.402733288705348968505859375" lon="23.45847289077937602996826171875">
        <ele>541.20001220703125</ele>
        <time>2024-11-10T12:08:50.000Z</time>
        <extensions>
          <ns3:TrackPointExtension>
            <ns3:hr>81</ns3:hr>
            <ns3:cad>0</ns3:cad>
          </ns3:TrackPointExtension>
        </extensions>
      </trkpt>
      <trkpt lat="46.40273354016244411468505859375" lon="23.45846501179039478302001953125">
        <ele>541.20001220703125</ele>
        <time>2024-11-10T12:08:51.000Z</time>
        <extensions>
          <ns3:TrackPointExtension>
            <ns3:hr>81</ns3:hr>
            <ns3:cad>0</ns3:cad>
          </ns3:TrackPointExtension>
        </extensions>
      </trkpt>
      <trkpt lat="46.4027250744402408599853515625" lon="23.45837716944515705108642578125">
        <ele>540.4000244140625</ele>
        <time>2024-11-10T12:08:58.000Z</time>
        <extensions>
          <ns3:TrackPointExtension>
            <ns3:hr>84</ns3:hr>
            <ns3:cad>51</ns3:cad>
          </ns3:TrackPointExtension>
        </extensions>
      </trkpt>
      <trkpt lat="46.40272666700184345245361328125" lon="23.45836627297103404998779296875">
        <ele>540.20001220703125</ele>
        <time>2024-11-10T12:08:59.000Z</time>
        <extensions>
          <ns3:TrackPointExtension>
            <ns3:hr>87</ns3:hr>
            <ns3:cad>51</ns3:cad>
          </ns3:TrackPointExtension>
        </extensions>
      </trkpt>
      <trkpt lat="46.40273085795342922210693359375" lon="23.458338864147663116455078125">
        <ele>539.79998779296875</ele>
        <time>2024-11-10T12:09:01.000Z</time>
        <extensions>
          <ns3:TrackPointExtension>
            <ns3:hr>88</ns3:hr>
            <ns3:cad>51</ns3:cad>
          </ns3:TrackPointExtension>
        </extensions>
      </trkpt>
      <trkpt lat="46.40275198034942150115966796875" lon="23.45829133875668048858642578125">
        <ele>539.20001220703125</ele>
        <time>2024-11-10T12:09:05.000Z</time>
        <extensions>
          <ns3:TrackPointExtension>
            <ns3:hr>89</ns3:hr>
            <ns3:cad>52</ns3:cad>
          </ns3:TrackPointExtension>
        </extensions>
      </trkpt>
      <trkpt lat="46.4027901180088520050048828125" lon="23.4582454897463321685791015625">
        <ele>538.4000244140625</ele>
        <time>2024-11-10T12:09:10.000Z</time>
        <extensions>
          <ns3:TrackPointExtension>
            <ns3:hr>86</ns3:hr>
            <ns3:cad>52</ns3:cad>
          </ns3:TrackPointExtension>
        </extensions>
      </trkpt>
      <trkpt lat="46.40280227176845073699951171875" lon="23.4582310728728771209716796875">
        <ele>538.20001220703125</ele>
        <time>2024-11-10T12:09:12.000Z</time>
        <extensions>
          <ns3:TrackPointExtension>
            <ns3:hr>86</ns3:hr>
            <ns3:cad>50</ns3:cad>
          </ns3:TrackPointExtension>
        </extensions>
      </trkpt>
      <trkpt lat="46.4028275012969970703125" lon="23.45817114226520061492919921875">
        <ele>537.79998779296875</ele>
        <time>2024-11-10T12:09:18.000Z</time>
        <extensions>
          <ns3:TrackPointExtension>
            <ns3:hr>84</ns3:hr>
            <ns3:cad>47</ns3:cad>
          </ns3:TrackPointExtension>
        </extensions>
      </trkpt>
      <trkpt lat="46.4028422534465789794921875" lon="23.45809922553598880767822265625">
        <ele>537.5999755859375</ele>
        <time>2024-11-10T12:09:24.000Z</time>
        <extensions>
          <ns3:TrackPointExtension>
            <ns3:hr>83</ns3:hr>
            <ns3:cad>48</ns3:cad>
          </ns3:TrackPointExtension>
        </extensions>
      </trkpt>
      <trkpt lat="46.40280579216778278350830078125" lon="23.4580322541296482086181640625">
        <ele>537.5999755859375</ele>
        <time>2024-11-10T12:09:31.000Z</time>
        <extensions>
          <ns3:TrackPointExtension>
            <ns3:hr>85</ns3:hr>
            <ns3:cad>47</ns3:cad>
          </ns3:TrackPointExtension>
        </extensions>
      </trkpt>
      <trkpt lat="46.4027569256722927093505859375" lon="23.4579568170011043548583984375">
        <ele>537.20001220703125</ele>
        <time>2024-11-10T12:09:37.000Z</time>
        <extensions>
          <ns3:TrackPointExtension>
            <ns3:hr>86</ns3:hr>
            <ns3:cad>50</ns3:cad>
          </ns3:TrackPointExtension>
        </extensions>
      </trkpt>
      <trkpt lat="46.4027428440749645233154296875" lon="23.457925803959369659423828125">
        <ele>537</ele>
        <time>2024-11-10T12:09:39.000Z</time>
        <extensions>
          <ns3:TrackPointExtension>
            <ns3:hr>87</ns3:hr>
            <ns3:cad>50</ns3:cad>
          </ns3:TrackPointExtension>
        </extensions>
      </trkpt>
      <trkpt lat="46.40272465534508228302001953125" lon="23.45782287418842315673828125">
        <ele>536.4000244140625</ele>
        <time>2024-11-10T12:09:47.000Z</time>
        <extensions>
          <ns3:TrackPointExtension>
            <ns3:hr>87</ns3:hr>
            <ns3:cad>49</ns3:cad>
          </ns3:TrackPointExtension>
        </extensions>
      </trkpt>
      <trkpt lat="46.4027086459100246429443359375" lon="23.45769924111664295196533203125">
        <ele>536.20001220703125</ele>
        <time>2024-11-10T12:09:56.000Z</time>
        <extensions>
          <ns3:TrackPointExtension>
            <ns3:hr>86</ns3:hr>
            <ns3:cad>44</ns3:cad>
          </ns3:TrackPointExtension>
        </extensions>
      </trkpt>
      <trkpt lat="46.4026885293424129486083984375" lon="23.45759010873734951019287109375">
        <ele>536.4000244140625</ele>
        <time>2024-11-10T12:10:04.000Z</time>
        <extensions>
          <ns3:TrackPointExtension>
            <ns3:hr>87</ns3:hr>
            <ns3:cad>45</ns3:cad>
          </ns3:TrackPointExtension>
        </extensions>
      </trkpt>
      <trkpt lat="46.4026798121631145477294921875" lon="23.4575400687754154205322265625">
        <ele>536.4000244140625</ele>
        <time>2024-11-10T12:10:07.000Z</time>
        <extensions>
          <ns3:TrackPointExtension>
            <ns3:hr>91</ns3:hr>
            <ns3:cad>45</ns3:cad>
          </ns3:TrackPointExtension>
        </extensions>
      </trkpt>
      <trkpt lat="46.40266430564224720001220703125" lon="23.45748080871999263763427734375">
        <ele>536.20001220703125</ele>
        <time>2024-11-10T12:10:12.000Z</time>
        <extensions>
          <ns3:TrackPointExtension>
            <ns3:hr>92</ns3:hr>
            <ns3:cad>46</ns3:cad>
          </ns3:TrackPointExtension>
        </extensions>
      </trkpt>
      <trkpt lat="46.40265776775777339935302734375" lon="23.457477875053882598876953125">
        <ele>536</ele>
        <time>2024-11-10T12:10:13.000Z</time>
        <extensions>
          <ns3:TrackPointExtension>
            <ns3:hr>92</ns3:hr>
            <ns3:cad>46</ns3:cad>
          </ns3:TrackPointExtension>
        </extensions>
      </trkpt>
      <trkpt lat="46.402612589299678802490234375" lon="23.4574515558779239654541015625">
        <ele>535.4000244140625</ele>
        <time>2024-11-10T12:10:19.000Z</time>
        <extensions>
          <ns3:TrackPointExtension>
            <ns3:hr>91</ns3:hr>
            <ns3:cad>54</ns3:cad>
          </ns3:TrackPointExtension>
        </extensions>
      </trkpt>
      <trkpt lat="46.4026063866913318634033203125" lon="23.45744929276406764984130859375">
        <ele>535.20001220703125</ele>
        <time>2024-11-10T12:10:20.000Z</time>
        <extensions>
          <ns3:TrackPointExtension>
            <ns3:hr>90</ns3:hr>
            <ns3:cad>51</ns3:cad>
          </ns3:TrackPointExtension>
        </extensions>
      </trkpt>
      <trkpt lat="46.40259708277881145477294921875" lon="23.45744359306991100311279296875">
        <ele>535</ele>
        <time>2024-11-10T12:10:21.000Z</time>
        <extensions>
          <ns3:TrackPointExtension>
            <ns3:hr>90</ns3:hr>
            <ns3:cad>51</ns3:cad>
          </ns3:TrackPointExtension>
        </extensions>
      </trkpt>
      <trkpt lat="46.40254830010235309600830078125" lon="23.45742180012166500091552734375">
        <ele>533.79998779296875</ele>
        <time>2024-11-10T12:10:27.000Z</time>
        <extensions>
          <ns3:TrackPointExtension>
            <ns3:hr>92</ns3:hr>
            <ns3:cad>54</ns3:cad>
          </ns3:TrackPointExtension>
        </extensions>
      </trkpt>
      <trkpt lat="46.40249800868332386016845703125" lon="23.45740310847759246826171875">
        <ele>532.79998779296875</ele>
        <time>2024-11-10T12:10:33.000Z</time>
        <extensions>
          <ns3:TrackPointExtension>
            <ns3:hr>91</ns3:hr>
            <ns3:cad>52</ns3:cad>
          </ns3:TrackPointExtension>
        </extensions>
      </trkpt>
      <trkpt lat="46.40248845331370830535888671875" lon="23.45739799551665782928466796875">
        <ele>532.5999755859375</ele>
        <time>2024-11-10T12:10:35.000Z</time>
        <extensions>
          <ns3:TrackPointExtension>
            <ns3:hr>88</ns3:hr>
            <ns3:cad>52</ns3:cad>
          </ns3:TrackPointExtension>
        </extensions>
      </trkpt>
      <trkpt lat="46.4024689234793186187744140625" lon="23.4573841653764247894287109375">
        <ele>532.20001220703125</ele>
        <time>2024-11-10T12:10:37.000Z</time>
        <extensions>
          <ns3:TrackPointExtension>
            <ns3:hr>88</ns3:hr>
            <ns3:cad>52</ns3:cad>
          </ns3:TrackPointExtension>
        </extensions>
      </trkpt>
      <trkpt lat="46.40245140530169010162353515625" lon="23.457371927797794342041015625">
        <ele>531.79998779296875</ele>
        <time>2024-11-10T12:10:39.000Z</time>
        <extensions>
          <ns3:TrackPointExtension>
            <ns3:hr>86</ns3:hr>
            <ns3:cad>52</ns3:cad>
          </ns3:TrackPointExtension>
        </extensions>
      </trkpt>
      <trkpt lat="46.402390301227569580078125" lon="23.4573462791740894317626953125">
        <ele>530.5999755859375</ele>
        <time>2024-11-10T12:10:46.000Z</time>
        <extensions>
          <ns3:TrackPointExtension>
            <ns3:hr>84</ns3:hr>
            <ns3:cad>50</ns3:cad>
          </ns3:TrackPointExtension>
        </extensions>
      </trkpt>
      <trkpt lat="46.40231880359351634979248046875" lon="23.45733865164220333099365234375">
        <ele>529.4000244140625</ele>
        <time>2024-11-10T12:10:52.000Z</time>
        <extensions>
          <ns3:TrackPointExtension>
            <ns3:hr>84</ns3:hr>
            <ns3:cad>53</ns3:cad>
          </ns3:TrackPointExtension>
        </extensions>
      </trkpt>
      <trkpt lat="46.40230623073875904083251953125" lon="23.45733462832868099212646484375">
        <ele>529</ele>
        <time>2024-11-10T12:10:55.000Z</time>
        <extensions>
          <ns3:TrackPointExtension>
            <ns3:hr>84</ns3:hr>
            <ns3:cad>54</ns3:cad>
          </ns3:TrackPointExtension>
        </extensions>
      </trkpt>
      <trkpt lat="46.40226717106997966766357421875" lon="23.45732255838811397552490234375">
        <ele>528.4000244140625</ele>
        <time>2024-11-10T12:10:59.000Z</time>
        <extensions>
          <ns3:TrackPointExtension>
            <ns3:hr>83</ns3:hr>
            <ns3:cad>51</ns3:cad>
          </ns3:TrackPointExtension>
        </extensions>
      </trkpt>
      <trkpt lat="46.40221503563225269317626953125" lon="23.45728282816708087921142578125">
        <ele>528</ele>
        <time>2024-11-10T12:11:04.000Z</time>
        <extensions>
          <ns3:TrackPointExtension>
            <ns3:hr>81</ns3:hr>
            <ns3:cad>47</ns3:cad>
          </ns3:TrackPointExtension>
        </extensions>
      </trkpt>
      <trkpt lat="46.4022067375481128692626953125" lon="23.4571783058345317840576171875">
        <ele>527.4000244140625</ele>
        <time>2024-11-10T12:11:12.000Z</time>
        <extensions>
          <ns3:TrackPointExtension>
            <ns3:hr>81</ns3:hr>
            <ns3:cad>48</ns3:cad>
          </ns3:TrackPointExtension>
        </extensions>
      </trkpt>
      <trkpt lat="46.4022060669958591461181640625" lon="23.457168079912662506103515625">
        <ele>527.4000244140625</ele>
        <time>2024-11-10T12:11:13.000Z</time>
        <extensions>
          <ns3:TrackPointExtension>
            <ns3:hr>81</ns3:hr>
            <ns3:cad>47</ns3:cad>
          </ns3:TrackPointExtension>
        </extensions>
      </trkpt>
      <trkpt lat="46.40219391323626041412353515625" lon="23.45712977461516857147216796875">
        <ele>527.20001220703125</ele>
        <time>2024-11-10T12:11:17.000Z</time>
        <extensions>
          <ns3:TrackPointExtension>
            <ns3:hr>84</ns3:hr>
            <ns3:cad>44</ns3:cad>
          </ns3:TrackPointExtension>
        </extensions>
      </trkpt>
      <trkpt lat="46.40217195264995098114013671875" lon="23.45710077323019504547119140625">
        <ele>526.5999755859375</ele>
        <time>2024-11-10T12:11:21.000Z</time>
        <extensions>
          <ns3:TrackPointExtension>
            <ns3:hr>86</ns3:hr>
            <ns3:cad>47</ns3:cad>
          </ns3:TrackPointExtension>
        </extensions>
      </trkpt>
      <trkpt lat="46.4021326415240764617919921875" lon="23.45698242075741291046142578125">
        <ele>526.4000244140625</ele>
        <time>2024-11-10T12:11:28.000Z</time>
        <extensions>
          <ns3:TrackPointExtension>
            <ns3:hr>87</ns3:hr>
            <ns3:cad>48</ns3:cad>
          </ns3:TrackPointExtension>
        </extensions>
      </trkpt>
      <trkpt lat="46.4021287858486175537109375" lon="23.45697403885424137115478515625">
        <ele>526.4000244140625</ele>
        <time>2024-11-10T12:11:29.000Z</time>
        <extensions>
          <ns3:TrackPointExtension>
            <ns3:hr>87</ns3:hr>
            <ns3:cad>48</ns3:cad>
          </ns3:TrackPointExtension>
        </extensions>
      </trkpt>
      <trkpt lat="46.40212300233542919158935546875" lon="23.4569489769637584686279296875">
        <ele>526.20001220703125</ele>
        <time>2024-11-10T12:11:31.000Z</time>
        <extensions>
          <ns3:TrackPointExtension>
            <ns3:hr>84</ns3:hr>
            <ns3:cad>49</ns3:cad>
          </ns3:TrackPointExtension>
        </extensions>
      </trkpt>
      <trkpt lat="46.40211897902190685272216796875" lon="23.4569131024181842803955078125">
        <ele>526</ele>
        <time>2024-11-10T12:11:33.000Z</time>
        <extensions>
          <ns3:TrackPointExtension>
            <ns3:hr>83</ns3:hr>
            <ns3:cad>48</ns3:cad>
          </ns3:TrackPointExtension>
        </extensions>
      </trkpt>
      <trkpt lat="46.40213037841022014617919921875" lon="23.456810675561428070068359375">
        <ele>525.5999755859375</ele>
        <time>2024-11-10T12:11:38.000Z</time>
        <extensions>
          <ns3:TrackPointExtension>
            <ns3:hr>84</ns3:hr>
            <ns3:cad>47</ns3:cad>
          </ns3:TrackPointExtension>
        </extensions>
      </trkpt>
      <trkpt lat="46.4021470583975315093994140625" lon="23.456768095493316650390625">
        <ele>525.4000244140625</ele>
        <time>2024-11-10T12:11:41.000Z</time>
        <extensions>
          <ns3:TrackPointExtension>
            <ns3:hr>83</ns3:hr>
            <ns3:cad>50</ns3:cad>
          </ns3:TrackPointExtension>
        </extensions>
      </trkpt>
      <trkpt lat="46.40216960571706295013427734375" lon="23.45670548267662525177001953125">
        <ele>524.79998779296875</ele>
        <time>2024-11-10T12:11:45.000Z</time>
        <extensions>
          <ns3:TrackPointExtension>
            <ns3:hr>82</ns3:hr>
            <ns3:cad>52</ns3:cad>
          </ns3:TrackPointExtension>
        </extensions>
      </trkpt>
      <trkpt lat="46.4021990261971950531005859375" lon="23.4566398523747920989990234375">
        <ele>524.20001220703125</ele>
        <time>2024-11-10T12:11:51.000Z</time>
        <extensions>
          <ns3:TrackPointExtension>
            <ns3:hr>85</ns3:hr>
            <ns3:cad>48</ns3:cad>
          </ns3:TrackPointExtension>
        </extensions>
      </trkpt>
      <trkpt lat="46.402212269604206085205078125" lon="23.45662401057779788970947265625">
        <ele>524.20001220703125</ele>
        <time>2024-11-10T12:11:53.000Z</time>
        <extensions>
          <ns3:TrackPointExtension>
            <ns3:hr>86</ns3:hr>
            <ns3:cad>47</ns3:cad>
          </ns3:TrackPointExtension>
        </extensions>
      </trkpt>
      <trkpt lat="46.40226482413709163665771484375" lon="23.45659852959215641021728515625">
        <ele>523.79998779296875</ele>
        <time>2024-11-10T12:11:59.000Z</time>
        <extensions>
          <ns3:TrackPointExtension>
            <ns3:hr>83</ns3:hr>
            <ns3:cad>45</ns3:cad>
          </ns3:TrackPointExtension>
        </extensions>
      </trkpt>
      <trkpt lat="46.40228225849568843841552734375" lon="23.45658905804157257080078125">
        <ele>523.5999755859375</ele>
        <time>2024-11-10T12:12:01.000Z</time>
        <extensions>
          <ns3:TrackPointExtension>
            <ns3:hr>82</ns3:hr>
            <ns3:cad>47</ns3:cad>
          </ns3:TrackPointExtension>
        </extensions>
      </trkpt>
      <trkpt lat="46.40231075696647167205810546875" lon="23.45657824538648128509521484375">
        <ele>523.20001220703125</ele>
        <time>2024-11-10T12:12:04.000Z</time>
        <extensions>
          <ns3:TrackPointExtension>
            <ns3:hr>82</ns3:hr>
            <ns3:cad>50</ns3:cad>
          </ns3:TrackPointExtension>
        </extensions>
      </trkpt>
      <trkpt lat="46.402389965951442718505859375" lon="23.4565355814993381500244140625">
        <ele>522.5999755859375</ele>
        <time>2024-11-10T12:12:10.000Z</time>
        <extensions>
          <ns3:TrackPointExtension>
            <ns3:hr>80</ns3:hr>
            <ns3:cad>0</ns3:cad>
          </ns3:TrackPointExtension>
        </extensions>
      </trkpt>
      <trkpt lat="46.40245408751070499420166015625" lon="23.45647850073873996734619140625">
        <ele>522.4000244140625</ele>
        <time>2024-11-10T12:12:21.000Z</time>
        <extensions>
          <ns3:TrackPointExtension>
            <ns3:hr>80</ns3:hr>
            <ns3:cad>0</ns3:cad>
          </ns3:TrackPointExtension>
        </extensions>
      </trkpt>
      <trkpt lat="46.4025177061557769775390625" lon="23.4564484097063541412353515625">
        <ele>522.4000244140625</ele>
        <time>2024-11-10T12:12:30.000Z</time>
        <extensions>
          <ns3:TrackPointExtension>
            <ns3:hr>78</ns3:hr>
            <ns3:cad>41</ns3:cad>
          </ns3:TrackPointExtension>
        </extensions>
      </trkpt>
      <trkpt lat="46.40257738530635833740234375" lon="23.45639384351670742034912109375">
        <ele>522.20001220703125</ele>
        <time>2024-11-10T12:12:37.000Z</time>
        <extensions>
          <ns3:TrackPointExtension>
            <ns3:hr>77</ns3:hr>
            <ns3:cad>44</ns3:cad>
          </ns3:TrackPointExtension>
        </extensions>
      </trkpt>
      <trkpt lat="46.40258249826729297637939453125" lon="23.45639191567897796630859375">
        <ele>522.20001220703125</ele>
        <time>2024-11-10T12:12:38.000Z</time>
        <extensions>
          <ns3:TrackPointExtension>
            <ns3:hr>77</ns3:hr>
            <ns3:cad>45</ns3:cad>
          </ns3:TrackPointExtension>
        </extensions>
      </trkpt>
      <trkpt lat="46.4026372320950031280517578125" lon="23.45635394565761089324951171875">
        <ele>521.4000244140625</ele>
        <time>2024-11-10T12:12:48.000Z</time>
        <extensions>
          <ns3:TrackPointExtension>
            <ns3:hr>80</ns3:hr>
            <ns3:cad>49</ns3:cad>
          </ns3:TrackPointExtension>
        </extensions>
      </trkpt>
      <trkpt lat="46.40264578163623809814453125" lon="23.45634724013507366180419921875">
        <ele>521.20001220703125</ele>
        <time>2024-11-10T12:12:49.000Z</time>
        <extensions>
          <ns3:TrackPointExtension>
            <ns3:hr>81</ns3:hr>
            <ns3:cad>48</ns3:cad>
          </ns3:TrackPointExtension>
        </extensions>
      </trkpt>
      <trkpt lat="46.40266614966094493865966796875" lon="23.45633617602288722991943359375">
        <ele>521</ele>
        <time>2024-11-10T12:12:51.000Z</time>
        <extensions>
          <ns3:TrackPointExtension>
            <ns3:hr>81</ns3:hr>
            <ns3:cad>49</ns3:cad>
          </ns3:TrackPointExtension>
        </extensions>
      </trkpt>
      <trkpt lat="46.4026989229023456573486328125" lon="23.4563179872930049896240234375">
        <ele>520.5999755859375</ele>
        <time>2024-11-10T12:12:54.000Z</time>
        <extensions>
          <ns3:TrackPointExtension>
            <ns3:hr>84</ns3:hr>
            <ns3:cad>51</ns3:cad>
          </ns3:TrackPointExtension>
        </extensions>
      </trkpt>
      <trkpt lat="46.402719877660274505615234375" lon="23.45630516298115253448486328125">
        <ele>520.4000244140625</ele>
        <time>2024-11-10T12:12:57.000Z</time>
        <extensions>
          <ns3:TrackPointExtension>
            <ns3:hr>86</ns3:hr>
            <ns3:cad>50</ns3:cad>
          </ns3:TrackPointExtension>
        </extensions>
      </trkpt>
      <trkpt lat="46.4027778804302215576171875" lon="23.45624439418315887451171875">
        <ele>520</ele>
        <time>2024-11-10T12:13:05.000Z</time>
        <extensions>
          <ns3:TrackPointExtension>
            <ns3:hr>87</ns3:hr>
            <ns3:cad>48</ns3:cad>
          </ns3:TrackPointExtension>
        </extensions>
      </trkpt>
      <trkpt lat="46.40284401364624500274658203125" lon="23.45616585575044155120849609375">
        <ele>519.5999755859375</ele>
        <time>2024-11-10T12:13:13.000Z</time>
        <extensions>
          <ns3:TrackPointExtension>
            <ns3:hr>86</ns3:hr>
            <ns3:cad>46</ns3:cad>
          </ns3:TrackPointExtension>
        </extensions>
      </trkpt>
      <trkpt lat="46.40285926871001720428466796875" lon="23.4561525285243988037109375">
        <ele>519.5999755859375</ele>
        <time>2024-11-10T12:13:14.000Z</time>
        <extensions>
          <ns3:TrackPointExtension>
            <ns3:hr>83</ns3:hr>
            <ns3:cad>46</ns3:cad>
          </ns3:TrackPointExtension>
        </extensions>
      </trkpt>
      <trkpt lat="46.4029212109744548797607421875" lon="23.45611087046563625335693359375">
        <ele>518.79998779296875</ele>
        <time>2024-11-10T12:13:22.000Z</time>
        <extensions>
          <ns3:TrackPointExtension>
            <ns3:hr>81</ns3:hr>
            <ns3:cad>50</ns3:cad>
          </ns3:TrackPointExtension>
        </extensions>
      </trkpt>
      <trkpt lat="46.4029436744749546051025390625" lon="23.4560973756015300750732421875">
        <ele>518.4000244140625</ele>
        <time>2024-11-10T12:13:25.000Z</time>
        <extensions>
          <ns3:TrackPointExtension>
            <ns3:hr>85</ns3:hr>
            <ns3:cad>50</ns3:cad>
          </ns3:TrackPointExtension>
        </extensions>
      </trkpt>
      <trkpt lat="46.4029674790799617767333984375" lon="23.4560774266719818115234375">
        <ele>518</ele>
        <time>2024-11-10T12:13:27.000Z</time>
        <extensions>
          <ns3:TrackPointExtension>
            <ns3:hr>88</ns3:hr>
            <ns3:cad>49</ns3:cad>
          </ns3:TrackPointExtension>
        </extensions>
      </trkpt>
      <trkpt lat="46.40298466198146343231201171875" lon="23.45606141723692417144775390625">
        <ele>517.79998779296875</ele>
        <time>2024-11-10T12:13:29.000Z</time>
        <extensions>
          <ns3:TrackPointExtension>
            <ns3:hr>89</ns3:hr>
            <ns3:cad>50</ns3:cad>
          </ns3:TrackPointExtension>
        </extensions>
      </trkpt>
      <trkpt lat="46.402999497950077056884765625" lon="23.45604725182056427001953125">
        <ele>517.4000244140625</ele>
        <time>2024-11-10T12:13:31.000Z</time>
        <extensions>
          <ns3:TrackPointExtension>
            <ns3:hr>88</ns3:hr>
            <ns3:cad>50</ns3:cad>
          </ns3:TrackPointExtension>
        </extensions>
      </trkpt>
      <trkpt lat="46.40303210355341434478759765625" lon="23.45601011998951435089111328125">
        <ele>516.79998779296875</ele>
        <time>2024-11-10T12:13:36.000Z</time>
        <extensions>
          <ns3:TrackPointExtension>
            <ns3:hr>88</ns3:hr>
            <ns3:cad>48</ns3:cad>
          </ns3:TrackPointExtension>
        </extensions>
      </trkpt>
      <trkpt lat="46.40307870693504810333251953125" lon="23.45599687658250331878662109375">
        <ele>516</ele>
        <time>2024-11-10T12:13:41.000Z</time>
        <extensions>
          <ns3:TrackPointExtension>
            <ns3:hr>88</ns3:hr>
            <ns3:cad>50</ns3:cad>
          </ns3:TrackPointExtension>
        </extensions>
      </trkpt>
      <trkpt lat="46.40311919152736663818359375" lon="23.45599637366831302642822265625">
        <ele>515.5999755859375</ele>
        <time>2024-11-10T12:13:46.000Z</time>
        <extensions>
          <ns3:TrackPointExtension>
            <ns3:hr>86</ns3:hr>
            <ns3:cad>48</ns3:cad>
          </ns3:TrackPointExtension>
        </extensions>
      </trkpt>
      <trkpt lat="46.403136290609836578369140625" lon="23.4559813700616359710693359375">
        <ele>515.4000244140625</ele>
        <time>2024-11-10T12:13:49.000Z</time>
        <extensions>
          <ns3:TrackPointExtension>
            <ns3:hr>85</ns3:hr>
            <ns3:cad>48</ns3:cad>
          </ns3:TrackPointExtension>
        </extensions>
      </trkpt>
      <trkpt lat="46.40317979268729686737060546875" lon="23.45590936951339244842529296875">
        <ele>514.5999755859375</ele>
        <time>2024-11-10T12:13:58.000Z</time>
        <extensions>
          <ns3:TrackPointExtension>
            <ns3:hr>85</ns3:hr>
            <ns3:cad>50</ns3:cad>
          </ns3:TrackPointExtension>
        </extensions>
      </trkpt>
      <trkpt lat="46.40318498946726322174072265625" lon="23.45590434037148952484130859375">
        <ele>514.5999755859375</ele>
        <time>2024-11-10T12:13:59.000Z</time>
        <extensions>
          <ns3:TrackPointExtension>
            <ns3:hr>84</ns3:hr>
            <ns3:cad>50</ns3:cad>
          </ns3:TrackPointExtension>
        </extensions>
      </trkpt>
      <trkpt lat="46.4031941257417201995849609375" lon="23.45582085661590099334716796875">
        <ele>513.5999755859375</ele>
        <time>2024-11-10T12:14:06.000Z</time>
        <extensions>
          <ns3:TrackPointExtension>
            <ns3:hr>85</ns3:hr>
            <ns3:cad>47</ns3:cad>
          </ns3:TrackPointExtension>
        </extensions>
      </trkpt>
      <trkpt lat="46.40319203026592731475830078125" lon="23.45581867732107639312744140625">
        <ele>513.5999755859375</ele>
        <time>2024-11-10T12:14:07.000Z</time>
        <extensions>
          <ns3:TrackPointExtension>
            <ns3:hr>85</ns3:hr>
            <ns3:cad>48</ns3:cad>
          </ns3:TrackPointExtension>
        </extensions>
      </trkpt>
      <trkpt lat="46.40318985097110271453857421875" lon="23.45581750385463237762451171875">
        <ele>513.4000244140625</ele>
        <time>2024-11-10T12:14:08.000Z</time>
        <extensions>
          <ns3:TrackPointExtension>
            <ns3:hr>86</ns3:hr>
            <ns3:cad>48</ns3:cad>
          </ns3:TrackPointExtension>
        </extensions>
      </trkpt>
      <trkpt lat="46.40317543409764766693115234375" lon="23.45576117746531963348388671875">
        <ele>512.5999755859375</ele>
        <time>2024-11-10T12:14:14.000Z</time>
        <extensions>
          <ns3:TrackPointExtension>
            <ns3:hr>88</ns3:hr>
            <ns3:cad>49</ns3:cad>
          </ns3:TrackPointExtension>
        </extensions>
      </trkpt>
      <trkpt lat="46.403172500431537628173828125" lon="23.4557496942579746246337890625">
        <ele>512.4000244140625</ele>
        <time>2024-11-10T12:14:16.000Z</time>
        <extensions>
          <ns3:TrackPointExtension>
            <ns3:hr>87</ns3:hr>
            <ns3:cad>48</ns3:cad>
          </ns3:TrackPointExtension>
        </extensions>
      </trkpt>
      <trkpt lat="46.4031708240509033203125" lon="23.4557460062205791473388671875">
        <ele>512</ele>
        <time>2024-11-10T12:14:18.000Z</time>
        <extensions>
          <ns3:TrackPointExtension>
            <ns3:hr>87</ns3:hr>
            <ns3:cad>48</ns3:cad>
          </ns3:TrackPointExtension>
        </extensions>
      </trkpt>
      <trkpt lat="46.4031508751213550567626953125" lon="23.45572941005229949951171875">
        <ele>511.600006103515625</ele>
        <time>2024-11-10T12:14:22.000Z</time>
        <extensions>
          <ns3:TrackPointExtension>
            <ns3:hr>86</ns3:hr>
            <ns3:cad>48</ns3:cad>
          </ns3:TrackPointExtension>
        </extensions>
      </trkpt>
      <trkpt lat="46.40312665142118930816650390625" lon="23.455696217715740203857421875">
        <ele>510.600006103515625</ele>
        <time>2024-11-10T12:14:28.000Z</time>
        <extensions>
          <ns3:TrackPointExtension>
            <ns3:hr>84</ns3:hr>
            <ns3:cad>52</ns3:cad>
          </ns3:TrackPointExtension>
        </extensions>
      </trkpt>
      <trkpt lat="46.40311994589865207672119140625" lon="23.4556890092790126800537109375">
        <ele>510.399993896484375</ele>
        <time>2024-11-10T12:14:29.000Z</time>
        <extensions>
          <ns3:TrackPointExtension>
            <ns3:hr>84</ns3:hr>
            <ns3:cad>51</ns3:cad>
          </ns3:TrackPointExtension>
        </extensions>
      </trkpt>
      <trkpt lat="46.40309505164623260498046875" lon="23.4556598402559757232666015625">
        <ele>510</ele>
        <time>2024-11-10T12:14:32.000Z</time>
        <extensions>
          <ns3:TrackPointExtension>
            <ns3:hr>87</ns3:hr>
            <ns3:cad>50</ns3:cad>
          </ns3:TrackPointExtension>
        </extensions>
      </trkpt>
      <trkpt lat="46.40305171720683574676513671875" lon="23.4555864147841930389404296875">
        <ele>509.399993896484375</ele>
        <time>2024-11-10T12:14:38.000Z</time>
        <extensions>
          <ns3:TrackPointExtension>
            <ns3:hr>85</ns3:hr>
            <ns3:cad>46</ns3:cad>
          </ns3:TrackPointExtension>
        </extensions>
      </trkpt>
      <trkpt lat="46.403057835996150970458984375" lon="23.4555143304169178009033203125">
        <ele>509</ele>
        <time>2024-11-10T12:14:45.000Z</time>
        <extensions>
          <ns3:TrackPointExtension>
            <ns3:hr>81</ns3:hr>
            <ns3:cad>43</ns3:cad>
          </ns3:TrackPointExtension>
        </extensions>
      </trkpt>
      <trkpt lat="46.40305976383388042449951171875" lon="23.455503098666667938232421875">
        <ele>509</ele>
        <time>2024-11-10T12:14:46.000Z</time>
        <extensions>
          <ns3:TrackPointExtension>
            <ns3:hr>81</ns3:hr>
            <ns3:cad>43</ns3:cad>
          </ns3:TrackPointExtension>
        </extensions>
      </trkpt>
      <trkpt lat="46.4030724205076694488525390625" lon="23.4554053656756877899169921875">
        <ele>508.600006103515625</ele>
        <time>2024-11-10T12:14:54.000Z</time>
        <extensions>
          <ns3:TrackPointExtension>
            <ns3:hr>83</ns3:hr>
            <ns3:cad>46</ns3:cad>
          </ns3:TrackPointExtension>
        </extensions>
      </trkpt>
      <trkpt lat="46.4031361229717731475830078125" lon="23.45530386082828044891357421875">
        <ele>508.399993896484375</ele>
        <time>2024-11-10T12:15:01.000Z</time>
        <extensions>
          <ns3:TrackPointExtension>
            <ns3:hr>80</ns3:hr>
            <ns3:cad>44</ns3:cad>
          </ns3:TrackPointExtension>
        </extensions>
      </trkpt>
      <trkpt lat="46.40315162949264049530029296875" lon="23.4552913717925548553466796875">
        <ele>508.399993896484375</ele>
        <time>2024-11-10T12:15:03.000Z</time>
        <extensions>
          <ns3:TrackPointExtension>
            <ns3:hr>79</ns3:hr>
            <ns3:cad>44</ns3:cad>
          </ns3:TrackPointExtension>
        </extensions>
      </trkpt>
      <trkpt lat="46.40316403470933437347412109375" lon="23.4552829898893833160400390625">
        <ele>508.20001220703125</ele>
        <time>2024-11-10T12:15:05.000Z</time>
        <extensions>
          <ns3:TrackPointExtension>
            <ns3:hr>80</ns3:hr>
            <ns3:cad>43</ns3:cad>
          </ns3:TrackPointExtension>
        </extensions>
      </trkpt>
      <trkpt lat="46.40321432612836360931396484375" lon="23.45525641925632953643798828125">
        <ele>507.600006103515625</ele>
        <time>2024-11-10T12:15:11.000Z</time>
        <extensions>
          <ns3:TrackPointExtension>
            <ns3:hr>79</ns3:hr>
            <ns3:cad>49</ns3:cad>
          </ns3:TrackPointExtension>
        </extensions>
      </trkpt>
      <trkpt lat="46.40326059423387050628662109375" lon="23.45523831434547901153564453125">
        <ele>507.20001220703125</ele>
        <time>2024-11-10T12:15:15.000Z</time>
        <extensions>
          <ns3:TrackPointExtension>
            <ns3:hr>80</ns3:hr>
            <ns3:cad>47</ns3:cad>
          </ns3:TrackPointExtension>
        </extensions>
      </trkpt>
      <trkpt lat="46.40330493450164794921875" lon="23.4552018530666828155517578125">
        <ele>506.79998779296875</ele>
        <time>2024-11-10T12:15:19.000Z</time>
        <extensions>
          <ns3:TrackPointExtension>
            <ns3:hr>80</ns3:hr>
            <ns3:cad>48</ns3:cad>
          </ns3:TrackPointExtension>
        </extensions>
      </trkpt>
      <trkpt lat="46.4033738337457180023193359375" lon="23.45512951724231243133544921875">
        <ele>506.20001220703125</ele>
        <time>2024-11-10T12:15:28.000Z</time>
        <extensions>
          <ns3:TrackPointExtension>
            <ns3:hr>81</ns3:hr>
            <ns3:cad>47</ns3:cad>
          </ns3:TrackPointExtension>
        </extensions>
      </trkpt>
      <trkpt lat="46.40340643934905529022216796875" lon="23.45510453917086124420166015625">
        <ele>505.79998779296875</ele>
        <time>2024-11-10T12:15:37.000Z</time>
        <extensions>
          <ns3:TrackPointExtension>
            <ns3:hr>80</ns3:hr>
            <ns3:cad>0</ns3:cad>
          </ns3:TrackPointExtension>
        </extensions>
      </trkpt>
      <trkpt lat="46.4034167490899562835693359375" lon="23.455110155045986175537109375">
        <ele>506</ele>
        <time>2024-11-10T12:15:40.000Z</time>
        <extensions>
          <ns3:TrackPointExtension>
            <ns3:hr>77</ns3:hr>
            <ns3:cad>0</ns3:cad>
          </ns3:TrackPointExtension>
        </extensions>
      </trkpt>
      <trkpt lat="46.403417252004146575927734375" lon="23.45510822720825672149658203125">
        <ele>506</ele>
        <time>2024-11-10T12:15:41.000Z</time>
        <extensions>
          <ns3:TrackPointExtension>
            <ns3:hr>76</ns3:hr>
            <ns3:cad>0</ns3:cad>
          </ns3:TrackPointExtension>
        </extensions>
      </trkpt>
      <trkpt lat="46.4034348540008068084716796875" lon="23.45511250197887420654296875">
        <ele>506</ele>
        <time>2024-11-10T12:15:45.000Z</time>
        <extensions>
          <ns3:TrackPointExtension>
            <ns3:hr>74</ns3:hr>
            <ns3:cad>0</ns3:cad>
          </ns3:TrackPointExtension>
        </extensions>
      </trkpt>
      <trkpt lat="46.40344281680881977081298828125" lon="23.4550586901605129241943359375">
        <ele>505.20001220703125</ele>
        <time>2024-11-10T12:15:52.000Z</time>
        <extensions>
          <ns3:TrackPointExtension>
            <ns3:hr>73</ns3:hr>
            <ns3:cad>50</ns3:cad>
          </ns3:TrackPointExtension>
        </extensions>
      </trkpt>
      <trkpt lat="46.40344214625656604766845703125" lon="23.45504620112478733062744140625">
        <ele>505</ele>
        <time>2024-11-10T12:15:53.000Z</time>
        <extensions>
          <ns3:TrackPointExtension>
            <ns3:hr>73</ns3:hr>
            <ns3:cad>50</ns3:cad>
          </ns3:TrackPointExtension>
        </extensions>
      </trkpt>
      <trkpt lat="46.40345513820648193359375" lon="23.45493949949741363525390625">
        <ele>504.20001220703125</ele>
        <time>2024-11-10T12:16:00.000Z</time>
        <extensions>
          <ns3:TrackPointExtension>
            <ns3:hr>76</ns3:hr>
            <ns3:cad>48</ns3:cad>
          </ns3:TrackPointExtension>
        </extensions>
      </trkpt>
      <trkpt lat="46.40346310101449489593505859375" lon="23.45490890555083751678466796875">
        <ele>504</ele>
        <time>2024-11-10T12:16:02.000Z</time>
        <extensions>
          <ns3:TrackPointExtension>
            <ns3:hr>75</ns3:hr>
            <ns3:cad>48</ns3:cad>
          </ns3:TrackPointExtension>
        </extensions>
      </trkpt>
      <trkpt lat="46.40348103828728199005126953125" lon="23.45482022501528263092041015625">
        <ele>503.600006103515625</ele>
        <time>2024-11-10T12:16:08.000Z</time>
        <extensions>
          <ns3:TrackPointExtension>
            <ns3:hr>78</ns3:hr>
            <ns3:cad>47</ns3:cad>
          </ns3:TrackPointExtension>
        </extensions>
      </trkpt>
      <trkpt lat="46.4034868218004703521728515625" lon="23.45479390583932399749755859375">
        <ele>503.399993896484375</ele>
        <time>2024-11-10T12:16:10.000Z</time>
        <extensions>
          <ns3:TrackPointExtension>
            <ns3:hr>81</ns3:hr>
            <ns3:cad>48</ns3:cad>
          </ns3:TrackPointExtension>
        </extensions>
      </trkpt>
      <trkpt lat="46.40349847264587879180908203125" lon="23.4547549299895763397216796875">
        <ele>503.399993896484375</ele>
        <time>2024-11-10T12:16:13.000Z</time>
        <extensions>
          <ns3:TrackPointExtension>
            <ns3:hr>83</ns3:hr>
            <ns3:cad>46</ns3:cad>
          </ns3:TrackPointExtension>
        </extensions>
      </trkpt>
      <trkpt lat="46.40350266359746456146240234375" lon="23.4546986036002635955810546875">
        <ele>503</ele>
        <time>2024-11-10T12:16:18.000Z</time>
        <extensions>
          <ns3:TrackPointExtension>
            <ns3:hr>82</ns3:hr>
            <ns3:cad>48</ns3:cad>
          </ns3:TrackPointExtension>
        </extensions>
      </trkpt>
      <trkpt lat="46.4034908451139926910400390625" lon="23.45462190918624401092529296875">
        <ele>502.399993896484375</ele>
        <time>2024-11-10T12:16:25.000Z</time>
        <extensions>
          <ns3:TrackPointExtension>
            <ns3:hr>84</ns3:hr>
            <ns3:cad>45</ns3:cad>
          </ns3:TrackPointExtension>
        </extensions>
      </trkpt>
      <trkpt lat="46.40347860753536224365234375" lon="23.4546053968369960784912109375">
        <ele>502.20001220703125</ele>
        <time>2024-11-10T12:16:28.000Z</time>
        <extensions>
          <ns3:TrackPointExtension>
            <ns3:hr>80</ns3:hr>
            <ns3:cad>47</ns3:cad>
          </ns3:TrackPointExtension>
        </extensions>
      </trkpt>
      <trkpt lat="46.403465531766414642333984375" lon="23.4545634873211383819580078125">
        <ele>501.79998779296875</ele>
        <time>2024-11-10T12:16:32.000Z</time>
        <extensions>
          <ns3:TrackPointExtension>
            <ns3:hr>80</ns3:hr>
            <ns3:cad>46</ns3:cad>
          </ns3:TrackPointExtension>
        </extensions>
      </trkpt>
      <trkpt lat="46.40346142463386058807373046875" lon="23.454536162316799163818359375">
        <ele>501.600006103515625</ele>
        <time>2024-11-10T12:16:34.000Z</time>
        <extensions>
          <ns3:TrackPointExtension>
            <ns3:hr>82</ns3:hr>
            <ns3:cad>48</ns3:cad>
          </ns3:TrackPointExtension>
        </extensions>
      </trkpt>
      <trkpt lat="46.4034593291580677032470703125" lon="23.45446499995887279510498046875">
        <ele>501.600006103515625</ele>
        <time>2024-11-10T12:16:38.000Z</time>
        <extensions>
          <ns3:TrackPointExtension>
            <ns3:hr>86</ns3:hr>
            <ns3:cad>48</ns3:cad>
          </ns3:TrackPointExtension>
        </extensions>
      </trkpt>
      <trkpt lat="46.4034791104495525360107421875" lon="23.454349748790264129638671875">
        <ele>501.399993896484375</ele>
        <time>2024-11-10T12:16:44.000Z</time>
        <extensions>
          <ns3:TrackPointExtension>
            <ns3:hr>87</ns3:hr>
            <ns3:cad>46</ns3:cad>
          </ns3:TrackPointExtension>
        </extensions>
      </trkpt>
      <trkpt lat="46.40349176712334156036376953125" lon="23.4543059952557086944580078125">
        <ele>501</ele>
        <time>2024-11-10T12:16:46.000Z</time>
        <extensions>
          <ns3:TrackPointExtension>
            <ns3:hr>82</ns3:hr>
            <ns3:cad>47</ns3:cad>
          </ns3:TrackPointExtension>
        </extensions>
      </trkpt>
      <trkpt lat="46.40349872410297393798828125" lon="23.4542902372777462005615234375">
        <ele>501</ele>
        <time>2024-11-10T12:16:47.000Z</time>
        <extensions>
          <ns3:TrackPointExtension>
            <ns3:hr>82</ns3:hr>
            <ns3:cad>48</ns3:cad>
          </ns3:TrackPointExtension>
        </extensions>
      </trkpt>
      <trkpt lat="46.40352554619312286376953125" lon="23.4542334079742431640625">
        <ele>501</ele>
        <time>2024-11-10T12:16:52.000Z</time>
        <extensions>
          <ns3:TrackPointExtension>
            <ns3:hr>81</ns3:hr>
            <ns3:cad>45</ns3:cad>
          </ns3:TrackPointExtension>
        </extensions>
      </trkpt>
      <trkpt lat="46.4035917632281780242919921875" lon="23.454172052443027496337890625">
        <ele>501.20001220703125</ele>
        <time>2024-11-10T12:17:02.000Z</time>
        <extensions>
          <ns3:TrackPointExtension>
            <ns3:hr>83</ns3:hr>
            <ns3:cad>42</ns3:cad>
          </ns3:TrackPointExtension>
        </extensions>
      </trkpt>
      <trkpt lat="46.40365387313067913055419921875" lon="23.45409720204770565032958984375">
        <ele>500.79998779296875</ele>
        <time>2024-11-10T12:17:11.000Z</time>
        <extensions>
          <ns3:TrackPointExtension>
            <ns3:hr>84</ns3:hr>
            <ns3:cad>47</ns3:cad>
          </ns3:TrackPointExtension>
        </extensions>
      </trkpt>
      <trkpt lat="46.40365638770163059234619140625" lon="23.45408362336456775665283203125">
        <ele>500.79998779296875</ele>
        <time>2024-11-10T12:17:12.000Z</time>
        <extensions>
          <ns3:TrackPointExtension>
            <ns3:hr>84</ns3:hr>
            <ns3:cad>47</ns3:cad>
          </ns3:TrackPointExtension>
        </extensions>
      </trkpt>
      <trkpt lat="46.40367315150797367095947265625" lon="23.45399343408644199371337890625">
        <ele>500</ele>
        <time>2024-11-10T12:17:19.000Z</time>
        <extensions>
          <ns3:TrackPointExtension>
            <ns3:hr>85</ns3:hr>
            <ns3:cad>51</ns3:cad>
          </ns3:TrackPointExtension>
        </extensions>
      </trkpt>
      <trkpt lat="46.4036856405436992645263671875" lon="23.4539531171321868896484375">
        <ele>499.600006103515625</ele>
        <time>2024-11-10T12:17:22.000Z</time>
        <extensions>
          <ns3:TrackPointExtension>
            <ns3:hr>88</ns3:hr>
            <ns3:cad>49</ns3:cad>
          </ns3:TrackPointExtension>
        </extensions>
      </trkpt>
      <trkpt lat="46.4037084393203258514404296875" lon="23.453874327242374420166015625">
        <ele>499</ele>
        <time>2024-11-10T12:17:29.000Z</time>
        <extensions>
          <ns3:TrackPointExtension>
            <ns3:hr>88</ns3:hr>
            <ns3:cad>51</ns3:cad>
          </ns3:TrackPointExtension>
        </extensions>
      </trkpt>
      <trkpt lat="46.403718329966068267822265625" lon="23.45383719541132450103759765625">
        <ele>498.79998779296875</ele>
        <time>2024-11-10T12:17:32.000Z</time>
        <extensions>
          <ns3:TrackPointExtension>
            <ns3:hr>84</ns3:hr>
            <ns3:cad>51</ns3:cad>
          </ns3:TrackPointExtension>
        </extensions>
      </trkpt>
      <trkpt lat="46.40372268855571746826171875" lon="23.4538258798420429229736328125">
        <ele>498.600006103515625</ele>
        <time>2024-11-10T12:17:33.000Z</time>
        <extensions>
          <ns3:TrackPointExtension>
            <ns3:hr>83</ns3:hr>
            <ns3:cad>51</ns3:cad>
          </ns3:TrackPointExtension>
        </extensions>
      </trkpt>
      <trkpt lat="46.40373433940112590789794921875" lon="23.45373761840164661407470703125">
        <ele>498</ele>
        <time>2024-11-10T12:17:40.000Z</time>
        <extensions>
          <ns3:TrackPointExtension>
            <ns3:hr>81</ns3:hr>
            <ns3:cad>48</ns3:cad>
          </ns3:TrackPointExtension>
        </extensions>
      </trkpt>
      <trkpt lat="46.4037329144775867462158203125" lon="23.453646004199981689453125">
        <ele>497.79998779296875</ele>
        <time>2024-11-10T12:17:48.000Z</time>
        <extensions>
          <ns3:TrackPointExtension>
            <ns3:hr>79</ns3:hr>
            <ns3:cad>46</ns3:cad>
          </ns3:TrackPointExtension>
        </extensions>
      </trkpt>
      <trkpt lat="46.4037381112575531005859375" lon="23.453614823520183563232421875">
        <ele>497.600006103515625</ele>
        <time>2024-11-10T12:17:51.000Z</time>
        <extensions>
          <ns3:TrackPointExtension>
            <ns3:hr>79</ns3:hr>
            <ns3:cad>44</ns3:cad>
          </ns3:TrackPointExtension>
        </extensions>
      </trkpt>
      <trkpt lat="46.4037513546645641326904296875" lon="23.45353092066943645477294921875">
        <ele>497</ele>
        <time>2024-11-10T12:17:57.000Z</time>
        <extensions>
          <ns3:TrackPointExtension>
            <ns3:hr>79</ns3:hr>
            <ns3:cad>48</ns3:cad>
          </ns3:TrackPointExtension>
        </extensions>
      </trkpt>
      <trkpt lat="46.40376686118543148040771484375" lon="23.45347828231751918792724609375">
        <ele>496.79998779296875</ele>
        <time>2024-11-10T12:18:00.000Z</time>
        <extensions>
          <ns3:TrackPointExtension>
            <ns3:hr>76</ns3:hr>
            <ns3:cad>48</ns3:cad>
          </ns3:TrackPointExtension>
        </extensions>
      </trkpt>
      <trkpt lat="46.40377440489828586578369140625" lon="23.45344793982803821563720703125">
        <ele>496.600006103515625</ele>
        <time>2024-11-10T12:18:02.000Z</time>
        <extensions>
          <ns3:TrackPointExtension>
            <ns3:hr>76</ns3:hr>
            <ns3:cad>49</ns3:cad>
          </ns3:TrackPointExtension>
        </extensions>
      </trkpt>
      <trkpt lat="46.4037862233817577362060546875" lon="23.45340703614056110382080078125">
        <ele>496.399993896484375</ele>
        <time>2024-11-10T12:18:05.000Z</time>
        <extensions>
          <ns3:TrackPointExtension>
            <ns3:hr>77</ns3:hr>
            <ns3:cad>48</ns3:cad>
          </ns3:TrackPointExtension>
        </extensions>
      </trkpt>
      <trkpt lat="46.4038026519119739532470703125" lon="23.45335900783538818359375">
        <ele>496.20001220703125</ele>
        <time>2024-11-10T12:18:09.000Z</time>
        <extensions>
          <ns3:TrackPointExtension>
            <ns3:hr>81</ns3:hr>
            <ns3:cad>47</ns3:cad>
          </ns3:TrackPointExtension>
        </extensions>
      </trkpt>
      <trkpt lat="46.40382369048893451690673828125" lon="23.45329438336193561553955078125">
        <ele>496</ele>
        <time>2024-11-10T12:18:14.000Z</time>
        <extensions>
          <ns3:TrackPointExtension>
            <ns3:hr>82</ns3:hr>
            <ns3:cad>46</ns3:cad>
          </ns3:TrackPointExtension>
        </extensions>
      </trkpt>
      <trkpt lat="46.4038400352001190185546875" lon="23.45325104892253875732421875">
        <ele>496</ele>
        <time>2024-11-10T12:18:18.000Z</time>
        <extensions>
          <ns3:TrackPointExtension>
            <ns3:hr>79</ns3:hr>
            <ns3:cad>0</ns3:cad>
          </ns3:TrackPointExtension>
        </extensions>
      </trkpt>
      <trkpt lat="46.403858475387096405029296875" lon="23.4531928785145282745361328125">
        <ele>495.79998779296875</ele>
        <time>2024-11-10T12:18:24.000Z</time>
        <extensions>
          <ns3:TrackPointExtension>
            <ns3:hr>77</ns3:hr>
            <ns3:cad>41</ns3:cad>
          </ns3:TrackPointExtension>
        </extensions>
      </trkpt>
      <trkpt lat="46.40388806350529193878173828125" lon="23.45312020741403102874755859375">
        <ele>495.399993896484375</ele>
        <time>2024-11-10T12:18:31.000Z</time>
        <extensions>
          <ns3:TrackPointExtension>
            <ns3:hr>76</ns3:hr>
            <ns3:cad>46</ns3:cad>
          </ns3:TrackPointExtension>
        </extensions>
      </trkpt>
      <trkpt lat="46.40387666411697864532470703125" lon="23.4531377255916595458984375">
        <ele>495.600006103515625</ele>
        <time>2024-11-10T12:18:37.000Z</time>
        <extensions>
          <ns3:TrackPointExtension>
            <ns3:hr>77</ns3:hr>
            <ns3:cad>0</ns3:cad>
          </ns3:TrackPointExtension>
        </extensions>
      </trkpt>
      <trkpt lat="46.403910107910633087158203125" lon="23.45307678915560245513916015625">
        <ele>495.399993896484375</ele>
        <time>2024-11-10T12:18:43.000Z</time>
        <extensions>
          <ns3:TrackPointExtension>
            <ns3:hr>80</ns3:hr>
            <ns3:cad>44</ns3:cad>
          </ns3:TrackPointExtension>
        </extensions>
      </trkpt>
      <trkpt lat="46.4039193280041217803955078125" lon="23.45306488685309886932373046875">
        <ele>495.399993896484375</ele>
        <time>2024-11-10T12:18:44.000Z</time>
        <extensions>
          <ns3:TrackPointExtension>
            <ns3:hr>80</ns3:hr>
            <ns3:cad>44</ns3:cad>
          </ns3:TrackPointExtension>
        </extensions>
      </trkpt>
      <trkpt lat="46.40396534465253353118896484375" lon="23.45297654159367084503173828125">
        <ele>495</ele>
        <time>2024-11-10T12:18:51.000Z</time>
        <extensions>
          <ns3:TrackPointExtension>
            <ns3:hr>84</ns3:hr>
            <ns3:cad>49</ns3:cad>
          </ns3:TrackPointExtension>
        </extensions>
      </trkpt>
      <trkpt lat="46.403969116508960723876953125" lon="23.4529605321586132049560546875">
        <ele>495</ele>
        <time>2024-11-10T12:18:52.000Z</time>
        <extensions>
          <ns3:TrackPointExtension>
            <ns3:hr>87</ns3:hr>
            <ns3:cad>49</ns3:cad>
          </ns3:TrackPointExtension>
        </extensions>
      </trkpt>
      <trkpt lat="46.4039739780128002166748046875" lon="23.45291803590953350067138671875">
        <ele>494.79998779296875</ele>
        <time>2024-11-10T12:18:55.000Z</time>
        <extensions>
          <ns3:TrackPointExtension>
            <ns3:hr>89</ns3:hr>
            <ns3:cad>47</ns3:cad>
          </ns3:TrackPointExtension>
        </extensions>
      </trkpt>
      <trkpt lat="46.4039826951920986175537109375" lon="23.452842347323894500732421875">
        <ele>494.399993896484375</ele>
        <time>2024-11-10T12:18:59.000Z</time>
        <extensions>
          <ns3:TrackPointExtension>
            <ns3:hr>89</ns3:hr>
            <ns3:cad>49</ns3:cad>
          </ns3:TrackPointExtension>
        </extensions>
      </trkpt>
      <trkpt lat="46.40398898161947727203369140625" lon="23.45275509171187877655029296875">
        <ele>494.20001220703125</ele>
        <time>2024-11-10T12:19:05.000Z</time>
        <extensions>
          <ns3:TrackPointExtension>
            <ns3:hr>90</ns3:hr>
            <ns3:cad>51</ns3:cad>
          </ns3:TrackPointExtension>
        </extensions>
      </trkpt>
      <trkpt lat="46.40398328192532062530517578125" lon="23.4526334702968597412109375">
        <ele>493.79998779296875</ele>
        <time>2024-11-10T12:19:12.000Z</time>
        <extensions>
          <ns3:TrackPointExtension>
            <ns3:hr>87</ns3:hr>
            <ns3:cad>50</ns3:cad>
          </ns3:TrackPointExtension>
        </extensions>
      </trkpt>
      <trkpt lat="46.40398009680211544036865234375" lon="23.45261000096797943115234375">
        <ele>493.600006103515625</ele>
        <time>2024-11-10T12:19:14.000Z</time>
        <extensions>
          <ns3:TrackPointExtension>
            <ns3:hr>86</ns3:hr>
            <ns3:cad>50</ns3:cad>
          </ns3:TrackPointExtension>
        </extensions>
      </trkpt>
      <trkpt lat="46.4039753191173076629638671875" lon="23.4525397606194019317626953125">
        <ele>493.399993896484375</ele>
        <time>2024-11-10T12:19:19.000Z</time>
        <extensions>
          <ns3:TrackPointExtension>
            <ns3:hr>85</ns3:hr>
            <ns3:cad>49</ns3:cad>
          </ns3:TrackPointExtension>
        </extensions>
      </trkpt>
      <trkpt lat="46.40398495830595493316650390625" lon="23.45248117111623287200927734375">
        <ele>493.20001220703125</ele>
        <time>2024-11-10T12:19:23.000Z</time>
        <extensions>
          <ns3:TrackPointExtension>
            <ns3:hr>85</ns3:hr>
            <ns3:cad>48</ns3:cad>
          </ns3:TrackPointExtension>
        </extensions>
      </trkpt>
      <trkpt lat="46.404004991054534912109375" lon="23.45239005982875823974609375">
        <ele>493</ele>
        <time>2024-11-10T12:19:31.000Z</time>
        <extensions>
          <ns3:TrackPointExtension>
            <ns3:hr>83</ns3:hr>
            <ns3:cad>0</ns3:cad>
          </ns3:TrackPointExtension>
        </extensions>
      </trkpt>
      <trkpt lat="46.40401815064251422882080078125" lon="23.45234052278101444244384765625">
        <ele>493</ele>
        <time>2024-11-10T12:19:35.000Z</time>
        <extensions>
          <ns3:TrackPointExtension>
            <ns3:hr>80</ns3:hr>
            <ns3:cad>47</ns3:cad>
          </ns3:TrackPointExtension>
        </extensions>
      </trkpt>
      <trkpt lat="46.404030807316303253173828125" lon="23.4522554464638233184814453125">
        <ele>493</ele>
        <time>2024-11-10T12:19:40.000Z</time>
        <extensions>
          <ns3:TrackPointExtension>
            <ns3:hr>78</ns3:hr>
            <ns3:cad>48</ns3:cad>
          </ns3:TrackPointExtension>
        </extensions>
      </trkpt>
      <trkpt lat="46.4040443859994411468505859375" lon="23.452108092606067657470703125">
        <ele>492.79998779296875</ele>
        <time>2024-11-10T12:19:50.000Z</time>
        <extensions>
          <ns3:TrackPointExtension>
            <ns3:hr>79</ns3:hr>
            <ns3:cad>48</ns3:cad>
          </ns3:TrackPointExtension>
        </extensions>
      </trkpt>
      <trkpt lat="46.40407145954668521881103515625" lon="23.45201857388019561767578125">
        <ele>493</ele>
        <time>2024-11-10T12:19:57.000Z</time>
        <extensions>
          <ns3:TrackPointExtension>
            <ns3:hr>82</ns3:hr>
            <ns3:cad>47</ns3:cad>
          </ns3:TrackPointExtension>
        </extensions>
      </trkpt>
      <trkpt lat="46.4040759019553661346435546875" lon="23.45200574956834316253662109375">
        <ele>493</ele>
        <time>2024-11-10T12:19:58.000Z</time>
        <extensions>
          <ns3:TrackPointExtension>
            <ns3:hr>83</ns3:hr>
            <ns3:cad>47</ns3:cad>
          </ns3:TrackPointExtension>
        </extensions>
      </trkpt>
      <trkpt lat="46.40412711538374423980712890625" lon="23.45188806764781475067138671875">
        <ele>492.79998779296875</ele>
        <time>2024-11-10T12:20:07.000Z</time>
        <extensions>
          <ns3:TrackPointExtension>
            <ns3:hr>85</ns3:hr>
            <ns3:cad>47</ns3:cad>
          </ns3:TrackPointExtension>
        </extensions>
      </trkpt>
      <trkpt lat="46.40418277122080326080322265625" lon="23.45179553143680095672607421875">
        <ele>493</ele>
        <time>2024-11-10T12:20:16.000Z</time>
        <extensions>
          <ns3:TrackPointExtension>
            <ns3:hr>85</ns3:hr>
            <ns3:cad>46</ns3:cad>
          </ns3:TrackPointExtension>
        </extensions>
      </trkpt>
      <trkpt lat="46.4042289555072784423828125" lon="23.45168472267687320709228515625">
        <ele>493.20001220703125</ele>
        <time>2024-11-10T12:20:24.000Z</time>
        <extensions>
          <ns3:TrackPointExtension>
            <ns3:hr>87</ns3:hr>
            <ns3:cad>44</ns3:cad>
          </ns3:TrackPointExtension>
        </extensions>
      </trkpt>
      <trkpt lat="46.40426357276737689971923828125" lon="23.45152865163981914520263671875">
        <ele>492.600006103515625</ele>
        <time>2024-11-10T12:20:35.000Z</time>
        <extensions>
          <ns3:TrackPointExtension>
            <ns3:hr>89</ns3:hr>
            <ns3:cad>50</ns3:cad>
          </ns3:TrackPointExtension>
        </extensions>
      </trkpt>
      <trkpt lat="46.40426223166286945343017578125" lon="23.4514725767076015472412109375">
        <ele>492.20001220703125</ele>
        <time>2024-11-10T12:20:40.000Z</time>
        <extensions>
          <ns3:TrackPointExtension>
            <ns3:hr>90</ns3:hr>
            <ns3:cad>49</ns3:cad>
          </ns3:TrackPointExtension>
        </extensions>
      </trkpt>
      <trkpt lat="46.4042649976909160614013671875" lon="23.4513944573700428009033203125">
        <ele>492.20001220703125</ele>
        <time>2024-11-10T12:20:44.000Z</time>
        <extensions>
          <ns3:TrackPointExtension>
            <ns3:hr>89</ns3:hr>
            <ns3:cad>49</ns3:cad>
          </ns3:TrackPointExtension>
        </extensions>
      </trkpt>
      <trkpt lat="46.40427782200276851654052734375" lon="23.4512750990688800811767578125">
        <ele>492</ele>
        <time>2024-11-10T12:20:52.000Z</time>
        <extensions>
          <ns3:TrackPointExtension>
            <ns3:hr>85</ns3:hr>
            <ns3:cad>48</ns3:cad>
          </ns3:TrackPointExtension>
        </extensions>
      </trkpt>
      <trkpt lat="46.4042790792882442474365234375" lon="23.4512559883296489715576171875">
        <ele>492</ele>
        <time>2024-11-10T12:20:54.000Z</time>
        <extensions>
          <ns3:TrackPointExtension>
            <ns3:hr>82</ns3:hr>
            <ns3:cad>48</ns3:cad>
          </ns3:TrackPointExtension>
        </extensions>
      </trkpt>
      <trkpt lat="46.4042745530605316162109375" lon="23.45116537995636463165283203125">
        <ele>491.600006103515625</ele>
        <time>2024-11-10T12:21:01.000Z</time>
        <extensions>
          <ns3:TrackPointExtension>
            <ns3:hr>84</ns3:hr>
            <ns3:cad>47</ns3:cad>
          </ns3:TrackPointExtension>
        </extensions>
      </trkpt>
      <trkpt lat="46.4042328111827373504638671875" lon="23.450998999178409576416015625">
        <ele>491.600006103515625</ele>
        <time>2024-11-10T12:21:11.000Z</time>
        <extensions>
          <ns3:TrackPointExtension>
            <ns3:hr>83</ns3:hr>
            <ns3:cad>48</ns3:cad>
          </ns3:TrackPointExtension>
        </extensions>
      </trkpt>
      <trkpt lat="46.40421076677739620208740234375" lon="23.45094946213066577911376953125">
        <ele>491.20001220703125</ele>
        <time>2024-11-10T12:21:15.000Z</time>
        <extensions>
          <ns3:TrackPointExtension>
            <ns3:hr>83</ns3:hr>
            <ns3:cad>47</ns3:cad>
          </ns3:TrackPointExtension>
        </extensions>
      </trkpt>
      <trkpt lat="46.40419115312397480010986328125" lon="23.45085357315838336944580078125">
        <ele>491</ele>
        <time>2024-11-10T12:21:21.000Z</time>
        <extensions>
          <ns3:TrackPointExtension>
            <ns3:hr>84</ns3:hr>
            <ns3:cad>46</ns3:cad>
          </ns3:TrackPointExtension>
        </extensions>
      </trkpt>
      <trkpt lat="46.40416282229125499725341796875" lon="23.45070119015872478485107421875">
        <ele>490.600006103515625</ele>
        <time>2024-11-10T12:21:31.000Z</time>
        <extensions>
          <ns3:TrackPointExtension>
            <ns3:hr>84</ns3:hr>
            <ns3:cad>48</ns3:cad>
          </ns3:TrackPointExtension>
        </extensions>
      </trkpt>
      <trkpt lat="46.4041318930685520172119140625" lon="23.4505985118448734283447265625">
        <ele>490.20001220703125</ele>
        <time>2024-11-10T12:21:38.000Z</time>
        <extensions>
          <ns3:TrackPointExtension>
            <ns3:hr>86</ns3:hr>
            <ns3:cad>48</ns3:cad>
          </ns3:TrackPointExtension>
        </extensions>
      </trkpt>
      <trkpt lat="46.40412099659442901611328125" lon="23.4505690075457096099853515625">
        <ele>490.20001220703125</ele>
        <time>2024-11-10T12:21:40.000Z</time>
        <extensions>
          <ns3:TrackPointExtension>
            <ns3:hr>87</ns3:hr>
            <ns3:cad>49</ns3:cad>
          </ns3:TrackPointExtension>
        </extensions>
      </trkpt>
      <trkpt lat="46.4040641672909259796142578125" lon="23.45046062953770160675048828125">
        <ele>489.79998779296875</ele>
        <time>2024-11-10T12:21:49.000Z</time>
        <extensions>
          <ns3:TrackPointExtension>
            <ns3:hr>88</ns3:hr>
            <ns3:cad>47</ns3:cad>
          </ns3:TrackPointExtension>
        </extensions>
      </trkpt>
      <trkpt lat="46.40401563607156276702880859375" lon="23.45038510859012603759765625">
        <ele>489.399993896484375</ele>
        <time>2024-11-10T12:21:57.000Z</time>
        <extensions>
          <ns3:TrackPointExtension>
            <ns3:hr>88</ns3:hr>
            <ns3:cad>48</ns3:cad>
          </ns3:TrackPointExtension>
        </extensions>
      </trkpt>
      <trkpt lat="46.403991915285587310791015625" lon="23.4503634832799434661865234375">
        <ele>489.20001220703125</ele>
        <time>2024-11-10T12:22:00.000Z</time>
        <extensions>
          <ns3:TrackPointExtension>
            <ns3:hr>88</ns3:hr>
            <ns3:cad>49</ns3:cad>
          </ns3:TrackPointExtension>
        </extensions>
      </trkpt>
      <trkpt lat="46.40397707931697368621826171875" lon="23.45035552047193050384521484375">
        <ele>489</ele>
        <time>2024-11-10T12:22:02.000Z</time>
        <extensions>
          <ns3:TrackPointExtension>
            <ns3:hr>85</ns3:hr>
            <ns3:cad>47</ns3:cad>
          </ns3:TrackPointExtension>
        </extensions>
      </trkpt>
      <trkpt lat="46.403942294418811798095703125" lon="23.45031981356441974639892578125">
        <ele>488.600006103515625</ele>
        <time>2024-11-10T12:22:06.000Z</time>
        <extensions>
          <ns3:TrackPointExtension>
            <ns3:hr>85</ns3:hr>
            <ns3:cad>48</ns3:cad>
          </ns3:TrackPointExtension>
        </extensions>
      </trkpt>
      <trkpt lat="46.40390105545520782470703125" lon="23.45027354545891284942626953125">
        <ele>488</ele>
        <time>2024-11-10T12:22:11.000Z</time>
        <extensions>
          <ns3:TrackPointExtension>
            <ns3:hr>86</ns3:hr>
            <ns3:cad>50</ns3:cad>
          </ns3:TrackPointExtension>
        </extensions>
      </trkpt>
      <trkpt lat="46.403847746551036834716796875" lon="23.45022995956242084503173828125">
        <ele>487.79998779296875</ele>
        <time>2024-11-10T12:22:17.000Z</time>
        <extensions>
          <ns3:TrackPointExtension>
            <ns3:hr>86</ns3:hr>
            <ns3:cad>48</ns3:cad>
          </ns3:TrackPointExtension>
        </extensions>
      </trkpt>
      <trkpt lat="46.403804160654544830322265625" lon="23.45019039697945117950439453125">
        <ele>487</ele>
        <time>2024-11-10T12:22:22.000Z</time>
        <extensions>
          <ns3:TrackPointExtension>
            <ns3:hr>86</ns3:hr>
            <ns3:cad>52</ns3:cad>
          </ns3:TrackPointExtension>
        </extensions>
      </trkpt>
      <trkpt lat="46.4037899114191532135009765625" lon="23.4501284547150135040283203125">
        <ele>487</ele>
        <time>2024-11-10T12:22:27.000Z</time>
        <extensions>
          <ns3:TrackPointExtension>
            <ns3:hr>87</ns3:hr>
            <ns3:cad>47</ns3:cad>
          </ns3:TrackPointExtension>
        </extensions>
      </trkpt>
      <trkpt lat="46.40379167161881923675537109375" lon="23.44999576918780803680419921875">
        <ele>486</ele>
        <time>2024-11-10T12:22:35.000Z</time>
        <extensions>
          <ns3:TrackPointExtension>
            <ns3:hr>88</ns3:hr>
            <ns3:cad>51</ns3:cad>
          </ns3:TrackPointExtension>
        </extensions>
      </trkpt>
      <trkpt lat="46.403792761266231536865234375" lon="23.449981100857257843017578125">
        <ele>485.79998779296875</ele>
        <time>2024-11-10T12:22:36.000Z</time>
        <extensions>
          <ns3:TrackPointExtension>
            <ns3:hr>88</ns3:hr>
            <ns3:cad>51</ns3:cad>
          </ns3:TrackPointExtension>
        </extensions>
      </trkpt>
      <trkpt lat="46.4038086868822574615478515625" lon="23.449863083660602569580078125">
        <ele>484.79998779296875</ele>
        <time>2024-11-10T12:22:43.000Z</time>
        <extensions>
          <ns3:TrackPointExtension>
            <ns3:hr>89</ns3:hr>
            <ns3:cad>53</ns3:cad>
          </ns3:TrackPointExtension>
        </extensions>
      </trkpt>
      <trkpt lat="46.40381497330963611602783203125" lon="23.44981974922120571136474609375">
        <ele>484.600006103515625</ele>
        <time>2024-11-10T12:22:46.000Z</time>
        <extensions>
          <ns3:TrackPointExtension>
            <ns3:hr>89</ns3:hr>
            <ns3:cad>52</ns3:cad>
          </ns3:TrackPointExtension>
        </extensions>
      </trkpt>
      <trkpt lat="46.40383475460112094879150390625" lon="23.449724614620208740234375">
        <ele>484.399993896484375</ele>
        <time>2024-11-10T12:22:54.000Z</time>
        <extensions>
          <ns3:TrackPointExtension>
            <ns3:hr>89</ns3:hr>
            <ns3:cad>48</ns3:cad>
          </ns3:TrackPointExtension>
        </extensions>
      </trkpt>
      <trkpt lat="46.40382838435471057891845703125" lon="23.4496104530990123748779296875">
        <ele>484.20001220703125</ele>
        <time>2024-11-10T12:23:03.000Z</time>
        <extensions>
          <ns3:TrackPointExtension>
            <ns3:hr>88</ns3:hr>
            <ns3:cad>48</ns3:cad>
          </ns3:TrackPointExtension>
        </extensions>
      </trkpt>
      <trkpt lat="46.40382084064185619354248046875" lon="23.449579440057277679443359375">
        <ele>484.20001220703125</ele>
        <time>2024-11-10T12:23:05.000Z</time>
        <extensions>
          <ns3:TrackPointExtension>
            <ns3:hr>85</ns3:hr>
            <ns3:cad>48</ns3:cad>
          </ns3:TrackPointExtension>
        </extensions>
      </trkpt>
      <trkpt lat="46.403803490102291107177734375" lon="23.44950643368065357208251953125">
        <ele>483.79998779296875</ele>
        <time>2024-11-10T12:23:11.000Z</time>
        <extensions>
          <ns3:TrackPointExtension>
            <ns3:hr>83</ns3:hr>
            <ns3:cad>46</ns3:cad>
          </ns3:TrackPointExtension>
        </extensions>
      </trkpt>
      <trkpt lat="46.40379301272332668304443359375" lon="23.44946217723190784454345703125">
        <ele>483.79998779296875</ele>
        <time>2024-11-10T12:23:14.000Z</time>
        <extensions>
          <ns3:TrackPointExtension>
            <ns3:hr>84</ns3:hr>
            <ns3:cad>46</ns3:cad>
          </ns3:TrackPointExtension>
        </extensions>
      </trkpt>
      <trkpt lat="46.4037649333477020263671875" lon="23.44933728687465190887451171875">
        <ele>483.20001220703125</ele>
        <time>2024-11-10T12:23:23.000Z</time>
        <extensions>
          <ns3:TrackPointExtension>
            <ns3:hr>83</ns3:hr>
            <ns3:cad>47</ns3:cad>
          </ns3:TrackPointExtension>
        </extensions>
      </trkpt>
      <trkpt lat="46.40375210903584957122802734375" lon="23.4493013285100460052490234375">
        <ele>483</ele>
        <time>2024-11-10T12:23:30.000Z</time>
        <extensions>
          <ns3:TrackPointExtension>
            <ns3:hr>85</ns3:hr>
            <ns3:cad>0</ns3:cad>
          </ns3:TrackPointExtension>
        </extensions>
      </trkpt>
      <trkpt lat="46.40375261195003986358642578125" lon="23.44930342398583889007568359375">
        <ele>482.600006103515625</ele>
        <time>2024-11-10T12:23:33.000Z</time>
        <extensions>
          <ns3:TrackPointExtension>
            <ns3:hr>84</ns3:hr>
            <ns3:cad>0</ns3:cad>
          </ns3:TrackPointExtension>
        </extensions>
      </trkpt>
      <trkpt lat="46.40375797636806964874267578125" lon="23.4492999874055385589599609375">
        <ele>482.20001220703125</ele>
        <time>2024-11-10T12:23:39.000Z</time>
        <extensions>
          <ns3:TrackPointExtension>
            <ns3:hr>84</ns3:hr>
            <ns3:cad>0</ns3:cad>
          </ns3:TrackPointExtension>
        </extensions>
      </trkpt>
      <trkpt lat="46.40374557115137577056884765625" lon="23.449230752885341644287109375">
        <ele>482.20001220703125</ele>
        <time>2024-11-10T12:23:45.000Z</time>
        <extensions>
          <ns3:TrackPointExtension>
            <ns3:hr>87</ns3:hr>
            <ns3:cad>0</ns3:cad>
          </ns3:TrackPointExtension>
        </extensions>
      </trkpt>
      <trkpt lat="46.40373903326690196990966796875" lon="23.449197225272655487060546875">
        <ele>482.20001220703125</ele>
        <time>2024-11-10T12:23:47.000Z</time>
        <extensions>
          <ns3:TrackPointExtension>
            <ns3:hr>87</ns3:hr>
            <ns3:cad>47</ns3:cad>
          </ns3:TrackPointExtension>
        </extensions>
      </trkpt>
      <trkpt lat="46.40372729860246181488037109375" lon="23.44909572042524814605712890625">
        <ele>481.600006103515625</ele>
        <time>2024-11-10T12:23:55.000Z</time>
        <extensions>
          <ns3:TrackPointExtension>
            <ns3:hr>84</ns3:hr>
            <ns3:cad>48</ns3:cad>
          </ns3:TrackPointExtension>
        </extensions>
      </trkpt>
      <trkpt lat="46.403725706040859222412109375" lon="23.4490837343037128448486328125">
        <ele>481.399993896484375</ele>
        <time>2024-11-10T12:23:56.000Z</time>
        <extensions>
          <ns3:TrackPointExtension>
            <ns3:hr>84</ns3:hr>
            <ns3:cad>48</ns3:cad>
          </ns3:TrackPointExtension>
        </extensions>
      </trkpt>
      <trkpt lat="46.40372310765087604522705078125" lon="23.449067808687686920166015625">
        <ele>481.399993896484375</ele>
        <time>2024-11-10T12:23:57.000Z</time>
        <extensions>
          <ns3:TrackPointExtension>
            <ns3:hr>84</ns3:hr>
            <ns3:cad>48</ns3:cad>
          </ns3:TrackPointExtension>
        </extensions>
      </trkpt>
      <trkpt lat="46.40370852313935756683349609375" lon="23.4489347040653228759765625">
        <ele>480.399993896484375</ele>
        <time>2024-11-10T12:24:05.000Z</time>
        <extensions>
          <ns3:TrackPointExtension>
            <ns3:hr>83</ns3:hr>
            <ns3:cad>48</ns3:cad>
          </ns3:TrackPointExtension>
        </extensions>
      </trkpt>
      <trkpt lat="46.4037084393203258514404296875" lon="23.44892003573477268218994140625">
        <ele>480.399993896484375</ele>
        <time>2024-11-10T12:24:06.000Z</time>
        <extensions>
          <ns3:TrackPointExtension>
            <ns3:hr>83</ns3:hr>
            <ns3:cad>47</ns3:cad>
          </ns3:TrackPointExtension>
        </extensions>
      </trkpt>
      <trkpt lat="46.40369947068393230438232421875" lon="23.44881911762058734893798828125">
        <ele>479.399993896484375</ele>
        <time>2024-11-10T12:24:12.000Z</time>
        <extensions>
          <ns3:TrackPointExtension>
            <ns3:hr>84</ns3:hr>
            <ns3:cad>50</ns3:cad>
          </ns3:TrackPointExtension>
        </extensions>
      </trkpt>
      <trkpt lat="46.403698213398456573486328125" lon="23.44880352728068828582763671875">
        <ele>479.20001220703125</ele>
        <time>2024-11-10T12:24:13.000Z</time>
        <extensions>
          <ns3:TrackPointExtension>
            <ns3:hr>84</ns3:hr>
            <ns3:cad>50</ns3:cad>
          </ns3:TrackPointExtension>
        </extensions>
      </trkpt>
      <trkpt lat="46.403695531189441680908203125" lon="23.4487402439117431640625">
        <ele>479</ele>
        <time>2024-11-10T12:24:17.000Z</time>
        <extensions>
          <ns3:TrackPointExtension>
            <ns3:hr>87</ns3:hr>
            <ns3:cad>50</ns3:cad>
          </ns3:TrackPointExtension>
        </extensions>
      </trkpt>
      <trkpt lat="46.4036940224468708038330078125" lon="23.44870068132877349853515625">
        <ele>478.399993896484375</ele>
        <time>2024-11-10T12:24:20.000Z</time>
        <extensions>
          <ns3:TrackPointExtension>
            <ns3:hr>84</ns3:hr>
            <ns3:cad>50</ns3:cad>
          </ns3:TrackPointExtension>
        </extensions>
      </trkpt>
      <trkpt lat="46.40369393862783908843994140625" lon="23.44868458807468414306640625">
        <ele>478.399993896484375</ele>
        <time>2024-11-10T12:24:21.000Z</time>
        <extensions>
          <ns3:TrackPointExtension>
            <ns3:hr>83</ns3:hr>
            <ns3:cad>50</ns3:cad>
          </ns3:TrackPointExtension>
        </extensions>
      </trkpt>
      <trkpt lat="46.40369326807558536529541015625" lon="23.44866857863962650299072265625">
        <ele>478.20001220703125</ele>
        <time>2024-11-10T12:24:22.000Z</time>
        <extensions>
          <ns3:TrackPointExtension>
            <ns3:hr>83</ns3:hr>
            <ns3:cad>51</ns3:cad>
          </ns3:TrackPointExtension>
        </extensions>
      </trkpt>
      <trkpt lat="46.403679437935352325439453125" lon="23.4485714323818683624267578125">
        <ele>477.600006103515625</ele>
        <time>2024-11-10T12:24:29.000Z</time>
        <extensions>
          <ns3:TrackPointExtension>
            <ns3:hr>86</ns3:hr>
            <ns3:cad>49</ns3:cad>
          </ns3:TrackPointExtension>
        </extensions>
      </trkpt>
      <trkpt lat="46.40367734245955944061279296875" lon="23.44856129027903079986572265625">
        <ele>477.600006103515625</ele>
        <time>2024-11-10T12:24:30.000Z</time>
        <extensions>
          <ns3:TrackPointExtension>
            <ns3:hr>86</ns3:hr>
            <ns3:cad>48</ns3:cad>
          </ns3:TrackPointExtension>
        </extensions>
      </trkpt>
      <trkpt lat="46.40367566607892513275146484375" lon="23.44848032109439373016357421875">
        <ele>477.399993896484375</ele>
        <time>2024-11-10T12:24:36.000Z</time>
        <extensions>
          <ns3:TrackPointExtension>
            <ns3:hr>85</ns3:hr>
            <ns3:cad>47</ns3:cad>
          </ns3:TrackPointExtension>
        </extensions>
      </trkpt>
      <trkpt lat="46.40367482788860797882080078125" lon="23.4484353102743625640869140625">
        <ele>476.399993896484375</ele>
        <time>2024-11-10T12:24:39.000Z</time>
        <extensions>
          <ns3:TrackPointExtension>
            <ns3:hr>85</ns3:hr>
            <ns3:cad>46</ns3:cad>
          </ns3:TrackPointExtension>
        </extensions>
      </trkpt>
      <trkpt lat="46.4036752469837665557861328125" lon="23.44842114485800266265869140625">
        <ele>476</ele>
        <time>2024-11-10T12:24:40.000Z</time>
        <extensions>
          <ns3:TrackPointExtension>
            <ns3:hr>85</ns3:hr>
            <ns3:cad>0</ns3:cad>
          </ns3:TrackPointExtension>
        </extensions>
      </trkpt>
      <trkpt lat="46.403686814010143280029296875" lon="23.44839155673980712890625">
        <ele>475.600006103515625</ele>
        <time>2024-11-10T12:24:46.000Z</time>
        <extensions>
          <ns3:TrackPointExtension>
            <ns3:hr>85</ns3:hr>
            <ns3:cad>0</ns3:cad>
          </ns3:TrackPointExtension>
        </extensions>
      </trkpt>
      <trkpt lat="46.4036943577229976654052734375" lon="23.44839331693947315216064453125">
        <ele>475.20001220703125</ele>
        <time>2024-11-10T12:24:54.000Z</time>
        <extensions>
          <ns3:TrackPointExtension>
            <ns3:hr>88</ns3:hr>
            <ns3:cad>0</ns3:cad>
          </ns3:TrackPointExtension>
        </extensions>
      </trkpt>
      <trkpt lat="46.40369092114269733428955078125" lon="23.448393233120441436767578125">
        <ele>475.20001220703125</ele>
        <time>2024-11-10T12:24:55.000Z</time>
        <extensions>
          <ns3:TrackPointExtension>
            <ns3:hr>88</ns3:hr>
            <ns3:cad>0</ns3:cad>
          </ns3:TrackPointExtension>
        </extensions>
      </trkpt>
      <trkpt lat="46.40367751009762287139892578125" lon="23.44832240603864192962646484375">
        <ele>475</ele>
        <time>2024-11-10T12:25:01.000Z</time>
        <extensions>
          <ns3:TrackPointExtension>
            <ns3:hr>89</ns3:hr>
            <ns3:cad>0</ns3:cad>
          </ns3:TrackPointExtension>
        </extensions>
      </trkpt>
      <trkpt lat="46.4036742411553859710693359375" lon="23.4483065642416477203369140625">
        <ele>474.79998779296875</ele>
        <time>2024-11-10T12:25:02.000Z</time>
        <extensions>
          <ns3:TrackPointExtension>
            <ns3:hr>89</ns3:hr>
            <ns3:cad>47</ns3:cad>
          </ns3:TrackPointExtension>
        </extensions>
      </trkpt>
      <trkpt lat="46.4036514423787593841552734375" lon="23.448206484317779541015625">
        <ele>473.79998779296875</ele>
        <time>2024-11-10T12:25:09.000Z</time>
        <extensions>
          <ns3:TrackPointExtension>
            <ns3:hr>88</ns3:hr>
            <ns3:cad>52</ns3:cad>
          </ns3:TrackPointExtension>
        </extensions>
      </trkpt>
      <trkpt lat="46.4036427251994609832763671875" lon="23.44817253760993480682373046875">
        <ele>473</ele>
        <time>2024-11-10T12:25:12.000Z</time>
        <extensions>
          <ns3:TrackPointExtension>
            <ns3:hr>87</ns3:hr>
            <ns3:cad>52</ns3:cad>
          </ns3:TrackPointExtension>
        </extensions>
      </trkpt>
      <trkpt lat="46.40363819897174835205078125" lon="23.44814655371010303497314453125">
        <ele>472.600006103515625</ele>
        <time>2024-11-10T12:25:14.000Z</time>
        <extensions>
          <ns3:TrackPointExtension>
            <ns3:hr>86</ns3:hr>
            <ns3:cad>52</ns3:cad>
          </ns3:TrackPointExtension>
        </extensions>
      </trkpt>
      <trkpt lat="46.4036252908408641815185546875" lon="23.44808352179825305938720703125">
        <ele>471.20001220703125</ele>
        <time>2024-11-10T12:25:19.000Z</time>
        <extensions>
          <ns3:TrackPointExtension>
            <ns3:hr>86</ns3:hr>
            <ns3:cad>51</ns3:cad>
          </ns3:TrackPointExtension>
        </extensions>
      </trkpt>
      <trkpt lat="46.40361162833869457244873046875" lon="23.44802803359925746917724609375">
        <ele>470</ele>
        <time>2024-11-10T12:25:24.000Z</time>
        <extensions>
          <ns3:TrackPointExtension>
            <ns3:hr>87</ns3:hr>
            <ns3:cad>56</ns3:cad>
          </ns3:TrackPointExtension>
        </extensions>
      </trkpt>
      <trkpt lat="46.40358983539044857025146484375" lon="23.44796902500092983245849609375">
        <ele>468.79998779296875</ele>
        <time>2024-11-10T12:25:29.000Z</time>
        <extensions>
          <ns3:TrackPointExtension>
            <ns3:hr>89</ns3:hr>
            <ns3:cad>55</ns3:cad>
          </ns3:TrackPointExtension>
        </extensions>
      </trkpt>
      <trkpt lat="46.40357826836407184600830078125" lon="23.4479396045207977294921875">
        <ele>468</ele>
        <time>2024-11-10T12:25:32.000Z</time>
        <extensions>
          <ns3:TrackPointExtension>
            <ns3:hr>89</ns3:hr>
            <ns3:cad>56</ns3:cad>
          </ns3:TrackPointExtension>
        </extensions>
      </trkpt>
      <trkpt lat="46.4035726524889469146728515625" lon="23.44791487790644168853759765625">
        <ele>467.79998779296875</ele>
        <time>2024-11-10T12:25:34.000Z</time>
        <extensions>
          <ns3:TrackPointExtension>
            <ns3:hr>89</ns3:hr>
            <ns3:cad>55</ns3:cad>
          </ns3:TrackPointExtension>
        </extensions>
      </trkpt>
      <trkpt lat="46.40355396084487438201904296875" lon="23.44785989262163639068603515625">
        <ele>466.399993896484375</ele>
        <time>2024-11-10T12:25:39.000Z</time>
        <extensions>
          <ns3:TrackPointExtension>
            <ns3:hr>89</ns3:hr>
            <ns3:cad>58</ns3:cad>
          </ns3:TrackPointExtension>
        </extensions>
      </trkpt>
      <trkpt lat="46.40354189090430736541748046875" lon="23.44781748019158840179443359375">
        <ele>465.20001220703125</ele>
        <time>2024-11-10T12:25:43.000Z</time>
        <extensions>
          <ns3:TrackPointExtension>
            <ns3:hr>89</ns3:hr>
            <ns3:cad>55</ns3:cad>
          </ns3:TrackPointExtension>
        </extensions>
      </trkpt>
      <trkpt lat="46.40353091061115264892578125" lon="23.4477567113935947418212890625">
        <ele>464.20001220703125</ele>
        <time>2024-11-10T12:25:47.000Z</time>
        <extensions>
          <ns3:TrackPointExtension>
            <ns3:hr>89</ns3:hr>
            <ns3:cad>55</ns3:cad>
          </ns3:TrackPointExtension>
        </extensions>
      </trkpt>
      <trkpt lat="46.4035193435847759246826171875" lon="23.44770264811813831329345703125">
        <ele>462.79998779296875</ele>
        <time>2024-11-10T12:25:51.000Z</time>
        <extensions>
          <ns3:TrackPointExtension>
            <ns3:hr>89</ns3:hr>
            <ns3:cad>54</ns3:cad>
          </ns3:TrackPointExtension>
        </extensions>
      </trkpt>
      <trkpt lat="46.4035176672041416168212890625" lon="23.447688482701778411865234375">
        <ele>462.79998779296875</ele>
        <time>2024-11-10T12:25:52.000Z</time>
        <extensions>
          <ns3:TrackPointExtension>
            <ns3:hr>90</ns3:hr>
            <ns3:cad>58</ns3:cad>
          </ns3:TrackPointExtension>
        </extensions>
      </trkpt>
      <trkpt lat="46.40351439826190471649169921875" lon="23.44764799810945987701416015625">
        <ele>462</ele>
        <time>2024-11-10T12:25:55.000Z</time>
        <extensions>
          <ns3:TrackPointExtension>
            <ns3:hr>93</ns3:hr>
            <ns3:cad>58</ns3:cad>
          </ns3:TrackPointExtension>
        </extensions>
      </trkpt>
      <trkpt lat="46.4035119675099849700927734375" lon="23.447635509073734283447265625">
        <ele>461.600006103515625</ele>
        <time>2024-11-10T12:25:56.000Z</time>
        <extensions>
          <ns3:TrackPointExtension>
            <ns3:hr>93</ns3:hr>
            <ns3:cad>56</ns3:cad>
          </ns3:TrackPointExtension>
        </extensions>
      </trkpt>
      <trkpt lat="46.4035035856068134307861328125" lon="23.44759452156722545623779296875">
        <ele>460.79998779296875</ele>
        <time>2024-11-10T12:25:59.000Z</time>
        <extensions>
          <ns3:TrackPointExtension>
            <ns3:hr>96</ns3:hr>
            <ns3:cad>56</ns3:cad>
          </ns3:TrackPointExtension>
        </extensions>
      </trkpt>
      <trkpt lat="46.40349931083619594573974609375" lon="23.447567112743854522705078125">
        <ele>460.399993896484375</ele>
        <time>2024-11-10T12:26:01.000Z</time>
        <extensions>
          <ns3:TrackPointExtension>
            <ns3:hr>95</ns3:hr>
            <ns3:cad>52</ns3:cad>
          </ns3:TrackPointExtension>
        </extensions>
      </trkpt>
      <trkpt lat="46.4034908451139926910400390625" lon="23.44751288183033466339111328125">
        <ele>459.600006103515625</ele>
        <time>2024-11-10T12:26:05.000Z</time>
        <extensions>
          <ns3:TrackPointExtension>
            <ns3:hr>92</ns3:hr>
            <ns3:cad>55</ns3:cad>
          </ns3:TrackPointExtension>
        </extensions>
      </trkpt>
      <trkpt lat="46.403490342199802398681640625" lon="23.44750039279460906982421875">
        <ele>459.20001220703125</ele>
        <time>2024-11-10T12:26:06.000Z</time>
        <extensions>
          <ns3:TrackPointExtension>
            <ns3:hr>91</ns3:hr>
            <ns3:cad>55</ns3:cad>
          </ns3:TrackPointExtension>
        </extensions>
      </trkpt>
      <trkpt lat="46.40348992310464382171630859375" lon="23.4474807791411876678466796875">
        <ele>459</ele>
        <time>2024-11-10T12:26:08.000Z</time>
        <extensions>
          <ns3:TrackPointExtension>
            <ns3:hr>89</ns3:hr>
            <ns3:cad>51</ns3:cad>
          </ns3:TrackPointExtension>
        </extensions>
      </trkpt>
      <trkpt lat="46.4034935273230075836181640625" lon="23.44742286019027233123779296875">
        <ele>458.20001220703125</ele>
        <time>2024-11-10T12:26:12.000Z</time>
        <extensions>
          <ns3:TrackPointExtension>
            <ns3:hr>89</ns3:hr>
            <ns3:cad>51</ns3:cad>
          </ns3:TrackPointExtension>
        </extensions>
      </trkpt>
      <trkpt lat="46.4034938625991344451904296875" lon="23.447399139404296875">
        <ele>457.399993896484375</ele>
        <time>2024-11-10T12:26:15.000Z</time>
        <extensions>
          <ns3:TrackPointExtension>
            <ns3:hr>88</ns3:hr>
            <ns3:cad>54</ns3:cad>
          </ns3:TrackPointExtension>
        </extensions>
      </trkpt>
      <trkpt lat="46.40349428169429302215576171875" lon="23.44738597981631755828857421875">
        <ele>457</ele>
        <time>2024-11-10T12:26:16.000Z</time>
        <extensions>
          <ns3:TrackPointExtension>
            <ns3:hr>88</ns3:hr>
            <ns3:cad>55</ns3:cad>
          </ns3:TrackPointExtension>
        </extensions>
      </trkpt>
      <trkpt lat="46.40350333414971828460693359375" lon="23.44730903394520282745361328125">
        <ele>456</ele>
        <time>2024-11-10T12:26:21.000Z</time>
        <extensions>
          <ns3:TrackPointExtension>
            <ns3:hr>88</ns3:hr>
            <ns3:cad>56</ns3:cad>
          </ns3:TrackPointExtension>
        </extensions>
      </trkpt>
      <trkpt lat="46.4035112969577312469482421875" lon="23.44726167619228363037109375">
        <ele>455.20001220703125</ele>
        <time>2024-11-10T12:26:24.000Z</time>
        <extensions>
          <ns3:TrackPointExtension>
            <ns3:hr>87</ns3:hr>
            <ns3:cad>55</ns3:cad>
          </ns3:TrackPointExtension>
        </extensions>
      </trkpt>
      <trkpt lat="46.4035153202712535858154296875" lon="23.447249270975589752197265625">
        <ele>454.79998779296875</ele>
        <time>2024-11-10T12:26:25.000Z</time>
        <extensions>
          <ns3:TrackPointExtension>
            <ns3:hr>87</ns3:hr>
            <ns3:cad>54</ns3:cad>
          </ns3:TrackPointExtension>
        </extensions>
      </trkpt>
      <trkpt lat="46.403522528707981109619140625" lon="23.44719839282333850860595703125">
        <ele>453.79998779296875</ele>
        <time>2024-11-10T12:26:30.000Z</time>
        <extensions>
          <ns3:TrackPointExtension>
            <ns3:hr>88</ns3:hr>
            <ns3:cad>55</ns3:cad>
          </ns3:TrackPointExtension>
        </extensions>
      </trkpt>
      <trkpt lat="46.403523199260234832763671875" lon="23.4471783600747585296630859375">
        <ele>453.600006103515625</ele>
        <time>2024-11-10T12:26:32.000Z</time>
        <extensions>
          <ns3:TrackPointExtension>
            <ns3:hr>88</ns3:hr>
            <ns3:cad>54</ns3:cad>
          </ns3:TrackPointExtension>
        </extensions>
      </trkpt>
      <trkpt lat="46.4035226963460445404052734375" lon="23.44713603146374225616455078125">
        <ele>452.79998779296875</ele>
        <time>2024-11-10T12:26:36.000Z</time>
        <extensions>
          <ns3:TrackPointExtension>
            <ns3:hr>88</ns3:hr>
            <ns3:cad>53</ns3:cad>
          </ns3:TrackPointExtension>
        </extensions>
      </trkpt>
      <trkpt lat="46.40352378599345684051513671875" lon="23.4471123106777667999267578125">
        <ele>452</ele>
        <time>2024-11-10T12:26:39.000Z</time>
        <extensions>
          <ns3:TrackPointExtension>
            <ns3:hr>84</ns3:hr>
            <ns3:cad>56</ns3:cad>
          </ns3:TrackPointExtension>
        </extensions>
      </trkpt>
      <trkpt lat="46.4035210199654102325439453125" lon="23.44710418023169040679931640625">
        <ele>451.600006103515625</ele>
        <time>2024-11-10T12:26:41.000Z</time>
        <extensions>
          <ns3:TrackPointExtension>
            <ns3:hr>82</ns3:hr>
            <ns3:cad>56</ns3:cad>
          </ns3:TrackPointExtension>
        </extensions>
      </trkpt>
      <trkpt lat="46.40351791866123676300048828125" lon="23.44705623574554920196533203125">
        <ele>450.399993896484375</ele>
        <time>2024-11-10T12:26:45.000Z</time>
        <extensions>
          <ns3:TrackPointExtension>
            <ns3:hr>80</ns3:hr>
            <ns3:cad>53</ns3:cad>
          </ns3:TrackPointExtension>
        </extensions>
      </trkpt>
      <trkpt lat="46.40351389534771442413330078125" lon="23.4470043517649173736572265625">
        <ele>449.399993896484375</ele>
        <time>2024-11-10T12:26:49.000Z</time>
        <extensions>
          <ns3:TrackPointExtension>
            <ns3:hr>81</ns3:hr>
            <ns3:cad>53</ns3:cad>
          </ns3:TrackPointExtension>
        </extensions>
      </trkpt>
      <trkpt lat="46.4035128057003021240234375" lon="23.4469922818243503570556640625">
        <ele>449.20001220703125</ele>
        <time>2024-11-10T12:26:50.000Z</time>
        <extensions>
          <ns3:TrackPointExtension>
            <ns3:hr>81</ns3:hr>
            <ns3:cad>53</ns3:cad>
          </ns3:TrackPointExtension>
        </extensions>
      </trkpt>
      <trkpt lat="46.40350450761616230010986328125" lon="23.4469647891819477081298828125">
        <ele>448.600006103515625</ele>
        <time>2024-11-10T12:26:52.000Z</time>
        <extensions>
          <ns3:TrackPointExtension>
            <ns3:hr>84</ns3:hr>
            <ns3:cad>53</ns3:cad>
          </ns3:TrackPointExtension>
        </extensions>
      </trkpt>
      <trkpt lat="46.4034993946552276611328125" lon="23.44695498235523700714111328125">
        <ele>448.20001220703125</ele>
        <time>2024-11-10T12:26:56.000Z</time>
        <extensions>
          <ns3:TrackPointExtension>
            <ns3:hr>87</ns3:hr>
            <ns3:cad>51</ns3:cad>
          </ns3:TrackPointExtension>
        </extensions>
      </trkpt>
      <trkpt lat="46.4034993946552276611328125" lon="23.44695498235523700714111328125">
        <ele>448</ele>
        <time>2024-11-10T12:26:57.000Z</time>
        <extensions>
          <ns3:TrackPointExtension>
            <ns3:hr>87</ns3:hr>
            <ns3:cad>0</ns3:cad>
          </ns3:TrackPointExtension>
        </extensions>
      </trkpt>
      <trkpt lat="46.40348556451499462127685546875" lon="23.44693067483603954315185546875">
        <ele>447.399993896484375</ele>
        <time>2024-11-10T12:27:05.000Z</time>
        <extensions>
          <ns3:TrackPointExtension>
            <ns3:hr>90</ns3:hr>
            <ns3:cad>0</ns3:cad>
          </ns3:TrackPointExtension>
        </extensions>
      </trkpt>
      <trkpt lat="46.40348556451499462127685546875" lon="23.44693067483603954315185546875">
        <ele>447</ele>
        <time>2024-11-10T12:27:13.000Z</time>
        <extensions>
          <ns3:TrackPointExtension>
            <ns3:hr>85</ns3:hr>
            <ns3:cad>0</ns3:cad>
          </ns3:TrackPointExtension>
        </extensions>
      </trkpt>
      <trkpt lat="46.40348556451499462127685546875" lon="23.44693067483603954315185546875">
        <ele>447</ele>
        <time>2024-11-10T12:27:14.000Z</time>
        <extensions>
          <ns3:TrackPointExtension>
            <ns3:hr>80</ns3:hr>
            <ns3:cad>0</ns3:cad>
          </ns3:TrackPointExtension>
        </extensions>
      </trkpt>
      <trkpt lat="46.40348556451499462127685546875" lon="23.44693067483603954315185546875">
        <ele>447</ele>
        <time>2024-11-10T12:27:16.000Z</time>
        <extensions>
          <ns3:TrackPointExtension>
            <ns3:hr>77</ns3:hr>
            <ns3:cad>0</ns3:cad>
          </ns3:TrackPointExtension>
        </extensions>
      </trkpt>
      <trkpt lat="46.40348556451499462127685546875" lon="23.44693067483603954315185546875">
        <ele>447</ele>
        <time>2024-11-10T12:27:20.000Z</time>
        <extensions>
          <ns3:TrackPointExtension>
            <ns3:hr>74</ns3:hr>
            <ns3:cad>0</ns3:cad>
          </ns3:TrackPointExtension>
        </extensions>
      </trkpt>
      <trkpt lat="46.40348556451499462127685546875" lon="23.44693067483603954315185546875">
        <ele>446.79998779296875</ele>
        <time>2024-11-10T12:27:24.000Z</time>
        <extensions>
          <ns3:TrackPointExtension>
            <ns3:hr>72</ns3:hr>
            <ns3:cad>0</ns3:cad>
          </ns3:TrackPointExtension>
        </extensions>
      </trkpt>
      <trkpt lat="46.40348556451499462127685546875" lon="23.44693067483603954315185546875">
        <ele>446.79998779296875</ele>
        <time>2024-11-10T12:27:30.000Z</time>
        <extensions>
          <ns3:TrackPointExtension>
            <ns3:hr>75</ns3:hr>
            <ns3:cad>0</ns3:cad>
          </ns3:TrackPointExtension>
        </extensions>
      </trkpt>
      <trkpt lat="46.40348556451499462127685546875" lon="23.44693067483603954315185546875">
        <ele>446.600006103515625</ele>
        <time>2024-11-10T12:27:44.000Z</time>
        <extensions>
          <ns3:TrackPointExtension>
            <ns3:hr>75</ns3:hr>
            <ns3:cad>0</ns3:cad>
          </ns3:TrackPointExtension>
        </extensions>
      </trkpt>
      <trkpt lat="46.403476260602474212646484375" lon="23.44692866317927837371826171875">
        <ele>446.600006103515625</ele>
        <time>2024-11-10T12:27:56.000Z</time>
        <extensions>
          <ns3:TrackPointExtension>
            <ns3:hr>72</ns3:hr>
            <ns3:cad>0</ns3:cad>
          </ns3:TrackPointExtension>
        </extensions>
      </trkpt>
      <trkpt lat="46.40347332693636417388916015625" lon="23.4469305910170078277587890625">
        <ele>446.600006103515625</ele>
        <time>2024-11-10T12:27:58.000Z</time>
        <extensions>
          <ns3:TrackPointExtension>
            <ns3:hr>71</ns3:hr>
            <ns3:cad>0</ns3:cad>
          </ns3:TrackPointExtension>
        </extensions>
      </trkpt>
      <trkpt lat="46.403484307229518890380859375" lon="23.446940481662750244140625">
        <ele>446.600006103515625</ele>
        <time>2024-11-10T12:28:10.000Z</time>
        <extensions>
          <ns3:TrackPointExtension>
            <ns3:hr>74</ns3:hr>
            <ns3:cad>0</ns3:cad>
          </ns3:TrackPointExtension>
        </extensions>
      </trkpt>
      <trkpt lat="46.4034838043153285980224609375" lon="23.4469409845769405364990234375">
        <ele>446.600006103515625</ele>
        <time>2024-11-10T12:28:11.000Z</time>
        <extensions>
          <ns3:TrackPointExtension>
            <ns3:hr>75</ns3:hr>
            <ns3:cad>0</ns3:cad>
          </ns3:TrackPointExtension>
        </extensions>
      </trkpt>
      <trkpt lat="46.40346745960414409637451171875" lon="23.44694123603403568267822265625">
        <ele>446.20001220703125</ele>
        <time>2024-11-10T12:28:19.000Z</time>
        <extensions>
          <ns3:TrackPointExtension>
            <ns3:hr>76</ns3:hr>
            <ns3:cad>0</ns3:cad>
          </ns3:TrackPointExtension>
        </extensions>
      </trkpt>
      <trkpt lat="46.403456144034862518310546875" lon="23.4469426609575748443603515625">
        <ele>446.20001220703125</ele>
        <time>2024-11-10T12:28:22.000Z</time>
        <extensions>
          <ns3:TrackPointExtension>
            <ns3:hr>79</ns3:hr>
            <ns3:cad>0</ns3:cad>
          </ns3:TrackPointExtension>
        </extensions>
      </trkpt>
      <trkpt lat="46.403436027467250823974609375" lon="23.44695162959396839141845703125">
        <ele>446</ele>
        <time>2024-11-10T12:28:25.000Z</time>
        <extensions>
          <ns3:TrackPointExtension>
            <ns3:hr>79</ns3:hr>
            <ns3:cad>0</ns3:cad>
          </ns3:TrackPointExtension>
        </extensions>
      </trkpt>
      <trkpt lat="46.4034281484782695770263671875" lon="23.44695330597460269927978515625">
        <ele>446</ele>
        <time>2024-11-10T12:28:26.000Z</time>
        <extensions>
          <ns3:TrackPointExtension>
            <ns3:hr>78</ns3:hr>
            <ns3:cad>50</ns3:cad>
          </ns3:TrackPointExtension>
        </extensions>
      </trkpt>
      <trkpt lat="46.4033604227006435394287109375" lon="23.44696755520999431610107421875">
        <ele>444.79998779296875</ele>
        <time>2024-11-10T12:28:32.000Z</time>
        <extensions>
          <ns3:TrackPointExtension>
            <ns3:hr>79</ns3:hr>
            <ns3:cad>54</ns3:cad>
          </ns3:TrackPointExtension>
        </extensions>
      </trkpt>
      <trkpt lat="46.40334592200815677642822265625" lon="23.44694274477660655975341796875">
        <ele>444.399993896484375</ele>
        <time>2024-11-10T12:28:35.000Z</time>
        <extensions>
          <ns3:TrackPointExtension>
            <ns3:hr>79</ns3:hr>
            <ns3:cad>55</ns3:cad>
          </ns3:TrackPointExtension>
        </extensions>
      </trkpt>
      <trkpt lat="46.4033346064388751983642578125" lon="23.4468739293515682220458984375">
        <ele>443.600006103515625</ele>
        <time>2024-11-10T12:28:40.000Z</time>
        <extensions>
          <ns3:TrackPointExtension>
            <ns3:hr>79</ns3:hr>
            <ns3:cad>55</ns3:cad>
          </ns3:TrackPointExtension>
        </extensions>
      </trkpt>
      <trkpt lat="46.40334625728428363800048828125" lon="23.44683595933020114898681640625">
        <ele>443</ele>
        <time>2024-11-10T12:28:43.000Z</time>
        <extensions>
          <ns3:TrackPointExtension>
            <ns3:hr>78</ns3:hr>
            <ns3:cad>55</ns3:cad>
          </ns3:TrackPointExtension>
        </extensions>
      </trkpt>
      <trkpt lat="46.4033572375774383544921875" lon="23.4467983245849609375">
        <ele>442.600006103515625</ele>
        <time>2024-11-10T12:28:46.000Z</time>
        <extensions>
          <ns3:TrackPointExtension>
            <ns3:hr>78</ns3:hr>
            <ns3:cad>52</ns3:cad>
          </ns3:TrackPointExtension>
        </extensions>
      </trkpt>
      <trkpt lat="46.40338263474404811859130859375" lon="23.44671241007745265960693359375">
        <ele>441.399993896484375</ele>
        <time>2024-11-10T12:28:52.000Z</time>
        <extensions>
          <ns3:TrackPointExtension>
            <ns3:hr>78</ns3:hr>
            <ns3:cad>52</ns3:cad>
          </ns3:TrackPointExtension>
        </extensions>
      </trkpt>
      <trkpt lat="46.4033848978579044342041015625" lon="23.44669866375625133514404296875">
        <ele>441.20001220703125</ele>
        <time>2024-11-10T12:28:53.000Z</time>
        <extensions>
          <ns3:TrackPointExtension>
            <ns3:hr>78</ns3:hr>
            <ns3:cad>52</ns3:cad>
          </ns3:TrackPointExtension>
        </extensions>
      </trkpt>
      <trkpt lat="46.40339319594204425811767578125" lon="23.44665172509849071502685546875">
        <ele>440.399993896484375</ele>
        <time>2024-11-10T12:28:56.000Z</time>
        <extensions>
          <ns3:TrackPointExtension>
            <ns3:hr>77</ns3:hr>
            <ns3:cad>54</ns3:cad>
          </ns3:TrackPointExtension>
        </extensions>
      </trkpt>
      <trkpt lat="46.403407864272594451904296875" lon="23.446575365960597991943359375">
        <ele>439.399993896484375</ele>
        <time>2024-11-10T12:29:02.000Z</time>
        <extensions>
          <ns3:TrackPointExtension>
            <ns3:hr>76</ns3:hr>
            <ns3:cad>51</ns3:cad>
          </ns3:TrackPointExtension>
        </extensions>
      </trkpt>
      <trkpt lat="46.4034060202538967132568359375" lon="23.4465453587472438812255859375">
        <ele>439</ele>
        <time>2024-11-10T12:29:04.000Z</time>
        <extensions>
          <ns3:TrackPointExtension>
            <ns3:hr>76</ns3:hr>
            <ns3:cad>54</ns3:cad>
          </ns3:TrackPointExtension>
        </extensions>
      </trkpt>
      <trkpt lat="46.4033845625817775726318359375" lon="23.4464778006076812744140625">
        <ele>438.20001220703125</ele>
        <time>2024-11-10T12:29:09.000Z</time>
        <extensions>
          <ns3:TrackPointExtension>
            <ns3:hr>76</ns3:hr>
            <ns3:cad>53</ns3:cad>
          </ns3:TrackPointExtension>
        </extensions>
      </trkpt>
      <trkpt lat="46.40337224118411540985107421875" lon="23.4464263357222080230712890625">
        <ele>437.600006103515625</ele>
        <time>2024-11-10T12:29:13.000Z</time>
        <extensions>
          <ns3:TrackPointExtension>
            <ns3:hr>76</ns3:hr>
            <ns3:cad>53</ns3:cad>
          </ns3:TrackPointExtension>
        </extensions>
      </trkpt>
      <trkpt lat="46.40336017124354839324951171875" lon="23.44637520611286163330078125">
        <ele>437.20001220703125</ele>
        <time>2024-11-10T12:29:17.000Z</time>
        <extensions>
          <ns3:TrackPointExtension>
            <ns3:hr>76</ns3:hr>
            <ns3:cad>52</ns3:cad>
          </ns3:TrackPointExtension>
        </extensions>
      </trkpt>
      <trkpt lat="46.403347514569759368896484375" lon="23.44634612090885639190673828125">
        <ele>436.600006103515625</ele>
        <time>2024-11-10T12:29:22.000Z</time>
        <extensions>
          <ns3:TrackPointExtension>
            <ns3:hr>76</ns3:hr>
            <ns3:cad>0</ns3:cad>
          </ns3:TrackPointExtension>
        </extensions>
      </trkpt>
      <trkpt lat="46.40331340022385120391845703125" lon="23.4462687559425830841064453125">
        <ele>436.20001220703125</ele>
        <time>2024-11-10T12:29:28.000Z</time>
        <extensions>
          <ns3:TrackPointExtension>
            <ns3:hr>78</ns3:hr>
            <ns3:cad>0</ns3:cad>
          </ns3:TrackPointExtension>
        </extensions>
      </trkpt>
      <trkpt lat="46.40330401249229907989501953125" lon="23.44625609926879405975341796875">
        <ele>436.20001220703125</ele>
        <time>2024-11-10T12:29:29.000Z</time>
        <extensions>
          <ns3:TrackPointExtension>
            <ns3:hr>78</ns3:hr>
            <ns3:cad>51</ns3:cad>
          </ns3:TrackPointExtension>
        </extensions>
      </trkpt>
      <trkpt lat="46.403277777135372161865234375" lon="23.4462134353816509246826171875">
        <ele>435.79998779296875</ele>
        <time>2024-11-10T12:29:37.000Z</time>
        <extensions>
          <ns3:TrackPointExtension>
            <ns3:hr>80</ns3:hr>
            <ns3:cad>0</ns3:cad>
          </ns3:TrackPointExtension>
        </extensions>
      </trkpt>
      <trkpt lat="46.40325891785323619842529296875" lon="23.4461983479559421539306640625">
        <ele>436</ele>
        <time>2024-11-10T12:29:45.000Z</time>
        <extensions>
          <ns3:TrackPointExtension>
            <ns3:hr>82</ns3:hr>
            <ns3:cad>0</ns3:cad>
          </ns3:TrackPointExtension>
        </extensions>
      </trkpt>
    </trkseg>
  </trk>
</gpx>
