<?xml version="1.0" encoding="UTF-8"?>
<gpx creator="Garmin Connect" version="1.1"
  xsi:schemaLocation="http://www.topografix.com/GPX/1/1 http://www.topografix.com/GPX/11.xsd"
  xmlns:ns3="http://www.garmin.com/xmlschemas/TrackPointExtension/v1"
  xmlns="http://www.topografix.com/GPX/1/1"
  xmlns:xsi="http://www.w3.org/2001/XMLSchema-instance" xmlns:ns2="http://www.garmin.com/xmlschemas/GpxExtensions/v3">
  <metadata>
    <link href="connect.garmin.com">
      <text>Garmin Connect</text>
    </link>
    <time>2022-06-11T08:25:46.000Z</time>
  </metadata>
  <trk>
    <name>Livezile Hiking</name>
    <type>hiking</type>
    <trkseg>
      <trkpt lat="46.38210433535277843475341796875" lon="23.580804504454135894775390625">
        <ele>474.79998779296875</ele>
        <time>2022-06-11T08:29:37.000Z</time>
        <extensions>
          <ns3:TrackPointExtension>
            <ns3:hr>98</ns3:hr>
            <ns3:cad>72</ns3:cad>
          </ns3:TrackPointExtension>
        </extensions>
      </trkpt>
      <trkpt lat="46.38211925514042377471923828125" lon="23.58082587830722332000732421875">
        <ele>474.79998779296875</ele>
        <time>2022-06-11T08:29:39.000Z</time>
        <extensions>
          <ns3:TrackPointExtension>
            <ns3:hr>99</ns3:hr>
            <ns3:cad>79</ns3:cad>
          </ns3:TrackPointExtension>
        </extensions>
      </trkpt>
      <trkpt lat="46.382121853530406951904296875" lon="23.580808527767658233642578125">
        <ele>475</ele>
        <time>2022-06-11T08:29:40.000Z</time>
        <extensions>
          <ns3:TrackPointExtension>
            <ns3:hr>101</ns3:hr>
            <ns3:cad>79</ns3:cad>
          </ns3:TrackPointExtension>
        </extensions>
      </trkpt>
      <trkpt lat="46.38212009333074092864990234375" lon="23.580780364573001861572265625">
        <ele>475.399993896484375</ele>
        <time>2022-06-11T08:29:42.000Z</time>
        <extensions>
          <ns3:TrackPointExtension>
            <ns3:hr>105</ns3:hr>
            <ns3:cad>77</ns3:cad>
          </ns3:TrackPointExtension>
        </extensions>
      </trkpt>
      <trkpt lat="46.38211422599852085113525390625" lon="23.58075790107250213623046875">
        <ele>475.600006103515625</ele>
        <time>2022-06-11T08:29:44.000Z</time>
        <extensions>
          <ns3:TrackPointExtension>
            <ns3:hr>109</ns3:hr>
            <ns3:cad>73</ns3:cad>
          </ns3:TrackPointExtension>
        </extensions>
      </trkpt>
      <trkpt lat="46.38211774639785289764404296875" lon="23.58075228519737720489501953125">
        <ele>476.20001220703125</ele>
        <time>2022-06-11T08:29:46.000Z</time>
        <extensions>
          <ns3:TrackPointExtension>
            <ns3:hr>110</ns3:hr>
            <ns3:cad>74</ns3:cad>
          </ns3:TrackPointExtension>
        </extensions>
      </trkpt>
      <trkpt lat="46.38211674056947231292724609375" lon="23.58074876479804515838623046875">
        <ele>476.399993896484375</ele>
        <time>2022-06-11T08:29:47.000Z</time>
        <extensions>
          <ns3:TrackPointExtension>
            <ns3:hr>110</ns3:hr>
            <ns3:cad>74</ns3:cad>
          </ns3:TrackPointExtension>
        </extensions>
      </trkpt>
      <trkpt lat="46.38211891986429691314697265625" lon="23.58070501126348972320556640625">
        <ele>477.20001220703125</ele>
        <time>2022-06-11T08:29:52.000Z</time>
        <extensions>
          <ns3:TrackPointExtension>
            <ns3:hr>111</ns3:hr>
            <ns3:cad>72</ns3:cad>
          </ns3:TrackPointExtension>
        </extensions>
      </trkpt>
      <trkpt lat="46.38211808167397975921630859375" lon="23.58066276647150516510009765625">
        <ele>478.20001220703125</ele>
        <time>2022-06-11T08:29:57.000Z</time>
        <extensions>
          <ns3:TrackPointExtension>
            <ns3:hr>110</ns3:hr>
            <ns3:cad>72</ns3:cad>
          </ns3:TrackPointExtension>
        </extensions>
      </trkpt>
      <trkpt lat="46.3821195065975189208984375" lon="23.58065304346382617950439453125">
        <ele>478.399993896484375</ele>
        <time>2022-06-11T08:29:58.000Z</time>
        <extensions>
          <ns3:TrackPointExtension>
            <ns3:hr>110</ns3:hr>
            <ns3:cad>75</ns3:cad>
          </ns3:TrackPointExtension>
        </extensions>
      </trkpt>
      <trkpt lat="46.38211590237915515899658203125" lon="23.5805961303412914276123046875">
        <ele>479.399993896484375</ele>
        <time>2022-06-11T08:30:04.000Z</time>
        <extensions>
          <ns3:TrackPointExtension>
            <ns3:hr>111</ns3:hr>
            <ns3:cad>41</ns3:cad>
          </ns3:TrackPointExtension>
        </extensions>
      </trkpt>
      <trkpt lat="46.38211439363658428192138671875" lon="23.5805857367813587188720703125">
        <ele>479.600006103515625</ele>
        <time>2022-06-11T08:30:05.000Z</time>
        <extensions>
          <ns3:TrackPointExtension>
            <ns3:hr>112</ns3:hr>
            <ns3:cad>77</ns3:cad>
          </ns3:TrackPointExtension>
        </extensions>
      </trkpt>
      <trkpt lat="46.38210668228566646575927734375" lon="23.580552376806735992431640625">
        <ele>480.600006103515625</ele>
        <time>2022-06-11T08:30:09.000Z</time>
        <extensions>
          <ns3:TrackPointExtension>
            <ns3:hr>115</ns3:hr>
            <ns3:cad>75</ns3:cad>
          </ns3:TrackPointExtension>
        </extensions>
      </trkpt>
      <trkpt lat="46.3821055926382541656494140625" lon="23.580524213612079620361328125">
        <ele>481.399993896484375</ele>
        <time>2022-06-11T08:30:13.000Z</time>
        <extensions>
          <ns3:TrackPointExtension>
            <ns3:hr>118</ns3:hr>
            <ns3:cad>40</ns3:cad>
          </ns3:TrackPointExtension>
        </extensions>
      </trkpt>
      <trkpt lat="46.38210400007665157318115234375" lon="23.58051591552793979644775390625">
        <ele>481.79998779296875</ele>
        <time>2022-06-11T08:30:14.000Z</time>
        <extensions>
          <ns3:TrackPointExtension>
            <ns3:hr>119</ns3:hr>
            <ns3:cad>40</ns3:cad>
          </ns3:TrackPointExtension>
        </extensions>
      </trkpt>
      <trkpt lat="46.3821015693247318267822265625" lon="23.5804972238838672637939453125">
        <ele>482.399993896484375</ele>
        <time>2022-06-11T08:30:16.000Z</time>
        <extensions>
          <ns3:TrackPointExtension>
            <ns3:hr>121</ns3:hr>
            <ns3:cad>76</ns3:cad>
          </ns3:TrackPointExtension>
        </extensions>
      </trkpt>
      <trkpt lat="46.38210148550570011138916015625" lon="23.58048993162810802459716796875">
        <ele>482.79998779296875</ele>
        <time>2022-06-11T08:30:17.000Z</time>
        <extensions>
          <ns3:TrackPointExtension>
            <ns3:hr>121</ns3:hr>
            <ns3:cad>75</ns3:cad>
          </ns3:TrackPointExtension>
        </extensions>
      </trkpt>
      <trkpt lat="46.3821008987724781036376953125" lon="23.58043042011559009552001953125">
        <ele>484</ele>
        <time>2022-06-11T08:30:24.000Z</time>
        <extensions>
          <ns3:TrackPointExtension>
            <ns3:hr>122</ns3:hr>
            <ns3:cad>79</ns3:cad>
          </ns3:TrackPointExtension>
        </extensions>
      </trkpt>
      <trkpt lat="46.38209679163992404937744140625" lon="23.58038733713328838348388671875">
        <ele>484.399993896484375</ele>
        <time>2022-06-11T08:30:28.000Z</time>
        <extensions>
          <ns3:TrackPointExtension>
            <ns3:hr>121</ns3:hr>
            <ns3:cad>76</ns3:cad>
          </ns3:TrackPointExtension>
        </extensions>
      </trkpt>
      <trkpt lat="46.38208866119384765625" lon="23.580359928309917449951171875">
        <ele>485</ele>
        <time>2022-06-11T08:30:31.000Z</time>
        <extensions>
          <ns3:TrackPointExtension>
            <ns3:hr>120</ns3:hr>
            <ns3:cad>73</ns3:cad>
          </ns3:TrackPointExtension>
        </extensions>
      </trkpt>
      <trkpt lat="46.3820911757647991180419921875" lon="23.58031441457569599151611328125">
        <ele>486</ele>
        <time>2022-06-11T08:30:35.000Z</time>
        <extensions>
          <ns3:TrackPointExtension>
            <ns3:hr>123</ns3:hr>
            <ns3:cad>76</ns3:cad>
          </ns3:TrackPointExtension>
        </extensions>
      </trkpt>
      <trkpt lat="46.38209394179284572601318359375" lon="23.58030234463512897491455078125">
        <ele>486.20001220703125</ele>
        <time>2022-06-11T08:30:36.000Z</time>
        <extensions>
          <ns3:TrackPointExtension>
            <ns3:hr>124</ns3:hr>
            <ns3:cad>75</ns3:cad>
          </ns3:TrackPointExtension>
        </extensions>
      </trkpt>
      <trkpt lat="46.382098384201526641845703125" lon="23.5802769474685192108154296875">
        <ele>486.600006103515625</ele>
        <time>2022-06-11T08:30:38.000Z</time>
        <extensions>
          <ns3:TrackPointExtension>
            <ns3:hr>125</ns3:hr>
            <ns3:cad>74</ns3:cad>
          </ns3:TrackPointExtension>
        </extensions>
      </trkpt>
      <trkpt lat="46.382109783589839935302734375" lon="23.58025473542511463165283203125">
        <ele>487.20001220703125</ele>
        <time>2022-06-11T08:30:40.000Z</time>
        <extensions>
          <ns3:TrackPointExtension>
            <ns3:hr>126</ns3:hr>
            <ns3:cad>76</ns3:cad>
          </ns3:TrackPointExtension>
        </extensions>
      </trkpt>
      <trkpt lat="46.38212244026362895965576171875" lon="23.5801911167800426483154296875">
        <ele>487.600006103515625</ele>
        <time>2022-06-11T08:30:47.000Z</time>
        <extensions>
          <ns3:TrackPointExtension>
            <ns3:hr>125</ns3:hr>
            <ns3:cad>76</ns3:cad>
          </ns3:TrackPointExtension>
        </extensions>
      </trkpt>
      <trkpt lat="46.382125206291675567626953125" lon="23.58017158694565296173095703125">
        <ele>488.399993896484375</ele>
        <time>2022-06-11T08:30:49.000Z</time>
        <extensions>
          <ns3:TrackPointExtension>
            <ns3:hr>125</ns3:hr>
            <ns3:cad>74</ns3:cad>
          </ns3:TrackPointExtension>
        </extensions>
      </trkpt>
      <trkpt lat="46.38216250576078891754150390625" lon="23.5800918750464916229248046875">
        <ele>489.20001220703125</ele>
        <time>2022-06-11T08:30:56.000Z</time>
        <extensions>
          <ns3:TrackPointExtension>
            <ns3:hr>123</ns3:hr>
            <ns3:cad>75</ns3:cad>
          </ns3:TrackPointExtension>
        </extensions>
      </trkpt>
      <trkpt lat="46.38217122294008731842041015625" lon="23.58006161637604236602783203125">
        <ele>489.399993896484375</ele>
        <time>2022-06-11T08:30:59.000Z</time>
        <extensions>
          <ns3:TrackPointExtension>
            <ns3:hr>124</ns3:hr>
            <ns3:cad>47</ns3:cad>
          </ns3:TrackPointExtension>
        </extensions>
      </trkpt>
      <trkpt lat="46.38219050131738185882568359375" lon="23.5800241492688655853271484375">
        <ele>489.600006103515625</ele>
        <time>2022-06-11T08:31:04.000Z</time>
        <extensions>
          <ns3:TrackPointExtension>
            <ns3:hr>126</ns3:hr>
            <ns3:cad>43</ns3:cad>
          </ns3:TrackPointExtension>
        </extensions>
      </trkpt>
      <trkpt lat="46.3821847178041934967041015625" lon="23.57996455393731594085693359375">
        <ele>490.399993896484375</ele>
        <time>2022-06-11T08:31:12.000Z</time>
        <extensions>
          <ns3:TrackPointExtension>
            <ns3:hr>125</ns3:hr>
            <ns3:cad>42</ns3:cad>
          </ns3:TrackPointExtension>
        </extensions>
      </trkpt>
      <trkpt lat="46.38218144886195659637451171875" lon="23.57996128499507904052734375">
        <ele>490.600006103515625</ele>
        <time>2022-06-11T08:31:13.000Z</time>
        <extensions>
          <ns3:TrackPointExtension>
            <ns3:hr>125</ns3:hr>
            <ns3:cad>42</ns3:cad>
          </ns3:TrackPointExtension>
        </extensions>
      </trkpt>
      <trkpt lat="46.382176168262958526611328125" lon="23.5799182020127773284912109375">
        <ele>491.600006103515625</ele>
        <time>2022-06-11T08:31:19.000Z</time>
        <extensions>
          <ns3:TrackPointExtension>
            <ns3:hr>124</ns3:hr>
            <ns3:cad>0</ns3:cad>
          </ns3:TrackPointExtension>
        </extensions>
      </trkpt>
      <trkpt lat="46.38218186795711517333984375" lon="23.579900600016117095947265625">
        <ele>492</ele>
        <time>2022-06-11T08:31:22.000Z</time>
        <extensions>
          <ns3:TrackPointExtension>
            <ns3:hr>123</ns3:hr>
            <ns3:cad>0</ns3:cad>
          </ns3:TrackPointExtension>
        </extensions>
      </trkpt>
      <trkpt lat="46.38218480162322521209716796875" lon="23.5798680782318115234375">
        <ele>492.600006103515625</ele>
        <time>2022-06-11T08:31:29.000Z</time>
        <extensions>
          <ns3:TrackPointExtension>
            <ns3:hr>123</ns3:hr>
            <ns3:cad>0</ns3:cad>
          </ns3:TrackPointExtension>
        </extensions>
      </trkpt>
      <trkpt lat="46.38218186795711517333984375" lon="23.57986128889024257659912109375">
        <ele>492.600006103515625</ele>
        <time>2022-06-11T08:31:30.000Z</time>
        <extensions>
          <ns3:TrackPointExtension>
            <ns3:hr>123</ns3:hr>
            <ns3:cad>0</ns3:cad>
          </ns3:TrackPointExtension>
        </extensions>
      </trkpt>
      <trkpt lat="46.38217826373875141143798828125" lon="23.57983044348657131195068359375">
        <ele>493.79998779296875</ele>
        <time>2022-06-11T08:31:36.000Z</time>
        <extensions>
          <ns3:TrackPointExtension>
            <ns3:hr>123</ns3:hr>
            <ns3:cad>69</ns3:cad>
          </ns3:TrackPointExtension>
        </extensions>
      </trkpt>
      <trkpt lat="46.38217038474977016448974609375" lon="23.5798068903386592864990234375">
        <ele>494.20001220703125</ele>
        <time>2022-06-11T08:31:40.000Z</time>
        <extensions>
          <ns3:TrackPointExtension>
            <ns3:hr>123</ns3:hr>
            <ns3:cad>65</ns3:cad>
          </ns3:TrackPointExtension>
        </extensions>
      </trkpt>
      <trkpt lat="46.38216636143624782562255859375" lon="23.57977193780243396759033203125">
        <ele>494.79998779296875</ele>
        <time>2022-06-11T08:31:44.000Z</time>
        <extensions>
          <ns3:TrackPointExtension>
            <ns3:hr>123</ns3:hr>
            <ns3:cad>77</ns3:cad>
          </ns3:TrackPointExtension>
        </extensions>
      </trkpt>
      <trkpt lat="46.38215102255344390869140625" lon="23.5797401703894138336181640625">
        <ele>496</ele>
        <time>2022-06-11T08:31:49.000Z</time>
        <extensions>
          <ns3:TrackPointExtension>
            <ns3:hr>123</ns3:hr>
            <ns3:cad>0</ns3:cad>
          </ns3:TrackPointExtension>
        </extensions>
      </trkpt>
      <trkpt lat="46.382148675620555877685546875" lon="23.57973673380911350250244140625">
        <ele>496</ele>
        <time>2022-06-11T08:31:50.000Z</time>
        <extensions>
          <ns3:TrackPointExtension>
            <ns3:hr>123</ns3:hr>
            <ns3:cad>0</ns3:cad>
          </ns3:TrackPointExtension>
        </extensions>
      </trkpt>
      <trkpt lat="46.38214163482189178466796875" lon="23.57972701080143451690673828125">
        <ele>497.20001220703125</ele>
        <time>2022-06-11T08:31:54.000Z</time>
        <extensions>
          <ns3:TrackPointExtension>
            <ns3:hr>124</ns3:hr>
            <ns3:cad>67</ns3:cad>
          </ns3:TrackPointExtension>
        </extensions>
      </trkpt>
      <trkpt lat="46.3821374438703060150146484375" lon="23.57969901524484157562255859375">
        <ele>498.399993896484375</ele>
        <time>2022-06-11T08:31:59.000Z</time>
        <extensions>
          <ns3:TrackPointExtension>
            <ns3:hr>123</ns3:hr>
            <ns3:cad>71</ns3:cad>
          </ns3:TrackPointExtension>
        </extensions>
      </trkpt>
      <trkpt lat="46.3821344263851642608642578125" lon="23.5796660743653774261474609375">
        <ele>499</ele>
        <time>2022-06-11T08:32:02.000Z</time>
        <extensions>
          <ns3:TrackPointExtension>
            <ns3:hr>125</ns3:hr>
            <ns3:cad>77</ns3:cad>
          </ns3:TrackPointExtension>
        </extensions>
      </trkpt>
      <trkpt lat="46.3821361027657985687255859375" lon="23.57964813709259033203125">
        <ele>499.399993896484375</ele>
        <time>2022-06-11T08:32:05.000Z</time>
        <extensions>
          <ns3:TrackPointExtension>
            <ns3:hr>125</ns3:hr>
            <ns3:cad>79</ns3:cad>
          </ns3:TrackPointExtension>
        </extensions>
      </trkpt>
      <trkpt lat="46.3821156509220600128173828125" lon="23.579623997211456298828125">
        <ele>500.600006103515625</ele>
        <time>2022-06-11T08:32:10.000Z</time>
        <extensions>
          <ns3:TrackPointExtension>
            <ns3:hr>127</ns3:hr>
            <ns3:cad>74</ns3:cad>
          </ns3:TrackPointExtension>
        </extensions>
      </trkpt>
      <trkpt lat="46.3821248710155487060546875" lon="23.57962039299309253692626953125">
        <ele>501.20001220703125</ele>
        <time>2022-06-11T08:32:12.000Z</time>
        <extensions>
          <ns3:TrackPointExtension>
            <ns3:hr>127</ns3:hr>
            <ns3:cad>74</ns3:cad>
          </ns3:TrackPointExtension>
        </extensions>
      </trkpt>
      <trkpt lat="46.3821179978549480438232421875" lon="23.57960144989192485809326171875">
        <ele>501.79998779296875</ele>
        <time>2022-06-11T08:32:15.000Z</time>
        <extensions>
          <ns3:TrackPointExtension>
            <ns3:hr>127</ns3:hr>
            <ns3:cad>78</ns3:cad>
          </ns3:TrackPointExtension>
        </extensions>
      </trkpt>
      <trkpt lat="46.38210676610469818115234375" lon="23.5795892961323261260986328125">
        <ele>502.79998779296875</ele>
        <time>2022-06-11T08:32:19.000Z</time>
        <extensions>
          <ns3:TrackPointExtension>
            <ns3:hr>127</ns3:hr>
            <ns3:cad>77</ns3:cad>
          </ns3:TrackPointExtension>
        </extensions>
      </trkpt>
      <trkpt lat="46.38210584409534931182861328125" lon="23.57954378239810466766357421875">
        <ele>504</ele>
        <time>2022-06-11T08:32:24.000Z</time>
        <extensions>
          <ns3:TrackPointExtension>
            <ns3:hr>127</ns3:hr>
            <ns3:cad>77</ns3:cad>
          </ns3:TrackPointExtension>
        </extensions>
      </trkpt>
      <trkpt lat="46.38210534118115901947021484375" lon="23.57949231751263141632080078125">
        <ele>505</ele>
        <time>2022-06-11T08:32:30.000Z</time>
        <extensions>
          <ns3:TrackPointExtension>
            <ns3:hr>125</ns3:hr>
            <ns3:cad>77</ns3:cad>
          </ns3:TrackPointExtension>
        </extensions>
      </trkpt>
      <trkpt lat="46.3820998929440975189208984375" lon="23.5794558562338352203369140625">
        <ele>506.20001220703125</ele>
        <time>2022-06-11T08:32:35.000Z</time>
        <extensions>
          <ns3:TrackPointExtension>
            <ns3:hr>126</ns3:hr>
            <ns3:cad>43</ns3:cad>
          </ns3:TrackPointExtension>
        </extensions>
      </trkpt>
      <trkpt lat="46.3820962049067020416259765625" lon="23.57944973744451999664306640625">
        <ele>506.600006103515625</ele>
        <time>2022-06-11T08:32:37.000Z</time>
        <extensions>
          <ns3:TrackPointExtension>
            <ns3:hr>129</ns3:hr>
            <ns3:cad>43</ns3:cad>
          </ns3:TrackPointExtension>
        </extensions>
      </trkpt>
      <trkpt lat="46.3820884935557842254638671875" lon="23.5794374160468578338623046875">
        <ele>507</ele>
        <time>2022-06-11T08:32:39.000Z</time>
        <extensions>
          <ns3:TrackPointExtension>
            <ns3:hr>130</ns3:hr>
            <ns3:cad>43</ns3:cad>
          </ns3:TrackPointExtension>
        </extensions>
      </trkpt>
      <trkpt lat="46.38208589516580104827880859375" lon="23.57943263836205005645751953125">
        <ele>507.20001220703125</ele>
        <time>2022-06-11T08:32:40.000Z</time>
        <extensions>
          <ns3:TrackPointExtension>
            <ns3:hr>131</ns3:hr>
            <ns3:cad>43</ns3:cad>
          </ns3:TrackPointExtension>
        </extensions>
      </trkpt>
      <trkpt lat="46.3820854760706424713134765625" lon="23.57941470108926296234130859375">
        <ele>508.20001220703125</ele>
        <time>2022-06-11T08:32:44.000Z</time>
        <extensions>
          <ns3:TrackPointExtension>
            <ns3:hr>131</ns3:hr>
            <ns3:cad>60</ns3:cad>
          </ns3:TrackPointExtension>
        </extensions>
      </trkpt>
      <trkpt lat="46.382080614566802978515625" lon="23.57939458452165126800537109375">
        <ele>509</ele>
        <time>2022-06-11T08:32:48.000Z</time>
        <extensions>
          <ns3:TrackPointExtension>
            <ns3:hr>133</ns3:hr>
            <ns3:cad>71</ns3:cad>
          </ns3:TrackPointExtension>
        </extensions>
      </trkpt>
      <trkpt lat="46.38207860291004180908203125" lon="23.57939123176038265228271484375">
        <ele>509.399993896484375</ele>
        <time>2022-06-11T08:32:49.000Z</time>
        <extensions>
          <ns3:TrackPointExtension>
            <ns3:hr>134</ns3:hr>
            <ns3:cad>71</ns3:cad>
          </ns3:TrackPointExtension>
        </extensions>
      </trkpt>
      <trkpt lat="46.38208002783358097076416015625" lon="23.5793626494705677032470703125">
        <ele>510.600006103515625</ele>
        <time>2022-06-11T08:32:54.000Z</time>
        <extensions>
          <ns3:TrackPointExtension>
            <ns3:hr>134</ns3:hr>
            <ns3:cad>0</ns3:cad>
          </ns3:TrackPointExtension>
        </extensions>
      </trkpt>
      <trkpt lat="46.382080614566802978515625" lon="23.57935569249093532562255859375">
        <ele>510.600006103515625</ele>
        <time>2022-06-11T08:32:55.000Z</time>
        <extensions>
          <ns3:TrackPointExtension>
            <ns3:hr>134</ns3:hr>
            <ns3:cad>0</ns3:cad>
          </ns3:TrackPointExtension>
        </extensions>
      </trkpt>
      <trkpt lat="46.38207348994910717010498046875" lon="23.5793341509997844696044921875">
        <ele>511.79998779296875</ele>
        <time>2022-06-11T08:33:01.000Z</time>
        <extensions>
          <ns3:TrackPointExtension>
            <ns3:hr>132</ns3:hr>
            <ns3:cad>0</ns3:cad>
          </ns3:TrackPointExtension>
        </extensions>
      </trkpt>
      <trkpt lat="46.38206175528466701507568359375" lon="23.579311184585094451904296875">
        <ele>512.5999755859375</ele>
        <time>2022-06-11T08:33:07.000Z</time>
        <extensions>
          <ns3:TrackPointExtension>
            <ns3:hr>129</ns3:hr>
            <ns3:cad>0</ns3:cad>
          </ns3:TrackPointExtension>
        </extensions>
      </trkpt>
      <trkpt lat="46.3820610009133815765380859375" lon="23.57930573634803295135498046875">
        <ele>512.79998779296875</ele>
        <time>2022-06-11T08:33:08.000Z</time>
        <extensions>
          <ns3:TrackPointExtension>
            <ns3:hr>128</ns3:hr>
            <ns3:cad>0</ns3:cad>
          </ns3:TrackPointExtension>
        </extensions>
      </trkpt>
      <trkpt lat="46.38206175528466701507568359375" lon="23.579301126301288604736328125">
        <ele>512.79998779296875</ele>
        <time>2022-06-11T08:33:09.000Z</time>
        <extensions>
          <ns3:TrackPointExtension>
            <ns3:hr>127</ns3:hr>
            <ns3:cad>0</ns3:cad>
          </ns3:TrackPointExtension>
        </extensions>
      </trkpt>
      <trkpt lat="46.382053792476654052734375" lon="23.579271622002124786376953125">
        <ele>514</ele>
        <time>2022-06-11T08:33:16.000Z</time>
        <extensions>
          <ns3:TrackPointExtension>
            <ns3:hr>126</ns3:hr>
            <ns3:cad>65</ns3:cad>
          </ns3:TrackPointExtension>
        </extensions>
      </trkpt>
      <trkpt lat="46.38205111026763916015625" lon="23.57925611548125743865966796875">
        <ele>514.20001220703125</ele>
        <time>2022-06-11T08:33:19.000Z</time>
        <extensions>
          <ns3:TrackPointExtension>
            <ns3:hr>129</ns3:hr>
            <ns3:cad>0</ns3:cad>
          </ns3:TrackPointExtension>
        </extensions>
      </trkpt>
      <trkpt lat="46.38203593902289867401123046875" lon="23.57923666946589946746826171875">
        <ele>515</ele>
        <time>2022-06-11T08:33:26.000Z</time>
        <extensions>
          <ns3:TrackPointExtension>
            <ns3:hr>128</ns3:hr>
            <ns3:cad>54</ns3:cad>
          </ns3:TrackPointExtension>
        </extensions>
      </trkpt>
      <trkpt lat="46.38203208334743976593017578125" lon="23.57922501862049102783203125">
        <ele>515.5999755859375</ele>
        <time>2022-06-11T08:33:30.000Z</time>
        <extensions>
          <ns3:TrackPointExtension>
            <ns3:hr>128</ns3:hr>
            <ns3:cad>0</ns3:cad>
          </ns3:TrackPointExtension>
        </extensions>
      </trkpt>
      <trkpt lat="46.38202839531004428863525390625" lon="23.57921470887959003448486328125">
        <ele>516</ele>
        <time>2022-06-11T08:33:33.000Z</time>
        <extensions>
          <ns3:TrackPointExtension>
            <ns3:hr>126</ns3:hr>
            <ns3:cad>0</ns3:cad>
          </ns3:TrackPointExtension>
        </extensions>
      </trkpt>
      <trkpt lat="46.38202671892940998077392578125" lon="23.57917380519211292266845703125">
        <ele>516.5999755859375</ele>
        <time>2022-06-11T08:33:38.000Z</time>
        <extensions>
          <ns3:TrackPointExtension>
            <ns3:hr>127</ns3:hr>
            <ns3:cad>0</ns3:cad>
          </ns3:TrackPointExtension>
        </extensions>
      </trkpt>
      <trkpt lat="46.38203325681388378143310546875" lon="23.57915620319545269012451171875">
        <ele>516.79998779296875</ele>
        <time>2022-06-11T08:33:41.000Z</time>
        <extensions>
          <ns3:TrackPointExtension>
            <ns3:hr>130</ns3:hr>
            <ns3:cad>64</ns3:cad>
          </ns3:TrackPointExtension>
        </extensions>
      </trkpt>
      <trkpt lat="46.38203510083258152008056640625" lon="23.57914899475872516632080078125">
        <ele>517</ele>
        <time>2022-06-11T08:33:44.000Z</time>
        <extensions>
          <ns3:TrackPointExtension>
            <ns3:hr>131</ns3:hr>
            <ns3:cad>66</ns3:cad>
          </ns3:TrackPointExtension>
        </extensions>
      </trkpt>
      <trkpt lat="46.38203526847064495086669921875" lon="23.57914455235004425048828125">
        <ele>517.20001220703125</ele>
        <time>2022-06-11T08:33:45.000Z</time>
        <extensions>
          <ns3:TrackPointExtension>
            <ns3:hr>131</ns3:hr>
            <ns3:cad>66</ns3:cad>
          </ns3:TrackPointExtension>
        </extensions>
      </trkpt>
      <trkpt lat="46.382062174379825592041015625" lon="23.579076491296291351318359375">
        <ele>517.79998779296875</ele>
        <time>2022-06-11T08:33:54.000Z</time>
        <extensions>
          <ns3:TrackPointExtension>
            <ns3:hr>131</ns3:hr>
            <ns3:cad>70</ns3:cad>
          </ns3:TrackPointExtension>
        </extensions>
      </trkpt>
      <trkpt lat="46.3820576481521129608154296875" lon="23.5790593922138214111328125">
        <ele>518.20001220703125</ele>
        <time>2022-06-11T08:33:59.000Z</time>
        <extensions>
          <ns3:TrackPointExtension>
            <ns3:hr>133</ns3:hr>
            <ns3:cad>0</ns3:cad>
          </ns3:TrackPointExtension>
        </extensions>
      </trkpt>
      <trkpt lat="46.38205538503825664520263671875" lon="23.57905813492834568023681640625">
        <ele>518.20001220703125</ele>
        <time>2022-06-11T08:34:00.000Z</time>
        <extensions>
          <ns3:TrackPointExtension>
            <ns3:hr>133</ns3:hr>
            <ns3:cad>50</ns3:cad>
          </ns3:TrackPointExtension>
        </extensions>
      </trkpt>
      <trkpt lat="46.3820496015250682830810546875" lon="23.5790401138365268707275390625">
        <ele>519.20001220703125</ele>
        <time>2022-06-11T08:34:08.000Z</time>
        <extensions>
          <ns3:TrackPointExtension>
            <ns3:hr>130</ns3:hr>
            <ns3:cad>0</ns3:cad>
          </ns3:TrackPointExtension>
        </extensions>
      </trkpt>
      <trkpt lat="46.38205236755311489105224609375" lon="23.5790464840829372406005859375">
        <ele>520.20001220703125</ele>
        <time>2022-06-11T08:34:19.000Z</time>
        <extensions>
          <ns3:TrackPointExtension>
            <ns3:hr>133</ns3:hr>
            <ns3:cad>0</ns3:cad>
          </ns3:TrackPointExtension>
        </extensions>
      </trkpt>
      <trkpt lat="46.382052116096019744873046875" lon="23.5790464840829372406005859375">
        <ele>520.4000244140625</ele>
        <time>2022-06-11T08:34:20.000Z</time>
        <extensions>
          <ns3:TrackPointExtension>
            <ns3:hr>133</ns3:hr>
            <ns3:cad>0</ns3:cad>
          </ns3:TrackPointExtension>
        </extensions>
      </trkpt>
      <trkpt lat="46.3820496015250682830810546875" lon="23.57904262840747833251953125">
        <ele>520.5999755859375</ele>
        <time>2022-06-11T08:34:24.000Z</time>
        <extensions>
          <ns3:TrackPointExtension>
            <ns3:hr>130</ns3:hr>
            <ns3:cad>0</ns3:cad>
          </ns3:TrackPointExtension>
        </extensions>
      </trkpt>
      <trkpt lat="46.3820482604205608367919921875" lon="23.5790394432842731475830078125">
        <ele>521</ele>
        <time>2022-06-11T08:34:26.000Z</time>
        <extensions>
          <ns3:TrackPointExtension>
            <ns3:hr>127</ns3:hr>
            <ns3:cad>62</ns3:cad>
          </ns3:TrackPointExtension>
        </extensions>
      </trkpt>
      <trkpt lat="46.38204717077314853668212890625" lon="23.5790374316275119781494140625">
        <ele>521.4000244140625</ele>
        <time>2022-06-11T08:34:28.000Z</time>
        <extensions>
          <ns3:TrackPointExtension>
            <ns3:hr>126</ns3:hr>
            <ns3:cad>62</ns3:cad>
          </ns3:TrackPointExtension>
        </extensions>
      </trkpt>
      <trkpt lat="46.3820368610322475433349609375" lon="23.5790226794779300689697265625">
        <ele>522.20001220703125</ele>
        <time>2022-06-11T08:34:32.000Z</time>
        <extensions>
          <ns3:TrackPointExtension>
            <ns3:hr>129</ns3:hr>
            <ns3:cad>60</ns3:cad>
          </ns3:TrackPointExtension>
        </extensions>
      </trkpt>
      <trkpt lat="46.38203225098550319671630859375" lon="23.57901438139379024505615234375">
        <ele>522.5999755859375</ele>
        <time>2022-06-11T08:34:35.000Z</time>
        <extensions>
          <ns3:TrackPointExtension>
            <ns3:hr>129</ns3:hr>
            <ns3:cad>0</ns3:cad>
          </ns3:TrackPointExtension>
        </extensions>
      </trkpt>
      <trkpt lat="46.38202168978750705718994140625" lon="23.5789911635220050811767578125">
        <ele>523.79998779296875</ele>
        <time>2022-06-11T08:34:42.000Z</time>
        <extensions>
          <ns3:TrackPointExtension>
            <ns3:hr>132</ns3:hr>
            <ns3:cad>57</ns3:cad>
          </ns3:TrackPointExtension>
        </extensions>
      </trkpt>
      <trkpt lat="46.3820175826549530029296875" lon="23.57895570807158946990966796875">
        <ele>524.79998779296875</ele>
        <time>2022-06-11T08:34:49.000Z</time>
        <extensions>
          <ns3:TrackPointExtension>
            <ns3:hr>135</ns3:hr>
            <ns3:cad>62</ns3:cad>
          </ns3:TrackPointExtension>
        </extensions>
      </trkpt>
      <trkpt lat="46.382017247378826141357421875" lon="23.5789512656629085540771484375">
        <ele>524.79998779296875</ele>
        <time>2022-06-11T08:34:50.000Z</time>
        <extensions>
          <ns3:TrackPointExtension>
            <ns3:hr>135</ns3:hr>
            <ns3:cad>0</ns3:cad>
          </ns3:TrackPointExtension>
        </extensions>
      </trkpt>
      <trkpt lat="46.38201112858951091766357421875" lon="23.57893089763820171356201171875">
        <ele>525.79998779296875</ele>
        <time>2022-06-11T08:34:58.000Z</time>
        <extensions>
          <ns3:TrackPointExtension>
            <ns3:hr>136</ns3:hr>
            <ns3:cad>0</ns3:cad>
          </ns3:TrackPointExtension>
        </extensions>
      </trkpt>
      <trkpt lat="46.38200844638049602508544921875" lon="23.57889167033135890960693359375">
        <ele>527</ele>
        <time>2022-06-11T08:35:07.000Z</time>
        <extensions>
          <ns3:TrackPointExtension>
            <ns3:hr>136</ns3:hr>
            <ns3:cad>0</ns3:cad>
          </ns3:TrackPointExtension>
        </extensions>
      </trkpt>
      <trkpt lat="46.38200542889535427093505859375" lon="23.57882847078144550323486328125">
        <ele>528</ele>
        <time>2022-06-11T08:35:23.000Z</time>
        <extensions>
          <ns3:TrackPointExtension>
            <ns3:hr>134</ns3:hr>
            <ns3:cad>0</ns3:cad>
          </ns3:TrackPointExtension>
        </extensions>
      </trkpt>
      <trkpt lat="46.38200392015278339385986328125" lon="23.57876895926892757415771484375">
        <ele>529.20001220703125</ele>
        <time>2022-06-11T08:35:33.000Z</time>
        <extensions>
          <ns3:TrackPointExtension>
            <ns3:hr>134</ns3:hr>
            <ns3:cad>0</ns3:cad>
          </ns3:TrackPointExtension>
        </extensions>
      </trkpt>
      <trkpt lat="46.3820033334195613861083984375" lon="23.578752614557743072509765625">
        <ele>530.20001220703125</ele>
        <time>2022-06-11T08:35:38.000Z</time>
        <extensions>
          <ns3:TrackPointExtension>
            <ns3:hr>134</ns3:hr>
            <ns3:cad>0</ns3:cad>
          </ns3:TrackPointExtension>
        </extensions>
      </trkpt>
      <trkpt lat="46.381997130811214447021484375" lon="23.5787286423146724700927734375">
        <ele>531.4000244140625</ele>
        <time>2022-06-11T08:35:45.000Z</time>
        <extensions>
          <ns3:TrackPointExtension>
            <ns3:hr>133</ns3:hr>
            <ns3:cad>0</ns3:cad>
          </ns3:TrackPointExtension>
        </extensions>
      </trkpt>
      <trkpt lat="46.3819989748299121856689453125" lon="23.57861707918345928192138671875">
        <ele>532.4000244140625</ele>
        <time>2022-06-11T08:36:11.000Z</time>
        <extensions>
          <ns3:TrackPointExtension>
            <ns3:hr>132</ns3:hr>
            <ns3:cad>0</ns3:cad>
          </ns3:TrackPointExtension>
        </extensions>
      </trkpt>
      <trkpt lat="46.38201381079852581024169921875" lon="23.57852638699114322662353515625">
        <ele>533.4000244140625</ele>
        <time>2022-06-11T08:36:28.000Z</time>
        <extensions>
          <ns3:TrackPointExtension>
            <ns3:hr>135</ns3:hr>
            <ns3:cad>59</ns3:cad>
          </ns3:TrackPointExtension>
        </extensions>
      </trkpt>
      <trkpt lat="46.38201397843658924102783203125" lon="23.57849772088229656219482421875">
        <ele>534.20001220703125</ele>
        <time>2022-06-11T08:36:33.000Z</time>
        <extensions>
          <ns3:TrackPointExtension>
            <ns3:hr>132</ns3:hr>
            <ns3:cad>55</ns3:cad>
          </ns3:TrackPointExtension>
        </extensions>
      </trkpt>
      <trkpt lat="46.382013894617557525634765625" lon="23.57848933897912502288818359375">
        <ele>534.4000244140625</ele>
        <time>2022-06-11T08:36:35.000Z</time>
        <extensions>
          <ns3:TrackPointExtension>
            <ns3:hr>129</ns3:hr>
            <ns3:cad>55</ns3:cad>
          </ns3:TrackPointExtension>
        </extensions>
      </trkpt>
      <trkpt lat="46.38201381079852581024169921875" lon="23.57848514802753925323486328125">
        <ele>534.4000244140625</ele>
        <time>2022-06-11T08:36:36.000Z</time>
        <extensions>
          <ns3:TrackPointExtension>
            <ns3:hr>128</ns3:hr>
            <ns3:cad>55</ns3:cad>
          </ns3:TrackPointExtension>
        </extensions>
      </trkpt>
      <trkpt lat="46.38201330788433551788330078125" lon="23.57845631428062915802001953125">
        <ele>535</ele>
        <time>2022-06-11T08:36:42.000Z</time>
        <extensions>
          <ns3:TrackPointExtension>
            <ns3:hr>131</ns3:hr>
            <ns3:cad>0</ns3:cad>
          </ns3:TrackPointExtension>
        </extensions>
      </trkpt>
      <trkpt lat="46.38200107030570507049560546875" lon="23.57841256074607372283935546875">
        <ele>535.5999755859375</ele>
        <time>2022-06-11T08:36:50.000Z</time>
        <extensions>
          <ns3:TrackPointExtension>
            <ns3:hr>131</ns3:hr>
            <ns3:cad>0</ns3:cad>
          </ns3:TrackPointExtension>
        </extensions>
      </trkpt>
      <trkpt lat="46.38199813663959503173828125" lon="23.57839764095842838287353515625">
        <ele>536.4000244140625</ele>
        <time>2022-06-11T08:36:54.000Z</time>
        <extensions>
          <ns3:TrackPointExtension>
            <ns3:hr>128</ns3:hr>
            <ns3:cad>0</ns3:cad>
          </ns3:TrackPointExtension>
        </extensions>
      </trkpt>
      <trkpt lat="46.38199771754443645477294921875" lon="23.57839353382587432861328125">
        <ele>536.5999755859375</ele>
        <time>2022-06-11T08:36:55.000Z</time>
        <extensions>
          <ns3:TrackPointExtension>
            <ns3:hr>128</ns3:hr>
            <ns3:cad>0</ns3:cad>
          </ns3:TrackPointExtension>
        </extensions>
      </trkpt>
      <trkpt lat="46.38199604116380214691162109375" lon="23.578350953757762908935546875">
        <ele>537.4000244140625</ele>
        <time>2022-06-11T08:37:06.000Z</time>
        <extensions>
          <ns3:TrackPointExtension>
            <ns3:hr>131</ns3:hr>
            <ns3:cad>0</ns3:cad>
          </ns3:TrackPointExtension>
        </extensions>
      </trkpt>
      <trkpt lat="46.3819959573447704315185546875" lon="23.57834500260651111602783203125">
        <ele>537.5999755859375</ele>
        <time>2022-06-11T08:37:08.000Z</time>
        <extensions>
          <ns3:TrackPointExtension>
            <ns3:hr>134</ns3:hr>
            <ns3:cad>0</ns3:cad>
          </ns3:TrackPointExtension>
        </extensions>
      </trkpt>
      <trkpt lat="46.38199604116380214691162109375" lon="23.578339554369449615478515625">
        <ele>538</ele>
        <time>2022-06-11T08:37:10.000Z</time>
        <extensions>
          <ns3:TrackPointExtension>
            <ns3:hr>134</ns3:hr>
            <ns3:cad>0</ns3:cad>
          </ns3:TrackPointExtension>
        </extensions>
      </trkpt>
      <trkpt lat="46.38199855573475360870361328125" lon="23.57832270674407482147216796875">
        <ele>538.79998779296875</ele>
        <time>2022-06-11T08:37:16.000Z</time>
        <extensions>
          <ns3:TrackPointExtension>
            <ns3:hr>131</ns3:hr>
            <ns3:cad>0</ns3:cad>
          </ns3:TrackPointExtension>
        </extensions>
      </trkpt>
      <trkpt lat="46.38200056739151477813720703125" lon="23.5783179290592670440673828125">
        <ele>539</ele>
        <time>2022-06-11T08:37:19.000Z</time>
        <extensions>
          <ns3:TrackPointExtension>
            <ns3:hr>128</ns3:hr>
            <ns3:cad>0</ns3:cad>
          </ns3:TrackPointExtension>
        </extensions>
      </trkpt>
      <trkpt lat="46.38200274668633937835693359375" lon="23.57831264846026897430419921875">
        <ele>539.5999755859375</ele>
        <time>2022-06-11T08:37:23.000Z</time>
        <extensions>
          <ns3:TrackPointExtension>
            <ns3:hr>131</ns3:hr>
            <ns3:cad>0</ns3:cad>
          </ns3:TrackPointExtension>
        </extensions>
      </trkpt>
      <trkpt lat="46.38200442306697368621826171875" lon="23.57830644585192203521728515625">
        <ele>540</ele>
        <time>2022-06-11T08:37:28.000Z</time>
        <extensions>
          <ns3:TrackPointExtension>
            <ns3:hr>132</ns3:hr>
            <ns3:cad>0</ns3:cad>
          </ns3:TrackPointExtension>
        </extensions>
      </trkpt>
      <trkpt lat="46.3820046745240688323974609375" lon="23.5783025063574314117431640625">
        <ele>541</ele>
        <time>2022-06-11T08:37:37.000Z</time>
        <extensions>
          <ns3:TrackPointExtension>
            <ns3:hr>131</ns3:hr>
            <ns3:cad>56</ns3:cad>
          </ns3:TrackPointExtension>
        </extensions>
      </trkpt>
      <trkpt lat="46.382004506886005401611328125" lon="23.57829990796744823455810546875">
        <ele>542.20001220703125</ele>
        <time>2022-06-11T08:37:43.000Z</time>
        <extensions>
          <ns3:TrackPointExtension>
            <ns3:hr>131</ns3:hr>
            <ns3:cad>0</ns3:cad>
          </ns3:TrackPointExtension>
        </extensions>
      </trkpt>
      <trkpt lat="46.3820029981434345245361328125" lon="23.5782064497470855712890625">
        <ele>543.20001220703125</ele>
        <time>2022-06-11T08:37:50.000Z</time>
        <extensions>
          <ns3:TrackPointExtension>
            <ns3:hr>131</ns3:hr>
            <ns3:cad>0</ns3:cad>
          </ns3:TrackPointExtension>
        </extensions>
      </trkpt>
      <trkpt lat="46.3820053450763225555419921875" lon="23.57811030931770801544189453125">
        <ele>543.4000244140625</ele>
        <time>2022-06-11T08:37:55.000Z</time>
        <extensions>
          <ns3:TrackPointExtension>
            <ns3:hr>129</ns3:hr>
            <ns3:cad>0</ns3:cad>
          </ns3:TrackPointExtension>
        </extensions>
      </trkpt>
      <trkpt lat="46.3821823708713054656982421875" lon="23.57815741561353206634521484375">
        <ele>543.20001220703125</ele>
        <time>2022-06-11T08:38:10.000Z</time>
        <extensions>
          <ns3:TrackPointExtension>
            <ns3:hr>132</ns3:hr>
            <ns3:cad>0</ns3:cad>
          </ns3:TrackPointExtension>
        </extensions>
      </trkpt>
      <trkpt lat="46.382174827158451080322265625" lon="23.57815523631870746612548828125">
        <ele>542.79998779296875</ele>
        <time>2022-06-11T08:38:15.000Z</time>
        <extensions>
          <ns3:TrackPointExtension>
            <ns3:hr>132</ns3:hr>
            <ns3:cad>0</ns3:cad>
          </ns3:TrackPointExtension>
        </extensions>
      </trkpt>
      <trkpt lat="46.38216082938015460968017578125" lon="23.57816562987864017486572265625">
        <ele>542.79998779296875</ele>
        <time>2022-06-11T08:38:17.000Z</time>
        <extensions>
          <ns3:TrackPointExtension>
            <ns3:hr>132</ns3:hr>
            <ns3:cad>0</ns3:cad>
          </ns3:TrackPointExtension>
        </extensions>
      </trkpt>
      <trkpt lat="46.38217256404459476470947265625" lon="23.578173927962779998779296875">
        <ele>542.79998779296875</ele>
        <time>2022-06-11T08:38:19.000Z</time>
        <extensions>
          <ns3:TrackPointExtension>
            <ns3:hr>132</ns3:hr>
            <ns3:cad>0</ns3:cad>
          </ns3:TrackPointExtension>
        </extensions>
      </trkpt>
      <trkpt lat="46.38218832202255725860595703125" lon="23.5781848244369029998779296875">
        <ele>543.4000244140625</ele>
        <time>2022-06-11T08:38:26.000Z</time>
        <extensions>
          <ns3:TrackPointExtension>
            <ns3:hr>132</ns3:hr>
            <ns3:cad>0</ns3:cad>
          </ns3:TrackPointExtension>
        </extensions>
      </trkpt>
      <trkpt lat="46.382193267345428466796875" lon="23.5781828127801418304443359375">
        <ele>543</ele>
        <time>2022-06-11T08:38:44.000Z</time>
        <extensions>
          <ns3:TrackPointExtension>
            <ns3:hr>129</ns3:hr>
            <ns3:cad>0</ns3:cad>
          </ns3:TrackPointExtension>
        </extensions>
      </trkpt>
      <trkpt lat="46.38219259679317474365234375" lon="23.5781814716756343841552734375">
        <ele>542.79998779296875</ele>
        <time>2022-06-11T08:38:51.000Z</time>
        <extensions>
          <ns3:TrackPointExtension>
            <ns3:hr>126</ns3:hr>
            <ns3:cad>0</ns3:cad>
          </ns3:TrackPointExtension>
        </extensions>
      </trkpt>
      <trkpt lat="46.3821914233267307281494140625" lon="23.5781771130859851837158203125">
        <ele>542.79998779296875</ele>
        <time>2022-06-11T08:38:54.000Z</time>
        <extensions>
          <ns3:TrackPointExtension>
            <ns3:hr>123</ns3:hr>
            <ns3:cad>0</ns3:cad>
          </ns3:TrackPointExtension>
        </extensions>
      </trkpt>
      <trkpt lat="46.38219066895544528961181640625" lon="23.5781751014292240142822265625">
        <ele>542.79998779296875</ele>
        <time>2022-06-11T08:38:56.000Z</time>
        <extensions>
          <ns3:TrackPointExtension>
            <ns3:hr>120</ns3:hr>
            <ns3:cad>0</ns3:cad>
          </ns3:TrackPointExtension>
        </extensions>
      </trkpt>
      <trkpt lat="46.382188238203525543212890625" lon="23.5781740956008434295654296875">
        <ele>542.5999755859375</ele>
        <time>2022-06-11T08:38:58.000Z</time>
        <extensions>
          <ns3:TrackPointExtension>
            <ns3:hr>117</ns3:hr>
            <ns3:cad>0</ns3:cad>
          </ns3:TrackPointExtension>
        </extensions>
      </trkpt>
      <trkpt lat="46.382182873785495758056640625" lon="23.5781647078692913055419921875">
        <ele>543</ele>
        <time>2022-06-11T08:39:00.000Z</time>
        <extensions>
          <ns3:TrackPointExtension>
            <ns3:hr>114</ns3:hr>
            <ns3:cad>0</ns3:cad>
          </ns3:TrackPointExtension>
        </extensions>
      </trkpt>
      <trkpt lat="46.382174827158451080322265625" lon="23.57816177420318126678466796875">
        <ele>542.79998779296875</ele>
        <time>2022-06-11T08:39:04.000Z</time>
        <extensions>
          <ns3:TrackPointExtension>
            <ns3:hr>111</ns3:hr>
            <ns3:cad>0</ns3:cad>
          </ns3:TrackPointExtension>
        </extensions>
      </trkpt>
      <trkpt lat="46.3821709714829921722412109375" lon="23.57815942727029323577880859375">
        <ele>542.79998779296875</ele>
        <time>2022-06-11T08:39:09.000Z</time>
        <extensions>
          <ns3:TrackPointExtension>
            <ns3:hr>108</ns3:hr>
            <ns3:cad>0</ns3:cad>
          </ns3:TrackPointExtension>
        </extensions>
      </trkpt>
      <trkpt lat="46.3821436464786529541015625" lon="23.5781341977417469024658203125">
        <ele>542.79998779296875</ele>
        <time>2022-06-11T08:39:37.000Z</time>
        <extensions>
          <ns3:TrackPointExtension>
            <ns3:hr>111</ns3:hr>
            <ns3:cad>0</ns3:cad>
          </ns3:TrackPointExtension>
        </extensions>
      </trkpt>
      <trkpt lat="46.3821436464786529541015625" lon="23.57813009060919284820556640625">
        <ele>542.79998779296875</ele>
        <time>2022-06-11T08:39:39.000Z</time>
        <extensions>
          <ns3:TrackPointExtension>
            <ns3:hr>112</ns3:hr>
            <ns3:cad>0</ns3:cad>
          </ns3:TrackPointExtension>
        </extensions>
      </trkpt>
      <trkpt lat="46.38214104808866977691650390625" lon="23.57812405563890933990478515625">
        <ele>542.79998779296875</ele>
        <time>2022-06-11T08:39:56.000Z</time>
        <extensions>
          <ns3:TrackPointExtension>
            <ns3:hr>109</ns3:hr>
            <ns3:cad>0</ns3:cad>
          </ns3:TrackPointExtension>
        </extensions>
      </trkpt>
      <trkpt lat="46.3821355998516082763671875" lon="23.57812405563890933990478515625">
        <ele>542.79998779296875</ele>
        <time>2022-06-11T08:39:59.000Z</time>
        <extensions>
          <ns3:TrackPointExtension>
            <ns3:hr>106</ns3:hr>
            <ns3:cad>0</ns3:cad>
          </ns3:TrackPointExtension>
        </extensions>
      </trkpt>
      <trkpt lat="46.38213015161454677581787109375" lon="23.57812405563890933990478515625">
        <ele>542.79998779296875</ele>
        <time>2022-06-11T08:40:00.000Z</time>
        <extensions>
          <ns3:TrackPointExtension>
            <ns3:hr>106</ns3:hr>
            <ns3:cad>0</ns3:cad>
          </ns3:TrackPointExtension>
        </extensions>
      </trkpt>
      <trkpt lat="46.38210265897214412689208984375" lon="23.57812673784792423248291015625">
        <ele>542.79998779296875</ele>
        <time>2022-06-11T08:40:10.000Z</time>
        <extensions>
          <ns3:TrackPointExtension>
            <ns3:hr>103</ns3:hr>
            <ns3:cad>0</ns3:cad>
          </ns3:TrackPointExtension>
        </extensions>
      </trkpt>
      <trkpt lat="46.38209477998316287994384765625" lon="23.57812690548598766326904296875">
        <ele>542.79998779296875</ele>
        <time>2022-06-11T08:40:17.000Z</time>
        <extensions>
          <ns3:TrackPointExtension>
            <ns3:hr>100</ns3:hr>
            <ns3:cad>0</ns3:cad>
          </ns3:TrackPointExtension>
        </extensions>
      </trkpt>
      <trkpt lat="46.38209360651671886444091796875" lon="23.57812690548598766326904296875">
        <ele>542.79998779296875</ele>
        <time>2022-06-11T08:40:26.000Z</time>
        <extensions>
          <ns3:TrackPointExtension>
            <ns3:hr>96</ns3:hr>
            <ns3:cad>0</ns3:cad>
          </ns3:TrackPointExtension>
        </extensions>
      </trkpt>
      <trkpt lat="46.3820935226976871490478515625" lon="23.57812690548598766326904296875">
        <ele>542.79998779296875</ele>
        <time>2022-06-11T08:40:28.000Z</time>
        <extensions>
          <ns3:TrackPointExtension>
            <ns3:hr>93</ns3:hr>
            <ns3:cad>0</ns3:cad>
          </ns3:TrackPointExtension>
        </extensions>
      </trkpt>
      <trkpt lat="46.38209343887865543365478515625" lon="23.57812673784792423248291015625">
        <ele>542.79998779296875</ele>
        <time>2022-06-11T08:40:30.000Z</time>
        <extensions>
          <ns3:TrackPointExtension>
            <ns3:hr>90</ns3:hr>
            <ns3:cad>0</ns3:cad>
          </ns3:TrackPointExtension>
        </extensions>
      </trkpt>
      <trkpt lat="46.382093019783496856689453125" lon="23.5781254805624485015869140625">
        <ele>542.79998779296875</ele>
        <time>2022-06-11T08:40:37.000Z</time>
        <extensions>
          <ns3:TrackPointExtension>
            <ns3:hr>93</ns3:hr>
            <ns3:cad>0</ns3:cad>
          </ns3:TrackPointExtension>
        </extensions>
      </trkpt>
      <trkpt lat="46.38209343887865543365478515625" lon="23.5781204514205455780029296875">
        <ele>542.79998779296875</ele>
        <time>2022-06-11T08:40:41.000Z</time>
        <extensions>
          <ns3:TrackPointExtension>
            <ns3:hr>96</ns3:hr>
            <ns3:cad>0</ns3:cad>
          </ns3:TrackPointExtension>
        </extensions>
      </trkpt>
      <trkpt lat="46.382093019783496856689453125" lon="23.57811785303056240081787109375">
        <ele>542.79998779296875</ele>
        <time>2022-06-11T08:40:53.000Z</time>
        <extensions>
          <ns3:TrackPointExtension>
            <ns3:hr>93</ns3:hr>
            <ns3:cad>0</ns3:cad>
          </ns3:TrackPointExtension>
        </extensions>
      </trkpt>
      <trkpt lat="46.38209335505962371826171875" lon="23.57808834873139858245849609375">
        <ele>542.79998779296875</ele>
        <time>2022-06-11T08:41:18.000Z</time>
        <extensions>
          <ns3:TrackPointExtension>
            <ns3:hr>97</ns3:hr>
            <ns3:cad>0</ns3:cad>
          </ns3:TrackPointExtension>
        </extensions>
      </trkpt>
      <trkpt lat="46.3821086101233959197998046875" lon="23.57807929627597332000732421875">
        <ele>542.79998779296875</ele>
        <time>2022-06-11T08:41:31.000Z</time>
        <extensions>
          <ns3:TrackPointExtension>
            <ns3:hr>97</ns3:hr>
            <ns3:cad>0</ns3:cad>
          </ns3:TrackPointExtension>
        </extensions>
      </trkpt>
      <trkpt lat="46.38214389793574810028076171875" lon="23.5780684836208820343017578125">
        <ele>542.79998779296875</ele>
        <time>2022-06-11T08:41:38.000Z</time>
        <extensions>
          <ns3:TrackPointExtension>
            <ns3:hr>98</ns3:hr>
            <ns3:cad>0</ns3:cad>
          </ns3:TrackPointExtension>
        </extensions>
      </trkpt>
      <trkpt lat="46.38214163482189178466796875" lon="23.57806806452572345733642578125">
        <ele>542.79998779296875</ele>
        <time>2022-06-11T08:41:42.000Z</time>
        <extensions>
          <ns3:TrackPointExtension>
            <ns3:hr>95</ns3:hr>
            <ns3:cad>0</ns3:cad>
          </ns3:TrackPointExtension>
        </extensions>
      </trkpt>
      <trkpt lat="46.382142640650272369384765625" lon="23.57806856743991374969482421875">
        <ele>542.79998779296875</ele>
        <time>2022-06-11T08:41:46.000Z</time>
        <extensions>
          <ns3:TrackPointExtension>
            <ns3:hr>96</ns3:hr>
            <ns3:cad>0</ns3:cad>
          </ns3:TrackPointExtension>
        </extensions>
      </trkpt>
      <trkpt lat="46.382142640650272369384765625" lon="23.57806856743991374969482421875">
        <ele>542.79998779296875</ele>
        <time>2022-06-11T08:42:00.000Z</time>
        <extensions>
          <ns3:TrackPointExtension>
            <ns3:hr>99</ns3:hr>
            <ns3:cad>0</ns3:cad>
          </ns3:TrackPointExtension>
        </extensions>
      </trkpt>
      <trkpt lat="46.38214222155511379241943359375" lon="23.57806856743991374969482421875">
        <ele>542.79998779296875</ele>
        <time>2022-06-11T08:42:02.000Z</time>
        <extensions>
          <ns3:TrackPointExtension>
            <ns3:hr>102</ns3:hr>
            <ns3:cad>0</ns3:cad>
          </ns3:TrackPointExtension>
        </extensions>
      </trkpt>
      <trkpt lat="46.3821337558329105377197265625" lon="23.5780624486505985260009765625">
        <ele>542.79998779296875</ele>
        <time>2022-06-11T08:42:21.000Z</time>
        <extensions>
          <ns3:TrackPointExtension>
            <ns3:hr>99</ns3:hr>
            <ns3:cad>0</ns3:cad>
          </ns3:TrackPointExtension>
        </extensions>
      </trkpt>
      <trkpt lat="46.38212512247264385223388671875" lon="23.57806219719350337982177734375">
        <ele>542.79998779296875</ele>
        <time>2022-06-11T08:42:24.000Z</time>
        <extensions>
          <ns3:TrackPointExtension>
            <ns3:hr>91</ns3:hr>
            <ns3:cad>0</ns3:cad>
          </ns3:TrackPointExtension>
        </extensions>
      </trkpt>
      <trkpt lat="46.382122524082660675048828125" lon="23.57806219719350337982177734375">
        <ele>542.79998779296875</ele>
        <time>2022-06-11T08:42:25.000Z</time>
        <extensions>
          <ns3:TrackPointExtension>
            <ns3:hr>86</ns3:hr>
            <ns3:cad>0</ns3:cad>
          </ns3:TrackPointExtension>
        </extensions>
      </trkpt>
      <trkpt lat="46.38212093152105808258056640625" lon="23.5780621133744716644287109375">
        <ele>542.79998779296875</ele>
        <time>2022-06-11T08:42:27.000Z</time>
        <extensions>
          <ns3:TrackPointExtension>
            <ns3:hr>82</ns3:hr>
            <ns3:cad>0</ns3:cad>
          </ns3:TrackPointExtension>
        </extensions>
      </trkpt>
      <trkpt lat="46.3820603303611278533935546875" lon="23.57802414335310459136962890625">
        <ele>542.79998779296875</ele>
        <time>2022-06-11T08:42:59.000Z</time>
        <extensions>
          <ns3:TrackPointExtension>
            <ns3:hr>81</ns3:hr>
            <ns3:cad>0</ns3:cad>
          </ns3:TrackPointExtension>
        </extensions>
      </trkpt>
      <trkpt lat="46.3820482604205608367919921875" lon="23.57802045531570911407470703125">
        <ele>542.79998779296875</ele>
        <time>2022-06-11T08:43:05.000Z</time>
        <extensions>
          <ns3:TrackPointExtension>
            <ns3:hr>82</ns3:hr>
            <ns3:cad>0</ns3:cad>
          </ns3:TrackPointExtension>
        </extensions>
      </trkpt>
      <trkpt lat="46.382063515484333038330078125" lon="23.57802665792405605316162109375">
        <ele>542.79998779296875</ele>
        <time>2022-06-11T08:43:12.000Z</time>
        <extensions>
          <ns3:TrackPointExtension>
            <ns3:hr>86</ns3:hr>
            <ns3:cad>0</ns3:cad>
          </ns3:TrackPointExtension>
        </extensions>
      </trkpt>
      <trkpt lat="46.38207198120653629302978515625" lon="23.57802917249500751495361328125">
        <ele>542.79998779296875</ele>
        <time>2022-06-11T08:43:15.000Z</time>
        <extensions>
          <ns3:TrackPointExtension>
            <ns3:hr>89</ns3:hr>
            <ns3:cad>0</ns3:cad>
          </ns3:TrackPointExtension>
        </extensions>
      </trkpt>
      <trkpt lat="46.38207114301621913909912109375" lon="23.57803001068532466888427734375">
        <ele>542.79998779296875</ele>
        <time>2022-06-11T08:43:16.000Z</time>
        <extensions>
          <ns3:TrackPointExtension>
            <ns3:hr>92</ns3:hr>
            <ns3:cad>0</ns3:cad>
          </ns3:TrackPointExtension>
        </extensions>
      </trkpt>
      <trkpt lat="46.38206611387431621551513671875" lon="23.5780302621424198150634765625">
        <ele>542.79998779296875</ele>
        <time>2022-06-11T08:43:18.000Z</time>
        <extensions>
          <ns3:TrackPointExtension>
            <ns3:hr>97</ns3:hr>
            <ns3:cad>0</ns3:cad>
          </ns3:TrackPointExtension>
        </extensions>
      </trkpt>
      <trkpt lat="46.38206276111304759979248046875" lon="23.57802799902856349945068359375">
        <ele>542.79998779296875</ele>
        <time>2022-06-11T08:43:20.000Z</time>
        <extensions>
          <ns3:TrackPointExtension>
            <ns3:hr>100</ns3:hr>
            <ns3:cad>0</ns3:cad>
          </ns3:TrackPointExtension>
        </extensions>
      </trkpt>
      <trkpt lat="46.38206276111304759979248046875" lon="23.57802799902856349945068359375">
        <ele>542.79998779296875</ele>
        <time>2022-06-11T08:43:22.000Z</time>
        <extensions>
          <ns3:TrackPointExtension>
            <ns3:hr>105</ns3:hr>
            <ns3:cad>0</ns3:cad>
          </ns3:TrackPointExtension>
        </extensions>
      </trkpt>
      <trkpt lat="46.38204650022089481353759765625" lon="23.57799162156879901885986328125">
        <ele>542.79998779296875</ele>
        <time>2022-06-11T08:43:44.000Z</time>
        <extensions>
          <ns3:TrackPointExtension>
            <ns3:hr>108</ns3:hr>
            <ns3:cad>64</ns3:cad>
          </ns3:TrackPointExtension>
        </extensions>
      </trkpt>
      <trkpt lat="46.38202671892940998077392578125" lon="23.57796370983123779296875">
        <ele>542.79998779296875</ele>
        <time>2022-06-11T08:43:46.000Z</time>
        <extensions>
          <ns3:TrackPointExtension>
            <ns3:hr>109</ns3:hr>
            <ns3:cad>64</ns3:cad>
          </ns3:TrackPointExtension>
        </extensions>
      </trkpt>
      <trkpt lat="46.38198682107031345367431640625" lon="23.5779112391173839569091796875">
        <ele>542.79998779296875</ele>
        <time>2022-06-11T08:43:53.000Z</time>
        <extensions>
          <ns3:TrackPointExtension>
            <ns3:hr>109</ns3:hr>
            <ns3:cad>0</ns3:cad>
          </ns3:TrackPointExtension>
        </extensions>
      </trkpt>
      <trkpt lat="46.3819674588739871978759765625" lon="23.577906377613544464111328125">
        <ele>542.79998779296875</ele>
        <time>2022-06-11T08:43:55.000Z</time>
        <extensions>
          <ns3:TrackPointExtension>
            <ns3:hr>112</ns3:hr>
            <ns3:cad>0</ns3:cad>
          </ns3:TrackPointExtension>
        </extensions>
      </trkpt>
      <trkpt lat="46.38195329345762729644775390625" lon="23.577886931598186492919921875">
        <ele>542.79998779296875</ele>
        <time>2022-06-11T08:43:57.000Z</time>
        <extensions>
          <ns3:TrackPointExtension>
            <ns3:hr>112</ns3:hr>
            <ns3:cad>0</ns3:cad>
          </ns3:TrackPointExtension>
        </extensions>
      </trkpt>
      <trkpt lat="46.3819587416946887969970703125" lon="23.57786254025995731353759765625">
        <ele>542.79998779296875</ele>
        <time>2022-06-11T08:44:01.000Z</time>
        <extensions>
          <ns3:TrackPointExtension>
            <ns3:hr>113</ns3:hr>
            <ns3:cad>0</ns3:cad>
          </ns3:TrackPointExtension>
        </extensions>
      </trkpt>
      <trkpt lat="46.3819639384746551513671875" lon="23.577830605208873748779296875">
        <ele>542.79998779296875</ele>
        <time>2022-06-11T08:44:06.000Z</time>
        <extensions>
          <ns3:TrackPointExtension>
            <ns3:hr>113</ns3:hr>
            <ns3:cad>72</ns3:cad>
          </ns3:TrackPointExtension>
        </extensions>
      </trkpt>
      <trkpt lat="46.3819543831050395965576171875" lon="23.57780302874743938446044921875">
        <ele>542.79998779296875</ele>
        <time>2022-06-11T08:44:11.000Z</time>
        <extensions>
          <ns3:TrackPointExtension>
            <ns3:hr>109</ns3:hr>
            <ns3:cad>0</ns3:cad>
          </ns3:TrackPointExtension>
        </extensions>
      </trkpt>
      <trkpt lat="46.38197123073041439056396484375" lon="23.57779799960553646087646484375">
        <ele>542.79998779296875</ele>
        <time>2022-06-11T08:44:12.000Z</time>
        <extensions>
          <ns3:TrackPointExtension>
            <ns3:hr>114</ns3:hr>
            <ns3:cad>0</ns3:cad>
          </ns3:TrackPointExtension>
        </extensions>
      </trkpt>
      <trkpt lat="46.38194876722991466522216796875" lon="23.5777774639427661895751953125">
        <ele>542.79998779296875</ele>
        <time>2022-06-11T08:44:15.000Z</time>
        <extensions>
          <ns3:TrackPointExtension>
            <ns3:hr>117</ns3:hr>
            <ns3:cad>0</ns3:cad>
          </ns3:TrackPointExtension>
        </extensions>
      </trkpt>
      <trkpt lat="46.38193904422223567962646484375" lon="23.5777583532035350799560546875">
        <ele>542.79998779296875</ele>
        <time>2022-06-11T08:44:17.000Z</time>
        <extensions>
          <ns3:TrackPointExtension>
            <ns3:hr>121</ns3:hr>
            <ns3:cad>0</ns3:cad>
          </ns3:TrackPointExtension>
        </extensions>
      </trkpt>
      <trkpt lat="46.38193652965128421783447265625" lon="23.57774971984326839447021484375">
        <ele>552.5999755859375</ele>
        <time>2022-06-11T08:44:19.000Z</time>
        <extensions>
          <ns3:TrackPointExtension>
            <ns3:hr>123</ns3:hr>
            <ns3:cad>70</ns3:cad>
          </ns3:TrackPointExtension>
        </extensions>
      </trkpt>
      <trkpt lat="46.38193049468100070953369140625" lon="23.57773463241755962371826171875">
        <ele>552.5999755859375</ele>
        <time>2022-06-11T08:44:21.000Z</time>
        <extensions>
          <ns3:TrackPointExtension>
            <ns3:hr>123</ns3:hr>
            <ns3:cad>70</ns3:cad>
          </ns3:TrackPointExtension>
        </extensions>
      </trkpt>
      <trkpt lat="46.38196201063692569732666015625" lon="23.577719628810882568359375">
        <ele>553</ele>
        <time>2022-06-11T08:44:25.000Z</time>
        <extensions>
          <ns3:TrackPointExtension>
            <ns3:hr>123</ns3:hr>
            <ns3:cad>0</ns3:cad>
          </ns3:TrackPointExtension>
        </extensions>
      </trkpt>
      <trkpt lat="46.38197206892073154449462890625" lon="23.5776990093290805816650390625">
        <ele>553.5999755859375</ele>
        <time>2022-06-11T08:44:30.000Z</time>
        <extensions>
          <ns3:TrackPointExtension>
            <ns3:hr>124</ns3:hr>
            <ns3:cad>0</ns3:cad>
          </ns3:TrackPointExtension>
        </extensions>
      </trkpt>
      <trkpt lat="46.38197341002523899078369140625" lon="23.57769439928233623504638671875">
        <ele>553.79998779296875</ele>
        <time>2022-06-11T08:44:31.000Z</time>
        <extensions>
          <ns3:TrackPointExtension>
            <ns3:hr>124</ns3:hr>
            <ns3:cad>0</ns3:cad>
          </ns3:TrackPointExtension>
        </extensions>
      </trkpt>
      <trkpt lat="46.38197659514844417572021484375" lon="23.577649556100368499755859375">
        <ele>553.79998779296875</ele>
        <time>2022-06-11T08:44:36.000Z</time>
        <extensions>
          <ns3:TrackPointExtension>
            <ns3:hr>127</ns3:hr>
            <ns3:cad>0</ns3:cad>
          </ns3:TrackPointExtension>
        </extensions>
      </trkpt>
      <trkpt lat="46.381979025900363922119140625" lon="23.5776463709771633148193359375">
        <ele>553.79998779296875</ele>
        <time>2022-06-11T08:44:37.000Z</time>
        <extensions>
          <ns3:TrackPointExtension>
            <ns3:hr>127</ns3:hr>
            <ns3:cad>0</ns3:cad>
          </ns3:TrackPointExtension>
        </extensions>
      </trkpt>
      <trkpt lat="46.382015235722064971923828125" lon="23.57761225663125514984130859375">
        <ele>553.5999755859375</ele>
        <time>2022-06-11T08:44:42.000Z</time>
        <extensions>
          <ns3:TrackPointExtension>
            <ns3:hr>126</ns3:hr>
            <ns3:cad>0</ns3:cad>
          </ns3:TrackPointExtension>
        </extensions>
      </trkpt>
      <trkpt lat="46.3820452429354190826416015625" lon="23.5775907151401042938232421875">
        <ele>553.4000244140625</ele>
        <time>2022-06-11T08:44:46.000Z</time>
        <extensions>
          <ns3:TrackPointExtension>
            <ns3:hr>123</ns3:hr>
            <ns3:cad>0</ns3:cad>
          </ns3:TrackPointExtension>
        </extensions>
      </trkpt>
      <trkpt lat="46.38206142000854015350341796875" lon="23.57757546007633209228515625">
        <ele>553</ele>
        <time>2022-06-11T08:44:49.000Z</time>
        <extensions>
          <ns3:TrackPointExtension>
            <ns3:hr>123</ns3:hr>
            <ns3:cad>61</ns3:cad>
          </ns3:TrackPointExtension>
        </extensions>
      </trkpt>
      <trkpt lat="46.38209494762122631072998046875" lon="23.5775680840015411376953125">
        <ele>552.79998779296875</ele>
        <time>2022-06-11T08:44:54.000Z</time>
        <extensions>
          <ns3:TrackPointExtension>
            <ns3:hr>122</ns3:hr>
            <ns3:cad>56</ns3:cad>
          </ns3:TrackPointExtension>
        </extensions>
      </trkpt>
      <trkpt lat="46.38211824931204319000244140625" lon="23.5775390826165676116943359375">
        <ele>552.5999755859375</ele>
        <time>2022-06-11T08:44:58.000Z</time>
        <extensions>
          <ns3:TrackPointExtension>
            <ns3:hr>120</ns3:hr>
            <ns3:cad>56</ns3:cad>
          </ns3:TrackPointExtension>
        </extensions>
      </trkpt>
      <trkpt lat="46.38213333673775196075439453125" lon="23.57752122916281223297119140625">
        <ele>552.4000244140625</ele>
        <time>2022-06-11T08:45:02.000Z</time>
        <extensions>
          <ns3:TrackPointExtension>
            <ns3:hr>118</ns3:hr>
            <ns3:cad>56</ns3:cad>
          </ns3:TrackPointExtension>
        </extensions>
      </trkpt>
      <trkpt lat="46.3821407966315746307373046875" lon="23.5775142721831798553466796875">
        <ele>552.20001220703125</ele>
        <time>2022-06-11T08:45:04.000Z</time>
        <extensions>
          <ns3:TrackPointExtension>
            <ns3:hr>115</ns3:hr>
            <ns3:cad>42</ns3:cad>
          </ns3:TrackPointExtension>
        </extensions>
      </trkpt>
      <trkpt lat="46.3821424730122089385986328125" lon="23.57751779258251190185546875">
        <ele>552</ele>
        <time>2022-06-11T08:45:06.000Z</time>
        <extensions>
          <ns3:TrackPointExtension>
            <ns3:hr>111</ns3:hr>
            <ns3:cad>0</ns3:cad>
          </ns3:TrackPointExtension>
        </extensions>
      </trkpt>
      <trkpt lat="46.38214356265962123870849609375" lon="23.5775144398212432861328125">
        <ele>551.79998779296875</ele>
        <time>2022-06-11T08:45:08.000Z</time>
        <extensions>
          <ns3:TrackPointExtension>
            <ns3:hr>110</ns3:hr>
            <ns3:cad>0</ns3:cad>
          </ns3:TrackPointExtension>
        </extensions>
      </trkpt>
      <trkpt lat="46.38215236365795135498046875" lon="23.57750748284161090850830078125">
        <ele>551.5999755859375</ele>
        <time>2022-06-11T08:45:10.000Z</time>
        <extensions>
          <ns3:TrackPointExtension>
            <ns3:hr>110</ns3:hr>
            <ns3:cad>0</ns3:cad>
          </ns3:TrackPointExtension>
        </extensions>
      </trkpt>
      <trkpt lat="46.3821602426469326019287109375" lon="23.5775063931941986083984375">
        <ele>551.4000244140625</ele>
        <time>2022-06-11T08:45:15.000Z</time>
        <extensions>
          <ns3:TrackPointExtension>
            <ns3:hr>110</ns3:hr>
            <ns3:cad>0</ns3:cad>
          </ns3:TrackPointExtension>
        </extensions>
      </trkpt>
      <trkpt lat="46.382171809673309326171875" lon="23.57750798575580120086669921875">
        <ele>550.5999755859375</ele>
        <time>2022-06-11T08:45:20.000Z</time>
        <extensions>
          <ns3:TrackPointExtension>
            <ns3:hr>113</ns3:hr>
            <ns3:cad>0</ns3:cad>
          </ns3:TrackPointExtension>
        </extensions>
      </trkpt>
      <trkpt lat="46.3821753300726413726806640625" lon="23.5775068961083889007568359375">
        <ele>550.5999755859375</ele>
        <time>2022-06-11T08:45:21.000Z</time>
        <extensions>
          <ns3:TrackPointExtension>
            <ns3:hr>115</ns3:hr>
            <ns3:cad>0</ns3:cad>
          </ns3:TrackPointExtension>
        </extensions>
      </trkpt>
      <trkpt lat="46.382187567651271820068359375" lon="23.577492646872997283935546875">
        <ele>550.20001220703125</ele>
        <time>2022-06-11T08:45:25.000Z</time>
        <extensions>
          <ns3:TrackPointExtension>
            <ns3:hr>117</ns3:hr>
            <ns3:cad>0</ns3:cad>
          </ns3:TrackPointExtension>
        </extensions>
      </trkpt>
      <trkpt lat="46.38218698091804981231689453125" lon="23.577488958835601806640625">
        <ele>550.4000244140625</ele>
        <time>2022-06-11T08:45:30.000Z</time>
        <extensions>
          <ns3:TrackPointExtension>
            <ns3:hr>120</ns3:hr>
            <ns3:cad>0</ns3:cad>
          </ns3:TrackPointExtension>
        </extensions>
      </trkpt>
      <trkpt lat="46.38218631036579608917236328125" lon="23.57746758498251438140869140625">
        <ele>550.5999755859375</ele>
        <time>2022-06-11T08:45:32.000Z</time>
        <extensions>
          <ns3:TrackPointExtension>
            <ns3:hr>121</ns3:hr>
            <ns3:cad>0</ns3:cad>
          </ns3:TrackPointExtension>
        </extensions>
      </trkpt>
      <trkpt lat="46.38221195898950099945068359375" lon="23.57741679064929485321044921875">
        <ele>551.4000244140625</ele>
        <time>2022-06-11T08:45:41.000Z</time>
        <extensions>
          <ns3:TrackPointExtension>
            <ns3:hr>119</ns3:hr>
            <ns3:cad>68</ns3:cad>
          </ns3:TrackPointExtension>
        </extensions>
      </trkpt>
      <trkpt lat="46.38222922571003437042236328125" lon="23.57738745398819446563720703125">
        <ele>551.4000244140625</ele>
        <time>2022-06-11T08:45:45.000Z</time>
        <extensions>
          <ns3:TrackPointExtension>
            <ns3:hr>116</ns3:hr>
            <ns3:cad>0</ns3:cad>
          </ns3:TrackPointExtension>
        </extensions>
      </trkpt>
      <trkpt lat="46.38224179856479167938232421875" lon="23.57735929079353809356689453125">
        <ele>550.79998779296875</ele>
        <time>2022-06-11T08:45:49.000Z</time>
        <extensions>
          <ns3:TrackPointExtension>
            <ns3:hr>117</ns3:hr>
            <ns3:cad>0</ns3:cad>
          </ns3:TrackPointExtension>
        </extensions>
      </trkpt>
      <trkpt lat="46.38226241804659366607666015625" lon="23.57732391916215419769287109375">
        <ele>550.5999755859375</ele>
        <time>2022-06-11T08:45:57.000Z</time>
        <extensions>
          <ns3:TrackPointExtension>
            <ns3:hr>116</ns3:hr>
            <ns3:cad>0</ns3:cad>
          </ns3:TrackPointExtension>
        </extensions>
      </trkpt>
      <trkpt lat="46.382249929010868072509765625" lon="23.577302210032939910888671875">
        <ele>550.79998779296875</ele>
        <time>2022-06-11T08:46:02.000Z</time>
        <extensions>
          <ns3:TrackPointExtension>
            <ns3:hr>114</ns3:hr>
            <ns3:cad>0</ns3:cad>
          </ns3:TrackPointExtension>
        </extensions>
      </trkpt>
      <trkpt lat="46.38225303031504154205322265625" lon="23.57728133909404277801513671875">
        <ele>550.5999755859375</ele>
        <time>2022-06-11T08:46:04.000Z</time>
        <extensions>
          <ns3:TrackPointExtension>
            <ns3:hr>111</ns3:hr>
            <ns3:cad>0</ns3:cad>
          </ns3:TrackPointExtension>
        </extensions>
      </trkpt>
      <trkpt lat="46.38225638307631015777587890625" lon="23.577271364629268646240234375">
        <ele>550.5999755859375</ele>
        <time>2022-06-11T08:46:06.000Z</time>
        <extensions>
          <ns3:TrackPointExtension>
            <ns3:hr>105</ns3:hr>
            <ns3:cad>0</ns3:cad>
          </ns3:TrackPointExtension>
        </extensions>
      </trkpt>
      <trkpt lat="46.38226795010268688201904296875" lon="23.57725636102259159088134765625">
        <ele>550.5999755859375</ele>
        <time>2022-06-11T08:46:08.000Z</time>
        <extensions>
          <ns3:TrackPointExtension>
            <ns3:hr>102</ns3:hr>
            <ns3:cad>0</ns3:cad>
          </ns3:TrackPointExtension>
        </extensions>
      </trkpt>
      <trkpt lat="46.38228379189968109130859375" lon="23.5772408545017242431640625">
        <ele>550.79998779296875</ele>
        <time>2022-06-11T08:46:10.000Z</time>
        <extensions>
          <ns3:TrackPointExtension>
            <ns3:hr>99</ns3:hr>
            <ns3:cad>0</ns3:cad>
          </ns3:TrackPointExtension>
        </extensions>
      </trkpt>
      <trkpt lat="46.38231639750301837921142578125" lon="23.57720590196549892425537109375">
        <ele>550.20001220703125</ele>
        <time>2022-06-11T08:46:15.000Z</time>
        <extensions>
          <ns3:TrackPointExtension>
            <ns3:hr>95</ns3:hr>
            <ns3:cad>45</ns3:cad>
          </ns3:TrackPointExtension>
        </extensions>
      </trkpt>
      <trkpt lat="46.3823235221207141876220703125" lon="23.577203638851642608642578125">
        <ele>550</ele>
        <time>2022-06-11T08:46:16.000Z</time>
        <extensions>
          <ns3:TrackPointExtension>
            <ns3:hr>98</ns3:hr>
            <ns3:cad>45</ns3:cad>
          </ns3:TrackPointExtension>
        </extensions>
      </trkpt>
      <trkpt lat="46.3823389448225498199462890625" lon="23.57719190418720245361328125">
        <ele>549.5999755859375</ele>
        <time>2022-06-11T08:46:19.000Z</time>
        <extensions>
          <ns3:TrackPointExtension>
            <ns3:hr>100</ns3:hr>
            <ns3:cad>52</ns3:cad>
          </ns3:TrackPointExtension>
        </extensions>
      </trkpt>
      <trkpt lat="46.3823516853153705596923828125" lon="23.57718980871140956878662109375">
        <ele>549.20001220703125</ele>
        <time>2022-06-11T08:46:22.000Z</time>
        <extensions>
          <ns3:TrackPointExtension>
            <ns3:hr>101</ns3:hr>
            <ns3:cad>52</ns3:cad>
          </ns3:TrackPointExtension>
        </extensions>
      </trkpt>
      <trkpt lat="46.38236450962722301483154296875" lon="23.57717824168503284454345703125">
        <ele>548.5999755859375</ele>
        <time>2022-06-11T08:46:29.000Z</time>
        <extensions>
          <ns3:TrackPointExtension>
            <ns3:hr>102</ns3:hr>
            <ns3:cad>0</ns3:cad>
          </ns3:TrackPointExtension>
        </extensions>
      </trkpt>
      <trkpt lat="46.3823684491217136383056640625" lon="23.57717807404696941375732421875">
        <ele>548.5999755859375</ele>
        <time>2022-06-11T08:46:30.000Z</time>
        <extensions>
          <ns3:TrackPointExtension>
            <ns3:hr>102</ns3:hr>
            <ns3:cad>0</ns3:cad>
          </ns3:TrackPointExtension>
        </extensions>
      </trkpt>
      <trkpt lat="46.3823979534208774566650390625" lon="23.5771605558693408966064453125">
        <ele>547.5999755859375</ele>
        <time>2022-06-11T08:46:38.000Z</time>
        <extensions>
          <ns3:TrackPointExtension>
            <ns3:hr>103</ns3:hr>
            <ns3:cad>66</ns3:cad>
          </ns3:TrackPointExtension>
        </extensions>
      </trkpt>
      <trkpt lat="46.3824006356298923492431640625" lon="23.57715846039354801177978515625">
        <ele>547.4000244140625</ele>
        <time>2022-06-11T08:46:39.000Z</time>
        <extensions>
          <ns3:TrackPointExtension>
            <ns3:hr>103</ns3:hr>
            <ns3:cad>66</ns3:cad>
          </ns3:TrackPointExtension>
        </extensions>
      </trkpt>
      <trkpt lat="46.3824274577200412750244140625" lon="23.5771092586219310760498046875">
        <ele>546.79998779296875</ele>
        <time>2022-06-11T08:46:47.000Z</time>
        <extensions>
          <ns3:TrackPointExtension>
            <ns3:hr>102</ns3:hr>
            <ns3:cad>53</ns3:cad>
          </ns3:TrackPointExtension>
        </extensions>
      </trkpt>
      <trkpt lat="46.3824448920786380767822265625" lon="23.57708855532109737396240234375">
        <ele>546.4000244140625</ele>
        <time>2022-06-11T08:46:52.000Z</time>
        <extensions>
          <ns3:TrackPointExtension>
            <ns3:hr>102</ns3:hr>
            <ns3:cad>0</ns3:cad>
          </ns3:TrackPointExtension>
        </extensions>
      </trkpt>
      <trkpt lat="46.38245184905827045440673828125" lon="23.57708394527435302734375">
        <ele>546.20001220703125</ele>
        <time>2022-06-11T08:46:56.000Z</time>
        <extensions>
          <ns3:TrackPointExtension>
            <ns3:hr>101</ns3:hr>
            <ns3:cad>0</ns3:cad>
          </ns3:TrackPointExtension>
        </extensions>
      </trkpt>
      <trkpt lat="46.3824723847210407257080078125" lon="23.57702904380857944488525390625">
        <ele>546.79998779296875</ele>
        <time>2022-06-11T08:47:04.000Z</time>
        <extensions>
          <ns3:TrackPointExtension>
            <ns3:hr>100</ns3:hr>
            <ns3:cad>0</ns3:cad>
          </ns3:TrackPointExtension>
        </extensions>
      </trkpt>
      <trkpt lat="46.38246911577880382537841796875" lon="23.57699518091976642608642578125">
        <ele>546.5999755859375</ele>
        <time>2022-06-11T08:47:10.000Z</time>
        <extensions>
          <ns3:TrackPointExtension>
            <ns3:hr>100</ns3:hr>
            <ns3:cad>59</ns3:cad>
          </ns3:TrackPointExtension>
        </extensions>
      </trkpt>
      <trkpt lat="46.382460482418537139892578125" lon="23.5769620724022388458251953125">
        <ele>546.20001220703125</ele>
        <time>2022-06-11T08:47:16.000Z</time>
        <extensions>
          <ns3:TrackPointExtension>
            <ns3:hr>99</ns3:hr>
            <ns3:cad>0</ns3:cad>
          </ns3:TrackPointExtension>
        </extensions>
      </trkpt>
      <trkpt lat="46.38246274553239345550537109375" lon="23.576968945562839508056640625">
        <ele>546.20001220703125</ele>
        <time>2022-06-11T08:47:19.000Z</time>
        <extensions>
          <ns3:TrackPointExtension>
            <ns3:hr>102</ns3:hr>
            <ns3:cad>0</ns3:cad>
          </ns3:TrackPointExtension>
        </extensions>
      </trkpt>
      <trkpt lat="46.382456459105014801025390625" lon="23.57697187922894954681396484375">
        <ele>546.4000244140625</ele>
        <time>2022-06-11T08:47:21.000Z</time>
        <extensions>
          <ns3:TrackPointExtension>
            <ns3:hr>102</ns3:hr>
            <ns3:cad>0</ns3:cad>
          </ns3:TrackPointExtension>
        </extensions>
      </trkpt>
      <trkpt lat="46.38249912299215793609619140625" lon="23.5769684426486492156982421875">
        <ele>546.4000244140625</ele>
        <time>2022-06-11T08:47:25.000Z</time>
        <extensions>
          <ns3:TrackPointExtension>
            <ns3:hr>103</ns3:hr>
            <ns3:cad>0</ns3:cad>
          </ns3:TrackPointExtension>
        </extensions>
      </trkpt>
      <trkpt lat="46.382523514330387115478515625" lon="23.57691940851509571075439453125">
        <ele>547</ele>
        <time>2022-06-11T08:47:32.000Z</time>
        <extensions>
          <ns3:TrackPointExtension>
            <ns3:hr>102</ns3:hr>
            <ns3:cad>0</ns3:cad>
          </ns3:TrackPointExtension>
        </extensions>
      </trkpt>
      <trkpt lat="46.38253147713840007781982421875" lon="23.576891161501407623291015625">
        <ele>547.20001220703125</ele>
        <time>2022-06-11T08:47:37.000Z</time>
        <extensions>
          <ns3:TrackPointExtension>
            <ns3:hr>102</ns3:hr>
            <ns3:cad>62</ns3:cad>
          </ns3:TrackPointExtension>
        </extensions>
      </trkpt>
      <trkpt lat="46.382558383047580718994140625" lon="23.576871715486049652099609375">
        <ele>546.79998779296875</ele>
        <time>2022-06-11T08:47:42.000Z</time>
        <extensions>
          <ns3:TrackPointExtension>
            <ns3:hr>102</ns3:hr>
            <ns3:cad>0</ns3:cad>
          </ns3:TrackPointExtension>
        </extensions>
      </trkpt>
      <trkpt lat="46.38257657177746295928955078125" lon="23.57682486064732074737548828125">
        <ele>546.79998779296875</ele>
        <time>2022-06-11T08:47:49.000Z</time>
        <extensions>
          <ns3:TrackPointExtension>
            <ns3:hr>104</ns3:hr>
            <ns3:cad>0</ns3:cad>
          </ns3:TrackPointExtension>
        </extensions>
      </trkpt>
      <trkpt lat="46.382596604526042938232421875" lon="23.57677775435149669647216796875">
        <ele>547</ele>
        <time>2022-06-11T08:47:55.000Z</time>
        <extensions>
          <ns3:TrackPointExtension>
            <ns3:hr>106</ns3:hr>
            <ns3:cad>0</ns3:cad>
          </ns3:TrackPointExtension>
        </extensions>
      </trkpt>
      <trkpt lat="46.38261982239782810211181640625" lon="23.5767391137778759002685546875">
        <ele>547.20001220703125</ele>
        <time>2022-06-11T08:48:01.000Z</time>
        <extensions>
          <ns3:TrackPointExtension>
            <ns3:hr>106</ns3:hr>
            <ns3:cad>0</ns3:cad>
          </ns3:TrackPointExtension>
        </extensions>
      </trkpt>
      <trkpt lat="46.382661648094654083251953125" lon="23.57668924145400524139404296875">
        <ele>546.5999755859375</ele>
        <time>2022-06-11T08:48:09.000Z</time>
        <extensions>
          <ns3:TrackPointExtension>
            <ns3:hr>107</ns3:hr>
            <ns3:cad>47</ns3:cad>
          </ns3:TrackPointExtension>
        </extensions>
      </trkpt>
      <trkpt lat="46.38270800001919269561767578125" lon="23.5766459070146083831787109375">
        <ele>547.20001220703125</ele>
        <time>2022-06-11T08:48:17.000Z</time>
        <extensions>
          <ns3:TrackPointExtension>
            <ns3:hr>108</ns3:hr>
            <ns3:cad>0</ns3:cad>
          </ns3:TrackPointExtension>
        </extensions>
      </trkpt>
      <trkpt lat="46.3827292062342166900634765625" lon="23.5766078531742095947265625">
        <ele>546.5999755859375</ele>
        <time>2022-06-11T08:48:23.000Z</time>
        <extensions>
          <ns3:TrackPointExtension>
            <ns3:hr>108</ns3:hr>
            <ns3:cad>52</ns3:cad>
          </ns3:TrackPointExtension>
        </extensions>
      </trkpt>
      <trkpt lat="46.382746808230876922607421875" lon="23.5765917599201202392578125">
        <ele>546.5999755859375</ele>
        <time>2022-06-11T08:48:26.000Z</time>
        <extensions>
          <ns3:TrackPointExtension>
            <ns3:hr>111</ns3:hr>
            <ns3:cad>52</ns3:cad>
          </ns3:TrackPointExtension>
        </extensions>
      </trkpt>
      <trkpt lat="46.38275996781885623931884765625" lon="23.5765751637518405914306640625">
        <ele>546.5999755859375</ele>
        <time>2022-06-11T08:48:28.000Z</time>
        <extensions>
          <ns3:TrackPointExtension>
            <ns3:hr>113</ns3:hr>
            <ns3:cad>47</ns3:cad>
          </ns3:TrackPointExtension>
        </extensions>
      </trkpt>
      <trkpt lat="46.38280950486660003662109375" lon="23.57651892118155956268310546875">
        <ele>546.5999755859375</ele>
        <time>2022-06-11T08:48:36.000Z</time>
        <extensions>
          <ns3:TrackPointExtension>
            <ns3:hr>112</ns3:hr>
            <ns3:cad>48</ns3:cad>
          </ns3:TrackPointExtension>
        </extensions>
      </trkpt>
      <trkpt lat="46.38284931890666484832763671875" lon="23.57646108604967594146728515625">
        <ele>546.5999755859375</ele>
        <time>2022-06-11T08:48:42.000Z</time>
        <extensions>
          <ns3:TrackPointExtension>
            <ns3:hr>111</ns3:hr>
            <ns3:cad>41</ns3:cad>
          </ns3:TrackPointExtension>
        </extensions>
      </trkpt>
      <trkpt lat="46.38288083486258983612060546875" lon="23.57640878297388553619384765625">
        <ele>546.5999755859375</ele>
        <time>2022-06-11T08:48:46.000Z</time>
        <extensions>
          <ns3:TrackPointExtension>
            <ns3:hr>108</ns3:hr>
            <ns3:cad>41</ns3:cad>
          </ns3:TrackPointExtension>
        </extensions>
      </trkpt>
      <trkpt lat="46.38289374299347400665283203125" lon="23.5763894207775592803955078125">
        <ele>546.5999755859375</ele>
        <time>2022-06-11T08:48:48.000Z</time>
        <extensions>
          <ns3:TrackPointExtension>
            <ns3:hr>105</ns3:hr>
            <ns3:cad>41</ns3:cad>
          </ns3:TrackPointExtension>
        </extensions>
      </trkpt>
      <trkpt lat="46.38290463946759700775146484375" lon="23.5763807035982608795166015625">
        <ele>546.5999755859375</ele>
        <time>2022-06-11T08:48:49.000Z</time>
        <extensions>
          <ns3:TrackPointExtension>
            <ns3:hr>105</ns3:hr>
            <ns3:cad>55</ns3:cad>
          </ns3:TrackPointExtension>
        </extensions>
      </trkpt>
      <trkpt lat="46.3829411007463932037353515625" lon="23.57630920596420764923095703125">
        <ele>546.5999755859375</ele>
        <time>2022-06-11T08:48:55.000Z</time>
        <extensions>
          <ns3:TrackPointExtension>
            <ns3:hr>103</ns3:hr>
            <ns3:cad>0</ns3:cad>
          </ns3:TrackPointExtension>
        </extensions>
      </trkpt>
      <trkpt lat="46.38299684040248394012451171875" lon="23.5762645304203033447265625">
        <ele>546.4000244140625</ele>
        <time>2022-06-11T08:49:01.000Z</time>
        <extensions>
          <ns3:TrackPointExtension>
            <ns3:hr>102</ns3:hr>
            <ns3:cad>0</ns3:cad>
          </ns3:TrackPointExtension>
        </extensions>
      </trkpt>
      <trkpt lat="46.3830105029046535491943359375" lon="23.57625790871679782867431640625">
        <ele>546</ele>
        <time>2022-06-11T08:49:04.000Z</time>
        <extensions>
          <ns3:TrackPointExtension>
            <ns3:hr>99</ns3:hr>
            <ns3:cad>54</ns3:cad>
          </ns3:TrackPointExtension>
        </extensions>
      </trkpt>
      <trkpt lat="46.38302181847393512725830078125" lon="23.5762432403862476348876953125">
        <ele>545.4000244140625</ele>
        <time>2022-06-11T08:49:07.000Z</time>
        <extensions>
          <ns3:TrackPointExtension>
            <ns3:hr>97</ns3:hr>
            <ns3:cad>52</ns3:cad>
          </ns3:TrackPointExtension>
        </extensions>
      </trkpt>
      <trkpt lat="46.38306071050465106964111328125" lon="23.5762053541839122772216796875">
        <ele>544.5999755859375</ele>
        <time>2022-06-11T08:49:13.000Z</time>
        <extensions>
          <ns3:TrackPointExtension>
            <ns3:hr>98</ns3:hr>
            <ns3:cad>0</ns3:cad>
          </ns3:TrackPointExtension>
        </extensions>
      </trkpt>
      <trkpt lat="46.38308132998645305633544921875" lon="23.576185740530490875244140625">
        <ele>544.20001220703125</ele>
        <time>2022-06-11T08:49:16.000Z</time>
        <extensions>
          <ns3:TrackPointExtension>
            <ns3:hr>99</ns3:hr>
            <ns3:cad>50</ns3:cad>
          </ns3:TrackPointExtension>
        </extensions>
      </trkpt>
      <trkpt lat="46.3831124268472194671630859375" lon="23.576168976724147796630859375">
        <ele>544</ele>
        <time>2022-06-11T08:49:23.000Z</time>
        <extensions>
          <ns3:TrackPointExtension>
            <ns3:hr>99</ns3:hr>
            <ns3:cad>0</ns3:cad>
          </ns3:TrackPointExtension>
        </extensions>
      </trkpt>
      <trkpt lat="46.3831422664225101470947265625" lon="23.5761902667582035064697265625">
        <ele>543.79998779296875</ele>
        <time>2022-06-11T08:49:29.000Z</time>
        <extensions>
          <ns3:TrackPointExtension>
            <ns3:hr>101</ns3:hr>
            <ns3:cad>0</ns3:cad>
          </ns3:TrackPointExtension>
        </extensions>
      </trkpt>
      <trkpt lat="46.38316464610397815704345703125" lon="23.57616461813449859619140625">
        <ele>544</ele>
        <time>2022-06-11T08:49:34.000Z</time>
        <extensions>
          <ns3:TrackPointExtension>
            <ns3:hr>104</ns3:hr>
            <ns3:cad>0</ns3:cad>
          </ns3:TrackPointExtension>
        </extensions>
      </trkpt>
      <trkpt lat="46.3831824995577335357666015625" lon="23.57615849934518337249755859375">
        <ele>544.20001220703125</ele>
        <time>2022-06-11T08:49:36.000Z</time>
        <extensions>
          <ns3:TrackPointExtension>
            <ns3:hr>107</ns3:hr>
            <ns3:cad>0</ns3:cad>
          </ns3:TrackPointExtension>
        </extensions>
      </trkpt>
      <trkpt lat="46.38322868384420871734619140625" lon="23.57609194703400135040283203125">
        <ele>545</ele>
        <time>2022-06-11T08:49:44.000Z</time>
        <extensions>
          <ns3:TrackPointExtension>
            <ns3:hr>107</ns3:hr>
            <ns3:cad>79</ns3:cad>
          </ns3:TrackPointExtension>
        </extensions>
      </trkpt>
      <trkpt lat="46.3832381553947925567626953125" lon="23.5760598443448543548583984375">
        <ele>545</ele>
        <time>2022-06-11T08:49:47.000Z</time>
        <extensions>
          <ns3:TrackPointExtension>
            <ns3:hr>104</ns3:hr>
            <ns3:cad>0</ns3:cad>
          </ns3:TrackPointExtension>
        </extensions>
      </trkpt>
      <trkpt lat="46.3832820765674114227294921875" lon="23.57604660093784332275390625">
        <ele>545</ele>
        <time>2022-06-11T08:49:52.000Z</time>
        <extensions>
          <ns3:TrackPointExtension>
            <ns3:hr>102</ns3:hr>
            <ns3:cad>0</ns3:cad>
          </ns3:TrackPointExtension>
        </extensions>
      </trkpt>
      <trkpt lat="46.38331686146557331085205078125" lon="23.57604316435754299163818359375">
        <ele>544</ele>
        <time>2022-06-11T08:49:58.000Z</time>
        <extensions>
          <ns3:TrackPointExtension>
            <ns3:hr>101</ns3:hr>
            <ns3:cad>53</ns3:cad>
          </ns3:TrackPointExtension>
        </extensions>
      </trkpt>
      <trkpt lat="46.383346281945705413818359375" lon="23.57605456374585628509521484375">
        <ele>543</ele>
        <time>2022-06-11T08:50:03.000Z</time>
        <extensions>
          <ns3:TrackPointExtension>
            <ns3:hr>102</ns3:hr>
            <ns3:cad>57</ns3:cad>
          </ns3:TrackPointExtension>
        </extensions>
      </trkpt>
      <trkpt lat="46.38335038907825946807861328125" lon="23.57605732977390289306640625">
        <ele>542.79998779296875</ele>
        <time>2022-06-11T08:50:04.000Z</time>
        <extensions>
          <ns3:TrackPointExtension>
            <ns3:hr>102</ns3:hr>
            <ns3:cad>58</ns3:cad>
          </ns3:TrackPointExtension>
        </extensions>
      </trkpt>
      <trkpt lat="46.38337754644453525543212890625" lon="23.57601835392415523529052734375">
        <ele>541.79998779296875</ele>
        <time>2022-06-11T08:50:10.000Z</time>
        <extensions>
          <ns3:TrackPointExtension>
            <ns3:hr>101</ns3:hr>
            <ns3:cad>54</ns3:cad>
          </ns3:TrackPointExtension>
        </extensions>
      </trkpt>
      <trkpt lat="46.38341367244720458984375" lon="23.575949035584926605224609375">
        <ele>542.20001220703125</ele>
        <time>2022-06-11T08:50:17.000Z</time>
        <extensions>
          <ns3:TrackPointExtension>
            <ns3:hr>101</ns3:hr>
            <ns3:cad>76</ns3:cad>
          </ns3:TrackPointExtension>
        </extensions>
      </trkpt>
      <trkpt lat="46.383448541164398193359375" lon="23.57590653933584690093994140625">
        <ele>543</ele>
        <time>2022-06-11T08:50:23.000Z</time>
        <extensions>
          <ns3:TrackPointExtension>
            <ns3:hr>102</ns3:hr>
            <ns3:cad>41</ns3:cad>
          </ns3:TrackPointExtension>
        </extensions>
      </trkpt>
      <trkpt lat="46.38345315121114253997802734375" lon="23.57589773833751678466796875">
        <ele>543.20001220703125</ele>
        <time>2022-06-11T08:50:25.000Z</time>
        <extensions>
          <ns3:TrackPointExtension>
            <ns3:hr>104</ns3:hr>
            <ns3:cad>0</ns3:cad>
          </ns3:TrackPointExtension>
        </extensions>
      </trkpt>
      <trkpt lat="46.38346404768526554107666015625" lon="23.5758730955421924591064453125">
        <ele>544</ele>
        <time>2022-06-11T08:50:30.000Z</time>
        <extensions>
          <ns3:TrackPointExtension>
            <ns3:hr>104</ns3:hr>
            <ns3:cad>63</ns3:cad>
          </ns3:TrackPointExtension>
        </extensions>
      </trkpt>
      <trkpt lat="46.38346689753234386444091796875" lon="23.57585993595421314239501953125">
        <ele>544.4000244140625</ele>
        <time>2022-06-11T08:50:32.000Z</time>
        <extensions>
          <ns3:TrackPointExtension>
            <ns3:hr>107</ns3:hr>
            <ns3:cad>63</ns3:cad>
          </ns3:TrackPointExtension>
        </extensions>
      </trkpt>
      <trkpt lat="46.38347444124519824981689453125" lon="23.57584266923367977142333984375">
        <ele>544.79998779296875</ele>
        <time>2022-06-11T08:50:34.000Z</time>
        <extensions>
          <ns3:TrackPointExtension>
            <ns3:hr>111</ns3:hr>
            <ns3:cad>63</ns3:cad>
          </ns3:TrackPointExtension>
        </extensions>
      </trkpt>
      <trkpt lat="46.38347561471164226531982421875" lon="23.5758298449218273162841796875">
        <ele>545</ele>
        <time>2022-06-11T08:50:36.000Z</time>
        <extensions>
          <ns3:TrackPointExtension>
            <ns3:hr>113</ns3:hr>
            <ns3:cad>0</ns3:cad>
          </ns3:TrackPointExtension>
        </extensions>
      </trkpt>
      <trkpt lat="46.38347066938877105712890625" lon="23.57582992874085903167724609375">
        <ele>545.5999755859375</ele>
        <time>2022-06-11T08:50:41.000Z</time>
        <extensions>
          <ns3:TrackPointExtension>
            <ns3:hr>116</ns3:hr>
            <ns3:cad>0</ns3:cad>
          </ns3:TrackPointExtension>
        </extensions>
      </trkpt>
      <trkpt lat="46.38347201049327850341796875" lon="23.57582841999828815460205078125">
        <ele>545.5999755859375</ele>
        <time>2022-06-11T08:50:42.000Z</time>
        <extensions>
          <ns3:TrackPointExtension>
            <ns3:hr>116</ns3:hr>
            <ns3:cad>0</ns3:cad>
          </ns3:TrackPointExtension>
        </extensions>
      </trkpt>
      <trkpt lat="46.38350880704820156097412109375" lon="23.5758130811154842376708984375">
        <ele>545.79998779296875</ele>
        <time>2022-06-11T08:50:48.000Z</time>
        <extensions>
          <ns3:TrackPointExtension>
            <ns3:hr>116</ns3:hr>
            <ns3:cad>0</ns3:cad>
          </ns3:TrackPointExtension>
        </extensions>
      </trkpt>
      <trkpt lat="46.3835415802896022796630859375" lon="23.57578433118760585784912109375">
        <ele>546</ele>
        <time>2022-06-11T08:50:53.000Z</time>
        <extensions>
          <ns3:TrackPointExtension>
            <ns3:hr>119</ns3:hr>
            <ns3:cad>0</ns3:cad>
          </ns3:TrackPointExtension>
        </extensions>
      </trkpt>
      <trkpt lat="46.3835439272224903106689453125" lon="23.57578164897859096527099609375">
        <ele>546</ele>
        <time>2022-06-11T08:50:54.000Z</time>
        <extensions>
          <ns3:TrackPointExtension>
            <ns3:hr>119</ns3:hr>
            <ns3:cad>0</ns3:cad>
          </ns3:TrackPointExtension>
        </extensions>
      </trkpt>
      <trkpt lat="46.38356228359043598175048828125" lon="23.57577502727508544921875">
        <ele>546.4000244140625</ele>
        <time>2022-06-11T08:50:57.000Z</time>
        <extensions>
          <ns3:TrackPointExtension>
            <ns3:hr>121</ns3:hr>
            <ns3:cad>42</ns3:cad>
          </ns3:TrackPointExtension>
        </extensions>
      </trkpt>
      <trkpt lat="46.38364635407924652099609375" lon="23.57573772780597209930419921875">
        <ele>546.5999755859375</ele>
        <time>2022-06-11T08:51:04.000Z</time>
        <extensions>
          <ns3:TrackPointExtension>
            <ns3:hr>120</ns3:hr>
            <ns3:cad>78</ns3:cad>
          </ns3:TrackPointExtension>
        </extensions>
      </trkpt>
      <trkpt lat="46.3837219588458538055419921875" lon="23.57570269145071506500244140625">
        <ele>547</ele>
        <time>2022-06-11T08:51:14.000Z</time>
        <extensions>
          <ns3:TrackPointExtension>
            <ns3:hr>119</ns3:hr>
            <ns3:cad>0</ns3:cad>
          </ns3:TrackPointExtension>
        </extensions>
      </trkpt>
      <trkpt lat="46.38376814313232898712158203125" lon="23.57567486353218555450439453125">
        <ele>546.4000244140625</ele>
        <time>2022-06-11T08:51:21.000Z</time>
        <extensions>
          <ns3:TrackPointExtension>
            <ns3:hr>116</ns3:hr>
            <ns3:cad>50</ns3:cad>
          </ns3:TrackPointExtension>
        </extensions>
      </trkpt>
      <trkpt lat="46.383786164224147796630859375" lon="23.57566162012517452239990234375">
        <ele>546.20001220703125</ele>
        <time>2022-06-11T08:51:27.000Z</time>
        <extensions>
          <ns3:TrackPointExtension>
            <ns3:hr>113</ns3:hr>
            <ns3:cad>49</ns3:cad>
          </ns3:TrackPointExtension>
        </extensions>
      </trkpt>
      <trkpt lat="46.3838426582515239715576171875" lon="23.57555441558361053466796875">
        <ele>546.5999755859375</ele>
        <time>2022-06-11T08:51:34.000Z</time>
        <extensions>
          <ns3:TrackPointExtension>
            <ns3:hr>113</ns3:hr>
            <ns3:cad>42</ns3:cad>
          </ns3:TrackPointExtension>
        </extensions>
      </trkpt>
      <trkpt lat="46.38385598547756671905517578125" lon="23.5755197145044803619384765625">
        <ele>547.20001220703125</ele>
        <time>2022-06-11T08:51:37.000Z</time>
        <extensions>
          <ns3:TrackPointExtension>
            <ns3:hr>112</ns3:hr>
            <ns3:cad>0</ns3:cad>
          </ns3:TrackPointExtension>
        </extensions>
      </trkpt>
      <trkpt lat="46.38386487029492855072021484375" lon="23.575458191335201263427734375">
        <ele>547.5999755859375</ele>
        <time>2022-06-11T08:51:41.000Z</time>
        <extensions>
          <ns3:TrackPointExtension>
            <ns3:hr>112</ns3:hr>
            <ns3:cad>79</ns3:cad>
          </ns3:TrackPointExtension>
        </extensions>
      </trkpt>
      <trkpt lat="46.383876018226146697998046875" lon="23.5754214785993099212646484375">
        <ele>548.20001220703125</ele>
        <time>2022-06-11T08:51:45.000Z</time>
        <extensions>
          <ns3:TrackPointExtension>
            <ns3:hr>110</ns3:hr>
            <ns3:cad>40</ns3:cad>
          </ns3:TrackPointExtension>
        </extensions>
      </trkpt>
      <trkpt lat="46.38388649560511112213134765625" lon="23.5753671638667583465576171875">
        <ele>548.5999755859375</ele>
        <time>2022-06-11T08:51:48.000Z</time>
        <extensions>
          <ns3:TrackPointExtension>
            <ns3:hr>108</ns3:hr>
            <ns3:cad>76</ns3:cad>
          </ns3:TrackPointExtension>
        </extensions>
      </trkpt>
      <trkpt lat="46.3838741742074489593505859375" lon="23.57535936869680881500244140625">
        <ele>549.20001220703125</ele>
        <time>2022-06-11T08:51:54.000Z</time>
        <extensions>
          <ns3:TrackPointExtension>
            <ns3:hr>111</ns3:hr>
            <ns3:cad>76</ns3:cad>
          </ns3:TrackPointExtension>
        </extensions>
      </trkpt>
      <trkpt lat="46.3838701508939266204833984375" lon="23.57534646056592464447021484375">
        <ele>550.4000244140625</ele>
        <time>2022-06-11T08:52:00.000Z</time>
        <extensions>
          <ns3:TrackPointExtension>
            <ns3:hr>114</ns3:hr>
            <ns3:cad>67</ns3:cad>
          </ns3:TrackPointExtension>
        </extensions>
      </trkpt>
      <trkpt lat="46.3838450051844120025634765625" lon="23.575370013713836669921875">
        <ele>551.20001220703125</ele>
        <time>2022-06-11T08:52:07.000Z</time>
        <extensions>
          <ns3:TrackPointExtension>
            <ns3:hr>115</ns3:hr>
            <ns3:cad>0</ns3:cad>
          </ns3:TrackPointExtension>
        </extensions>
      </trkpt>
      <trkpt lat="46.38384425081312656402587890625" lon="23.57536607421934604644775390625">
        <ele>551.4000244140625</ele>
        <time>2022-06-11T08:52:08.000Z</time>
        <extensions>
          <ns3:TrackPointExtension>
            <ns3:hr>115</ns3:hr>
            <ns3:cad>0</ns3:cad>
          </ns3:TrackPointExtension>
        </extensions>
      </trkpt>
      <trkpt lat="46.38383234851062297821044921875" lon="23.5753701813519001007080078125">
        <ele>551.79998779296875</ele>
        <time>2022-06-11T08:52:12.000Z</time>
        <extensions>
          <ns3:TrackPointExtension>
            <ns3:hr>117</ns3:hr>
            <ns3:cad>0</ns3:cad>
          </ns3:TrackPointExtension>
        </extensions>
      </trkpt>
      <trkpt lat="46.38382145203649997711181640625" lon="23.57536288909614086151123046875">
        <ele>552.4000244140625</ele>
        <time>2022-06-11T08:52:15.000Z</time>
        <extensions>
          <ns3:TrackPointExtension>
            <ns3:hr>120</ns3:hr>
            <ns3:cad>63</ns3:cad>
          </ns3:TrackPointExtension>
        </extensions>
      </trkpt>
      <trkpt lat="46.38381910510361194610595703125" lon="23.57535886578261852264404296875">
        <ele>552.4000244140625</ele>
        <time>2022-06-11T08:52:16.000Z</time>
        <extensions>
          <ns3:TrackPointExtension>
            <ns3:hr>122</ns3:hr>
            <ns3:cad>63</ns3:cad>
          </ns3:TrackPointExtension>
        </extensions>
      </trkpt>
      <trkpt lat="46.38381399214267730712890625" lon="23.57535098679363727569580078125">
        <ele>552.5999755859375</ele>
        <time>2022-06-11T08:52:18.000Z</time>
        <extensions>
          <ns3:TrackPointExtension>
            <ns3:hr>123</ns3:hr>
            <ns3:cad>58</ns3:cad>
          </ns3:TrackPointExtension>
        </extensions>
      </trkpt>
      <trkpt lat="46.3838030956685543060302734375" lon="23.5753445327281951904296875">
        <ele>553.79998779296875</ele>
        <time>2022-06-11T08:52:24.000Z</time>
        <extensions>
          <ns3:TrackPointExtension>
            <ns3:hr>124</ns3:hr>
            <ns3:cad>0</ns3:cad>
          </ns3:TrackPointExtension>
        </extensions>
      </trkpt>
      <trkpt lat="46.38380435295403003692626953125" lon="23.57534595765173435211181640625">
        <ele>554.20001220703125</ele>
        <time>2022-06-11T08:52:26.000Z</time>
        <extensions>
          <ns3:TrackPointExtension>
            <ns3:hr>125</ns3:hr>
            <ns3:cad>0</ns3:cad>
          </ns3:TrackPointExtension>
        </extensions>
      </trkpt>
      <trkpt lat="46.38378825969994068145751953125" lon="23.575340844690799713134765625">
        <ele>554.79998779296875</ele>
        <time>2022-06-11T08:52:31.000Z</time>
        <extensions>
          <ns3:TrackPointExtension>
            <ns3:hr>126</ns3:hr>
            <ns3:cad>68</ns3:cad>
          </ns3:TrackPointExtension>
        </extensions>
      </trkpt>
      <trkpt lat="46.38378021307289600372314453125" lon="23.57533170841634273529052734375">
        <ele>556</ele>
        <time>2022-06-11T08:52:35.000Z</time>
        <extensions>
          <ns3:TrackPointExtension>
            <ns3:hr>127</ns3:hr>
            <ns3:cad>0</ns3:cad>
          </ns3:TrackPointExtension>
        </extensions>
      </trkpt>
      <trkpt lat="46.3837585039436817169189453125" lon="23.5753373242914676666259765625">
        <ele>556.79998779296875</ele>
        <time>2022-06-11T08:52:41.000Z</time>
        <extensions>
          <ns3:TrackPointExtension>
            <ns3:hr>131</ns3:hr>
            <ns3:cad>67</ns3:cad>
          </ns3:TrackPointExtension>
        </extensions>
      </trkpt>
      <trkpt lat="46.38375406153500080108642578125" lon="23.575337491929531097412109375">
        <ele>557</ele>
        <time>2022-06-11T08:52:42.000Z</time>
        <extensions>
          <ns3:TrackPointExtension>
            <ns3:hr>133</ns3:hr>
            <ns3:cad>67</ns3:cad>
          </ns3:TrackPointExtension>
        </extensions>
      </trkpt>
      <trkpt lat="46.38371952809393405914306640625" lon="23.57532349415123462677001953125">
        <ele>558</ele>
        <time>2022-06-11T08:52:48.000Z</time>
        <extensions>
          <ns3:TrackPointExtension>
            <ns3:hr>132</ns3:hr>
            <ns3:cad>62</ns3:cad>
          </ns3:TrackPointExtension>
        </extensions>
      </trkpt>
      <trkpt lat="46.38371516950428485870361328125" lon="23.57533070258796215057373046875">
        <ele>558.20001220703125</ele>
        <time>2022-06-11T08:52:50.000Z</time>
        <extensions>
          <ns3:TrackPointExtension>
            <ns3:hr>131</ns3:hr>
            <ns3:cad>0</ns3:cad>
          </ns3:TrackPointExtension>
        </extensions>
      </trkpt>
      <trkpt lat="46.383699662983417510986328125" lon="23.57531511224806308746337890625">
        <ele>559</ele>
        <time>2022-06-11T08:52:54.000Z</time>
        <extensions>
          <ns3:TrackPointExtension>
            <ns3:hr>132</ns3:hr>
            <ns3:cad>0</ns3:cad>
          </ns3:TrackPointExtension>
        </extensions>
      </trkpt>
      <trkpt lat="46.38369329273700714111328125" lon="23.5753011144697666168212890625">
        <ele>559.20001220703125</ele>
        <time>2022-06-11T08:52:55.000Z</time>
        <extensions>
          <ns3:TrackPointExtension>
            <ns3:hr>132</ns3:hr>
            <ns3:cad>0</ns3:cad>
          </ns3:TrackPointExtension>
        </extensions>
      </trkpt>
      <trkpt lat="46.38368885032832622528076171875" lon="23.57528896071016788482666015625">
        <ele>560.20001220703125</ele>
        <time>2022-06-11T08:52:58.000Z</time>
        <extensions>
          <ns3:TrackPointExtension>
            <ns3:hr>132</ns3:hr>
            <ns3:cad>0</ns3:cad>
          </ns3:TrackPointExtension>
        </extensions>
      </trkpt>
      <trkpt lat="46.38367594219744205474853515625" lon="23.57527940534055233001708984375">
        <ele>560.79998779296875</ele>
        <time>2022-06-11T08:53:03.000Z</time>
        <extensions>
          <ns3:TrackPointExtension>
            <ns3:hr>134</ns3:hr>
            <ns3:cad>0</ns3:cad>
          </ns3:TrackPointExtension>
        </extensions>
      </trkpt>
      <trkpt lat="46.383662112057209014892578125" lon="23.57527772895991802215576171875">
        <ele>561.20001220703125</ele>
        <time>2022-06-11T08:53:06.000Z</time>
        <extensions>
          <ns3:TrackPointExtension>
            <ns3:hr>137</ns3:hr>
            <ns3:cad>68</ns3:cad>
          </ns3:TrackPointExtension>
        </extensions>
      </trkpt>
      <trkpt lat="46.3836592622101306915283203125" lon="23.575274460017681121826171875">
        <ele>561.4000244140625</ele>
        <time>2022-06-11T08:53:07.000Z</time>
        <extensions>
          <ns3:TrackPointExtension>
            <ns3:hr>138</ns3:hr>
            <ns3:cad>68</ns3:cad>
          </ns3:TrackPointExtension>
        </extensions>
      </trkpt>
      <trkpt lat="46.3836381398141384124755859375" lon="23.5752773098647594451904296875">
        <ele>562.4000244140625</ele>
        <time>2022-06-11T08:53:12.000Z</time>
        <extensions>
          <ns3:TrackPointExtension>
            <ns3:hr>138</ns3:hr>
            <ns3:cad>68</ns3:cad>
          </ns3:TrackPointExtension>
        </extensions>
      </trkpt>
      <trkpt lat="46.3836341165006160736083984375" lon="23.5752763040363788604736328125">
        <ele>562.5999755859375</ele>
        <time>2022-06-11T08:53:13.000Z</time>
        <extensions>
          <ns3:TrackPointExtension>
            <ns3:hr>138</ns3:hr>
            <ns3:cad>0</ns3:cad>
          </ns3:TrackPointExtension>
        </extensions>
      </trkpt>
      <trkpt lat="46.3836109824478626251220703125" lon="23.57528175227344036102294921875">
        <ele>563.5999755859375</ele>
        <time>2022-06-11T08:53:19.000Z</time>
        <extensions>
          <ns3:TrackPointExtension>
            <ns3:hr>137</ns3:hr>
            <ns3:cad>59</ns3:cad>
          </ns3:TrackPointExtension>
        </extensions>
      </trkpt>
      <trkpt lat="46.383614502847194671630859375" lon="23.575288541615009307861328125">
        <ele>564</ele>
        <time>2022-06-11T08:53:21.000Z</time>
        <extensions>
          <ns3:TrackPointExtension>
            <ns3:hr>137</ns3:hr>
            <ns3:cad>64</ns3:cad>
          </ns3:TrackPointExtension>
        </extensions>
      </trkpt>
      <trkpt lat="46.38361006043851375579833984375" lon="23.57528812251985073089599609375">
        <ele>564.5999755859375</ele>
        <time>2022-06-11T08:53:25.000Z</time>
        <extensions>
          <ns3:TrackPointExtension>
            <ns3:hr>135</ns3:hr>
            <ns3:cad>0</ns3:cad>
          </ns3:TrackPointExtension>
        </extensions>
      </trkpt>
      <trkpt lat="46.38359480537474155426025390625" lon="23.57527437619864940643310546875">
        <ele>565.4000244140625</ele>
        <time>2022-06-11T08:53:29.000Z</time>
        <extensions>
          <ns3:TrackPointExtension>
            <ns3:hr>136</ns3:hr>
            <ns3:cad>0</ns3:cad>
          </ns3:TrackPointExtension>
        </extensions>
      </trkpt>
      <trkpt lat="46.3835888542234897613525390625" lon="23.57527387328445911407470703125">
        <ele>565.79998779296875</ele>
        <time>2022-06-11T08:53:33.000Z</time>
        <extensions>
          <ns3:TrackPointExtension>
            <ns3:hr>136</ns3:hr>
            <ns3:cad>0</ns3:cad>
          </ns3:TrackPointExtension>
        </extensions>
      </trkpt>
      <trkpt lat="46.3835912011563777923583984375" lon="23.57528929598629474639892578125">
        <ele>566.20001220703125</ele>
        <time>2022-06-11T08:53:38.000Z</time>
        <extensions>
          <ns3:TrackPointExtension>
            <ns3:hr>135</ns3:hr>
            <ns3:cad>79</ns3:cad>
          </ns3:TrackPointExtension>
        </extensions>
      </trkpt>
      <trkpt lat="46.383559517562389373779296875" lon="23.57528091408312320709228515625">
        <ele>566.79998779296875</ele>
        <time>2022-06-11T08:53:44.000Z</time>
        <extensions>
          <ns3:TrackPointExtension>
            <ns3:hr>134</ns3:hr>
            <ns3:cad>63</ns3:cad>
          </ns3:TrackPointExtension>
        </extensions>
      </trkpt>
      <trkpt lat="46.3835518062114715576171875" lon="23.57528912834823131561279296875">
        <ele>567.20001220703125</ele>
        <time>2022-06-11T08:53:46.000Z</time>
        <extensions>
          <ns3:TrackPointExtension>
            <ns3:hr>134</ns3:hr>
            <ns3:cad>63</ns3:cad>
          </ns3:TrackPointExtension>
        </extensions>
      </trkpt>
      <trkpt lat="46.38354501686990261077880859375" lon="23.5753024555742740631103515625">
        <ele>568.20001220703125</ele>
        <time>2022-06-11T08:53:52.000Z</time>
        <extensions>
          <ns3:TrackPointExtension>
            <ns3:hr>130</ns3:hr>
            <ns3:cad>72</ns3:cad>
          </ns3:TrackPointExtension>
        </extensions>
      </trkpt>
      <trkpt lat="46.38353814370930194854736328125" lon="23.57530119828879833221435546875">
        <ele>568.79998779296875</ele>
        <time>2022-06-11T08:53:54.000Z</time>
        <extensions>
          <ns3:TrackPointExtension>
            <ns3:hr>130</ns3:hr>
            <ns3:cad>0</ns3:cad>
          </ns3:TrackPointExtension>
        </extensions>
      </trkpt>
      <trkpt lat="46.38351785950362682342529296875" lon="23.57530270703136920928955078125">
        <ele>569.20001220703125</ele>
        <time>2022-06-11T08:53:58.000Z</time>
        <extensions>
          <ns3:TrackPointExtension>
            <ns3:hr>129</ns3:hr>
            <ns3:cad>0</ns3:cad>
          </ns3:TrackPointExtension>
        </extensions>
      </trkpt>
      <trkpt lat="46.3835000060498714447021484375" lon="23.57529960572719573974609375">
        <ele>569.79998779296875</ele>
        <time>2022-06-11T08:54:02.000Z</time>
        <extensions>
          <ns3:TrackPointExtension>
            <ns3:hr>130</ns3:hr>
            <ns3:cad>0</ns3:cad>
          </ns3:TrackPointExtension>
        </extensions>
      </trkpt>
      <trkpt lat="46.383503191173076629638671875" lon="23.57529415749013423919677734375">
        <ele>570.20001220703125</ele>
        <time>2022-06-11T08:54:06.000Z</time>
        <extensions>
          <ns3:TrackPointExtension>
            <ns3:hr>131</ns3:hr>
            <ns3:cad>0</ns3:cad>
          </ns3:TrackPointExtension>
        </extensions>
      </trkpt>
      <trkpt lat="46.38350461609661579132080078125" lon="23.57529424130916595458984375">
        <ele>570.4000244140625</ele>
        <time>2022-06-11T08:54:08.000Z</time>
        <extensions>
          <ns3:TrackPointExtension>
            <ns3:hr>132</ns3:hr>
            <ns3:cad>0</ns3:cad>
          </ns3:TrackPointExtension>
        </extensions>
      </trkpt>
      <trkpt lat="46.38349656946957111358642578125" lon="23.57526331208646297454833984375">
        <ele>570.5999755859375</ele>
        <time>2022-06-11T08:54:19.000Z</time>
        <extensions>
          <ns3:TrackPointExtension>
            <ns3:hr>132</ns3:hr>
            <ns3:cad>0</ns3:cad>
          </ns3:TrackPointExtension>
        </extensions>
      </trkpt>
      <trkpt lat="46.383485756814479827880859375" lon="23.575277142226696014404296875">
        <ele>570.5999755859375</ele>
        <time>2022-06-11T08:54:24.000Z</time>
        <extensions>
          <ns3:TrackPointExtension>
            <ns3:hr>128</ns3:hr>
            <ns3:cad>0</ns3:cad>
          </ns3:TrackPointExtension>
        </extensions>
      </trkpt>
      <trkpt lat="46.38347477652132511138916015625" lon="23.5752900503575801849365234375">
        <ele>571</ele>
        <time>2022-06-11T08:54:26.000Z</time>
        <extensions>
          <ns3:TrackPointExtension>
            <ns3:hr>127</ns3:hr>
            <ns3:cad>0</ns3:cad>
          </ns3:TrackPointExtension>
        </extensions>
      </trkpt>
      <trkpt lat="46.383471004664897918701171875" lon="23.5752954147756099700927734375">
        <ele>571.5999755859375</ele>
        <time>2022-06-11T08:54:28.000Z</time>
        <extensions>
          <ns3:TrackPointExtension>
            <ns3:hr>128</ns3:hr>
            <ns3:cad>73</ns3:cad>
          </ns3:TrackPointExtension>
        </extensions>
      </trkpt>
      <trkpt lat="46.38346555642783641815185546875" lon="23.5752900503575801849365234375">
        <ele>572.79998779296875</ele>
        <time>2022-06-11T08:54:32.000Z</time>
        <extensions>
          <ns3:TrackPointExtension>
            <ns3:hr>127</ns3:hr>
            <ns3:cad>60</ns3:cad>
          </ns3:TrackPointExtension>
        </extensions>
      </trkpt>
      <trkpt lat="46.3834654726088047027587890625" lon="23.575287871062755584716796875">
        <ele>573</ele>
        <time>2022-06-11T08:54:38.000Z</time>
        <extensions>
          <ns3:TrackPointExtension>
            <ns3:hr>130</ns3:hr>
            <ns3:cad>0</ns3:cad>
          </ns3:TrackPointExtension>
        </extensions>
      </trkpt>
      <trkpt lat="46.3834654726088047027587890625" lon="23.575287871062755584716796875">
        <ele>573.20001220703125</ele>
        <time>2022-06-11T08:54:40.000Z</time>
        <extensions>
          <ns3:TrackPointExtension>
            <ns3:hr>133</ns3:hr>
            <ns3:cad>72</ns3:cad>
          </ns3:TrackPointExtension>
        </extensions>
      </trkpt>
      <trkpt lat="46.3834654726088047027587890625" lon="23.575287871062755584716796875">
        <ele>573.79998779296875</ele>
        <time>2022-06-11T08:54:45.000Z</time>
        <extensions>
          <ns3:TrackPointExtension>
            <ns3:hr>133</ns3:hr>
            <ns3:cad>0</ns3:cad>
          </ns3:TrackPointExtension>
        </extensions>
      </trkpt>
      <trkpt lat="46.3834654726088047027587890625" lon="23.575287871062755584716796875">
        <ele>574</ele>
        <time>2022-06-11T08:54:46.000Z</time>
        <extensions>
          <ns3:TrackPointExtension>
            <ns3:hr>132</ns3:hr>
            <ns3:cad>0</ns3:cad>
          </ns3:TrackPointExtension>
        </extensions>
      </trkpt>
      <trkpt lat="46.3834601081907749176025390625" lon="23.57528074644505977630615234375">
        <ele>575</ele>
        <time>2022-06-11T08:54:53.000Z</time>
        <extensions>
          <ns3:TrackPointExtension>
            <ns3:hr>130</ns3:hr>
            <ns3:cad>0</ns3:cad>
          </ns3:TrackPointExtension>
        </extensions>
      </trkpt>
      <trkpt lat="46.38342733494937419891357421875" lon="23.57527605257928371429443359375">
        <ele>576.20001220703125</ele>
        <time>2022-06-11T08:55:00.000Z</time>
        <extensions>
          <ns3:TrackPointExtension>
            <ns3:hr>133</ns3:hr>
            <ns3:cad>62</ns3:cad>
          </ns3:TrackPointExtension>
        </extensions>
      </trkpt>
      <trkpt lat="46.38339967466890811920166015625" lon="23.57527471147477626800537109375">
        <ele>577.20001220703125</ele>
        <time>2022-06-11T08:55:06.000Z</time>
        <extensions>
          <ns3:TrackPointExtension>
            <ns3:hr>132</ns3:hr>
            <ns3:cad>0</ns3:cad>
          </ns3:TrackPointExtension>
        </extensions>
      </trkpt>
      <trkpt lat="46.3833783008158206939697265625" lon="23.5752699337899684906005859375">
        <ele>578.20001220703125</ele>
        <time>2022-06-11T08:55:14.000Z</time>
        <extensions>
          <ns3:TrackPointExtension>
            <ns3:hr>132</ns3:hr>
            <ns3:cad>0</ns3:cad>
          </ns3:TrackPointExtension>
        </extensions>
      </trkpt>
      <trkpt lat="46.38336338102817535400390625" lon="23.57526767067611217498779296875">
        <ele>579</ele>
        <time>2022-06-11T08:55:20.000Z</time>
        <extensions>
          <ns3:TrackPointExtension>
            <ns3:hr>135</ns3:hr>
            <ns3:cad>0</ns3:cad>
          </ns3:TrackPointExtension>
        </extensions>
      </trkpt>
      <trkpt lat="46.38336162082850933074951171875" lon="23.57526767067611217498779296875">
        <ele>579.20001220703125</ele>
        <time>2022-06-11T08:55:22.000Z</time>
        <extensions>
          <ns3:TrackPointExtension>
            <ns3:hr>135</ns3:hr>
            <ns3:cad>70</ns3:cad>
          </ns3:TrackPointExtension>
        </extensions>
      </trkpt>
      <trkpt lat="46.3833491317927837371826171875" lon="23.57525928877294063568115234375">
        <ele>580</ele>
        <time>2022-06-11T08:55:27.000Z</time>
        <extensions>
          <ns3:TrackPointExtension>
            <ns3:hr>132</ns3:hr>
            <ns3:cad>0</ns3:cad>
          </ns3:TrackPointExtension>
        </extensions>
      </trkpt>
      <trkpt lat="46.3833397440612316131591796875" lon="23.57525744475424289703369140625">
        <ele>580.4000244140625</ele>
        <time>2022-06-11T08:55:29.000Z</time>
        <extensions>
          <ns3:TrackPointExtension>
            <ns3:hr>131</ns3:hr>
            <ns3:cad>0</ns3:cad>
          </ns3:TrackPointExtension>
        </extensions>
      </trkpt>
      <trkpt lat="46.3833350501954555511474609375" lon="23.57525669038295745849609375">
        <ele>580.79998779296875</ele>
        <time>2022-06-11T08:55:31.000Z</time>
        <extensions>
          <ns3:TrackPointExtension>
            <ns3:hr>134</ns3:hr>
            <ns3:cad>0</ns3:cad>
          </ns3:TrackPointExtension>
        </extensions>
      </trkpt>
      <trkpt lat="46.38329557143151760101318359375" lon="23.57528342865407466888427734375">
        <ele>581.4000244140625</ele>
        <time>2022-06-11T08:55:36.000Z</time>
        <extensions>
          <ns3:TrackPointExtension>
            <ns3:hr>131</ns3:hr>
            <ns3:cad>0</ns3:cad>
          </ns3:TrackPointExtension>
        </extensions>
      </trkpt>
      <trkpt lat="46.383287273347377777099609375" lon="23.57529155910015106201171875">
        <ele>581.5999755859375</ele>
        <time>2022-06-11T08:55:37.000Z</time>
        <extensions>
          <ns3:TrackPointExtension>
            <ns3:hr>131</ns3:hr>
            <ns3:cad>0</ns3:cad>
          </ns3:TrackPointExtension>
        </extensions>
      </trkpt>
      <trkpt lat="46.38325734995305538177490234375" lon="23.5753001086413860321044921875">
        <ele>582.5999755859375</ele>
        <time>2022-06-11T08:55:41.000Z</time>
        <extensions>
          <ns3:TrackPointExtension>
            <ns3:hr>132</ns3:hr>
            <ns3:cad>0</ns3:cad>
          </ns3:TrackPointExtension>
        </extensions>
      </trkpt>
      <trkpt lat="46.38325877487659454345703125" lon="23.5752934031188488006591796875">
        <ele>582.79998779296875</ele>
        <time>2022-06-11T08:55:43.000Z</time>
        <extensions>
          <ns3:TrackPointExtension>
            <ns3:hr>135</ns3:hr>
            <ns3:cad>0</ns3:cad>
          </ns3:TrackPointExtension>
        </extensions>
      </trkpt>
      <trkpt lat="46.383251063525676727294921875" lon="23.57529021799564361572265625">
        <ele>582.79998779296875</ele>
        <time>2022-06-11T08:55:44.000Z</time>
        <extensions>
          <ns3:TrackPointExtension>
            <ns3:hr>135</ns3:hr>
            <ns3:cad>0</ns3:cad>
          </ns3:TrackPointExtension>
        </extensions>
      </trkpt>
      <trkpt lat="46.38323505409061908721923828125" lon="23.57527119107544422149658203125">
        <ele>583.4000244140625</ele>
        <time>2022-06-11T08:55:50.000Z</time>
        <extensions>
          <ns3:TrackPointExtension>
            <ns3:hr>135</ns3:hr>
            <ns3:cad>0</ns3:cad>
          </ns3:TrackPointExtension>
        </extensions>
      </trkpt>
      <trkpt lat="46.38323354534804821014404296875" lon="23.57526565901935100555419921875">
        <ele>583.5999755859375</ele>
        <time>2022-06-11T08:55:52.000Z</time>
        <extensions>
          <ns3:TrackPointExtension>
            <ns3:hr>135</ns3:hr>
            <ns3:cad>0</ns3:cad>
          </ns3:TrackPointExtension>
        </extensions>
      </trkpt>
      <trkpt lat="46.38324041850864887237548828125" lon="23.575271107256412506103515625">
        <ele>584.4000244140625</ele>
        <time>2022-06-11T08:55:58.000Z</time>
        <extensions>
          <ns3:TrackPointExtension>
            <ns3:hr>135</ns3:hr>
            <ns3:cad>0</ns3:cad>
          </ns3:TrackPointExtension>
        </extensions>
      </trkpt>
      <trkpt lat="46.38324662111699581146240234375" lon="23.5752763040363788604736328125">
        <ele>584.5999755859375</ele>
        <time>2022-06-11T08:56:05.000Z</time>
        <extensions>
          <ns3:TrackPointExtension>
            <ns3:hr>134</ns3:hr>
            <ns3:cad>61</ns3:cad>
          </ns3:TrackPointExtension>
        </extensions>
      </trkpt>
      <trkpt lat="46.38324662111699581146240234375" lon="23.5752763040363788604736328125">
        <ele>585.4000244140625</ele>
        <time>2022-06-11T08:56:09.000Z</time>
        <extensions>
          <ns3:TrackPointExtension>
            <ns3:hr>133</ns3:hr>
            <ns3:cad>62</ns3:cad>
          </ns3:TrackPointExtension>
        </extensions>
      </trkpt>
      <trkpt lat="46.383243016898632049560546875" lon="23.5752763040363788604736328125">
        <ele>585.79998779296875</ele>
        <time>2022-06-11T08:56:12.000Z</time>
        <extensions>
          <ns3:TrackPointExtension>
            <ns3:hr>132</ns3:hr>
            <ns3:cad>62</ns3:cad>
          </ns3:TrackPointExtension>
        </extensions>
      </trkpt>
      <trkpt lat="46.383234970271587371826171875" lon="23.5752763040363788604736328125">
        <ele>586.4000244140625</ele>
        <time>2022-06-11T08:56:15.000Z</time>
        <extensions>
          <ns3:TrackPointExtension>
            <ns3:hr>129</ns3:hr>
            <ns3:cad>63</ns3:cad>
          </ns3:TrackPointExtension>
        </extensions>
      </trkpt>
      <trkpt lat="46.38323186896741390228271484375" lon="23.5752763040363788604736328125">
        <ele>586.79998779296875</ele>
        <time>2022-06-11T08:56:18.000Z</time>
        <extensions>
          <ns3:TrackPointExtension>
            <ns3:hr>129</ns3:hr>
            <ns3:cad>62</ns3:cad>
          </ns3:TrackPointExtension>
        </extensions>
      </trkpt>
      <trkpt lat="46.38318903744220733642578125" lon="23.5752779804170131683349609375">
        <ele>587.79998779296875</ele>
        <time>2022-06-11T08:56:25.000Z</time>
        <extensions>
          <ns3:TrackPointExtension>
            <ns3:hr>128</ns3:hr>
            <ns3:cad>56</ns3:cad>
          </ns3:TrackPointExtension>
        </extensions>
      </trkpt>
      <trkpt lat="46.383157186210155487060546875" lon="23.57530069537460803985595703125">
        <ele>589</ele>
        <time>2022-06-11T08:56:31.000Z</time>
        <extensions>
          <ns3:TrackPointExtension>
            <ns3:hr>128</ns3:hr>
            <ns3:cad>66</ns3:cad>
          </ns3:TrackPointExtension>
        </extensions>
      </trkpt>
      <trkpt lat="46.383132040500640869140625" lon="23.57530631124973297119140625">
        <ele>590.20001220703125</ele>
        <time>2022-06-11T08:56:38.000Z</time>
        <extensions>
          <ns3:TrackPointExtension>
            <ns3:hr>128</ns3:hr>
            <ns3:cad>0</ns3:cad>
          </ns3:TrackPointExtension>
        </extensions>
      </trkpt>
      <trkpt lat="46.38311837799847126007080078125" lon="23.5753195546567440032958984375">
        <ele>590.5999755859375</ele>
        <time>2022-06-11T08:56:44.000Z</time>
        <extensions>
          <ns3:TrackPointExtension>
            <ns3:hr>131</ns3:hr>
            <ns3:cad>57</ns3:cad>
          </ns3:TrackPointExtension>
        </extensions>
      </trkpt>
      <trkpt lat="46.38311527669429779052734375" lon="23.5753225721418857574462890625">
        <ele>591</ele>
        <time>2022-06-11T08:56:46.000Z</time>
        <extensions>
          <ns3:TrackPointExtension>
            <ns3:hr>136</ns3:hr>
            <ns3:cad>69</ns3:cad>
          </ns3:TrackPointExtension>
        </extensions>
      </trkpt>
      <trkpt lat="46.38311393558979034423828125" lon="23.5753255896270275115966796875">
        <ele>591.4000244140625</ele>
        <time>2022-06-11T08:56:48.000Z</time>
        <extensions>
          <ns3:TrackPointExtension>
            <ns3:hr>137</ns3:hr>
            <ns3:cad>69</ns3:cad>
          </ns3:TrackPointExtension>
        </extensions>
      </trkpt>
      <trkpt lat="46.38310731388628482818603515625" lon="23.57534377835690975189208984375">
        <ele>592.4000244140625</ele>
        <time>2022-06-11T08:56:52.000Z</time>
        <extensions>
          <ns3:TrackPointExtension>
            <ns3:hr>140</ns3:hr>
            <ns3:cad>0</ns3:cad>
          </ns3:TrackPointExtension>
        </extensions>
      </trkpt>
      <trkpt lat="46.3830785639584064483642578125" lon="23.57535459101200103759765625">
        <ele>593.4000244140625</ele>
        <time>2022-06-11T08:56:59.000Z</time>
        <extensions>
          <ns3:TrackPointExtension>
            <ns3:hr>135</ns3:hr>
            <ns3:cad>0</ns3:cad>
          </ns3:TrackPointExtension>
        </extensions>
      </trkpt>
      <trkpt lat="46.3830527476966381072998046875" lon="23.5753597877919673919677734375">
        <ele>594.5999755859375</ele>
        <time>2022-06-11T08:57:05.000Z</time>
        <extensions>
          <ns3:TrackPointExtension>
            <ns3:hr>133</ns3:hr>
            <ns3:cad>0</ns3:cad>
          </ns3:TrackPointExtension>
        </extensions>
      </trkpt>
      <trkpt lat="46.38303858228027820587158203125" lon="23.575361631810665130615234375">
        <ele>595.20001220703125</ele>
        <time>2022-06-11T08:57:13.000Z</time>
        <extensions>
          <ns3:TrackPointExtension>
            <ns3:hr>130</ns3:hr>
            <ns3:cad>0</ns3:cad>
          </ns3:TrackPointExtension>
        </extensions>
      </trkpt>
      <trkpt lat="46.3830309547483921051025390625" lon="23.57535869814455509185791015625">
        <ele>595.20001220703125</ele>
        <time>2022-06-11T08:57:27.000Z</time>
        <extensions>
          <ns3:TrackPointExtension>
            <ns3:hr>133</ns3:hr>
            <ns3:cad>0</ns3:cad>
          </ns3:TrackPointExtension>
        </extensions>
      </trkpt>
      <trkpt lat="46.38301880098879337310791015625" lon="23.5753426887094974517822265625">
        <ele>595.20001220703125</ele>
        <time>2022-06-11T08:57:48.000Z</time>
        <extensions>
          <ns3:TrackPointExtension>
            <ns3:hr>130</ns3:hr>
            <ns3:cad>0</ns3:cad>
          </ns3:TrackPointExtension>
        </extensions>
      </trkpt>
      <trkpt lat="46.38301829807460308074951171875" lon="23.57533858157694339752197265625">
        <ele>595.20001220703125</ele>
        <time>2022-06-11T08:58:02.000Z</time>
        <extensions>
          <ns3:TrackPointExtension>
            <ns3:hr>127</ns3:hr>
            <ns3:cad>0</ns3:cad>
          </ns3:TrackPointExtension>
        </extensions>
      </trkpt>
      <trkpt lat="46.3830178789794445037841796875" lon="23.57533774338662624359130859375">
        <ele>595.4000244140625</ele>
        <time>2022-06-11T08:58:06.000Z</time>
        <extensions>
          <ns3:TrackPointExtension>
            <ns3:hr>124</ns3:hr>
            <ns3:cad>0</ns3:cad>
          </ns3:TrackPointExtension>
        </extensions>
      </trkpt>
      <trkpt lat="46.38301393948495388031005859375" lon="23.57533724047243595123291015625">
        <ele>595.4000244140625</ele>
        <time>2022-06-11T08:58:10.000Z</time>
        <extensions>
          <ns3:TrackPointExtension>
            <ns3:hr>121</ns3:hr>
            <ns3:cad>0</ns3:cad>
          </ns3:TrackPointExtension>
        </extensions>
      </trkpt>
      <trkpt lat="46.383011341094970703125" lon="23.575336821377277374267578125">
        <ele>595.4000244140625</ele>
        <time>2022-06-11T08:58:15.000Z</time>
        <extensions>
          <ns3:TrackPointExtension>
            <ns3:hr>118</ns3:hr>
            <ns3:cad>0</ns3:cad>
          </ns3:TrackPointExtension>
        </extensions>
      </trkpt>
      <trkpt lat="46.38301108963787555694580078125" lon="23.57533673755824565887451171875">
        <ele>595</ele>
        <time>2022-06-11T08:58:18.000Z</time>
        <extensions>
          <ns3:TrackPointExtension>
            <ns3:hr>113</ns3:hr>
            <ns3:cad>0</ns3:cad>
          </ns3:TrackPointExtension>
        </extensions>
      </trkpt>
      <trkpt lat="46.383011005818843841552734375" lon="23.575336821377277374267578125">
        <ele>595</ele>
        <time>2022-06-11T08:58:20.000Z</time>
        <extensions>
          <ns3:TrackPointExtension>
            <ns3:hr>108</ns3:hr>
            <ns3:cad>0</ns3:cad>
          </ns3:TrackPointExtension>
        </extensions>
      </trkpt>
      <trkpt lat="46.383011005818843841552734375" lon="23.57533690519630908966064453125">
        <ele>595</ele>
        <time>2022-06-11T08:58:21.000Z</time>
        <extensions>
          <ns3:TrackPointExtension>
            <ns3:hr>105</ns3:hr>
            <ns3:cad>0</ns3:cad>
          </ns3:TrackPointExtension>
        </extensions>
      </trkpt>
      <trkpt lat="46.383011005818843841552734375" lon="23.5753369890153408050537109375">
        <ele>595</ele>
        <time>2022-06-11T08:58:23.000Z</time>
        <extensions>
          <ns3:TrackPointExtension>
            <ns3:hr>102</ns3:hr>
            <ns3:cad>0</ns3:cad>
          </ns3:TrackPointExtension>
        </extensions>
      </trkpt>
      <trkpt lat="46.3830168731510639190673828125" lon="23.5753390006721019744873046875">
        <ele>595</ele>
        <time>2022-06-11T08:58:37.000Z</time>
        <extensions>
          <ns3:TrackPointExtension>
            <ns3:hr>105</ns3:hr>
            <ns3:cad>0</ns3:cad>
          </ns3:TrackPointExtension>
        </extensions>
      </trkpt>
      <trkpt lat="46.38301670551300048828125" lon="23.5753393359482288360595703125">
        <ele>595</ele>
        <time>2022-06-11T08:59:03.000Z</time>
        <extensions>
          <ns3:TrackPointExtension>
            <ns3:hr>108</ns3:hr>
            <ns3:cad>0</ns3:cad>
          </ns3:TrackPointExtension>
        </extensions>
      </trkpt>
      <trkpt lat="46.38301511295139789581298828125" lon="23.57533908449113368988037109375">
        <ele>595</ele>
        <time>2022-06-11T08:59:07.000Z</time>
        <extensions>
          <ns3:TrackPointExtension>
            <ns3:hr>104</ns3:hr>
            <ns3:cad>0</ns3:cad>
          </ns3:TrackPointExtension>
        </extensions>
      </trkpt>
      <trkpt lat="46.38301444239914417266845703125" lon="23.57533891685307025909423828125">
        <ele>595</ele>
        <time>2022-06-11T08:59:09.000Z</time>
        <extensions>
          <ns3:TrackPointExtension>
            <ns3:hr>101</ns3:hr>
            <ns3:cad>0</ns3:cad>
          </ns3:TrackPointExtension>
        </extensions>
      </trkpt>
      <trkpt lat="46.3830128498375415802001953125" lon="23.57533874921500682830810546875">
        <ele>595</ele>
        <time>2022-06-11T08:59:13.000Z</time>
        <extensions>
          <ns3:TrackPointExtension>
            <ns3:hr>98</ns3:hr>
            <ns3:cad>0</ns3:cad>
          </ns3:TrackPointExtension>
        </extensions>
      </trkpt>
      <trkpt lat="46.38300840742886066436767578125" lon="23.57533908449113368988037109375">
        <ele>595</ele>
        <time>2022-06-11T08:59:34.000Z</time>
        <extensions>
          <ns3:TrackPointExtension>
            <ns3:hr>95</ns3:hr>
            <ns3:cad>0</ns3:cad>
          </ns3:TrackPointExtension>
        </extensions>
      </trkpt>
      <trkpt lat="46.38300790451467037200927734375" lon="23.57533858157694339752197265625">
        <ele>595</ele>
        <time>2022-06-11T08:59:37.000Z</time>
        <extensions>
          <ns3:TrackPointExtension>
            <ns3:hr>92</ns3:hr>
            <ns3:cad>0</ns3:cad>
          </ns3:TrackPointExtension>
        </extensions>
      </trkpt>
      <trkpt lat="46.38300706632435321807861328125" lon="23.5753390006721019744873046875">
        <ele>595</ele>
        <time>2022-06-11T08:59:46.000Z</time>
        <extensions>
          <ns3:TrackPointExtension>
            <ns3:hr>95</ns3:hr>
            <ns3:cad>0</ns3:cad>
          </ns3:TrackPointExtension>
        </extensions>
      </trkpt>
      <trkpt lat="46.383005641400814056396484375" lon="23.57533891685307025909423828125">
        <ele>595</ele>
        <time>2022-06-11T08:59:52.000Z</time>
        <extensions>
          <ns3:TrackPointExtension>
            <ns3:hr>98</ns3:hr>
            <ns3:cad>0</ns3:cad>
          </ns3:TrackPointExtension>
        </extensions>
      </trkpt>
      <trkpt lat="46.38300153426826000213623046875" lon="23.575337491929531097412109375">
        <ele>595</ele>
        <time>2022-06-11T09:00:14.000Z</time>
        <extensions>
          <ns3:TrackPointExtension>
            <ns3:hr>95</ns3:hr>
            <ns3:cad>0</ns3:cad>
          </ns3:TrackPointExtension>
        </extensions>
      </trkpt>
      <trkpt lat="46.38299834914505481719970703125" lon="23.5753383301198482513427734375">
        <ele>595</ele>
        <time>2022-06-11T09:00:34.000Z</time>
        <extensions>
          <ns3:TrackPointExtension>
            <ns3:hr>92</ns3:hr>
            <ns3:cad>0</ns3:cad>
          </ns3:TrackPointExtension>
        </extensions>
      </trkpt>
      <trkpt lat="46.38299851678311824798583984375" lon="23.57533581554889678955078125">
        <ele>595</ele>
        <time>2022-06-11T09:00:45.000Z</time>
        <extensions>
          <ns3:TrackPointExtension>
            <ns3:hr>95</ns3:hr>
            <ns3:cad>0</ns3:cad>
          </ns3:TrackPointExtension>
        </extensions>
      </trkpt>
      <trkpt lat="46.38299818150699138641357421875" lon="23.5753363184630870819091796875">
        <ele>595</ele>
        <time>2022-06-11T09:00:51.000Z</time>
        <extensions>
          <ns3:TrackPointExtension>
            <ns3:hr>98</ns3:hr>
            <ns3:cad>67</ns3:cad>
          </ns3:TrackPointExtension>
        </extensions>
      </trkpt>
      <trkpt lat="46.3829944096505641937255859375" lon="23.57533522881567478179931640625">
        <ele>595</ele>
        <time>2022-06-11T09:01:12.000Z</time>
        <extensions>
          <ns3:TrackPointExtension>
            <ns3:hr>95</ns3:hr>
            <ns3:cad>65</ns3:cad>
          </ns3:TrackPointExtension>
        </extensions>
      </trkpt>
      <trkpt lat="46.3829927332699298858642578125" lon="23.57533539645373821258544921875">
        <ele>600.4000244140625</ele>
        <time>2022-06-11T09:01:21.000Z</time>
        <extensions>
          <ns3:TrackPointExtension>
            <ns3:hr>94</ns3:hr>
            <ns3:cad>65</ns3:cad>
          </ns3:TrackPointExtension>
        </extensions>
      </trkpt>
      <trkpt lat="46.38299231417477130889892578125" lon="23.57533522881567478179931640625">
        <ele>600.4000244140625</ele>
        <time>2022-06-11T09:01:23.000Z</time>
        <extensions>
          <ns3:TrackPointExtension>
            <ns3:hr>97</ns3:hr>
            <ns3:cad>0</ns3:cad>
          </ns3:TrackPointExtension>
        </extensions>
      </trkpt>
      <trkpt lat="46.38299181126058101654052734375" lon="23.57533489353954792022705078125">
        <ele>600.5999755859375</ele>
        <time>2022-06-11T09:01:25.000Z</time>
        <extensions>
          <ns3:TrackPointExtension>
            <ns3:hr>100</ns3:hr>
            <ns3:cad>0</ns3:cad>
          </ns3:TrackPointExtension>
        </extensions>
      </trkpt>
      <trkpt lat="46.3829913921654224395751953125" lon="23.57533439062535762786865234375">
        <ele>600.79998779296875</ele>
        <time>2022-06-11T09:01:27.000Z</time>
        <extensions>
          <ns3:TrackPointExtension>
            <ns3:hr>103</ns3:hr>
            <ns3:cad>0</ns3:cad>
          </ns3:TrackPointExtension>
        </extensions>
      </trkpt>
      <trkpt lat="46.38299080543220043182373046875" lon="23.57533447444438934326171875">
        <ele>601.5999755859375</ele>
        <time>2022-06-11T09:01:30.000Z</time>
        <extensions>
          <ns3:TrackPointExtension>
            <ns3:hr>108</ns3:hr>
            <ns3:cad>0</ns3:cad>
          </ns3:TrackPointExtension>
        </extensions>
      </trkpt>
      <trkpt lat="46.38299013487994670867919921875" lon="23.57533439062535762786865234375">
        <ele>602</ele>
        <time>2022-06-11T09:01:33.000Z</time>
        <extensions>
          <ns3:TrackPointExtension>
            <ns3:hr>111</ns3:hr>
            <ns3:cad>0</ns3:cad>
          </ns3:TrackPointExtension>
        </extensions>
      </trkpt>
      <trkpt lat="46.3829898834228515625" lon="23.575334139168262481689453125">
        <ele>602.4000244140625</ele>
        <time>2022-06-11T09:01:34.000Z</time>
        <extensions>
          <ns3:TrackPointExtension>
            <ns3:hr>115</ns3:hr>
            <ns3:cad>58</ns3:cad>
          </ns3:TrackPointExtension>
        </extensions>
      </trkpt>
      <trkpt lat="46.382989548146724700927734375" lon="23.575334139168262481689453125">
        <ele>602.5999755859375</ele>
        <time>2022-06-11T09:01:35.000Z</time>
        <extensions>
          <ns3:TrackPointExtension>
            <ns3:hr>119</ns3:hr>
            <ns3:cad>58</ns3:cad>
          </ns3:TrackPointExtension>
        </extensions>
      </trkpt>
      <trkpt lat="46.3829890452325344085693359375" lon="23.575334139168262481689453125">
        <ele>602.5999755859375</ele>
        <time>2022-06-11T09:01:36.000Z</time>
        <extensions>
          <ns3:TrackPointExtension>
            <ns3:hr>122</ns3:hr>
            <ns3:cad>58</ns3:cad>
          </ns3:TrackPointExtension>
        </extensions>
      </trkpt>
      <trkpt lat="46.38295576907694339752197265625" lon="23.57532936148345470428466796875">
        <ele>603.5999755859375</ele>
        <time>2022-06-11T09:01:41.000Z</time>
        <extensions>
          <ns3:TrackPointExtension>
            <ns3:hr>124</ns3:hr>
            <ns3:cad>0</ns3:cad>
          </ns3:TrackPointExtension>
        </extensions>
      </trkpt>
      <trkpt lat="46.382923163473606109619140625" lon="23.57533304952085018157958984375">
        <ele>604</ele>
        <time>2022-06-11T09:01:43.000Z</time>
        <extensions>
          <ns3:TrackPointExtension>
            <ns3:hr>124</ns3:hr>
            <ns3:cad>0</ns3:cad>
          </ns3:TrackPointExtension>
        </extensions>
      </trkpt>
      <trkpt lat="46.3828499056398868560791015625" lon="23.5753222368657588958740234375">
        <ele>604.79998779296875</ele>
        <time>2022-06-11T09:01:47.000Z</time>
        <extensions>
          <ns3:TrackPointExtension>
            <ns3:hr>125</ns3:hr>
            <ns3:cad>50</ns3:cad>
          </ns3:TrackPointExtension>
        </extensions>
      </trkpt>
      <trkpt lat="46.38280539773404598236083984375" lon="23.57531527988612651824951171875">
        <ele>605</ele>
        <time>2022-06-11T09:01:50.000Z</time>
        <extensions>
          <ns3:TrackPointExtension>
            <ns3:hr>124</ns3:hr>
            <ns3:cad>68</ns3:cad>
          </ns3:TrackPointExtension>
        </extensions>
      </trkpt>
      <trkpt lat="46.3827768154442310333251953125" lon="23.575295247137546539306640625">
        <ele>605.79998779296875</ele>
        <time>2022-06-11T09:01:55.000Z</time>
        <extensions>
          <ns3:TrackPointExtension>
            <ns3:hr>123</ns3:hr>
            <ns3:cad>67</ns3:cad>
          </ns3:TrackPointExtension>
        </extensions>
      </trkpt>
      <trkpt lat="46.3827659189701080322265625" lon="23.57528887689113616943359375">
        <ele>606.4000244140625</ele>
        <time>2022-06-11T09:01:57.000Z</time>
        <extensions>
          <ns3:TrackPointExtension>
            <ns3:hr>124</ns3:hr>
            <ns3:cad>67</ns3:cad>
          </ns3:TrackPointExtension>
        </extensions>
      </trkpt>
      <trkpt lat="46.38275795616209506988525390625" lon="23.5752749629318714141845703125">
        <ele>607</ele>
        <time>2022-06-11T09:02:01.000Z</time>
        <extensions>
          <ns3:TrackPointExtension>
            <ns3:hr>125</ns3:hr>
            <ns3:cad>0</ns3:cad>
          </ns3:TrackPointExtension>
        </extensions>
      </trkpt>
      <trkpt lat="46.3827305473387241363525390625" lon="23.5752675868570804595947265625">
        <ele>607.20001220703125</ele>
        <time>2022-06-11T09:02:04.000Z</time>
        <extensions>
          <ns3:TrackPointExtension>
            <ns3:hr>126</ns3:hr>
            <ns3:cad>72</ns3:cad>
          </ns3:TrackPointExtension>
        </extensions>
      </trkpt>
      <trkpt lat="46.38272359035909175872802734375" lon="23.5752615518867969512939453125">
        <ele>608.20001220703125</ele>
        <time>2022-06-11T09:02:09.000Z</time>
        <extensions>
          <ns3:TrackPointExtension>
            <ns3:hr>129</ns3:hr>
            <ns3:cad>62</ns3:cad>
          </ns3:TrackPointExtension>
        </extensions>
      </trkpt>
      <trkpt lat="46.38271017931401729583740234375" lon="23.57526473701000213623046875">
        <ele>608.5999755859375</ele>
        <time>2022-06-11T09:02:11.000Z</time>
        <extensions>
          <ns3:TrackPointExtension>
            <ns3:hr>130</ns3:hr>
            <ns3:cad>62</ns3:cad>
          </ns3:TrackPointExtension>
        </extensions>
      </trkpt>
      <trkpt lat="46.3827097602188587188720703125" lon="23.57526071369647979736328125">
        <ele>609.4000244140625</ele>
        <time>2022-06-11T09:02:14.000Z</time>
        <extensions>
          <ns3:TrackPointExtension>
            <ns3:hr>131</ns3:hr>
            <ns3:cad>67</ns3:cad>
          </ns3:TrackPointExtension>
        </extensions>
      </trkpt>
      <trkpt lat="46.38270716182887554168701171875" lon="23.575262725353240966796875">
        <ele>609.79998779296875</ele>
        <time>2022-06-11T09:02:16.000Z</time>
        <extensions>
          <ns3:TrackPointExtension>
            <ns3:hr>131</ns3:hr>
            <ns3:cad>0</ns3:cad>
          </ns3:TrackPointExtension>
        </extensions>
      </trkpt>
      <trkpt lat="46.3826792500913143157958984375" lon="23.57525576837360858917236328125">
        <ele>610.5999755859375</ele>
        <time>2022-06-11T09:02:19.000Z</time>
        <extensions>
          <ns3:TrackPointExtension>
            <ns3:hr>129</ns3:hr>
            <ns3:cad>63</ns3:cad>
          </ns3:TrackPointExtension>
        </extensions>
      </trkpt>
      <trkpt lat="46.3826705329120159149169921875" lon="23.57522274367511272430419921875">
        <ele>611.5999755859375</ele>
        <time>2022-06-11T09:02:23.000Z</time>
        <extensions>
          <ns3:TrackPointExtension>
            <ns3:hr>130</ns3:hr>
            <ns3:cad>62</ns3:cad>
          </ns3:TrackPointExtension>
        </extensions>
      </trkpt>
      <trkpt lat="46.38266206718981266021728515625" lon="23.57521972618997097015380859375">
        <ele>612</ele>
        <time>2022-06-11T09:02:25.000Z</time>
        <extensions>
          <ns3:TrackPointExtension>
            <ns3:hr>134</ns3:hr>
            <ns3:cad>61</ns3:cad>
          </ns3:TrackPointExtension>
        </extensions>
      </trkpt>
      <trkpt lat="46.382646895945072174072265625" lon="23.57522810809314250946044921875">
        <ele>612.5999755859375</ele>
        <time>2022-06-11T09:02:28.000Z</time>
        <extensions>
          <ns3:TrackPointExtension>
            <ns3:hr>135</ns3:hr>
            <ns3:cad>60</ns3:cad>
          </ns3:TrackPointExtension>
        </extensions>
      </trkpt>
      <trkpt lat="46.38262988068163394927978515625" lon="23.5752330534160137176513671875">
        <ele>613.20001220703125</ele>
        <time>2022-06-11T09:02:30.000Z</time>
        <extensions>
          <ns3:TrackPointExtension>
            <ns3:hr>133</ns3:hr>
            <ns3:cad>59</ns3:cad>
          </ns3:TrackPointExtension>
        </extensions>
      </trkpt>
      <trkpt lat="46.38258696533739566802978515625" lon="23.57523464597761631011962890625">
        <ele>613.79998779296875</ele>
        <time>2022-06-11T09:02:34.000Z</time>
        <extensions>
          <ns3:TrackPointExtension>
            <ns3:hr>132</ns3:hr>
            <ns3:cad>0</ns3:cad>
          </ns3:TrackPointExtension>
        </extensions>
      </trkpt>
      <trkpt lat="46.38255377300083637237548828125" lon="23.57522374950349330902099609375">
        <ele>614.4000244140625</ele>
        <time>2022-06-11T09:02:37.000Z</time>
        <extensions>
          <ns3:TrackPointExtension>
            <ns3:hr>133</ns3:hr>
            <ns3:cad>0</ns3:cad>
          </ns3:TrackPointExtension>
        </extensions>
      </trkpt>
      <trkpt lat="46.382524184882640838623046875" lon="23.57520706951618194580078125">
        <ele>615</ele>
        <time>2022-06-11T09:02:40.000Z</time>
        <extensions>
          <ns3:TrackPointExtension>
            <ns3:hr>133</ns3:hr>
            <ns3:cad>72</ns3:cad>
          </ns3:TrackPointExtension>
        </extensions>
      </trkpt>
      <trkpt lat="46.382504738867282867431640625" lon="23.57521402649581432342529296875">
        <ele>616</ele>
        <time>2022-06-11T09:02:45.000Z</time>
        <extensions>
          <ns3:TrackPointExtension>
            <ns3:hr>134</ns3:hr>
            <ns3:cad>64</ns3:cad>
          </ns3:TrackPointExtension>
        </extensions>
      </trkpt>
      <trkpt lat="46.38250834308564662933349609375" lon="23.5752159543335437774658203125">
        <ele>616.20001220703125</ele>
        <time>2022-06-11T09:02:46.000Z</time>
        <extensions>
          <ns3:TrackPointExtension>
            <ns3:hr>134</ns3:hr>
            <ns3:cad>66</ns3:cad>
          </ns3:TrackPointExtension>
        </extensions>
      </trkpt>
      <trkpt lat="46.38249107636511325836181640625" lon="23.5752283595502376556396484375">
        <ele>617</ele>
        <time>2022-06-11T09:02:51.000Z</time>
        <extensions>
          <ns3:TrackPointExtension>
            <ns3:hr>135</ns3:hr>
            <ns3:cad>65</ns3:cad>
          </ns3:TrackPointExtension>
        </extensions>
      </trkpt>
      <trkpt lat="46.38248168863356113433837890625" lon="23.57523162849247455596923828125">
        <ele>617.4000244140625</ele>
        <time>2022-06-11T09:02:53.000Z</time>
        <extensions>
          <ns3:TrackPointExtension>
            <ns3:hr>136</ns3:hr>
            <ns3:cad>72</ns3:cad>
          </ns3:TrackPointExtension>
        </extensions>
      </trkpt>
      <trkpt lat="46.38247364200651645660400390625" lon="23.57524906285107135772705078125">
        <ele>618.4000244140625</ele>
        <time>2022-06-11T09:02:59.000Z</time>
        <extensions>
          <ns3:TrackPointExtension>
            <ns3:hr>137</ns3:hr>
            <ns3:cad>69</ns3:cad>
          </ns3:TrackPointExtension>
        </extensions>
      </trkpt>
      <trkpt lat="46.38245520181953907012939453125" lon="23.5752801597118377685546875">
        <ele>619.5999755859375</ele>
        <time>2022-06-11T09:03:06.000Z</time>
        <extensions>
          <ns3:TrackPointExtension>
            <ns3:hr>139</ns3:hr>
            <ns3:cad>66</ns3:cad>
          </ns3:TrackPointExtension>
        </extensions>
      </trkpt>
      <trkpt lat="46.3824405334889888763427734375" lon="23.575288541615009307861328125">
        <ele>620</ele>
        <time>2022-06-11T09:03:08.000Z</time>
        <extensions>
          <ns3:TrackPointExtension>
            <ns3:hr>140</ns3:hr>
            <ns3:cad>66</ns3:cad>
          </ns3:TrackPointExtension>
        </extensions>
      </trkpt>
      <trkpt lat="46.38241915963590145111083984375" lon="23.5752769745886325836181640625">
        <ele>620.79998779296875</ele>
        <time>2022-06-11T09:03:13.000Z</time>
        <extensions>
          <ns3:TrackPointExtension>
            <ns3:hr>143</ns3:hr>
            <ns3:cad>67</ns3:cad>
          </ns3:TrackPointExtension>
        </extensions>
      </trkpt>
      <trkpt lat="46.3824056647717952728271484375" lon="23.57528393156826496124267578125">
        <ele>621.20001220703125</ele>
        <time>2022-06-11T09:03:15.000Z</time>
        <extensions>
          <ns3:TrackPointExtension>
            <ns3:hr>143</ns3:hr>
            <ns3:cad>75</ns3:cad>
          </ns3:TrackPointExtension>
        </extensions>
      </trkpt>
      <trkpt lat="46.3823979534208774566650390625" lon="23.575297929346561431884765625">
        <ele>621.79998779296875</ele>
        <time>2022-06-11T09:03:19.000Z</time>
        <extensions>
          <ns3:TrackPointExtension>
            <ns3:hr>143</ns3:hr>
            <ns3:cad>76</ns3:cad>
          </ns3:TrackPointExtension>
        </extensions>
      </trkpt>
      <trkpt lat="46.38239585794508457183837890625" lon="23.57530471868813037872314453125">
        <ele>622.79998779296875</ele>
        <time>2022-06-11T09:03:23.000Z</time>
        <extensions>
          <ns3:TrackPointExtension>
            <ns3:hr>142</ns3:hr>
            <ns3:cad>0</ns3:cad>
          </ns3:TrackPointExtension>
        </extensions>
      </trkpt>
      <trkpt lat="46.38239988125860691070556640625" lon="23.5753084905445575714111328125">
        <ele>623.20001220703125</ele>
        <time>2022-06-11T09:03:24.000Z</time>
        <extensions>
          <ns3:TrackPointExtension>
            <ns3:hr>142</ns3:hr>
            <ns3:cad>0</ns3:cad>
          </ns3:TrackPointExtension>
        </extensions>
      </trkpt>
      <trkpt lat="46.382382027804851531982421875" lon="23.5753359831869602203369140625">
        <ele>623.5999755859375</ele>
        <time>2022-06-11T09:03:28.000Z</time>
        <extensions>
          <ns3:TrackPointExtension>
            <ns3:hr>140</ns3:hr>
            <ns3:cad>64</ns3:cad>
          </ns3:TrackPointExtension>
        </extensions>
      </trkpt>
      <trkpt lat="46.382354199886322021484375" lon="23.57534579001367092132568359375">
        <ele>624.20001220703125</ele>
        <time>2022-06-11T09:03:30.000Z</time>
        <extensions>
          <ns3:TrackPointExtension>
            <ns3:hr>139</ns3:hr>
            <ns3:cad>70</ns3:cad>
          </ns3:TrackPointExtension>
        </extensions>
      </trkpt>
      <trkpt lat="46.38234405778348445892333984375" lon="23.57533036731183528900146484375">
        <ele>625.20001220703125</ele>
        <time>2022-06-11T09:03:34.000Z</time>
        <extensions>
          <ns3:TrackPointExtension>
            <ns3:hr>139</ns3:hr>
            <ns3:cad>69</ns3:cad>
          </ns3:TrackPointExtension>
        </extensions>
      </trkpt>
      <trkpt lat="46.3823436386883258819580078125" lon="23.5753292776644229888916015625">
        <ele>625.20001220703125</ele>
        <time>2022-06-11T09:03:35.000Z</time>
        <extensions>
          <ns3:TrackPointExtension>
            <ns3:hr>139</ns3:hr>
            <ns3:cad>67</ns3:cad>
          </ns3:TrackPointExtension>
        </extensions>
      </trkpt>
      <trkpt lat="46.382327713072299957275390625" lon="23.5753376595675945281982421875">
        <ele>626.20001220703125</ele>
        <time>2022-06-11T09:03:40.000Z</time>
        <extensions>
          <ns3:TrackPointExtension>
            <ns3:hr>139</ns3:hr>
            <ns3:cad>70</ns3:cad>
          </ns3:TrackPointExtension>
        </extensions>
      </trkpt>
      <trkpt lat="46.382325701415538787841796875" lon="23.57533791102468967437744140625">
        <ele>626.4000244140625</ele>
        <time>2022-06-11T09:03:41.000Z</time>
        <extensions>
          <ns3:TrackPointExtension>
            <ns3:hr>139</ns3:hr>
            <ns3:cad>70</ns3:cad>
          </ns3:TrackPointExtension>
        </extensions>
      </trkpt>
      <trkpt lat="46.3823245279490947723388671875" lon="23.57534713111817836761474609375">
        <ele>627.4000244140625</ele>
        <time>2022-06-11T09:03:46.000Z</time>
        <extensions>
          <ns3:TrackPointExtension>
            <ns3:hr>139</ns3:hr>
            <ns3:cad>64</ns3:cad>
          </ns3:TrackPointExtension>
        </extensions>
      </trkpt>
      <trkpt lat="46.38231933116912841796875" lon="23.57535584829747676849365234375">
        <ele>627.79998779296875</ele>
        <time>2022-06-11T09:03:48.000Z</time>
        <extensions>
          <ns3:TrackPointExtension>
            <ns3:hr>139</ns3:hr>
            <ns3:cad>70</ns3:cad>
          </ns3:TrackPointExtension>
        </extensions>
      </trkpt>
      <trkpt lat="46.3823044113814830780029296875" lon="23.5753829218447208404541015625">
        <ele>628.5999755859375</ele>
        <time>2022-06-11T09:03:52.000Z</time>
        <extensions>
          <ns3:TrackPointExtension>
            <ns3:hr>138</ns3:hr>
            <ns3:cad>67</ns3:cad>
          </ns3:TrackPointExtension>
        </extensions>
      </trkpt>
      <trkpt lat="46.3822886534035205841064453125" lon="23.57540597207844257354736328125">
        <ele>629.79998779296875</ele>
        <time>2022-06-11T09:03:57.000Z</time>
        <extensions>
          <ns3:TrackPointExtension>
            <ns3:hr>139</ns3:hr>
            <ns3:cad>70</ns3:cad>
          </ns3:TrackPointExtension>
        </extensions>
      </trkpt>
      <trkpt lat="46.3822883181273937225341796875" lon="23.5754385776817798614501953125">
        <ele>631</ele>
        <time>2022-06-11T09:04:03.000Z</time>
        <extensions>
          <ns3:TrackPointExtension>
            <ns3:hr>140</ns3:hr>
            <ns3:cad>67</ns3:cad>
          </ns3:TrackPointExtension>
        </extensions>
      </trkpt>
      <trkpt lat="46.3822718895971775054931640625" lon="23.575457520782947540283203125">
        <ele>631.79998779296875</ele>
        <time>2022-06-11T09:04:06.000Z</time>
        <extensions>
          <ns3:TrackPointExtension>
            <ns3:hr>140</ns3:hr>
            <ns3:cad>63</ns3:cad>
          </ns3:TrackPointExtension>
        </extensions>
      </trkpt>
      <trkpt lat="46.3822705484926700592041015625" lon="23.57546833343803882598876953125">
        <ele>632</ele>
        <time>2022-06-11T09:04:07.000Z</time>
        <extensions>
          <ns3:TrackPointExtension>
            <ns3:hr>140</ns3:hr>
            <ns3:cad>70</ns3:cad>
          </ns3:TrackPointExtension>
        </extensions>
      </trkpt>
      <trkpt lat="46.38227867893874645233154296875" lon="23.57549599371850490570068359375">
        <ele>633</ele>
        <time>2022-06-11T09:04:12.000Z</time>
        <extensions>
          <ns3:TrackPointExtension>
            <ns3:hr>141</ns3:hr>
            <ns3:cad>68</ns3:cad>
          </ns3:TrackPointExtension>
        </extensions>
      </trkpt>
      <trkpt lat="46.3822705484926700592041015625" lon="23.5755277611315250396728515625">
        <ele>633.79998779296875</ele>
        <time>2022-06-11T09:04:17.000Z</time>
        <extensions>
          <ns3:TrackPointExtension>
            <ns3:hr>142</ns3:hr>
            <ns3:cad>62</ns3:cad>
          </ns3:TrackPointExtension>
        </extensions>
      </trkpt>
      <trkpt lat="46.38229996897280216217041015625" lon="23.5755633004009723663330078125">
        <ele>634.20001220703125</ele>
        <time>2022-06-11T09:04:21.000Z</time>
        <extensions>
          <ns3:TrackPointExtension>
            <ns3:hr>143</ns3:hr>
            <ns3:cad>62</ns3:cad>
          </ns3:TrackPointExtension>
        </extensions>
      </trkpt>
      <trkpt lat="46.38232268393039703369140625" lon="23.57558266259729862213134765625">
        <ele>634.79998779296875</ele>
        <time>2022-06-11T09:04:23.000Z</time>
        <extensions>
          <ns3:TrackPointExtension>
            <ns3:hr>142</ns3:hr>
            <ns3:cad>66</ns3:cad>
          </ns3:TrackPointExtension>
        </extensions>
      </trkpt>
      <trkpt lat="46.3823345862329006195068359375" lon="23.57559422962367534637451171875">
        <ele>635.20001220703125</ele>
        <time>2022-06-11T09:04:26.000Z</time>
        <extensions>
          <ns3:TrackPointExtension>
            <ns3:hr>138</ns3:hr>
            <ns3:cad>66</ns3:cad>
          </ns3:TrackPointExtension>
        </extensions>
      </trkpt>
      <trkpt lat="46.38235797174274921417236328125" lon="23.57563530094921588897705078125">
        <ele>636</ele>
        <time>2022-06-11T09:04:32.000Z</time>
        <extensions>
          <ns3:TrackPointExtension>
            <ns3:hr>138</ns3:hr>
            <ns3:cad>0</ns3:cad>
          </ns3:TrackPointExtension>
        </extensions>
      </trkpt>
      <trkpt lat="46.382389403879642486572265625" lon="23.57566840946674346923828125">
        <ele>636.4000244140625</ele>
        <time>2022-06-11T09:04:35.000Z</time>
        <extensions>
          <ns3:TrackPointExtension>
            <ns3:hr>140</ns3:hr>
            <ns3:cad>0</ns3:cad>
          </ns3:TrackPointExtension>
        </extensions>
      </trkpt>
      <trkpt lat="46.382389068603515625" lon="23.57568391598761081695556640625">
        <ele>636.79998779296875</ele>
        <time>2022-06-11T09:04:38.000Z</time>
        <extensions>
          <ns3:TrackPointExtension>
            <ns3:hr>139</ns3:hr>
            <ns3:cad>69</ns3:cad>
          </ns3:TrackPointExtension>
        </extensions>
      </trkpt>
      <trkpt lat="46.382390074431896209716796875" lon="23.57569179497659206390380859375">
        <ele>637.20001220703125</ele>
        <time>2022-06-11T09:04:40.000Z</time>
        <extensions>
          <ns3:TrackPointExtension>
            <ns3:hr>142</ns3:hr>
            <ns3:cad>66</ns3:cad>
          </ns3:TrackPointExtension>
        </extensions>
      </trkpt>
      <trkpt lat="46.3823972828686237335205078125" lon="23.5756923817098140716552734375">
        <ele>637.5999755859375</ele>
        <time>2022-06-11T09:04:42.000Z</time>
        <extensions>
          <ns3:TrackPointExtension>
            <ns3:hr>142</ns3:hr>
            <ns3:cad>66</ns3:cad>
          </ns3:TrackPointExtension>
        </extensions>
      </trkpt>
      <trkpt lat="46.382382027804851531982421875" lon="23.5757118277251720428466796875">
        <ele>637.79998779296875</ele>
        <time>2022-06-11T09:04:44.000Z</time>
        <extensions>
          <ns3:TrackPointExtension>
            <ns3:hr>142</ns3:hr>
            <ns3:cad>0</ns3:cad>
          </ns3:TrackPointExtension>
        </extensions>
      </trkpt>
      <trkpt lat="46.3823771663010120391845703125" lon="23.5757359676063060760498046875">
        <ele>638.5999755859375</ele>
        <time>2022-06-11T09:04:49.000Z</time>
        <extensions>
          <ns3:TrackPointExtension>
            <ns3:hr>141</ns3:hr>
            <ns3:cad>59</ns3:cad>
          </ns3:TrackPointExtension>
        </extensions>
      </trkpt>
      <trkpt lat="46.3823738135397434234619140625" lon="23.57575734145939350128173828125">
        <ele>639.4000244140625</ele>
        <time>2022-06-11T09:04:52.000Z</time>
        <extensions>
          <ns3:TrackPointExtension>
            <ns3:hr>142</ns3:hr>
            <ns3:cad>59</ns3:cad>
          </ns3:TrackPointExtension>
        </extensions>
      </trkpt>
      <trkpt lat="46.3823583908379077911376953125" lon="23.57576823793351650238037109375">
        <ele>639.5999755859375</ele>
        <time>2022-06-11T09:04:54.000Z</time>
        <extensions>
          <ns3:TrackPointExtension>
            <ns3:hr>142</ns3:hr>
            <ns3:cad>59</ns3:cad>
          </ns3:TrackPointExtension>
        </extensions>
      </trkpt>
      <trkpt lat="46.38234958983957767486572265625" lon="23.5757822357118129730224609375">
        <ele>640.20001220703125</ele>
        <time>2022-06-11T09:04:58.000Z</time>
        <extensions>
          <ns3:TrackPointExtension>
            <ns3:hr>145</ns3:hr>
            <ns3:cad>62</ns3:cad>
          </ns3:TrackPointExtension>
        </extensions>
      </trkpt>
      <trkpt lat="46.38234204612672328948974609375" lon="23.5757865943014621734619140625">
        <ele>640.4000244140625</ele>
        <time>2022-06-11T09:04:59.000Z</time>
        <extensions>
          <ns3:TrackPointExtension>
            <ns3:hr>145</ns3:hr>
            <ns3:cad>62</ns3:cad>
          </ns3:TrackPointExtension>
        </extensions>
      </trkpt>
      <trkpt lat="46.38233047910034656524658203125" lon="23.57579103671014308929443359375">
        <ele>640.79998779296875</ele>
        <time>2022-06-11T09:05:01.000Z</time>
        <extensions>
          <ns3:TrackPointExtension>
            <ns3:hr>144</ns3:hr>
            <ns3:cad>0</ns3:cad>
          </ns3:TrackPointExtension>
        </extensions>
      </trkpt>
      <trkpt lat="46.3823161460459232330322265625" lon="23.57580914162099361419677734375">
        <ele>641.5999755859375</ele>
        <time>2022-06-11T09:05:06.000Z</time>
        <extensions>
          <ns3:TrackPointExtension>
            <ns3:hr>143</ns3:hr>
            <ns3:cad>0</ns3:cad>
          </ns3:TrackPointExtension>
        </extensions>
      </trkpt>
      <trkpt lat="46.3823074288666248321533203125" lon="23.5758080519735813140869140625">
        <ele>641.79998779296875</ele>
        <time>2022-06-11T09:05:07.000Z</time>
        <extensions>
          <ns3:TrackPointExtension>
            <ns3:hr>143</ns3:hr>
            <ns3:cad>67</ns3:cad>
          </ns3:TrackPointExtension>
        </extensions>
      </trkpt>
      <trkpt lat="46.382292844355106353759765625" lon="23.57582665979862213134765625">
        <ele>642.79998779296875</ele>
        <time>2022-06-11T09:05:12.000Z</time>
        <extensions>
          <ns3:TrackPointExtension>
            <ns3:hr>143</ns3:hr>
            <ns3:cad>65</ns3:cad>
          </ns3:TrackPointExtension>
        </extensions>
      </trkpt>
      <trkpt lat="46.38229426927864551544189453125" lon="23.57583680190145969390869140625">
        <ele>643.4000244140625</ele>
        <time>2022-06-11T09:05:15.000Z</time>
        <extensions>
          <ns3:TrackPointExtension>
            <ns3:hr>141</ns3:hr>
            <ns3:cad>0</ns3:cad>
          </ns3:TrackPointExtension>
        </extensions>
      </trkpt>
      <trkpt lat="46.38229711912572383880615234375" lon="23.57583998702466487884521484375">
        <ele>643.20001220703125</ele>
        <time>2022-06-11T09:05:23.000Z</time>
        <extensions>
          <ns3:TrackPointExtension>
            <ns3:hr>141</ns3:hr>
            <ns3:cad>0</ns3:cad>
          </ns3:TrackPointExtension>
        </extensions>
      </trkpt>
      <trkpt lat="46.382296867668628692626953125" lon="23.57583914883434772491455078125">
        <ele>642.79998779296875</ele>
        <time>2022-06-11T09:05:39.000Z</time>
        <extensions>
          <ns3:TrackPointExtension>
            <ns3:hr>144</ns3:hr>
            <ns3:cad>0</ns3:cad>
          </ns3:TrackPointExtension>
        </extensions>
      </trkpt>
      <trkpt lat="46.38229728676378726959228515625" lon="23.57583965174853801727294921875">
        <ele>643</ele>
        <time>2022-06-11T09:05:42.000Z</time>
        <extensions>
          <ns3:TrackPointExtension>
            <ns3:hr>141</ns3:hr>
            <ns3:cad>0</ns3:cad>
          </ns3:TrackPointExtension>
        </extensions>
      </trkpt>
      <trkpt lat="46.38230181299149990081787109375" lon="23.57584132812917232513427734375">
        <ele>644</ele>
        <time>2022-06-11T09:05:48.000Z</time>
        <extensions>
          <ns3:TrackPointExtension>
            <ns3:hr>143</ns3:hr>
            <ns3:cad>0</ns3:cad>
          </ns3:TrackPointExtension>
        </extensions>
      </trkpt>
      <trkpt lat="46.38231019489467144012451171875" lon="23.5758627019822597503662109375">
        <ele>645.20001220703125</ele>
        <time>2022-06-11T09:05:54.000Z</time>
        <extensions>
          <ns3:TrackPointExtension>
            <ns3:hr>142</ns3:hr>
            <ns3:cad>0</ns3:cad>
          </ns3:TrackPointExtension>
        </extensions>
      </trkpt>
      <trkpt lat="46.382312290370464324951171875" lon="23.57586982659995555877685546875">
        <ele>645.4000244140625</ele>
        <time>2022-06-11T09:05:56.000Z</time>
        <extensions>
          <ns3:TrackPointExtension>
            <ns3:hr>139</ns3:hr>
            <ns3:cad>0</ns3:cad>
          </ns3:TrackPointExtension>
        </extensions>
      </trkpt>
      <trkpt lat="46.382315643131732940673828125" lon="23.5758757777512073516845703125">
        <ele>645.4000244140625</ele>
        <time>2022-06-11T09:05:57.000Z</time>
        <extensions>
          <ns3:TrackPointExtension>
            <ns3:hr>136</ns3:hr>
            <ns3:cad>0</ns3:cad>
          </ns3:TrackPointExtension>
        </extensions>
      </trkpt>
      <trkpt lat="46.38231656514108180999755859375" lon="23.5758801363408565521240234375">
        <ele>645.5999755859375</ele>
        <time>2022-06-11T09:05:58.000Z</time>
        <extensions>
          <ns3:TrackPointExtension>
            <ns3:hr>133</ns3:hr>
            <ns3:cad>0</ns3:cad>
          </ns3:TrackPointExtension>
        </extensions>
      </trkpt>
      <trkpt lat="46.38231790624558925628662109375" lon="23.57589480467140674591064453125">
        <ele>646.4000244140625</ele>
        <time>2022-06-11T09:06:03.000Z</time>
        <extensions>
          <ns3:TrackPointExtension>
            <ns3:hr>130</ns3:hr>
            <ns3:cad>70</ns3:cad>
          </ns3:TrackPointExtension>
        </extensions>
      </trkpt>
      <trkpt lat="46.3823206722736358642578125" lon="23.57592179439961910247802734375">
        <ele>647.79998779296875</ele>
        <time>2022-06-11T09:06:09.000Z</time>
        <extensions>
          <ns3:TrackPointExtension>
            <ns3:hr>131</ns3:hr>
            <ns3:cad>65</ns3:cad>
          </ns3:TrackPointExtension>
        </extensions>
      </trkpt>
      <trkpt lat="46.38232075609266757965087890625" lon="23.5759652964770793914794921875">
        <ele>648.79998779296875</ele>
        <time>2022-06-11T09:06:18.000Z</time>
        <extensions>
          <ns3:TrackPointExtension>
            <ns3:hr>134</ns3:hr>
            <ns3:cad>70</ns3:cad>
          </ns3:TrackPointExtension>
        </extensions>
      </trkpt>
      <trkpt lat="46.38232075609266757965087890625" lon="23.57598834671080112457275390625">
        <ele>650</ele>
        <time>2022-06-11T09:06:21.000Z</time>
        <extensions>
          <ns3:TrackPointExtension>
            <ns3:hr>135</ns3:hr>
            <ns3:cad>0</ns3:cad>
          </ns3:TrackPointExtension>
        </extensions>
      </trkpt>
      <trkpt lat="46.38232477940618991851806640625" lon="23.57605758123099803924560546875">
        <ele>651</ele>
        <time>2022-06-11T09:06:29.000Z</time>
        <extensions>
          <ns3:TrackPointExtension>
            <ns3:hr>134</ns3:hr>
            <ns3:cad>56</ns3:cad>
          </ns3:TrackPointExtension>
        </extensions>
      </trkpt>
      <trkpt lat="46.38232511468231678009033203125" lon="23.57611943967640399932861328125">
        <ele>652.20001220703125</ele>
        <time>2022-06-11T09:06:36.000Z</time>
        <extensions>
          <ns3:TrackPointExtension>
            <ns3:hr>136</ns3:hr>
            <ns3:cad>67</ns3:cad>
          </ns3:TrackPointExtension>
        </extensions>
      </trkpt>
      <trkpt lat="46.38231505639851093292236328125" lon="23.57620292343199253082275390625">
        <ele>653.20001220703125</ele>
        <time>2022-06-11T09:06:47.000Z</time>
        <extensions>
          <ns3:TrackPointExtension>
            <ns3:hr>137</ns3:hr>
            <ns3:cad>60</ns3:cad>
          </ns3:TrackPointExtension>
        </extensions>
      </trkpt>
      <trkpt lat="46.3823045790195465087890625" lon="23.5762244649231433868408203125">
        <ele>654</ele>
        <time>2022-06-11T09:06:52.000Z</time>
        <extensions>
          <ns3:TrackPointExtension>
            <ns3:hr>140</ns3:hr>
            <ns3:cad>72</ns3:cad>
          </ns3:TrackPointExtension>
        </extensions>
      </trkpt>
      <trkpt lat="46.38229862786829471588134765625" lon="23.57623443938791751861572265625">
        <ele>654.4000244140625</ele>
        <time>2022-06-11T09:06:54.000Z</time>
        <extensions>
          <ns3:TrackPointExtension>
            <ns3:hr>140</ns3:hr>
            <ns3:cad>71</ns3:cad>
          </ns3:TrackPointExtension>
        </extensions>
      </trkpt>
      <trkpt lat="46.3822804391384124755859375" lon="23.57625924982130527496337890625">
        <ele>654.79998779296875</ele>
        <time>2022-06-11T09:06:58.000Z</time>
        <extensions>
          <ns3:TrackPointExtension>
            <ns3:hr>137</ns3:hr>
            <ns3:cad>65</ns3:cad>
          </ns3:TrackPointExtension>
        </extensions>
      </trkpt>
      <trkpt lat="46.38225831091403961181640625" lon="23.5762740857899188995361328125">
        <ele>655.4000244140625</ele>
        <time>2022-06-11T09:07:02.000Z</time>
        <extensions>
          <ns3:TrackPointExtension>
            <ns3:hr>136</ns3:hr>
            <ns3:cad>63</ns3:cad>
          </ns3:TrackPointExtension>
        </extensions>
      </trkpt>
      <trkpt lat="46.38223291374742984771728515625" lon="23.57628070749342441558837890625">
        <ele>656.5999755859375</ele>
        <time>2022-06-11T09:07:07.000Z</time>
        <extensions>
          <ns3:TrackPointExtension>
            <ns3:hr>136</ns3:hr>
            <ns3:cad>63</ns3:cad>
          </ns3:TrackPointExtension>
        </extensions>
      </trkpt>
      <trkpt lat="46.38219251297414302825927734375" lon="23.576280958950519561767578125">
        <ele>657.79998779296875</ele>
        <time>2022-06-11T09:07:13.000Z</time>
        <extensions>
          <ns3:TrackPointExtension>
            <ns3:hr>137</ns3:hr>
            <ns3:cad>53</ns3:cad>
          </ns3:TrackPointExtension>
        </extensions>
      </trkpt>
      <trkpt lat="46.3821625895798206329345703125" lon="23.5762807913124561309814453125">
        <ele>658.79998779296875</ele>
        <time>2022-06-11T09:07:19.000Z</time>
        <extensions>
          <ns3:TrackPointExtension>
            <ns3:hr>139</ns3:hr>
            <ns3:cad>65</ns3:cad>
          </ns3:TrackPointExtension>
        </extensions>
      </trkpt>
      <trkpt lat="46.38213786296546459197998046875" lon="23.57627416960895061492919921875">
        <ele>659.79998779296875</ele>
        <time>2022-06-11T09:07:23.000Z</time>
        <extensions>
          <ns3:TrackPointExtension>
            <ns3:hr>139</ns3:hr>
            <ns3:cad>65</ns3:cad>
          </ns3:TrackPointExtension>
        </extensions>
      </trkpt>
      <trkpt lat="46.382068209350109100341796875" lon="23.57625137083232402801513671875">
        <ele>660.5999755859375</ele>
        <time>2022-06-11T09:07:27.000Z</time>
        <extensions>
          <ns3:TrackPointExtension>
            <ns3:hr>139</ns3:hr>
            <ns3:cad>69</ns3:cad>
          </ns3:TrackPointExtension>
        </extensions>
      </trkpt>
      <trkpt lat="46.3819926045835018157958984375" lon="23.57623628340661525726318359375">
        <ele>660.5999755859375</ele>
        <time>2022-06-11T09:07:34.000Z</time>
        <extensions>
          <ns3:TrackPointExtension>
            <ns3:hr>137</ns3:hr>
            <ns3:cad>0</ns3:cad>
          </ns3:TrackPointExtension>
        </extensions>
      </trkpt>
      <trkpt lat="46.3820009864866733551025390625" lon="23.57625606469810009002685546875">
        <ele>659.5999755859375</ele>
        <time>2022-06-11T09:07:40.000Z</time>
        <extensions>
          <ns3:TrackPointExtension>
            <ns3:hr>136</ns3:hr>
            <ns3:cad>0</ns3:cad>
          </ns3:TrackPointExtension>
        </extensions>
      </trkpt>
      <trkpt lat="46.3820009864866733551025390625" lon="23.57625606469810009002685546875">
        <ele>659.4000244140625</ele>
        <time>2022-06-11T09:07:47.000Z</time>
        <extensions>
          <ns3:TrackPointExtension>
            <ns3:hr>133</ns3:hr>
            <ns3:cad>0</ns3:cad>
          </ns3:TrackPointExtension>
        </extensions>
      </trkpt>
      <trkpt lat="46.38200283050537109375" lon="23.57625002972781658172607421875">
        <ele>659.5999755859375</ele>
        <time>2022-06-11T09:07:58.000Z</time>
        <extensions>
          <ns3:TrackPointExtension>
            <ns3:hr>130</ns3:hr>
            <ns3:cad>0</ns3:cad>
          </ns3:TrackPointExtension>
        </extensions>
      </trkpt>
      <trkpt lat="46.38200341723859310150146484375" lon="23.57624952681362628936767578125">
        <ele>659.5999755859375</ele>
        <time>2022-06-11T09:08:02.000Z</time>
        <extensions>
          <ns3:TrackPointExtension>
            <ns3:hr>127</ns3:hr>
            <ns3:cad>0</ns3:cad>
          </ns3:TrackPointExtension>
        </extensions>
      </trkpt>
      <trkpt lat="46.382006518542766571044921875" lon="23.57624106109142303466796875">
        <ele>659.4000244140625</ele>
        <time>2022-06-11T09:08:09.000Z</time>
        <extensions>
          <ns3:TrackPointExtension>
            <ns3:hr>124</ns3:hr>
            <ns3:cad>0</ns3:cad>
          </ns3:TrackPointExtension>
        </extensions>
      </trkpt>
      <trkpt lat="46.38200760819017887115478515625" lon="23.57624047435820102691650390625">
        <ele>659.20001220703125</ele>
        <time>2022-06-11T09:08:12.000Z</time>
        <extensions>
          <ns3:TrackPointExtension>
            <ns3:hr>121</ns3:hr>
            <ns3:cad>0</ns3:cad>
          </ns3:TrackPointExtension>
        </extensions>
      </trkpt>
      <trkpt lat="46.38200442306697368621826171875" lon="23.57624047435820102691650390625">
        <ele>658.79998779296875</ele>
        <time>2022-06-11T09:08:23.000Z</time>
        <extensions>
          <ns3:TrackPointExtension>
            <ns3:hr>119</ns3:hr>
            <ns3:cad>0</ns3:cad>
          </ns3:TrackPointExtension>
        </extensions>
      </trkpt>
      <trkpt lat="46.3820043392479419708251953125" lon="23.57624349184334278106689453125">
        <ele>658.79998779296875</ele>
        <time>2022-06-11T09:08:28.000Z</time>
        <extensions>
          <ns3:TrackPointExtension>
            <ns3:hr>115</ns3:hr>
            <ns3:cad>0</ns3:cad>
          </ns3:TrackPointExtension>
        </extensions>
      </trkpt>
      <trkpt lat="46.382001824676990509033203125" lon="23.5762462578713893890380859375">
        <ele>659.5999755859375</ele>
        <time>2022-06-11T09:08:42.000Z</time>
        <extensions>
          <ns3:TrackPointExtension>
            <ns3:hr>112</ns3:hr>
            <ns3:cad>0</ns3:cad>
          </ns3:TrackPointExtension>
        </extensions>
      </trkpt>
      <trkpt lat="46.38199721463024616241455078125" lon="23.57624667696654796600341796875">
        <ele>659.5999755859375</ele>
        <time>2022-06-11T09:08:54.000Z</time>
        <extensions>
          <ns3:TrackPointExtension>
            <ns3:hr>115</ns3:hr>
            <ns3:cad>0</ns3:cad>
          </ns3:TrackPointExtension>
        </extensions>
      </trkpt>
      <trkpt lat="46.3819936104118824005126953125" lon="23.5762331821024417877197265625">
        <ele>659.5999755859375</ele>
        <time>2022-06-11T09:09:13.000Z</time>
        <extensions>
          <ns3:TrackPointExtension>
            <ns3:hr>112</ns3:hr>
            <ns3:cad>0</ns3:cad>
          </ns3:TrackPointExtension>
        </extensions>
      </trkpt>
      <trkpt lat="46.38199268840253353118896484375" lon="23.57623108662664890289306640625">
        <ele>659.5999755859375</ele>
        <time>2022-06-11T09:09:18.000Z</time>
        <extensions>
          <ns3:TrackPointExtension>
            <ns3:hr>108</ns3:hr>
            <ns3:cad>0</ns3:cad>
          </ns3:TrackPointExtension>
        </extensions>
      </trkpt>
      <trkpt lat="46.38199201785027980804443359375" lon="23.5762308351695537567138671875">
        <ele>659.5999755859375</ele>
        <time>2022-06-11T09:09:19.000Z</time>
        <extensions>
          <ns3:TrackPointExtension>
            <ns3:hr>104</ns3:hr>
            <ns3:cad>0</ns3:cad>
          </ns3:TrackPointExtension>
        </extensions>
      </trkpt>
      <trkpt lat="46.38198874890804290771484375" lon="23.5762304998934268951416015625">
        <ele>659.5999755859375</ele>
        <time>2022-06-11T09:09:21.000Z</time>
        <extensions>
          <ns3:TrackPointExtension>
            <ns3:hr>101</ns3:hr>
            <ns3:cad>0</ns3:cad>
          </ns3:TrackPointExtension>
        </extensions>
      </trkpt>
      <trkpt lat="46.3819798640906810760498046875" lon="23.5762291587889194488525390625">
        <ele>659.5999755859375</ele>
        <time>2022-06-11T09:09:40.000Z</time>
        <extensions>
          <ns3:TrackPointExtension>
            <ns3:hr>104</ns3:hr>
            <ns3:cad>0</ns3:cad>
          </ns3:TrackPointExtension>
        </extensions>
      </trkpt>
      <trkpt lat="46.381975673139095306396484375" lon="23.5762308351695537567138671875">
        <ele>659.5999755859375</ele>
        <time>2022-06-11T09:09:50.000Z</time>
        <extensions>
          <ns3:TrackPointExtension>
            <ns3:hr>101</ns3:hr>
            <ns3:cad>0</ns3:cad>
          </ns3:TrackPointExtension>
        </extensions>
      </trkpt>
      <trkpt lat="46.381975673139095306396484375" lon="23.5762311704456806182861328125">
        <ele>659.5999755859375</ele>
        <time>2022-06-11T09:09:51.000Z</time>
        <extensions>
          <ns3:TrackPointExtension>
            <ns3:hr>98</ns3:hr>
            <ns3:cad>0</ns3:cad>
          </ns3:TrackPointExtension>
        </extensions>
      </trkpt>
      <trkpt lat="46.38197558932006359100341796875" lon="23.57623158954083919525146484375">
        <ele>659.5999755859375</ele>
        <time>2022-06-11T09:09:53.000Z</time>
        <extensions>
          <ns3:TrackPointExtension>
            <ns3:hr>95</ns3:hr>
            <ns3:cad>0</ns3:cad>
          </ns3:TrackPointExtension>
        </extensions>
      </trkpt>
      <trkpt lat="46.38197533786296844482421875" lon="23.57623360119760036468505859375">
        <ele>659.5999755859375</ele>
        <time>2022-06-11T09:10:02.000Z</time>
        <extensions>
          <ns3:TrackPointExtension>
            <ns3:hr>98</ns3:hr>
            <ns3:cad>0</ns3:cad>
          </ns3:TrackPointExtension>
        </extensions>
      </trkpt>
      <trkpt lat="46.381970979273319244384765625" lon="23.57623125426471233367919921875">
        <ele>659.5999755859375</ele>
        <time>2022-06-11T09:10:25.000Z</time>
        <extensions>
          <ns3:TrackPointExtension>
            <ns3:hr>101</ns3:hr>
            <ns3:cad>0</ns3:cad>
          </ns3:TrackPointExtension>
        </extensions>
      </trkpt>
      <trkpt lat="46.3819704763591289520263671875" lon="23.5762311704456806182861328125">
        <ele>659.5999755859375</ele>
        <time>2022-06-11T09:10:31.000Z</time>
        <extensions>
          <ns3:TrackPointExtension>
            <ns3:hr>104</ns3:hr>
            <ns3:cad>0</ns3:cad>
          </ns3:TrackPointExtension>
        </extensions>
      </trkpt>
      <trkpt lat="46.381970308721065521240234375" lon="23.5762311704456806182861328125">
        <ele>659.5999755859375</ele>
        <time>2022-06-11T09:10:34.000Z</time>
        <extensions>
          <ns3:TrackPointExtension>
            <ns3:hr>109</ns3:hr>
            <ns3:cad>0</ns3:cad>
          </ns3:TrackPointExtension>
        </extensions>
      </trkpt>
      <trkpt lat="46.38197005726397037506103515625" lon="23.5762311704456806182861328125">
        <ele>659.5999755859375</ele>
        <time>2022-06-11T09:10:38.000Z</time>
        <extensions>
          <ns3:TrackPointExtension>
            <ns3:hr>106</ns3:hr>
            <ns3:cad>0</ns3:cad>
          </ns3:TrackPointExtension>
        </extensions>
      </trkpt>
      <trkpt lat="46.3819711469113826751708984375" lon="23.57623041607439517974853515625">
        <ele>659.5999755859375</ele>
        <time>2022-06-11T09:10:53.000Z</time>
        <extensions>
          <ns3:TrackPointExtension>
            <ns3:hr>103</ns3:hr>
            <ns3:cad>0</ns3:cad>
          </ns3:TrackPointExtension>
        </extensions>
      </trkpt>
      <trkpt lat="46.3819714821875095367431640625" lon="23.57623033225536346435546875">
        <ele>659.5999755859375</ele>
        <time>2022-06-11T09:11:01.000Z</time>
        <extensions>
          <ns3:TrackPointExtension>
            <ns3:hr>100</ns3:hr>
            <ns3:cad>0</ns3:cad>
          </ns3:TrackPointExtension>
        </extensions>
      </trkpt>
      <trkpt lat="46.38197173364460468292236328125" lon="23.57623041607439517974853515625">
        <ele>659.5999755859375</ele>
        <time>2022-06-11T09:11:04.000Z</time>
        <extensions>
          <ns3:TrackPointExtension>
            <ns3:hr>97</ns3:hr>
            <ns3:cad>0</ns3:cad>
          </ns3:TrackPointExtension>
        </extensions>
      </trkpt>
      <trkpt lat="46.38197173364460468292236328125" lon="23.5762301646173000335693359375">
        <ele>659.5999755859375</ele>
        <time>2022-06-11T09:11:12.000Z</time>
        <extensions>
          <ns3:TrackPointExtension>
            <ns3:hr>100</ns3:hr>
            <ns3:cad>0</ns3:cad>
          </ns3:TrackPointExtension>
        </extensions>
      </trkpt>
      <trkpt lat="46.3819718174636363983154296875" lon="23.57622823677957057952880859375">
        <ele>659.5999755859375</ele>
        <time>2022-06-11T09:11:27.000Z</time>
        <extensions>
          <ns3:TrackPointExtension>
            <ns3:hr>97</ns3:hr>
            <ns3:cad>0</ns3:cad>
          </ns3:TrackPointExtension>
        </extensions>
      </trkpt>
      <trkpt lat="46.38197190128266811370849609375" lon="23.576227985322475433349609375">
        <ele>659.5999755859375</ele>
        <time>2022-06-11T09:11:32.000Z</time>
        <extensions>
          <ns3:TrackPointExtension>
            <ns3:hr>94</ns3:hr>
            <ns3:cad>0</ns3:cad>
          </ns3:TrackPointExtension>
        </extensions>
      </trkpt>
      <trkpt lat="46.3819718174636363983154296875" lon="23.57622756622731685638427734375">
        <ele>659.5999755859375</ele>
        <time>2022-06-11T09:11:35.000Z</time>
        <extensions>
          <ns3:TrackPointExtension>
            <ns3:hr>91</ns3:hr>
            <ns3:cad>0</ns3:cad>
          </ns3:TrackPointExtension>
        </extensions>
      </trkpt>
      <trkpt lat="46.38197223655879497528076171875" lon="23.57622765004634857177734375">
        <ele>656.5999755859375</ele>
        <time>2022-06-11T09:11:41.000Z</time>
        <extensions>
          <ns3:TrackPointExtension>
            <ns3:hr>90</ns3:hr>
            <ns3:cad>0</ns3:cad>
          </ns3:TrackPointExtension>
        </extensions>
      </trkpt>
      <trkpt lat="46.381972320377826690673828125" lon="23.57622765004634857177734375">
        <ele>656.5999755859375</ele>
        <time>2022-06-11T09:11:44.000Z</time>
        <extensions>
          <ns3:TrackPointExtension>
            <ns3:hr>93</ns3:hr>
            <ns3:cad>47</ns3:cad>
          </ns3:TrackPointExtension>
        </extensions>
      </trkpt>
      <trkpt lat="46.38197257183492183685302734375" lon="23.57622765004634857177734375">
        <ele>656.79998779296875</ele>
        <time>2022-06-11T09:11:49.000Z</time>
        <extensions>
          <ns3:TrackPointExtension>
            <ns3:hr>96</ns3:hr>
            <ns3:cad>0</ns3:cad>
          </ns3:TrackPointExtension>
        </extensions>
      </trkpt>
      <trkpt lat="46.38195865787565708160400390625" lon="23.576271235942840576171875">
        <ele>656</ele>
        <time>2022-06-11T09:12:06.000Z</time>
        <extensions>
          <ns3:TrackPointExtension>
            <ns3:hr>94</ns3:hr>
            <ns3:cad>54</ns3:cad>
          </ns3:TrackPointExtension>
        </extensions>
      </trkpt>
      <trkpt lat="46.38195211999118328094482421875" lon="23.5762874968349933624267578125">
        <ele>655.5999755859375</ele>
        <time>2022-06-11T09:12:08.000Z</time>
        <extensions>
          <ns3:TrackPointExtension>
            <ns3:hr>94</ns3:hr>
            <ns3:cad>54</ns3:cad>
          </ns3:TrackPointExtension>
        </extensions>
      </trkpt>
      <trkpt lat="46.38192244805395603179931640625" lon="23.57633703388273715972900390625">
        <ele>655</ele>
        <time>2022-06-11T09:12:13.000Z</time>
        <extensions>
          <ns3:TrackPointExtension>
            <ns3:hr>93</ns3:hr>
            <ns3:cad>47</ns3:cad>
          </ns3:TrackPointExtension>
        </extensions>
      </trkpt>
      <trkpt lat="46.3819061033427715301513671875" lon="23.57635329477488994598388671875">
        <ele>654.5999755859375</ele>
        <time>2022-06-11T09:12:16.000Z</time>
        <extensions>
          <ns3:TrackPointExtension>
            <ns3:hr>94</ns3:hr>
            <ns3:cad>55</ns3:cad>
          </ns3:TrackPointExtension>
        </extensions>
      </trkpt>
      <trkpt lat="46.38186628930270671844482421875" lon="23.57636318542063236236572265625">
        <ele>653.4000244140625</ele>
        <time>2022-06-11T09:12:22.000Z</time>
        <extensions>
          <ns3:TrackPointExtension>
            <ns3:hr>94</ns3:hr>
            <ns3:cad>55</ns3:cad>
          </ns3:TrackPointExtension>
        </extensions>
      </trkpt>
      <trkpt lat="46.38186075724661350250244140625" lon="23.5763850621879100799560546875">
        <ele>653.20001220703125</ele>
        <time>2022-06-11T09:12:25.000Z</time>
        <extensions>
          <ns3:TrackPointExtension>
            <ns3:hr>97</ns3:hr>
            <ns3:cad>52</ns3:cad>
          </ns3:TrackPointExtension>
        </extensions>
      </trkpt>
      <trkpt lat="46.38187333010137081146240234375" lon="23.5764125548303127288818359375">
        <ele>653</ele>
        <time>2022-06-11T09:12:28.000Z</time>
        <extensions>
          <ns3:TrackPointExtension>
            <ns3:hr>97</ns3:hr>
            <ns3:cad>51</ns3:cad>
          </ns3:TrackPointExtension>
        </extensions>
      </trkpt>
      <trkpt lat="46.381877101957798004150390625" lon="23.57642076909542083740234375">
        <ele>652.79998779296875</ele>
        <time>2022-06-11T09:12:30.000Z</time>
        <extensions>
          <ns3:TrackPointExtension>
            <ns3:hr>100</ns3:hr>
            <ns3:cad>0</ns3:cad>
          </ns3:TrackPointExtension>
        </extensions>
      </trkpt>
      <trkpt lat="46.38187534175813198089599609375" lon="23.5764232836663722991943359375">
        <ele>652.5999755859375</ele>
        <time>2022-06-11T09:12:31.000Z</time>
        <extensions>
          <ns3:TrackPointExtension>
            <ns3:hr>103</ns3:hr>
            <ns3:cad>0</ns3:cad>
          </ns3:TrackPointExtension>
        </extensions>
      </trkpt>
      <trkpt lat="46.381863690912723541259765625" lon="23.57643409632146358489990234375">
        <ele>652.4000244140625</ele>
        <time>2022-06-11T09:12:33.000Z</time>
        <extensions>
          <ns3:TrackPointExtension>
            <ns3:hr>104</ns3:hr>
            <ns3:cad>51</ns3:cad>
          </ns3:TrackPointExtension>
        </extensions>
      </trkpt>
      <trkpt lat="46.38185799121856689453125" lon="23.57644096948206424713134765625">
        <ele>652</ele>
        <time>2022-06-11T09:12:34.000Z</time>
        <extensions>
          <ns3:TrackPointExtension>
            <ns3:hr>100</ns3:hr>
            <ns3:cad>0</ns3:cad>
          </ns3:TrackPointExtension>
        </extensions>
      </trkpt>
      <trkpt lat="46.38185170479118824005126953125" lon="23.57644516043365001678466796875">
        <ele>651.79998779296875</ele>
        <time>2022-06-11T09:12:35.000Z</time>
        <extensions>
          <ns3:TrackPointExtension>
            <ns3:hr>104</ns3:hr>
            <ns3:cad>0</ns3:cad>
          </ns3:TrackPointExtension>
        </extensions>
      </trkpt>
      <trkpt lat="46.38184147886931896209716796875" lon="23.57645488344132900238037109375">
        <ele>651.4000244140625</ele>
        <time>2022-06-11T09:12:38.000Z</time>
        <extensions>
          <ns3:TrackPointExtension>
            <ns3:hr>105</ns3:hr>
            <ns3:cad>54</ns3:cad>
          </ns3:TrackPointExtension>
        </extensions>
      </trkpt>
      <trkpt lat="46.3818222843110561370849609375" lon="23.57647868804633617401123046875">
        <ele>650.79998779296875</ele>
        <time>2022-06-11T09:12:41.000Z</time>
        <extensions>
          <ns3:TrackPointExtension>
            <ns3:hr>105</ns3:hr>
            <ns3:cad>54</ns3:cad>
          </ns3:TrackPointExtension>
        </extensions>
      </trkpt>
      <trkpt lat="46.38180761598050594329833984375" lon="23.5765104554593563079833984375">
        <ele>650.20001220703125</ele>
        <time>2022-06-11T09:12:44.000Z</time>
        <extensions>
          <ns3:TrackPointExtension>
            <ns3:hr>107</ns3:hr>
            <ns3:cad>51</ns3:cad>
          </ns3:TrackPointExtension>
        </extensions>
      </trkpt>
      <trkpt lat="46.38179252855479717254638671875" lon="23.57651690952479839324951171875">
        <ele>649.79998779296875</ele>
        <time>2022-06-11T09:12:46.000Z</time>
        <extensions>
          <ns3:TrackPointExtension>
            <ns3:hr>107</ns3:hr>
            <ns3:cad>51</ns3:cad>
          </ns3:TrackPointExtension>
        </extensions>
      </trkpt>
      <trkpt lat="46.38178532011806964874267578125" lon="23.57651473022997379302978515625">
        <ele>649.4000244140625</ele>
        <time>2022-06-11T09:12:47.000Z</time>
        <extensions>
          <ns3:TrackPointExtension>
            <ns3:hr>106</ns3:hr>
            <ns3:cad>0</ns3:cad>
          </ns3:TrackPointExtension>
        </extensions>
      </trkpt>
      <trkpt lat="46.3817652873694896697998046875" lon="23.57654490508139133453369140625">
        <ele>649</ele>
        <time>2022-06-11T09:12:49.000Z</time>
        <extensions>
          <ns3:TrackPointExtension>
            <ns3:hr>106</ns3:hr>
            <ns3:cad>0</ns3:cad>
          </ns3:TrackPointExtension>
        </extensions>
      </trkpt>
      <trkpt lat="46.381708122789859771728515625" lon="23.57662067748606204986572265625">
        <ele>648.79998779296875</ele>
        <time>2022-06-11T09:12:52.000Z</time>
        <extensions>
          <ns3:TrackPointExtension>
            <ns3:hr>105</ns3:hr>
            <ns3:cad>58</ns3:cad>
          </ns3:TrackPointExtension>
        </extensions>
      </trkpt>
      <trkpt lat="46.38163025490939617156982421875" lon="23.576643727719783782958984375">
        <ele>649.20001220703125</ele>
        <time>2022-06-11T09:13:01.000Z</time>
        <extensions>
          <ns3:TrackPointExtension>
            <ns3:hr>102</ns3:hr>
            <ns3:cad>73</ns3:cad>
          </ns3:TrackPointExtension>
        </extensions>
      </trkpt>
      <trkpt lat="46.38161483220756053924560546875" lon="23.57665085233747959136962890625">
        <ele>649.20001220703125</ele>
        <time>2022-06-11T09:13:02.000Z</time>
        <extensions>
          <ns3:TrackPointExtension>
            <ns3:hr>101</ns3:hr>
            <ns3:cad>73</ns3:cad>
          </ns3:TrackPointExtension>
        </extensions>
      </trkpt>
      <trkpt lat="46.3815714977681636810302734375" lon="23.5766398720443248748779296875">
        <ele>649.5999755859375</ele>
        <time>2022-06-11T09:13:09.000Z</time>
        <extensions>
          <ns3:TrackPointExtension>
            <ns3:hr>101</ns3:hr>
            <ns3:cad>41</ns3:cad>
          </ns3:TrackPointExtension>
        </extensions>
      </trkpt>
      <trkpt lat="46.3815694861114025115966796875" lon="23.576638363301753997802734375">
        <ele>649.5999755859375</ele>
        <time>2022-06-11T09:13:10.000Z</time>
        <extensions>
          <ns3:TrackPointExtension>
            <ns3:hr>101</ns3:hr>
            <ns3:cad>41</ns3:cad>
          </ns3:TrackPointExtension>
        </extensions>
      </trkpt>
      <trkpt lat="46.381545178592205047607421875" lon="23.57664741575717926025390625">
        <ele>649.79998779296875</ele>
        <time>2022-06-11T09:13:14.000Z</time>
        <extensions>
          <ns3:TrackPointExtension>
            <ns3:hr>101</ns3:hr>
            <ns3:cad>66</ns3:cad>
          </ns3:TrackPointExtension>
        </extensions>
      </trkpt>
      <trkpt lat="46.3815389759838581085205078125" lon="23.57667365111410617828369140625">
        <ele>649.5999755859375</ele>
        <time>2022-06-11T09:13:21.000Z</time>
        <extensions>
          <ns3:TrackPointExtension>
            <ns3:hr>102</ns3:hr>
            <ns3:cad>0</ns3:cad>
          </ns3:TrackPointExtension>
        </extensions>
      </trkpt>
      <trkpt lat="46.3815275765955448150634765625" lon="23.57673383317887783050537109375">
        <ele>649.5999755859375</ele>
        <time>2022-06-11T09:13:26.000Z</time>
        <extensions>
          <ns3:TrackPointExtension>
            <ns3:hr>101</ns3:hr>
            <ns3:cad>0</ns3:cad>
          </ns3:TrackPointExtension>
        </extensions>
      </trkpt>
      <trkpt lat="46.3815232180058956146240234375" lon="23.57675872743129730224609375">
        <ele>650</ele>
        <time>2022-06-11T09:13:30.000Z</time>
        <extensions>
          <ns3:TrackPointExtension>
            <ns3:hr>104</ns3:hr>
            <ns3:cad>42</ns3:cad>
          </ns3:TrackPointExtension>
        </extensions>
      </trkpt>
      <trkpt lat="46.38151802122592926025390625" lon="23.576771132647991180419921875">
        <ele>650</ele>
        <time>2022-06-11T09:13:31.000Z</time>
        <extensions>
          <ns3:TrackPointExtension>
            <ns3:hr>104</ns3:hr>
            <ns3:cad>77</ns3:cad>
          </ns3:TrackPointExtension>
        </extensions>
      </trkpt>
      <trkpt lat="46.381509639322757720947265625" lon="23.576787225902080535888671875">
        <ele>650.20001220703125</ele>
        <time>2022-06-11T09:13:32.000Z</time>
        <extensions>
          <ns3:TrackPointExtension>
            <ns3:hr>104</ns3:hr>
            <ns3:cad>77</ns3:cad>
          </ns3:TrackPointExtension>
        </extensions>
      </trkpt>
      <trkpt lat="46.38150787912309169769287109375" lon="23.57681773602962493896484375">
        <ele>650.5999755859375</ele>
        <time>2022-06-11T09:13:36.000Z</time>
        <extensions>
          <ns3:TrackPointExtension>
            <ns3:hr>105</ns3:hr>
            <ns3:cad>40</ns3:cad>
          </ns3:TrackPointExtension>
        </extensions>
      </trkpt>
      <trkpt lat="46.38148558326065540313720703125" lon="23.57685335911810398101806640625">
        <ele>651</ele>
        <time>2022-06-11T09:13:42.000Z</time>
        <extensions>
          <ns3:TrackPointExtension>
            <ns3:hr>107</ns3:hr>
            <ns3:cad>0</ns3:cad>
          </ns3:TrackPointExtension>
        </extensions>
      </trkpt>
      <trkpt lat="46.38147787190973758697509765625" lon="23.57684849761426448822021484375">
        <ele>651.20001220703125</ele>
        <time>2022-06-11T09:13:45.000Z</time>
        <extensions>
          <ns3:TrackPointExtension>
            <ns3:hr>109</ns3:hr>
            <ns3:cad>0</ns3:cad>
          </ns3:TrackPointExtension>
        </extensions>
      </trkpt>
      <trkpt lat="46.38147418387234210968017578125" lon="23.5768443904817104339599609375">
        <ele>652</ele>
        <time>2022-06-11T09:13:48.000Z</time>
        <extensions>
          <ns3:TrackPointExtension>
            <ns3:hr>112</ns3:hr>
            <ns3:cad>59</ns3:cad>
          </ns3:TrackPointExtension>
        </extensions>
      </trkpt>
      <trkpt lat="46.38147686608135700225830078125" lon="23.57684782706201076507568359375">
        <ele>652.20001220703125</ele>
        <time>2022-06-11T09:13:49.000Z</time>
        <extensions>
          <ns3:TrackPointExtension>
            <ns3:hr>113</ns3:hr>
            <ns3:cad>59</ns3:cad>
          </ns3:TrackPointExtension>
        </extensions>
      </trkpt>
      <trkpt lat="46.38147586025297641754150390625" lon="23.576846905052661895751953125">
        <ele>652.4000244140625</ele>
        <time>2022-06-11T09:13:50.000Z</time>
        <extensions>
          <ns3:TrackPointExtension>
            <ns3:hr>113</ns3:hr>
            <ns3:cad>0</ns3:cad>
          </ns3:TrackPointExtension>
        </extensions>
      </trkpt>
      <trkpt lat="46.38144819997251033782958984375" lon="23.57689945958554744720458984375">
        <ele>653</ele>
        <time>2022-06-11T09:13:55.000Z</time>
        <extensions>
          <ns3:TrackPointExtension>
            <ns3:hr>114</ns3:hr>
            <ns3:cad>0</ns3:cad>
          </ns3:TrackPointExtension>
        </extensions>
      </trkpt>
      <trkpt lat="46.3814313523471355438232421875" lon="23.5769144631922245025634765625">
        <ele>653.4000244140625</ele>
        <time>2022-06-11T09:13:58.000Z</time>
        <extensions>
          <ns3:TrackPointExtension>
            <ns3:hr>115</ns3:hr>
            <ns3:cad>62</ns3:cad>
          </ns3:TrackPointExtension>
        </extensions>
      </trkpt>
      <trkpt lat="46.38142305426299571990966796875" lon="23.57692812569439411163330078125">
        <ele>653.79998779296875</ele>
        <time>2022-06-11T09:14:00.000Z</time>
        <extensions>
          <ns3:TrackPointExtension>
            <ns3:hr>115</ns3:hr>
            <ns3:cad>60</ns3:cad>
          </ns3:TrackPointExtension>
        </extensions>
      </trkpt>
      <trkpt lat="46.3814122416079044342041015625" lon="23.5769453085958957672119140625">
        <ele>654.4000244140625</ele>
        <time>2022-06-11T09:14:03.000Z</time>
        <extensions>
          <ns3:TrackPointExtension>
            <ns3:hr>116</ns3:hr>
            <ns3:cad>61</ns3:cad>
          </ns3:TrackPointExtension>
        </extensions>
      </trkpt>
      <trkpt lat="46.3814109005033969879150390625" lon="23.57695830054581165313720703125">
        <ele>654.79998779296875</ele>
        <time>2022-06-11T09:14:06.000Z</time>
        <extensions>
          <ns3:TrackPointExtension>
            <ns3:hr>117</ns3:hr>
            <ns3:cad>62</ns3:cad>
          </ns3:TrackPointExtension>
        </extensions>
      </trkpt>
      <trkpt lat="46.38143076561391353607177734375" lon="23.5769630782306194305419921875">
        <ele>655.20001220703125</ele>
        <time>2022-06-11T09:14:09.000Z</time>
        <extensions>
          <ns3:TrackPointExtension>
            <ns3:hr>120</ns3:hr>
            <ns3:cad>0</ns3:cad>
          </ns3:TrackPointExtension>
        </extensions>
      </trkpt>
      <trkpt lat="46.3814132474362850189208984375" lon="23.576970957219600677490234375">
        <ele>655.4000244140625</ele>
        <time>2022-06-11T09:14:11.000Z</time>
        <extensions>
          <ns3:TrackPointExtension>
            <ns3:hr>122</ns3:hr>
            <ns3:cad>0</ns3:cad>
          </ns3:TrackPointExtension>
        </extensions>
      </trkpt>
      <trkpt lat="46.38140670955181121826171875" lon="23.576974309980869293212890625">
        <ele>655.5999755859375</ele>
        <time>2022-06-11T09:14:12.000Z</time>
        <extensions>
          <ns3:TrackPointExtension>
            <ns3:hr>121</ns3:hr>
            <ns3:cad>62</ns3:cad>
          </ns3:TrackPointExtension>
        </extensions>
      </trkpt>
      <trkpt lat="46.381400339305400848388671875" lon="23.5770234279334545135498046875">
        <ele>656.20001220703125</ele>
        <time>2022-06-11T09:14:18.000Z</time>
        <extensions>
          <ns3:TrackPointExtension>
            <ns3:hr>120</ns3:hr>
            <ns3:cad>69</ns3:cad>
          </ns3:TrackPointExtension>
        </extensions>
      </trkpt>
      <trkpt lat="46.3813780434429645538330078125" lon="23.57704949565231800079345703125">
        <ele>656.5999755859375</ele>
        <time>2022-06-11T09:14:20.000Z</time>
        <extensions>
          <ns3:TrackPointExtension>
            <ns3:hr>120</ns3:hr>
            <ns3:cad>60</ns3:cad>
          </ns3:TrackPointExtension>
        </extensions>
      </trkpt>
      <trkpt lat="46.3813679851591587066650390625" lon="23.57708520255982875823974609375">
        <ele>657.20001220703125</ele>
        <time>2022-06-11T09:14:23.000Z</time>
        <extensions>
          <ns3:TrackPointExtension>
            <ns3:hr>122</ns3:hr>
            <ns3:cad>66</ns3:cad>
          </ns3:TrackPointExtension>
        </extensions>
      </trkpt>
      <trkpt lat="46.3813451863825321197509765625" lon="23.57709509320557117462158203125">
        <ele>657.79998779296875</ele>
        <time>2022-06-11T09:14:26.000Z</time>
        <extensions>
          <ns3:TrackPointExtension>
            <ns3:hr>123</ns3:hr>
            <ns3:cad>73</ns3:cad>
          </ns3:TrackPointExtension>
        </extensions>
      </trkpt>
      <trkpt lat="46.3813374750316143035888671875" lon="23.57710649259388446807861328125">
        <ele>658.20001220703125</ele>
        <time>2022-06-11T09:14:28.000Z</time>
        <extensions>
          <ns3:TrackPointExtension>
            <ns3:hr>126</ns3:hr>
            <ns3:cad>65</ns3:cad>
          </ns3:TrackPointExtension>
        </extensions>
      </trkpt>
      <trkpt lat="46.38132649473845958709716796875" lon="23.57712359167635440826416015625">
        <ele>658.4000244140625</ele>
        <time>2022-06-11T09:14:31.000Z</time>
        <extensions>
          <ns3:TrackPointExtension>
            <ns3:hr>126</ns3:hr>
            <ns3:cad>62</ns3:cad>
          </ns3:TrackPointExtension>
        </extensions>
      </trkpt>
      <trkpt lat="46.3813146762549877166748046875" lon="23.57714856974780559539794921875">
        <ele>658.79998779296875</ele>
        <time>2022-06-11T09:14:34.000Z</time>
        <extensions>
          <ns3:TrackPointExtension>
            <ns3:hr>128</ns3:hr>
            <ns3:cad>66</ns3:cad>
          </ns3:TrackPointExtension>
        </extensions>
      </trkpt>
      <trkpt lat="46.38131459243595600128173828125" lon="23.57718679122626781463623046875">
        <ele>659.79998779296875</ele>
        <time>2022-06-11T09:14:39.000Z</time>
        <extensions>
          <ns3:TrackPointExtension>
            <ns3:hr>129</ns3:hr>
            <ns3:cad>59</ns3:cad>
          </ns3:TrackPointExtension>
        </extensions>
      </trkpt>
      <trkpt lat="46.38131710700690746307373046875" lon="23.57719399966299533843994140625">
        <ele>660</ele>
        <time>2022-06-11T09:14:40.000Z</time>
        <extensions>
          <ns3:TrackPointExtension>
            <ns3:hr>128</ns3:hr>
            <ns3:cad>59</ns3:cad>
          </ns3:TrackPointExtension>
        </extensions>
      </trkpt>
      <trkpt lat="46.38131978921592235565185546875" lon="23.57721042819321155548095703125">
        <ele>661</ele>
        <time>2022-06-11T09:14:44.000Z</time>
        <extensions>
          <ns3:TrackPointExtension>
            <ns3:hr>131</ns3:hr>
            <ns3:cad>68</ns3:cad>
          </ns3:TrackPointExtension>
        </extensions>
      </trkpt>
      <trkpt lat="46.381321214139461517333984375" lon="23.5772168822586536407470703125">
        <ele>661.20001220703125</ele>
        <time>2022-06-11T09:14:45.000Z</time>
        <extensions>
          <ns3:TrackPointExtension>
            <ns3:hr>131</ns3:hr>
            <ns3:cad>68</ns3:cad>
          </ns3:TrackPointExtension>
        </extensions>
      </trkpt>
      <trkpt lat="46.3813129998743534088134765625" lon="23.57722417451441287994384765625">
        <ele>661.5999755859375</ele>
        <time>2022-06-11T09:14:47.000Z</time>
        <extensions>
          <ns3:TrackPointExtension>
            <ns3:hr>132</ns3:hr>
            <ns3:cad>67</ns3:cad>
          </ns3:TrackPointExtension>
        </extensions>
      </trkpt>
      <trkpt lat="46.38129816390573978424072265625" lon="23.5772359929978847503662109375">
        <ele>662.4000244140625</ele>
        <time>2022-06-11T09:14:51.000Z</time>
        <extensions>
          <ns3:TrackPointExtension>
            <ns3:hr>132</ns3:hr>
            <ns3:cad>62</ns3:cad>
          </ns3:TrackPointExtension>
        </extensions>
      </trkpt>
      <trkpt lat="46.38125994242727756500244140625" lon="23.57723775319755077362060546875">
        <ele>663.4000244140625</ele>
        <time>2022-06-11T09:14:57.000Z</time>
        <extensions>
          <ns3:TrackPointExtension>
            <ns3:hr>131</ns3:hr>
            <ns3:cad>0</ns3:cad>
          </ns3:TrackPointExtension>
        </extensions>
      </trkpt>
      <trkpt lat="46.38124351389706134796142578125" lon="23.57726742513477802276611328125">
        <ele>663.79998779296875</ele>
        <time>2022-06-11T09:15:02.000Z</time>
        <extensions>
          <ns3:TrackPointExtension>
            <ns3:hr>128</ns3:hr>
            <ns3:cad>0</ns3:cad>
          </ns3:TrackPointExtension>
        </extensions>
      </trkpt>
      <trkpt lat="46.38121752999722957611083984375" lon="23.57727413065731525421142578125">
        <ele>664.20001220703125</ele>
        <time>2022-06-11T09:15:04.000Z</time>
        <extensions>
          <ns3:TrackPointExtension>
            <ns3:hr>127</ns3:hr>
            <ns3:cad>0</ns3:cad>
          </ns3:TrackPointExtension>
        </extensions>
      </trkpt>
      <trkpt lat="46.3812050409615039825439453125" lon="23.5772762261331081390380859375">
        <ele>664.5999755859375</ele>
        <time>2022-06-11T09:15:06.000Z</time>
        <extensions>
          <ns3:TrackPointExtension>
            <ns3:hr>126</ns3:hr>
            <ns3:cad>54</ns3:cad>
          </ns3:TrackPointExtension>
        </extensions>
      </trkpt>
      <trkpt lat="46.38118115253746509552001953125" lon="23.57729122973978519439697265625">
        <ele>665.4000244140625</ele>
        <time>2022-06-11T09:15:11.000Z</time>
        <extensions>
          <ns3:TrackPointExtension>
            <ns3:hr>125</ns3:hr>
            <ns3:cad>69</ns3:cad>
          </ns3:TrackPointExtension>
        </extensions>
      </trkpt>
      <trkpt lat="46.3811802305281162261962890625" lon="23.5772931575775146484375">
        <ele>665.5999755859375</ele>
        <time>2022-06-11T09:15:12.000Z</time>
        <extensions>
          <ns3:TrackPointExtension>
            <ns3:hr>125</ns3:hr>
            <ns3:cad>69</ns3:cad>
          </ns3:TrackPointExtension>
        </extensions>
      </trkpt>
      <trkpt lat="46.38117897324264049530029296875" lon="23.5773107595741748809814453125">
        <ele>666.20001220703125</ele>
        <time>2022-06-11T09:15:16.000Z</time>
        <extensions>
          <ns3:TrackPointExtension>
            <ns3:hr>126</ns3:hr>
            <ns3:cad>55</ns3:cad>
          </ns3:TrackPointExtension>
        </extensions>
      </trkpt>
      <trkpt lat="46.38117712922394275665283203125" lon="23.5773154534399509429931640625">
        <ele>666.5999755859375</ele>
        <time>2022-06-11T09:15:18.000Z</time>
        <extensions>
          <ns3:TrackPointExtension>
            <ns3:hr>127</ns3:hr>
            <ns3:cad>55</ns3:cad>
          </ns3:TrackPointExtension>
        </extensions>
      </trkpt>
      <trkpt lat="46.38118215836584568023681640625" lon="23.5773560218513011932373046875">
        <ele>667.5999755859375</ele>
        <time>2022-06-11T09:15:23.000Z</time>
        <extensions>
          <ns3:TrackPointExtension>
            <ns3:hr>128</ns3:hr>
            <ns3:cad>63</ns3:cad>
          </ns3:TrackPointExtension>
        </extensions>
      </trkpt>
      <trkpt lat="46.38118266128003597259521484375" lon="23.57736482284963130950927734375">
        <ele>667.79998779296875</ele>
        <time>2022-06-11T09:15:24.000Z</time>
        <extensions>
          <ns3:TrackPointExtension>
            <ns3:hr>128</ns3:hr>
            <ns3:cad>64</ns3:cad>
          </ns3:TrackPointExtension>
        </extensions>
      </trkpt>
      <trkpt lat="46.3811584375798702239990234375" lon="23.577370941638946533203125">
        <ele>668.79998779296875</ele>
        <time>2022-06-11T09:15:30.000Z</time>
        <extensions>
          <ns3:TrackPointExtension>
            <ns3:hr>129</ns3:hr>
            <ns3:cad>61</ns3:cad>
          </ns3:TrackPointExtension>
        </extensions>
      </trkpt>
      <trkpt lat="46.38115885667502880096435546875" lon="23.577373959124088287353515625">
        <ele>669</ele>
        <time>2022-06-11T09:15:31.000Z</time>
        <extensions>
          <ns3:TrackPointExtension>
            <ns3:hr>129</ns3:hr>
            <ns3:cad>61</ns3:cad>
          </ns3:TrackPointExtension>
        </extensions>
      </trkpt>
      <trkpt lat="46.38116757385432720184326171875" lon="23.57740111649036407470703125">
        <ele>669.79998779296875</ele>
        <time>2022-06-11T09:15:36.000Z</time>
        <extensions>
          <ns3:TrackPointExtension>
            <ns3:hr>130</ns3:hr>
            <ns3:cad>61</ns3:cad>
          </ns3:TrackPointExtension>
        </extensions>
      </trkpt>
      <trkpt lat="46.38115986250340938568115234375" lon="23.5774113424122333526611328125">
        <ele>670.20001220703125</ele>
        <time>2022-06-11T09:15:39.000Z</time>
        <extensions>
          <ns3:TrackPointExtension>
            <ns3:hr>130</ns3:hr>
            <ns3:cad>0</ns3:cad>
          </ns3:TrackPointExtension>
        </extensions>
      </trkpt>
      <trkpt lat="46.38115684501826763153076171875" lon="23.5774458758533000946044921875">
        <ele>671</ele>
        <time>2022-06-11T09:15:44.000Z</time>
        <extensions>
          <ns3:TrackPointExtension>
            <ns3:hr>129</ns3:hr>
            <ns3:cad>0</ns3:cad>
          </ns3:TrackPointExtension>
        </extensions>
      </trkpt>
      <trkpt lat="46.38115994632244110107421875" lon="23.57746557332575321197509765625">
        <ele>671.4000244140625</ele>
        <time>2022-06-11T09:15:47.000Z</time>
        <extensions>
          <ns3:TrackPointExtension>
            <ns3:hr>129</ns3:hr>
            <ns3:cad>0</ns3:cad>
          </ns3:TrackPointExtension>
        </extensions>
      </trkpt>
      <trkpt lat="46.3811627961695194244384765625" lon="23.57748485170304775238037109375">
        <ele>672.20001220703125</ele>
        <time>2022-06-11T09:15:52.000Z</time>
        <extensions>
          <ns3:TrackPointExtension>
            <ns3:hr>129</ns3:hr>
            <ns3:cad>0</ns3:cad>
          </ns3:TrackPointExtension>
        </extensions>
      </trkpt>
      <trkpt lat="46.38115189969539642333984375" lon="23.5774956643581390380859375">
        <ele>672.5999755859375</ele>
        <time>2022-06-11T09:15:54.000Z</time>
        <extensions>
          <ns3:TrackPointExtension>
            <ns3:hr>128</ns3:hr>
            <ns3:cad>0</ns3:cad>
          </ns3:TrackPointExtension>
        </extensions>
      </trkpt>
      <trkpt lat="46.38112373650074005126953125" lon="23.57751184143126010894775390625">
        <ele>673.20001220703125</ele>
        <time>2022-06-11T09:15:59.000Z</time>
        <extensions>
          <ns3:TrackPointExtension>
            <ns3:hr>128</ns3:hr>
            <ns3:cad>0</ns3:cad>
          </ns3:TrackPointExtension>
        </extensions>
      </trkpt>
      <trkpt lat="46.38113639317452907562255859375" lon="23.577515445649623870849609375">
        <ele>673.5999755859375</ele>
        <time>2022-06-11T09:16:01.000Z</time>
        <extensions>
          <ns3:TrackPointExtension>
            <ns3:hr>128</ns3:hr>
            <ns3:cad>0</ns3:cad>
          </ns3:TrackPointExtension>
        </extensions>
      </trkpt>
      <trkpt lat="46.38114427216351032257080078125" lon="23.5775186307728290557861328125">
        <ele>674.4000244140625</ele>
        <time>2022-06-11T09:16:04.000Z</time>
        <extensions>
          <ns3:TrackPointExtension>
            <ns3:hr>128</ns3:hr>
            <ns3:cad>0</ns3:cad>
          </ns3:TrackPointExtension>
        </extensions>
      </trkpt>
      <trkpt lat="46.3811480440199375152587890625" lon="23.5775414295494556427001953125">
        <ele>675</ele>
        <time>2022-06-11T09:16:08.000Z</time>
        <extensions>
          <ns3:TrackPointExtension>
            <ns3:hr>129</ns3:hr>
            <ns3:cad>0</ns3:cad>
          </ns3:TrackPointExtension>
        </extensions>
      </trkpt>
      <trkpt lat="46.38113773427903652191162109375" lon="23.57754302211105823516845703125">
        <ele>675.4000244140625</ele>
        <time>2022-06-11T09:16:09.000Z</time>
        <extensions>
          <ns3:TrackPointExtension>
            <ns3:hr>129</ns3:hr>
            <ns3:cad>0</ns3:cad>
          </ns3:TrackPointExtension>
        </extensions>
      </trkpt>
      <trkpt lat="46.381118036806583404541015625" lon="23.57754821889102458953857421875">
        <ele>676</ele>
        <time>2022-06-11T09:16:14.000Z</time>
        <extensions>
          <ns3:TrackPointExtension>
            <ns3:hr>131</ns3:hr>
            <ns3:cad>0</ns3:cad>
          </ns3:TrackPointExtension>
        </extensions>
      </trkpt>
      <trkpt lat="46.381114684045314788818359375" lon="23.5775477997958660125732421875">
        <ele>676.4000244140625</ele>
        <time>2022-06-11T09:16:18.000Z</time>
        <extensions>
          <ns3:TrackPointExtension>
            <ns3:hr>132</ns3:hr>
            <ns3:cad>0</ns3:cad>
          </ns3:TrackPointExtension>
        </extensions>
      </trkpt>
      <trkpt lat="46.38108224608004093170166015625" lon="23.5775645636022090911865234375">
        <ele>677</ele>
        <time>2022-06-11T09:16:21.000Z</time>
        <extensions>
          <ns3:TrackPointExtension>
            <ns3:hr>135</ns3:hr>
            <ns3:cad>73</ns3:cad>
          </ns3:TrackPointExtension>
        </extensions>
      </trkpt>
      <trkpt lat="46.3810719363391399383544921875" lon="23.577577807009220123291015625">
        <ele>677.5999755859375</ele>
        <time>2022-06-11T09:16:24.000Z</time>
        <extensions>
          <ns3:TrackPointExtension>
            <ns3:hr>135</ns3:hr>
            <ns3:cad>73</ns3:cad>
          </ns3:TrackPointExtension>
        </extensions>
      </trkpt>
      <trkpt lat="46.38107403181493282318115234375" lon="23.57758258469402790069580078125">
        <ele>677.79998779296875</ele>
        <time>2022-06-11T09:16:26.000Z</time>
        <extensions>
          <ns3:TrackPointExtension>
            <ns3:hr>134</ns3:hr>
            <ns3:cad>54</ns3:cad>
          </ns3:TrackPointExtension>
        </extensions>
      </trkpt>
      <trkpt lat="46.3810707628726959228515625" lon="23.5775856859982013702392578125">
        <ele>678.4000244140625</ele>
        <time>2022-06-11T09:16:29.000Z</time>
        <extensions>
          <ns3:TrackPointExtension>
            <ns3:hr>131</ns3:hr>
            <ns3:cad>49</ns3:cad>
          </ns3:TrackPointExtension>
        </extensions>
      </trkpt>
      <trkpt lat="46.381067074835300445556640625" lon="23.5775863565504550933837890625">
        <ele>678.5999755859375</ele>
        <time>2022-06-11T09:16:31.000Z</time>
        <extensions>
          <ns3:TrackPointExtension>
            <ns3:hr>130</ns3:hr>
            <ns3:cad>45</ns3:cad>
          </ns3:TrackPointExtension>
        </extensions>
      </trkpt>
      <trkpt lat="46.3810558430850505828857421875" lon="23.57759247533977031707763671875">
        <ele>679.20001220703125</ele>
        <time>2022-06-11T09:16:33.000Z</time>
        <extensions>
          <ns3:TrackPointExtension>
            <ns3:hr>131</ns3:hr>
            <ns3:cad>64</ns3:cad>
          </ns3:TrackPointExtension>
        </extensions>
      </trkpt>
      <trkpt lat="46.38103933073580265045166015625" lon="23.57760253362357616424560546875">
        <ele>679.5999755859375</ele>
        <time>2022-06-11T09:16:36.000Z</time>
        <extensions>
          <ns3:TrackPointExtension>
            <ns3:hr>130</ns3:hr>
            <ns3:cad>64</ns3:cad>
          </ns3:TrackPointExtension>
        </extensions>
      </trkpt>
      <trkpt lat="46.381045617163181304931640625" lon="23.57760588638484477996826171875">
        <ele>680.20001220703125</ele>
        <time>2022-06-11T09:16:38.000Z</time>
        <extensions>
          <ns3:TrackPointExtension>
            <ns3:hr>129</ns3:hr>
            <ns3:cad>58</ns3:cad>
          </ns3:TrackPointExtension>
        </extensions>
      </trkpt>
      <trkpt lat="46.3810638897120952606201171875" lon="23.57762935571372509002685546875">
        <ele>680.79998779296875</ele>
        <time>2022-06-11T09:16:42.000Z</time>
        <extensions>
          <ns3:TrackPointExtension>
            <ns3:hr>128</ns3:hr>
            <ns3:cad>0</ns3:cad>
          </ns3:TrackPointExtension>
        </extensions>
      </trkpt>
      <trkpt lat="46.381066404283046722412109375" lon="23.57763404957950115203857421875">
        <ele>681</ele>
        <time>2022-06-11T09:16:44.000Z</time>
        <extensions>
          <ns3:TrackPointExtension>
            <ns3:hr>129</ns3:hr>
            <ns3:cad>60</ns3:cad>
          </ns3:TrackPointExtension>
        </extensions>
      </trkpt>
      <trkpt lat="46.38107277452945709228515625" lon="23.5776524059474468231201171875">
        <ele>681.79998779296875</ele>
        <time>2022-06-11T09:16:49.000Z</time>
        <extensions>
          <ns3:TrackPointExtension>
            <ns3:hr>132</ns3:hr>
            <ns3:cad>0</ns3:cad>
          </ns3:TrackPointExtension>
        </extensions>
      </trkpt>
      <trkpt lat="46.38107570819556713104248046875" lon="23.57765257358551025390625">
        <ele>681.79998779296875</ele>
        <time>2022-06-11T09:16:50.000Z</time>
        <extensions>
          <ns3:TrackPointExtension>
            <ns3:hr>133</ns3:hr>
            <ns3:cad>0</ns3:cad>
          </ns3:TrackPointExtension>
        </extensions>
      </trkpt>
      <trkpt lat="46.38101787306368350982666015625" lon="23.5776752047240734100341796875">
        <ele>682.79998779296875</ele>
        <time>2022-06-11T09:16:55.000Z</time>
        <extensions>
          <ns3:TrackPointExtension>
            <ns3:hr>132</ns3:hr>
            <ns3:cad>70</ns3:cad>
          </ns3:TrackPointExtension>
        </extensions>
      </trkpt>
      <trkpt lat="46.38099708594381809234619140625" lon="23.57770294882357120513916015625">
        <ele>684</ele>
        <time>2022-06-11T09:17:00.000Z</time>
        <extensions>
          <ns3:TrackPointExtension>
            <ns3:hr>134</ns3:hr>
            <ns3:cad>70</ns3:cad>
          </ns3:TrackPointExtension>
        </extensions>
      </trkpt>
      <trkpt lat="46.38099406845867633819580078125" lon="23.577711246907711029052734375">
        <ele>684.5999755859375</ele>
        <time>2022-06-11T09:17:03.000Z</time>
        <extensions>
          <ns3:TrackPointExtension>
            <ns3:hr>135</ns3:hr>
            <ns3:cad>63</ns3:cad>
          </ns3:TrackPointExtension>
        </extensions>
      </trkpt>
      <trkpt lat="46.38098585419356822967529296875" lon="23.57771954499185085296630859375">
        <ele>685</ele>
        <time>2022-06-11T09:17:05.000Z</time>
        <extensions>
          <ns3:TrackPointExtension>
            <ns3:hr>135</ns3:hr>
            <ns3:cad>63</ns3:cad>
          </ns3:TrackPointExtension>
        </extensions>
      </trkpt>
      <trkpt lat="46.38098585419356822967529296875" lon="23.57774787582457065582275390625">
        <ele>686.20001220703125</ele>
        <time>2022-06-11T09:17:10.000Z</time>
        <extensions>
          <ns3:TrackPointExtension>
            <ns3:hr>135</ns3:hr>
            <ns3:cad>64</ns3:cad>
          </ns3:TrackPointExtension>
        </extensions>
      </trkpt>
      <trkpt lat="46.38096976093947887420654296875" lon="23.57776229269802570343017578125">
        <ele>687.4000244140625</ele>
        <time>2022-06-11T09:17:15.000Z</time>
        <extensions>
          <ns3:TrackPointExtension>
            <ns3:hr>135</ns3:hr>
            <ns3:cad>53</ns3:cad>
          </ns3:TrackPointExtension>
        </extensions>
      </trkpt>
      <trkpt lat="46.3809545896947383880615234375" lon="23.57776665128767490386962890625">
        <ele>688.20001220703125</ele>
        <time>2022-06-11T09:17:19.000Z</time>
        <extensions>
          <ns3:TrackPointExtension>
            <ns3:hr>134</ns3:hr>
            <ns3:cad>62</ns3:cad>
          </ns3:TrackPointExtension>
        </extensions>
      </trkpt>
      <trkpt lat="46.38094411231577396392822265625" lon="23.57777302153408527374267578125">
        <ele>688.4000244140625</ele>
        <time>2022-06-11T09:17:21.000Z</time>
        <extensions>
          <ns3:TrackPointExtension>
            <ns3:hr>135</ns3:hr>
            <ns3:cad>62</ns3:cad>
          </ns3:TrackPointExtension>
        </extensions>
      </trkpt>
      <trkpt lat="46.38093841262161731719970703125" lon="23.5777945630252361297607421875">
        <ele>689.20001220703125</ele>
        <time>2022-06-11T09:17:27.000Z</time>
        <extensions>
          <ns3:TrackPointExtension>
            <ns3:hr>138</ns3:hr>
            <ns3:cad>0</ns3:cad>
          </ns3:TrackPointExtension>
        </extensions>
      </trkpt>
      <trkpt lat="46.3809438608586788177490234375" lon="23.5778066329658031463623046875">
        <ele>689.5999755859375</ele>
        <time>2022-06-11T09:17:29.000Z</time>
        <extensions>
          <ns3:TrackPointExtension>
            <ns3:hr>140</ns3:hr>
            <ns3:cad>0</ns3:cad>
          </ns3:TrackPointExtension>
        </extensions>
      </trkpt>
      <trkpt lat="46.38094578869640827178955078125" lon="23.5778130032122135162353515625">
        <ele>690</ele>
        <time>2022-06-11T09:17:31.000Z</time>
        <extensions>
          <ns3:TrackPointExtension>
            <ns3:hr>143</ns3:hr>
            <ns3:cad>0</ns3:cad>
          </ns3:TrackPointExtension>
        </extensions>
      </trkpt>
      <trkpt lat="46.380928270518779754638671875" lon="23.5778230614960193634033203125">
        <ele>690.79998779296875</ele>
        <time>2022-06-11T09:17:35.000Z</time>
        <extensions>
          <ns3:TrackPointExtension>
            <ns3:hr>141</ns3:hr>
            <ns3:cad>0</ns3:cad>
          </ns3:TrackPointExtension>
        </extensions>
      </trkpt>
      <trkpt lat="46.380925588309764862060546875" lon="23.577821888029575347900390625">
        <ele>691.5999755859375</ele>
        <time>2022-06-11T09:17:41.000Z</time>
        <extensions>
          <ns3:TrackPointExtension>
            <ns3:hr>138</ns3:hr>
            <ns3:cad>50</ns3:cad>
          </ns3:TrackPointExtension>
        </extensions>
      </trkpt>
      <trkpt lat="46.38091544620692729949951171875" lon="23.57782767154276371002197265625">
        <ele>692</ele>
        <time>2022-06-11T09:17:42.000Z</time>
        <extensions>
          <ns3:TrackPointExtension>
            <ns3:hr>138</ns3:hr>
            <ns3:cad>50</ns3:cad>
          </ns3:TrackPointExtension>
        </extensions>
      </trkpt>
      <trkpt lat="46.38090069405734539031982421875" lon="23.577837646007537841796875">
        <ele>692.20001220703125</ele>
        <time>2022-06-11T09:17:44.000Z</time>
        <extensions>
          <ns3:TrackPointExtension>
            <ns3:hr>137</ns3:hr>
            <ns3:cad>50</ns3:cad>
          </ns3:TrackPointExtension>
        </extensions>
      </trkpt>
      <trkpt lat="46.38089214451611042022705078125" lon="23.5778565891087055206298828125">
        <ele>692.79998779296875</ele>
        <time>2022-06-11T09:17:48.000Z</time>
        <extensions>
          <ns3:TrackPointExtension>
            <ns3:hr>136</ns3:hr>
            <ns3:cad>60</ns3:cad>
          </ns3:TrackPointExtension>
        </extensions>
      </trkpt>
      <trkpt lat="46.38089516200125217437744140625" lon="23.5778599418699741363525390625">
        <ele>693</ele>
        <time>2022-06-11T09:17:49.000Z</time>
        <extensions>
          <ns3:TrackPointExtension>
            <ns3:hr>136</ns3:hr>
            <ns3:cad>60</ns3:cad>
          </ns3:TrackPointExtension>
        </extensions>
      </trkpt>
      <trkpt lat="46.3809093274176120758056640625" lon="23.57788818888366222381591796875">
        <ele>694.20001220703125</ele>
        <time>2022-06-11T09:17:55.000Z</time>
        <extensions>
          <ns3:TrackPointExtension>
            <ns3:hr>137</ns3:hr>
            <ns3:cad>64</ns3:cad>
          </ns3:TrackPointExtension>
        </extensions>
      </trkpt>
      <trkpt lat="46.38091326691210269927978515625" lon="23.57789196074008941650390625">
        <ele>694.20001220703125</ele>
        <time>2022-06-11T09:17:56.000Z</time>
        <extensions>
          <ns3:TrackPointExtension>
            <ns3:hr>137</ns3:hr>
            <ns3:cad>64</ns3:cad>
          </ns3:TrackPointExtension>
        </extensions>
      </trkpt>
      <trkpt lat="46.38090890832245349884033203125" lon="23.57790914364159107208251953125">
        <ele>695.20001220703125</ele>
        <time>2022-06-11T09:18:00.000Z</time>
        <extensions>
          <ns3:TrackPointExtension>
            <ns3:hr>138</ns3:hr>
            <ns3:cad>68</ns3:cad>
          </ns3:TrackPointExtension>
        </extensions>
      </trkpt>
      <trkpt lat="46.3809076510369777679443359375" lon="23.5779263265430927276611328125">
        <ele>696.20001220703125</ele>
        <time>2022-06-11T09:18:04.000Z</time>
        <extensions>
          <ns3:TrackPointExtension>
            <ns3:hr>137</ns3:hr>
            <ns3:cad>62</ns3:cad>
          </ns3:TrackPointExtension>
        </extensions>
      </trkpt>
      <trkpt lat="46.380920894443988800048828125" lon="23.57794451527297496795654296875">
        <ele>697.4000244140625</ele>
        <time>2022-06-11T09:18:10.000Z</time>
        <extensions>
          <ns3:TrackPointExtension>
            <ns3:hr>137</ns3:hr>
            <ns3:cad>64</ns3:cad>
          </ns3:TrackPointExtension>
        </extensions>
      </trkpt>
      <trkpt lat="46.3809291087090969085693359375" lon="23.5779578424990177154541015625">
        <ele>698.4000244140625</ele>
        <time>2022-06-11T09:18:13.000Z</time>
        <extensions>
          <ns3:TrackPointExtension>
            <ns3:hr>137</ns3:hr>
            <ns3:cad>74</ns3:cad>
          </ns3:TrackPointExtension>
        </extensions>
      </trkpt>
      <trkpt lat="46.3809384964406490325927734375" lon="23.57796882279217243194580078125">
        <ele>699</ele>
        <time>2022-06-11T09:18:15.000Z</time>
        <extensions>
          <ns3:TrackPointExtension>
            <ns3:hr>137</ns3:hr>
            <ns3:cad>74</ns3:cad>
          </ns3:TrackPointExtension>
        </extensions>
      </trkpt>
      <trkpt lat="46.3809498958289623260498046875" lon="23.57797737233340740203857421875">
        <ele>699.4000244140625</ele>
        <time>2022-06-11T09:18:17.000Z</time>
        <extensions>
          <ns3:TrackPointExtension>
            <ns3:hr>137</ns3:hr>
            <ns3:cad>63</ns3:cad>
          </ns3:TrackPointExtension>
        </extensions>
      </trkpt>
      <trkpt lat="46.38096012175083160400390625" lon="23.578017018735408782958984375">
        <ele>700.5999755859375</ele>
        <time>2022-06-11T09:18:24.000Z</time>
        <extensions>
          <ns3:TrackPointExtension>
            <ns3:hr>137</ns3:hr>
            <ns3:cad>40</ns3:cad>
          </ns3:TrackPointExtension>
        </extensions>
      </trkpt>
      <trkpt lat="46.3809609599411487579345703125" lon="23.57802850194275379180908203125">
        <ele>700.79998779296875</ele>
        <time>2022-06-11T09:18:26.000Z</time>
        <extensions>
          <ns3:TrackPointExtension>
            <ns3:hr>137</ns3:hr>
            <ns3:cad>40</ns3:cad>
          </ns3:TrackPointExtension>
        </extensions>
      </trkpt>
      <trkpt lat="46.38096682727336883544921875" lon="23.5780589282512664794921875">
        <ele>701.79998779296875</ele>
        <time>2022-06-11T09:18:32.000Z</time>
        <extensions>
          <ns3:TrackPointExtension>
            <ns3:hr>137</ns3:hr>
            <ns3:cad>40</ns3:cad>
          </ns3:TrackPointExtension>
        </extensions>
      </trkpt>
      <trkpt lat="46.380971185863018035888671875" lon="23.57807376421988010406494140625">
        <ele>702.20001220703125</ele>
        <time>2022-06-11T09:18:35.000Z</time>
        <extensions>
          <ns3:TrackPointExtension>
            <ns3:hr>134</ns3:hr>
            <ns3:cad>60</ns3:cad>
          </ns3:TrackPointExtension>
        </extensions>
      </trkpt>
      <trkpt lat="46.38098803348839282989501953125" lon="23.57811081223189830780029296875">
        <ele>702.79998779296875</ele>
        <time>2022-06-11T09:18:40.000Z</time>
        <extensions>
          <ns3:TrackPointExtension>
            <ns3:hr>135</ns3:hr>
            <ns3:cad>62</ns3:cad>
          </ns3:TrackPointExtension>
        </extensions>
      </trkpt>
      <trkpt lat="46.3809902966022491455078125" lon="23.5781157575547695159912109375">
        <ele>703</ele>
        <time>2022-06-11T09:18:41.000Z</time>
        <extensions>
          <ns3:TrackPointExtension>
            <ns3:hr>136</ns3:hr>
            <ns3:cad>62</ns3:cad>
          </ns3:TrackPointExtension>
        </extensions>
      </trkpt>
      <trkpt lat="46.38098333962261676788330078125" lon="23.5781549848616123199462890625">
        <ele>704.20001220703125</ele>
        <time>2022-06-11T09:18:48.000Z</time>
        <extensions>
          <ns3:TrackPointExtension>
            <ns3:hr>137</ns3:hr>
            <ns3:cad>59</ns3:cad>
          </ns3:TrackPointExtension>
        </extensions>
      </trkpt>
      <trkpt lat="46.38097646646201610565185546875" lon="23.5781630314886569976806640625">
        <ele>704.79998779296875</ele>
        <time>2022-06-11T09:18:50.000Z</time>
        <extensions>
          <ns3:TrackPointExtension>
            <ns3:hr>137</ns3:hr>
            <ns3:cad>0</ns3:cad>
          </ns3:TrackPointExtension>
        </extensions>
      </trkpt>
      <trkpt lat="46.3809726946055889129638671875" lon="23.57816646806895732879638671875">
        <ele>705.20001220703125</ele>
        <time>2022-06-11T09:18:52.000Z</time>
        <extensions>
          <ns3:TrackPointExtension>
            <ns3:hr>137</ns3:hr>
            <ns3:cad>0</ns3:cad>
          </ns3:TrackPointExtension>
        </extensions>
      </trkpt>
      <trkpt lat="46.3809639774262905120849609375" lon="23.57816554605960845947265625">
        <ele>706</ele>
        <time>2022-06-11T09:18:57.000Z</time>
        <extensions>
          <ns3:TrackPointExtension>
            <ns3:hr>138</ns3:hr>
            <ns3:cad>0</ns3:cad>
          </ns3:TrackPointExtension>
        </extensions>
      </trkpt>
      <trkpt lat="46.380967162549495697021484375" lon="23.57816596515476703643798828125">
        <ele>706.4000244140625</ele>
        <time>2022-06-11T09:19:17.000Z</time>
        <extensions>
          <ns3:TrackPointExtension>
            <ns3:hr>139</ns3:hr>
            <ns3:cad>0</ns3:cad>
          </ns3:TrackPointExtension>
        </extensions>
      </trkpt>
      <trkpt lat="46.38096808455884456634521484375" lon="23.57816546224057674407958984375">
        <ele>705.79998779296875</ele>
        <time>2022-06-11T09:19:24.000Z</time>
        <extensions>
          <ns3:TrackPointExtension>
            <ns3:hr>136</ns3:hr>
            <ns3:cad>0</ns3:cad>
          </ns3:TrackPointExtension>
        </extensions>
      </trkpt>
      <trkpt lat="46.38097227551043033599853515625" lon="23.5781626962125301361083984375">
        <ele>706.20001220703125</ele>
        <time>2022-06-11T09:19:32.000Z</time>
        <extensions>
          <ns3:TrackPointExtension>
            <ns3:hr>133</ns3:hr>
            <ns3:cad>0</ns3:cad>
          </ns3:TrackPointExtension>
        </extensions>
      </trkpt>
      <trkpt lat="46.38097227551043033599853515625" lon="23.578161858022212982177734375">
        <ele>706.20001220703125</ele>
        <time>2022-06-11T09:19:34.000Z</time>
        <extensions>
          <ns3:TrackPointExtension>
            <ns3:hr>130</ns3:hr>
            <ns3:cad>0</ns3:cad>
          </ns3:TrackPointExtension>
        </extensions>
      </trkpt>
      <trkpt lat="46.38097227551043033599853515625" lon="23.57816127128899097442626953125">
        <ele>706.4000244140625</ele>
        <time>2022-06-11T09:19:36.000Z</time>
        <extensions>
          <ns3:TrackPointExtension>
            <ns3:hr>127</ns3:hr>
            <ns3:cad>0</ns3:cad>
          </ns3:TrackPointExtension>
        </extensions>
      </trkpt>
      <trkpt lat="46.38097227551043033599853515625" lon="23.578157164156436920166015625">
        <ele>706.4000244140625</ele>
        <time>2022-06-11T09:19:42.000Z</time>
        <extensions>
          <ns3:TrackPointExtension>
            <ns3:hr>124</ns3:hr>
            <ns3:cad>0</ns3:cad>
          </ns3:TrackPointExtension>
        </extensions>
      </trkpt>
      <trkpt lat="46.380971856415271759033203125" lon="23.57815674506127834320068359375">
        <ele>706.5999755859375</ele>
        <time>2022-06-11T09:19:48.000Z</time>
        <extensions>
          <ns3:TrackPointExtension>
            <ns3:hr>121</ns3:hr>
            <ns3:cad>0</ns3:cad>
          </ns3:TrackPointExtension>
        </extensions>
      </trkpt>
      <trkpt lat="46.38097143732011318206787109375" lon="23.57815674506127834320068359375">
        <ele>707.20001220703125</ele>
        <time>2022-06-11T09:19:50.000Z</time>
        <extensions>
          <ns3:TrackPointExtension>
            <ns3:hr>118</ns3:hr>
            <ns3:cad>59</ns3:cad>
          </ns3:TrackPointExtension>
        </extensions>
      </trkpt>
      <trkpt lat="46.3809693418443202972412109375" lon="23.57815674506127834320068359375">
        <ele>707.5999755859375</ele>
        <time>2022-06-11T09:19:52.000Z</time>
        <extensions>
          <ns3:TrackPointExtension>
            <ns3:hr>118</ns3:hr>
            <ns3:cad>0</ns3:cad>
          </ns3:TrackPointExtension>
        </extensions>
      </trkpt>
      <trkpt lat="46.38096657581627368927001953125" lon="23.578189350664615631103515625">
        <ele>707.79998779296875</ele>
        <time>2022-06-11T09:20:06.000Z</time>
        <extensions>
          <ns3:TrackPointExtension>
            <ns3:hr>115</ns3:hr>
            <ns3:cad>0</ns3:cad>
          </ns3:TrackPointExtension>
        </extensions>
      </trkpt>
      <trkpt lat="46.3809663243591785430908203125" lon="23.57819312252104282379150390625">
        <ele>707.5999755859375</ele>
        <time>2022-06-11T09:20:08.000Z</time>
        <extensions>
          <ns3:TrackPointExtension>
            <ns3:hr>111</ns3:hr>
            <ns3:cad>0</ns3:cad>
          </ns3:TrackPointExtension>
        </extensions>
      </trkpt>
      <trkpt lat="46.38096749782562255859375" lon="23.57819429598748683929443359375">
        <ele>706.79998779296875</ele>
        <time>2022-06-11T09:20:32.000Z</time>
        <extensions>
          <ns3:TrackPointExtension>
            <ns3:hr>108</ns3:hr>
            <ns3:cad>0</ns3:cad>
          </ns3:TrackPointExtension>
        </extensions>
      </trkpt>
      <trkpt lat="46.3809690065681934356689453125" lon="23.5781932063400745391845703125">
        <ele>706.79998779296875</ele>
        <time>2022-06-11T09:20:39.000Z</time>
        <extensions>
          <ns3:TrackPointExtension>
            <ns3:hr>104</ns3:hr>
            <ns3:cad>0</ns3:cad>
          </ns3:TrackPointExtension>
        </extensions>
      </trkpt>
      <trkpt lat="46.38096942566335201263427734375" lon="23.57819312252104282379150390625">
        <ele>706.5999755859375</ele>
        <time>2022-06-11T09:20:41.000Z</time>
        <extensions>
          <ns3:TrackPointExtension>
            <ns3:hr>101</ns3:hr>
            <ns3:cad>0</ns3:cad>
          </ns3:TrackPointExtension>
        </extensions>
      </trkpt>
      <trkpt lat="46.38096992857754230499267578125" lon="23.57819312252104282379150390625">
        <ele>706.5999755859375</ele>
        <time>2022-06-11T09:20:43.000Z</time>
        <extensions>
          <ns3:TrackPointExtension>
            <ns3:hr>99</ns3:hr>
            <ns3:cad>0</ns3:cad>
          </ns3:TrackPointExtension>
        </extensions>
      </trkpt>
      <trkpt lat="46.3809700123965740203857421875" lon="23.57819312252104282379150390625">
        <ele>706.4000244140625</ele>
        <time>2022-06-11T09:20:45.000Z</time>
        <extensions>
          <ns3:TrackPointExtension>
            <ns3:hr>96</ns3:hr>
            <ns3:cad>0</ns3:cad>
          </ns3:TrackPointExtension>
        </extensions>
      </trkpt>
      <trkpt lat="46.38097009621560573577880859375" lon="23.57819312252104282379150390625">
        <ele>706.4000244140625</ele>
        <time>2022-06-11T09:20:47.000Z</time>
        <extensions>
          <ns3:TrackPointExtension>
            <ns3:hr>93</ns3:hr>
            <ns3:cad>0</ns3:cad>
          </ns3:TrackPointExtension>
        </extensions>
      </trkpt>
      <trkpt lat="46.38097043149173259735107421875" lon="23.57821038924157619476318359375">
        <ele>705.4000244140625</ele>
        <time>2022-06-11T09:21:30.000Z</time>
        <extensions>
          <ns3:TrackPointExtension>
            <ns3:hr>92</ns3:hr>
            <ns3:cad>0</ns3:cad>
          </ns3:TrackPointExtension>
        </extensions>
      </trkpt>
      <trkpt lat="46.3809703476727008819580078125" lon="23.57820988632738590240478515625">
        <ele>705.20001220703125</ele>
        <time>2022-06-11T09:21:36.000Z</time>
        <extensions>
          <ns3:TrackPointExtension>
            <ns3:hr>95</ns3:hr>
            <ns3:cad>0</ns3:cad>
          </ns3:TrackPointExtension>
        </extensions>
      </trkpt>
      <trkpt lat="46.38096624054014682769775390625" lon="23.578211478888988494873046875">
        <ele>705.5999755859375</ele>
        <time>2022-06-11T09:22:02.000Z</time>
        <extensions>
          <ns3:TrackPointExtension>
            <ns3:hr>99</ns3:hr>
            <ns3:cad>0</ns3:cad>
          </ns3:TrackPointExtension>
        </extensions>
      </trkpt>
      <trkpt lat="46.3809661567211151123046875" lon="23.57821156270802021026611328125">
        <ele>705.5999755859375</ele>
        <time>2022-06-11T09:22:04.000Z</time>
        <extensions>
          <ns3:TrackPointExtension>
            <ns3:hr>103</ns3:hr>
            <ns3:cad>0</ns3:cad>
          </ns3:TrackPointExtension>
        </extensions>
      </trkpt>
      <trkpt lat="46.3809661567211151123046875" lon="23.5782116465270519256591796875">
        <ele>705.5999755859375</ele>
        <time>2022-06-11T09:22:05.000Z</time>
        <extensions>
          <ns3:TrackPointExtension>
            <ns3:hr>106</ns3:hr>
            <ns3:cad>0</ns3:cad>
          </ns3:TrackPointExtension>
        </extensions>
      </trkpt>
      <trkpt lat="46.3809659890830516815185546875" lon="23.5782118141651153564453125">
        <ele>706.20001220703125</ele>
        <time>2022-06-11T09:22:14.000Z</time>
        <extensions>
          <ns3:TrackPointExtension>
            <ns3:hr>103</ns3:hr>
            <ns3:cad>0</ns3:cad>
          </ns3:TrackPointExtension>
        </extensions>
      </trkpt>
      <trkpt lat="46.3809659890830516815185546875" lon="23.5782118141651153564453125">
        <ele>706.4000244140625</ele>
        <time>2022-06-11T09:22:15.000Z</time>
        <extensions>
          <ns3:TrackPointExtension>
            <ns3:hr>100</ns3:hr>
            <ns3:cad>0</ns3:cad>
          </ns3:TrackPointExtension>
        </extensions>
      </trkpt>
      <trkpt lat="46.3809659890830516815185546875" lon="23.57821189798414707183837890625">
        <ele>706.5999755859375</ele>
        <time>2022-06-11T09:22:16.000Z</time>
        <extensions>
          <ns3:TrackPointExtension>
            <ns3:hr>100</ns3:hr>
            <ns3:cad>0</ns3:cad>
          </ns3:TrackPointExtension>
        </extensions>
      </trkpt>
      <trkpt lat="46.380965821444988250732421875" lon="23.57821340672671794891357421875">
        <ele>707.5999755859375</ele>
        <time>2022-06-11T09:22:25.000Z</time>
        <extensions>
          <ns3:TrackPointExtension>
            <ns3:hr>101</ns3:hr>
            <ns3:cad>72</ns3:cad>
          </ns3:TrackPointExtension>
        </extensions>
      </trkpt>
      <trkpt lat="46.3809659890830516815185546875" lon="23.5782146640121936798095703125">
        <ele>708.5999755859375</ele>
        <time>2022-06-11T09:22:30.000Z</time>
        <extensions>
          <ns3:TrackPointExtension>
            <ns3:hr>101</ns3:hr>
            <ns3:cad>75</ns3:cad>
          </ns3:TrackPointExtension>
        </extensions>
      </trkpt>
      <trkpt lat="46.3809723593294620513916015625" lon="23.57829018495976924896240234375">
        <ele>708.79998779296875</ele>
        <time>2022-06-11T09:22:33.000Z</time>
        <extensions>
          <ns3:TrackPointExtension>
            <ns3:hr>104</ns3:hr>
            <ns3:cad>68</ns3:cad>
          </ns3:TrackPointExtension>
        </extensions>
      </trkpt>
      <trkpt lat="46.380977891385555267333984375" lon="23.57831935398280620574951171875">
        <ele>709</ele>
        <time>2022-06-11T09:22:34.000Z</time>
        <extensions>
          <ns3:TrackPointExtension>
            <ns3:hr>107</ns3:hr>
            <ns3:cad>73</ns3:cad>
          </ns3:TrackPointExtension>
        </extensions>
      </trkpt>
      <trkpt lat="46.38098333962261676788330078125" lon="23.578345589339733123779296875">
        <ele>709</ele>
        <time>2022-06-11T09:22:35.000Z</time>
        <extensions>
          <ns3:TrackPointExtension>
            <ns3:hr>110</ns3:hr>
            <ns3:cad>73</ns3:cad>
          </ns3:TrackPointExtension>
        </extensions>
      </trkpt>
      <trkpt lat="46.3809918053448200225830078125" lon="23.578395545482635498046875">
        <ele>709</ele>
        <time>2022-06-11T09:22:37.000Z</time>
        <extensions>
          <ns3:TrackPointExtension>
            <ns3:hr>114</ns3:hr>
            <ns3:cad>0</ns3:cad>
          </ns3:TrackPointExtension>
        </extensions>
      </trkpt>
      <trkpt lat="46.3810129277408123016357421875" lon="23.578477017581462860107421875">
        <ele>709.79998779296875</ele>
        <time>2022-06-11T09:22:41.000Z</time>
        <extensions>
          <ns3:TrackPointExtension>
            <ns3:hr>114</ns3:hr>
            <ns3:cad>70</ns3:cad>
          </ns3:TrackPointExtension>
        </extensions>
      </trkpt>
      <trkpt lat="46.38101669959723949432373046875" lon="23.57849587686359882354736328125">
        <ele>710.20001220703125</ele>
        <time>2022-06-11T09:22:44.000Z</time>
        <extensions>
          <ns3:TrackPointExtension>
            <ns3:hr>115</ns3:hr>
            <ns3:cad>0</ns3:cad>
          </ns3:TrackPointExtension>
        </extensions>
      </trkpt>
      <trkpt lat="46.381024830043315887451171875" lon="23.578520603477954864501953125">
        <ele>710.79998779296875</ele>
        <time>2022-06-11T09:22:47.000Z</time>
        <extensions>
          <ns3:TrackPointExtension>
            <ns3:hr>117</ns3:hr>
            <ns3:cad>63</ns3:cad>
          </ns3:TrackPointExtension>
        </extensions>
      </trkpt>
      <trkpt lat="46.38101871125400066375732421875" lon="23.5785314999520778656005859375">
        <ele>711.4000244140625</ele>
        <time>2022-06-11T09:22:50.000Z</time>
        <extensions>
          <ns3:TrackPointExtension>
            <ns3:hr>120</ns3:hr>
            <ns3:cad>0</ns3:cad>
          </ns3:TrackPointExtension>
        </extensions>
      </trkpt>
      <trkpt lat="46.38101535849273204803466796875" lon="23.57853309251368045806884765625">
        <ele>711.5999755859375</ele>
        <time>2022-06-11T09:22:51.000Z</time>
        <extensions>
          <ns3:TrackPointExtension>
            <ns3:hr>121</ns3:hr>
            <ns3:cad>0</ns3:cad>
          </ns3:TrackPointExtension>
        </extensions>
      </trkpt>
      <trkpt lat="46.38100194744765758514404296875" lon="23.5785417258739471435546875">
        <ele>712</ele>
        <time>2022-06-11T09:22:54.000Z</time>
        <extensions>
          <ns3:TrackPointExtension>
            <ns3:hr>122</ns3:hr>
            <ns3:cad>66</ns3:cad>
          </ns3:TrackPointExtension>
        </extensions>
      </trkpt>
      <trkpt lat="46.38099155388772487640380859375" lon="23.57854013331234455108642578125">
        <ele>713</ele>
        <time>2022-06-11T09:22:57.000Z</time>
        <extensions>
          <ns3:TrackPointExtension>
            <ns3:hr>123</ns3:hr>
            <ns3:cad>67</ns3:cad>
          </ns3:TrackPointExtension>
        </extensions>
      </trkpt>
      <trkpt lat="46.3809844292700290679931640625" lon="23.578532002866268157958984375">
        <ele>713.5999755859375</ele>
        <time>2022-06-11T09:22:59.000Z</time>
        <extensions>
          <ns3:TrackPointExtension>
            <ns3:hr>123</ns3:hr>
            <ns3:cad>67</ns3:cad>
          </ns3:TrackPointExtension>
        </extensions>
      </trkpt>
      <trkpt lat="46.380978561937808990478515625" lon="23.57852496206760406494140625">
        <ele>714.20001220703125</ele>
        <time>2022-06-11T09:23:02.000Z</time>
        <extensions>
          <ns3:TrackPointExtension>
            <ns3:hr>123</ns3:hr>
            <ns3:cad>0</ns3:cad>
          </ns3:TrackPointExtension>
        </extensions>
      </trkpt>
      <trkpt lat="46.38097479008138179779052734375" lon="23.578534014523029327392578125">
        <ele>714.4000244140625</ele>
        <time>2022-06-11T09:23:05.000Z</time>
        <extensions>
          <ns3:TrackPointExtension>
            <ns3:hr>125</ns3:hr>
            <ns3:cad>0</ns3:cad>
          </ns3:TrackPointExtension>
        </extensions>
      </trkpt>
      <trkpt lat="46.380964815616607666015625" lon="23.5785509459674358367919921875">
        <ele>715.4000244140625</ele>
        <time>2022-06-11T09:23:09.000Z</time>
        <extensions>
          <ns3:TrackPointExtension>
            <ns3:hr>124</ns3:hr>
            <ns3:cad>0</ns3:cad>
          </ns3:TrackPointExtension>
        </extensions>
      </trkpt>
      <trkpt lat="46.3809639774262905120849609375" lon="23.578556478023529052734375">
        <ele>715.4000244140625</ele>
        <time>2022-06-11T09:23:10.000Z</time>
        <extensions>
          <ns3:TrackPointExtension>
            <ns3:hr>124</ns3:hr>
            <ns3:cad>0</ns3:cad>
          </ns3:TrackPointExtension>
        </extensions>
      </trkpt>
      <trkpt lat="46.380961798131465911865234375" lon="23.57860534451901912689208984375">
        <ele>716.4000244140625</ele>
        <time>2022-06-11T09:23:17.000Z</time>
        <extensions>
          <ns3:TrackPointExtension>
            <ns3:hr>123</ns3:hr>
            <ns3:cad>0</ns3:cad>
          </ns3:TrackPointExtension>
        </extensions>
      </trkpt>
      <trkpt lat="46.3809532485902309417724609375" lon="23.5786226950585842132568359375">
        <ele>717.4000244140625</ele>
        <time>2022-06-11T09:23:20.000Z</time>
        <extensions>
          <ns3:TrackPointExtension>
            <ns3:hr>122</ns3:hr>
            <ns3:cad>18</ns3:cad>
          </ns3:TrackPointExtension>
        </extensions>
      </trkpt>
      <trkpt lat="46.380951069295406341552734375" lon="23.5786280594766139984130859375">
        <ele>717.79998779296875</ele>
        <time>2022-06-11T09:23:21.000Z</time>
        <extensions>
          <ns3:TrackPointExtension>
            <ns3:hr>123</ns3:hr>
            <ns3:cad>18</ns3:cad>
          </ns3:TrackPointExtension>
        </extensions>
      </trkpt>
      <trkpt lat="46.3809364847838878631591796875" lon="23.5786407999694347381591796875">
        <ele>718.79998779296875</ele>
        <time>2022-06-11T09:23:25.000Z</time>
        <extensions>
          <ns3:TrackPointExtension>
            <ns3:hr>126</ns3:hr>
            <ns3:cad>64</ns3:cad>
          </ns3:TrackPointExtension>
        </extensions>
      </trkpt>
      <trkpt lat="46.38092382811009883880615234375" lon="23.57863233424723148345947265625">
        <ele>719.5999755859375</ele>
        <time>2022-06-11T09:23:29.000Z</time>
        <extensions>
          <ns3:TrackPointExtension>
            <ns3:hr>126</ns3:hr>
            <ns3:cad>73</ns3:cad>
          </ns3:TrackPointExtension>
        </extensions>
      </trkpt>
      <trkpt lat="46.3809217326343059539794921875" lon="23.5786277242004871368408203125">
        <ele>719.79998779296875</ele>
        <time>2022-06-11T09:23:31.000Z</time>
        <extensions>
          <ns3:TrackPointExtension>
            <ns3:hr>126</ns3:hr>
            <ns3:cad>0</ns3:cad>
          </ns3:TrackPointExtension>
        </extensions>
      </trkpt>
      <trkpt lat="46.38092122972011566162109375" lon="23.57862646691501140594482421875">
        <ele>720</ele>
        <time>2022-06-11T09:23:42.000Z</time>
        <extensions>
          <ns3:TrackPointExtension>
            <ns3:hr>128</ns3:hr>
            <ns3:cad>0</ns3:cad>
          </ns3:TrackPointExtension>
        </extensions>
      </trkpt>
      <trkpt lat="46.38092047534883022308349609375" lon="23.57863484881818294525146484375">
        <ele>720.4000244140625</ele>
        <time>2022-06-11T09:23:47.000Z</time>
        <extensions>
          <ns3:TrackPointExtension>
            <ns3:hr>125</ns3:hr>
            <ns3:cad>0</ns3:cad>
          </ns3:TrackPointExtension>
        </extensions>
      </trkpt>
      <trkpt lat="46.38091318309307098388671875" lon="23.57867307029664516448974609375">
        <ele>721</ele>
        <time>2022-06-11T09:23:49.000Z</time>
        <extensions>
          <ns3:TrackPointExtension>
            <ns3:hr>126</ns3:hr>
            <ns3:cad>72</ns3:cad>
          </ns3:TrackPointExtension>
        </extensions>
      </trkpt>
      <trkpt lat="46.38091142289340496063232421875" lon="23.57871095649898052215576171875">
        <ele>721.79998779296875</ele>
        <time>2022-06-11T09:23:51.000Z</time>
        <extensions>
          <ns3:TrackPointExtension>
            <ns3:hr>126</ns3:hr>
            <ns3:cad>46</ns3:cad>
          </ns3:TrackPointExtension>
        </extensions>
      </trkpt>
      <trkpt lat="46.3809123449027538299560546875" lon="23.578728474676609039306640625">
        <ele>722.20001220703125</ele>
        <time>2022-06-11T09:23:52.000Z</time>
        <extensions>
          <ns3:TrackPointExtension>
            <ns3:hr>127</ns3:hr>
            <ns3:cad>46</ns3:cad>
          </ns3:TrackPointExtension>
        </extensions>
      </trkpt>
      <trkpt lat="46.3809431903064250946044921875" lon="23.57880868948996067047119140625">
        <ele>723.20001220703125</ele>
        <time>2022-06-11T09:23:57.000Z</time>
        <extensions>
          <ns3:TrackPointExtension>
            <ns3:hr>129</ns3:hr>
            <ns3:cad>42</ns3:cad>
          </ns3:TrackPointExtension>
        </extensions>
      </trkpt>
      <trkpt lat="46.38094805181026458740234375" lon="23.57883500866591930389404296875">
        <ele>723.5999755859375</ele>
        <time>2022-06-11T09:23:59.000Z</time>
        <extensions>
          <ns3:TrackPointExtension>
            <ns3:hr>130</ns3:hr>
            <ns3:cad>77</ns3:cad>
          </ns3:TrackPointExtension>
        </extensions>
      </trkpt>
      <trkpt lat="46.380951739847660064697265625" lon="23.57887021265923976898193359375">
        <ele>724.20001220703125</ele>
        <time>2022-06-11T09:24:02.000Z</time>
        <extensions>
          <ns3:TrackPointExtension>
            <ns3:hr>133</ns3:hr>
            <ns3:cad>0</ns3:cad>
          </ns3:TrackPointExtension>
        </extensions>
      </trkpt>
      <trkpt lat="46.3809458725154399871826171875" lon="23.5788821987807750701904296875">
        <ele>724.4000244140625</ele>
        <time>2022-06-11T09:24:04.000Z</time>
        <extensions>
          <ns3:TrackPointExtension>
            <ns3:hr>136</ns3:hr>
            <ns3:cad>0</ns3:cad>
          </ns3:TrackPointExtension>
        </extensions>
      </trkpt>
      <trkpt lat="46.380934976041316986083984375" lon="23.5788949392735958099365234375">
        <ele>725.4000244140625</ele>
        <time>2022-06-11T09:24:07.000Z</time>
        <extensions>
          <ns3:TrackPointExtension>
            <ns3:hr>138</ns3:hr>
            <ns3:cad>0</ns3:cad>
          </ns3:TrackPointExtension>
        </extensions>
      </trkpt>
      <trkpt lat="46.380934305489063262939453125" lon="23.57892821542918682098388671875">
        <ele>726.20001220703125</ele>
        <time>2022-06-11T09:24:12.000Z</time>
        <extensions>
          <ns3:TrackPointExtension>
            <ns3:hr>138</ns3:hr>
            <ns3:cad>69</ns3:cad>
          </ns3:TrackPointExtension>
        </extensions>
      </trkpt>
      <trkpt lat="46.38092030771076679229736328125" lon="23.57899292372167110443115234375">
        <ele>726.4000244140625</ele>
        <time>2022-06-11T09:24:17.000Z</time>
        <extensions>
          <ns3:TrackPointExtension>
            <ns3:hr>138</ns3:hr>
            <ns3:cad>45</ns3:cad>
          </ns3:TrackPointExtension>
        </extensions>
      </trkpt>
      <trkpt lat="46.38091460801661014556884765625" lon="23.5790039040148258209228515625">
        <ele>726.5999755859375</ele>
        <time>2022-06-11T09:24:18.000Z</time>
        <extensions>
          <ns3:TrackPointExtension>
            <ns3:hr>138</ns3:hr>
            <ns3:cad>45</ns3:cad>
          </ns3:TrackPointExtension>
        </extensions>
      </trkpt>
      <trkpt lat="46.38090312480926513671875" lon="23.57902008108794689178466796875">
        <ele>727.5999755859375</ele>
        <time>2022-06-11T09:24:22.000Z</time>
        <extensions>
          <ns3:TrackPointExtension>
            <ns3:hr>137</ns3:hr>
            <ns3:cad>0</ns3:cad>
          </ns3:TrackPointExtension>
        </extensions>
      </trkpt>
      <trkpt lat="46.38090169988572597503662109375" lon="23.579026870429515838623046875">
        <ele>727.79998779296875</ele>
        <time>2022-06-11T09:24:24.000Z</time>
        <extensions>
          <ns3:TrackPointExtension>
            <ns3:hr>136</ns3:hr>
            <ns3:cad>0</ns3:cad>
          </ns3:TrackPointExtension>
        </extensions>
      </trkpt>
      <trkpt lat="46.3808908872306346893310546875" lon="23.579028211534023284912109375">
        <ele>728</ele>
        <time>2022-06-11T09:24:26.000Z</time>
        <extensions>
          <ns3:TrackPointExtension>
            <ns3:hr>132</ns3:hr>
            <ns3:cad>0</ns3:cad>
          </ns3:TrackPointExtension>
        </extensions>
      </trkpt>
      <trkpt lat="46.3808858580887317657470703125" lon="23.57902242802083492279052734375">
        <ele>728.4000244140625</ele>
        <time>2022-06-11T09:24:31.000Z</time>
        <extensions>
          <ns3:TrackPointExtension>
            <ns3:hr>132</ns3:hr>
            <ns3:cad>0</ns3:cad>
          </ns3:TrackPointExtension>
        </extensions>
      </trkpt>
      <trkpt lat="46.38089080341160297393798828125" lon="23.57902293093502521514892578125">
        <ele>728.79998779296875</ele>
        <time>2022-06-11T09:24:35.000Z</time>
        <extensions>
          <ns3:TrackPointExtension>
            <ns3:hr>131</ns3:hr>
            <ns3:cad>0</ns3:cad>
          </ns3:TrackPointExtension>
        </extensions>
      </trkpt>
      <trkpt lat="46.38089080341160297393798828125" lon="23.57902293093502521514892578125">
        <ele>729.20001220703125</ele>
        <time>2022-06-11T09:24:38.000Z</time>
        <extensions>
          <ns3:TrackPointExtension>
            <ns3:hr>131</ns3:hr>
            <ns3:cad>0</ns3:cad>
          </ns3:TrackPointExtension>
        </extensions>
      </trkpt>
      <trkpt lat="46.38089080341160297393798828125" lon="23.57902293093502521514892578125">
        <ele>729.4000244140625</ele>
        <time>2022-06-11T09:24:42.000Z</time>
        <extensions>
          <ns3:TrackPointExtension>
            <ns3:hr>128</ns3:hr>
            <ns3:cad>0</ns3:cad>
          </ns3:TrackPointExtension>
        </extensions>
      </trkpt>
      <trkpt lat="46.38089298270642757415771484375" lon="23.57902293093502521514892578125">
        <ele>729.5999755859375</ele>
        <time>2022-06-11T09:24:55.000Z</time>
        <extensions>
          <ns3:TrackPointExtension>
            <ns3:hr>125</ns3:hr>
            <ns3:cad>0</ns3:cad>
          </ns3:TrackPointExtension>
        </extensions>
      </trkpt>
      <trkpt lat="46.3808939047157764434814453125" lon="23.5790226794779300689697265625">
        <ele>729.79998779296875</ele>
        <time>2022-06-11T09:24:58.000Z</time>
        <extensions>
          <ns3:TrackPointExtension>
            <ns3:hr>124</ns3:hr>
            <ns3:cad>0</ns3:cad>
          </ns3:TrackPointExtension>
        </extensions>
      </trkpt>
      <trkpt lat="46.3808949105441570281982421875" lon="23.579022176563739776611328125">
        <ele>730</ele>
        <time>2022-06-11T09:25:01.000Z</time>
        <extensions>
          <ns3:TrackPointExtension>
            <ns3:hr>121</ns3:hr>
            <ns3:cad>0</ns3:cad>
          </ns3:TrackPointExtension>
        </extensions>
      </trkpt>
      <trkpt lat="46.38089499436318874359130859375" lon="23.57902058400213718414306640625">
        <ele>730.4000244140625</ele>
        <time>2022-06-11T09:25:04.000Z</time>
        <extensions>
          <ns3:TrackPointExtension>
            <ns3:hr>118</ns3:hr>
            <ns3:cad>0</ns3:cad>
          </ns3:TrackPointExtension>
        </extensions>
      </trkpt>
      <trkpt lat="46.380895078182220458984375" lon="23.57901840470731258392333984375">
        <ele>730.5999755859375</ele>
        <time>2022-06-11T09:25:06.000Z</time>
        <extensions>
          <ns3:TrackPointExtension>
            <ns3:hr>114</ns3:hr>
            <ns3:cad>0</ns3:cad>
          </ns3:TrackPointExtension>
        </extensions>
      </trkpt>
      <trkpt lat="46.3808952458202838897705078125" lon="23.5790179856121540069580078125">
        <ele>730.79998779296875</ele>
        <time>2022-06-11T09:25:08.000Z</time>
        <extensions>
          <ns3:TrackPointExtension>
            <ns3:hr>111</ns3:hr>
            <ns3:cad>0</ns3:cad>
          </ns3:TrackPointExtension>
        </extensions>
      </trkpt>
      <trkpt lat="46.38089532963931560516357421875" lon="23.5790179856121540069580078125">
        <ele>731</ele>
        <time>2022-06-11T09:25:09.000Z</time>
        <extensions>
          <ns3:TrackPointExtension>
            <ns3:hr>110</ns3:hr>
            <ns3:cad>0</ns3:cad>
          </ns3:TrackPointExtension>
        </extensions>
      </trkpt>
      <trkpt lat="46.380895078182220458984375" lon="23.5790179856121540069580078125">
        <ele>731.4000244140625</ele>
        <time>2022-06-11T09:25:20.000Z</time>
        <extensions>
          <ns3:TrackPointExtension>
            <ns3:hr>113</ns3:hr>
            <ns3:cad>0</ns3:cad>
          </ns3:TrackPointExtension>
        </extensions>
      </trkpt>
      <trkpt lat="46.3808942399919033050537109375" lon="23.5790226794779300689697265625">
        <ele>731</ele>
        <time>2022-06-11T09:25:24.000Z</time>
        <extensions>
          <ns3:TrackPointExtension>
            <ns3:hr>110</ns3:hr>
            <ns3:cad>0</ns3:cad>
          </ns3:TrackPointExtension>
        </extensions>
      </trkpt>
      <trkpt lat="46.38088845647871494293212890625" lon="23.5790253616869449615478515625">
        <ele>731</ele>
        <time>2022-06-11T09:25:27.000Z</time>
        <extensions>
          <ns3:TrackPointExtension>
            <ns3:hr>107</ns3:hr>
            <ns3:cad>0</ns3:cad>
          </ns3:TrackPointExtension>
        </extensions>
      </trkpt>
      <trkpt lat="46.38088661246001720428466796875" lon="23.5790256969630718231201171875">
        <ele>730.5999755859375</ele>
        <time>2022-06-11T09:25:31.000Z</time>
        <extensions>
          <ns3:TrackPointExtension>
            <ns3:hr>103</ns3:hr>
            <ns3:cad>0</ns3:cad>
          </ns3:TrackPointExtension>
        </extensions>
      </trkpt>
      <trkpt lat="46.38087697327136993408203125" lon="23.5790153034031391143798828125">
        <ele>731.20001220703125</ele>
        <time>2022-06-11T09:25:48.000Z</time>
        <extensions>
          <ns3:TrackPointExtension>
            <ns3:hr>106</ns3:hr>
            <ns3:cad>0</ns3:cad>
          </ns3:TrackPointExtension>
        </extensions>
      </trkpt>
      <trkpt lat="46.3808763027191162109375" lon="23.57898806221783161163330078125">
        <ele>731</ele>
        <time>2022-06-11T09:25:56.000Z</time>
        <extensions>
          <ns3:TrackPointExtension>
            <ns3:hr>109</ns3:hr>
            <ns3:cad>0</ns3:cad>
          </ns3:TrackPointExtension>
        </extensions>
      </trkpt>
      <trkpt lat="46.38087672181427478790283203125" lon="23.57897247187793254852294921875">
        <ele>731</ele>
        <time>2022-06-11T09:26:11.000Z</time>
        <extensions>
          <ns3:TrackPointExtension>
            <ns3:hr>112</ns3:hr>
            <ns3:cad>0</ns3:cad>
          </ns3:TrackPointExtension>
        </extensions>
      </trkpt>
      <trkpt lat="46.38087672181427478790283203125" lon="23.57897213660180568695068359375">
        <ele>730.5999755859375</ele>
        <time>2022-06-11T09:26:14.000Z</time>
        <extensions>
          <ns3:TrackPointExtension>
            <ns3:hr>115</ns3:hr>
            <ns3:cad>0</ns3:cad>
          </ns3:TrackPointExtension>
        </extensions>
      </trkpt>
      <trkpt lat="46.380875967442989349365234375" lon="23.5789710469543933868408203125">
        <ele>730.4000244140625</ele>
        <time>2022-06-11T09:26:25.000Z</time>
        <extensions>
          <ns3:TrackPointExtension>
            <ns3:hr>112</ns3:hr>
            <ns3:cad>0</ns3:cad>
          </ns3:TrackPointExtension>
        </extensions>
      </trkpt>
      <trkpt lat="46.38087429106235504150390625" lon="23.57896861620247364044189453125">
        <ele>731.79998779296875</ele>
        <time>2022-06-11T09:26:43.000Z</time>
        <extensions>
          <ns3:TrackPointExtension>
            <ns3:hr>109</ns3:hr>
            <ns3:cad>0</ns3:cad>
          </ns3:TrackPointExtension>
        </extensions>
      </trkpt>
      <trkpt lat="46.38087420724332332611083984375" lon="23.57896744273602962493896484375">
        <ele>731.79998779296875</ele>
        <time>2022-06-11T09:26:47.000Z</time>
        <extensions>
          <ns3:TrackPointExtension>
            <ns3:hr>106</ns3:hr>
            <ns3:cad>0</ns3:cad>
          </ns3:TrackPointExtension>
        </extensions>
      </trkpt>
      <trkpt lat="46.38087471015751361846923828125" lon="23.5789666883647441864013671875">
        <ele>731.4000244140625</ele>
        <time>2022-06-11T09:27:00.000Z</time>
        <extensions>
          <ns3:TrackPointExtension>
            <ns3:hr>109</ns3:hr>
            <ns3:cad>0</ns3:cad>
          </ns3:TrackPointExtension>
        </extensions>
      </trkpt>
      <trkpt lat="46.3808754645287990570068359375" lon="23.5789668560028076171875">
        <ele>731.4000244140625</ele>
        <time>2022-06-11T09:27:07.000Z</time>
        <extensions>
          <ns3:TrackPointExtension>
            <ns3:hr>106</ns3:hr>
            <ns3:cad>0</ns3:cad>
          </ns3:TrackPointExtension>
        </extensions>
      </trkpt>
      <trkpt lat="46.3808763027191162109375" lon="23.5789673589169979095458984375">
        <ele>731.20001220703125</ele>
        <time>2022-06-11T09:27:14.000Z</time>
        <extensions>
          <ns3:TrackPointExtension>
            <ns3:hr>103</ns3:hr>
            <ns3:cad>0</ns3:cad>
          </ns3:TrackPointExtension>
        </extensions>
      </trkpt>
      <trkpt lat="46.38087756000459194183349609375" lon="23.57896861620247364044189453125">
        <ele>731</ele>
        <time>2022-06-11T09:27:24.000Z</time>
        <extensions>
          <ns3:TrackPointExtension>
            <ns3:hr>99</ns3:hr>
            <ns3:cad>0</ns3:cad>
          </ns3:TrackPointExtension>
        </extensions>
      </trkpt>
      <trkpt lat="46.3808776438236236572265625" lon="23.57896878384053707122802734375">
        <ele>731</ele>
        <time>2022-06-11T09:27:26.000Z</time>
        <extensions>
          <ns3:TrackPointExtension>
            <ns3:hr>96</ns3:hr>
            <ns3:cad>0</ns3:cad>
          </ns3:TrackPointExtension>
        </extensions>
      </trkpt>
      <trkpt lat="46.38087789528071880340576171875" lon="23.57896777801215648651123046875">
        <ele>730.20001220703125</ele>
        <time>2022-06-11T09:27:52.000Z</time>
        <extensions>
          <ns3:TrackPointExtension>
            <ns3:hr>93</ns3:hr>
            <ns3:cad>0</ns3:cad>
          </ns3:TrackPointExtension>
        </extensions>
      </trkpt>
      <trkpt lat="46.38087705709040164947509765625" lon="23.57896744273602962493896484375">
        <ele>730.20001220703125</ele>
        <time>2022-06-11T09:28:06.000Z</time>
        <extensions>
          <ns3:TrackPointExtension>
            <ns3:hr>90</ns3:hr>
            <ns3:cad>0</ns3:cad>
          </ns3:TrackPointExtension>
        </extensions>
      </trkpt>
      <trkpt lat="46.38087672181427478790283203125" lon="23.57896744273602962493896484375">
        <ele>730</ele>
        <time>2022-06-11T09:28:11.000Z</time>
        <extensions>
          <ns3:TrackPointExtension>
            <ns3:hr>92</ns3:hr>
            <ns3:cad>0</ns3:cad>
          </ns3:TrackPointExtension>
        </extensions>
      </trkpt>
      <trkpt lat="46.38087672181427478790283203125" lon="23.57896752655506134033203125">
        <ele>730</ele>
        <time>2022-06-11T09:28:13.000Z</time>
        <extensions>
          <ns3:TrackPointExtension>
            <ns3:hr>95</ns3:hr>
            <ns3:cad>0</ns3:cad>
          </ns3:TrackPointExtension>
        </extensions>
      </trkpt>
      <trkpt lat="46.3808768056333065032958984375" lon="23.57896752655506134033203125">
        <ele>729.79998779296875</ele>
        <time>2022-06-11T09:28:15.000Z</time>
        <extensions>
          <ns3:TrackPointExtension>
            <ns3:hr>98</ns3:hr>
            <ns3:cad>0</ns3:cad>
          </ns3:TrackPointExtension>
        </extensions>
      </trkpt>
      <trkpt lat="46.38087655417621135711669921875" lon="23.57896752655506134033203125">
        <ele>730</ele>
        <time>2022-06-11T09:28:20.000Z</time>
        <extensions>
          <ns3:TrackPointExtension>
            <ns3:hr>95</ns3:hr>
            <ns3:cad>0</ns3:cad>
          </ns3:TrackPointExtension>
        </extensions>
      </trkpt>
      <trkpt lat="46.3808764703571796417236328125" lon="23.57896752655506134033203125">
        <ele>730</ele>
        <time>2022-06-11T09:28:23.000Z</time>
        <extensions>
          <ns3:TrackPointExtension>
            <ns3:hr>89</ns3:hr>
            <ns3:cad>0</ns3:cad>
          </ns3:TrackPointExtension>
        </extensions>
      </trkpt>
      <trkpt lat="46.3808764703571796417236328125" lon="23.57896752655506134033203125">
        <ele>730</ele>
        <time>2022-06-11T09:28:25.000Z</time>
        <extensions>
          <ns3:TrackPointExtension>
            <ns3:hr>86</ns3:hr>
            <ns3:cad>0</ns3:cad>
          </ns3:TrackPointExtension>
        </extensions>
      </trkpt>
      <trkpt lat="46.3808761350810527801513671875" lon="23.57896752655506134033203125">
        <ele>729.79998779296875</ele>
        <time>2022-06-11T09:28:33.000Z</time>
        <extensions>
          <ns3:TrackPointExtension>
            <ns3:hr>89</ns3:hr>
            <ns3:cad>44</ns3:cad>
          </ns3:TrackPointExtension>
        </extensions>
      </trkpt>
      <trkpt lat="46.38086230494081974029541015625" lon="23.57898102141916751861572265625">
        <ele>730</ele>
        <time>2022-06-11T09:28:39.000Z</time>
        <extensions>
          <ns3:TrackPointExtension>
            <ns3:hr>93</ns3:hr>
            <ns3:cad>0</ns3:cad>
          </ns3:TrackPointExtension>
        </extensions>
      </trkpt>
      <trkpt lat="46.38086230494081974029541015625" lon="23.57898102141916751861572265625">
        <ele>730</ele>
        <time>2022-06-11T09:28:40.000Z</time>
        <extensions>
          <ns3:TrackPointExtension>
            <ns3:hr>94</ns3:hr>
            <ns3:cad>0</ns3:cad>
          </ns3:TrackPointExtension>
        </extensions>
      </trkpt>
      <trkpt lat="46.38086096383631229400634765625" lon="23.57898102141916751861572265625">
        <ele>730</ele>
        <time>2022-06-11T09:28:46.000Z</time>
        <extensions>
          <ns3:TrackPointExtension>
            <ns3:hr>97</ns3:hr>
            <ns3:cad>0</ns3:cad>
          </ns3:TrackPointExtension>
        </extensions>
      </trkpt>
      <trkpt lat="46.3808516599237918853759765625" lon="23.57898102141916751861572265625">
        <ele>730.20001220703125</ele>
        <time>2022-06-11T09:28:49.000Z</time>
        <extensions>
          <ns3:TrackPointExtension>
            <ns3:hr>100</ns3:hr>
            <ns3:cad>0</ns3:cad>
          </ns3:TrackPointExtension>
        </extensions>
      </trkpt>
      <trkpt lat="46.3808516599237918853759765625" lon="23.578974567353725433349609375">
        <ele>730.4000244140625</ele>
        <time>2022-06-11T09:28:55.000Z</time>
        <extensions>
          <ns3:TrackPointExtension>
            <ns3:hr>97</ns3:hr>
            <ns3:cad>0</ns3:cad>
          </ns3:TrackPointExtension>
        </extensions>
      </trkpt>
      <trkpt lat="46.3808516599237918853759765625" lon="23.57896526344120502471923828125">
        <ele>730.5999755859375</ele>
        <time>2022-06-11T09:29:02.000Z</time>
        <extensions>
          <ns3:TrackPointExtension>
            <ns3:hr>94</ns3:hr>
            <ns3:cad>0</ns3:cad>
          </ns3:TrackPointExtension>
        </extensions>
      </trkpt>
      <trkpt lat="46.38087697327136993408203125" lon="23.57896258123219013214111328125">
        <ele>730.4000244140625</ele>
        <time>2022-06-11T09:29:10.000Z</time>
        <extensions>
          <ns3:TrackPointExtension>
            <ns3:hr>91</ns3:hr>
            <ns3:cad>0</ns3:cad>
          </ns3:TrackPointExtension>
        </extensions>
      </trkpt>
      <trkpt lat="46.3808781467378139495849609375" lon="23.57896124012768268585205078125">
        <ele>731.20001220703125</ele>
        <time>2022-06-11T09:29:14.000Z</time>
        <extensions>
          <ns3:TrackPointExtension>
            <ns3:hr>89</ns3:hr>
            <ns3:cad>0</ns3:cad>
          </ns3:TrackPointExtension>
        </extensions>
      </trkpt>
      <trkpt lat="46.38087890110909938812255859375" lon="23.5789583064615726470947265625">
        <ele>731.5999755859375</ele>
        <time>2022-06-11T09:29:20.000Z</time>
        <extensions>
          <ns3:TrackPointExtension>
            <ns3:hr>92</ns3:hr>
            <ns3:cad>0</ns3:cad>
          </ns3:TrackPointExtension>
        </extensions>
      </trkpt>
      <trkpt lat="46.38087965548038482666015625" lon="23.5789579711854457855224609375">
        <ele>731.4000244140625</ele>
        <time>2022-06-11T09:29:25.000Z</time>
        <extensions>
          <ns3:TrackPointExtension>
            <ns3:hr>95</ns3:hr>
            <ns3:cad>0</ns3:cad>
          </ns3:TrackPointExtension>
        </extensions>
      </trkpt>
      <trkpt lat="46.38088099658489227294921875" lon="23.5789569653570652008056640625">
        <ele>730.20001220703125</ele>
        <time>2022-06-11T09:29:36.000Z</time>
        <extensions>
          <ns3:TrackPointExtension>
            <ns3:hr>94</ns3:hr>
            <ns3:cad>0</ns3:cad>
          </ns3:TrackPointExtension>
        </extensions>
      </trkpt>
      <trkpt lat="46.3808814994990825653076171875" lon="23.5789569653570652008056640625">
        <ele>730</ele>
        <time>2022-06-11T09:29:39.000Z</time>
        <extensions>
          <ns3:TrackPointExtension>
            <ns3:hr>91</ns3:hr>
            <ns3:cad>0</ns3:cad>
          </ns3:TrackPointExtension>
        </extensions>
      </trkpt>
      <trkpt lat="46.3808841817080974578857421875" lon="23.578956127166748046875">
        <ele>730.20001220703125</ele>
        <time>2022-06-11T09:29:51.000Z</time>
        <extensions>
          <ns3:TrackPointExtension>
            <ns3:hr>87</ns3:hr>
            <ns3:cad>0</ns3:cad>
          </ns3:TrackPointExtension>
        </extensions>
      </trkpt>
      <trkpt lat="46.3808841817080974578857421875" lon="23.57895604334771633148193359375">
        <ele>730.20001220703125</ele>
        <time>2022-06-11T09:29:53.000Z</time>
        <extensions>
          <ns3:TrackPointExtension>
            <ns3:hr>84</ns3:hr>
            <ns3:cad>0</ns3:cad>
          </ns3:TrackPointExtension>
        </extensions>
      </trkpt>
      <trkpt lat="46.38088191859424114227294921875" lon="23.57895671389997005462646484375">
        <ele>729.20001220703125</ele>
        <time>2022-06-11T09:30:09.000Z</time>
        <extensions>
          <ns3:TrackPointExtension>
            <ns3:hr>85</ns3:hr>
            <ns3:cad>0</ns3:cad>
          </ns3:TrackPointExtension>
        </extensions>
      </trkpt>
      <trkpt lat="46.380882002413272857666015625" lon="23.5789569653570652008056640625">
        <ele>728.79998779296875</ele>
        <time>2022-06-11T09:30:18.000Z</time>
        <extensions>
          <ns3:TrackPointExtension>
            <ns3:hr>88</ns3:hr>
            <ns3:cad>0</ns3:cad>
          </ns3:TrackPointExtension>
        </extensions>
      </trkpt>
      <trkpt lat="46.380882002413272857666015625" lon="23.57895755209028720855712890625">
        <ele>728.79998779296875</ele>
        <time>2022-06-11T09:30:25.000Z</time>
        <extensions>
          <ns3:TrackPointExtension>
            <ns3:hr>91</ns3:hr>
            <ns3:cad>0</ns3:cad>
          </ns3:TrackPointExtension>
        </extensions>
      </trkpt>
      <trkpt lat="46.380879320204257965087890625" lon="23.57895805500447750091552734375">
        <ele>728.5999755859375</ele>
        <time>2022-06-11T09:30:40.000Z</time>
        <extensions>
          <ns3:TrackPointExtension>
            <ns3:hr>94</ns3:hr>
            <ns3:cad>0</ns3:cad>
          </ns3:TrackPointExtension>
        </extensions>
      </trkpt>
      <trkpt lat="46.38087772764265537261962890625" lon="23.5789579711854457855224609375">
        <ele>728.20001220703125</ele>
        <time>2022-06-11T09:30:46.000Z</time>
        <extensions>
          <ns3:TrackPointExtension>
            <ns3:hr>91</ns3:hr>
            <ns3:cad>0</ns3:cad>
          </ns3:TrackPointExtension>
        </extensions>
      </trkpt>
      <trkpt lat="46.38087655417621135711669921875" lon="23.578957132995128631591796875">
        <ele>728.5999755859375</ele>
        <time>2022-06-11T09:30:53.000Z</time>
        <extensions>
          <ns3:TrackPointExtension>
            <ns3:hr>88</ns3:hr>
            <ns3:cad>0</ns3:cad>
          </ns3:TrackPointExtension>
        </extensions>
      </trkpt>
      <trkpt lat="46.3808761350810527801513671875" lon="23.578956127166748046875">
        <ele>728.4000244140625</ele>
        <time>2022-06-11T09:30:59.000Z</time>
        <extensions>
          <ns3:TrackPointExtension>
            <ns3:hr>85</ns3:hr>
            <ns3:cad>0</ns3:cad>
          </ns3:TrackPointExtension>
        </extensions>
      </trkpt>
      <trkpt lat="46.38087563216686248779296875" lon="23.5789546184241771697998046875">
        <ele>728.20001220703125</ele>
        <time>2022-06-11T09:31:13.000Z</time>
        <extensions>
          <ns3:TrackPointExtension>
            <ns3:hr>84</ns3:hr>
            <ns3:cad>0</ns3:cad>
          </ns3:TrackPointExtension>
        </extensions>
      </trkpt>
      <trkpt lat="46.3808757998049259185791015625" lon="23.5789542831480503082275390625">
        <ele>727.4000244140625</ele>
        <time>2022-06-11T09:31:40.000Z</time>
        <extensions>
          <ns3:TrackPointExtension>
            <ns3:hr>81</ns3:hr>
            <ns3:cad>0</ns3:cad>
          </ns3:TrackPointExtension>
        </extensions>
      </trkpt>
      <trkpt lat="46.38087588362395763397216796875" lon="23.57895419932901859283447265625">
        <ele>727.20001220703125</ele>
        <time>2022-06-11T09:32:01.000Z</time>
        <extensions>
          <ns3:TrackPointExtension>
            <ns3:hr>84</ns3:hr>
            <ns3:cad>0</ns3:cad>
          </ns3:TrackPointExtension>
        </extensions>
      </trkpt>
      <trkpt lat="46.3808757998049259185791015625" lon="23.5789542831480503082275390625">
        <ele>727.20001220703125</ele>
        <time>2022-06-11T09:32:03.000Z</time>
        <extensions>
          <ns3:TrackPointExtension>
            <ns3:hr>87</ns3:hr>
            <ns3:cad>0</ns3:cad>
          </ns3:TrackPointExtension>
        </extensions>
      </trkpt>
      <trkpt lat="46.38087571598589420318603515625" lon="23.57895436696708202362060546875">
        <ele>727</ele>
        <time>2022-06-11T09:32:06.000Z</time>
        <extensions>
          <ns3:TrackPointExtension>
            <ns3:hr>90</ns3:hr>
            <ns3:cad>0</ns3:cad>
          </ns3:TrackPointExtension>
        </extensions>
      </trkpt>
      <trkpt lat="46.38087538070976734161376953125" lon="23.578954450786113739013671875">
        <ele>727</ele>
        <time>2022-06-11T09:32:12.000Z</time>
        <extensions>
          <ns3:TrackPointExtension>
            <ns3:hr>85</ns3:hr>
            <ns3:cad>0</ns3:cad>
          </ns3:TrackPointExtension>
        </extensions>
      </trkpt>
      <trkpt lat="46.380875296890735626220703125" lon="23.57895436696708202362060546875">
        <ele>727</ele>
        <time>2022-06-11T09:32:14.000Z</time>
        <extensions>
          <ns3:TrackPointExtension>
            <ns3:hr>82</ns3:hr>
            <ns3:cad>0</ns3:cad>
          </ns3:TrackPointExtension>
        </extensions>
      </trkpt>
      <trkpt lat="46.3808749616146087646484375" lon="23.57895436696708202362060546875">
        <ele>727</ele>
        <time>2022-06-11T09:32:21.000Z</time>
        <extensions>
          <ns3:TrackPointExtension>
            <ns3:hr>85</ns3:hr>
            <ns3:cad>0</ns3:cad>
          </ns3:TrackPointExtension>
        </extensions>
      </trkpt>
      <trkpt lat="46.380874626338481903076171875" lon="23.57895453460514545440673828125">
        <ele>726.79998779296875</ele>
        <time>2022-06-11T09:32:27.000Z</time>
        <extensions>
          <ns3:TrackPointExtension>
            <ns3:hr>88</ns3:hr>
            <ns3:cad>0</ns3:cad>
          </ns3:TrackPointExtension>
        </extensions>
      </trkpt>
      <trkpt lat="46.38087454251945018768310546875" lon="23.57895470224320888519287109375">
        <ele>726.79998779296875</ele>
        <time>2022-06-11T09:32:29.000Z</time>
        <extensions>
          <ns3:TrackPointExtension>
            <ns3:hr>91</ns3:hr>
            <ns3:cad>0</ns3:cad>
          </ns3:TrackPointExtension>
        </extensions>
      </trkpt>
      <trkpt lat="46.38087437488138675689697265625" lon="23.5789547860622406005859375">
        <ele>727</ele>
        <time>2022-06-11T09:32:32.000Z</time>
        <extensions>
          <ns3:TrackPointExtension>
            <ns3:hr>94</ns3:hr>
            <ns3:cad>0</ns3:cad>
          </ns3:TrackPointExtension>
        </extensions>
      </trkpt>
      <trkpt lat="46.3808737881481647491455078125" lon="23.578955121338367462158203125">
        <ele>726.79998779296875</ele>
        <time>2022-06-11T09:32:45.000Z</time>
        <extensions>
          <ns3:TrackPointExtension>
            <ns3:hr>91</ns3:hr>
            <ns3:cad>0</ns3:cad>
          </ns3:TrackPointExtension>
        </extensions>
      </trkpt>
      <trkpt lat="46.380873285233974456787109375" lon="23.57895554043352603912353515625">
        <ele>726.4000244140625</ele>
        <time>2022-06-11T09:33:00.000Z</time>
        <extensions>
          <ns3:TrackPointExtension>
            <ns3:hr>88</ns3:hr>
            <ns3:cad>0</ns3:cad>
          </ns3:TrackPointExtension>
        </extensions>
      </trkpt>
      <trkpt lat="46.38087303377687931060791015625" lon="23.57895570807158946990966796875">
        <ele>726</ele>
        <time>2022-06-11T09:33:06.000Z</time>
        <extensions>
          <ns3:TrackPointExtension>
            <ns3:hr>87</ns3:hr>
            <ns3:cad>0</ns3:cad>
          </ns3:TrackPointExtension>
        </extensions>
      </trkpt>
      <trkpt lat="46.38087118975818157196044921875" lon="23.578957132995128631591796875">
        <ele>725</ele>
        <time>2022-06-11T09:34:05.000Z</time>
        <extensions>
          <ns3:TrackPointExtension>
            <ns3:hr>89</ns3:hr>
            <ns3:cad>0</ns3:cad>
          </ns3:TrackPointExtension>
        </extensions>
      </trkpt>
      <trkpt lat="46.38087001629173755645751953125" lon="23.57895721681416034698486328125">
        <ele>724.5999755859375</ele>
        <time>2022-06-11T09:34:16.000Z</time>
        <extensions>
          <ns3:TrackPointExtension>
            <ns3:hr>85</ns3:hr>
            <ns3:cad>0</ns3:cad>
          </ns3:TrackPointExtension>
        </extensions>
      </trkpt>
      <trkpt lat="46.38086984865367412567138671875" lon="23.57895721681416034698486328125">
        <ele>724.5999755859375</ele>
        <time>2022-06-11T09:34:18.000Z</time>
        <extensions>
          <ns3:TrackPointExtension>
            <ns3:hr>81</ns3:hr>
            <ns3:cad>0</ns3:cad>
          </ns3:TrackPointExtension>
        </extensions>
      </trkpt>
      <trkpt lat="46.38085928745567798614501953125" lon="23.578955791890621185302734375">
        <ele>724.4000244140625</ele>
        <time>2022-06-11T09:34:26.000Z</time>
        <extensions>
          <ns3:TrackPointExtension>
            <ns3:hr>84</ns3:hr>
            <ns3:cad>48</ns3:cad>
          </ns3:TrackPointExtension>
        </extensions>
      </trkpt>
      <trkpt lat="46.38083984144032001495361328125" lon="23.57895277440547943115234375">
        <ele>724.20001220703125</ele>
        <time>2022-06-11T09:34:27.000Z</time>
        <extensions>
          <ns3:TrackPointExtension>
            <ns3:hr>88</ns3:hr>
            <ns3:cad>48</ns3:cad>
          </ns3:TrackPointExtension>
        </extensions>
      </trkpt>
      <trkpt lat="46.3808245025575160980224609375" lon="23.57895000837743282318115234375">
        <ele>724.20001220703125</ele>
        <time>2022-06-11T09:34:28.000Z</time>
        <extensions>
          <ns3:TrackPointExtension>
            <ns3:hr>93</ns3:hr>
            <ns3:cad>48</ns3:cad>
          </ns3:TrackPointExtension>
        </extensions>
      </trkpt>
      <trkpt lat="46.38081218115985393524169921875" lon="23.5789499245584011077880859375">
        <ele>724.20001220703125</ele>
        <time>2022-06-11T09:34:29.000Z</time>
        <extensions>
          <ns3:TrackPointExtension>
            <ns3:hr>92</ns3:hr>
            <ns3:cad>47</ns3:cad>
          </ns3:TrackPointExtension>
        </extensions>
      </trkpt>
      <trkpt lat="46.380798853933811187744140625" lon="23.57894740998744964599609375">
        <ele>724</ele>
        <time>2022-06-11T09:34:30.000Z</time>
        <extensions>
          <ns3:TrackPointExtension>
            <ns3:hr>92</ns3:hr>
            <ns3:cad>47</ns3:cad>
          </ns3:TrackPointExtension>
        </extensions>
      </trkpt>
      <trkpt lat="46.380763314664363861083984375" lon="23.57893961481750011444091796875">
        <ele>723.79998779296875</ele>
        <time>2022-06-11T09:34:32.000Z</time>
        <extensions>
          <ns3:TrackPointExtension>
            <ns3:hr>89</ns3:hr>
            <ns3:cad>0</ns3:cad>
          </ns3:TrackPointExtension>
        </extensions>
      </trkpt>
      <trkpt lat="46.38067605905234813690185546875" lon="23.57891446910798549652099609375">
        <ele>723.4000244140625</ele>
        <time>2022-06-11T09:34:38.000Z</time>
        <extensions>
          <ns3:TrackPointExtension>
            <ns3:hr>86</ns3:hr>
            <ns3:cad>49</ns3:cad>
          </ns3:TrackPointExtension>
        </extensions>
      </trkpt>
      <trkpt lat="46.3806511647999286651611328125" lon="23.57890340499579906463623046875">
        <ele>723</ele>
        <time>2022-06-11T09:34:41.000Z</time>
        <extensions>
          <ns3:TrackPointExtension>
            <ns3:hr>87</ns3:hr>
            <ns3:cad>47</ns3:cad>
          </ns3:TrackPointExtension>
        </extensions>
      </trkpt>
      <trkpt lat="46.38058570213615894317626953125" lon="23.57889921404421329498291015625">
        <ele>722.20001220703125</ele>
        <time>2022-06-11T09:34:48.000Z</time>
        <extensions>
          <ns3:TrackPointExtension>
            <ns3:hr>87</ns3:hr>
            <ns3:cad>45</ns3:cad>
          </ns3:TrackPointExtension>
        </extensions>
      </trkpt>
      <trkpt lat="46.3805717043578624725341796875" lon="23.578900806605815887451171875">
        <ele>721.79998779296875</ele>
        <time>2022-06-11T09:34:50.000Z</time>
        <extensions>
          <ns3:TrackPointExtension>
            <ns3:hr>89</ns3:hr>
            <ns3:cad>0</ns3:cad>
          </ns3:TrackPointExtension>
        </extensions>
      </trkpt>
      <trkpt lat="46.380541026592254638671875" lon="23.57888328842818737030029296875">
        <ele>720.79998779296875</ele>
        <time>2022-06-11T09:34:55.000Z</time>
        <extensions>
          <ns3:TrackPointExtension>
            <ns3:hr>90</ns3:hr>
            <ns3:cad>0</ns3:cad>
          </ns3:TrackPointExtension>
        </extensions>
      </trkpt>
      <trkpt lat="46.38053524307906627655029296875" lon="23.57888571918010711669921875">
        <ele>720.5999755859375</ele>
        <time>2022-06-11T09:34:56.000Z</time>
        <extensions>
          <ns3:TrackPointExtension>
            <ns3:hr>90</ns3:hr>
            <ns3:cad>0</ns3:cad>
          </ns3:TrackPointExtension>
        </extensions>
      </trkpt>
      <trkpt lat="46.3805093429982662200927734375" lon="23.5788741521537303924560546875">
        <ele>719.5999755859375</ele>
        <time>2022-06-11T09:35:01.000Z</time>
        <extensions>
          <ns3:TrackPointExtension>
            <ns3:hr>91</ns3:hr>
            <ns3:cad>0</ns3:cad>
          </ns3:TrackPointExtension>
        </extensions>
      </trkpt>
      <trkpt lat="46.38048411346971988677978515625" lon="23.5788664408028125762939453125">
        <ele>718.5999755859375</ele>
        <time>2022-06-11T09:35:08.000Z</time>
        <extensions>
          <ns3:TrackPointExtension>
            <ns3:hr>94</ns3:hr>
            <ns3:cad>45</ns3:cad>
          </ns3:TrackPointExtension>
        </extensions>
      </trkpt>
      <trkpt lat="46.38047774322330951690673828125" lon="23.57886250130832195281982421875">
        <ele>718.5999755859375</ele>
        <time>2022-06-11T09:35:09.000Z</time>
        <extensions>
          <ns3:TrackPointExtension>
            <ns3:hr>95</ns3:hr>
            <ns3:cad>45</ns3:cad>
          </ns3:TrackPointExtension>
        </extensions>
      </trkpt>
      <trkpt lat="46.3804538547992706298828125" lon="23.57884221710264682769775390625">
        <ele>717.4000244140625</ele>
        <time>2022-06-11T09:35:14.000Z</time>
        <extensions>
          <ns3:TrackPointExtension>
            <ns3:hr>96</ns3:hr>
            <ns3:cad>53</ns3:cad>
          </ns3:TrackPointExtension>
        </extensions>
      </trkpt>
      <trkpt lat="46.3804469816386699676513671875" lon="23.57883609831333160400390625">
        <ele>717</ele>
        <time>2022-06-11T09:35:16.000Z</time>
        <extensions>
          <ns3:TrackPointExtension>
            <ns3:hr>96</ns3:hr>
            <ns3:cad>0</ns3:cad>
          </ns3:TrackPointExtension>
        </extensions>
      </trkpt>
      <trkpt lat="46.380434073507785797119140625" lon="23.57880382798612117767333984375">
        <ele>716.20001220703125</ele>
        <time>2022-06-11T09:35:20.000Z</time>
        <extensions>
          <ns3:TrackPointExtension>
            <ns3:hr>95</ns3:hr>
            <ns3:cad>48</ns3:cad>
          </ns3:TrackPointExtension>
        </extensions>
      </trkpt>
      <trkpt lat="46.38042711652815341949462890625" lon="23.57875429093837738037109375">
        <ele>715.20001220703125</ele>
        <time>2022-06-11T09:35:25.000Z</time>
        <extensions>
          <ns3:TrackPointExtension>
            <ns3:hr>96</ns3:hr>
            <ns3:cad>46</ns3:cad>
          </ns3:TrackPointExtension>
        </extensions>
      </trkpt>
      <trkpt lat="46.38042099773883819580078125" lon="23.578714393079280853271484375">
        <ele>714</ele>
        <time>2022-06-11T09:35:32.000Z</time>
        <extensions>
          <ns3:TrackPointExtension>
            <ns3:hr>96</ns3:hr>
            <ns3:cad>0</ns3:cad>
          </ns3:TrackPointExtension>
        </extensions>
      </trkpt>
      <trkpt lat="46.3804221712052822113037109375" lon="23.5786874033510684967041015625">
        <ele>713.4000244140625</ele>
        <time>2022-06-11T09:35:39.000Z</time>
        <extensions>
          <ns3:TrackPointExtension>
            <ns3:hr>97</ns3:hr>
            <ns3:cad>0</ns3:cad>
          </ns3:TrackPointExtension>
        </extensions>
      </trkpt>
      <trkpt lat="46.38042326085269451141357421875" lon="23.5786651074886322021484375">
        <ele>713</ele>
        <time>2022-06-11T09:35:42.000Z</time>
        <extensions>
          <ns3:TrackPointExtension>
            <ns3:hr>96</ns3:hr>
            <ns3:cad>0</ns3:cad>
          </ns3:TrackPointExtension>
        </extensions>
      </trkpt>
      <trkpt lat="46.38041974045336246490478515625" lon="23.57863518409430980682373046875">
        <ele>712</ele>
        <time>2022-06-11T09:35:46.000Z</time>
        <extensions>
          <ns3:TrackPointExtension>
            <ns3:hr>99</ns3:hr>
            <ns3:cad>0</ns3:cad>
          </ns3:TrackPointExtension>
        </extensions>
      </trkpt>
      <trkpt lat="46.3804184831678867340087890625" lon="23.57862797565758228302001953125">
        <ele>712</ele>
        <time>2022-06-11T09:35:47.000Z</time>
        <extensions>
          <ns3:TrackPointExtension>
            <ns3:hr>99</ns3:hr>
            <ns3:cad>0</ns3:cad>
          </ns3:TrackPointExtension>
        </extensions>
      </trkpt>
      <trkpt lat="46.3804149627685546875" lon="23.57861473225057125091552734375">
        <ele>711.79998779296875</ele>
        <time>2022-06-11T09:35:49.000Z</time>
        <extensions>
          <ns3:TrackPointExtension>
            <ns3:hr>99</ns3:hr>
            <ns3:cad>53</ns3:cad>
          </ns3:TrackPointExtension>
        </extensions>
      </trkpt>
      <trkpt lat="46.38041404075920581817626953125" lon="23.57859469950199127197265625">
        <ele>711</ele>
        <time>2022-06-11T09:35:53.000Z</time>
        <extensions>
          <ns3:TrackPointExtension>
            <ns3:hr>99</ns3:hr>
            <ns3:cad>0</ns3:cad>
          </ns3:TrackPointExtension>
        </extensions>
      </trkpt>
      <trkpt lat="46.38041370548307895660400390625" lon="23.57856896705925464630126953125">
        <ele>710.20001220703125</ele>
        <time>2022-06-11T09:35:57.000Z</time>
        <extensions>
          <ns3:TrackPointExtension>
            <ns3:hr>97</ns3:hr>
            <ns3:cad>0</ns3:cad>
          </ns3:TrackPointExtension>
        </extensions>
      </trkpt>
      <trkpt lat="46.3804114423692226409912109375" lon="23.5785636864602565765380859375">
        <ele>709.79998779296875</ele>
        <time>2022-06-11T09:35:59.000Z</time>
        <extensions>
          <ns3:TrackPointExtension>
            <ns3:hr>95</ns3:hr>
            <ns3:cad>0</ns3:cad>
          </ns3:TrackPointExtension>
        </extensions>
      </trkpt>
      <trkpt lat="46.3804070837795734405517578125" lon="23.57854331843554973602294921875">
        <ele>709.20001220703125</ele>
        <time>2022-06-11T09:36:05.000Z</time>
        <extensions>
          <ns3:TrackPointExtension>
            <ns3:hr>96</ns3:hr>
            <ns3:cad>0</ns3:cad>
          </ns3:TrackPointExtension>
        </extensions>
      </trkpt>
      <trkpt lat="46.38040817342698574066162109375" lon="23.57854281552135944366455078125">
        <ele>708.5999755859375</ele>
        <time>2022-06-11T09:36:11.000Z</time>
        <extensions>
          <ns3:TrackPointExtension>
            <ns3:hr>96</ns3:hr>
            <ns3:cad>0</ns3:cad>
          </ns3:TrackPointExtension>
        </extensions>
      </trkpt>
      <trkpt lat="46.38040817342698574066162109375" lon="23.57854281552135944366455078125">
        <ele>708</ele>
        <time>2022-06-11T09:36:16.000Z</time>
        <extensions>
          <ns3:TrackPointExtension>
            <ns3:hr>99</ns3:hr>
            <ns3:cad>47</ns3:cad>
          </ns3:TrackPointExtension>
        </extensions>
      </trkpt>
      <trkpt lat="46.3804329000413417816162109375" lon="23.57844508253037929534912109375">
        <ele>707.5999755859375</ele>
        <time>2022-06-11T09:36:22.000Z</time>
        <extensions>
          <ns3:TrackPointExtension>
            <ns3:hr>100</ns3:hr>
            <ns3:cad>0</ns3:cad>
          </ns3:TrackPointExtension>
        </extensions>
      </trkpt>
      <trkpt lat="46.3804546929895877838134765625" lon="23.578404597938060760498046875">
        <ele>707.5999755859375</ele>
        <time>2022-06-11T09:36:26.000Z</time>
        <extensions>
          <ns3:TrackPointExtension>
            <ns3:hr>97</ns3:hr>
            <ns3:cad>0</ns3:cad>
          </ns3:TrackPointExtension>
        </extensions>
      </trkpt>
      <trkpt lat="46.3804553635418415069580078125" lon="23.5784051008522510528564453125">
        <ele>707.5999755859375</ele>
        <time>2022-06-11T09:36:27.000Z</time>
        <extensions>
          <ns3:TrackPointExtension>
            <ns3:hr>98</ns3:hr>
            <ns3:cad>0</ns3:cad>
          </ns3:TrackPointExtension>
        </extensions>
      </trkpt>
      <trkpt lat="46.38045678846538066864013671875" lon="23.5784010775387287139892578125">
        <ele>707.4000244140625</ele>
        <time>2022-06-11T09:36:29.000Z</time>
        <extensions>
          <ns3:TrackPointExtension>
            <ns3:hr>97</ns3:hr>
            <ns3:cad>0</ns3:cad>
          </ns3:TrackPointExtension>
        </extensions>
      </trkpt>
      <trkpt lat="46.38045209459960460662841796875" lon="23.57838816940784454345703125">
        <ele>707.5999755859375</ele>
        <time>2022-06-11T09:36:35.000Z</time>
        <extensions>
          <ns3:TrackPointExtension>
            <ns3:hr>98</ns3:hr>
            <ns3:cad>0</ns3:cad>
          </ns3:TrackPointExtension>
        </extensions>
      </trkpt>
      <trkpt lat="46.3804297149181365966796875" lon="23.5783263109624385833740234375">
        <ele>708.5999755859375</ele>
        <time>2022-06-11T09:36:41.000Z</time>
        <extensions>
          <ns3:TrackPointExtension>
            <ns3:hr>101</ns3:hr>
            <ns3:cad>79</ns3:cad>
          </ns3:TrackPointExtension>
        </extensions>
      </trkpt>
      <trkpt lat="46.3804171420633792877197265625" lon="23.5782958008348941802978515625">
        <ele>708.79998779296875</ele>
        <time>2022-06-11T09:36:43.000Z</time>
        <extensions>
          <ns3:TrackPointExtension>
            <ns3:hr>101</ns3:hr>
            <ns3:cad>79</ns3:cad>
          </ns3:TrackPointExtension>
        </extensions>
      </trkpt>
      <trkpt lat="46.38040222227573394775390625" lon="23.578161858022212982177734375">
        <ele>709.5999755859375</ele>
        <time>2022-06-11T09:36:51.000Z</time>
        <extensions>
          <ns3:TrackPointExtension>
            <ns3:hr>101</ns3:hr>
            <ns3:cad>44</ns3:cad>
          </ns3:TrackPointExtension>
        </extensions>
      </trkpt>
      <trkpt lat="46.38035402633249759674072265625" lon="23.5780396498739719390869140625">
        <ele>710.20001220703125</ele>
        <time>2022-06-11T09:36:59.000Z</time>
        <extensions>
          <ns3:TrackPointExtension>
            <ns3:hr>101</ns3:hr>
            <ns3:cad>47</ns3:cad>
          </ns3:TrackPointExtension>
        </extensions>
      </trkpt>
      <trkpt lat="46.38032519258558750152587890625" lon="23.57793713919818401336669921875">
        <ele>710.5999755859375</ele>
        <time>2022-06-11T09:37:05.000Z</time>
        <extensions>
          <ns3:TrackPointExtension>
            <ns3:hr>102</ns3:hr>
            <ns3:cad>46</ns3:cad>
          </ns3:TrackPointExtension>
        </extensions>
      </trkpt>
      <trkpt lat="46.3803205825388431549072265625" lon="23.57789388857781887054443359375">
        <ele>711</ele>
        <time>2022-06-11T09:37:08.000Z</time>
        <extensions>
          <ns3:TrackPointExtension>
            <ns3:hr>103</ns3:hr>
            <ns3:cad>45</ns3:cad>
          </ns3:TrackPointExtension>
        </extensions>
      </trkpt>
      <trkpt lat="46.3803054951131343841552734375" lon="23.5778244026005268096923828125">
        <ele>710.79998779296875</ele>
        <time>2022-06-11T09:37:14.000Z</time>
        <extensions>
          <ns3:TrackPointExtension>
            <ns3:hr>106</ns3:hr>
            <ns3:cad>0</ns3:cad>
          </ns3:TrackPointExtension>
        </extensions>
      </trkpt>
      <trkpt lat="46.380304992198944091796875" lon="23.57782163657248020172119140625">
        <ele>710.79998779296875</ele>
        <time>2022-06-11T09:37:15.000Z</time>
        <extensions>
          <ns3:TrackPointExtension>
            <ns3:hr>106</ns3:hr>
            <ns3:cad>0</ns3:cad>
          </ns3:TrackPointExtension>
        </extensions>
      </trkpt>
      <trkpt lat="46.3802902400493621826171875" lon="23.57774586416780948638916015625">
        <ele>710.5999755859375</ele>
        <time>2022-06-11T09:37:22.000Z</time>
        <extensions>
          <ns3:TrackPointExtension>
            <ns3:hr>107</ns3:hr>
            <ns3:cad>40</ns3:cad>
          </ns3:TrackPointExtension>
        </extensions>
      </trkpt>
      <trkpt lat="46.38028009794652462005615234375" lon="23.57767746783792972564697265625">
        <ele>710.20001220703125</ele>
        <time>2022-06-11T09:37:29.000Z</time>
        <extensions>
          <ns3:TrackPointExtension>
            <ns3:hr>108</ns3:hr>
            <ns3:cad>0</ns3:cad>
          </ns3:TrackPointExtension>
        </extensions>
      </trkpt>
      <trkpt lat="46.38025562278926372528076171875" lon="23.57759063132107257843017578125">
        <ele>710.5999755859375</ele>
        <time>2022-06-11T09:37:36.000Z</time>
        <extensions>
          <ns3:TrackPointExtension>
            <ns3:hr>108</ns3:hr>
            <ns3:cad>0</ns3:cad>
          </ns3:TrackPointExtension>
        </extensions>
      </trkpt>
      <trkpt lat="46.38024405576288700103759765625" lon="23.5775166191160678863525390625">
        <ele>710.79998779296875</ele>
        <time>2022-06-11T09:37:41.000Z</time>
        <extensions>
          <ns3:TrackPointExtension>
            <ns3:hr>111</ns3:hr>
            <ns3:cad>43</ns3:cad>
          </ns3:TrackPointExtension>
        </extensions>
      </trkpt>
      <trkpt lat="46.3802421279251575469970703125" lon="23.57748971320688724517822265625">
        <ele>711</ele>
        <time>2022-06-11T09:37:43.000Z</time>
        <extensions>
          <ns3:TrackPointExtension>
            <ns3:hr>113</ns3:hr>
            <ns3:cad>42</ns3:cad>
          </ns3:TrackPointExtension>
        </extensions>
      </trkpt>
      <trkpt lat="46.3802411220967769622802734375" lon="23.577440679073333740234375">
        <ele>711.4000244140625</ele>
        <time>2022-06-11T09:37:46.000Z</time>
        <extensions>
          <ns3:TrackPointExtension>
            <ns3:hr>116</ns3:hr>
            <ns3:cad>40</ns3:cad>
          </ns3:TrackPointExtension>
        </extensions>
      </trkpt>
      <trkpt lat="46.3802401162683963775634765625" lon="23.57742450200021266937255859375">
        <ele>711.79998779296875</ele>
        <time>2022-06-11T09:37:47.000Z</time>
        <extensions>
          <ns3:TrackPointExtension>
            <ns3:hr>116</ns3:hr>
            <ns3:cad>40</ns3:cad>
          </ns3:TrackPointExtension>
        </extensions>
      </trkpt>
      <trkpt lat="46.38023064471781253814697265625" lon="23.57735526748001575469970703125">
        <ele>712.79998779296875</ele>
        <time>2022-06-11T09:37:52.000Z</time>
        <extensions>
          <ns3:TrackPointExtension>
            <ns3:hr>116</ns3:hr>
            <ns3:cad>0</ns3:cad>
          </ns3:TrackPointExtension>
        </extensions>
      </trkpt>
      <trkpt lat="46.38023114763200283050537109375" lon="23.57734076678752899169921875">
        <ele>713</ele>
        <time>2022-06-11T09:37:53.000Z</time>
        <extensions>
          <ns3:TrackPointExtension>
            <ns3:hr>116</ns3:hr>
            <ns3:cad>0</ns3:cad>
          </ns3:TrackPointExtension>
        </extensions>
      </trkpt>
      <trkpt lat="46.38022243045270442962646484375" lon="23.57731151394546031951904296875">
        <ele>713</ele>
        <time>2022-06-11T09:37:55.000Z</time>
        <extensions>
          <ns3:TrackPointExtension>
            <ns3:hr>113</ns3:hr>
            <ns3:cad>44</ns3:cad>
          </ns3:TrackPointExtension>
        </extensions>
      </trkpt>
      <trkpt lat="46.38020432554185390472412109375" lon="23.57725049369037151336669921875">
        <ele>713</ele>
        <time>2022-06-11T09:38:00.000Z</time>
        <extensions>
          <ns3:TrackPointExtension>
            <ns3:hr>113</ns3:hr>
            <ns3:cad>0</ns3:cad>
          </ns3:TrackPointExtension>
        </extensions>
      </trkpt>
      <trkpt lat="46.3801978714764118194580078125" lon="23.57722216285765171051025390625">
        <ele>712.79998779296875</ele>
        <time>2022-06-11T09:38:03.000Z</time>
        <extensions>
          <ns3:TrackPointExtension>
            <ns3:hr>116</ns3:hr>
            <ns3:cad>75</ns3:cad>
          </ns3:TrackPointExtension>
        </extensions>
      </trkpt>
      <trkpt lat="46.3801921717822551727294921875" lon="23.577145636081695556640625">
        <ele>713.4000244140625</ele>
        <time>2022-06-11T09:38:10.000Z</time>
        <extensions>
          <ns3:TrackPointExtension>
            <ns3:hr>116</ns3:hr>
            <ns3:cad>76</ns3:cad>
          </ns3:TrackPointExtension>
        </extensions>
      </trkpt>
      <trkpt lat="46.3801854662597179412841796875" lon="23.5770878009498119354248046875">
        <ele>713.4000244140625</ele>
        <time>2022-06-11T09:38:19.000Z</time>
        <extensions>
          <ns3:TrackPointExtension>
            <ns3:hr>116</ns3:hr>
            <ns3:cad>0</ns3:cad>
          </ns3:TrackPointExtension>
        </extensions>
      </trkpt>
      <trkpt lat="46.3801878131926059722900390625" lon="23.57708553783595561981201171875">
        <ele>713.20001220703125</ele>
        <time>2022-06-11T09:38:27.000Z</time>
        <extensions>
          <ns3:TrackPointExtension>
            <ns3:hr>115</ns3:hr>
            <ns3:cad>0</ns3:cad>
          </ns3:TrackPointExtension>
        </extensions>
      </trkpt>
      <trkpt lat="46.38018689118325710296630859375" lon="23.57708553783595561981201171875">
        <ele>713</ele>
        <time>2022-06-11T09:38:35.000Z</time>
        <extensions>
          <ns3:TrackPointExtension>
            <ns3:hr>112</ns3:hr>
            <ns3:cad>0</ns3:cad>
          </ns3:TrackPointExtension>
        </extensions>
      </trkpt>
      <trkpt lat="46.38018622063100337982177734375" lon="23.57708319090306758880615234375">
        <ele>712.5999755859375</ele>
        <time>2022-06-11T09:38:46.000Z</time>
        <extensions>
          <ns3:TrackPointExtension>
            <ns3:hr>109</ns3:hr>
            <ns3:cad>0</ns3:cad>
          </ns3:TrackPointExtension>
        </extensions>
      </trkpt>
      <trkpt lat="46.38017951510846614837646484375" lon="23.57703776098787784576416015625">
        <ele>713</ele>
        <time>2022-06-11T09:38:53.000Z</time>
        <extensions>
          <ns3:TrackPointExtension>
            <ns3:hr>112</ns3:hr>
            <ns3:cad>44</ns3:cad>
          </ns3:TrackPointExtension>
        </extensions>
      </trkpt>
      <trkpt lat="46.38016887009143829345703125" lon="23.5770002938807010650634765625">
        <ele>713</ele>
        <time>2022-06-11T09:38:55.000Z</time>
        <extensions>
          <ns3:TrackPointExtension>
            <ns3:hr>114</ns3:hr>
            <ns3:cad>43</ns3:cad>
          </ns3:TrackPointExtension>
        </extensions>
      </trkpt>
      <trkpt lat="46.3801599852740764617919921875" lon="23.57696047984063625335693359375">
        <ele>712.79998779296875</ele>
        <time>2022-06-11T09:38:57.000Z</time>
        <extensions>
          <ns3:TrackPointExtension>
            <ns3:hr>117</ns3:hr>
            <ns3:cad>43</ns3:cad>
          </ns3:TrackPointExtension>
        </extensions>
      </trkpt>
      <trkpt lat="46.38015009462833404541015625" lon="23.57683240436017513275146484375">
        <ele>714.20001220703125</ele>
        <time>2022-06-11T09:39:05.000Z</time>
        <extensions>
          <ns3:TrackPointExtension>
            <ns3:hr>115</ns3:hr>
            <ns3:cad>41</ns3:cad>
          </ns3:TrackPointExtension>
        </extensions>
      </trkpt>
      <trkpt lat="46.38014414347708225250244140625" lon="23.57678018510341644287109375">
        <ele>715.4000244140625</ele>
        <time>2022-06-11T09:39:10.000Z</time>
        <extensions>
          <ns3:TrackPointExtension>
            <ns3:hr>113</ns3:hr>
            <ns3:cad>45</ns3:cad>
          </ns3:TrackPointExtension>
        </extensions>
      </trkpt>
      <trkpt lat="46.38014481402933597564697265625" lon="23.5767434723675251007080078125">
        <ele>715.79998779296875</ele>
        <time>2022-06-11T09:39:13.000Z</time>
        <extensions>
          <ns3:TrackPointExtension>
            <ns3:hr>114</ns3:hr>
            <ns3:cad>42</ns3:cad>
          </ns3:TrackPointExtension>
        </extensions>
      </trkpt>
      <trkpt lat="46.38014364056289196014404296875" lon="23.5767233557999134063720703125">
        <ele>716.4000244140625</ele>
        <time>2022-06-11T09:39:16.000Z</time>
        <extensions>
          <ns3:TrackPointExtension>
            <ns3:hr>117</ns3:hr>
            <ns3:cad>0</ns3:cad>
          </ns3:TrackPointExtension>
        </extensions>
      </trkpt>
      <trkpt lat="46.38014313764870166778564453125" lon="23.5767246969044208526611328125">
        <ele>716.20001220703125</ele>
        <time>2022-06-11T09:39:19.000Z</time>
        <extensions>
          <ns3:TrackPointExtension>
            <ns3:hr>118</ns3:hr>
            <ns3:cad>0</ns3:cad>
          </ns3:TrackPointExtension>
        </extensions>
      </trkpt>
      <trkpt lat="46.38014338910579681396484375" lon="23.576726876199245452880859375">
        <ele>715.5999755859375</ele>
        <time>2022-06-11T09:39:29.000Z</time>
        <extensions>
          <ns3:TrackPointExtension>
            <ns3:hr>115</ns3:hr>
            <ns3:cad>0</ns3:cad>
          </ns3:TrackPointExtension>
        </extensions>
      </trkpt>
      <trkpt lat="46.38014338910579681396484375" lon="23.576726876199245452880859375">
        <ele>715.4000244140625</ele>
        <time>2022-06-11T09:39:33.000Z</time>
        <extensions>
          <ns3:TrackPointExtension>
            <ns3:hr>112</ns3:hr>
            <ns3:cad>0</ns3:cad>
          </ns3:TrackPointExtension>
        </extensions>
      </trkpt>
      <trkpt lat="46.38014338910579681396484375" lon="23.576726876199245452880859375">
        <ele>715.4000244140625</ele>
        <time>2022-06-11T09:39:34.000Z</time>
        <extensions>
          <ns3:TrackPointExtension>
            <ns3:hr>110</ns3:hr>
            <ns3:cad>0</ns3:cad>
          </ns3:TrackPointExtension>
        </extensions>
      </trkpt>
      <trkpt lat="46.3801427185535430908203125" lon="23.57672654092311859130859375">
        <ele>715.79998779296875</ele>
        <time>2022-06-11T09:39:40.000Z</time>
        <extensions>
          <ns3:TrackPointExtension>
            <ns3:hr>107</ns3:hr>
            <ns3:cad>0</ns3:cad>
          </ns3:TrackPointExtension>
        </extensions>
      </trkpt>
      <trkpt lat="46.3801351748406887054443359375" lon="23.57669125311076641082763671875">
        <ele>716.20001220703125</ele>
        <time>2022-06-11T09:39:45.000Z</time>
        <extensions>
          <ns3:TrackPointExtension>
            <ns3:hr>104</ns3:hr>
            <ns3:cad>0</ns3:cad>
          </ns3:TrackPointExtension>
        </extensions>
      </trkpt>
      <trkpt lat="46.38012997806072235107421875" lon="23.5766522772610187530517578125">
        <ele>716.5999755859375</ele>
        <time>2022-06-11T09:39:48.000Z</time>
        <extensions>
          <ns3:TrackPointExtension>
            <ns3:hr>103</ns3:hr>
            <ns3:cad>0</ns3:cad>
          </ns3:TrackPointExtension>
        </extensions>
      </trkpt>
      <trkpt lat="46.3801100291311740875244140625" lon="23.576536439359188079833984375">
        <ele>716.79998779296875</ele>
        <time>2022-06-11T09:39:57.000Z</time>
        <extensions>
          <ns3:TrackPointExtension>
            <ns3:hr>102</ns3:hr>
            <ns3:cad>76</ns3:cad>
          </ns3:TrackPointExtension>
        </extensions>
      </trkpt>
      <trkpt lat="46.3801060058176517486572265625" lon="23.576508276164531707763671875">
        <ele>717.5999755859375</ele>
        <time>2022-06-11T09:40:01.000Z</time>
        <extensions>
          <ns3:TrackPointExtension>
            <ns3:hr>102</ns3:hr>
            <ns3:cad>0</ns3:cad>
          </ns3:TrackPointExtension>
        </extensions>
      </trkpt>
      <trkpt lat="46.38011145405471324920654296875" lon="23.57650768943130970001220703125">
        <ele>717.79998779296875</ele>
        <time>2022-06-11T09:40:06.000Z</time>
        <extensions>
          <ns3:TrackPointExtension>
            <ns3:hr>104</ns3:hr>
            <ns3:cad>0</ns3:cad>
          </ns3:TrackPointExtension>
        </extensions>
      </trkpt>
      <trkpt lat="46.38011245988309383392333984375" lon="23.5765060968697071075439453125">
        <ele>717.20001220703125</ele>
        <time>2022-06-11T09:40:13.000Z</time>
        <extensions>
          <ns3:TrackPointExtension>
            <ns3:hr>107</ns3:hr>
            <ns3:cad>0</ns3:cad>
          </ns3:TrackPointExtension>
        </extensions>
      </trkpt>
      <trkpt lat="46.38008999638259410858154296875" lon="23.57644884847104549407958984375">
        <ele>718</ele>
        <time>2022-06-11T09:40:19.000Z</time>
        <extensions>
          <ns3:TrackPointExtension>
            <ns3:hr>107</ns3:hr>
            <ns3:cad>46</ns3:cad>
          </ns3:TrackPointExtension>
        </extensions>
      </trkpt>
      <trkpt lat="46.38003434054553508758544921875" lon="23.5763227008283138275146484375">
        <ele>718.79998779296875</ele>
        <time>2022-06-11T09:40:26.000Z</time>
        <extensions>
          <ns3:TrackPointExtension>
            <ns3:hr>105</ns3:hr>
            <ns3:cad>45</ns3:cad>
          </ns3:TrackPointExtension>
        </extensions>
      </trkpt>
      <trkpt lat="46.37998103164136409759521484375" lon="23.57622555457055568695068359375">
        <ele>719.20001220703125</ele>
        <time>2022-06-11T09:40:33.000Z</time>
        <extensions>
          <ns3:TrackPointExtension>
            <ns3:hr>105</ns3:hr>
            <ns3:cad>49</ns3:cad>
          </ns3:TrackPointExtension>
        </extensions>
      </trkpt>
      <trkpt lat="46.37989905662834644317626953125" lon="23.57613980770111083984375">
        <ele>719.4000244140625</ele>
        <time>2022-06-11T09:40:42.000Z</time>
        <extensions>
          <ns3:TrackPointExtension>
            <ns3:hr>108</ns3:hr>
            <ns3:cad>49</ns3:cad>
          </ns3:TrackPointExtension>
        </extensions>
      </trkpt>
      <trkpt lat="46.37988044880330562591552734375" lon="23.5761235468089580535888671875">
        <ele>719.20001220703125</ele>
        <time>2022-06-11T09:40:44.000Z</time>
        <extensions>
          <ns3:TrackPointExtension>
            <ns3:hr>109</ns3:hr>
            <ns3:cad>49</ns3:cad>
          </ns3:TrackPointExtension>
        </extensions>
      </trkpt>
      <trkpt lat="46.37981473468244075775146484375" lon="23.5760638676583766937255859375">
        <ele>718.79998779296875</ele>
        <time>2022-06-11T09:40:51.000Z</time>
        <extensions>
          <ns3:TrackPointExtension>
            <ns3:hr>112</ns3:hr>
            <ns3:cad>47</ns3:cad>
          </ns3:TrackPointExtension>
        </extensions>
      </trkpt>
      <trkpt lat="46.37979277409613132476806640625" lon="23.57604031451046466827392578125">
        <ele>718.5999755859375</ele>
        <time>2022-06-11T09:40:53.000Z</time>
        <extensions>
          <ns3:TrackPointExtension>
            <ns3:hr>115</ns3:hr>
            <ns3:cad>47</ns3:cad>
          </ns3:TrackPointExtension>
        </extensions>
      </trkpt>
      <trkpt lat="46.37974030338227748870849609375" lon="23.5760075412690639495849609375">
        <ele>718.4000244140625</ele>
        <time>2022-06-11T09:40:58.000Z</time>
        <extensions>
          <ns3:TrackPointExtension>
            <ns3:hr>119</ns3:hr>
            <ns3:cad>48</ns3:cad>
          </ns3:TrackPointExtension>
        </extensions>
      </trkpt>
      <trkpt lat="46.37968431226909160614013671875" lon="23.57598415575921535491943359375">
        <ele>718.5999755859375</ele>
        <time>2022-06-11T09:41:03.000Z</time>
        <extensions>
          <ns3:TrackPointExtension>
            <ns3:hr>119</ns3:hr>
            <ns3:cad>50</ns3:cad>
          </ns3:TrackPointExtension>
        </extensions>
      </trkpt>
      <trkpt lat="46.3796701468527317047119140625" lon="23.5759880952537059783935546875">
        <ele>718.5999755859375</ele>
        <time>2022-06-11T09:41:04.000Z</time>
        <extensions>
          <ns3:TrackPointExtension>
            <ns3:hr>119</ns3:hr>
            <ns3:cad>50</ns3:cad>
          </ns3:TrackPointExtension>
        </extensions>
      </trkpt>
      <trkpt lat="46.3796223700046539306640625" lon="23.5759850777685642242431640625">
        <ele>718.4000244140625</ele>
        <time>2022-06-11T09:41:08.000Z</time>
        <extensions>
          <ns3:TrackPointExtension>
            <ns3:hr>119</ns3:hr>
            <ns3:cad>51</ns3:cad>
          </ns3:TrackPointExtension>
        </extensions>
      </trkpt>
      <trkpt lat="46.3795826397836208343505859375" lon="23.57597309164702892303466796875">
        <ele>718.20001220703125</ele>
        <time>2022-06-11T09:41:11.000Z</time>
        <extensions>
          <ns3:TrackPointExtension>
            <ns3:hr>118</ns3:hr>
            <ns3:cad>49</ns3:cad>
          </ns3:TrackPointExtension>
        </extensions>
      </trkpt>
      <trkpt lat="46.37951918877661228179931640625" lon="23.575920201838016510009765625">
        <ele>718.20001220703125</ele>
        <time>2022-06-11T09:41:17.000Z</time>
        <extensions>
          <ns3:TrackPointExtension>
            <ns3:hr>114</ns3:hr>
            <ns3:cad>50</ns3:cad>
          </ns3:TrackPointExtension>
        </extensions>
      </trkpt>
      <trkpt lat="46.3794887624680995941162109375" lon="23.575896732509136199951171875">
        <ele>718.20001220703125</ele>
        <time>2022-06-11T09:41:20.000Z</time>
        <extensions>
          <ns3:TrackPointExtension>
            <ns3:hr>113</ns3:hr>
            <ns3:cad>49</ns3:cad>
          </ns3:TrackPointExtension>
        </extensions>
      </trkpt>
      <trkpt lat="46.37940921820700168609619140625" lon="23.57583160512149333953857421875">
        <ele>718</ele>
        <time>2022-06-11T09:41:28.000Z</time>
        <extensions>
          <ns3:TrackPointExtension>
            <ns3:hr>111</ns3:hr>
            <ns3:cad>50</ns3:cad>
          </ns3:TrackPointExtension>
        </extensions>
      </trkpt>
      <trkpt lat="46.37936362065374851226806640625" lon="23.5757817327976226806640625">
        <ele>717.5999755859375</ele>
        <time>2022-06-11T09:41:34.000Z</time>
        <extensions>
          <ns3:TrackPointExtension>
            <ns3:hr>111</ns3:hr>
            <ns3:cad>49</ns3:cad>
          </ns3:TrackPointExtension>
        </extensions>
      </trkpt>
      <trkpt lat="46.379348449409008026123046875" lon="23.57576874084770679473876953125">
        <ele>717.5999755859375</ele>
        <time>2022-06-11T09:41:36.000Z</time>
        <extensions>
          <ns3:TrackPointExtension>
            <ns3:hr>111</ns3:hr>
            <ns3:cad>48</ns3:cad>
          </ns3:TrackPointExtension>
        </extensions>
      </trkpt>
      <trkpt lat="46.379301510751247406005859375" lon="23.57575516216456890106201171875">
        <ele>717.4000244140625</ele>
        <time>2022-06-11T09:41:43.000Z</time>
        <extensions>
          <ns3:TrackPointExtension>
            <ns3:hr>107</ns3:hr>
            <ns3:cad>42</ns3:cad>
          </ns3:TrackPointExtension>
        </extensions>
      </trkpt>
      <trkpt lat="46.37925960123538970947265625" lon="23.5757329501211643218994140625">
        <ele>717.4000244140625</ele>
        <time>2022-06-11T09:41:48.000Z</time>
        <extensions>
          <ns3:TrackPointExtension>
            <ns3:hr>110</ns3:hr>
            <ns3:cad>44</ns3:cad>
          </ns3:TrackPointExtension>
        </extensions>
      </trkpt>
      <trkpt lat="46.37922230176627635955810546875" lon="23.57570218853652477264404296875">
        <ele>717.5999755859375</ele>
        <time>2022-06-11T09:41:52.000Z</time>
        <extensions>
          <ns3:TrackPointExtension>
            <ns3:hr>111</ns3:hr>
            <ns3:cad>44</ns3:cad>
          </ns3:TrackPointExtension>
        </extensions>
      </trkpt>
      <trkpt lat="46.37920671142637729644775390625" lon="23.5756829939782619476318359375">
        <ele>717.5999755859375</ele>
        <time>2022-06-11T09:41:54.000Z</time>
        <extensions>
          <ns3:TrackPointExtension>
            <ns3:hr>112</ns3:hr>
            <ns3:cad>44</ns3:cad>
          </ns3:TrackPointExtension>
        </extensions>
      </trkpt>
      <trkpt lat="46.37913932092487812042236328125" lon="23.57558584772050380706787109375">
        <ele>717.4000244140625</ele>
        <time>2022-06-11T09:42:03.000Z</time>
        <extensions>
          <ns3:TrackPointExtension>
            <ns3:hr>111</ns3:hr>
            <ns3:cad>0</ns3:cad>
          </ns3:TrackPointExtension>
        </extensions>
      </trkpt>
      <trkpt lat="46.37912356294691562652587890625" lon="23.57555978000164031982421875">
        <ele>717.20001220703125</ele>
        <time>2022-06-11T09:42:06.000Z</time>
        <extensions>
          <ns3:TrackPointExtension>
            <ns3:hr>110</ns3:hr>
            <ns3:cad>0</ns3:cad>
          </ns3:TrackPointExtension>
        </extensions>
      </trkpt>
      <trkpt lat="46.37909858487546443939208984375" lon="23.57554100453853607177734375">
        <ele>717</ele>
        <time>2022-06-11T09:42:09.000Z</time>
        <extensions>
          <ns3:TrackPointExtension>
            <ns3:hr>111</ns3:hr>
            <ns3:cad>55</ns3:cad>
          </ns3:TrackPointExtension>
        </extensions>
      </trkpt>
      <trkpt lat="46.3790928013622760772705078125" lon="23.57553740032017230987548828125">
        <ele>716.79998779296875</ele>
        <time>2022-06-11T09:42:10.000Z</time>
        <extensions>
          <ns3:TrackPointExtension>
            <ns3:hr>108</ns3:hr>
            <ns3:cad>55</ns3:cad>
          </ns3:TrackPointExtension>
        </extensions>
      </trkpt>
      <trkpt lat="46.37908458709716796875" lon="23.5755260847508907318115234375">
        <ele>716.5999755859375</ele>
        <time>2022-06-11T09:42:11.000Z</time>
        <extensions>
          <ns3:TrackPointExtension>
            <ns3:hr>108</ns3:hr>
            <ns3:cad>0</ns3:cad>
          </ns3:TrackPointExtension>
        </extensions>
      </trkpt>
      <trkpt lat="46.3790227286517620086669921875" lon="23.57544167898595333099365234375">
        <ele>715.5999755859375</ele>
        <time>2022-06-11T09:42:19.000Z</time>
        <extensions>
          <ns3:TrackPointExtension>
            <ns3:hr>109</ns3:hr>
            <ns3:cad>53</ns3:cad>
          </ns3:TrackPointExtension>
        </extensions>
      </trkpt>
      <trkpt lat="46.37898735702037811279296875" lon="23.57531745918095111846923828125">
        <ele>715.20001220703125</ele>
        <time>2022-06-11T09:42:28.000Z</time>
        <extensions>
          <ns3:TrackPointExtension>
            <ns3:hr>108</ns3:hr>
            <ns3:cad>46</ns3:cad>
          </ns3:TrackPointExtension>
        </extensions>
      </trkpt>
      <trkpt lat="46.3789613731205463409423828125" lon="23.57521243393421173095703125">
        <ele>714.4000244140625</ele>
        <time>2022-06-11T09:42:36.000Z</time>
        <extensions>
          <ns3:TrackPointExtension>
            <ns3:hr>106</ns3:hr>
            <ns3:cad>49</ns3:cad>
          </ns3:TrackPointExtension>
        </extensions>
      </trkpt>
      <trkpt lat="46.37895994819700717926025390625" lon="23.57519860379397869110107421875">
        <ele>714.20001220703125</ele>
        <time>2022-06-11T09:42:37.000Z</time>
        <extensions>
          <ns3:TrackPointExtension>
            <ns3:hr>105</ns3:hr>
            <ns3:cad>49</ns3:cad>
          </ns3:TrackPointExtension>
        </extensions>
      </trkpt>
      <trkpt lat="46.3789472915232181549072265625" lon="23.575047142803668975830078125">
        <ele>713.79998779296875</ele>
        <time>2022-06-11T09:42:46.000Z</time>
        <extensions>
          <ns3:TrackPointExtension>
            <ns3:hr>102</ns3:hr>
            <ns3:cad>50</ns3:cad>
          </ns3:TrackPointExtension>
        </extensions>
      </trkpt>
      <trkpt lat="46.37895089574158191680908203125" lon="23.57503096573054790496826171875">
        <ele>713.79998779296875</ele>
        <time>2022-06-11T09:42:47.000Z</time>
        <extensions>
          <ns3:TrackPointExtension>
            <ns3:hr>102</ns3:hr>
            <ns3:cad>50</ns3:cad>
          </ns3:TrackPointExtension>
        </extensions>
      </trkpt>
      <trkpt lat="46.37896330095827579498291015625" lon="23.57500456273555755615234375">
        <ele>713.5999755859375</ele>
        <time>2022-06-11T09:42:49.000Z</time>
        <extensions>
          <ns3:TrackPointExtension>
            <ns3:hr>98</ns3:hr>
            <ns3:cad>0</ns3:cad>
          </ns3:TrackPointExtension>
        </extensions>
      </trkpt>
      <trkpt lat="46.3789814896881580352783203125" lon="23.57497639954090118408203125">
        <ele>713.5999755859375</ele>
        <time>2022-06-11T09:42:51.000Z</time>
        <extensions>
          <ns3:TrackPointExtension>
            <ns3:hr>101</ns3:hr>
            <ns3:cad>47</ns3:cad>
          </ns3:TrackPointExtension>
        </extensions>
      </trkpt>
      <trkpt lat="46.37899674475193023681640625" lon="23.57495234347879886627197265625">
        <ele>713.5999755859375</ele>
        <time>2022-06-11T09:42:53.000Z</time>
        <extensions>
          <ns3:TrackPointExtension>
            <ns3:hr>98</ns3:hr>
            <ns3:cad>47</ns3:cad>
          </ns3:TrackPointExtension>
        </extensions>
      </trkpt>
      <trkpt lat="46.3790354691445827484130859375" lon="23.57489316724240779876708984375">
        <ele>713.5999755859375</ele>
        <time>2022-06-11T09:42:58.000Z</time>
        <extensions>
          <ns3:TrackPointExtension>
            <ns3:hr>100</ns3:hr>
            <ns3:cad>47</ns3:cad>
          </ns3:TrackPointExtension>
        </extensions>
      </trkpt>
      <trkpt lat="46.3790582679212093353271484375" lon="23.57479308731853961944580078125">
        <ele>714</ele>
        <time>2022-06-11T09:43:05.000Z</time>
        <extensions>
          <ns3:TrackPointExtension>
            <ns3:hr>99</ns3:hr>
            <ns3:cad>43</ns3:cad>
          </ns3:TrackPointExtension>
        </extensions>
      </trkpt>
      <trkpt lat="46.3790703378617763519287109375" lon="23.5747683607041835784912109375">
        <ele>714</ele>
        <time>2022-06-11T09:43:07.000Z</time>
        <extensions>
          <ns3:TrackPointExtension>
            <ns3:hr>98</ns3:hr>
            <ns3:cad>43</ns3:cad>
          </ns3:TrackPointExtension>
        </extensions>
      </trkpt>
      <trkpt lat="46.37909137643873691558837890625" lon="23.57471748255193233489990234375">
        <ele>715.20001220703125</ele>
        <time>2022-06-11T09:43:12.000Z</time>
        <extensions>
          <ns3:TrackPointExtension>
            <ns3:hr>101</ns3:hr>
            <ns3:cad>44</ns3:cad>
          </ns3:TrackPointExtension>
        </extensions>
      </trkpt>
      <trkpt lat="46.37909690849483013153076171875" lon="23.57470675371587276458740234375">
        <ele>715.4000244140625</ele>
        <time>2022-06-11T09:43:13.000Z</time>
        <extensions>
          <ns3:TrackPointExtension>
            <ns3:hr>100</ns3:hr>
            <ns3:cad>45</ns3:cad>
          </ns3:TrackPointExtension>
        </extensions>
      </trkpt>
      <trkpt lat="46.3791216351091861724853515625" lon="23.57463651336729526519775390625">
        <ele>715.5999755859375</ele>
        <time>2022-06-11T09:43:19.000Z</time>
        <extensions>
          <ns3:TrackPointExtension>
            <ns3:hr>104</ns3:hr>
            <ns3:cad>45</ns3:cad>
          </ns3:TrackPointExtension>
        </extensions>
      </trkpt>
      <trkpt lat="46.379133202135562896728515625" lon="23.57459795661270618438720703125">
        <ele>715.5999755859375</ele>
        <time>2022-06-11T09:43:21.000Z</time>
        <extensions>
          <ns3:TrackPointExtension>
            <ns3:hr>105</ns3:hr>
            <ns3:cad>45</ns3:cad>
          </ns3:TrackPointExtension>
        </extensions>
      </trkpt>
      <trkpt lat="46.3791504688560962677001953125" lon="23.57456660829484462738037109375">
        <ele>715.5999755859375</ele>
        <time>2022-06-11T09:43:24.000Z</time>
        <extensions>
          <ns3:TrackPointExtension>
            <ns3:hr>106</ns3:hr>
            <ns3:cad>48</ns3:cad>
          </ns3:TrackPointExtension>
        </extensions>
      </trkpt>
      <trkpt lat="46.3791729323565959930419921875" lon="23.57452905736863613128662109375">
        <ele>715.79998779296875</ele>
        <time>2022-06-11T09:43:27.000Z</time>
        <extensions>
          <ns3:TrackPointExtension>
            <ns3:hr>106</ns3:hr>
            <ns3:cad>51</ns3:cad>
          </ns3:TrackPointExtension>
        </extensions>
      </trkpt>
      <trkpt lat="46.37919883243739604949951171875" lon="23.57444590888917446136474609375">
        <ele>715.79998779296875</ele>
        <time>2022-06-11T09:43:33.000Z</time>
        <extensions>
          <ns3:TrackPointExtension>
            <ns3:hr>104</ns3:hr>
            <ns3:cad>52</ns3:cad>
          </ns3:TrackPointExtension>
        </extensions>
      </trkpt>
      <trkpt lat="46.37918374501168727874755859375" lon="23.57436812482774257659912109375">
        <ele>715</ele>
        <time>2022-06-11T09:43:39.000Z</time>
        <extensions>
          <ns3:TrackPointExtension>
            <ns3:hr>101</ns3:hr>
            <ns3:cad>52</ns3:cad>
          </ns3:TrackPointExtension>
        </extensions>
      </trkpt>
      <trkpt lat="46.37917838059365749359130859375" lon="23.57433979399502277374267578125">
        <ele>714.79998779296875</ele>
        <time>2022-06-11T09:43:41.000Z</time>
        <extensions>
          <ns3:TrackPointExtension>
            <ns3:hr>101</ns3:hr>
            <ns3:cad>61</ns3:cad>
          </ns3:TrackPointExtension>
        </extensions>
      </trkpt>
      <trkpt lat="46.3791648857295513153076171875" lon="23.5743130557239055633544921875">
        <ele>714.5999755859375</ele>
        <time>2022-06-11T09:43:43.000Z</time>
        <extensions>
          <ns3:TrackPointExtension>
            <ns3:hr>102</ns3:hr>
            <ns3:cad>61</ns3:cad>
          </ns3:TrackPointExtension>
        </extensions>
      </trkpt>
      <trkpt lat="46.37915910221636295318603515625" lon="23.5743029974400997161865234375">
        <ele>714.4000244140625</ele>
        <time>2022-06-11T09:43:44.000Z</time>
        <extensions>
          <ns3:TrackPointExtension>
            <ns3:hr>102</ns3:hr>
            <ns3:cad>54</ns3:cad>
          </ns3:TrackPointExtension>
        </extensions>
      </trkpt>
      <trkpt lat="46.3791548274457454681396484375" lon="23.57427097856998443603515625">
        <ele>713.5999755859375</ele>
        <time>2022-06-11T09:43:47.000Z</time>
        <extensions>
          <ns3:TrackPointExtension>
            <ns3:hr>105</ns3:hr>
            <ns3:cad>47</ns3:cad>
          </ns3:TrackPointExtension>
        </extensions>
      </trkpt>
      <trkpt lat="46.379153989255428314208984375" lon="23.5742644406855106353759765625">
        <ele>713.4000244140625</ele>
        <time>2022-06-11T09:43:48.000Z</time>
        <extensions>
          <ns3:TrackPointExtension>
            <ns3:hr>106</ns3:hr>
            <ns3:cad>47</ns3:cad>
          </ns3:TrackPointExtension>
        </extensions>
      </trkpt>
      <trkpt lat="46.379152648150920867919921875" lon="23.5742604173719882965087890625">
        <ele>713.4000244140625</ele>
        <time>2022-06-11T09:43:49.000Z</time>
        <extensions>
          <ns3:TrackPointExtension>
            <ns3:hr>107</ns3:hr>
            <ns3:cad>0</ns3:cad>
          </ns3:TrackPointExtension>
        </extensions>
      </trkpt>
      <trkpt lat="46.3791503012180328369140625" lon="23.5742533765733242034912109375">
        <ele>713</ele>
        <time>2022-06-11T09:43:56.000Z</time>
        <extensions>
          <ns3:TrackPointExtension>
            <ns3:hr>105</ns3:hr>
            <ns3:cad>0</ns3:cad>
          </ns3:TrackPointExtension>
        </extensions>
      </trkpt>
      <trkpt lat="46.37914854101836681365966796875" lon="23.57425195164978504180908203125">
        <ele>713</ele>
        <time>2022-06-11T09:43:58.000Z</time>
        <extensions>
          <ns3:TrackPointExtension>
            <ns3:hr>102</ns3:hr>
            <ns3:cad>0</ns3:cad>
          </ns3:TrackPointExtension>
        </extensions>
      </trkpt>
      <trkpt lat="46.37914401479065418243408203125" lon="23.574250526726245880126953125">
        <ele>713</ele>
        <time>2022-06-11T09:44:00.000Z</time>
        <extensions>
          <ns3:TrackPointExtension>
            <ns3:hr>99</ns3:hr>
            <ns3:cad>0</ns3:cad>
          </ns3:TrackPointExtension>
        </extensions>
      </trkpt>
      <trkpt lat="46.37912339530885219573974609375" lon="23.57425916008651256561279296875">
        <ele>712.4000244140625</ele>
        <time>2022-06-11T09:44:05.000Z</time>
        <extensions>
          <ns3:TrackPointExtension>
            <ns3:hr>98</ns3:hr>
            <ns3:cad>45</ns3:cad>
          </ns3:TrackPointExtension>
        </extensions>
      </trkpt>
      <trkpt lat="46.379111744463443756103515625" lon="23.57426024973392486572265625">
        <ele>712.20001220703125</ele>
        <time>2022-06-11T09:44:07.000Z</time>
        <extensions>
          <ns3:TrackPointExtension>
            <ns3:hr>99</ns3:hr>
            <ns3:cad>0</ns3:cad>
          </ns3:TrackPointExtension>
        </extensions>
      </trkpt>
      <trkpt lat="46.37909154407680034637451171875" lon="23.57426754198968410491943359375">
        <ele>711.79998779296875</ele>
        <time>2022-06-11T09:44:10.000Z</time>
        <extensions>
          <ns3:TrackPointExtension>
            <ns3:hr>98</ns3:hr>
            <ns3:cad>45</ns3:cad>
          </ns3:TrackPointExtension>
        </extensions>
      </trkpt>
      <trkpt lat="46.37904728762805461883544921875" lon="23.57426184229552745819091796875">
        <ele>710.79998779296875</ele>
        <time>2022-06-11T09:44:16.000Z</time>
        <extensions>
          <ns3:TrackPointExtension>
            <ns3:hr>99</ns3:hr>
            <ns3:cad>0</ns3:cad>
          </ns3:TrackPointExtension>
        </extensions>
      </trkpt>
      <trkpt lat="46.37904376722872257232666015625" lon="23.574259243905544281005859375">
        <ele>710.5999755859375</ele>
        <time>2022-06-11T09:44:17.000Z</time>
        <extensions>
          <ns3:TrackPointExtension>
            <ns3:hr>98</ns3:hr>
            <ns3:cad>0</ns3:cad>
          </ns3:TrackPointExtension>
        </extensions>
      </trkpt>
      <trkpt lat="46.37902013026177883148193359375" lon="23.57425379566848278045654296875">
        <ele>709.79998779296875</ele>
        <time>2022-06-11T09:44:22.000Z</time>
        <extensions>
          <ns3:TrackPointExtension>
            <ns3:hr>98</ns3:hr>
            <ns3:cad>46</ns3:cad>
          </ns3:TrackPointExtension>
        </extensions>
      </trkpt>
      <trkpt lat="46.37900412082672119140625" lon="23.574252538383007049560546875">
        <ele>709.4000244140625</ele>
        <time>2022-06-11T09:44:24.000Z</time>
        <extensions>
          <ns3:TrackPointExtension>
            <ns3:hr>98</ns3:hr>
            <ns3:cad>52</ns3:cad>
          </ns3:TrackPointExtension>
        </extensions>
      </trkpt>
      <trkpt lat="46.37897654436528682708740234375" lon="23.574253879487514495849609375">
        <ele>708.5999755859375</ele>
        <time>2022-06-11T09:44:27.000Z</time>
        <extensions>
          <ns3:TrackPointExtension>
            <ns3:hr>95</ns3:hr>
            <ns3:cad>55</ns3:cad>
          </ns3:TrackPointExtension>
        </extensions>
      </trkpt>
      <trkpt lat="46.37893505394458770751953125" lon="23.57424876652657985687255859375">
        <ele>707.5999755859375</ele>
        <time>2022-06-11T09:44:31.000Z</time>
        <extensions>
          <ns3:TrackPointExtension>
            <ns3:hr>95</ns3:hr>
            <ns3:cad>53</ns3:cad>
          </ns3:TrackPointExtension>
        </extensions>
      </trkpt>
      <trkpt lat="46.3789244927465915679931640625" lon="23.57424080371856689453125">
        <ele>707.4000244140625</ele>
        <time>2022-06-11T09:44:32.000Z</time>
        <extensions>
          <ns3:TrackPointExtension>
            <ns3:hr>95</ns3:hr>
            <ns3:cad>55</ns3:cad>
          </ns3:TrackPointExtension>
        </extensions>
      </trkpt>
      <trkpt lat="46.3788869418203830718994140625" lon="23.57423585839569568634033203125">
        <ele>706.4000244140625</ele>
        <time>2022-06-11T09:44:36.000Z</time>
        <extensions>
          <ns3:TrackPointExtension>
            <ns3:hr>96</ns3:hr>
            <ns3:cad>51</ns3:cad>
          </ns3:TrackPointExtension>
        </extensions>
      </trkpt>
      <trkpt lat="46.3788641430437564849853515625" lon="23.5742248781025409698486328125">
        <ele>706</ele>
        <time>2022-06-11T09:44:39.000Z</time>
        <extensions>
          <ns3:TrackPointExtension>
            <ns3:hr>96</ns3:hr>
            <ns3:cad>52</ns3:cad>
          </ns3:TrackPointExtension>
        </extensions>
      </trkpt>
      <trkpt lat="46.37884126044809818267822265625" lon="23.5742158256471157073974609375">
        <ele>705.20001220703125</ele>
        <time>2022-06-11T09:44:41.000Z</time>
        <extensions>
          <ns3:TrackPointExtension>
            <ns3:hr>96</ns3:hr>
            <ns3:cad>51</ns3:cad>
          </ns3:TrackPointExtension>
        </extensions>
      </trkpt>
      <trkpt lat="46.378809995949268341064453125" lon="23.57423669658601284027099609375">
        <ele>704.5999755859375</ele>
        <time>2022-06-11T09:44:45.000Z</time>
        <extensions>
          <ns3:TrackPointExtension>
            <ns3:hr>95</ns3:hr>
            <ns3:cad>52</ns3:cad>
          </ns3:TrackPointExtension>
        </extensions>
      </trkpt>
      <trkpt lat="46.37878510169684886932373046875" lon="23.5742607526481151580810546875">
        <ele>704.4000244140625</ele>
        <time>2022-06-11T09:44:48.000Z</time>
        <extensions>
          <ns3:TrackPointExtension>
            <ns3:hr>92</ns3:hr>
            <ns3:cad>53</ns3:cad>
          </ns3:TrackPointExtension>
        </extensions>
      </trkpt>
      <trkpt lat="46.3787830062210559844970703125" lon="23.57427005656063556671142578125">
        <ele>704.4000244140625</ele>
        <time>2022-06-11T09:44:49.000Z</time>
        <extensions>
          <ns3:TrackPointExtension>
            <ns3:hr>92</ns3:hr>
            <ns3:cad>53</ns3:cad>
          </ns3:TrackPointExtension>
        </extensions>
      </trkpt>
      <trkpt lat="46.3787759654223918914794921875" lon="23.57429000549018383026123046875">
        <ele>704.20001220703125</ele>
        <time>2022-06-11T09:44:51.000Z</time>
        <extensions>
          <ns3:TrackPointExtension>
            <ns3:hr>91</ns3:hr>
            <ns3:cad>49</ns3:cad>
          </ns3:TrackPointExtension>
        </extensions>
      </trkpt>
      <trkpt lat="46.37877009809017181396484375" lon="23.5742929391562938690185546875">
        <ele>704</ele>
        <time>2022-06-11T09:44:52.000Z</time>
        <extensions>
          <ns3:TrackPointExtension>
            <ns3:hr>91</ns3:hr>
            <ns3:cad>49</ns3:cad>
          </ns3:TrackPointExtension>
        </extensions>
      </trkpt>
      <trkpt lat="46.37871067039668560028076171875" lon="23.57430391944944858551025390625">
        <ele>703.4000244140625</ele>
        <time>2022-06-11T09:45:00.000Z</time>
        <extensions>
          <ns3:TrackPointExtension>
            <ns3:hr>90</ns3:hr>
            <ns3:cad>45</ns3:cad>
          </ns3:TrackPointExtension>
        </extensions>
      </trkpt>
      <trkpt lat="46.37870145030319690704345703125" lon="23.57431414537131786346435546875">
        <ele>703.20001220703125</ele>
        <time>2022-06-11T09:45:02.000Z</time>
        <extensions>
          <ns3:TrackPointExtension>
            <ns3:hr>90</ns3:hr>
            <ns3:cad>45</ns3:cad>
          </ns3:TrackPointExtension>
        </extensions>
      </trkpt>
      <trkpt lat="46.378658115863800048828125" lon="23.57434473931789398193359375">
        <ele>702</ele>
        <time>2022-06-11T09:45:08.000Z</time>
        <extensions>
          <ns3:TrackPointExtension>
            <ns3:hr>91</ns3:hr>
            <ns3:cad>49</ns3:cad>
          </ns3:TrackPointExtension>
        </extensions>
      </trkpt>
      <trkpt lat="46.37865015305578708648681640625" lon="23.57434876263141632080078125">
        <ele>701.79998779296875</ele>
        <time>2022-06-11T09:45:09.000Z</time>
        <extensions>
          <ns3:TrackPointExtension>
            <ns3:hr>92</ns3:hr>
            <ns3:cad>49</ns3:cad>
          </ns3:TrackPointExtension>
        </extensions>
      </trkpt>
      <trkpt lat="46.37860891409218311309814453125" lon="23.57436561025679111480712890625">
        <ele>701</ele>
        <time>2022-06-11T09:45:15.000Z</time>
        <extensions>
          <ns3:TrackPointExtension>
            <ns3:hr>94</ns3:hr>
            <ns3:cad>49</ns3:cad>
          </ns3:TrackPointExtension>
        </extensions>
      </trkpt>
      <trkpt lat="46.3785747997462749481201171875" lon="23.574370555579662322998046875">
        <ele>699.5999755859375</ele>
        <time>2022-06-11T09:45:21.000Z</time>
        <extensions>
          <ns3:TrackPointExtension>
            <ns3:hr>95</ns3:hr>
            <ns3:cad>52</ns3:cad>
          </ns3:TrackPointExtension>
        </extensions>
      </trkpt>
      <trkpt lat="46.3785657472908496856689453125" lon="23.57438220642507076263427734375">
        <ele>699</ele>
        <time>2022-06-11T09:45:23.000Z</time>
        <extensions>
          <ns3:TrackPointExtension>
            <ns3:hr>94</ns3:hr>
            <ns3:cad>55</ns3:cad>
          </ns3:TrackPointExtension>
        </extensions>
      </trkpt>
      <trkpt lat="46.37855275534093379974365234375" lon="23.57439427636563777923583984375">
        <ele>698.5999755859375</ele>
        <time>2022-06-11T09:45:27.000Z</time>
        <extensions>
          <ns3:TrackPointExtension>
            <ns3:hr>92</ns3:hr>
            <ns3:cad>56</ns3:cad>
          </ns3:TrackPointExtension>
        </extensions>
      </trkpt>
      <trkpt lat="46.37855594046413898468017578125" lon="23.57439779676496982574462890625">
        <ele>698.4000244140625</ele>
        <time>2022-06-11T09:45:29.000Z</time>
        <extensions>
          <ns3:TrackPointExtension>
            <ns3:hr>91</ns3:hr>
            <ns3:cad>0</ns3:cad>
          </ns3:TrackPointExtension>
        </extensions>
      </trkpt>
      <trkpt lat="46.37852190993726253509521484375" lon="23.57440450228750705718994140625">
        <ele>697.79998779296875</ele>
        <time>2022-06-11T09:45:35.000Z</time>
        <extensions>
          <ns3:TrackPointExtension>
            <ns3:hr>90</ns3:hr>
            <ns3:cad>56</ns3:cad>
          </ns3:TrackPointExtension>
        </extensions>
      </trkpt>
      <trkpt lat="46.37850045226514339447021484375" lon="23.57439838349819183349609375">
        <ele>697.4000244140625</ele>
        <time>2022-06-11T09:45:38.000Z</time>
        <extensions>
          <ns3:TrackPointExtension>
            <ns3:hr>90</ns3:hr>
            <ns3:cad>58</ns3:cad>
          </ns3:TrackPointExtension>
        </extensions>
      </trkpt>
      <trkpt lat="46.378482766449451446533203125" lon="23.57439343817532062530517578125">
        <ele>696.5999755859375</ele>
        <time>2022-06-11T09:45:41.000Z</time>
        <extensions>
          <ns3:TrackPointExtension>
            <ns3:hr>90</ns3:hr>
            <ns3:cad>58</ns3:cad>
          </ns3:TrackPointExtension>
        </extensions>
      </trkpt>
      <trkpt lat="46.3784745521843433380126953125" lon="23.57439360581338405609130859375">
        <ele>696.20001220703125</ele>
        <time>2022-06-11T09:45:42.000Z</time>
        <extensions>
          <ns3:TrackPointExtension>
            <ns3:hr>90</ns3:hr>
            <ns3:cad>57</ns3:cad>
          </ns3:TrackPointExtension>
        </extensions>
      </trkpt>
      <trkpt lat="46.37843289412558078765869140625" lon="23.57439712621271610260009765625">
        <ele>695</ele>
        <time>2022-06-11T09:45:47.000Z</time>
        <extensions>
          <ns3:TrackPointExtension>
            <ns3:hr>89</ns3:hr>
            <ns3:cad>56</ns3:cad>
          </ns3:TrackPointExtension>
        </extensions>
      </trkpt>
      <trkpt lat="46.37841579504311084747314453125" lon="23.57440634630620479583740234375">
        <ele>694.4000244140625</ele>
        <time>2022-06-11T09:45:49.000Z</time>
        <extensions>
          <ns3:TrackPointExtension>
            <ns3:hr>90</ns3:hr>
            <ns3:cad>56</ns3:cad>
          </ns3:TrackPointExtension>
        </extensions>
      </trkpt>
      <trkpt lat="46.3783833570778369903564453125" lon="23.57440869323909282684326171875">
        <ele>693.79998779296875</ele>
        <time>2022-06-11T09:45:52.000Z</time>
        <extensions>
          <ns3:TrackPointExtension>
            <ns3:hr>92</ns3:hr>
            <ns3:cad>56</ns3:cad>
          </ns3:TrackPointExtension>
        </extensions>
      </trkpt>
      <trkpt lat="46.37835276313126087188720703125" lon="23.57441422529518604278564453125">
        <ele>692.79998779296875</ele>
        <time>2022-06-11T09:45:56.000Z</time>
        <extensions>
          <ns3:TrackPointExtension>
            <ns3:hr>95</ns3:hr>
            <ns3:cad>58</ns3:cad>
          </ns3:TrackPointExtension>
        </extensions>
      </trkpt>
      <trkpt lat="46.37834320776164531707763671875" lon="23.57441321946680545806884765625">
        <ele>692.79998779296875</ele>
        <time>2022-06-11T09:45:57.000Z</time>
        <extensions>
          <ns3:TrackPointExtension>
            <ns3:hr>95</ns3:hr>
            <ns3:cad>58</ns3:cad>
          </ns3:TrackPointExtension>
        </extensions>
      </trkpt>
      <trkpt lat="46.37831144034862518310546875" lon="23.5744270496070384979248046875">
        <ele>691.5999755859375</ele>
        <time>2022-06-11T09:46:02.000Z</time>
        <extensions>
          <ns3:TrackPointExtension>
            <ns3:hr>95</ns3:hr>
            <ns3:cad>55</ns3:cad>
          </ns3:TrackPointExtension>
        </extensions>
      </trkpt>
      <trkpt lat="46.37826911173760890960693359375" lon="23.57443987391889095306396484375">
        <ele>690.4000244140625</ele>
        <time>2022-06-11T09:46:06.000Z</time>
        <extensions>
          <ns3:TrackPointExtension>
            <ns3:hr>98</ns3:hr>
            <ns3:cad>55</ns3:cad>
          </ns3:TrackPointExtension>
        </extensions>
      </trkpt>
      <trkpt lat="46.37823591940104961395263671875" lon="23.574433587491512298583984375">
        <ele>689.79998779296875</ele>
        <time>2022-06-11T09:46:09.000Z</time>
        <extensions>
          <ns3:TrackPointExtension>
            <ns3:hr>99</ns3:hr>
            <ns3:cad>53</ns3:cad>
          </ns3:TrackPointExtension>
        </extensions>
      </trkpt>
      <trkpt lat="46.37821479700505733489990234375" lon="23.5744203440845012664794921875">
        <ele>689.20001220703125</ele>
        <time>2022-06-11T09:46:11.000Z</time>
        <extensions>
          <ns3:TrackPointExtension>
            <ns3:hr>99</ns3:hr>
            <ns3:cad>56</ns3:cad>
          </ns3:TrackPointExtension>
        </extensions>
      </trkpt>
      <trkpt lat="46.37817171402275562286376953125" lon="23.57439846731722354888916015625">
        <ele>688.4000244140625</ele>
        <time>2022-06-11T09:46:16.000Z</time>
        <extensions>
          <ns3:TrackPointExtension>
            <ns3:hr>99</ns3:hr>
            <ns3:cad>56</ns3:cad>
          </ns3:TrackPointExtension>
        </extensions>
      </trkpt>
      <trkpt lat="46.3781587220728397369384765625" lon="23.57440517283976078033447265625">
        <ele>688</ele>
        <time>2022-06-11T09:46:17.000Z</time>
        <extensions>
          <ns3:TrackPointExtension>
            <ns3:hr>99</ns3:hr>
            <ns3:cad>55</ns3:cad>
          </ns3:TrackPointExtension>
        </extensions>
      </trkpt>
      <trkpt lat="46.3781211711466312408447265625" lon="23.5744247026741504669189453125">
        <ele>687</ele>
        <time>2022-06-11T09:46:21.000Z</time>
        <extensions>
          <ns3:TrackPointExtension>
            <ns3:hr>98</ns3:hr>
            <ns3:cad>59</ns3:cad>
          </ns3:TrackPointExtension>
        </extensions>
      </trkpt>
      <trkpt lat="46.37810356914997100830078125" lon="23.57444004155695438385009765625">
        <ele>686.4000244140625</ele>
        <time>2022-06-11T09:46:23.000Z</time>
        <extensions>
          <ns3:TrackPointExtension>
            <ns3:hr>98</ns3:hr>
            <ns3:cad>59</ns3:cad>
          </ns3:TrackPointExtension>
        </extensions>
      </trkpt>
      <trkpt lat="46.3780735619366168975830078125" lon="23.57443450950086116790771484375">
        <ele>685.79998779296875</ele>
        <time>2022-06-11T09:46:27.000Z</time>
        <extensions>
          <ns3:TrackPointExtension>
            <ns3:hr>97</ns3:hr>
            <ns3:cad>59</ns3:cad>
          </ns3:TrackPointExtension>
        </extensions>
      </trkpt>
      <trkpt lat="46.378068029880523681640625" lon="23.5744361020624637603759765625">
        <ele>685.5999755859375</ele>
        <time>2022-06-11T09:46:28.000Z</time>
        <extensions>
          <ns3:TrackPointExtension>
            <ns3:hr>97</ns3:hr>
            <ns3:cad>59</ns3:cad>
          </ns3:TrackPointExtension>
        </extensions>
      </trkpt>
      <trkpt lat="46.37806040234863758087158203125" lon="23.57443450950086116790771484375">
        <ele>684.79998779296875</ele>
        <time>2022-06-11T09:46:32.000Z</time>
        <extensions>
          <ns3:TrackPointExtension>
            <ns3:hr>98</ns3:hr>
            <ns3:cad>55</ns3:cad>
          </ns3:TrackPointExtension>
        </extensions>
      </trkpt>
      <trkpt lat="46.37805067934095859527587890625" lon="23.57443400658667087554931640625">
        <ele>684.5999755859375</ele>
        <time>2022-06-11T09:46:33.000Z</time>
        <extensions>
          <ns3:TrackPointExtension>
            <ns3:hr>98</ns3:hr>
            <ns3:cad>55</ns3:cad>
          </ns3:TrackPointExtension>
        </extensions>
      </trkpt>
      <trkpt lat="46.3780215941369533538818359375" lon="23.57443886809051036834716796875">
        <ele>683.79998779296875</ele>
        <time>2022-06-11T09:46:36.000Z</time>
        <extensions>
          <ns3:TrackPointExtension>
            <ns3:hr>97</ns3:hr>
            <ns3:cad>56</ns3:cad>
          </ns3:TrackPointExtension>
        </extensions>
      </trkpt>
      <trkpt lat="46.3780169002711772918701171875" lon="23.57445177622139453887939453125">
        <ele>683.20001220703125</ele>
        <time>2022-06-11T09:46:39.000Z</time>
        <extensions>
          <ns3:TrackPointExtension>
            <ns3:hr>96</ns3:hr>
            <ns3:cad>0</ns3:cad>
          </ns3:TrackPointExtension>
        </extensions>
      </trkpt>
      <trkpt lat="46.378023438155651092529296875" lon="23.5744508542120456695556640625">
        <ele>683</ele>
        <time>2022-06-11T09:46:44.000Z</time>
        <extensions>
          <ns3:TrackPointExtension>
            <ns3:hr>96</ns3:hr>
            <ns3:cad>0</ns3:cad>
          </ns3:TrackPointExtension>
        </extensions>
      </trkpt>
      <trkpt lat="46.37804699130356311798095703125" lon="23.574413470923900604248046875">
        <ele>683</ele>
        <time>2022-06-11T09:46:50.000Z</time>
        <extensions>
          <ns3:TrackPointExtension>
            <ns3:hr>99</ns3:hr>
            <ns3:cad>0</ns3:cad>
          </ns3:TrackPointExtension>
        </extensions>
      </trkpt>
      <trkpt lat="46.37805285863578319549560546875" lon="23.57439159415662288665771484375">
        <ele>683.5999755859375</ele>
        <time>2022-06-11T09:46:57.000Z</time>
        <extensions>
          <ns3:TrackPointExtension>
            <ns3:hr>96</ns3:hr>
            <ns3:cad>0</ns3:cad>
          </ns3:TrackPointExtension>
        </extensions>
      </trkpt>
      <trkpt lat="46.3780450634658336639404296875" lon="23.57439679093658924102783203125">
        <ele>683.5999755859375</ele>
        <time>2022-06-11T09:47:00.000Z</time>
        <extensions>
          <ns3:TrackPointExtension>
            <ns3:hr>95</ns3:hr>
            <ns3:cad>0</ns3:cad>
          </ns3:TrackPointExtension>
        </extensions>
      </trkpt>
      <trkpt lat="46.378044895827770233154296875" lon="23.5743868164718151092529296875">
        <ele>683.4000244140625</ele>
        <time>2022-06-11T09:47:07.000Z</time>
        <extensions>
          <ns3:TrackPointExtension>
            <ns3:hr>98</ns3:hr>
            <ns3:cad>0</ns3:cad>
          </ns3:TrackPointExtension>
        </extensions>
      </trkpt>
      <trkpt lat="46.378044895827770233154296875" lon="23.5743868164718151092529296875">
        <ele>683.4000244140625</ele>
        <time>2022-06-11T09:47:09.000Z</time>
        <extensions>
          <ns3:TrackPointExtension>
            <ns3:hr>97</ns3:hr>
            <ns3:cad>0</ns3:cad>
          </ns3:TrackPointExtension>
        </extensions>
      </trkpt>
      <trkpt lat="46.378044895827770233154296875" lon="23.57438975013792514801025390625">
        <ele>683.5999755859375</ele>
        <time>2022-06-11T09:47:21.000Z</time>
        <extensions>
          <ns3:TrackPointExtension>
            <ns3:hr>100</ns3:hr>
            <ns3:cad>0</ns3:cad>
          </ns3:TrackPointExtension>
        </extensions>
      </trkpt>
      <trkpt lat="46.37805017642676830291748046875" lon="23.57439444400370121002197265625">
        <ele>683.20001220703125</ele>
        <time>2022-06-11T09:47:28.000Z</time>
        <extensions>
          <ns3:TrackPointExtension>
            <ns3:hr>103</ns3:hr>
            <ns3:cad>0</ns3:cad>
          </ns3:TrackPointExtension>
        </extensions>
      </trkpt>
      <trkpt lat="46.37804866768419742584228515625" lon="23.5743965394794940948486328125">
        <ele>683.4000244140625</ele>
        <time>2022-06-11T09:47:32.000Z</time>
        <extensions>
          <ns3:TrackPointExtension>
            <ns3:hr>104</ns3:hr>
            <ns3:cad>0</ns3:cad>
          </ns3:TrackPointExtension>
        </extensions>
      </trkpt>
      <trkpt lat="46.37804590165615081787109375" lon="23.5743965394794940948486328125">
        <ele>683.4000244140625</ele>
        <time>2022-06-11T09:47:41.000Z</time>
        <extensions>
          <ns3:TrackPointExtension>
            <ns3:hr>101</ns3:hr>
            <ns3:cad>0</ns3:cad>
          </ns3:TrackPointExtension>
        </extensions>
      </trkpt>
      <trkpt lat="46.3780452311038970947265625" lon="23.57439494691789150238037109375">
        <ele>683.4000244140625</ele>
        <time>2022-06-11T09:47:52.000Z</time>
        <extensions>
          <ns3:TrackPointExtension>
            <ns3:hr>98</ns3:hr>
            <ns3:cad>0</ns3:cad>
          </ns3:TrackPointExtension>
        </extensions>
      </trkpt>
      <trkpt lat="46.37804782949388027191162109375" lon="23.57439578510820865631103515625">
        <ele>683.79998779296875</ele>
        <time>2022-06-11T09:48:01.000Z</time>
        <extensions>
          <ns3:TrackPointExtension>
            <ns3:hr>95</ns3:hr>
            <ns3:cad>0</ns3:cad>
          </ns3:TrackPointExtension>
        </extensions>
      </trkpt>
      <trkpt lat="46.3780457340180873870849609375" lon="23.57439712621271610260009765625">
        <ele>684</ele>
        <time>2022-06-11T09:48:07.000Z</time>
        <extensions>
          <ns3:TrackPointExtension>
            <ns3:hr>92</ns3:hr>
            <ns3:cad>0</ns3:cad>
          </ns3:TrackPointExtension>
        </extensions>
      </trkpt>
      <trkpt lat="46.37804858386516571044921875" lon="23.57439796440303325653076171875">
        <ele>685</ele>
        <time>2022-06-11T09:48:12.000Z</time>
        <extensions>
          <ns3:TrackPointExtension>
            <ns3:hr>90</ns3:hr>
            <ns3:cad>0</ns3:cad>
          </ns3:TrackPointExtension>
        </extensions>
      </trkpt>
      <trkpt lat="46.3780487515032291412353515625" lon="23.57439997605979442596435546875">
        <ele>685.5999755859375</ele>
        <time>2022-06-11T09:48:15.000Z</time>
        <extensions>
          <ns3:TrackPointExtension>
            <ns3:hr>93</ns3:hr>
            <ns3:cad>0</ns3:cad>
          </ns3:TrackPointExtension>
        </extensions>
      </trkpt>
      <trkpt lat="46.37804933823645114898681640625" lon="23.574401400983333587646484375">
        <ele>685.79998779296875</ele>
        <time>2022-06-11T09:48:18.000Z</time>
        <extensions>
          <ns3:TrackPointExtension>
            <ns3:hr>96</ns3:hr>
            <ns3:cad>0</ns3:cad>
          </ns3:TrackPointExtension>
        </extensions>
      </trkpt>
      <trkpt lat="46.3781023956835269927978515625" lon="23.57445261441171169281005859375">
        <ele>685.20001220703125</ele>
        <time>2022-06-11T09:48:38.000Z</time>
        <extensions>
          <ns3:TrackPointExtension>
            <ns3:hr>99</ns3:hr>
            <ns3:cad>0</ns3:cad>
          </ns3:TrackPointExtension>
        </extensions>
      </trkpt>
      <trkpt lat="46.3781168125569820404052734375" lon="23.5744770057499408721923828125">
        <ele>685.4000244140625</ele>
        <time>2022-06-11T09:48:52.000Z</time>
        <extensions>
          <ns3:TrackPointExtension>
            <ns3:hr>95</ns3:hr>
            <ns3:cad>0</ns3:cad>
          </ns3:TrackPointExtension>
        </extensions>
      </trkpt>
      <trkpt lat="46.3781168125569820404052734375" lon="23.5744770057499408721923828125">
        <ele>685.4000244140625</ele>
        <time>2022-06-11T09:48:54.000Z</time>
        <extensions>
          <ns3:TrackPointExtension>
            <ns3:hr>91</ns3:hr>
            <ns3:cad>0</ns3:cad>
          </ns3:TrackPointExtension>
        </extensions>
      </trkpt>
      <trkpt lat="46.37811689637601375579833984375" lon="23.5744770057499408721923828125">
        <ele>685.4000244140625</ele>
        <time>2022-06-11T09:48:57.000Z</time>
        <extensions>
          <ns3:TrackPointExtension>
            <ns3:hr>88</ns3:hr>
            <ns3:cad>0</ns3:cad>
          </ns3:TrackPointExtension>
        </extensions>
      </trkpt>
      <trkpt lat="46.3781168125569820404052734375" lon="23.57447692193090915679931640625">
        <ele>685.20001220703125</ele>
        <time>2022-06-11T09:49:02.000Z</time>
        <extensions>
          <ns3:TrackPointExtension>
            <ns3:hr>85</ns3:hr>
            <ns3:cad>0</ns3:cad>
          </ns3:TrackPointExtension>
        </extensions>
      </trkpt>
      <trkpt lat="46.3781154714524745941162109375" lon="23.5744733177125453948974609375">
        <ele>685.4000244140625</ele>
        <time>2022-06-11T09:49:11.000Z</time>
        <extensions>
          <ns3:TrackPointExtension>
            <ns3:hr>88</ns3:hr>
            <ns3:cad>0</ns3:cad>
          </ns3:TrackPointExtension>
        </extensions>
      </trkpt>
      <trkpt lat="46.3781064189970493316650390625" lon="23.57446954585611820220947265625">
        <ele>686</ele>
        <time>2022-06-11T09:49:37.000Z</time>
        <extensions>
          <ns3:TrackPointExtension>
            <ns3:hr>89</ns3:hr>
            <ns3:cad>0</ns3:cad>
          </ns3:TrackPointExtension>
        </extensions>
      </trkpt>
      <trkpt lat="46.3781054131686687469482421875" lon="23.57446485199034214019775390625">
        <ele>685.79998779296875</ele>
        <time>2022-06-11T09:49:49.000Z</time>
        <extensions>
          <ns3:TrackPointExtension>
            <ns3:hr>92</ns3:hr>
            <ns3:cad>0</ns3:cad>
          </ns3:TrackPointExtension>
        </extensions>
      </trkpt>
      <trkpt lat="46.37809862382709980010986328125" lon="23.57445311732590198516845703125">
        <ele>686.20001220703125</ele>
        <time>2022-06-11T09:49:57.000Z</time>
        <extensions>
          <ns3:TrackPointExtension>
            <ns3:hr>89</ns3:hr>
            <ns3:cad>0</ns3:cad>
          </ns3:TrackPointExtension>
        </extensions>
      </trkpt>
      <trkpt lat="46.37808839790523052215576171875" lon="23.5744498483836650848388671875">
        <ele>686</ele>
        <time>2022-06-11T09:50:03.000Z</time>
        <extensions>
          <ns3:TrackPointExtension>
            <ns3:hr>92</ns3:hr>
            <ns3:cad>0</ns3:cad>
          </ns3:TrackPointExtension>
        </extensions>
      </trkpt>
      <trkpt lat="46.37807984836399555206298828125" lon="23.57444087974727153778076171875">
        <ele>684.79998779296875</ele>
        <time>2022-06-11T09:50:18.000Z</time>
        <extensions>
          <ns3:TrackPointExtension>
            <ns3:hr>91</ns3:hr>
            <ns3:cad>55</ns3:cad>
          </ns3:TrackPointExtension>
        </extensions>
      </trkpt>
      <trkpt lat="46.37806979008018970489501953125" lon="23.57443937100470066070556640625">
        <ele>684.20001220703125</ele>
        <time>2022-06-11T09:50:21.000Z</time>
        <extensions>
          <ns3:TrackPointExtension>
            <ns3:hr>95</ns3:hr>
            <ns3:cad>54</ns3:cad>
          </ns3:TrackPointExtension>
        </extensions>
      </trkpt>
      <trkpt lat="46.3780430518090724945068359375" lon="23.5744337551295757293701171875">
        <ele>684</ele>
        <time>2022-06-11T09:50:23.000Z</time>
        <extensions>
          <ns3:TrackPointExtension>
            <ns3:hr>98</ns3:hr>
            <ns3:cad>55</ns3:cad>
          </ns3:TrackPointExtension>
        </extensions>
      </trkpt>
      <trkpt lat="46.378009356558322906494140625" lon="23.5744347609579563140869140625">
        <ele>683.79998779296875</ele>
        <time>2022-06-11T09:50:25.000Z</time>
        <extensions>
          <ns3:TrackPointExtension>
            <ns3:hr>101</ns3:hr>
            <ns3:cad>54</ns3:cad>
          </ns3:TrackPointExtension>
        </extensions>
      </trkpt>
      <trkpt lat="46.37797926552593708038330078125" lon="23.574439622461795806884765625">
        <ele>683.5999755859375</ele>
        <time>2022-06-11T09:50:27.000Z</time>
        <extensions>
          <ns3:TrackPointExtension>
            <ns3:hr>101</ns3:hr>
            <ns3:cad>57</ns3:cad>
          </ns3:TrackPointExtension>
        </extensions>
      </trkpt>
      <trkpt lat="46.37792897410690784454345703125" lon="23.57445898465812206268310546875">
        <ele>682.5999755859375</ele>
        <time>2022-06-11T09:50:30.000Z</time>
        <extensions>
          <ns3:TrackPointExtension>
            <ns3:hr>101</ns3:hr>
            <ns3:cad>57</ns3:cad>
          </ns3:TrackPointExtension>
        </extensions>
      </trkpt>
      <trkpt lat="46.377901732921600341796875" lon="23.574481196701526641845703125">
        <ele>681.4000244140625</ele>
        <time>2022-06-11T09:50:33.000Z</time>
        <extensions>
          <ns3:TrackPointExtension>
            <ns3:hr>100</ns3:hr>
            <ns3:cad>57</ns3:cad>
          </ns3:TrackPointExtension>
        </extensions>
      </trkpt>
      <trkpt lat="46.37788153253495693206787109375" lon="23.57448832131922245025634765625">
        <ele>680.4000244140625</ele>
        <time>2022-06-11T09:50:35.000Z</time>
        <extensions>
          <ns3:TrackPointExtension>
            <ns3:hr>100</ns3:hr>
            <ns3:cad>57</ns3:cad>
          </ns3:TrackPointExtension>
        </extensions>
      </trkpt>
      <trkpt lat="46.3778717257082462310791015625" lon="23.57449921779334545135498046875">
        <ele>680.20001220703125</ele>
        <time>2022-06-11T09:50:36.000Z</time>
        <extensions>
          <ns3:TrackPointExtension>
            <ns3:hr>100</ns3:hr>
            <ns3:cad>57</ns3:cad>
          </ns3:TrackPointExtension>
        </extensions>
      </trkpt>
      <trkpt lat="46.37785672210156917572021484375" lon="23.574515394866466522216796875">
        <ele>680</ele>
        <time>2022-06-11T09:50:38.000Z</time>
        <extensions>
          <ns3:TrackPointExtension>
            <ns3:hr>100</ns3:hr>
            <ns3:cad>57</ns3:cad>
          </ns3:TrackPointExtension>
        </extensions>
      </trkpt>
      <trkpt lat="46.3778321631252765655517578125" lon="23.57453458942472934722900390625">
        <ele>679.5999755859375</ele>
        <time>2022-06-11T09:50:41.000Z</time>
        <extensions>
          <ns3:TrackPointExtension>
            <ns3:hr>99</ns3:hr>
            <ns3:cad>52</ns3:cad>
          </ns3:TrackPointExtension>
        </extensions>
      </trkpt>
      <trkpt lat="46.3778143934905529022216796875" lon="23.5745517723262310028076171875">
        <ele>679.20001220703125</ele>
        <time>2022-06-11T09:50:45.000Z</time>
        <extensions>
          <ns3:TrackPointExtension>
            <ns3:hr>98</ns3:hr>
            <ns3:cad>50</ns3:cad>
          </ns3:TrackPointExtension>
        </extensions>
      </trkpt>
      <trkpt lat="46.3777983002364635467529296875" lon="23.574549593031406402587890625">
        <ele>678.79998779296875</ele>
        <time>2022-06-11T09:50:48.000Z</time>
        <extensions>
          <ns3:TrackPointExtension>
            <ns3:hr>99</ns3:hr>
            <ns3:cad>57</ns3:cad>
          </ns3:TrackPointExtension>
        </extensions>
      </trkpt>
      <trkpt lat="46.37778564356267452239990234375" lon="23.5745505988597869873046875">
        <ele>678</ele>
        <time>2022-06-11T09:50:50.000Z</time>
        <extensions>
          <ns3:TrackPointExtension>
            <ns3:hr>99</ns3:hr>
            <ns3:cad>57</ns3:cad>
          </ns3:TrackPointExtension>
        </extensions>
      </trkpt>
      <trkpt lat="46.3777758367359638214111328125" lon="23.5745527781546115875244140625">
        <ele>677</ele>
        <time>2022-06-11T09:50:54.000Z</time>
        <extensions>
          <ns3:TrackPointExtension>
            <ns3:hr>97</ns3:hr>
            <ns3:cad>70</ns3:cad>
          </ns3:TrackPointExtension>
        </extensions>
      </trkpt>
      <trkpt lat="46.37775161303579807281494140625" lon="23.57455571182072162628173828125">
        <ele>675.5999755859375</ele>
        <time>2022-06-11T09:50:58.000Z</time>
        <extensions>
          <ns3:TrackPointExtension>
            <ns3:hr>97</ns3:hr>
            <ns3:cad>40</ns3:cad>
          </ns3:TrackPointExtension>
        </extensions>
      </trkpt>
      <trkpt lat="46.3777480088174343109130859375" lon="23.57455302961170673370361328125">
        <ele>675.4000244140625</ele>
        <time>2022-06-11T09:50:59.000Z</time>
        <extensions>
          <ns3:TrackPointExtension>
            <ns3:hr>97</ns3:hr>
            <ns3:cad>40</ns3:cad>
          </ns3:TrackPointExtension>
        </extensions>
      </trkpt>
      <trkpt lat="46.3777171634137630462646484375" lon="23.5745353437960147857666015625">
        <ele>674.5999755859375</ele>
        <time>2022-06-11T09:51:03.000Z</time>
        <extensions>
          <ns3:TrackPointExtension>
            <ns3:hr>98</ns3:hr>
            <ns3:cad>0</ns3:cad>
          </ns3:TrackPointExtension>
        </extensions>
      </trkpt>
      <trkpt lat="46.37770484201610088348388671875" lon="23.57453039847314357757568359375">
        <ele>673.4000244140625</ele>
        <time>2022-06-11T09:51:07.000Z</time>
        <extensions>
          <ns3:TrackPointExtension>
            <ns3:hr>98</ns3:hr>
            <ns3:cad>63</ns3:cad>
          </ns3:TrackPointExtension>
        </extensions>
      </trkpt>
      <trkpt lat="46.37770148925483226776123046875" lon="23.57453442178666591644287109375">
        <ele>673.20001220703125</ele>
        <time>2022-06-11T09:51:08.000Z</time>
        <extensions>
          <ns3:TrackPointExtension>
            <ns3:hr>98</ns3:hr>
            <ns3:cad>63</ns3:cad>
          </ns3:TrackPointExtension>
        </extensions>
      </trkpt>
      <trkpt lat="46.3776668719947338104248046875" lon="23.57456468045711517333984375">
        <ele>672</ele>
        <time>2022-06-11T09:51:14.000Z</time>
        <extensions>
          <ns3:TrackPointExtension>
            <ns3:hr>98</ns3:hr>
            <ns3:cad>63</ns3:cad>
          </ns3:TrackPointExtension>
        </extensions>
      </trkpt>
      <trkpt lat="46.37766092084348201751708984375" lon="23.57456375844776630401611328125">
        <ele>671.79998779296875</ele>
        <time>2022-06-11T09:51:15.000Z</time>
        <extensions>
          <ns3:TrackPointExtension>
            <ns3:hr>98</ns3:hr>
            <ns3:cad>63</ns3:cad>
          </ns3:TrackPointExtension>
        </extensions>
      </trkpt>
      <trkpt lat="46.37762940488755702972412109375" lon="23.57457029633224010467529296875">
        <ele>670.79998779296875</ele>
        <time>2022-06-11T09:51:19.000Z</time>
        <extensions>
          <ns3:TrackPointExtension>
            <ns3:hr>97</ns3:hr>
            <ns3:cad>55</ns3:cad>
          </ns3:TrackPointExtension>
        </extensions>
      </trkpt>
      <trkpt lat="46.37760945595800876617431640625" lon="23.5745923407375812530517578125">
        <ele>669.79998779296875</ele>
        <time>2022-06-11T09:51:23.000Z</time>
        <extensions>
          <ns3:TrackPointExtension>
            <ns3:hr>97</ns3:hr>
            <ns3:cad>0</ns3:cad>
          </ns3:TrackPointExtension>
        </extensions>
      </trkpt>
      <trkpt lat="46.377607025206089019775390625" lon="23.57459376566112041473388671875">
        <ele>669.5999755859375</ele>
        <time>2022-06-11T09:51:24.000Z</time>
        <extensions>
          <ns3:TrackPointExtension>
            <ns3:hr>97</ns3:hr>
            <ns3:cad>0</ns3:cad>
          </ns3:TrackPointExtension>
        </extensions>
      </trkpt>
      <trkpt lat="46.37759663164615631103515625" lon="23.574611283838748931884765625">
        <ele>668.5999755859375</ele>
        <time>2022-06-11T09:51:28.000Z</time>
        <extensions>
          <ns3:TrackPointExtension>
            <ns3:hr>97</ns3:hr>
            <ns3:cad>54</ns3:cad>
          </ns3:TrackPointExtension>
        </extensions>
      </trkpt>
      <trkpt lat="46.37759420089423656463623046875" lon="23.5746114514768123626708984375">
        <ele>668.20001220703125</ele>
        <time>2022-06-11T09:51:29.000Z</time>
        <extensions>
          <ns3:TrackPointExtension>
            <ns3:hr>97</ns3:hr>
            <ns3:cad>0</ns3:cad>
          </ns3:TrackPointExtension>
        </extensions>
      </trkpt>
      <trkpt lat="46.3775649480521678924560546875" lon="23.5746198333799839019775390625">
        <ele>667.5999755859375</ele>
        <time>2022-06-11T09:51:33.000Z</time>
        <extensions>
          <ns3:TrackPointExtension>
            <ns3:hr>97</ns3:hr>
            <ns3:cad>53</ns3:cad>
          </ns3:TrackPointExtension>
        </extensions>
      </trkpt>
      <trkpt lat="46.3775280676782131195068359375" lon="23.5746632516384124755859375">
        <ele>666.5999755859375</ele>
        <time>2022-06-11T09:51:38.000Z</time>
        <extensions>
          <ns3:TrackPointExtension>
            <ns3:hr>96</ns3:hr>
            <ns3:cad>56</ns3:cad>
          </ns3:TrackPointExtension>
        </extensions>
      </trkpt>
      <trkpt lat="46.37752412818372249603271484375" lon="23.5746674425899982452392578125">
        <ele>666.4000244140625</ele>
        <time>2022-06-11T09:51:39.000Z</time>
        <extensions>
          <ns3:TrackPointExtension>
            <ns3:hr>96</ns3:hr>
            <ns3:cad>55</ns3:cad>
          </ns3:TrackPointExtension>
        </extensions>
      </trkpt>
      <trkpt lat="46.377463527023792266845703125" lon="23.57471664436161518096923828125">
        <ele>665.4000244140625</ele>
        <time>2022-06-11T09:51:44.000Z</time>
        <extensions>
          <ns3:TrackPointExtension>
            <ns3:hr>94</ns3:hr>
            <ns3:cad>52</ns3:cad>
          </ns3:TrackPointExtension>
        </extensions>
      </trkpt>
      <trkpt lat="46.3774472661316394805908203125" lon="23.57473592273890972137451171875">
        <ele>664.79998779296875</ele>
        <time>2022-06-11T09:51:46.000Z</time>
        <extensions>
          <ns3:TrackPointExtension>
            <ns3:hr>93</ns3:hr>
            <ns3:cad>52</ns3:cad>
          </ns3:TrackPointExtension>
        </extensions>
      </trkpt>
      <trkpt lat="46.37743963859975337982177734375" lon="23.57473374344408512115478515625">
        <ele>664.4000244140625</ele>
        <time>2022-06-11T09:51:48.000Z</time>
        <extensions>
          <ns3:TrackPointExtension>
            <ns3:hr>93</ns3:hr>
            <ns3:cad>55</ns3:cad>
          </ns3:TrackPointExtension>
        </extensions>
      </trkpt>
      <trkpt lat="46.3774122297763824462890625" lon="23.5747415386140346527099609375">
        <ele>663.20001220703125</ele>
        <time>2022-06-11T09:51:53.000Z</time>
        <extensions>
          <ns3:TrackPointExtension>
            <ns3:hr>93</ns3:hr>
            <ns3:cad>61</ns3:cad>
          </ns3:TrackPointExtension>
        </extensions>
      </trkpt>
      <trkpt lat="46.37739705853164196014404296875" lon="23.5747693665325641632080078125">
        <ele>662.79998779296875</ele>
        <time>2022-06-11T09:51:55.000Z</time>
        <extensions>
          <ns3:TrackPointExtension>
            <ns3:hr>93</ns3:hr>
            <ns3:cad>58</ns3:cad>
          </ns3:TrackPointExtension>
        </extensions>
      </trkpt>
      <trkpt lat="46.37737493030726909637451171875" lon="23.57481672428548336029052734375">
        <ele>661.79998779296875</ele>
        <time>2022-06-11T09:51:59.000Z</time>
        <extensions>
          <ns3:TrackPointExtension>
            <ns3:hr>93</ns3:hr>
            <ns3:cad>60</ns3:cad>
          </ns3:TrackPointExtension>
        </extensions>
      </trkpt>
      <trkpt lat="46.37735950760543346405029296875" lon="23.5748434625566005706787109375">
        <ele>661.4000244140625</ele>
        <time>2022-06-11T09:52:02.000Z</time>
        <extensions>
          <ns3:TrackPointExtension>
            <ns3:hr>92</ns3:hr>
            <ns3:cad>60</ns3:cad>
          </ns3:TrackPointExtension>
        </extensions>
      </trkpt>
      <trkpt lat="46.37736420147120952606201171875" lon="23.574858047068119049072265625">
        <ele>660.79998779296875</ele>
        <time>2022-06-11T09:52:05.000Z</time>
        <extensions>
          <ns3:TrackPointExtension>
            <ns3:hr>92</ns3:hr>
            <ns3:cad>60</ns3:cad>
          </ns3:TrackPointExtension>
        </extensions>
      </trkpt>
      <trkpt lat="46.3773607648909091949462890625" lon="23.5748588852584362030029296875">
        <ele>659.5999755859375</ele>
        <time>2022-06-11T09:52:09.000Z</time>
        <extensions>
          <ns3:TrackPointExtension>
            <ns3:hr>94</ns3:hr>
            <ns3:cad>63</ns3:cad>
          </ns3:TrackPointExtension>
        </extensions>
      </trkpt>
      <trkpt lat="46.37735581956803798675537109375" lon="23.5748692788183689117431640625">
        <ele>659.20001220703125</ele>
        <time>2022-06-11T09:52:10.000Z</time>
        <extensions>
          <ns3:TrackPointExtension>
            <ns3:hr>94</ns3:hr>
            <ns3:cad>63</ns3:cad>
          </ns3:TrackPointExtension>
        </extensions>
      </trkpt>
      <trkpt lat="46.37733536772429943084716796875" lon="23.5748810134828090667724609375">
        <ele>658.20001220703125</ele>
        <time>2022-06-11T09:52:12.000Z</time>
        <extensions>
          <ns3:TrackPointExtension>
            <ns3:hr>94</ns3:hr>
            <ns3:cad>63</ns3:cad>
          </ns3:TrackPointExtension>
        </extensions>
      </trkpt>
      <trkpt lat="46.37729429639875888824462890625" lon="23.57488243840634822845458984375">
        <ele>657.4000244140625</ele>
        <time>2022-06-11T09:52:16.000Z</time>
        <extensions>
          <ns3:TrackPointExtension>
            <ns3:hr>91</ns3:hr>
            <ns3:cad>64</ns3:cad>
          </ns3:TrackPointExtension>
        </extensions>
      </trkpt>
      <trkpt lat="46.37727384455502033233642578125" lon="23.57489584945142269134521484375">
        <ele>657.20001220703125</ele>
        <time>2022-06-11T09:52:18.000Z</time>
        <extensions>
          <ns3:TrackPointExtension>
            <ns3:hr>91</ns3:hr>
            <ns3:cad>64</ns3:cad>
          </ns3:TrackPointExtension>
        </extensions>
      </trkpt>
      <trkpt lat="46.377268731594085693359375" lon="23.57489165849983692169189453125">
        <ele>657</ele>
        <time>2022-06-11T09:52:19.000Z</time>
        <extensions>
          <ns3:TrackPointExtension>
            <ns3:hr>90</ns3:hr>
            <ns3:cad>60</ns3:cad>
          </ns3:TrackPointExtension>
        </extensions>
      </trkpt>
      <trkpt lat="46.37722288258373737335205078125" lon="23.5749185644090175628662109375">
        <ele>656.20001220703125</ele>
        <time>2022-06-11T09:52:25.000Z</time>
        <extensions>
          <ns3:TrackPointExtension>
            <ns3:hr>90</ns3:hr>
            <ns3:cad>58</ns3:cad>
          </ns3:TrackPointExtension>
        </extensions>
      </trkpt>
      <trkpt lat="46.37719404883682727813720703125" lon="23.5749323107302188873291015625">
        <ele>655.5999755859375</ele>
        <time>2022-06-11T09:52:26.000Z</time>
        <extensions>
          <ns3:TrackPointExtension>
            <ns3:hr>91</ns3:hr>
            <ns3:cad>57</ns3:cad>
          </ns3:TrackPointExtension>
        </extensions>
      </trkpt>
      <trkpt lat="46.37720092199742794036865234375" lon="23.5750280320644378662109375">
        <ele>654.20001220703125</ele>
        <time>2022-06-11T09:52:30.000Z</time>
        <extensions>
          <ns3:TrackPointExtension>
            <ns3:hr>90</ns3:hr>
            <ns3:cad>57</ns3:cad>
          </ns3:TrackPointExtension>
        </extensions>
      </trkpt>
      <trkpt lat="46.37720477767288684844970703125" lon="23.5750338993966579437255859375">
        <ele>654</ele>
        <time>2022-06-11T09:52:31.000Z</time>
        <extensions>
          <ns3:TrackPointExtension>
            <ns3:hr>90</ns3:hr>
            <ns3:cad>56</ns3:cad>
          </ns3:TrackPointExtension>
        </extensions>
      </trkpt>
      <trkpt lat="46.3772320188581943511962890625" lon="23.5750221647322177886962890625">
        <ele>653.20001220703125</ele>
        <time>2022-06-11T09:52:34.000Z</time>
        <extensions>
          <ns3:TrackPointExtension>
            <ns3:hr>90</ns3:hr>
            <ns3:cad>56</ns3:cad>
          </ns3:TrackPointExtension>
        </extensions>
      </trkpt>
      <trkpt lat="46.37724258005619049072265625" lon="23.57503582723438739776611328125">
        <ele>652.79998779296875</ele>
        <time>2022-06-11T09:52:37.000Z</time>
        <extensions>
          <ns3:TrackPointExtension>
            <ns3:hr>92</ns3:hr>
            <ns3:cad>56</ns3:cad>
          </ns3:TrackPointExtension>
        </extensions>
      </trkpt>
      <trkpt lat="46.37720930390059947967529296875" lon="23.575114868581295013427734375">
        <ele>652.20001220703125</ele>
        <time>2022-06-11T09:52:42.000Z</time>
        <extensions>
          <ns3:TrackPointExtension>
            <ns3:hr>93</ns3:hr>
            <ns3:cad>55</ns3:cad>
          </ns3:TrackPointExtension>
        </extensions>
      </trkpt>
      <trkpt lat="46.3771766982972621917724609375" lon="23.57511780224740505218505859375">
        <ele>651.20001220703125</ele>
        <time>2022-06-11T09:52:45.000Z</time>
        <extensions>
          <ns3:TrackPointExtension>
            <ns3:hr>93</ns3:hr>
            <ns3:cad>60</ns3:cad>
          </ns3:TrackPointExtension>
        </extensions>
      </trkpt>
      <trkpt lat="46.37716840021312236785888671875" lon="23.57510707341134548187255859375">
        <ele>651</ele>
        <time>2022-06-11T09:52:46.000Z</time>
        <extensions>
          <ns3:TrackPointExtension>
            <ns3:hr>93</ns3:hr>
            <ns3:cad>60</ns3:cad>
          </ns3:TrackPointExtension>
        </extensions>
      </trkpt>
      <trkpt lat="46.3771626166999340057373046875" lon="23.57516306452453136444091796875">
        <ele>649.79998779296875</ele>
        <time>2022-06-11T09:52:50.000Z</time>
        <extensions>
          <ns3:TrackPointExtension>
            <ns3:hr>95</ns3:hr>
            <ns3:cad>63</ns3:cad>
          </ns3:TrackPointExtension>
        </extensions>
      </trkpt>
      <trkpt lat="46.37714199721813201904296875" lon="23.57516993768513202667236328125">
        <ele>648.5999755859375</ele>
        <time>2022-06-11T09:52:53.000Z</time>
        <extensions>
          <ns3:TrackPointExtension>
            <ns3:hr>95</ns3:hr>
            <ns3:cad>62</ns3:cad>
          </ns3:TrackPointExtension>
        </extensions>
      </trkpt>
      <trkpt lat="46.3771337829530239105224609375" lon="23.575196675956249237060546875">
        <ele>647.5999755859375</ele>
        <time>2022-06-11T09:53:00.000Z</time>
        <extensions>
          <ns3:TrackPointExtension>
            <ns3:hr>95</ns3:hr>
            <ns3:cad>53</ns3:cad>
          </ns3:TrackPointExtension>
        </extensions>
      </trkpt>
      <trkpt lat="46.37713872827589511871337890625" lon="23.57518485747277736663818359375">
        <ele>647.20001220703125</ele>
        <time>2022-06-11T09:53:03.000Z</time>
        <extensions>
          <ns3:TrackPointExtension>
            <ns3:hr>94</ns3:hr>
            <ns3:cad>53</ns3:cad>
          </ns3:TrackPointExtension>
        </extensions>
      </trkpt>
      <trkpt lat="46.3771549053490161895751953125" lon="23.5752048902213573455810546875">
        <ele>646.20001220703125</ele>
        <time>2022-06-11T09:53:06.000Z</time>
        <extensions>
          <ns3:TrackPointExtension>
            <ns3:hr>94</ns3:hr>
            <ns3:cad>62</ns3:cad>
          </ns3:TrackPointExtension>
        </extensions>
      </trkpt>
      <trkpt lat="46.37714073993265628814697265625" lon="23.57521587051451206207275390625">
        <ele>645.20001220703125</ele>
        <time>2022-06-11T09:53:09.000Z</time>
        <extensions>
          <ns3:TrackPointExtension>
            <ns3:hr>94</ns3:hr>
            <ns3:cad>61</ns3:cad>
          </ns3:TrackPointExtension>
        </extensions>
      </trkpt>
      <trkpt lat="46.3771240599453449249267578125" lon="23.57523313723504543304443359375">
        <ele>644</ele>
        <time>2022-06-11T09:53:13.000Z</time>
        <extensions>
          <ns3:TrackPointExtension>
            <ns3:hr>94</ns3:hr>
            <ns3:cad>60</ns3:cad>
          </ns3:TrackPointExtension>
        </extensions>
      </trkpt>
      <trkpt lat="46.37711794115602970123291015625" lon="23.5752384178340435028076171875">
        <ele>643.20001220703125</ele>
        <time>2022-06-11T09:53:15.000Z</time>
        <extensions>
          <ns3:TrackPointExtension>
            <ns3:hr>95</ns3:hr>
            <ns3:cad>62</ns3:cad>
          </ns3:TrackPointExtension>
        </extensions>
      </trkpt>
      <trkpt lat="46.37711509130895137786865234375" lon="23.5752399265766143798828125">
        <ele>643</ele>
        <time>2022-06-11T09:53:16.000Z</time>
        <extensions>
          <ns3:TrackPointExtension>
            <ns3:hr>96</ns3:hr>
            <ns3:cad>62</ns3:cad>
          </ns3:TrackPointExtension>
        </extensions>
      </trkpt>
      <trkpt lat="46.37709883041679859161376953125" lon="23.57526901178061962127685546875">
        <ele>641.79998779296875</ele>
        <time>2022-06-11T09:53:21.000Z</time>
        <extensions>
          <ns3:TrackPointExtension>
            <ns3:hr>96</ns3:hr>
            <ns3:cad>120</ns3:cad>
          </ns3:TrackPointExtension>
        </extensions>
      </trkpt>
      <trkpt lat="46.37709162198007106781005859375" lon="23.5752766393125057220458984375">
        <ele>641.5999755859375</ele>
        <time>2022-06-11T09:53:24.000Z</time>
        <extensions>
          <ns3:TrackPointExtension>
            <ns3:hr>97</ns3:hr>
            <ns3:cad>120</ns3:cad>
          </ns3:TrackPointExtension>
        </extensions>
      </trkpt>
      <trkpt lat="46.37707938440144062042236328125" lon="23.575273789465427398681640625">
        <ele>640.5999755859375</ele>
        <time>2022-06-11T09:53:27.000Z</time>
        <extensions>
          <ns3:TrackPointExtension>
            <ns3:hr>97</ns3:hr>
            <ns3:cad>0</ns3:cad>
          </ns3:TrackPointExtension>
        </extensions>
      </trkpt>
      <trkpt lat="46.377059519290924072265625" lon="23.57530320994555950164794921875">
        <ele>639.79998779296875</ele>
        <time>2022-06-11T09:53:32.000Z</time>
        <extensions>
          <ns3:TrackPointExtension>
            <ns3:hr>100</ns3:hr>
            <ns3:cad>61</ns3:cad>
          </ns3:TrackPointExtension>
        </extensions>
      </trkpt>
      <trkpt lat="46.37704770080745220184326171875" lon="23.5753158666193485260009765625">
        <ele>639.5999755859375</ele>
        <time>2022-06-11T09:53:34.000Z</time>
        <extensions>
          <ns3:TrackPointExtension>
            <ns3:hr>101</ns3:hr>
            <ns3:cad>64</ns3:cad>
          </ns3:TrackPointExtension>
        </extensions>
      </trkpt>
      <trkpt lat="46.37702691368758678436279296875" lon="23.5753477178514003753662109375">
        <ele>638.4000244140625</ele>
        <time>2022-06-11T09:53:39.000Z</time>
        <extensions>
          <ns3:TrackPointExtension>
            <ns3:hr>100</ns3:hr>
            <ns3:cad>64</ns3:cad>
          </ns3:TrackPointExtension>
        </extensions>
      </trkpt>
      <trkpt lat="46.37702590785920619964599609375" lon="23.575354255735874176025390625">
        <ele>638.20001220703125</ele>
        <time>2022-06-11T09:53:40.000Z</time>
        <extensions>
          <ns3:TrackPointExtension>
            <ns3:hr>100</ns3:hr>
            <ns3:cad>64</ns3:cad>
          </ns3:TrackPointExtension>
        </extensions>
      </trkpt>
      <trkpt lat="46.37702255509793758392333984375" lon="23.575379736721515655517578125">
        <ele>637.4000244140625</ele>
        <time>2022-06-11T09:53:43.000Z</time>
        <extensions>
          <ns3:TrackPointExtension>
            <ns3:hr>99</ns3:hr>
            <ns3:cad>0</ns3:cad>
          </ns3:TrackPointExtension>
        </extensions>
      </trkpt>
      <trkpt lat="46.37700763531029224395751953125" lon="23.57542298734188079833984375">
        <ele>636</ele>
        <time>2022-06-11T09:53:47.000Z</time>
        <extensions>
          <ns3:TrackPointExtension>
            <ns3:hr>100</ns3:hr>
            <ns3:cad>60</ns3:cad>
          </ns3:TrackPointExtension>
        </extensions>
      </trkpt>
      <trkpt lat="46.3769924640655517578125" lon="23.5754479654133319854736328125">
        <ele>635</ele>
        <time>2022-06-11T09:53:50.000Z</time>
        <extensions>
          <ns3:TrackPointExtension>
            <ns3:hr>99</ns3:hr>
            <ns3:cad>60</ns3:cad>
          </ns3:TrackPointExtension>
        </extensions>
      </trkpt>
      <trkpt lat="46.3769624568521976470947265625" lon="23.575506471097469329833984375">
        <ele>633.79998779296875</ele>
        <time>2022-06-11T09:53:55.000Z</time>
        <extensions>
          <ns3:TrackPointExtension>
            <ns3:hr>100</ns3:hr>
            <ns3:cad>63</ns3:cad>
          </ns3:TrackPointExtension>
        </extensions>
      </trkpt>
      <trkpt lat="46.37695491313934326171875" lon="23.57554058544337749481201171875">
        <ele>633.20001220703125</ele>
        <time>2022-06-11T09:53:58.000Z</time>
        <extensions>
          <ns3:TrackPointExtension>
            <ns3:hr>101</ns3:hr>
            <ns3:cad>62</ns3:cad>
          </ns3:TrackPointExtension>
        </extensions>
      </trkpt>
      <trkpt lat="46.37694862671196460723876953125" lon="23.57554092071950435638427734375">
        <ele>632.5999755859375</ele>
        <time>2022-06-11T09:54:00.000Z</time>
        <extensions>
          <ns3:TrackPointExtension>
            <ns3:hr>102</ns3:hr>
            <ns3:cad>62</ns3:cad>
          </ns3:TrackPointExtension>
        </extensions>
      </trkpt>
      <trkpt lat="46.37693873606622219085693359375" lon="23.57555198483169078826904296875">
        <ele>631.79998779296875</ele>
        <time>2022-06-11T09:54:03.000Z</time>
        <extensions>
          <ns3:TrackPointExtension>
            <ns3:hr>103</ns3:hr>
            <ns3:cad>59</ns3:cad>
          </ns3:TrackPointExtension>
        </extensions>
      </trkpt>
      <trkpt lat="46.376927755773067474365234375" lon="23.5755599476397037506103515625">
        <ele>631.5999755859375</ele>
        <time>2022-06-11T09:54:04.000Z</time>
        <extensions>
          <ns3:TrackPointExtension>
            <ns3:hr>103</ns3:hr>
            <ns3:cad>73</ns3:cad>
          </ns3:TrackPointExtension>
        </extensions>
      </trkpt>
      <trkpt lat="46.37690973468124866485595703125" lon="23.5755592770874500274658203125">
        <ele>630.5999755859375</ele>
        <time>2022-06-11T09:54:06.000Z</time>
        <extensions>
          <ns3:TrackPointExtension>
            <ns3:hr>107</ns3:hr>
            <ns3:cad>73</ns3:cad>
          </ns3:TrackPointExtension>
        </extensions>
      </trkpt>
      <trkpt lat="46.376902945339679718017578125" lon="23.575557433068752288818359375">
        <ele>630.20001220703125</ele>
        <time>2022-06-11T09:54:07.000Z</time>
        <extensions>
          <ns3:TrackPointExtension>
            <ns3:hr>108</ns3:hr>
            <ns3:cad>73</ns3:cad>
          </ns3:TrackPointExtension>
        </extensions>
      </trkpt>
      <trkpt lat="46.37689515016973018646240234375" lon="23.57555181719362735748291015625">
        <ele>630</ele>
        <time>2022-06-11T09:54:08.000Z</time>
        <extensions>
          <ns3:TrackPointExtension>
            <ns3:hr>108</ns3:hr>
            <ns3:cad>73</ns3:cad>
          </ns3:TrackPointExtension>
        </extensions>
      </trkpt>
      <trkpt lat="46.37686497531831264495849609375" lon="23.57555852271616458892822265625">
        <ele>629.20001220703125</ele>
        <time>2022-06-11T09:54:12.000Z</time>
        <extensions>
          <ns3:TrackPointExtension>
            <ns3:hr>105</ns3:hr>
            <ns3:cad>65</ns3:cad>
          </ns3:TrackPointExtension>
        </extensions>
      </trkpt>
      <trkpt lat="46.37684267945587635040283203125" lon="23.5755502246320247650146484375">
        <ele>628.79998779296875</ele>
        <time>2022-06-11T09:54:15.000Z</time>
        <extensions>
          <ns3:TrackPointExtension>
            <ns3:hr>104</ns3:hr>
            <ns3:cad>63</ns3:cad>
          </ns3:TrackPointExtension>
        </extensions>
      </trkpt>
      <trkpt lat="46.3768045417964458465576171875" lon="23.5755777172744274139404296875">
        <ele>628.20001220703125</ele>
        <time>2022-06-11T09:54:19.000Z</time>
        <extensions>
          <ns3:TrackPointExtension>
            <ns3:hr>105</ns3:hr>
            <ns3:cad>57</ns3:cad>
          </ns3:TrackPointExtension>
        </extensions>
      </trkpt>
      <trkpt lat="46.37676824815571308135986328125" lon="23.57557511888444423675537109375">
        <ele>627.4000244140625</ele>
        <time>2022-06-11T09:54:22.000Z</time>
        <extensions>
          <ns3:TrackPointExtension>
            <ns3:hr>106</ns3:hr>
            <ns3:cad>57</ns3:cad>
          </ns3:TrackPointExtension>
        </extensions>
      </trkpt>
      <trkpt lat="46.37675165198743343353271484375" lon="23.5755696706473827362060546875">
        <ele>627</ele>
        <time>2022-06-11T09:54:24.000Z</time>
        <extensions>
          <ns3:TrackPointExtension>
            <ns3:hr>106</ns3:hr>
            <ns3:cad>49</ns3:cad>
          </ns3:TrackPointExtension>
        </extensions>
      </trkpt>
      <trkpt lat="46.3767304457724094390869140625" lon="23.5755787231028079986572265625">
        <ele>627</ele>
        <time>2022-06-11T09:54:26.000Z</time>
        <extensions>
          <ns3:TrackPointExtension>
            <ns3:hr>103</ns3:hr>
            <ns3:cad>49</ns3:cad>
          </ns3:TrackPointExtension>
        </extensions>
      </trkpt>
      <trkpt lat="46.37670773081481456756591796875" lon="23.575572855770587921142578125">
        <ele>627.20001220703125</ele>
        <time>2022-06-11T09:54:28.000Z</time>
        <extensions>
          <ns3:TrackPointExtension>
            <ns3:hr>100</ns3:hr>
            <ns3:cad>49</ns3:cad>
          </ns3:TrackPointExtension>
        </extensions>
      </trkpt>
      <trkpt lat="46.37669113464653491973876953125" lon="23.57556992210447788238525390625">
        <ele>627.20001220703125</ele>
        <time>2022-06-11T09:54:30.000Z</time>
        <extensions>
          <ns3:TrackPointExtension>
            <ns3:hr>100</ns3:hr>
            <ns3:cad>46</ns3:cad>
          </ns3:TrackPointExtension>
        </extensions>
      </trkpt>
      <trkpt lat="46.37662894092500209808349609375" lon="23.57556891627609729766845703125">
        <ele>627.5999755859375</ele>
        <time>2022-06-11T09:54:38.000Z</time>
        <extensions>
          <ns3:TrackPointExtension>
            <ns3:hr>101</ns3:hr>
            <ns3:cad>48</ns3:cad>
          </ns3:TrackPointExtension>
        </extensions>
      </trkpt>
      <trkpt lat="46.37656691484153270721435546875" lon="23.57554611749947071075439453125">
        <ele>628</ele>
        <time>2022-06-11T09:54:45.000Z</time>
        <extensions>
          <ns3:TrackPointExtension>
            <ns3:hr>99</ns3:hr>
            <ns3:cad>69</ns3:cad>
          </ns3:TrackPointExtension>
        </extensions>
      </trkpt>
      <trkpt lat="46.37655735947191715240478515625" lon="23.57553421519696712493896484375">
        <ele>628.79998779296875</ele>
        <time>2022-06-11T09:54:47.000Z</time>
        <extensions>
          <ns3:TrackPointExtension>
            <ns3:hr>99</ns3:hr>
            <ns3:cad>69</ns3:cad>
          </ns3:TrackPointExtension>
        </extensions>
      </trkpt>
      <trkpt lat="46.37655450962483882904052734375" lon="23.57553371228277683258056640625">
        <ele>629.20001220703125</ele>
        <time>2022-06-11T09:54:48.000Z</time>
        <extensions>
          <ns3:TrackPointExtension>
            <ns3:hr>99</ns3:hr>
            <ns3:cad>75</ns3:cad>
          </ns3:TrackPointExtension>
        </extensions>
      </trkpt>
      <trkpt lat="46.37653338722884654998779296875" lon="23.57552197761833667755126953125">
        <ele>629.20001220703125</ele>
        <time>2022-06-11T09:54:52.000Z</time>
        <extensions>
          <ns3:TrackPointExtension>
            <ns3:hr>102</ns3:hr>
            <ns3:cad>43</ns3:cad>
          </ns3:TrackPointExtension>
        </extensions>
      </trkpt>
      <trkpt lat="46.3765158690512180328369140625" lon="23.575519211590290069580078125">
        <ele>629.20001220703125</ele>
        <time>2022-06-11T09:54:53.000Z</time>
        <extensions>
          <ns3:TrackPointExtension>
            <ns3:hr>104</ns3:hr>
            <ns3:cad>43</ns3:cad>
          </ns3:TrackPointExtension>
        </extensions>
      </trkpt>
      <trkpt lat="46.376487873494625091552734375" lon="23.5755121707916259765625">
        <ele>629</ele>
        <time>2022-06-11T09:54:55.000Z</time>
        <extensions>
          <ns3:TrackPointExtension>
            <ns3:hr>107</ns3:hr>
            <ns3:cad>0</ns3:cad>
          </ns3:TrackPointExtension>
        </extensions>
      </trkpt>
      <trkpt lat="46.37644487433135509490966796875" lon="23.5755190439522266387939453125">
        <ele>629.20001220703125</ele>
        <time>2022-06-11T09:54:59.000Z</time>
        <extensions>
          <ns3:TrackPointExtension>
            <ns3:hr>110</ns3:hr>
            <ns3:cad>43</ns3:cad>
          </ns3:TrackPointExtension>
        </extensions>
      </trkpt>
      <trkpt lat="46.376431547105312347412109375" lon="23.57554058544337749481201171875">
        <ele>629.4000244140625</ele>
        <time>2022-06-11T09:55:01.000Z</time>
        <extensions>
          <ns3:TrackPointExtension>
            <ns3:hr>110</ns3:hr>
            <ns3:cad>44</ns3:cad>
          </ns3:TrackPointExtension>
        </extensions>
      </trkpt>
      <trkpt lat="46.3763861171901226043701171875" lon="23.57553706504404544830322265625">
        <ele>629.4000244140625</ele>
        <time>2022-06-11T09:55:08.000Z</time>
        <extensions>
          <ns3:TrackPointExtension>
            <ns3:hr>109</ns3:hr>
            <ns3:cad>53</ns3:cad>
          </ns3:TrackPointExtension>
        </extensions>
      </trkpt>
      <trkpt lat="46.37632166035473346710205078125" lon="23.57556858099997043609619140625">
        <ele>628</ele>
        <time>2022-06-11T09:55:15.000Z</time>
        <extensions>
          <ns3:TrackPointExtension>
            <ns3:hr>108</ns3:hr>
            <ns3:cad>0</ns3:cad>
          </ns3:TrackPointExtension>
        </extensions>
      </trkpt>
      <trkpt lat="46.3763090036809444427490234375" lon="23.5755663178861141204833984375">
        <ele>627.79998779296875</ele>
        <time>2022-06-11T09:55:16.000Z</time>
        <extensions>
          <ns3:TrackPointExtension>
            <ns3:hr>107</ns3:hr>
            <ns3:cad>0</ns3:cad>
          </ns3:TrackPointExtension>
        </extensions>
      </trkpt>
      <trkpt lat="46.37628503143787384033203125" lon="23.57554972171783447265625">
        <ele>627.79998779296875</ele>
        <time>2022-06-11T09:55:19.000Z</time>
        <extensions>
          <ns3:TrackPointExtension>
            <ns3:hr>104</ns3:hr>
            <ns3:cad>0</ns3:cad>
          </ns3:TrackPointExtension>
        </extensions>
      </trkpt>
      <trkpt lat="46.3762587122619152069091796875" lon="23.5755280964076519012451171875">
        <ele>628</ele>
        <time>2022-06-11T09:55:22.000Z</time>
        <extensions>
          <ns3:TrackPointExtension>
            <ns3:hr>102</ns3:hr>
            <ns3:cad>46</ns3:cad>
          </ns3:TrackPointExtension>
        </extensions>
      </trkpt>
      <trkpt lat="46.37621286325156688690185546875" lon="23.57550487853586673736572265625">
        <ele>629</ele>
        <time>2022-06-11T09:55:31.000Z</time>
        <extensions>
          <ns3:TrackPointExtension>
            <ns3:hr>101</ns3:hr>
            <ns3:cad>71</ns3:cad>
          </ns3:TrackPointExtension>
        </extensions>
      </trkpt>
      <trkpt lat="46.376197524368762969970703125" lon="23.575501777231693267822265625">
        <ele>629</ele>
        <time>2022-06-11T09:55:34.000Z</time>
        <extensions>
          <ns3:TrackPointExtension>
            <ns3:hr>102</ns3:hr>
            <ns3:cad>40</ns3:cad>
          </ns3:TrackPointExtension>
        </extensions>
      </trkpt>
      <trkpt lat="46.37617170810699462890625" lon="23.57548476196825504302978515625">
        <ele>629.4000244140625</ele>
        <time>2022-06-11T09:55:39.000Z</time>
        <extensions>
          <ns3:TrackPointExtension>
            <ns3:hr>100</ns3:hr>
            <ns3:cad>73</ns3:cad>
          </ns3:TrackPointExtension>
        </extensions>
      </trkpt>
      <trkpt lat="46.37614631094038486480712890625" lon="23.57547604478895664215087890625">
        <ele>629.5999755859375</ele>
        <time>2022-06-11T09:55:41.000Z</time>
        <extensions>
          <ns3:TrackPointExtension>
            <ns3:hr>104</ns3:hr>
            <ns3:cad>0</ns3:cad>
          </ns3:TrackPointExtension>
        </extensions>
      </trkpt>
      <trkpt lat="46.37612267397344112396240234375" lon="23.5754679143428802490234375">
        <ele>629.5999755859375</ele>
        <time>2022-06-11T09:55:43.000Z</time>
        <extensions>
          <ns3:TrackPointExtension>
            <ns3:hr>107</ns3:hr>
            <ns3:cad>71</ns3:cad>
          </ns3:TrackPointExtension>
        </extensions>
      </trkpt>
      <trkpt lat="46.37606014497578144073486328125" lon="23.57546648941934108734130859375">
        <ele>630</ele>
        <time>2022-06-11T09:55:48.000Z</time>
        <extensions>
          <ns3:TrackPointExtension>
            <ns3:hr>108</ns3:hr>
            <ns3:cad>73</ns3:cad>
          </ns3:TrackPointExtension>
        </extensions>
      </trkpt>
      <trkpt lat="46.3760253600776195526123046875" lon="23.575468920171260833740234375">
        <ele>630</ele>
        <time>2022-06-11T09:55:52.000Z</time>
        <extensions>
          <ns3:TrackPointExtension>
            <ns3:hr>109</ns3:hr>
            <ns3:cad>76</ns3:cad>
          </ns3:TrackPointExtension>
        </extensions>
      </trkpt>
      <trkpt lat="46.3759938441216945648193359375" lon="23.575480319559574127197265625">
        <ele>630.20001220703125</ele>
        <time>2022-06-11T09:55:55.000Z</time>
        <extensions>
          <ns3:TrackPointExtension>
            <ns3:hr>108</ns3:hr>
            <ns3:cad>76</ns3:cad>
          </ns3:TrackPointExtension>
        </extensions>
      </trkpt>
      <trkpt lat="46.375938020646572113037109375" lon="23.5754732787609100341796875">
        <ele>630.79998779296875</ele>
        <time>2022-06-11T09:56:03.000Z</time>
        <extensions>
          <ns3:TrackPointExtension>
            <ns3:hr>107</ns3:hr>
            <ns3:cad>40</ns3:cad>
          </ns3:TrackPointExtension>
        </extensions>
      </trkpt>
      <trkpt lat="46.37589284218847751617431640625" lon="23.57543698512017726898193359375">
        <ele>631.20001220703125</ele>
        <time>2022-06-11T09:56:06.000Z</time>
        <extensions>
          <ns3:TrackPointExtension>
            <ns3:hr>108</ns3:hr>
            <ns3:cad>40</ns3:cad>
          </ns3:TrackPointExtension>
        </extensions>
      </trkpt>
      <trkpt lat="46.3758567161858081817626953125" lon="23.57541871257126331329345703125">
        <ele>631.79998779296875</ele>
        <time>2022-06-11T09:56:12.000Z</time>
        <extensions>
          <ns3:TrackPointExtension>
            <ns3:hr>110</ns3:hr>
            <ns3:cad>75</ns3:cad>
          </ns3:TrackPointExtension>
        </extensions>
      </trkpt>
      <trkpt lat="46.37580768205225467681884765625" lon="23.575443439185619354248046875">
        <ele>632.20001220703125</ele>
        <time>2022-06-11T09:56:17.000Z</time>
        <extensions>
          <ns3:TrackPointExtension>
            <ns3:hr>111</ns3:hr>
            <ns3:cad>0</ns3:cad>
          </ns3:TrackPointExtension>
        </extensions>
      </trkpt>
      <trkpt lat="46.37578236870467662811279296875" lon="23.57546514831483364105224609375">
        <ele>632.4000244140625</ele>
        <time>2022-06-11T09:56:20.000Z</time>
        <extensions>
          <ns3:TrackPointExtension>
            <ns3:hr>111</ns3:hr>
            <ns3:cad>43</ns3:cad>
          </ns3:TrackPointExtension>
        </extensions>
      </trkpt>
      <trkpt lat="46.3757464103400707244873046875" lon="23.57546322047710418701171875">
        <ele>633</ele>
        <time>2022-06-11T09:56:27.000Z</time>
        <extensions>
          <ns3:TrackPointExtension>
            <ns3:hr>114</ns3:hr>
            <ns3:cad>75</ns3:cad>
          </ns3:TrackPointExtension>
        </extensions>
      </trkpt>
      <trkpt lat="46.3757350109517574310302734375" lon="23.5754546709358692169189453125">
        <ele>633.20001220703125</ele>
        <time>2022-06-11T09:56:28.000Z</time>
        <extensions>
          <ns3:TrackPointExtension>
            <ns3:hr>114</ns3:hr>
            <ns3:cad>75</ns3:cad>
          </ns3:TrackPointExtension>
        </extensions>
      </trkpt>
      <trkpt lat="46.37571095488965511322021484375" lon="23.5754402540624141693115234375">
        <ele>633.5999755859375</ele>
        <time>2022-06-11T09:56:30.000Z</time>
        <extensions>
          <ns3:TrackPointExtension>
            <ns3:hr>114</ns3:hr>
            <ns3:cad>75</ns3:cad>
          </ns3:TrackPointExtension>
        </extensions>
      </trkpt>
      <trkpt lat="46.37565161101520061492919921875" lon="23.57543505728244781494140625">
        <ele>633.4000244140625</ele>
        <time>2022-06-11T09:56:37.000Z</time>
        <extensions>
          <ns3:TrackPointExtension>
            <ns3:hr>114</ns3:hr>
            <ns3:cad>41</ns3:cad>
          </ns3:TrackPointExtension>
        </extensions>
      </trkpt>
      <trkpt lat="46.3756045885384082794189453125" lon="23.575434386730194091796875">
        <ele>633.79998779296875</ele>
        <time>2022-06-11T09:56:42.000Z</time>
        <extensions>
          <ns3:TrackPointExtension>
            <ns3:hr>111</ns3:hr>
            <ns3:cad>40</ns3:cad>
          </ns3:TrackPointExtension>
        </extensions>
      </trkpt>
      <trkpt lat="46.37558153830468654632568359375" lon="23.57543597929179668426513671875">
        <ele>633.79998779296875</ele>
        <time>2022-06-11T09:56:45.000Z</time>
        <extensions>
          <ns3:TrackPointExtension>
            <ns3:hr>111</ns3:hr>
            <ns3:cad>40</ns3:cad>
          </ns3:TrackPointExtension>
        </extensions>
      </trkpt>
      <trkpt lat="46.37552864849567413330078125" lon="23.575396835803985595703125">
        <ele>634.4000244140625</ele>
        <time>2022-06-11T09:56:53.000Z</time>
        <extensions>
          <ns3:TrackPointExtension>
            <ns3:hr>109</ns3:hr>
            <ns3:cad>45</ns3:cad>
          </ns3:TrackPointExtension>
        </extensions>
      </trkpt>
      <trkpt lat="46.37549436651170253753662109375" lon="23.57539189048111438751220703125">
        <ele>634.5999755859375</ele>
        <time>2022-06-11T09:56:56.000Z</time>
        <extensions>
          <ns3:TrackPointExtension>
            <ns3:hr>109</ns3:hr>
            <ns3:cad>77</ns3:cad>
          </ns3:TrackPointExtension>
        </extensions>
      </trkpt>
      <trkpt lat="46.37546787969768047332763671875" lon="23.57538501732051372528076171875">
        <ele>635.20001220703125</ele>
        <time>2022-06-11T09:57:01.000Z</time>
        <extensions>
          <ns3:TrackPointExtension>
            <ns3:hr>110</ns3:hr>
            <ns3:cad>46</ns3:cad>
          </ns3:TrackPointExtension>
        </extensions>
      </trkpt>
      <trkpt lat="46.37541675008833408355712890625" lon="23.57536389492452144622802734375">
        <ele>635.20001220703125</ele>
        <time>2022-06-11T09:57:08.000Z</time>
        <extensions>
          <ns3:TrackPointExtension>
            <ns3:hr>113</ns3:hr>
            <ns3:cad>42</ns3:cad>
          </ns3:TrackPointExtension>
        </extensions>
      </trkpt>
      <trkpt lat="46.3754057697951793670654296875" lon="23.57535249553620815277099609375">
        <ele>635.20001220703125</ele>
        <time>2022-06-11T09:57:10.000Z</time>
        <extensions>
          <ns3:TrackPointExtension>
            <ns3:hr>114</ns3:hr>
            <ns3:cad>42</ns3:cad>
          </ns3:TrackPointExtension>
        </extensions>
      </trkpt>
      <trkpt lat="46.3753789477050304412841796875" lon="23.57534210197627544403076171875">
        <ele>635.20001220703125</ele>
        <time>2022-06-11T09:57:13.000Z</time>
        <extensions>
          <ns3:TrackPointExtension>
            <ns3:hr>111</ns3:hr>
            <ns3:cad>40</ns3:cad>
          </ns3:TrackPointExtension>
        </extensions>
      </trkpt>
      <trkpt lat="46.37533376924693584442138671875" lon="23.5753661580383777618408203125">
        <ele>634.5999755859375</ele>
        <time>2022-06-11T09:57:19.000Z</time>
        <extensions>
          <ns3:TrackPointExtension>
            <ns3:hr>109</ns3:hr>
            <ns3:cad>40</ns3:cad>
          </ns3:TrackPointExtension>
        </extensions>
      </trkpt>
      <trkpt lat="46.375275515019893646240234375" lon="23.57538811862468719482421875">
        <ele>634.5999755859375</ele>
        <time>2022-06-11T09:57:26.000Z</time>
        <extensions>
          <ns3:TrackPointExtension>
            <ns3:hr>109</ns3:hr>
            <ns3:cad>0</ns3:cad>
          </ns3:TrackPointExtension>
        </extensions>
      </trkpt>
      <trkpt lat="46.37526436708867549896240234375" lon="23.5753859393298625946044921875">
        <ele>634.79998779296875</ele>
        <time>2022-06-11T09:57:29.000Z</time>
        <extensions>
          <ns3:TrackPointExtension>
            <ns3:hr>105</ns3:hr>
            <ns3:cad>77</ns3:cad>
          </ns3:TrackPointExtension>
        </extensions>
      </trkpt>
      <trkpt lat="46.37522161938250064849853515625" lon="23.575413934886455535888671875">
        <ele>635</ele>
        <time>2022-06-11T09:57:33.000Z</time>
        <extensions>
          <ns3:TrackPointExtension>
            <ns3:hr>104</ns3:hr>
            <ns3:cad>41</ns3:cad>
          </ns3:TrackPointExtension>
        </extensions>
      </trkpt>
      <trkpt lat="46.37518021278083324432373046875" lon="23.5754231549799442291259765625">
        <ele>634.79998779296875</ele>
        <time>2022-06-11T09:57:40.000Z</time>
        <extensions>
          <ns3:TrackPointExtension>
            <ns3:hr>104</ns3:hr>
            <ns3:cad>0</ns3:cad>
          </ns3:TrackPointExtension>
        </extensions>
      </trkpt>
      <trkpt lat="46.37510427273809909820556640625" lon="23.57542491517961025238037109375">
        <ele>634.4000244140625</ele>
        <time>2022-06-11T09:57:45.000Z</time>
        <extensions>
          <ns3:TrackPointExtension>
            <ns3:hr>106</ns3:hr>
            <ns3:cad>50</ns3:cad>
          </ns3:TrackPointExtension>
        </extensions>
      </trkpt>
      <trkpt lat="46.3750309310853481292724609375" lon="23.5754563473165035247802734375">
        <ele>634.20001220703125</ele>
        <time>2022-06-11T09:57:52.000Z</time>
        <extensions>
          <ns3:TrackPointExtension>
            <ns3:hr>105</ns3:hr>
            <ns3:cad>51</ns3:cad>
          </ns3:TrackPointExtension>
        </extensions>
      </trkpt>
      <trkpt lat="46.37493613176047801971435546875" lon="23.57546992599964141845703125">
        <ele>634.4000244140625</ele>
        <time>2022-06-11T09:58:00.000Z</time>
        <extensions>
          <ns3:TrackPointExtension>
            <ns3:hr>102</ns3:hr>
            <ns3:cad>79</ns3:cad>
          </ns3:TrackPointExtension>
        </extensions>
      </trkpt>
      <trkpt lat="46.374929845333099365234375" lon="23.57546883635222911834716796875">
        <ele>634.4000244140625</ele>
        <time>2022-06-11T09:58:01.000Z</time>
        <extensions>
          <ns3:TrackPointExtension>
            <ns3:hr>102</ns3:hr>
            <ns3:cad>77</ns3:cad>
          </ns3:TrackPointExtension>
        </extensions>
      </trkpt>
      <trkpt lat="46.37488366104662418365478515625" lon="23.57544042170047760009765625">
        <ele>634.4000244140625</ele>
        <time>2022-06-11T09:58:08.000Z</time>
        <extensions>
          <ns3:TrackPointExtension>
            <ns3:hr>102</ns3:hr>
            <ns3:cad>0</ns3:cad>
          </ns3:TrackPointExtension>
        </extensions>
      </trkpt>
      <trkpt lat="46.3748103193938732147216796875" lon="23.575450815260410308837890625">
        <ele>634.4000244140625</ele>
        <time>2022-06-11T09:58:15.000Z</time>
        <extensions>
          <ns3:TrackPointExtension>
            <ns3:hr>103</ns3:hr>
            <ns3:cad>47</ns3:cad>
          </ns3:TrackPointExtension>
        </extensions>
      </trkpt>
      <trkpt lat="46.37476547621190547943115234375" lon="23.57545224018394947052001953125">
        <ele>633.4000244140625</ele>
        <time>2022-06-11T09:58:22.000Z</time>
        <extensions>
          <ns3:TrackPointExtension>
            <ns3:hr>102</ns3:hr>
            <ns3:cad>48</ns3:cad>
          </ns3:TrackPointExtension>
        </extensions>
      </trkpt>
      <trkpt lat="46.37476019561290740966796875" lon="23.5754617117345333099365234375">
        <ele>633.4000244140625</ele>
        <time>2022-06-11T09:58:23.000Z</time>
        <extensions>
          <ns3:TrackPointExtension>
            <ns3:hr>102</ns3:hr>
            <ns3:cad>49</ns3:cad>
          </ns3:TrackPointExtension>
        </extensions>
      </trkpt>
      <trkpt lat="46.3747496344149112701416015625" lon="23.57546464540064334869384765625">
        <ele>632.79998779296875</ele>
        <time>2022-06-11T09:58:25.000Z</time>
        <extensions>
          <ns3:TrackPointExtension>
            <ns3:hr>105</ns3:hr>
            <ns3:cad>49</ns3:cad>
          </ns3:TrackPointExtension>
        </extensions>
      </trkpt>
      <trkpt lat="46.37474083341658115386962890625" lon="23.575469590723514556884765625">
        <ele>632.5999755859375</ele>
        <time>2022-06-11T09:58:26.000Z</time>
        <extensions>
          <ns3:TrackPointExtension>
            <ns3:hr>104</ns3:hr>
            <ns3:cad>49</ns3:cad>
          </ns3:TrackPointExtension>
        </extensions>
      </trkpt>
      <trkpt lat="46.37471803463995456695556640625" lon="23.575485683977603912353515625">
        <ele>632.4000244140625</ele>
        <time>2022-06-11T09:58:29.000Z</time>
        <extensions>
          <ns3:TrackPointExtension>
            <ns3:hr>105</ns3:hr>
            <ns3:cad>0</ns3:cad>
          </ns3:TrackPointExtension>
        </extensions>
      </trkpt>
      <trkpt lat="46.37471132911741733551025390625" lon="23.5754962451756000518798828125">
        <ele>632.4000244140625</ele>
        <time>2022-06-11T09:58:30.000Z</time>
        <extensions>
          <ns3:TrackPointExtension>
            <ns3:hr>105</ns3:hr>
            <ns3:cad>0</ns3:cad>
          </ns3:TrackPointExtension>
        </extensions>
      </trkpt>
      <trkpt lat="46.3746611215174198150634765625" lon="23.57553052715957164764404296875">
        <ele>632.4000244140625</ele>
        <time>2022-06-11T09:58:36.000Z</time>
        <extensions>
          <ns3:TrackPointExtension>
            <ns3:hr>101</ns3:hr>
            <ns3:cad>44</ns3:cad>
          </ns3:TrackPointExtension>
        </extensions>
      </trkpt>
      <trkpt lat="46.37464293278753757476806640625" lon="23.5755451954901218414306640625">
        <ele>632.4000244140625</ele>
        <time>2022-06-11T09:58:38.000Z</time>
        <extensions>
          <ns3:TrackPointExtension>
            <ns3:hr>104</ns3:hr>
            <ns3:cad>44</ns3:cad>
          </ns3:TrackPointExtension>
        </extensions>
      </trkpt>
      <trkpt lat="46.37462298385798931121826171875" lon="23.5755539126694202423095703125">
        <ele>632.20001220703125</ele>
        <time>2022-06-11T09:58:40.000Z</time>
        <extensions>
          <ns3:TrackPointExtension>
            <ns3:hr>103</ns3:hr>
            <ns3:cad>47</ns3:cad>
          </ns3:TrackPointExtension>
        </extensions>
      </trkpt>
      <trkpt lat="46.37460001744329929351806640625" lon="23.57555198483169078826904296875">
        <ele>632</ele>
        <time>2022-06-11T09:58:42.000Z</time>
        <extensions>
          <ns3:TrackPointExtension>
            <ns3:hr>104</ns3:hr>
            <ns3:cad>47</ns3:cad>
          </ns3:TrackPointExtension>
        </extensions>
      </trkpt>
      <trkpt lat="46.37457839213311672210693359375" lon="23.57555315829813480377197265625">
        <ele>632</ele>
        <time>2022-06-11T09:58:44.000Z</time>
        <extensions>
          <ns3:TrackPointExtension>
            <ns3:hr>105</ns3:hr>
            <ns3:cad>48</ns3:cad>
          </ns3:TrackPointExtension>
        </extensions>
      </trkpt>
      <trkpt lat="46.37456565164029598236083984375" lon="23.5755555890500545501708984375">
        <ele>631.79998779296875</ele>
        <time>2022-06-11T09:58:45.000Z</time>
        <extensions>
          <ns3:TrackPointExtension>
            <ns3:hr>101</ns3:hr>
            <ns3:cad>48</ns3:cad>
          </ns3:TrackPointExtension>
        </extensions>
      </trkpt>
      <trkpt lat="46.3745534978806972503662109375" lon="23.5755508951842784881591796875">
        <ele>631.79998779296875</ele>
        <time>2022-06-11T09:58:46.000Z</time>
        <extensions>
          <ns3:TrackPointExtension>
            <ns3:hr>99</ns3:hr>
            <ns3:cad>47</ns3:cad>
          </ns3:TrackPointExtension>
        </extensions>
      </trkpt>
      <trkpt lat="46.3745263405144214630126953125" lon="23.57555416412651538848876953125">
        <ele>631.79998779296875</ele>
        <time>2022-06-11T09:58:49.000Z</time>
        <extensions>
          <ns3:TrackPointExtension>
            <ns3:hr>97</ns3:hr>
            <ns3:cad>46</ns3:cad>
          </ns3:TrackPointExtension>
        </extensions>
      </trkpt>
      <trkpt lat="46.37449490837752819061279296875" lon="23.57557612471282482147216796875">
        <ele>631.79998779296875</ele>
        <time>2022-06-11T09:58:53.000Z</time>
        <extensions>
          <ns3:TrackPointExtension>
            <ns3:hr>97</ns3:hr>
            <ns3:cad>44</ns3:cad>
          </ns3:TrackPointExtension>
        </extensions>
      </trkpt>
      <trkpt lat="46.37440371327102184295654296875" lon="23.5756229795515537261962890625">
        <ele>631.79998779296875</ele>
        <time>2022-06-11T09:59:01.000Z</time>
        <extensions>
          <ns3:TrackPointExtension>
            <ns3:hr>98</ns3:hr>
            <ns3:cad>47</ns3:cad>
          </ns3:TrackPointExtension>
        </extensions>
      </trkpt>
      <trkpt lat="46.3743211515247821807861328125" lon="23.57565877027809619903564453125">
        <ele>632.20001220703125</ele>
        <time>2022-06-11T09:59:10.000Z</time>
        <extensions>
          <ns3:TrackPointExtension>
            <ns3:hr>98</ns3:hr>
            <ns3:cad>79</ns3:cad>
          </ns3:TrackPointExtension>
        </extensions>
      </trkpt>
      <trkpt lat="46.37428049929440021514892578125" lon="23.57567268423736095428466796875">
        <ele>632.4000244140625</ele>
        <time>2022-06-11T09:59:14.000Z</time>
        <extensions>
          <ns3:TrackPointExtension>
            <ns3:hr>101</ns3:hr>
            <ns3:cad>41</ns3:cad>
          </ns3:TrackPointExtension>
        </extensions>
      </trkpt>
      <trkpt lat="46.37426356784999370574951171875" lon="23.57569850049912929534912109375">
        <ele>632.79998779296875</ele>
        <time>2022-06-11T09:59:17.000Z</time>
        <extensions>
          <ns3:TrackPointExtension>
            <ns3:hr>104</ns3:hr>
            <ns3:cad>40</ns3:cad>
          </ns3:TrackPointExtension>
        </extensions>
      </trkpt>
      <trkpt lat="46.37425468303263187408447265625" lon="23.5757135041058063507080078125">
        <ele>632.79998779296875</ele>
        <time>2022-06-11T09:59:19.000Z</time>
        <extensions>
          <ns3:TrackPointExtension>
            <ns3:hr>106</ns3:hr>
            <ns3:cad>40</ns3:cad>
          </ns3:TrackPointExtension>
        </extensions>
      </trkpt>
      <trkpt lat="46.3742252625524997711181640625" lon="23.57573253102600574493408203125">
        <ele>633</ele>
        <time>2022-06-11T09:59:22.000Z</time>
        <extensions>
          <ns3:TrackPointExtension>
            <ns3:hr>109</ns3:hr>
            <ns3:cad>42</ns3:cad>
          </ns3:TrackPointExtension>
        </extensions>
      </trkpt>
      <trkpt lat="46.37420539744198322296142578125" lon="23.57576002366840839385986328125">
        <ele>633.20001220703125</ele>
        <time>2022-06-11T09:59:25.000Z</time>
        <extensions>
          <ns3:TrackPointExtension>
            <ns3:hr>112</ns3:hr>
            <ns3:cad>42</ns3:cad>
          </ns3:TrackPointExtension>
        </extensions>
      </trkpt>
      <trkpt lat="46.37417145073413848876953125" lon="23.57579447329044342041015625">
        <ele>633</ele>
        <time>2022-06-11T09:59:30.000Z</time>
        <extensions>
          <ns3:TrackPointExtension>
            <ns3:hr>111</ns3:hr>
            <ns3:cad>0</ns3:cad>
          </ns3:TrackPointExtension>
        </extensions>
      </trkpt>
      <trkpt lat="46.37407866306602954864501953125" lon="23.5758171044290065765380859375">
        <ele>632</ele>
        <time>2022-06-11T09:59:39.000Z</time>
        <extensions>
          <ns3:TrackPointExtension>
            <ns3:hr>112</ns3:hr>
            <ns3:cad>47</ns3:cad>
          </ns3:TrackPointExtension>
        </extensions>
      </trkpt>
      <trkpt lat="46.37401588261127471923828125" lon="23.575850464403629302978515625">
        <ele>632.79998779296875</ele>
        <time>2022-06-11T09:59:47.000Z</time>
        <extensions>
          <ns3:TrackPointExtension>
            <ns3:hr>109</ns3:hr>
            <ns3:cad>75</ns3:cad>
          </ns3:TrackPointExtension>
        </extensions>
      </trkpt>
      <trkpt lat="46.37399015016853809356689453125" lon="23.5758811421692371368408203125">
        <ele>633</ele>
        <time>2022-06-11T09:59:50.000Z</time>
        <extensions>
          <ns3:TrackPointExtension>
            <ns3:hr>106</ns3:hr>
            <ns3:cad>75</ns3:cad>
          </ns3:TrackPointExtension>
        </extensions>
      </trkpt>
      <trkpt lat="46.3739577122032642364501953125" lon="23.575901091098785400390625">
        <ele>633.4000244140625</ele>
        <time>2022-06-11T09:59:55.000Z</time>
        <extensions>
          <ns3:TrackPointExtension>
            <ns3:hr>104</ns3:hr>
            <ns3:cad>72</ns3:cad>
          </ns3:TrackPointExtension>
        </extensions>
      </trkpt>
      <trkpt lat="46.37395746074616909027099609375" lon="23.57590687461197376251220703125">
        <ele>633.5999755859375</ele>
        <time>2022-06-11T09:59:56.000Z</time>
        <extensions>
          <ns3:TrackPointExtension>
            <ns3:hr>104</ns3:hr>
            <ns3:cad>72</ns3:cad>
          </ns3:TrackPointExtension>
        </extensions>
      </trkpt>
      <trkpt lat="46.37391873635351657867431640625" lon="23.5759602673351764678955078125">
        <ele>634</ele>
        <time>2022-06-11T10:00:04.000Z</time>
        <extensions>
          <ns3:TrackPointExtension>
            <ns3:hr>104</ns3:hr>
            <ns3:cad>0</ns3:cad>
          </ns3:TrackPointExtension>
        </extensions>
      </trkpt>
      <trkpt lat="46.3739097677171230316162109375" lon="23.57597141526639461517333984375">
        <ele>634</ele>
        <time>2022-06-11T10:00:07.000Z</time>
        <extensions>
          <ns3:TrackPointExtension>
            <ns3:hr>107</ns3:hr>
            <ns3:cad>72</ns3:cad>
          </ns3:TrackPointExtension>
        </extensions>
      </trkpt>
      <trkpt lat="46.3739134557545185089111328125" lon="23.57602338306605815887451171875">
        <ele>633.4000244140625</ele>
        <time>2022-06-11T10:00:12.000Z</time>
        <extensions>
          <ns3:TrackPointExtension>
            <ns3:hr>108</ns3:hr>
            <ns3:cad>0</ns3:cad>
          </ns3:TrackPointExtension>
        </extensions>
      </trkpt>
      <trkpt lat="46.373861990869045257568359375" lon="23.57608473859727382659912109375">
        <ele>632.5999755859375</ele>
        <time>2022-06-11T10:00:19.000Z</time>
        <extensions>
          <ns3:TrackPointExtension>
            <ns3:hr>108</ns3:hr>
            <ns3:cad>45</ns3:cad>
          </ns3:TrackPointExtension>
        </extensions>
      </trkpt>
      <trkpt lat="46.373808346688747406005859375" lon="23.57613771222531795501708984375">
        <ele>633.20001220703125</ele>
        <time>2022-06-11T10:00:27.000Z</time>
        <extensions>
          <ns3:TrackPointExtension>
            <ns3:hr>110</ns3:hr>
            <ns3:cad>0</ns3:cad>
          </ns3:TrackPointExtension>
        </extensions>
      </trkpt>
      <trkpt lat="46.37378923594951629638671875" lon="23.57616352848708629608154296875">
        <ele>633.4000244140625</ele>
        <time>2022-06-11T10:00:30.000Z</time>
        <extensions>
          <ns3:TrackPointExtension>
            <ns3:hr>107</ns3:hr>
            <ns3:cad>0</ns3:cad>
          </ns3:TrackPointExtension>
        </extensions>
      </trkpt>
      <trkpt lat="46.37376937083899974822998046875" lon="23.5761906020343303680419921875">
        <ele>633.79998779296875</ele>
        <time>2022-06-11T10:00:33.000Z</time>
        <extensions>
          <ns3:TrackPointExtension>
            <ns3:hr>104</ns3:hr>
            <ns3:cad>0</ns3:cad>
          </ns3:TrackPointExtension>
        </extensions>
      </trkpt>
      <trkpt lat="46.37374958954751491546630859375" lon="23.57621784321963787078857421875">
        <ele>634.20001220703125</ele>
        <time>2022-06-11T10:00:37.000Z</time>
        <extensions>
          <ns3:TrackPointExtension>
            <ns3:hr>103</ns3:hr>
            <ns3:cad>41</ns3:cad>
          </ns3:TrackPointExtension>
        </extensions>
      </trkpt>
      <trkpt lat="46.37369426898658275604248046875" lon="23.5763176716864109039306640625">
        <ele>634.4000244140625</ele>
        <time>2022-06-11T10:00:47.000Z</time>
        <extensions>
          <ns3:TrackPointExtension>
            <ns3:hr>105</ns3:hr>
            <ns3:cad>41</ns3:cad>
          </ns3:TrackPointExtension>
        </extensions>
      </trkpt>
      <trkpt lat="46.37365839444100856781005859375" lon="23.576421774923801422119140625">
        <ele>634.4000244140625</ele>
        <time>2022-06-11T10:00:55.000Z</time>
        <extensions>
          <ns3:TrackPointExtension>
            <ns3:hr>105</ns3:hr>
            <ns3:cad>45</ns3:cad>
          </ns3:TrackPointExtension>
        </extensions>
      </trkpt>
      <trkpt lat="46.3736080192029476165771484375" lon="23.57655848376452922821044921875">
        <ele>634.20001220703125</ele>
        <time>2022-06-11T10:01:05.000Z</time>
        <extensions>
          <ns3:TrackPointExtension>
            <ns3:hr>102</ns3:hr>
            <ns3:cad>41</ns3:cad>
          </ns3:TrackPointExtension>
        </extensions>
      </trkpt>
      <trkpt lat="46.37359477579593658447265625" lon="23.57659921981394290924072265625">
        <ele>634.20001220703125</ele>
        <time>2022-06-11T10:01:10.000Z</time>
        <extensions>
          <ns3:TrackPointExtension>
            <ns3:hr>99</ns3:hr>
            <ns3:cad>40</ns3:cad>
          </ns3:TrackPointExtension>
        </extensions>
      </trkpt>
      <trkpt lat="46.3735751621425151824951171875" lon="23.57661849819123744964599609375">
        <ele>634.4000244140625</ele>
        <time>2022-06-11T10:01:13.000Z</time>
        <extensions>
          <ns3:TrackPointExtension>
            <ns3:hr>100</ns3:hr>
            <ns3:cad>40</ns3:cad>
          </ns3:TrackPointExtension>
        </extensions>
      </trkpt>
      <trkpt lat="46.37354004196822643280029296875" lon="23.57665806077420711517333984375">
        <ele>634.5999755859375</ele>
        <time>2022-06-11T10:01:18.000Z</time>
        <extensions>
          <ns3:TrackPointExtension>
            <ns3:hr>99</ns3:hr>
            <ns3:cad>40</ns3:cad>
          </ns3:TrackPointExtension>
        </extensions>
      </trkpt>
      <trkpt lat="46.37353132478892803192138671875" lon="23.5766687057912349700927734375">
        <ele>634.5999755859375</ele>
        <time>2022-06-11T10:01:19.000Z</time>
        <extensions>
          <ns3:TrackPointExtension>
            <ns3:hr>99</ns3:hr>
            <ns3:cad>40</ns3:cad>
          </ns3:TrackPointExtension>
        </extensions>
      </trkpt>
      <trkpt lat="46.37349528260529041290283203125" lon="23.5767049156129360198974609375">
        <ele>634.79998779296875</ele>
        <time>2022-06-11T10:01:23.000Z</time>
        <extensions>
          <ns3:TrackPointExtension>
            <ns3:hr>102</ns3:hr>
            <ns3:cad>40</ns3:cad>
          </ns3:TrackPointExtension>
        </extensions>
      </trkpt>
      <trkpt lat="46.3734511099755764007568359375" lon="23.57673726975917816162109375">
        <ele>635.5999755859375</ele>
        <time>2022-06-11T10:01:28.000Z</time>
        <extensions>
          <ns3:TrackPointExtension>
            <ns3:hr>105</ns3:hr>
            <ns3:cad>77</ns3:cad>
          </ns3:TrackPointExtension>
        </extensions>
      </trkpt>
      <trkpt lat="46.37344700284302234649658203125" lon="23.57674657367169857025146484375">
        <ele>635.5999755859375</ele>
        <time>2022-06-11T10:01:29.000Z</time>
        <extensions>
          <ns3:TrackPointExtension>
            <ns3:hr>106</ns3:hr>
            <ns3:cad>77</ns3:cad>
          </ns3:TrackPointExtension>
        </extensions>
      </trkpt>
      <trkpt lat="46.37343409471213817596435546875" lon="23.5767659358680248260498046875">
        <ele>635.79998779296875</ele>
        <time>2022-06-11T10:01:31.000Z</time>
        <extensions>
          <ns3:TrackPointExtension>
            <ns3:hr>106</ns3:hr>
            <ns3:cad>79</ns3:cad>
          </ns3:TrackPointExtension>
        </extensions>
      </trkpt>
      <trkpt lat="46.37335530482232570648193359375" lon="23.5768276266753673553466796875">
        <ele>636.20001220703125</ele>
        <time>2022-06-11T10:01:40.000Z</time>
        <extensions>
          <ns3:TrackPointExtension>
            <ns3:hr>108</ns3:hr>
            <ns3:cad>0</ns3:cad>
          </ns3:TrackPointExtension>
        </extensions>
      </trkpt>
      <trkpt lat="46.37330166064202785491943359375" lon="23.57686459086835384368896484375">
        <ele>636.5999755859375</ele>
        <time>2022-06-11T10:01:46.000Z</time>
        <extensions>
          <ns3:TrackPointExtension>
            <ns3:hr>110</ns3:hr>
            <ns3:cad>79</ns3:cad>
          </ns3:TrackPointExtension>
        </extensions>
      </trkpt>
      <trkpt lat="46.37327483855187892913818359375" lon="23.5768966935575008392333984375">
        <ele>636.79998779296875</ele>
        <time>2022-06-11T10:01:50.000Z</time>
        <extensions>
          <ns3:TrackPointExtension>
            <ns3:hr>107</ns3:hr>
            <ns3:cad>76</ns3:cad>
          </ns3:TrackPointExtension>
        </extensions>
      </trkpt>
      <trkpt lat="46.3732536323368549346923828125" lon="23.57690918259322643280029296875">
        <ele>636.79998779296875</ele>
        <time>2022-06-11T10:01:52.000Z</time>
        <extensions>
          <ns3:TrackPointExtension>
            <ns3:hr>106</ns3:hr>
            <ns3:cad>41</ns3:cad>
          </ns3:TrackPointExtension>
        </extensions>
      </trkpt>
      <trkpt lat="46.3731582462787628173828125" lon="23.576985709369182586669921875">
        <ele>637</ele>
        <time>2022-06-11T10:02:00.000Z</time>
        <extensions>
          <ns3:TrackPointExtension>
            <ns3:hr>105</ns3:hr>
            <ns3:cad>43</ns3:cad>
          </ns3:TrackPointExtension>
        </extensions>
      </trkpt>
      <trkpt lat="46.373046934604644775390625" lon="23.57709475792944431304931640625">
        <ele>637</ele>
        <time>2022-06-11T10:02:12.000Z</time>
        <extensions>
          <ns3:TrackPointExtension>
            <ns3:hr>104</ns3:hr>
            <ns3:cad>42</ns3:cad>
          </ns3:TrackPointExtension>
        </extensions>
      </trkpt>
      <trkpt lat="46.37302480638027191162109375" lon="23.577119149267673492431640625">
        <ele>636.5999755859375</ele>
        <time>2022-06-11T10:02:15.000Z</time>
        <extensions>
          <ns3:TrackPointExtension>
            <ns3:hr>101</ns3:hr>
            <ns3:cad>43</ns3:cad>
          </ns3:TrackPointExtension>
        </extensions>
      </trkpt>
      <trkpt lat="46.3729652948677539825439453125" lon="23.57719726860523223876953125">
        <ele>636.79998779296875</ele>
        <time>2022-06-11T10:02:24.000Z</time>
        <extensions>
          <ns3:TrackPointExtension>
            <ns3:hr>98</ns3:hr>
            <ns3:cad>43</ns3:cad>
          </ns3:TrackPointExtension>
        </extensions>
      </trkpt>
      <trkpt lat="46.372960098087787628173828125" lon="23.57720690779387950897216796875">
        <ele>636.5999755859375</ele>
        <time>2022-06-11T10:02:25.000Z</time>
        <extensions>
          <ns3:TrackPointExtension>
            <ns3:hr>102</ns3:hr>
            <ns3:cad>43</ns3:cad>
          </ns3:TrackPointExtension>
        </extensions>
      </trkpt>
      <trkpt lat="46.3729532249271869659423828125" lon="23.577220737934112548828125">
        <ele>636.5999755859375</ele>
        <time>2022-06-11T10:02:26.000Z</time>
        <extensions>
          <ns3:TrackPointExtension>
            <ns3:hr>99</ns3:hr>
            <ns3:cad>47</ns3:cad>
          </ns3:TrackPointExtension>
        </extensions>
      </trkpt>
      <trkpt lat="46.37289446778595447540283203125" lon="23.5773468017578125">
        <ele>636.4000244140625</ele>
        <time>2022-06-11T10:02:37.000Z</time>
        <extensions>
          <ns3:TrackPointExtension>
            <ns3:hr>99</ns3:hr>
            <ns3:cad>44</ns3:cad>
          </ns3:TrackPointExtension>
        </extensions>
      </trkpt>
      <trkpt lat="46.37281383387744426727294921875" lon="23.57745249755680561065673828125">
        <ele>637</ele>
        <time>2022-06-11T10:02:47.000Z</time>
        <extensions>
          <ns3:TrackPointExtension>
            <ns3:hr>99</ns3:hr>
            <ns3:cad>42</ns3:cad>
          </ns3:TrackPointExtension>
        </extensions>
      </trkpt>
      <trkpt lat="46.37277267873287200927734375" lon="23.57752340845763683319091796875">
        <ele>637.5999755859375</ele>
        <time>2022-06-11T10:02:54.000Z</time>
        <extensions>
          <ns3:TrackPointExtension>
            <ns3:hr>102</ns3:hr>
            <ns3:cad>45</ns3:cad>
          </ns3:TrackPointExtension>
        </extensions>
      </trkpt>
      <trkpt lat="46.372754238545894622802734375" lon="23.57758359052240848541259765625">
        <ele>637.5999755859375</ele>
        <time>2022-06-11T10:02:58.000Z</time>
        <extensions>
          <ns3:TrackPointExtension>
            <ns3:hr>103</ns3:hr>
            <ns3:cad>47</ns3:cad>
          </ns3:TrackPointExtension>
        </extensions>
      </trkpt>
      <trkpt lat="46.372716687619686126708984375" lon="23.5776584409177303314208984375">
        <ele>637.4000244140625</ele>
        <time>2022-06-11T10:03:04.000Z</time>
        <extensions>
          <ns3:TrackPointExtension>
            <ns3:hr>100</ns3:hr>
            <ns3:cad>51</ns3:cad>
          </ns3:TrackPointExtension>
        </extensions>
      </trkpt>
      <trkpt lat="46.37270604260265827178955078125" lon="23.577674366533756256103515625">
        <ele>637.20001220703125</ele>
        <time>2022-06-11T10:03:05.000Z</time>
        <extensions>
          <ns3:TrackPointExtension>
            <ns3:hr>100</ns3:hr>
            <ns3:cad>50</ns3:cad>
          </ns3:TrackPointExtension>
        </extensions>
      </trkpt>
      <trkpt lat="46.37268743477761745452880859375" lon="23.577711917459964752197265625">
        <ele>637.20001220703125</ele>
        <time>2022-06-11T10:03:08.000Z</time>
        <extensions>
          <ns3:TrackPointExtension>
            <ns3:hr>96</ns3:hr>
            <ns3:cad>49</ns3:cad>
          </ns3:TrackPointExtension>
        </extensions>
      </trkpt>
      <trkpt lat="46.37268240563571453094482421875" lon="23.5777271725237369537353515625">
        <ele>637.20001220703125</ele>
        <time>2022-06-11T10:03:09.000Z</time>
        <extensions>
          <ns3:TrackPointExtension>
            <ns3:hr>100</ns3:hr>
            <ns3:cad>49</ns3:cad>
          </ns3:TrackPointExtension>
        </extensions>
      </trkpt>
      <trkpt lat="46.3726494647562503814697265625" lon="23.577785678207874298095703125">
        <ele>636.4000244140625</ele>
        <time>2022-06-11T10:03:14.000Z</time>
        <extensions>
          <ns3:TrackPointExtension>
            <ns3:hr>98</ns3:hr>
            <ns3:cad>49</ns3:cad>
          </ns3:TrackPointExtension>
        </extensions>
      </trkpt>
      <trkpt lat="46.37263077311217784881591796875" lon="23.57785549946129322052001953125">
        <ele>635.4000244140625</ele>
        <time>2022-06-11T10:03:19.000Z</time>
        <extensions>
          <ns3:TrackPointExtension>
            <ns3:hr>97</ns3:hr>
            <ns3:cad>0</ns3:cad>
          </ns3:TrackPointExtension>
        </extensions>
      </trkpt>
      <trkpt lat="46.3726169429719448089599609375" lon="23.57792624272406101226806640625">
        <ele>635</ele>
        <time>2022-06-11T10:03:25.000Z</time>
        <extensions>
          <ns3:TrackPointExtension>
            <ns3:hr>96</ns3:hr>
            <ns3:cad>52</ns3:cad>
          </ns3:TrackPointExtension>
        </extensions>
      </trkpt>
      <trkpt lat="46.37258886359632015228271484375" lon="23.578008301556110382080078125">
        <ele>634.4000244140625</ele>
        <time>2022-06-11T10:03:30.000Z</time>
        <extensions>
          <ns3:TrackPointExtension>
            <ns3:hr>94</ns3:hr>
            <ns3:cad>49</ns3:cad>
          </ns3:TrackPointExtension>
        </extensions>
      </trkpt>
      <trkpt lat="46.3725616224110126495361328125" lon="23.57807879336178302764892578125">
        <ele>633.4000244140625</ele>
        <time>2022-06-11T10:03:34.000Z</time>
        <extensions>
          <ns3:TrackPointExtension>
            <ns3:hr>92</ns3:hr>
            <ns3:cad>52</ns3:cad>
          </ns3:TrackPointExtension>
        </extensions>
      </trkpt>
      <trkpt lat="46.37255550362169742584228515625" lon="23.5780906118452548980712890625">
        <ele>633.20001220703125</ele>
        <time>2022-06-11T10:03:35.000Z</time>
        <extensions>
          <ns3:TrackPointExtension>
            <ns3:hr>91</ns3:hr>
            <ns3:cad>51</ns3:cad>
          </ns3:TrackPointExtension>
        </extensions>
      </trkpt>
      <trkpt lat="46.37253840453922748565673828125" lon="23.5781352035701274871826171875">
        <ele>632.79998779296875</ele>
        <time>2022-06-11T10:03:39.000Z</time>
        <extensions>
          <ns3:TrackPointExtension>
            <ns3:hr>88</ns3:hr>
            <ns3:cad>51</ns3:cad>
          </ns3:TrackPointExtension>
        </extensions>
      </trkpt>
      <trkpt lat="46.372528932988643646240234375" lon="23.5781710781157016754150390625">
        <ele>632.5999755859375</ele>
        <time>2022-06-11T10:03:41.000Z</time>
        <extensions>
          <ns3:TrackPointExtension>
            <ns3:hr>88</ns3:hr>
            <ns3:cad>51</ns3:cad>
          </ns3:TrackPointExtension>
        </extensions>
      </trkpt>
      <trkpt lat="46.3725166954100131988525390625" lon="23.5782149992883205413818359375">
        <ele>632.20001220703125</ele>
        <time>2022-06-11T10:03:44.000Z</time>
        <extensions>
          <ns3:TrackPointExtension>
            <ns3:hr>88</ns3:hr>
            <ns3:cad>51</ns3:cad>
          </ns3:TrackPointExtension>
        </extensions>
      </trkpt>
      <trkpt lat="46.372494064271450042724609375" lon="23.578267805278301239013671875">
        <ele>631.5999755859375</ele>
        <time>2022-06-11T10:03:48.000Z</time>
        <extensions>
          <ns3:TrackPointExtension>
            <ns3:hr>87</ns3:hr>
            <ns3:cad>52</ns3:cad>
          </ns3:TrackPointExtension>
        </extensions>
      </trkpt>
      <trkpt lat="46.3724660687148571014404296875" lon="23.57831717468798160552978515625">
        <ele>631.20001220703125</ele>
        <time>2022-06-11T10:03:52.000Z</time>
        <extensions>
          <ns3:TrackPointExtension>
            <ns3:hr>86</ns3:hr>
            <ns3:cad>51</ns3:cad>
          </ns3:TrackPointExtension>
        </extensions>
      </trkpt>
      <trkpt lat="46.37244838289916515350341796875" lon="23.5783647000789642333984375">
        <ele>631</ele>
        <time>2022-06-11T10:03:55.000Z</time>
        <extensions>
          <ns3:TrackPointExtension>
            <ns3:hr>87</ns3:hr>
            <ns3:cad>51</ns3:cad>
          </ns3:TrackPointExtension>
        </extensions>
      </trkpt>
      <trkpt lat="46.37243145145475864410400390625" lon="23.57840501703321933746337890625">
        <ele>630.5999755859375</ele>
        <time>2022-06-11T10:03:58.000Z</time>
        <extensions>
          <ns3:TrackPointExtension>
            <ns3:hr>90</ns3:hr>
            <ns3:cad>51</ns3:cad>
          </ns3:TrackPointExtension>
        </extensions>
      </trkpt>
      <trkpt lat="46.37240764684975147247314453125" lon="23.57843837700784206390380859375">
        <ele>630</ele>
        <time>2022-06-11T10:04:01.000Z</time>
        <extensions>
          <ns3:TrackPointExtension>
            <ns3:hr>92</ns3:hr>
            <ns3:cad>51</ns3:cad>
          </ns3:TrackPointExtension>
        </extensions>
      </trkpt>
      <trkpt lat="46.37236498296260833740234375" lon="23.57852320186793804168701171875">
        <ele>629.20001220703125</ele>
        <time>2022-06-11T10:04:07.000Z</time>
        <extensions>
          <ns3:TrackPointExtension>
            <ns3:hr>92</ns3:hr>
            <ns3:cad>54</ns3:cad>
          </ns3:TrackPointExtension>
        </extensions>
      </trkpt>
      <trkpt lat="46.37235785834491252899169921875" lon="23.57853242196142673492431640625">
        <ele>629</ele>
        <time>2022-06-11T10:04:08.000Z</time>
        <extensions>
          <ns3:TrackPointExtension>
            <ns3:hr>92</ns3:hr>
            <ns3:cad>54</ns3:cad>
          </ns3:TrackPointExtension>
        </extensions>
      </trkpt>
      <trkpt lat="46.3723151944577693939208984375" lon="23.57861456461250782012939453125">
        <ele>627.79998779296875</ele>
        <time>2022-06-11T10:04:13.000Z</time>
        <extensions>
          <ns3:TrackPointExtension>
            <ns3:hr>90</ns3:hr>
            <ns3:cad>53</ns3:cad>
          </ns3:TrackPointExtension>
        </extensions>
      </trkpt>
      <trkpt lat="46.37231142260134220123291015625" lon="23.57862797565758228302001953125">
        <ele>627.79998779296875</ele>
        <time>2022-06-11T10:04:14.000Z</time>
        <extensions>
          <ns3:TrackPointExtension>
            <ns3:hr>91</ns3:hr>
            <ns3:cad>54</ns3:cad>
          </ns3:TrackPointExtension>
        </extensions>
      </trkpt>
      <trkpt lat="46.37230957858264446258544921875" lon="23.57868748717010021209716796875">
        <ele>627.5999755859375</ele>
        <time>2022-06-11T10:04:18.000Z</time>
        <extensions>
          <ns3:TrackPointExtension>
            <ns3:hr>94</ns3:hr>
            <ns3:cad>53</ns3:cad>
          </ns3:TrackPointExtension>
        </extensions>
      </trkpt>
      <trkpt lat="46.37230840511620044708251953125" lon="23.57874850742518901824951171875">
        <ele>626.79998779296875</ele>
        <time>2022-06-11T10:04:21.000Z</time>
        <extensions>
          <ns3:TrackPointExtension>
            <ns3:hr>95</ns3:hr>
            <ns3:cad>55</ns3:cad>
          </ns3:TrackPointExtension>
        </extensions>
      </trkpt>
      <trkpt lat="46.37230421416461467742919921875" lon="23.57876778580248355865478515625">
        <ele>626.79998779296875</ele>
        <time>2022-06-11T10:04:22.000Z</time>
        <extensions>
          <ns3:TrackPointExtension>
            <ns3:hr>95</ns3:hr>
            <ns3:cad>55</ns3:cad>
          </ns3:TrackPointExtension>
        </extensions>
      </trkpt>
      <trkpt lat="46.37229180894792079925537109375" lon="23.57880399562418460845947265625">
        <ele>626.5999755859375</ele>
        <time>2022-06-11T10:04:25.000Z</time>
        <extensions>
          <ns3:TrackPointExtension>
            <ns3:hr>92</ns3:hr>
            <ns3:cad>52</ns3:cad>
          </ns3:TrackPointExtension>
        </extensions>
      </trkpt>
      <trkpt lat="46.37227487750351428985595703125" lon="23.57887222431600093841552734375">
        <ele>626</ele>
        <time>2022-06-11T10:04:29.000Z</time>
        <extensions>
          <ns3:TrackPointExtension>
            <ns3:hr>89</ns3:hr>
            <ns3:cad>51</ns3:cad>
          </ns3:TrackPointExtension>
        </extensions>
      </trkpt>
      <trkpt lat="46.3722679205238819122314453125" lon="23.5789063386619091033935546875">
        <ele>625.79998779296875</ele>
        <time>2022-06-11T10:04:31.000Z</time>
        <extensions>
          <ns3:TrackPointExtension>
            <ns3:hr>88</ns3:hr>
            <ns3:cad>54</ns3:cad>
          </ns3:TrackPointExtension>
        </extensions>
      </trkpt>
      <trkpt lat="46.3722622208297252655029296875" lon="23.578937351703643798828125">
        <ele>625.5999755859375</ele>
        <time>2022-06-11T10:04:33.000Z</time>
        <extensions>
          <ns3:TrackPointExtension>
            <ns3:hr>87</ns3:hr>
            <ns3:cad>52</ns3:cad>
          </ns3:TrackPointExtension>
        </extensions>
      </trkpt>
      <trkpt lat="46.37223565019667148590087890625" lon="23.57906802557408809661865234375">
        <ele>624.5999755859375</ele>
        <time>2022-06-11T10:04:41.000Z</time>
        <extensions>
          <ns3:TrackPointExtension>
            <ns3:hr>87</ns3:hr>
            <ns3:cad>53</ns3:cad>
          </ns3:TrackPointExtension>
        </extensions>
      </trkpt>
      <trkpt lat="46.37222358025610446929931640625" lon="23.5791007988154888153076171875">
        <ele>624.20001220703125</ele>
        <time>2022-06-11T10:04:43.000Z</time>
        <extensions>
          <ns3:TrackPointExtension>
            <ns3:hr>87</ns3:hr>
            <ns3:cad>51</ns3:cad>
          </ns3:TrackPointExtension>
        </extensions>
      </trkpt>
      <trkpt lat="46.3721971772611141204833984375" lon="23.5792214982211589813232421875">
        <ele>623.4000244140625</ele>
        <time>2022-06-11T10:04:51.000Z</time>
        <extensions>
          <ns3:TrackPointExtension>
            <ns3:hr>85</ns3:hr>
            <ns3:cad>52</ns3:cad>
          </ns3:TrackPointExtension>
        </extensions>
      </trkpt>
      <trkpt lat="46.37219466269016265869140625" lon="23.579239435493946075439453125">
        <ele>623.20001220703125</ele>
        <time>2022-06-11T10:04:52.000Z</time>
        <extensions>
          <ns3:TrackPointExtension>
            <ns3:hr>85</ns3:hr>
            <ns3:cad>52</ns3:cad>
          </ns3:TrackPointExtension>
        </extensions>
      </trkpt>
      <trkpt lat="46.37217781506478786468505859375" lon="23.57931462116539478302001953125">
        <ele>622.79998779296875</ele>
        <time>2022-06-11T10:04:57.000Z</time>
        <extensions>
          <ns3:TrackPointExtension>
            <ns3:hr>82</ns3:hr>
            <ns3:cad>53</ns3:cad>
          </ns3:TrackPointExtension>
        </extensions>
      </trkpt>
      <trkpt lat="46.37215836904942989349365234375" lon="23.57937849126756191253662109375">
        <ele>622.20001220703125</ele>
        <time>2022-06-11T10:05:01.000Z</time>
        <extensions>
          <ns3:TrackPointExtension>
            <ns3:hr>82</ns3:hr>
            <ns3:cad>51</ns3:cad>
          </ns3:TrackPointExtension>
        </extensions>
      </trkpt>
      <trkpt lat="46.37213858775794506072998046875" lon="23.57942358590662479400634765625">
        <ele>621.4000244140625</ele>
        <time>2022-06-11T10:05:05.000Z</time>
        <extensions>
          <ns3:TrackPointExtension>
            <ns3:hr>85</ns3:hr>
            <ns3:cad>53</ns3:cad>
          </ns3:TrackPointExtension>
        </extensions>
      </trkpt>
      <trkpt lat="46.37213154695928096771240234375" lon="23.5794484801590442657470703125">
        <ele>621</ele>
        <time>2022-06-11T10:05:07.000Z</time>
        <extensions>
          <ns3:TrackPointExtension>
            <ns3:hr>87</ns3:hr>
            <ns3:cad>53</ns3:cad>
          </ns3:TrackPointExtension>
        </extensions>
      </trkpt>
      <trkpt lat="46.3721207343041896820068359375" lon="23.57947823591530323028564453125">
        <ele>620.20001220703125</ele>
        <time>2022-06-11T10:05:09.000Z</time>
        <extensions>
          <ns3:TrackPointExtension>
            <ns3:hr>89</ns3:hr>
            <ns3:cad>53</ns3:cad>
          </ns3:TrackPointExtension>
        </extensions>
      </trkpt>
      <trkpt lat="46.372116543352603912353515625" lon="23.5794910602271556854248046875">
        <ele>620</ele>
        <time>2022-06-11T10:05:10.000Z</time>
        <extensions>
          <ns3:TrackPointExtension>
            <ns3:hr>90</ns3:hr>
            <ns3:cad>53</ns3:cad>
          </ns3:TrackPointExtension>
        </extensions>
      </trkpt>
      <trkpt lat="46.37208066880702972412109375" lon="23.57959457673132419586181640625">
        <ele>618.79998779296875</ele>
        <time>2022-06-11T10:05:17.000Z</time>
        <extensions>
          <ns3:TrackPointExtension>
            <ns3:hr>93</ns3:hr>
            <ns3:cad>53</ns3:cad>
          </ns3:TrackPointExtension>
        </extensions>
      </trkpt>
      <trkpt lat="46.3720758073031902313232421875" lon="23.57961318455636501312255859375">
        <ele>618.5999755859375</ele>
        <time>2022-06-11T10:05:18.000Z</time>
        <extensions>
          <ns3:TrackPointExtension>
            <ns3:hr>93</ns3:hr>
            <ns3:cad>53</ns3:cad>
          </ns3:TrackPointExtension>
        </extensions>
      </trkpt>
      <trkpt lat="46.37204538099467754364013671875" lon="23.57969163917005062103271484375">
        <ele>617.79998779296875</ele>
        <time>2022-06-11T10:05:24.000Z</time>
        <extensions>
          <ns3:TrackPointExtension>
            <ns3:hr>94</ns3:hr>
            <ns3:cad>52</ns3:cad>
          </ns3:TrackPointExtension>
        </extensions>
      </trkpt>
      <trkpt lat="46.37201738543808460235595703125" lon="23.5797713510692119598388671875">
        <ele>617.20001220703125</ele>
        <time>2022-06-11T10:05:29.000Z</time>
        <extensions>
          <ns3:TrackPointExtension>
            <ns3:hr>93</ns3:hr>
            <ns3:cad>51</ns3:cad>
          </ns3:TrackPointExtension>
        </extensions>
      </trkpt>
      <trkpt lat="46.371999867260456085205078125" lon="23.579824827611446380615234375">
        <ele>616.5999755859375</ele>
        <time>2022-06-11T10:05:33.000Z</time>
        <extensions>
          <ns3:TrackPointExtension>
            <ns3:hr>91</ns3:hr>
            <ns3:cad>0</ns3:cad>
          </ns3:TrackPointExtension>
        </extensions>
      </trkpt>
      <trkpt lat="46.37199609540402889251708984375" lon="23.57984217815101146697998046875">
        <ele>616.20001220703125</ele>
        <time>2022-06-11T10:05:37.000Z</time>
        <extensions>
          <ns3:TrackPointExtension>
            <ns3:hr>91</ns3:hr>
            <ns3:cad>0</ns3:cad>
          </ns3:TrackPointExtension>
        </extensions>
      </trkpt>
      <trkpt lat="46.37198821641504764556884765625" lon="23.57986631803214550018310546875">
        <ele>615.5999755859375</ele>
        <time>2022-06-11T10:05:40.000Z</time>
        <extensions>
          <ns3:TrackPointExtension>
            <ns3:hr>90</ns3:hr>
            <ns3:cad>0</ns3:cad>
          </ns3:TrackPointExtension>
        </extensions>
      </trkpt>
      <trkpt lat="46.3719812594354152679443359375" lon="23.57994007878005504608154296875">
        <ele>614.79998779296875</ele>
        <time>2022-06-11T10:05:44.000Z</time>
        <extensions>
          <ns3:TrackPointExtension>
            <ns3:hr>87</ns3:hr>
            <ns3:cad>52</ns3:cad>
          </ns3:TrackPointExtension>
        </extensions>
      </trkpt>
      <trkpt lat="46.37197463773190975189208984375" lon="23.58000646345317363739013671875">
        <ele>614.5999755859375</ele>
        <time>2022-06-11T10:05:48.000Z</time>
        <extensions>
          <ns3:TrackPointExtension>
            <ns3:hr>86</ns3:hr>
            <ns3:cad>52</ns3:cad>
          </ns3:TrackPointExtension>
        </extensions>
      </trkpt>
      <trkpt lat="46.37197296135127544403076171875" lon="23.5800834931433200836181640625">
        <ele>614.20001220703125</ele>
        <time>2022-06-11T10:05:52.000Z</time>
        <extensions>
          <ns3:TrackPointExtension>
            <ns3:hr>87</ns3:hr>
            <ns3:cad>52</ns3:cad>
          </ns3:TrackPointExtension>
        </extensions>
      </trkpt>
      <trkpt lat="46.37197229079902172088623046875" lon="23.58021701686084270477294921875">
        <ele>613.79998779296875</ele>
        <time>2022-06-11T10:05:59.000Z</time>
        <extensions>
          <ns3:TrackPointExtension>
            <ns3:hr>86</ns3:hr>
            <ns3:cad>52</ns3:cad>
          </ns3:TrackPointExtension>
        </extensions>
      </trkpt>
      <trkpt lat="46.371983774006366729736328125" lon="23.5803708247840404510498046875">
        <ele>613.5999755859375</ele>
        <time>2022-06-11T10:06:08.000Z</time>
        <extensions>
          <ns3:TrackPointExtension>
            <ns3:hr>85</ns3:hr>
            <ns3:cad>51</ns3:cad>
          </ns3:TrackPointExtension>
        </extensions>
      </trkpt>
      <trkpt lat="46.37198670767247676849365234375" lon="23.5804083757102489471435546875">
        <ele>613.4000244140625</ele>
        <time>2022-06-11T10:06:10.000Z</time>
        <extensions>
          <ns3:TrackPointExtension>
            <ns3:hr>86</ns3:hr>
            <ns3:cad>50</ns3:cad>
          </ns3:TrackPointExtension>
        </extensions>
      </trkpt>
      <trkpt lat="46.37198117561638355255126953125" lon="23.5805547237396240234375">
        <ele>613.20001220703125</ele>
        <time>2022-06-11T10:06:18.000Z</time>
        <extensions>
          <ns3:TrackPointExtension>
            <ns3:hr>86</ns3:hr>
            <ns3:cad>48</ns3:cad>
          </ns3:TrackPointExtension>
        </extensions>
      </trkpt>
      <trkpt lat="46.371975727379322052001953125" lon="23.5807516984641551971435546875">
        <ele>613.20001220703125</ele>
        <time>2022-06-11T10:06:29.000Z</time>
        <extensions>
          <ns3:TrackPointExtension>
            <ns3:hr>86</ns3:hr>
            <ns3:cad>46</ns3:cad>
          </ns3:TrackPointExtension>
        </extensions>
      </trkpt>
      <trkpt lat="46.37196977622807025909423828125" lon="23.5808723978698253631591796875">
        <ele>613.4000244140625</ele>
        <time>2022-06-11T10:06:36.000Z</time>
        <extensions>
          <ns3:TrackPointExtension>
            <ns3:hr>85</ns3:hr>
            <ns3:cad>44</ns3:cad>
          </ns3:TrackPointExtension>
        </extensions>
      </trkpt>
      <trkpt lat="46.37195820920169353485107421875" lon="23.58092688024044036865234375">
        <ele>613.5999755859375</ele>
        <time>2022-06-11T10:06:40.000Z</time>
        <extensions>
          <ns3:TrackPointExtension>
            <ns3:hr>88</ns3:hr>
            <ns3:cad>44</ns3:cad>
          </ns3:TrackPointExtension>
        </extensions>
      </trkpt>
      <trkpt lat="46.3719430379569530487060546875" lon="23.5809696279466152191162109375">
        <ele>613.5999755859375</ele>
        <time>2022-06-11T10:06:43.000Z</time>
        <extensions>
          <ns3:TrackPointExtension>
            <ns3:hr>88</ns3:hr>
            <ns3:cad>44</ns3:cad>
          </ns3:TrackPointExtension>
        </extensions>
      </trkpt>
      <trkpt lat="46.37193541042506694793701171875" lon="23.58102117665112018585205078125">
        <ele>613.79998779296875</ele>
        <time>2022-06-11T10:06:47.000Z</time>
        <extensions>
          <ns3:TrackPointExtension>
            <ns3:hr>91</ns3:hr>
            <ns3:cad>43</ns3:cad>
          </ns3:TrackPointExtension>
        </extensions>
      </trkpt>
      <trkpt lat="46.37193038128316402435302734375" lon="23.58103693462908267974853515625">
        <ele>613.79998779296875</ele>
        <time>2022-06-11T10:06:49.000Z</time>
        <extensions>
          <ns3:TrackPointExtension>
            <ns3:hr>94</ns3:hr>
            <ns3:cad>42</ns3:cad>
          </ns3:TrackPointExtension>
        </extensions>
      </trkpt>
      <trkpt lat="46.37192870490252971649169921875" lon="23.581042550504207611083984375">
        <ele>613.79998779296875</ele>
        <time>2022-06-11T10:06:50.000Z</time>
        <extensions>
          <ns3:TrackPointExtension>
            <ns3:hr>95</ns3:hr>
            <ns3:cad>0</ns3:cad>
          </ns3:TrackPointExtension>
        </extensions>
      </trkpt>
      <trkpt lat="46.37192803435027599334716796875" lon="23.58104615472257137298583984375">
        <ele>613.79998779296875</ele>
        <time>2022-06-11T10:06:52.000Z</time>
        <extensions>
          <ns3:TrackPointExtension>
            <ns3:hr>98</ns3:hr>
            <ns3:cad>0</ns3:cad>
          </ns3:TrackPointExtension>
        </extensions>
      </trkpt>
      <trkpt lat="46.37192484922707080841064453125" lon="23.58105487190186977386474609375">
        <ele>614</ele>
        <time>2022-06-11T10:06:58.000Z</time>
        <extensions>
          <ns3:TrackPointExtension>
            <ns3:hr>98</ns3:hr>
            <ns3:cad>0</ns3:cad>
          </ns3:TrackPointExtension>
        </extensions>
      </trkpt>
      <trkpt lat="46.37192434631288051605224609375" lon="23.58105160295963287353515625">
        <ele>614.4000244140625</ele>
        <time>2022-06-11T10:07:04.000Z</time>
        <extensions>
          <ns3:TrackPointExtension>
            <ns3:hr>95</ns3:hr>
            <ns3:cad>0</ns3:cad>
          </ns3:TrackPointExtension>
        </extensions>
      </trkpt>
      <trkpt lat="46.37192434631288051605224609375" lon="23.58105160295963287353515625">
        <ele>613.79998779296875</ele>
        <time>2022-06-11T10:07:13.000Z</time>
        <extensions>
          <ns3:TrackPointExtension>
            <ns3:hr>92</ns3:hr>
            <ns3:cad>0</ns3:cad>
          </ns3:TrackPointExtension>
        </extensions>
      </trkpt>
      <trkpt lat="46.37192434631288051605224609375" lon="23.58105160295963287353515625">
        <ele>613.79998779296875</ele>
        <time>2022-06-11T10:07:16.000Z</time>
        <extensions>
          <ns3:TrackPointExtension>
            <ns3:hr>89</ns3:hr>
            <ns3:cad>0</ns3:cad>
          </ns3:TrackPointExtension>
        </extensions>
      </trkpt>
      <trkpt lat="46.3719242624938488006591796875" lon="23.58105160295963287353515625">
        <ele>613.79998779296875</ele>
        <time>2022-06-11T10:07:18.000Z</time>
        <extensions>
          <ns3:TrackPointExtension>
            <ns3:hr>86</ns3:hr>
            <ns3:cad>0</ns3:cad>
          </ns3:TrackPointExtension>
        </extensions>
      </trkpt>
      <trkpt lat="46.37192375957965850830078125" lon="23.5810524411499500274658203125">
        <ele>613.5999755859375</ele>
        <time>2022-06-11T10:07:22.000Z</time>
        <extensions>
          <ns3:TrackPointExtension>
            <ns3:hr>83</ns3:hr>
            <ns3:cad>0</ns3:cad>
          </ns3:TrackPointExtension>
        </extensions>
      </trkpt>
      <trkpt lat="46.371923424303531646728515625" lon="23.5810524411499500274658203125">
        <ele>613.5999755859375</ele>
        <time>2022-06-11T10:07:24.000Z</time>
        <extensions>
          <ns3:TrackPointExtension>
            <ns3:hr>79</ns3:hr>
            <ns3:cad>0</ns3:cad>
          </ns3:TrackPointExtension>
        </extensions>
      </trkpt>
      <trkpt lat="46.37191998772323131561279296875" lon="23.58105520717799663543701171875">
        <ele>613.4000244140625</ele>
        <time>2022-06-11T10:07:33.000Z</time>
        <extensions>
          <ns3:TrackPointExtension>
            <ns3:hr>83</ns3:hr>
            <ns3:cad>0</ns3:cad>
          </ns3:TrackPointExtension>
        </extensions>
      </trkpt>
      <trkpt lat="46.37191705405712127685546875" lon="23.58106258325278759002685546875">
        <ele>613.20001220703125</ele>
        <time>2022-06-11T10:07:43.000Z</time>
        <extensions>
          <ns3:TrackPointExtension>
            <ns3:hr>80</ns3:hr>
            <ns3:cad>0</ns3:cad>
          </ns3:TrackPointExtension>
        </extensions>
      </trkpt>
      <trkpt lat="46.371876485645771026611328125" lon="23.58119518496096134185791015625">
        <ele>613.4000244140625</ele>
        <time>2022-06-11T10:08:14.000Z</time>
        <extensions>
          <ns3:TrackPointExtension>
            <ns3:hr>78</ns3:hr>
            <ns3:cad>43</ns3:cad>
          </ns3:TrackPointExtension>
        </extensions>
      </trkpt>
      <trkpt lat="46.37182627804577350616455078125" lon="23.58134505338966846466064453125">
        <ele>613.5999755859375</ele>
        <time>2022-06-11T10:08:23.000Z</time>
        <extensions>
          <ns3:TrackPointExtension>
            <ns3:hr>81</ns3:hr>
            <ns3:cad>40</ns3:cad>
          </ns3:TrackPointExtension>
        </extensions>
      </trkpt>
      <trkpt lat="46.37182049453258514404296875" lon="23.5813706181943416595458984375">
        <ele>613.79998779296875</ele>
        <time>2022-06-11T10:08:25.000Z</time>
        <extensions>
          <ns3:TrackPointExtension>
            <ns3:hr>84</ns3:hr>
            <ns3:cad>42</ns3:cad>
          </ns3:TrackPointExtension>
        </extensions>
      </trkpt>
      <trkpt lat="46.37181219644844532012939453125" lon="23.58139333315193653106689453125">
        <ele>614</ele>
        <time>2022-06-11T10:08:27.000Z</time>
        <extensions>
          <ns3:TrackPointExtension>
            <ns3:hr>87</ns3:hr>
            <ns3:cad>42</ns3:cad>
          </ns3:TrackPointExtension>
        </extensions>
      </trkpt>
      <trkpt lat="46.371814794838428497314453125" lon="23.58143792487680912017822265625">
        <ele>614.5999755859375</ele>
        <time>2022-06-11T10:08:32.000Z</time>
        <extensions>
          <ns3:TrackPointExtension>
            <ns3:hr>90</ns3:hr>
            <ns3:cad>71</ns3:cad>
          </ns3:TrackPointExtension>
        </extensions>
      </trkpt>
      <trkpt lat="46.37181789614260196685791015625" lon="23.58145058155059814453125">
        <ele>614.5999755859375</ele>
        <time>2022-06-11T10:08:34.000Z</time>
        <extensions>
          <ns3:TrackPointExtension>
            <ns3:hr>89</ns3:hr>
            <ns3:cad>71</ns3:cad>
          </ns3:TrackPointExtension>
        </extensions>
      </trkpt>
      <trkpt lat="46.37181236408650875091552734375" lon="23.58146592043340206146240234375">
        <ele>614.79998779296875</ele>
        <time>2022-06-11T10:08:36.000Z</time>
        <extensions>
          <ns3:TrackPointExtension>
            <ns3:hr>86</ns3:hr>
            <ns3:cad>0</ns3:cad>
          </ns3:TrackPointExtension>
        </extensions>
      </trkpt>
      <trkpt lat="46.37180565856397151947021484375" lon="23.58152241446077823638916015625">
        <ele>615.20001220703125</ele>
        <time>2022-06-11T10:08:42.000Z</time>
        <extensions>
          <ns3:TrackPointExtension>
            <ns3:hr>89</ns3:hr>
            <ns3:cad>71</ns3:cad>
          </ns3:TrackPointExtension>
        </extensions>
      </trkpt>
      <trkpt lat="46.37180549092590808868408203125" lon="23.5815338976681232452392578125">
        <ele>615.4000244140625</ele>
        <time>2022-06-11T10:08:44.000Z</time>
        <extensions>
          <ns3:TrackPointExtension>
            <ns3:hr>91</ns3:hr>
            <ns3:cad>69</ns3:cad>
          </ns3:TrackPointExtension>
        </extensions>
      </trkpt>
      <trkpt lat="46.3718065805733203887939453125" lon="23.5815525054931640625">
        <ele>615.4000244140625</ele>
        <time>2022-06-11T10:08:46.000Z</time>
        <extensions>
          <ns3:TrackPointExtension>
            <ns3:hr>94</ns3:hr>
            <ns3:cad>69</ns3:cad>
          </ns3:TrackPointExtension>
        </extensions>
      </trkpt>
      <trkpt lat="46.37181336991488933563232421875" lon="23.58157387934625148773193359375">
        <ele>615.5999755859375</ele>
        <time>2022-06-11T10:08:48.000Z</time>
        <extensions>
          <ns3:TrackPointExtension>
            <ns3:hr>95</ns3:hr>
            <ns3:cad>69</ns3:cad>
          </ns3:TrackPointExtension>
        </extensions>
      </trkpt>
      <trkpt lat="46.3718250207602977752685546875" lon="23.58162081800401210784912109375">
        <ele>616</ele>
        <time>2022-06-11T10:08:53.000Z</time>
        <extensions>
          <ns3:TrackPointExtension>
            <ns3:hr>96</ns3:hr>
            <ns3:cad>71</ns3:cad>
          </ns3:TrackPointExtension>
        </extensions>
      </trkpt>
      <trkpt lat="46.3718350790441036224365234375" lon="23.58164839446544647216796875">
        <ele>616.20001220703125</ele>
        <time>2022-06-11T10:08:59.000Z</time>
        <extensions>
          <ns3:TrackPointExtension>
            <ns3:hr>98</ns3:hr>
            <ns3:cad>40</ns3:cad>
          </ns3:TrackPointExtension>
        </extensions>
      </trkpt>
      <trkpt lat="46.37185142375528812408447265625" lon="23.5817125998437404632568359375">
        <ele>616.79998779296875</ele>
        <time>2022-06-11T10:09:04.000Z</time>
        <extensions>
          <ns3:TrackPointExtension>
            <ns3:hr>96</ns3:hr>
            <ns3:cad>73</ns3:cad>
          </ns3:TrackPointExtension>
        </extensions>
      </trkpt>
      <trkpt lat="46.37185326777398586273193359375" lon="23.5817364044487476348876953125">
        <ele>616.79998779296875</ele>
        <time>2022-06-11T10:09:06.000Z</time>
        <extensions>
          <ns3:TrackPointExtension>
            <ns3:hr>96</ns3:hr>
            <ns3:cad>74</ns3:cad>
          </ns3:TrackPointExtension>
        </extensions>
      </trkpt>
      <trkpt lat="46.37186869047582149505615234375" lon="23.5817964188754558563232421875">
        <ele>616.4000244140625</ele>
        <time>2022-06-11T10:09:12.000Z</time>
        <extensions>
          <ns3:TrackPointExtension>
            <ns3:hr>95</ns3:hr>
            <ns3:cad>40</ns3:cad>
          </ns3:TrackPointExtension>
        </extensions>
      </trkpt>
      <trkpt lat="46.37187288142740726470947265625" lon="23.5818229056894779205322265625">
        <ele>616.4000244140625</ele>
        <time>2022-06-11T10:09:15.000Z</time>
        <extensions>
          <ns3:TrackPointExtension>
            <ns3:hr>99</ns3:hr>
            <ns3:cad>77</ns3:cad>
          </ns3:TrackPointExtension>
        </extensions>
      </trkpt>
      <trkpt lat="46.37186869047582149505615234375" lon="23.58183573000133037567138671875">
        <ele>616.5999755859375</ele>
        <time>2022-06-11T10:09:17.000Z</time>
        <extensions>
          <ns3:TrackPointExtension>
            <ns3:hr>103</ns3:hr>
            <ns3:cad>75</ns3:cad>
          </ns3:TrackPointExtension>
        </extensions>
      </trkpt>
      <trkpt lat="46.3718605600297451019287109375" lon="23.58186875469982624053955078125">
        <ele>616.5999755859375</ele>
        <time>2022-06-11T10:09:20.000Z</time>
        <extensions>
          <ns3:TrackPointExtension>
            <ns3:hr>105</ns3:hr>
            <ns3:cad>75</ns3:cad>
          </ns3:TrackPointExtension>
        </extensions>
      </trkpt>
      <trkpt lat="46.3718481548130512237548828125" lon="23.58190613798797130584716796875">
        <ele>616.20001220703125</ele>
        <time>2022-06-11T10:09:23.000Z</time>
        <extensions>
          <ns3:TrackPointExtension>
            <ns3:hr>105</ns3:hr>
            <ns3:cad>45</ns3:cad>
          </ns3:TrackPointExtension>
        </extensions>
      </trkpt>
      <trkpt lat="46.37181890197098255157470703125" lon="23.5819427669048309326171875">
        <ele>616</ele>
        <time>2022-06-11T10:09:28.000Z</time>
        <extensions>
          <ns3:TrackPointExtension>
            <ns3:hr>104</ns3:hr>
            <ns3:cad>45</ns3:cad>
          </ns3:TrackPointExtension>
        </extensions>
      </trkpt>
      <trkpt lat="46.37181068770587444305419921875" lon="23.58195642940700054168701171875">
        <ele>615.5999755859375</ele>
        <time>2022-06-11T10:09:31.000Z</time>
        <extensions>
          <ns3:TrackPointExtension>
            <ns3:hr>103</ns3:hr>
            <ns3:cad>45</ns3:cad>
          </ns3:TrackPointExtension>
        </extensions>
      </trkpt>
      <trkpt lat="46.37181152589619159698486328125" lon="23.58200252987444400787353515625">
        <ele>615.20001220703125</ele>
        <time>2022-06-11T10:09:34.000Z</time>
        <extensions>
          <ns3:TrackPointExtension>
            <ns3:hr>102</ns3:hr>
            <ns3:cad>0</ns3:cad>
          </ns3:TrackPointExtension>
        </extensions>
      </trkpt>
      <trkpt lat="46.37181420810520648956298828125" lon="23.58206070028245449066162109375">
        <ele>614.79998779296875</ele>
        <time>2022-06-11T10:09:39.000Z</time>
        <extensions>
          <ns3:TrackPointExtension>
            <ns3:hr>99</ns3:hr>
            <ns3:cad>0</ns3:cad>
          </ns3:TrackPointExtension>
        </extensions>
      </trkpt>
      <trkpt lat="46.3718203268945217132568359375" lon="23.58209037221968173980712890625">
        <ele>615.20001220703125</ele>
        <time>2022-06-11T10:09:42.000Z</time>
        <extensions>
          <ns3:TrackPointExtension>
            <ns3:hr>97</ns3:hr>
            <ns3:cad>43</ns3:cad>
          </ns3:TrackPointExtension>
        </extensions>
      </trkpt>
      <trkpt lat="46.3718278706073760986328125" lon="23.58212691731750965118408203125">
        <ele>616.20001220703125</ele>
        <time>2022-06-11T10:09:48.000Z</time>
        <extensions>
          <ns3:TrackPointExtension>
            <ns3:hr>98</ns3:hr>
            <ns3:cad>70</ns3:cad>
          </ns3:TrackPointExtension>
        </extensions>
      </trkpt>
      <trkpt lat="46.371822170913219451904296875" lon="23.5821377299726009368896484375">
        <ele>616.4000244140625</ele>
        <time>2022-06-11T10:09:52.000Z</time>
        <extensions>
          <ns3:TrackPointExtension>
            <ns3:hr>101</ns3:hr>
            <ns3:cad>0</ns3:cad>
          </ns3:TrackPointExtension>
        </extensions>
      </trkpt>
      <trkpt lat="46.3718263618648052215576171875" lon="23.58214133419096469879150390625">
        <ele>616.4000244140625</ele>
        <time>2022-06-11T10:09:54.000Z</time>
        <extensions>
          <ns3:TrackPointExtension>
            <ns3:hr>102</ns3:hr>
            <ns3:cad>0</ns3:cad>
          </ns3:TrackPointExtension>
        </extensions>
      </trkpt>
      <trkpt lat="46.37182845734059810638427734375" lon="23.58215264976024627685546875">
        <ele>616.5999755859375</ele>
        <time>2022-06-11T10:09:57.000Z</time>
        <extensions>
          <ns3:TrackPointExtension>
            <ns3:hr>105</ns3:hr>
            <ns3:cad>0</ns3:cad>
          </ns3:TrackPointExtension>
        </extensions>
      </trkpt>
      <trkpt lat="46.37183465994894504547119140625" lon="23.58216849155724048614501953125">
        <ele>616.79998779296875</ele>
        <time>2022-06-11T10:09:59.000Z</time>
        <extensions>
          <ns3:TrackPointExtension>
            <ns3:hr>107</ns3:hr>
            <ns3:cad>0</ns3:cad>
          </ns3:TrackPointExtension>
        </extensions>
      </trkpt>
      <trkpt lat="46.37184723280370235443115234375" lon="23.58220352791249752044677734375">
        <ele>617</ele>
        <time>2022-06-11T10:10:02.000Z</time>
        <extensions>
          <ns3:TrackPointExtension>
            <ns3:hr>108</ns3:hr>
            <ns3:cad>0</ns3:cad>
          </ns3:TrackPointExtension>
        </extensions>
      </trkpt>
      <trkpt lat="46.3718437962234020233154296875" lon="23.58227158896625041961669921875">
        <ele>617.4000244140625</ele>
        <time>2022-06-11T10:10:09.000Z</time>
        <extensions>
          <ns3:TrackPointExtension>
            <ns3:hr>107</ns3:hr>
            <ns3:cad>68</ns3:cad>
          </ns3:TrackPointExtension>
        </extensions>
      </trkpt>
      <trkpt lat="46.3718498311936855316162109375" lon="23.5822983272373676300048828125">
        <ele>617.79998779296875</ele>
        <time>2022-06-11T10:10:11.000Z</time>
        <extensions>
          <ns3:TrackPointExtension>
            <ns3:hr>107</ns3:hr>
            <ns3:cad>69</ns3:cad>
          </ns3:TrackPointExtension>
        </extensions>
      </trkpt>
      <trkpt lat="46.37185729108750820159912109375" lon="23.58234166167676448822021484375">
        <ele>618.79998779296875</ele>
        <time>2022-06-11T10:10:16.000Z</time>
        <extensions>
          <ns3:TrackPointExtension>
            <ns3:hr>109</ns3:hr>
            <ns3:cad>76</ns3:cad>
          </ns3:TrackPointExtension>
        </extensions>
      </trkpt>
      <trkpt lat="46.37187506072223186492919921875" lon="23.582370579242706298828125">
        <ele>619.4000244140625</ele>
        <time>2022-06-11T10:10:19.000Z</time>
        <extensions>
          <ns3:TrackPointExtension>
            <ns3:hr>109</ns3:hr>
            <ns3:cad>76</ns3:cad>
          </ns3:TrackPointExtension>
        </extensions>
      </trkpt>
      <trkpt lat="46.3718756474554538726806640625" lon="23.58240670524537563323974609375">
        <ele>620</ele>
        <time>2022-06-11T10:10:23.000Z</time>
        <extensions>
          <ns3:TrackPointExtension>
            <ns3:hr>111</ns3:hr>
            <ns3:cad>63</ns3:cad>
          </ns3:TrackPointExtension>
        </extensions>
      </trkpt>
      <trkpt lat="46.37188847176730632781982421875" lon="23.5824424959719181060791015625">
        <ele>620.4000244140625</ele>
        <time>2022-06-11T10:10:27.000Z</time>
        <extensions>
          <ns3:TrackPointExtension>
            <ns3:hr>111</ns3:hr>
            <ns3:cad>70</ns3:cad>
          </ns3:TrackPointExtension>
        </extensions>
      </trkpt>
      <trkpt lat="46.3718987815082073211669921875" lon="23.5824880935251712799072265625">
        <ele>621</ele>
        <time>2022-06-11T10:10:33.000Z</time>
        <extensions>
          <ns3:TrackPointExtension>
            <ns3:hr>111</ns3:hr>
            <ns3:cad>65</ns3:cad>
          </ns3:TrackPointExtension>
        </extensions>
      </trkpt>
      <trkpt lat="46.371898949146270751953125" lon="23.5824988223612308502197265625">
        <ele>621</ele>
        <time>2022-06-11T10:10:34.000Z</time>
        <extensions>
          <ns3:TrackPointExtension>
            <ns3:hr>110</ns3:hr>
            <ns3:cad>65</ns3:cad>
          </ns3:TrackPointExtension>
        </extensions>
      </trkpt>
      <trkpt lat="46.37190707959234714508056640625" lon="23.58252287842333316802978515625">
        <ele>621.79998779296875</ele>
        <time>2022-06-11T10:10:38.000Z</time>
        <extensions>
          <ns3:TrackPointExtension>
            <ns3:hr>113</ns3:hr>
            <ns3:cad>0</ns3:cad>
          </ns3:TrackPointExtension>
        </extensions>
      </trkpt>
      <trkpt lat="46.37190707959234714508056640625" lon="23.58252690173685550689697265625">
        <ele>622</ele>
        <time>2022-06-11T10:10:39.000Z</time>
        <extensions>
          <ns3:TrackPointExtension>
            <ns3:hr>114</ns3:hr>
            <ns3:cad>0</ns3:cad>
          </ns3:TrackPointExtension>
        </extensions>
      </trkpt>
      <trkpt lat="46.3718900643289089202880859375" lon="23.58259253203868865966796875">
        <ele>623</ele>
        <time>2022-06-11T10:10:47.000Z</time>
        <extensions>
          <ns3:TrackPointExtension>
            <ns3:hr>116</ns3:hr>
            <ns3:cad>66</ns3:cad>
          </ns3:TrackPointExtension>
        </extensions>
      </trkpt>
      <trkpt lat="46.37189383618533611297607421875" lon="23.58259730972349643707275390625">
        <ele>623.20001220703125</ele>
        <time>2022-06-11T10:10:48.000Z</time>
        <extensions>
          <ns3:TrackPointExtension>
            <ns3:hr>116</ns3:hr>
            <ns3:cad>66</ns3:cad>
          </ns3:TrackPointExtension>
        </extensions>
      </trkpt>
      <trkpt lat="46.37190121226012706756591796875" lon="23.58263804577291011810302734375">
        <ele>623.79998779296875</ele>
        <time>2022-06-11T10:10:55.000Z</time>
        <extensions>
          <ns3:TrackPointExtension>
            <ns3:hr>116</ns3:hr>
            <ns3:cad>67</ns3:cad>
          </ns3:TrackPointExtension>
        </extensions>
      </trkpt>
      <trkpt lat="46.3719029724597930908203125" lon="23.582686074078083038330078125">
        <ele>624.20001220703125</ele>
        <time>2022-06-11T10:11:01.000Z</time>
        <extensions>
          <ns3:TrackPointExtension>
            <ns3:hr>113</ns3:hr>
            <ns3:cad>0</ns3:cad>
          </ns3:TrackPointExtension>
        </extensions>
      </trkpt>
      <trkpt lat="46.37190439738333225250244140625" lon="23.582688756287097930908203125">
        <ele>624.20001220703125</ele>
        <time>2022-06-11T10:11:02.000Z</time>
        <extensions>
          <ns3:TrackPointExtension>
            <ns3:hr>112</ns3:hr>
            <ns3:cad>0</ns3:cad>
          </ns3:TrackPointExtension>
        </extensions>
      </trkpt>
      <trkpt lat="46.371912024915218353271484375" lon="23.58270141296088695526123046875">
        <ele>624.4000244140625</ele>
        <time>2022-06-11T10:11:04.000Z</time>
        <extensions>
          <ns3:TrackPointExtension>
            <ns3:hr>112</ns3:hr>
            <ns3:cad>0</ns3:cad>
          </ns3:TrackPointExtension>
        </extensions>
      </trkpt>
      <trkpt lat="46.37191294692456722259521484375" lon="23.582742400467395782470703125">
        <ele>624.5999755859375</ele>
        <time>2022-06-11T10:11:08.000Z</time>
        <extensions>
          <ns3:TrackPointExtension>
            <ns3:hr>109</ns3:hr>
            <ns3:cad>0</ns3:cad>
          </ns3:TrackPointExtension>
        </extensions>
      </trkpt>
      <trkpt lat="46.37192065827548503875732421875" lon="23.58281155116856098175048828125">
        <ele>625.20001220703125</ele>
        <time>2022-06-11T10:11:13.000Z</time>
        <extensions>
          <ns3:TrackPointExtension>
            <ns3:hr>110</ns3:hr>
            <ns3:cad>69</ns3:cad>
          </ns3:TrackPointExtension>
        </extensions>
      </trkpt>
      <trkpt lat="46.371920406818389892578125" lon="23.5828220285475254058837890625">
        <ele>625.20001220703125</ele>
        <time>2022-06-11T10:11:14.000Z</time>
        <extensions>
          <ns3:TrackPointExtension>
            <ns3:hr>110</ns3:hr>
            <ns3:cad>69</ns3:cad>
          </ns3:TrackPointExtension>
        </extensions>
      </trkpt>
      <trkpt lat="46.3719356618821620941162109375" lon="23.58288011513650417327880859375">
        <ele>626.20001220703125</ele>
        <time>2022-06-11T10:11:20.000Z</time>
        <extensions>
          <ns3:TrackPointExtension>
            <ns3:hr>110</ns3:hr>
            <ns3:cad>67</ns3:cad>
          </ns3:TrackPointExtension>
        </extensions>
      </trkpt>
      <trkpt lat="46.3719380088150501251220703125" lon="23.5828927718102931976318359375">
        <ele>626.4000244140625</ele>
        <time>2022-06-11T10:11:22.000Z</time>
        <extensions>
          <ns3:TrackPointExtension>
            <ns3:hr>109</ns3:hr>
            <ns3:cad>67</ns3:cad>
          </ns3:TrackPointExtension>
        </extensions>
      </trkpt>
      <trkpt lat="46.3719286210834980010986328125" lon="23.58293778263032436370849609375">
        <ele>627</ele>
        <time>2022-06-11T10:11:27.000Z</time>
        <extensions>
          <ns3:TrackPointExtension>
            <ns3:hr>109</ns3:hr>
            <ns3:cad>68</ns3:cad>
          </ns3:TrackPointExtension>
        </extensions>
      </trkpt>
      <trkpt lat="46.37193406932055950164794921875" lon="23.58299511484801769256591796875">
        <ele>627.4000244140625</ele>
        <time>2022-06-11T10:11:32.000Z</time>
        <extensions>
          <ns3:TrackPointExtension>
            <ns3:hr>111</ns3:hr>
            <ns3:cad>42</ns3:cad>
          </ns3:TrackPointExtension>
        </extensions>
      </trkpt>
      <trkpt lat="46.3719403557479381561279296875" lon="23.5830231942236423492431640625">
        <ele>627.79998779296875</ele>
        <time>2022-06-11T10:11:34.000Z</time>
        <extensions>
          <ns3:TrackPointExtension>
            <ns3:hr>112</ns3:hr>
            <ns3:cad>42</ns3:cad>
          </ns3:TrackPointExtension>
        </extensions>
      </trkpt>
      <trkpt lat="46.37197447009384632110595703125" lon="23.58312536962330341339111328125">
        <ele>628.5999755859375</ele>
        <time>2022-06-11T10:11:42.000Z</time>
        <extensions>
          <ns3:TrackPointExtension>
            <ns3:hr>113</ns3:hr>
            <ns3:cad>42</ns3:cad>
          </ns3:TrackPointExtension>
        </extensions>
      </trkpt>
      <trkpt lat="46.3719809241592884063720703125" lon="23.58315118588507175445556640625">
        <ele>629.20001220703125</ele>
        <time>2022-06-11T10:11:44.000Z</time>
        <extensions>
          <ns3:TrackPointExtension>
            <ns3:hr>113</ns3:hr>
            <ns3:cad>42</ns3:cad>
          </ns3:TrackPointExtension>
        </extensions>
      </trkpt>
      <trkpt lat="46.37198888696730136871337890625" lon="23.58317767269909381866455078125">
        <ele>629.5999755859375</ele>
        <time>2022-06-11T10:11:46.000Z</time>
        <extensions>
          <ns3:TrackPointExtension>
            <ns3:hr>114</ns3:hr>
            <ns3:cad>42</ns3:cad>
          </ns3:TrackPointExtension>
        </extensions>
      </trkpt>
      <trkpt lat="46.37200447730720043182373046875" lon="23.5832119546830654144287109375">
        <ele>629.79998779296875</ele>
        <time>2022-06-11T10:11:49.000Z</time>
        <extensions>
          <ns3:TrackPointExtension>
            <ns3:hr>117</ns3:hr>
            <ns3:cad>49</ns3:cad>
          </ns3:TrackPointExtension>
        </extensions>
      </trkpt>
      <trkpt lat="46.37201788835227489471435546875" lon="23.583254031836986541748046875">
        <ele>630.4000244140625</ele>
        <time>2022-06-11T10:11:53.000Z</time>
        <extensions>
          <ns3:TrackPointExtension>
            <ns3:hr>119</ns3:hr>
            <ns3:cad>0</ns3:cad>
          </ns3:TrackPointExtension>
        </extensions>
      </trkpt>
      <trkpt lat="46.37204085476696491241455078125" lon="23.58332150615751743316650390625">
        <ele>630.5999755859375</ele>
        <time>2022-06-11T10:11:58.000Z</time>
        <extensions>
          <ns3:TrackPointExtension>
            <ns3:hr>118</ns3:hr>
            <ns3:cad>51</ns3:cad>
          </ns3:TrackPointExtension>
        </extensions>
      </trkpt>
      <trkpt lat="46.37204253114759922027587890625" lon="23.5833482444286346435546875">
        <ele>630.5999755859375</ele>
        <time>2022-06-11T10:12:00.000Z</time>
        <extensions>
          <ns3:TrackPointExtension>
            <ns3:hr>117</ns3:hr>
            <ns3:cad>51</ns3:cad>
          </ns3:TrackPointExtension>
        </extensions>
      </trkpt>
      <trkpt lat="46.37205895967781543731689453125" lon="23.58348436653614044189453125">
        <ele>630.79998779296875</ele>
        <time>2022-06-11T10:12:08.000Z</time>
        <extensions>
          <ns3:TrackPointExtension>
            <ns3:hr>116</ns3:hr>
            <ns3:cad>47</ns3:cad>
          </ns3:TrackPointExtension>
        </extensions>
      </trkpt>
      <trkpt lat="46.372070610523223876953125" lon="23.58353189192712306976318359375">
        <ele>631</ele>
        <time>2022-06-11T10:12:11.000Z</time>
        <extensions>
          <ns3:TrackPointExtension>
            <ns3:hr>113</ns3:hr>
            <ns3:cad>46</ns3:cad>
          </ns3:TrackPointExtension>
        </extensions>
      </trkpt>
      <trkpt lat="46.3721014559268951416015625" lon="23.58361336402595043182373046875">
        <ele>631.4000244140625</ele>
        <time>2022-06-11T10:12:17.000Z</time>
        <extensions>
          <ns3:TrackPointExtension>
            <ns3:hr>110</ns3:hr>
            <ns3:cad>44</ns3:cad>
          </ns3:TrackPointExtension>
        </extensions>
      </trkpt>
      <trkpt lat="46.37210841290652751922607421875" lon="23.58363146893680095672607421875">
        <ele>631.5999755859375</ele>
        <time>2022-06-11T10:12:18.000Z</time>
        <extensions>
          <ns3:TrackPointExtension>
            <ns3:hr>110</ns3:hr>
            <ns3:cad>44</ns3:cad>
          </ns3:TrackPointExtension>
        </extensions>
      </trkpt>
      <trkpt lat="46.37211461551487445831298828125" lon="23.583659045398235321044921875">
        <ele>631.5999755859375</ele>
        <time>2022-06-11T10:12:20.000Z</time>
        <extensions>
          <ns3:TrackPointExtension>
            <ns3:hr>108</ns3:hr>
            <ns3:cad>46</ns3:cad>
          </ns3:TrackPointExtension>
        </extensions>
      </trkpt>
      <trkpt lat="46.372124589979648590087890625" lon="23.58374177478253841400146484375">
        <ele>631.79998779296875</ele>
        <time>2022-06-11T10:12:25.000Z</time>
        <extensions>
          <ns3:TrackPointExtension>
            <ns3:hr>108</ns3:hr>
            <ns3:cad>0</ns3:cad>
          </ns3:TrackPointExtension>
        </extensions>
      </trkpt>
      <trkpt lat="46.372160799801349639892578125" lon="23.5838377475738525390625">
        <ele>631.79998779296875</ele>
        <time>2022-06-11T10:12:31.000Z</time>
        <extensions>
          <ns3:TrackPointExtension>
            <ns3:hr>110</ns3:hr>
            <ns3:cad>49</ns3:cad>
          </ns3:TrackPointExtension>
        </extensions>
      </trkpt>
      <trkpt lat="46.3721740432083606719970703125" lon="23.58386951498687267303466796875">
        <ele>631.79998779296875</ele>
        <time>2022-06-11T10:12:33.000Z</time>
        <extensions>
          <ns3:TrackPointExtension>
            <ns3:hr>110</ns3:hr>
            <ns3:cad>49</ns3:cad>
          </ns3:TrackPointExtension>
        </extensions>
      </trkpt>
      <trkpt lat="46.37222274206578731536865234375" lon="23.5839800722897052764892578125">
        <ele>632.5999755859375</ele>
        <time>2022-06-11T10:12:42.000Z</time>
        <extensions>
          <ns3:TrackPointExtension>
            <ns3:hr>108</ns3:hr>
            <ns3:cad>43</ns3:cad>
          </ns3:TrackPointExtension>
        </extensions>
      </trkpt>
      <trkpt lat="46.37222777120769023895263671875" lon="23.58398417942225933074951171875">
        <ele>632.79998779296875</ele>
        <time>2022-06-11T10:12:43.000Z</time>
        <extensions>
          <ns3:TrackPointExtension>
            <ns3:hr>108</ns3:hr>
            <ns3:cad>40</ns3:cad>
          </ns3:TrackPointExtension>
        </extensions>
      </trkpt>
      <trkpt lat="46.372260041534900665283203125" lon="23.584002368152141571044921875">
        <ele>633.5999755859375</ele>
        <time>2022-06-11T10:12:48.000Z</time>
        <extensions>
          <ns3:TrackPointExtension>
            <ns3:hr>110</ns3:hr>
            <ns3:cad>65</ns3:cad>
          </ns3:TrackPointExtension>
        </extensions>
      </trkpt>
      <trkpt lat="46.372278816998004913330078125" lon="23.58400714583694934844970703125">
        <ele>634</ele>
        <time>2022-06-11T10:12:50.000Z</time>
        <extensions>
          <ns3:TrackPointExtension>
            <ns3:hr>111</ns3:hr>
            <ns3:cad>70</ns3:cad>
          </ns3:TrackPointExtension>
        </extensions>
      </trkpt>
      <trkpt lat="46.372304968535900115966796875" lon="23.584001027047634124755859375">
        <ele>635.20001220703125</ele>
        <time>2022-06-11T10:12:54.000Z</time>
        <extensions>
          <ns3:TrackPointExtension>
            <ns3:hr>113</ns3:hr>
            <ns3:cad>70</ns3:cad>
          </ns3:TrackPointExtension>
        </extensions>
      </trkpt>
      <trkpt lat="46.3723312877118587493896484375" lon="23.58400228433310985565185546875">
        <ele>635.5999755859375</ele>
        <time>2022-06-11T10:12:57.000Z</time>
        <extensions>
          <ns3:TrackPointExtension>
            <ns3:hr>113</ns3:hr>
            <ns3:cad>71</ns3:cad>
          </ns3:TrackPointExtension>
        </extensions>
      </trkpt>
      <trkpt lat="46.37234159745275974273681640625" lon="23.58400479890406131744384765625">
        <ele>635.79998779296875</ele>
        <time>2022-06-11T10:12:58.000Z</time>
        <extensions>
          <ns3:TrackPointExtension>
            <ns3:hr>113</ns3:hr>
            <ns3:cad>71</ns3:cad>
          </ns3:TrackPointExtension>
        </extensions>
      </trkpt>
      <trkpt lat="46.37240446172654628753662109375" lon="23.58399826101958751678466796875">
        <ele>636</ele>
        <time>2022-06-11T10:13:08.000Z</time>
        <extensions>
          <ns3:TrackPointExtension>
            <ns3:hr>114</ns3:hr>
            <ns3:cad>77</ns3:cad>
          </ns3:TrackPointExtension>
        </extensions>
      </trkpt>
      <trkpt lat="46.37240949086844921112060546875" lon="23.58399222604930400848388671875">
        <ele>636.20001220703125</ele>
        <time>2022-06-11T10:13:11.000Z</time>
        <extensions>
          <ns3:TrackPointExtension>
            <ns3:hr>113</ns3:hr>
            <ns3:cad>0</ns3:cad>
          </ns3:TrackPointExtension>
        </extensions>
      </trkpt>
      <trkpt lat="46.37241485528647899627685546875" lon="23.5839854367077350616455078125">
        <ele>636.20001220703125</ele>
        <time>2022-06-11T10:13:15.000Z</time>
        <extensions>
          <ns3:TrackPointExtension>
            <ns3:hr>113</ns3:hr>
            <ns3:cad>0</ns3:cad>
          </ns3:TrackPointExtension>
        </extensions>
      </trkpt>
      <trkpt lat="46.37242608703672885894775390625" lon="23.58399172313511371612548828125">
        <ele>636</ele>
        <time>2022-06-11T10:13:19.000Z</time>
        <extensions>
          <ns3:TrackPointExtension>
            <ns3:hr>110</ns3:hr>
            <ns3:cad>0</ns3:cad>
          </ns3:TrackPointExtension>
        </extensions>
      </trkpt>
      <trkpt lat="46.37242776341736316680908203125" lon="23.58400127850472927093505859375">
        <ele>636.20001220703125</ele>
        <time>2022-06-11T10:13:23.000Z</time>
        <extensions>
          <ns3:TrackPointExtension>
            <ns3:hr>107</ns3:hr>
            <ns3:cad>0</ns3:cad>
          </ns3:TrackPointExtension>
        </extensions>
      </trkpt>
      <trkpt lat="46.37242776341736316680908203125" lon="23.58400178141891956329345703125">
        <ele>636.5999755859375</ele>
        <time>2022-06-11T10:13:30.000Z</time>
        <extensions>
          <ns3:TrackPointExtension>
            <ns3:hr>110</ns3:hr>
            <ns3:cad>0</ns3:cad>
          </ns3:TrackPointExtension>
        </extensions>
      </trkpt>
      <trkpt lat="46.37242776341736316680908203125" lon="23.58400178141891956329345703125">
        <ele>636.4000244140625</ele>
        <time>2022-06-11T10:13:34.000Z</time>
        <extensions>
          <ns3:TrackPointExtension>
            <ns3:hr>107</ns3:hr>
            <ns3:cad>0</ns3:cad>
          </ns3:TrackPointExtension>
        </extensions>
      </trkpt>
      <trkpt lat="46.372427679598331451416015625" lon="23.584001362323760986328125">
        <ele>636.4000244140625</ele>
        <time>2022-06-11T10:13:35.000Z</time>
        <extensions>
          <ns3:TrackPointExtension>
            <ns3:hr>104</ns3:hr>
            <ns3:cad>0</ns3:cad>
          </ns3:TrackPointExtension>
        </extensions>
      </trkpt>
      <trkpt lat="46.3724271766841411590576171875" lon="23.58400010503828525543212890625">
        <ele>636.5999755859375</ele>
        <time>2022-06-11T10:13:38.000Z</time>
        <extensions>
          <ns3:TrackPointExtension>
            <ns3:hr>101</ns3:hr>
            <ns3:cad>0</ns3:cad>
          </ns3:TrackPointExtension>
        </extensions>
      </trkpt>
      <trkpt lat="46.3724260032176971435546875" lon="23.58399809338152408599853515625">
        <ele>636.5999755859375</ele>
        <time>2022-06-11T10:13:44.000Z</time>
        <extensions>
          <ns3:TrackPointExtension>
            <ns3:hr>98</ns3:hr>
            <ns3:cad>0</ns3:cad>
          </ns3:TrackPointExtension>
        </extensions>
      </trkpt>
      <trkpt lat="46.37242541648447513580322265625" lon="23.5839973390102386474609375">
        <ele>637</ele>
        <time>2022-06-11T10:13:54.000Z</time>
        <extensions>
          <ns3:TrackPointExtension>
            <ns3:hr>95</ns3:hr>
            <ns3:cad>0</ns3:cad>
          </ns3:TrackPointExtension>
        </extensions>
      </trkpt>
      <trkpt lat="46.37242474593222141265869140625" lon="23.58399541117250919342041015625">
        <ele>636.4000244140625</ele>
        <time>2022-06-11T10:13:57.000Z</time>
        <extensions>
          <ns3:TrackPointExtension>
            <ns3:hr>92</ns3:hr>
            <ns3:cad>0</ns3:cad>
          </ns3:TrackPointExtension>
        </extensions>
      </trkpt>
      <trkpt lat="46.37242374010384082794189453125" lon="23.58399088494479656219482421875">
        <ele>636</ele>
        <time>2022-06-11T10:14:08.000Z</time>
        <extensions>
          <ns3:TrackPointExtension>
            <ns3:hr>95</ns3:hr>
            <ns3:cad>0</ns3:cad>
          </ns3:TrackPointExtension>
        </extensions>
      </trkpt>
      <trkpt lat="46.37241519056260585784912109375" lon="23.58397898264229297637939453125">
        <ele>635.20001220703125</ele>
        <time>2022-06-11T10:14:19.000Z</time>
        <extensions>
          <ns3:TrackPointExtension>
            <ns3:hr>94</ns3:hr>
            <ns3:cad>0</ns3:cad>
          </ns3:TrackPointExtension>
        </extensions>
      </trkpt>
      <trkpt lat="46.37241519056260585784912109375" lon="23.58397881500422954559326171875">
        <ele>635.20001220703125</ele>
        <time>2022-06-11T10:14:24.000Z</time>
        <extensions>
          <ns3:TrackPointExtension>
            <ns3:hr>91</ns3:hr>
            <ns3:cad>0</ns3:cad>
          </ns3:TrackPointExtension>
        </extensions>
      </trkpt>
      <trkpt lat="46.37242021970450878143310546875" lon="23.583978898823261260986328125">
        <ele>634.20001220703125</ele>
        <time>2022-06-11T10:14:40.000Z</time>
        <extensions>
          <ns3:TrackPointExtension>
            <ns3:hr>88</ns3:hr>
            <ns3:cad>0</ns3:cad>
          </ns3:TrackPointExtension>
        </extensions>
      </trkpt>
      <trkpt lat="46.3724244944751262664794921875" lon="23.58397948555648326873779296875">
        <ele>634.5999755859375</ele>
        <time>2022-06-11T10:14:49.000Z</time>
        <extensions>
          <ns3:TrackPointExtension>
            <ns3:hr>85</ns3:hr>
            <ns3:cad>0</ns3:cad>
          </ns3:TrackPointExtension>
        </extensions>
      </trkpt>
      <trkpt lat="46.3724265061318874359130859375" lon="23.583980239927768707275390625">
        <ele>634.20001220703125</ele>
        <time>2022-06-11T10:14:56.000Z</time>
        <extensions>
          <ns3:TrackPointExtension>
            <ns3:hr>86</ns3:hr>
            <ns3:cad>0</ns3:cad>
          </ns3:TrackPointExtension>
        </extensions>
      </trkpt>
      <trkpt lat="46.37242793105542659759521484375" lon="23.58398116193711757659912109375">
        <ele>634.5999755859375</ele>
        <time>2022-06-11T10:15:05.000Z</time>
        <extensions>
          <ns3:TrackPointExtension>
            <ns3:hr>89</ns3:hr>
            <ns3:cad>0</ns3:cad>
          </ns3:TrackPointExtension>
        </extensions>
      </trkpt>
      <trkpt lat="46.37242776341736316680908203125" lon="23.58398149721324443817138671875">
        <ele>635</ele>
        <time>2022-06-11T10:15:08.000Z</time>
        <extensions>
          <ns3:TrackPointExtension>
            <ns3:hr>93</ns3:hr>
            <ns3:cad>0</ns3:cad>
          </ns3:TrackPointExtension>
        </extensions>
      </trkpt>
      <trkpt lat="46.372427679598331451416015625" lon="23.583981581032276153564453125">
        <ele>635</ele>
        <time>2022-06-11T10:15:09.000Z</time>
        <extensions>
          <ns3:TrackPointExtension>
            <ns3:hr>96</ns3:hr>
            <ns3:cad>0</ns3:cad>
          </ns3:TrackPointExtension>
        </extensions>
      </trkpt>
      <trkpt lat="46.3724275119602680206298828125" lon="23.58398166485130786895751953125">
        <ele>634.79998779296875</ele>
        <time>2022-06-11T10:15:11.000Z</time>
        <extensions>
          <ns3:TrackPointExtension>
            <ns3:hr>99</ns3:hr>
            <ns3:cad>0</ns3:cad>
          </ns3:TrackPointExtension>
        </extensions>
      </trkpt>
      <trkpt lat="46.37242759577929973602294921875" lon="23.58398099429905414581298828125">
        <ele>634.20001220703125</ele>
        <time>2022-06-11T10:15:21.000Z</time>
        <extensions>
          <ns3:TrackPointExtension>
            <ns3:hr>102</ns3:hr>
            <ns3:cad>0</ns3:cad>
          </ns3:TrackPointExtension>
        </extensions>
      </trkpt>
      <trkpt lat="46.3724288530647754669189453125" lon="23.583981581032276153564453125">
        <ele>634.4000244140625</ele>
        <time>2022-06-11T10:15:29.000Z</time>
        <extensions>
          <ns3:TrackPointExtension>
            <ns3:hr>99</ns3:hr>
            <ns3:cad>0</ns3:cad>
          </ns3:TrackPointExtension>
        </extensions>
      </trkpt>
      <trkpt lat="46.37243044562637805938720703125" lon="23.5839817486703395843505859375">
        <ele>634.20001220703125</ele>
        <time>2022-06-11T10:15:31.000Z</time>
        <extensions>
          <ns3:TrackPointExtension>
            <ns3:hr>96</ns3:hr>
            <ns3:cad>0</ns3:cad>
          </ns3:TrackPointExtension>
        </extensions>
      </trkpt>
      <trkpt lat="46.37243245728313922882080078125" lon="23.58398191630840301513671875">
        <ele>634.20001220703125</ele>
        <time>2022-06-11T10:15:41.000Z</time>
        <extensions>
          <ns3:TrackPointExtension>
            <ns3:hr>93</ns3:hr>
            <ns3:cad>0</ns3:cad>
          </ns3:TrackPointExtension>
        </extensions>
      </trkpt>
      <trkpt lat="46.37243262492120265960693359375" lon="23.58398191630840301513671875">
        <ele>634.20001220703125</ele>
        <time>2022-06-11T10:15:44.000Z</time>
        <extensions>
          <ns3:TrackPointExtension>
            <ns3:hr>90</ns3:hr>
            <ns3:cad>0</ns3:cad>
          </ns3:TrackPointExtension>
        </extensions>
      </trkpt>
      <trkpt lat="46.37243279255926609039306640625" lon="23.58398191630840301513671875">
        <ele>634.20001220703125</ele>
        <time>2022-06-11T10:15:46.000Z</time>
        <extensions>
          <ns3:TrackPointExtension>
            <ns3:hr>87</ns3:hr>
            <ns3:cad>0</ns3:cad>
          </ns3:TrackPointExtension>
        </extensions>
      </trkpt>
      <trkpt lat="46.37243296019732952117919921875" lon="23.58398191630840301513671875">
        <ele>634</ele>
        <time>2022-06-11T10:15:49.000Z</time>
        <extensions>
          <ns3:TrackPointExtension>
            <ns3:hr>84</ns3:hr>
            <ns3:cad>0</ns3:cad>
          </ns3:TrackPointExtension>
        </extensions>
      </trkpt>
      <trkpt lat="46.3724342174828052520751953125" lon="23.5839817486703395843505859375">
        <ele>634.20001220703125</ele>
        <time>2022-06-11T10:15:57.000Z</time>
        <extensions>
          <ns3:TrackPointExtension>
            <ns3:hr>81</ns3:hr>
            <ns3:cad>0</ns3:cad>
          </ns3:TrackPointExtension>
        </extensions>
      </trkpt>
      <trkpt lat="46.3724345527589321136474609375" lon="23.58397127129137516021728515625">
        <ele>634.20001220703125</ele>
        <time>2022-06-11T10:16:31.000Z</time>
        <extensions>
          <ns3:TrackPointExtension>
            <ns3:hr>85</ns3:hr>
            <ns3:cad>0</ns3:cad>
          </ns3:TrackPointExtension>
        </extensions>
      </trkpt>
      <trkpt lat="46.37243463657796382904052734375" lon="23.583970852196216583251953125">
        <ele>634.20001220703125</ele>
        <time>2022-06-11T10:16:33.000Z</time>
        <extensions>
          <ns3:TrackPointExtension>
            <ns3:hr>88</ns3:hr>
            <ns3:cad>0</ns3:cad>
          </ns3:TrackPointExtension>
        </extensions>
      </trkpt>
      <trkpt lat="46.37243472039699554443359375" lon="23.58396993018686771392822265625">
        <ele>634.20001220703125</ele>
        <time>2022-06-11T10:16:46.000Z</time>
        <extensions>
          <ns3:TrackPointExtension>
            <ns3:hr>91</ns3:hr>
            <ns3:cad>0</ns3:cad>
          </ns3:TrackPointExtension>
        </extensions>
      </trkpt>
      <trkpt lat="46.3724338822066783905029296875" lon="23.5839713551104068756103515625">
        <ele>634.20001220703125</ele>
        <time>2022-06-11T10:17:15.000Z</time>
        <extensions>
          <ns3:TrackPointExtension>
            <ns3:hr>94</ns3:hr>
            <ns3:cad>0</ns3:cad>
          </ns3:TrackPointExtension>
        </extensions>
      </trkpt>
      <trkpt lat="46.37243245728313922882080078125" lon="23.58397278003394603729248046875">
        <ele>634.20001220703125</ele>
        <time>2022-06-11T10:18:00.000Z</time>
        <extensions>
          <ns3:TrackPointExtension>
            <ns3:hr>91</ns3:hr>
            <ns3:cad>0</ns3:cad>
          </ns3:TrackPointExtension>
        </extensions>
      </trkpt>
      <trkpt lat="46.37243212200701236724853515625" lon="23.58397311531007289886474609375">
        <ele>634.20001220703125</ele>
        <time>2022-06-11T10:18:14.000Z</time>
        <extensions>
          <ns3:TrackPointExtension>
            <ns3:hr>88</ns3:hr>
            <ns3:cad>0</ns3:cad>
          </ns3:TrackPointExtension>
        </extensions>
      </trkpt>
      <trkpt lat="46.37243195436894893646240234375" lon="23.58397328294813632965087890625">
        <ele>634.20001220703125</ele>
        <time>2022-06-11T10:18:18.000Z</time>
        <extensions>
          <ns3:TrackPointExtension>
            <ns3:hr>85</ns3:hr>
            <ns3:cad>0</ns3:cad>
          </ns3:TrackPointExtension>
        </extensions>
      </trkpt>
      <trkpt lat="46.37243195436894893646240234375" lon="23.5839731991291046142578125">
        <ele>634.20001220703125</ele>
        <time>2022-06-11T10:18:20.000Z</time>
        <extensions>
          <ns3:TrackPointExtension>
            <ns3:hr>82</ns3:hr>
            <ns3:cad>0</ns3:cad>
          </ns3:TrackPointExtension>
        </extensions>
      </trkpt>
      <trkpt lat="46.37243178673088550567626953125" lon="23.58397328294813632965087890625">
        <ele>634.20001220703125</ele>
        <time>2022-06-11T10:18:27.000Z</time>
        <extensions>
          <ns3:TrackPointExtension>
            <ns3:hr>79</ns3:hr>
            <ns3:cad>0</ns3:cad>
          </ns3:TrackPointExtension>
        </extensions>
      </trkpt>
      <trkpt lat="46.37243145145475864410400390625" lon="23.5839737020432949066162109375">
        <ele>634.20001220703125</ele>
        <time>2022-06-11T10:18:36.000Z</time>
        <extensions>
          <ns3:TrackPointExtension>
            <ns3:hr>82</ns3:hr>
            <ns3:cad>0</ns3:cad>
          </ns3:TrackPointExtension>
        </extensions>
      </trkpt>
      <trkpt lat="46.3724313676357269287109375" lon="23.58397361822426319122314453125">
        <ele>634.20001220703125</ele>
        <time>2022-06-11T10:18:38.000Z</time>
        <extensions>
          <ns3:TrackPointExtension>
            <ns3:hr>86</ns3:hr>
            <ns3:cad>0</ns3:cad>
          </ns3:TrackPointExtension>
        </extensions>
      </trkpt>
      <trkpt lat="46.37243128381669521331787109375" lon="23.58397361822426319122314453125">
        <ele>634.20001220703125</ele>
        <time>2022-06-11T10:18:40.000Z</time>
        <extensions>
          <ns3:TrackPointExtension>
            <ns3:hr>89</ns3:hr>
            <ns3:cad>0</ns3:cad>
          </ns3:TrackPointExtension>
        </extensions>
      </trkpt>
      <trkpt lat="46.37243111617863178253173828125" lon="23.5839737020432949066162109375">
        <ele>634.20001220703125</ele>
        <time>2022-06-11T10:18:44.000Z</time>
        <extensions>
          <ns3:TrackPointExtension>
            <ns3:hr>92</ns3:hr>
            <ns3:cad>0</ns3:cad>
          </ns3:TrackPointExtension>
        </extensions>
      </trkpt>
      <trkpt lat="46.37243094854056835174560546875" lon="23.58397378586232662200927734375">
        <ele>634.20001220703125</ele>
        <time>2022-06-11T10:18:51.000Z</time>
        <extensions>
          <ns3:TrackPointExtension>
            <ns3:hr>95</ns3:hr>
            <ns3:cad>0</ns3:cad>
          </ns3:TrackPointExtension>
        </extensions>
      </trkpt>
      <trkpt lat="46.3724308647215366363525390625" lon="23.5839740373194217681884765625">
        <ele>634.20001220703125</ele>
        <time>2022-06-11T10:19:01.000Z</time>
        <extensions>
          <ns3:TrackPointExtension>
            <ns3:hr>92</ns3:hr>
            <ns3:cad>0</ns3:cad>
          </ns3:TrackPointExtension>
        </extensions>
      </trkpt>
      <trkpt lat="46.37243078090250492095947265625" lon="23.58397412113845348358154296875">
        <ele>634.20001220703125</ele>
        <time>2022-06-11T10:19:06.000Z</time>
        <extensions>
          <ns3:TrackPointExtension>
            <ns3:hr>89</ns3:hr>
            <ns3:cad>0</ns3:cad>
          </ns3:TrackPointExtension>
        </extensions>
      </trkpt>
      <trkpt lat="46.37243044562637805938720703125" lon="23.583974875509738922119140625">
        <ele>634.20001220703125</ele>
        <time>2022-06-11T10:19:23.000Z</time>
        <extensions>
          <ns3:TrackPointExtension>
            <ns3:hr>86</ns3:hr>
            <ns3:cad>0</ns3:cad>
          </ns3:TrackPointExtension>
        </extensions>
      </trkpt>
      <trkpt lat="46.37243027798831462860107421875" lon="23.58397512696683406829833984375">
        <ele>634.20001220703125</ele>
        <time>2022-06-11T10:19:33.000Z</time>
        <extensions>
          <ns3:TrackPointExtension>
            <ns3:hr>89</ns3:hr>
            <ns3:cad>0</ns3:cad>
          </ns3:TrackPointExtension>
        </extensions>
      </trkpt>
      <trkpt lat="46.37242935597896575927734375" lon="23.58397546224296092987060546875">
        <ele>634.20001220703125</ele>
        <time>2022-06-11T10:20:05.000Z</time>
        <extensions>
          <ns3:TrackPointExtension>
            <ns3:hr>92</ns3:hr>
            <ns3:cad>0</ns3:cad>
          </ns3:TrackPointExtension>
        </extensions>
      </trkpt>
      <trkpt lat="46.37242910452187061309814453125" lon="23.58397562988102436065673828125">
        <ele>634.20001220703125</ele>
        <time>2022-06-11T10:20:13.000Z</time>
        <extensions>
          <ns3:TrackPointExtension>
            <ns3:hr>89</ns3:hr>
            <ns3:cad>0</ns3:cad>
          </ns3:TrackPointExtension>
        </extensions>
      </trkpt>
      <trkpt lat="46.37242910452187061309814453125" lon="23.5839757137000560760498046875">
        <ele>634.20001220703125</ele>
        <time>2022-06-11T10:20:16.000Z</time>
        <extensions>
          <ns3:TrackPointExtension>
            <ns3:hr>85</ns3:hr>
            <ns3:cad>0</ns3:cad>
          </ns3:TrackPointExtension>
        </extensions>
      </trkpt>
      <trkpt lat="46.372429020702838897705078125" lon="23.5839760489761829376220703125">
        <ele>631.20001220703125</ele>
        <time>2022-06-11T10:20:23.000Z</time>
        <extensions>
          <ns3:TrackPointExtension>
            <ns3:hr>86</ns3:hr>
            <ns3:cad>0</ns3:cad>
          </ns3:TrackPointExtension>
        </extensions>
      </trkpt>
      <trkpt lat="46.3724288530647754669189453125" lon="23.5839767195284366607666015625">
        <ele>631</ele>
        <time>2022-06-11T10:20:37.000Z</time>
        <extensions>
          <ns3:TrackPointExtension>
            <ns3:hr>89</ns3:hr>
            <ns3:cad>0</ns3:cad>
          </ns3:TrackPointExtension>
        </extensions>
      </trkpt>
      <trkpt lat="46.3724288530647754669189453125" lon="23.5839770548045635223388671875">
        <ele>631</ele>
        <time>2022-06-11T10:20:44.000Z</time>
        <extensions>
          <ns3:TrackPointExtension>
            <ns3:hr>86</ns3:hr>
            <ns3:cad>0</ns3:cad>
          </ns3:TrackPointExtension>
        </extensions>
      </trkpt>
      <trkpt lat="46.37242843396961688995361328125" lon="23.5839773900806903839111328125">
        <ele>630.79998779296875</ele>
        <time>2022-06-11T10:21:02.000Z</time>
        <extensions>
          <ns3:TrackPointExtension>
            <ns3:hr>89</ns3:hr>
            <ns3:cad>0</ns3:cad>
          </ns3:TrackPointExtension>
        </extensions>
      </trkpt>
      <trkpt lat="46.372428350150585174560546875" lon="23.58397747389972209930419921875">
        <ele>631.4000244140625</ele>
        <time>2022-06-11T10:21:07.000Z</time>
        <extensions>
          <ns3:TrackPointExtension>
            <ns3:hr>92</ns3:hr>
            <ns3:cad>0</ns3:cad>
          </ns3:TrackPointExtension>
        </extensions>
      </trkpt>
      <trkpt lat="46.37242843396961688995361328125" lon="23.583977557718753814697265625">
        <ele>631</ele>
        <time>2022-06-11T10:21:12.000Z</time>
        <extensions>
          <ns3:TrackPointExtension>
            <ns3:hr>89</ns3:hr>
            <ns3:cad>0</ns3:cad>
          </ns3:TrackPointExtension>
        </extensions>
      </trkpt>
      <trkpt lat="46.372428350150585174560546875" lon="23.58397764153778553009033203125">
        <ele>630.79998779296875</ele>
        <time>2022-06-11T10:21:17.000Z</time>
        <extensions>
          <ns3:TrackPointExtension>
            <ns3:hr>86</ns3:hr>
            <ns3:cad>0</ns3:cad>
          </ns3:TrackPointExtension>
        </extensions>
      </trkpt>
      <trkpt lat="46.37242801487445831298828125" lon="23.58397789299488067626953125">
        <ele>631</ele>
        <time>2022-06-11T10:21:34.000Z</time>
        <extensions>
          <ns3:TrackPointExtension>
            <ns3:hr>83</ns3:hr>
            <ns3:cad>0</ns3:cad>
          </ns3:TrackPointExtension>
        </extensions>
      </trkpt>
      <trkpt lat="46.3724278472363948822021484375" lon="23.5839780606329441070556640625">
        <ele>631</ele>
        <time>2022-06-11T10:21:40.000Z</time>
        <extensions>
          <ns3:TrackPointExtension>
            <ns3:hr>80</ns3:hr>
            <ns3:cad>0</ns3:cad>
          </ns3:TrackPointExtension>
        </extensions>
      </trkpt>
      <trkpt lat="46.37242734432220458984375" lon="23.58397923409938812255859375">
        <ele>631</ele>
        <time>2022-06-11T10:22:19.000Z</time>
        <extensions>
          <ns3:TrackPointExtension>
            <ns3:hr>77</ns3:hr>
            <ns3:cad>0</ns3:cad>
          </ns3:TrackPointExtension>
        </extensions>
      </trkpt>
      <trkpt lat="46.37242709286510944366455078125" lon="23.58397931791841983795166015625">
        <ele>633.5999755859375</ele>
        <time>2022-06-11T10:22:25.000Z</time>
        <extensions>
          <ns3:TrackPointExtension>
            <ns3:hr>78</ns3:hr>
            <ns3:cad>0</ns3:cad>
          </ns3:TrackPointExtension>
        </extensions>
      </trkpt>
      <trkpt lat="46.372427009046077728271484375" lon="23.58397948555648326873779296875">
        <ele>634.79998779296875</ele>
        <time>2022-06-11T10:22:34.000Z</time>
        <extensions>
          <ns3:TrackPointExtension>
            <ns3:hr>79</ns3:hr>
            <ns3:cad>0</ns3:cad>
          </ns3:TrackPointExtension>
        </extensions>
      </trkpt>
      <trkpt lat="46.37242675758898258209228515625" lon="23.583979569375514984130859375">
        <ele>635.79998779296875</ele>
        <time>2022-06-11T10:22:44.000Z</time>
        <extensions>
          <ns3:TrackPointExtension>
            <ns3:hr>77</ns3:hr>
            <ns3:cad>0</ns3:cad>
          </ns3:TrackPointExtension>
        </extensions>
      </trkpt>
      <trkpt lat="46.3724265061318874359130859375" lon="23.58397982083261013031005859375">
        <ele>635.4000244140625</ele>
        <time>2022-06-11T10:22:58.000Z</time>
        <extensions>
          <ns3:TrackPointExtension>
            <ns3:hr>81</ns3:hr>
            <ns3:cad>0</ns3:cad>
          </ns3:TrackPointExtension>
        </extensions>
      </trkpt>
      <trkpt lat="46.372426338493824005126953125" lon="23.5839800722897052764892578125">
        <ele>635.79998779296875</ele>
        <time>2022-06-11T10:23:10.000Z</time>
        <extensions>
          <ns3:TrackPointExtension>
            <ns3:hr>78</ns3:hr>
            <ns3:cad>0</ns3:cad>
          </ns3:TrackPointExtension>
        </extensions>
      </trkpt>
      <trkpt lat="46.37242625467479228973388671875" lon="23.58398032374680042266845703125">
        <ele>634.79998779296875</ele>
        <time>2022-06-11T10:23:19.000Z</time>
        <extensions>
          <ns3:TrackPointExtension>
            <ns3:hr>79</ns3:hr>
            <ns3:cad>0</ns3:cad>
          </ns3:TrackPointExtension>
        </extensions>
      </trkpt>
      <trkpt lat="46.3724261708557605743408203125" lon="23.5839804075658321380615234375">
        <ele>635.4000244140625</ele>
        <time>2022-06-11T10:23:24.000Z</time>
        <extensions>
          <ns3:TrackPointExtension>
            <ns3:hr>82</ns3:hr>
            <ns3:cad>0</ns3:cad>
          </ns3:TrackPointExtension>
        </extensions>
      </trkpt>
      <trkpt lat="46.3724261708557605743408203125" lon="23.58398049138486385345458984375">
        <ele>635.79998779296875</ele>
        <time>2022-06-11T10:23:26.000Z</time>
        <extensions>
          <ns3:TrackPointExtension>
            <ns3:hr>81</ns3:hr>
            <ns3:cad>0</ns3:cad>
          </ns3:TrackPointExtension>
        </extensions>
      </trkpt>
      <trkpt lat="46.37242608703672885894775390625" lon="23.58398057520389556884765625">
        <ele>636.4000244140625</ele>
        <time>2022-06-11T10:23:29.000Z</time>
        <extensions>
          <ns3:TrackPointExtension>
            <ns3:hr>78</ns3:hr>
            <ns3:cad>0</ns3:cad>
          </ns3:TrackPointExtension>
        </extensions>
      </trkpt>
      <trkpt lat="46.37242608703672885894775390625" lon="23.58398065902292728424072265625">
        <ele>636.5999755859375</ele>
        <time>2022-06-11T10:23:31.000Z</time>
        <extensions>
          <ns3:TrackPointExtension>
            <ns3:hr>75</ns3:hr>
            <ns3:cad>0</ns3:cad>
          </ns3:TrackPointExtension>
        </extensions>
      </trkpt>
      <trkpt lat="46.37242608703672885894775390625" lon="23.58398065902292728424072265625">
        <ele>637</ele>
        <time>2022-06-11T10:23:32.000Z</time>
        <extensions>
          <ns3:TrackPointExtension>
            <ns3:hr>74</ns3:hr>
            <ns3:cad>0</ns3:cad>
          </ns3:TrackPointExtension>
        </extensions>
      </trkpt>
      <trkpt lat="46.37242575176060199737548828125" lon="23.5839810781180858612060546875">
        <ele>637</ele>
        <time>2022-06-11T10:23:52.000Z</time>
        <extensions>
          <ns3:TrackPointExtension>
            <ns3:hr>77</ns3:hr>
            <ns3:cad>0</ns3:cad>
          </ns3:TrackPointExtension>
        </extensions>
      </trkpt>
      <trkpt lat="46.372425667941570281982421875" lon="23.5839812457561492919921875">
        <ele>638</ele>
        <time>2022-06-11T10:23:56.000Z</time>
        <extensions>
          <ns3:TrackPointExtension>
            <ns3:hr>76</ns3:hr>
            <ns3:cad>0</ns3:cad>
          </ns3:TrackPointExtension>
        </extensions>
      </trkpt>
      <trkpt lat="46.37242558412253856658935546875" lon="23.58398132957518100738525390625">
        <ele>637</ele>
        <time>2022-06-11T10:24:01.000Z</time>
        <extensions>
          <ns3:TrackPointExtension>
            <ns3:hr>78</ns3:hr>
            <ns3:cad>0</ns3:cad>
          </ns3:TrackPointExtension>
        </extensions>
      </trkpt>
      <trkpt lat="46.37242558412253856658935546875" lon="23.58398132957518100738525390625">
        <ele>636.5999755859375</ele>
        <time>2022-06-11T10:24:05.000Z</time>
        <extensions>
          <ns3:TrackPointExtension>
            <ns3:hr>75</ns3:hr>
            <ns3:cad>0</ns3:cad>
          </ns3:TrackPointExtension>
        </extensions>
      </trkpt>
      <trkpt lat="46.37242541648447513580322265625" lon="23.5839817486703395843505859375">
        <ele>636</ele>
        <time>2022-06-11T10:24:23.000Z</time>
        <extensions>
          <ns3:TrackPointExtension>
            <ns3:hr>78</ns3:hr>
            <ns3:cad>0</ns3:cad>
          </ns3:TrackPointExtension>
        </extensions>
      </trkpt>
      <trkpt lat="46.37242533266544342041015625" lon="23.58398183248937129974365234375">
        <ele>636.5999755859375</ele>
        <time>2022-06-11T10:24:30.000Z</time>
        <extensions>
          <ns3:TrackPointExtension>
            <ns3:hr>81</ns3:hr>
            <ns3:cad>0</ns3:cad>
          </ns3:TrackPointExtension>
        </extensions>
      </trkpt>
      <trkpt lat="46.37242533266544342041015625" lon="23.5839820839464664459228515625">
        <ele>636.5999755859375</ele>
        <time>2022-06-11T10:24:39.000Z</time>
        <extensions>
          <ns3:TrackPointExtension>
            <ns3:hr>78</ns3:hr>
            <ns3:cad>0</ns3:cad>
          </ns3:TrackPointExtension>
        </extensions>
      </trkpt>
      <trkpt lat="46.37242524884641170501708984375" lon="23.58398216776549816131591796875">
        <ele>636.5999755859375</ele>
        <time>2022-06-11T10:24:48.000Z</time>
        <extensions>
          <ns3:TrackPointExtension>
            <ns3:hr>75</ns3:hr>
            <ns3:cad>0</ns3:cad>
          </ns3:TrackPointExtension>
        </extensions>
      </trkpt>
      <trkpt lat="46.3724251650273799896240234375" lon="23.583982251584529876708984375">
        <ele>636.5999755859375</ele>
        <time>2022-06-11T10:24:56.000Z</time>
        <extensions>
          <ns3:TrackPointExtension>
            <ns3:hr>72</ns3:hr>
            <ns3:cad>0</ns3:cad>
          </ns3:TrackPointExtension>
        </extensions>
      </trkpt>
      <trkpt lat="46.372424997389316558837890625" lon="23.58398233540356159210205078125">
        <ele>636.5999755859375</ele>
        <time>2022-06-11T10:25:04.000Z</time>
        <extensions>
          <ns3:TrackPointExtension>
            <ns3:hr>75</ns3:hr>
            <ns3:cad>0</ns3:cad>
          </ns3:TrackPointExtension>
        </extensions>
      </trkpt>
      <trkpt lat="46.37242491357028484344482421875" lon="23.583982251584529876708984375">
        <ele>636.5999755859375</ele>
        <time>2022-06-11T10:25:09.000Z</time>
        <extensions>
          <ns3:TrackPointExtension>
            <ns3:hr>78</ns3:hr>
            <ns3:cad>0</ns3:cad>
          </ns3:TrackPointExtension>
        </extensions>
      </trkpt>
      <trkpt lat="46.372424662113189697265625" lon="23.58398216776549816131591796875">
        <ele>636.5999755859375</ele>
        <time>2022-06-11T10:25:22.000Z</time>
        <extensions>
          <ns3:TrackPointExtension>
            <ns3:hr>81</ns3:hr>
            <ns3:cad>0</ns3:cad>
          </ns3:TrackPointExtension>
        </extensions>
      </trkpt>
      <trkpt lat="46.372423656284809112548828125" lon="23.58398250304162502288818359375">
        <ele>636.5999755859375</ele>
        <time>2022-06-11T10:26:19.000Z</time>
        <extensions>
          <ns3:TrackPointExtension>
            <ns3:hr>78</ns3:hr>
            <ns3:cad>0</ns3:cad>
          </ns3:TrackPointExtension>
        </extensions>
      </trkpt>
      <trkpt lat="46.3724231533706188201904296875" lon="23.58398300595581531524658203125">
        <ele>636.5999755859375</ele>
        <time>2022-06-11T10:26:52.000Z</time>
        <extensions>
          <ns3:TrackPointExtension>
            <ns3:hr>75</ns3:hr>
            <ns3:cad>0</ns3:cad>
          </ns3:TrackPointExtension>
        </extensions>
      </trkpt>
      <trkpt lat="46.37242256663739681243896484375" lon="23.58398300595581531524658203125">
        <ele>636.5999755859375</ele>
        <time>2022-06-11T10:27:25.000Z</time>
        <extensions>
          <ns3:TrackPointExtension>
            <ns3:hr>78</ns3:hr>
            <ns3:cad>0</ns3:cad>
          </ns3:TrackPointExtension>
        </extensions>
      </trkpt>
      <trkpt lat="46.37242256663739681243896484375" lon="23.58398300595581531524658203125">
        <ele>636.5999755859375</ele>
        <time>2022-06-11T10:27:28.000Z</time>
        <extensions>
          <ns3:TrackPointExtension>
            <ns3:hr>81</ns3:hr>
            <ns3:cad>0</ns3:cad>
          </ns3:TrackPointExtension>
        </extensions>
      </trkpt>
      <trkpt lat="46.3724224828183650970458984375" lon="23.58398300595581531524658203125">
        <ele>639.5999755859375</ele>
        <time>2022-06-11T10:27:30.000Z</time>
        <extensions>
          <ns3:TrackPointExtension>
            <ns3:hr>82</ns3:hr>
            <ns3:cad>0</ns3:cad>
          </ns3:TrackPointExtension>
        </extensions>
      </trkpt>
      <trkpt lat="46.372422315180301666259765625" lon="23.58398317359387874603271484375">
        <ele>638</ele>
        <time>2022-06-11T10:27:43.000Z</time>
        <extensions>
          <ns3:TrackPointExtension>
            <ns3:hr>84</ns3:hr>
            <ns3:cad>0</ns3:cad>
          </ns3:TrackPointExtension>
        </extensions>
      </trkpt>
      <trkpt lat="46.372422315180301666259765625" lon="23.58398317359387874603271484375">
        <ele>636.5999755859375</ele>
        <time>2022-06-11T10:27:45.000Z</time>
        <extensions>
          <ns3:TrackPointExtension>
            <ns3:hr>85</ns3:hr>
            <ns3:cad>0</ns3:cad>
          </ns3:TrackPointExtension>
        </extensions>
      </trkpt>
      <trkpt lat="46.37242223136126995086669921875" lon="23.5839830897748470306396484375">
        <ele>636.20001220703125</ele>
        <time>2022-06-11T10:27:48.000Z</time>
        <extensions>
          <ns3:TrackPointExtension>
            <ns3:hr>89</ns3:hr>
            <ns3:cad>0</ns3:cad>
          </ns3:TrackPointExtension>
        </extensions>
      </trkpt>
      <trkpt lat="46.37242223136126995086669921875" lon="23.5839830897748470306396484375">
        <ele>638.20001220703125</ele>
        <time>2022-06-11T10:27:50.000Z</time>
        <extensions>
          <ns3:TrackPointExtension>
            <ns3:hr>90</ns3:hr>
            <ns3:cad>0</ns3:cad>
          </ns3:TrackPointExtension>
        </extensions>
      </trkpt>
      <trkpt lat="46.3724219799041748046875" lon="23.5839830897748470306396484375">
        <ele>637.79998779296875</ele>
        <time>2022-06-11T10:28:13.000Z</time>
        <extensions>
          <ns3:TrackPointExtension>
            <ns3:hr>87</ns3:hr>
            <ns3:cad>0</ns3:cad>
          </ns3:TrackPointExtension>
        </extensions>
      </trkpt>
      <trkpt lat="46.37242189608514308929443359375" lon="23.5839830897748470306396484375">
        <ele>637.20001220703125</ele>
        <time>2022-06-11T10:28:16.000Z</time>
        <extensions>
          <ns3:TrackPointExtension>
            <ns3:hr>84</ns3:hr>
            <ns3:cad>0</ns3:cad>
          </ns3:TrackPointExtension>
        </extensions>
      </trkpt>
      <trkpt lat="46.3724218122661113739013671875" lon="23.58398317359387874603271484375">
        <ele>636.4000244140625</ele>
        <time>2022-06-11T10:28:26.000Z</time>
        <extensions>
          <ns3:TrackPointExtension>
            <ns3:hr>81</ns3:hr>
            <ns3:cad>0</ns3:cad>
          </ns3:TrackPointExtension>
        </extensions>
      </trkpt>
      <trkpt lat="46.3724218122661113739013671875" lon="23.58398317359387874603271484375">
        <ele>636.4000244140625</ele>
        <time>2022-06-11T10:28:28.000Z</time>
        <extensions>
          <ns3:TrackPointExtension>
            <ns3:hr>78</ns3:hr>
            <ns3:cad>0</ns3:cad>
          </ns3:TrackPointExtension>
        </extensions>
      </trkpt>
      <trkpt lat="46.37242139317095279693603515625" lon="23.58398334123194217681884765625">
        <ele>638</ele>
        <time>2022-06-11T10:28:51.000Z</time>
        <extensions>
          <ns3:TrackPointExtension>
            <ns3:hr>75</ns3:hr>
            <ns3:cad>0</ns3:cad>
          </ns3:TrackPointExtension>
        </extensions>
      </trkpt>
      <trkpt lat="46.37242130935192108154296875" lon="23.58398367650806903839111328125">
        <ele>638.20001220703125</ele>
        <time>2022-06-11T10:29:15.000Z</time>
        <extensions>
          <ns3:TrackPointExtension>
            <ns3:hr>77</ns3:hr>
            <ns3:cad>0</ns3:cad>
          </ns3:TrackPointExtension>
        </extensions>
      </trkpt>
      <trkpt lat="46.37242122553288936614990234375" lon="23.58398367650806903839111328125">
        <ele>638.4000244140625</ele>
        <time>2022-06-11T10:29:19.000Z</time>
        <extensions>
          <ns3:TrackPointExtension>
            <ns3:hr>80</ns3:hr>
            <ns3:cad>0</ns3:cad>
          </ns3:TrackPointExtension>
        </extensions>
      </trkpt>
      <trkpt lat="46.37242105789482593536376953125" lon="23.58398367650806903839111328125">
        <ele>637.79998779296875</ele>
        <time>2022-06-11T10:29:33.000Z</time>
        <extensions>
          <ns3:TrackPointExtension>
            <ns3:hr>77</ns3:hr>
            <ns3:cad>0</ns3:cad>
          </ns3:TrackPointExtension>
        </extensions>
      </trkpt>
      <trkpt lat="46.37242105789482593536376953125" lon="23.58398367650806903839111328125">
        <ele>637.79998779296875</ele>
        <time>2022-06-11T10:29:35.000Z</time>
        <extensions>
          <ns3:TrackPointExtension>
            <ns3:hr>72</ns3:hr>
            <ns3:cad>0</ns3:cad>
          </ns3:TrackPointExtension>
        </extensions>
      </trkpt>
      <trkpt lat="46.372420974075794219970703125" lon="23.58398367650806903839111328125">
        <ele>637.79998779296875</ele>
        <time>2022-06-11T10:29:37.000Z</time>
        <extensions>
          <ns3:TrackPointExtension>
            <ns3:hr>68</ns3:hr>
            <ns3:cad>0</ns3:cad>
          </ns3:TrackPointExtension>
        </extensions>
      </trkpt>
      <trkpt lat="46.372420974075794219970703125" lon="23.58398367650806903839111328125">
        <ele>637.79998779296875</ele>
        <time>2022-06-11T10:29:39.000Z</time>
        <extensions>
          <ns3:TrackPointExtension>
            <ns3:hr>65</ns3:hr>
            <ns3:cad>0</ns3:cad>
          </ns3:TrackPointExtension>
        </extensions>
      </trkpt>
      <trkpt lat="46.37242089025676250457763671875" lon="23.583983592689037322998046875">
        <ele>637.79998779296875</ele>
        <time>2022-06-11T10:29:48.000Z</time>
        <extensions>
          <ns3:TrackPointExtension>
            <ns3:hr>70</ns3:hr>
            <ns3:cad>0</ns3:cad>
          </ns3:TrackPointExtension>
        </extensions>
      </trkpt>
      <trkpt lat="46.37242089025676250457763671875" lon="23.583983592689037322998046875">
        <ele>637.79998779296875</ele>
        <time>2022-06-11T10:29:50.000Z</time>
        <extensions>
          <ns3:TrackPointExtension>
            <ns3:hr>74</ns3:hr>
            <ns3:cad>0</ns3:cad>
          </ns3:TrackPointExtension>
        </extensions>
      </trkpt>
      <trkpt lat="46.37242089025676250457763671875" lon="23.5839837603271007537841796875">
        <ele>637.79998779296875</ele>
        <time>2022-06-11T10:30:03.000Z</time>
        <extensions>
          <ns3:TrackPointExtension>
            <ns3:hr>77</ns3:hr>
            <ns3:cad>0</ns3:cad>
          </ns3:TrackPointExtension>
        </extensions>
      </trkpt>
      <trkpt lat="46.3724208064377307891845703125" lon="23.583983592689037322998046875">
        <ele>637.79998779296875</ele>
        <time>2022-06-11T10:30:12.000Z</time>
        <extensions>
          <ns3:TrackPointExtension>
            <ns3:hr>74</ns3:hr>
            <ns3:cad>0</ns3:cad>
          </ns3:TrackPointExtension>
        </extensions>
      </trkpt>
      <trkpt lat="46.37242072261869907379150390625" lon="23.58398367650806903839111328125">
        <ele>637.79998779296875</ele>
        <time>2022-06-11T10:30:18.000Z</time>
        <extensions>
          <ns3:TrackPointExtension>
            <ns3:hr>77</ns3:hr>
            <ns3:cad>0</ns3:cad>
          </ns3:TrackPointExtension>
        </extensions>
      </trkpt>
      <trkpt lat="46.3724206387996673583984375" lon="23.58398367650806903839111328125">
        <ele>637.79998779296875</ele>
        <time>2022-06-11T10:30:23.000Z</time>
        <extensions>
          <ns3:TrackPointExtension>
            <ns3:hr>80</ns3:hr>
            <ns3:cad>0</ns3:cad>
          </ns3:TrackPointExtension>
        </extensions>
      </trkpt>
      <trkpt lat="46.37242055498063564300537109375" lon="23.5839837603271007537841796875">
        <ele>637.79998779296875</ele>
        <time>2022-06-11T10:30:34.000Z</time>
        <extensions>
          <ns3:TrackPointExtension>
            <ns3:hr>77</ns3:hr>
            <ns3:cad>0</ns3:cad>
          </ns3:TrackPointExtension>
        </extensions>
      </trkpt>
      <trkpt lat="46.3724206387996673583984375" lon="23.583983592689037322998046875">
        <ele>637.79998779296875</ele>
        <time>2022-06-11T10:30:38.000Z</time>
        <extensions>
          <ns3:TrackPointExtension>
            <ns3:hr>74</ns3:hr>
            <ns3:cad>0</ns3:cad>
          </ns3:TrackPointExtension>
        </extensions>
      </trkpt>
      <trkpt lat="46.37242055498063564300537109375" lon="23.58398367650806903839111328125">
        <ele>637.79998779296875</ele>
        <time>2022-06-11T10:30:47.000Z</time>
        <extensions>
          <ns3:TrackPointExtension>
            <ns3:hr>77</ns3:hr>
            <ns3:cad>0</ns3:cad>
          </ns3:TrackPointExtension>
        </extensions>
      </trkpt>
      <trkpt lat="46.3724206387996673583984375" lon="23.5839839279651641845703125">
        <ele>637.79998779296875</ele>
        <time>2022-06-11T10:30:58.000Z</time>
        <extensions>
          <ns3:TrackPointExtension>
            <ns3:hr>80</ns3:hr>
            <ns3:cad>0</ns3:cad>
          </ns3:TrackPointExtension>
        </extensions>
      </trkpt>
      <trkpt lat="46.3724206387996673583984375" lon="23.5839839279651641845703125">
        <ele>637.79998779296875</ele>
        <time>2022-06-11T10:31:02.000Z</time>
        <extensions>
          <ns3:TrackPointExtension>
            <ns3:hr>77</ns3:hr>
            <ns3:cad>0</ns3:cad>
          </ns3:TrackPointExtension>
        </extensions>
      </trkpt>
      <trkpt lat="46.37242055498063564300537109375" lon="23.5839839279651641845703125">
        <ele>637.79998779296875</ele>
        <time>2022-06-11T10:31:05.000Z</time>
        <extensions>
          <ns3:TrackPointExtension>
            <ns3:hr>80</ns3:hr>
            <ns3:cad>0</ns3:cad>
          </ns3:TrackPointExtension>
        </extensions>
      </trkpt>
      <trkpt lat="46.37242055498063564300537109375" lon="23.58398384414613246917724609375">
        <ele>637.79998779296875</ele>
        <time>2022-06-11T10:31:08.000Z</time>
        <extensions>
          <ns3:TrackPointExtension>
            <ns3:hr>83</ns3:hr>
            <ns3:cad>0</ns3:cad>
          </ns3:TrackPointExtension>
        </extensions>
      </trkpt>
      <trkpt lat="46.37242072261869907379150390625" lon="23.5839839279651641845703125">
        <ele>637.79998779296875</ele>
        <time>2022-06-11T10:31:11.000Z</time>
        <extensions>
          <ns3:TrackPointExtension>
            <ns3:hr>86</ns3:hr>
            <ns3:cad>0</ns3:cad>
          </ns3:TrackPointExtension>
        </extensions>
      </trkpt>
      <trkpt lat="46.3724208064377307891845703125" lon="23.58398384414613246917724609375">
        <ele>637.79998779296875</ele>
        <time>2022-06-11T10:31:15.000Z</time>
        <extensions>
          <ns3:TrackPointExtension>
            <ns3:hr>89</ns3:hr>
            <ns3:cad>0</ns3:cad>
          </ns3:TrackPointExtension>
        </extensions>
      </trkpt>
      <trkpt lat="46.37242072261869907379150390625" lon="23.58398384414613246917724609375">
        <ele>637.79998779296875</ele>
        <time>2022-06-11T10:31:18.000Z</time>
        <extensions>
          <ns3:TrackPointExtension>
            <ns3:hr>92</ns3:hr>
            <ns3:cad>0</ns3:cad>
          </ns3:TrackPointExtension>
        </extensions>
      </trkpt>
      <trkpt lat="46.37242072261869907379150390625" lon="23.5839839279651641845703125">
        <ele>637.79998779296875</ele>
        <time>2022-06-11T10:31:25.000Z</time>
        <extensions>
          <ns3:TrackPointExtension>
            <ns3:hr>95</ns3:hr>
            <ns3:cad>0</ns3:cad>
          </ns3:TrackPointExtension>
        </extensions>
      </trkpt>
      <trkpt lat="46.3724208064377307891845703125" lon="23.5839840956032276153564453125">
        <ele>637.79998779296875</ele>
        <time>2022-06-11T10:31:34.000Z</time>
        <extensions>
          <ns3:TrackPointExtension>
            <ns3:hr>91</ns3:hr>
            <ns3:cad>0</ns3:cad>
          </ns3:TrackPointExtension>
        </extensions>
      </trkpt>
      <trkpt lat="46.3724208064377307891845703125" lon="23.5839840956032276153564453125">
        <ele>637.79998779296875</ele>
        <time>2022-06-11T10:31:36.000Z</time>
        <extensions>
          <ns3:TrackPointExtension>
            <ns3:hr>88</ns3:hr>
            <ns3:cad>0</ns3:cad>
          </ns3:TrackPointExtension>
        </extensions>
      </trkpt>
      <trkpt lat="46.3724208064377307891845703125" lon="23.58398417942225933074951171875">
        <ele>637.79998779296875</ele>
        <time>2022-06-11T10:31:40.000Z</time>
        <extensions>
          <ns3:TrackPointExtension>
            <ns3:hr>85</ns3:hr>
            <ns3:cad>0</ns3:cad>
          </ns3:TrackPointExtension>
        </extensions>
      </trkpt>
      <trkpt lat="46.37242122553288936614990234375" lon="23.58398401178419589996337890625">
        <ele>637.79998779296875</ele>
        <time>2022-06-11T10:32:02.000Z</time>
        <extensions>
          <ns3:TrackPointExtension>
            <ns3:hr>82</ns3:hr>
            <ns3:cad>0</ns3:cad>
          </ns3:TrackPointExtension>
        </extensions>
      </trkpt>
      <trkpt lat="46.37242122553288936614990234375" lon="23.5839840956032276153564453125">
        <ele>637.79998779296875</ele>
        <time>2022-06-11T10:32:07.000Z</time>
        <extensions>
          <ns3:TrackPointExtension>
            <ns3:hr>79</ns3:hr>
            <ns3:cad>0</ns3:cad>
          </ns3:TrackPointExtension>
        </extensions>
      </trkpt>
      <trkpt lat="46.3724211417138576507568359375" lon="23.5839840956032276153564453125">
        <ele>637.79998779296875</ele>
        <time>2022-06-11T10:32:10.000Z</time>
        <extensions>
          <ns3:TrackPointExtension>
            <ns3:hr>76</ns3:hr>
            <ns3:cad>0</ns3:cad>
          </ns3:TrackPointExtension>
        </extensions>
      </trkpt>
      <trkpt lat="46.37242122553288936614990234375" lon="23.58398417942225933074951171875">
        <ele>637.79998779296875</ele>
        <time>2022-06-11T10:32:18.000Z</time>
        <extensions>
          <ns3:TrackPointExtension>
            <ns3:hr>79</ns3:hr>
            <ns3:cad>0</ns3:cad>
          </ns3:TrackPointExtension>
        </extensions>
      </trkpt>
      <trkpt lat="46.3724211417138576507568359375" lon="23.583984263241291046142578125">
        <ele>637.79998779296875</ele>
        <time>2022-06-11T10:32:22.000Z</time>
        <extensions>
          <ns3:TrackPointExtension>
            <ns3:hr>83</ns3:hr>
            <ns3:cad>0</ns3:cad>
          </ns3:TrackPointExtension>
        </extensions>
      </trkpt>
      <trkpt lat="46.3724211417138576507568359375" lon="23.583984263241291046142578125">
        <ele>637.79998779296875</ele>
        <time>2022-06-11T10:32:24.000Z</time>
        <extensions>
          <ns3:TrackPointExtension>
            <ns3:hr>86</ns3:hr>
            <ns3:cad>0</ns3:cad>
          </ns3:TrackPointExtension>
        </extensions>
      </trkpt>
      <trkpt lat="46.3724211417138576507568359375" lon="23.58398434706032276153564453125">
        <ele>637.79998779296875</ele>
        <time>2022-06-11T10:32:34.000Z</time>
        <extensions>
          <ns3:TrackPointExtension>
            <ns3:hr>83</ns3:hr>
            <ns3:cad>0</ns3:cad>
          </ns3:TrackPointExtension>
        </extensions>
      </trkpt>
      <trkpt lat="46.3724211417138576507568359375" lon="23.58398434706032276153564453125">
        <ele>642.20001220703125</ele>
        <time>2022-06-11T10:32:35.000Z</time>
        <extensions>
          <ns3:TrackPointExtension>
            <ns3:hr>82</ns3:hr>
            <ns3:cad>0</ns3:cad>
          </ns3:TrackPointExtension>
        </extensions>
      </trkpt>
      <trkpt lat="46.37242105789482593536376953125" lon="23.58398451469838619232177734375">
        <ele>641.20001220703125</ele>
        <time>2022-06-11T10:32:46.000Z</time>
        <extensions>
          <ns3:TrackPointExtension>
            <ns3:hr>81</ns3:hr>
            <ns3:cad>0</ns3:cad>
          </ns3:TrackPointExtension>
        </extensions>
      </trkpt>
      <trkpt lat="46.37242105789482593536376953125" lon="23.58398451469838619232177734375">
        <ele>640.20001220703125</ele>
        <time>2022-06-11T10:32:53.000Z</time>
        <extensions>
          <ns3:TrackPointExtension>
            <ns3:hr>82</ns3:hr>
            <ns3:cad>0</ns3:cad>
          </ns3:TrackPointExtension>
        </extensions>
      </trkpt>
      <trkpt lat="46.37242089025676250457763671875" lon="23.5839847661554813385009765625">
        <ele>640.20001220703125</ele>
        <time>2022-06-11T10:33:04.000Z</time>
        <extensions>
          <ns3:TrackPointExtension>
            <ns3:hr>85</ns3:hr>
            <ns3:cad>0</ns3:cad>
          </ns3:TrackPointExtension>
        </extensions>
      </trkpt>
      <trkpt lat="46.37242089025676250457763671875" lon="23.5839847661554813385009765625">
        <ele>639.79998779296875</ele>
        <time>2022-06-11T10:33:10.000Z</time>
        <extensions>
          <ns3:TrackPointExtension>
            <ns3:hr>82</ns3:hr>
            <ns3:cad>0</ns3:cad>
          </ns3:TrackPointExtension>
        </extensions>
      </trkpt>
      <trkpt lat="46.37242089025676250457763671875" lon="23.5839847661554813385009765625">
        <ele>639.79998779296875</ele>
        <time>2022-06-11T10:33:12.000Z</time>
        <extensions>
          <ns3:TrackPointExtension>
            <ns3:hr>79</ns3:hr>
            <ns3:cad>0</ns3:cad>
          </ns3:TrackPointExtension>
        </extensions>
      </trkpt>
      <trkpt lat="46.37242089025676250457763671875" lon="23.5839851014316082000732421875">
        <ele>641.20001220703125</ele>
        <time>2022-06-11T10:33:42.000Z</time>
        <extensions>
          <ns3:TrackPointExtension>
            <ns3:hr>79</ns3:hr>
            <ns3:cad>0</ns3:cad>
          </ns3:TrackPointExtension>
        </extensions>
      </trkpt>
      <trkpt lat="46.3724208064377307891845703125" lon="23.58398518525063991546630859375">
        <ele>642.4000244140625</ele>
        <time>2022-06-11T10:34:03.000Z</time>
        <extensions>
          <ns3:TrackPointExtension>
            <ns3:hr>83</ns3:hr>
            <ns3:cad>0</ns3:cad>
          </ns3:TrackPointExtension>
        </extensions>
      </trkpt>
      <trkpt lat="46.3724208064377307891845703125" lon="23.58398518525063991546630859375">
        <ele>642.5999755859375</ele>
        <time>2022-06-11T10:34:04.000Z</time>
        <extensions>
          <ns3:TrackPointExtension>
            <ns3:hr>80</ns3:hr>
            <ns3:cad>0</ns3:cad>
          </ns3:TrackPointExtension>
        </extensions>
      </trkpt>
      <trkpt lat="46.37242072261869907379150390625" lon="23.583985269069671630859375">
        <ele>641.4000244140625</ele>
        <time>2022-06-11T10:34:13.000Z</time>
        <extensions>
          <ns3:TrackPointExtension>
            <ns3:hr>78</ns3:hr>
            <ns3:cad>0</ns3:cad>
          </ns3:TrackPointExtension>
        </extensions>
      </trkpt>
      <trkpt lat="46.37242055498063564300537109375" lon="23.58398535288870334625244140625">
        <ele>640.4000244140625</ele>
        <time>2022-06-11T10:34:35.000Z</time>
        <extensions>
          <ns3:TrackPointExtension>
            <ns3:hr>78</ns3:hr>
            <ns3:cad>0</ns3:cad>
          </ns3:TrackPointExtension>
        </extensions>
      </trkpt>
      <trkpt lat="46.3724204711616039276123046875" lon="23.5839854367077350616455078125">
        <ele>640.79998779296875</ele>
        <time>2022-06-11T10:34:52.000Z</time>
        <extensions>
          <ns3:TrackPointExtension>
            <ns3:hr>82</ns3:hr>
            <ns3:cad>0</ns3:cad>
          </ns3:TrackPointExtension>
        </extensions>
      </trkpt>
      <trkpt lat="46.3724204711616039276123046875" lon="23.5839854367077350616455078125">
        <ele>641</ele>
        <time>2022-06-11T10:34:54.000Z</time>
        <extensions>
          <ns3:TrackPointExtension>
            <ns3:hr>85</ns3:hr>
            <ns3:cad>0</ns3:cad>
          </ns3:TrackPointExtension>
        </extensions>
      </trkpt>
      <trkpt lat="46.3724204711616039276123046875" lon="23.5839854367077350616455078125">
        <ele>641.4000244140625</ele>
        <time>2022-06-11T10:34:55.000Z</time>
        <extensions>
          <ns3:TrackPointExtension>
            <ns3:hr>85</ns3:hr>
            <ns3:cad>0</ns3:cad>
          </ns3:TrackPointExtension>
        </extensions>
      </trkpt>
      <trkpt lat="46.37242038734257221221923828125" lon="23.5839854367077350616455078125">
        <ele>640.4000244140625</ele>
        <time>2022-06-11T10:35:09.000Z</time>
        <extensions>
          <ns3:TrackPointExtension>
            <ns3:hr>84</ns3:hr>
            <ns3:cad>0</ns3:cad>
          </ns3:TrackPointExtension>
        </extensions>
      </trkpt>
      <trkpt lat="46.372420303523540496826171875" lon="23.5839854367077350616455078125">
        <ele>640.79998779296875</ele>
        <time>2022-06-11T10:35:18.000Z</time>
        <extensions>
          <ns3:TrackPointExtension>
            <ns3:hr>87</ns3:hr>
            <ns3:cad>0</ns3:cad>
          </ns3:TrackPointExtension>
        </extensions>
      </trkpt>
      <trkpt lat="46.37242021970450878143310546875" lon="23.58398552052676677703857421875">
        <ele>641.4000244140625</ele>
        <time>2022-06-11T10:35:24.000Z</time>
        <extensions>
          <ns3:TrackPointExtension>
            <ns3:hr>87</ns3:hr>
            <ns3:cad>0</ns3:cad>
          </ns3:TrackPointExtension>
        </extensions>
      </trkpt>
      <trkpt lat="46.37242021970450878143310546875" lon="23.583985604345798492431640625">
        <ele>640.4000244140625</ele>
        <time>2022-06-11T10:35:33.000Z</time>
        <extensions>
          <ns3:TrackPointExtension>
            <ns3:hr>88</ns3:hr>
            <ns3:cad>0</ns3:cad>
          </ns3:TrackPointExtension>
        </extensions>
      </trkpt>
      <trkpt lat="46.37242021970450878143310546875" lon="23.58398568816483020782470703125">
        <ele>640.4000244140625</ele>
        <time>2022-06-11T10:35:37.000Z</time>
        <extensions>
          <ns3:TrackPointExtension>
            <ns3:hr>81</ns3:hr>
            <ns3:cad>0</ns3:cad>
          </ns3:TrackPointExtension>
        </extensions>
      </trkpt>
      <trkpt lat="46.37242021970450878143310546875" lon="23.58398568816483020782470703125">
        <ele>640.79998779296875</ele>
        <time>2022-06-11T10:35:38.000Z</time>
        <extensions>
          <ns3:TrackPointExtension>
            <ns3:hr>77</ns3:hr>
            <ns3:cad>0</ns3:cad>
          </ns3:TrackPointExtension>
        </extensions>
      </trkpt>
      <trkpt lat="46.372420303523540496826171875" lon="23.58398568816483020782470703125">
        <ele>641.79998779296875</ele>
        <time>2022-06-11T10:35:40.000Z</time>
        <extensions>
          <ns3:TrackPointExtension>
            <ns3:hr>75</ns3:hr>
            <ns3:cad>0</ns3:cad>
          </ns3:TrackPointExtension>
        </extensions>
      </trkpt>
      <trkpt lat="46.372420303523540496826171875" lon="23.58398593962192535400390625">
        <ele>642.79998779296875</ele>
        <time>2022-06-11T10:35:49.000Z</time>
        <extensions>
          <ns3:TrackPointExtension>
            <ns3:hr>78</ns3:hr>
            <ns3:cad>0</ns3:cad>
          </ns3:TrackPointExtension>
        </extensions>
      </trkpt>
      <trkpt lat="46.37242021970450878143310546875" lon="23.58398593962192535400390625">
        <ele>644</ele>
        <time>2022-06-11T10:35:56.000Z</time>
        <extensions>
          <ns3:TrackPointExtension>
            <ns3:hr>79</ns3:hr>
            <ns3:cad>0</ns3:cad>
          </ns3:TrackPointExtension>
        </extensions>
      </trkpt>
      <trkpt lat="46.3724201358854770660400390625" lon="23.58398593962192535400390625">
        <ele>645</ele>
        <time>2022-06-11T10:36:08.000Z</time>
        <extensions>
          <ns3:TrackPointExtension>
            <ns3:hr>82</ns3:hr>
            <ns3:cad>0</ns3:cad>
          </ns3:TrackPointExtension>
        </extensions>
      </trkpt>
      <trkpt lat="46.3724201358854770660400390625" lon="23.58398602344095706939697265625">
        <ele>645</ele>
        <time>2022-06-11T10:36:13.000Z</time>
        <extensions>
          <ns3:TrackPointExtension>
            <ns3:hr>85</ns3:hr>
            <ns3:cad>0</ns3:cad>
          </ns3:TrackPointExtension>
        </extensions>
      </trkpt>
      <trkpt lat="46.3724201358854770660400390625" lon="23.58398602344095706939697265625">
        <ele>643</ele>
        <time>2022-06-11T10:36:16.000Z</time>
        <extensions>
          <ns3:TrackPointExtension>
            <ns3:hr>85</ns3:hr>
            <ns3:cad>0</ns3:cad>
          </ns3:TrackPointExtension>
        </extensions>
      </trkpt>
      <trkpt lat="46.3724201358854770660400390625" lon="23.58398602344095706939697265625">
        <ele>641.79998779296875</ele>
        <time>2022-06-11T10:36:17.000Z</time>
        <extensions>
          <ns3:TrackPointExtension>
            <ns3:hr>84</ns3:hr>
            <ns3:cad>0</ns3:cad>
          </ns3:TrackPointExtension>
        </extensions>
      </trkpt>
      <trkpt lat="46.37242005206644535064697265625" lon="23.58398602344095706939697265625">
        <ele>643</ele>
        <time>2022-06-11T10:36:23.000Z</time>
        <extensions>
          <ns3:TrackPointExtension>
            <ns3:hr>84</ns3:hr>
            <ns3:cad>0</ns3:cad>
          </ns3:TrackPointExtension>
        </extensions>
      </trkpt>
      <trkpt lat="46.37242005206644535064697265625" lon="23.58398602344095706939697265625">
        <ele>644</ele>
        <time>2022-06-11T10:36:25.000Z</time>
        <extensions>
          <ns3:TrackPointExtension>
            <ns3:hr>84</ns3:hr>
            <ns3:cad>0</ns3:cad>
          </ns3:TrackPointExtension>
        </extensions>
      </trkpt>
      <trkpt lat="46.37242005206644535064697265625" lon="23.5839861072599887847900390625">
        <ele>645.4000244140625</ele>
        <time>2022-06-11T10:36:27.000Z</time>
        <extensions>
          <ns3:TrackPointExtension>
            <ns3:hr>82</ns3:hr>
            <ns3:cad>0</ns3:cad>
          </ns3:TrackPointExtension>
        </extensions>
      </trkpt>
      <trkpt lat="46.37242005206644535064697265625" lon="23.58398602344095706939697265625">
        <ele>645.5999755859375</ele>
        <time>2022-06-11T10:36:29.000Z</time>
        <extensions>
          <ns3:TrackPointExtension>
            <ns3:hr>79</ns3:hr>
            <ns3:cad>0</ns3:cad>
          </ns3:TrackPointExtension>
        </extensions>
      </trkpt>
      <trkpt lat="46.37242005206644535064697265625" lon="23.58398602344095706939697265625">
        <ele>646.4000244140625</ele>
        <time>2022-06-11T10:36:32.000Z</time>
        <extensions>
          <ns3:TrackPointExtension>
            <ns3:hr>76</ns3:hr>
            <ns3:cad>0</ns3:cad>
          </ns3:TrackPointExtension>
        </extensions>
      </trkpt>
      <trkpt lat="46.37242005206644535064697265625" lon="23.58398602344095706939697265625">
        <ele>646.20001220703125</ele>
        <time>2022-06-11T10:36:37.000Z</time>
        <extensions>
          <ns3:TrackPointExtension>
            <ns3:hr>73</ns3:hr>
            <ns3:cad>0</ns3:cad>
          </ns3:TrackPointExtension>
        </extensions>
      </trkpt>
      <trkpt lat="46.37241996824741363525390625" lon="23.5839861072599887847900390625">
        <ele>645.4000244140625</ele>
        <time>2022-06-11T10:36:49.000Z</time>
        <extensions>
          <ns3:TrackPointExtension>
            <ns3:hr>73</ns3:hr>
            <ns3:cad>0</ns3:cad>
          </ns3:TrackPointExtension>
        </extensions>
      </trkpt>
      <trkpt lat="46.37241996824741363525390625" lon="23.5839861072599887847900390625">
        <ele>644.20001220703125</ele>
        <time>2022-06-11T10:36:53.000Z</time>
        <extensions>
          <ns3:TrackPointExtension>
            <ns3:hr>73</ns3:hr>
            <ns3:cad>0</ns3:cad>
          </ns3:TrackPointExtension>
        </extensions>
      </trkpt>
      <trkpt lat="46.37241988442838191986083984375" lon="23.5839861072599887847900390625">
        <ele>644.20001220703125</ele>
        <time>2022-06-11T10:37:08.000Z</time>
        <extensions>
          <ns3:TrackPointExtension>
            <ns3:hr>77</ns3:hr>
            <ns3:cad>0</ns3:cad>
          </ns3:TrackPointExtension>
        </extensions>
      </trkpt>
      <trkpt lat="46.3724198006093502044677734375" lon="23.5839861072599887847900390625">
        <ele>644.4000244140625</ele>
        <time>2022-06-11T10:37:17.000Z</time>
        <extensions>
          <ns3:TrackPointExtension>
            <ns3:hr>80</ns3:hr>
            <ns3:cad>0</ns3:cad>
          </ns3:TrackPointExtension>
        </extensions>
      </trkpt>
      <trkpt lat="46.3724198006093502044677734375" lon="23.5839861072599887847900390625">
        <ele>644.20001220703125</ele>
        <time>2022-06-11T10:37:23.000Z</time>
        <extensions>
          <ns3:TrackPointExtension>
            <ns3:hr>83</ns3:hr>
            <ns3:cad>0</ns3:cad>
          </ns3:TrackPointExtension>
        </extensions>
      </trkpt>
      <trkpt lat="46.3724198006093502044677734375" lon="23.5839861072599887847900390625">
        <ele>643.20001220703125</ele>
        <time>2022-06-11T10:37:29.000Z</time>
        <extensions>
          <ns3:TrackPointExtension>
            <ns3:hr>85</ns3:hr>
            <ns3:cad>0</ns3:cad>
          </ns3:TrackPointExtension>
        </extensions>
      </trkpt>
      <trkpt lat="46.372419632971286773681640625" lon="23.58398619107902050018310546875">
        <ele>644.20001220703125</ele>
        <time>2022-06-11T10:37:47.000Z</time>
        <extensions>
          <ns3:TrackPointExtension>
            <ns3:hr>86</ns3:hr>
            <ns3:cad>0</ns3:cad>
          </ns3:TrackPointExtension>
        </extensions>
      </trkpt>
      <trkpt lat="46.37241954915225505828857421875" lon="23.5839861072599887847900390625">
        <ele>645.4000244140625</ele>
        <time>2022-06-11T10:37:54.000Z</time>
        <extensions>
          <ns3:TrackPointExtension>
            <ns3:hr>87</ns3:hr>
            <ns3:cad>0</ns3:cad>
          </ns3:TrackPointExtension>
        </extensions>
      </trkpt>
      <trkpt lat="46.37241954915225505828857421875" lon="23.583986274898052215576171875">
        <ele>646.4000244140625</ele>
        <time>2022-06-11T10:38:00.000Z</time>
        <extensions>
          <ns3:TrackPointExtension>
            <ns3:hr>86</ns3:hr>
            <ns3:cad>0</ns3:cad>
          </ns3:TrackPointExtension>
        </extensions>
      </trkpt>
      <trkpt lat="46.3724194653332233428955078125" lon="23.583986274898052215576171875">
        <ele>646</ele>
        <time>2022-06-11T10:38:10.000Z</time>
        <extensions>
          <ns3:TrackPointExtension>
            <ns3:hr>83</ns3:hr>
            <ns3:cad>0</ns3:cad>
          </ns3:TrackPointExtension>
        </extensions>
      </trkpt>
      <trkpt lat="46.3724194653332233428955078125" lon="23.583986274898052215576171875">
        <ele>645.4000244140625</ele>
        <time>2022-06-11T10:38:13.000Z</time>
        <extensions>
          <ns3:TrackPointExtension>
            <ns3:hr>81</ns3:hr>
            <ns3:cad>0</ns3:cad>
          </ns3:TrackPointExtension>
        </extensions>
      </trkpt>
      <trkpt lat="46.3724194653332233428955078125" lon="23.583986274898052215576171875">
        <ele>645.5999755859375</ele>
        <time>2022-06-11T10:38:36.000Z</time>
        <extensions>
          <ns3:TrackPointExtension>
            <ns3:hr>84</ns3:hr>
            <ns3:cad>0</ns3:cad>
          </ns3:TrackPointExtension>
        </extensions>
      </trkpt>
      <trkpt lat="46.3724194653332233428955078125" lon="23.583986274898052215576171875">
        <ele>645.4000244140625</ele>
        <time>2022-06-11T10:38:41.000Z</time>
        <extensions>
          <ns3:TrackPointExtension>
            <ns3:hr>87</ns3:hr>
            <ns3:cad>0</ns3:cad>
          </ns3:TrackPointExtension>
        </extensions>
      </trkpt>
      <trkpt lat="46.37241938151419162750244140625" lon="23.5839861072599887847900390625">
        <ele>644.4000244140625</ele>
        <time>2022-06-11T10:39:15.000Z</time>
        <extensions>
          <ns3:TrackPointExtension>
            <ns3:hr>90</ns3:hr>
            <ns3:cad>0</ns3:cad>
          </ns3:TrackPointExtension>
        </extensions>
      </trkpt>
      <trkpt lat="46.3724194653332233428955078125" lon="23.5839861072599887847900390625">
        <ele>644.20001220703125</ele>
        <time>2022-06-11T10:39:18.000Z</time>
        <extensions>
          <ns3:TrackPointExtension>
            <ns3:hr>93</ns3:hr>
            <ns3:cad>0</ns3:cad>
          </ns3:TrackPointExtension>
        </extensions>
      </trkpt>
      <trkpt lat="46.3724194653332233428955078125" lon="23.5839861072599887847900390625">
        <ele>644.20001220703125</ele>
        <time>2022-06-11T10:39:20.000Z</time>
        <extensions>
          <ns3:TrackPointExtension>
            <ns3:hr>96</ns3:hr>
            <ns3:cad>0</ns3:cad>
          </ns3:TrackPointExtension>
        </extensions>
      </trkpt>
      <trkpt lat="46.37241954915225505828857421875" lon="23.58398602344095706939697265625">
        <ele>643.79998779296875</ele>
        <time>2022-06-11T10:39:28.000Z</time>
        <extensions>
          <ns3:TrackPointExtension>
            <ns3:hr>92</ns3:hr>
            <ns3:cad>0</ns3:cad>
          </ns3:TrackPointExtension>
        </extensions>
      </trkpt>
      <trkpt lat="46.37241954915225505828857421875" lon="23.58398602344095706939697265625">
        <ele>643.79998779296875</ele>
        <time>2022-06-11T10:39:30.000Z</time>
        <extensions>
          <ns3:TrackPointExtension>
            <ns3:hr>89</ns3:hr>
            <ns3:cad>0</ns3:cad>
          </ns3:TrackPointExtension>
        </extensions>
      </trkpt>
      <trkpt lat="46.372419297695159912109375" lon="23.5839861072599887847900390625">
        <ele>644.4000244140625</ele>
        <time>2022-06-11T10:39:46.000Z</time>
        <extensions>
          <ns3:TrackPointExtension>
            <ns3:hr>86</ns3:hr>
            <ns3:cad>0</ns3:cad>
          </ns3:TrackPointExtension>
        </extensions>
      </trkpt>
      <trkpt lat="46.37241854332387447357177734375" lon="23.58398585580289363861083984375">
        <ele>644.20001220703125</ele>
        <time>2022-06-11T10:40:12.000Z</time>
        <extensions>
          <ns3:TrackPointExtension>
            <ns3:hr>83</ns3:hr>
            <ns3:cad>0</ns3:cad>
          </ns3:TrackPointExtension>
        </extensions>
      </trkpt>
      <trkpt lat="46.37241804040968418121337890625" lon="23.5839857719838619232177734375">
        <ele>643.4000244140625</ele>
        <time>2022-06-11T10:40:26.000Z</time>
        <extensions>
          <ns3:TrackPointExtension>
            <ns3:hr>80</ns3:hr>
            <ns3:cad>0</ns3:cad>
          </ns3:TrackPointExtension>
        </extensions>
      </trkpt>
      <trkpt lat="46.3724177889525890350341796875" lon="23.583985604345798492431640625">
        <ele>643.20001220703125</ele>
        <time>2022-06-11T10:40:36.000Z</time>
        <extensions>
          <ns3:TrackPointExtension>
            <ns3:hr>80</ns3:hr>
            <ns3:cad>0</ns3:cad>
          </ns3:TrackPointExtension>
        </extensions>
      </trkpt>
      <trkpt lat="46.37241753749549388885498046875" lon="23.583985604345798492431640625">
        <ele>643.20001220703125</ele>
        <time>2022-06-11T10:40:42.000Z</time>
        <extensions>
          <ns3:TrackPointExtension>
            <ns3:hr>83</ns3:hr>
            <ns3:cad>0</ns3:cad>
          </ns3:TrackPointExtension>
        </extensions>
      </trkpt>
      <trkpt lat="46.3724171184003353118896484375" lon="23.58398552052676677703857421875">
        <ele>643.4000244140625</ele>
        <time>2022-06-11T10:40:53.000Z</time>
        <extensions>
          <ns3:TrackPointExtension>
            <ns3:hr>79</ns3:hr>
            <ns3:cad>0</ns3:cad>
          </ns3:TrackPointExtension>
        </extensions>
      </trkpt>
      <trkpt lat="46.372416950762271881103515625" lon="23.58398552052676677703857421875">
        <ele>643.20001220703125</ele>
        <time>2022-06-11T10:40:57.000Z</time>
        <extensions>
          <ns3:TrackPointExtension>
            <ns3:hr>76</ns3:hr>
            <ns3:cad>0</ns3:cad>
          </ns3:TrackPointExtension>
        </extensions>
      </trkpt>
      <trkpt lat="46.3724164478480815887451171875" lon="23.58398535288870334625244140625">
        <ele>643</ele>
        <time>2022-06-11T10:41:09.000Z</time>
        <extensions>
          <ns3:TrackPointExtension>
            <ns3:hr>79</ns3:hr>
            <ns3:cad>0</ns3:cad>
          </ns3:TrackPointExtension>
        </extensions>
      </trkpt>
      <trkpt lat="46.3724161125719547271728515625" lon="23.5839854367077350616455078125">
        <ele>642.20001220703125</ele>
        <time>2022-06-11T10:41:17.000Z</time>
        <extensions>
          <ns3:TrackPointExtension>
            <ns3:hr>78</ns3:hr>
            <ns3:cad>0</ns3:cad>
          </ns3:TrackPointExtension>
        </extensions>
      </trkpt>
      <trkpt lat="46.37241552583873271942138671875" lon="23.5839854367077350616455078125">
        <ele>641.5999755859375</ele>
        <time>2022-06-11T10:41:34.000Z</time>
        <extensions>
          <ns3:TrackPointExtension>
            <ns3:hr>81</ns3:hr>
            <ns3:cad>0</ns3:cad>
          </ns3:TrackPointExtension>
        </extensions>
      </trkpt>
      <trkpt lat="46.37241502292454242706298828125" lon="23.583985269069671630859375">
        <ele>641.20001220703125</ele>
        <time>2022-06-11T10:41:51.000Z</time>
        <extensions>
          <ns3:TrackPointExtension>
            <ns3:hr>84</ns3:hr>
            <ns3:cad>0</ns3:cad>
          </ns3:TrackPointExtension>
        </extensions>
      </trkpt>
      <trkpt lat="46.37241485528647899627685546875" lon="23.583985269069671630859375">
        <ele>641.20001220703125</ele>
        <time>2022-06-11T10:41:56.000Z</time>
        <extensions>
          <ns3:TrackPointExtension>
            <ns3:hr>81</ns3:hr>
            <ns3:cad>0</ns3:cad>
          </ns3:TrackPointExtension>
        </extensions>
      </trkpt>
      <trkpt lat="46.37241452001035213470458984375" lon="23.58398518525063991546630859375">
        <ele>641</ele>
        <time>2022-06-11T10:42:11.000Z</time>
        <extensions>
          <ns3:TrackPointExtension>
            <ns3:hr>82</ns3:hr>
            <ns3:cad>0</ns3:cad>
          </ns3:TrackPointExtension>
        </extensions>
      </trkpt>
      <trkpt lat="46.37241418473422527313232421875" lon="23.5839847661554813385009765625">
        <ele>640.5999755859375</ele>
        <time>2022-06-11T10:42:23.000Z</time>
        <extensions>
          <ns3:TrackPointExtension>
            <ns3:hr>79</ns3:hr>
            <ns3:cad>0</ns3:cad>
          </ns3:TrackPointExtension>
        </extensions>
      </trkpt>
      <trkpt lat="46.3724141009151935577392578125" lon="23.58398484997451305389404296875">
        <ele>640.4000244140625</ele>
        <time>2022-06-11T10:42:26.000Z</time>
        <extensions>
          <ns3:TrackPointExtension>
            <ns3:hr>75</ns3:hr>
            <ns3:cad>0</ns3:cad>
          </ns3:TrackPointExtension>
        </extensions>
      </trkpt>
      <trkpt lat="46.3724219799041748046875" lon="23.5839973390102386474609375">
        <ele>640</ele>
        <time>2022-06-11T10:42:36.000Z</time>
        <extensions>
          <ns3:TrackPointExtension>
            <ns3:hr>73</ns3:hr>
            <ns3:cad>0</ns3:cad>
          </ns3:TrackPointExtension>
        </extensions>
      </trkpt>
      <trkpt lat="46.3724286854267120361328125" lon="23.58400144614279270172119140625">
        <ele>640</ele>
        <time>2022-06-11T10:42:38.000Z</time>
        <extensions>
          <ns3:TrackPointExtension>
            <ns3:hr>72</ns3:hr>
            <ns3:cad>40</ns3:cad>
          </ns3:TrackPointExtension>
        </extensions>
      </trkpt>
      <trkpt lat="46.37242927215993404388427734375" lon="23.58398652635514736175537109375">
        <ele>641.20001220703125</ele>
        <time>2022-06-11T10:42:44.000Z</time>
        <extensions>
          <ns3:TrackPointExtension>
            <ns3:hr>73</ns3:hr>
            <ns3:cad>0</ns3:cad>
          </ns3:TrackPointExtension>
        </extensions>
      </trkpt>
      <trkpt lat="46.3724313676357269287109375" lon="23.58398283831775188446044921875">
        <ele>641.5999755859375</ele>
        <time>2022-06-11T10:42:46.000Z</time>
        <extensions>
          <ns3:TrackPointExtension>
            <ns3:hr>76</ns3:hr>
            <ns3:cad>0</ns3:cad>
          </ns3:TrackPointExtension>
        </extensions>
      </trkpt>
      <trkpt lat="46.3724301941692829132080078125" lon="23.58398384414613246917724609375">
        <ele>641.79998779296875</ele>
        <time>2022-06-11T10:42:48.000Z</time>
        <extensions>
          <ns3:TrackPointExtension>
            <ns3:hr>79</ns3:hr>
            <ns3:cad>0</ns3:cad>
          </ns3:TrackPointExtension>
        </extensions>
      </trkpt>
      <trkpt lat="46.3724214769899845123291015625" lon="23.58398862183094024658203125">
        <ele>641.79998779296875</ele>
        <time>2022-06-11T10:42:50.000Z</time>
        <extensions>
          <ns3:TrackPointExtension>
            <ns3:hr>83</ns3:hr>
            <ns3:cad>0</ns3:cad>
          </ns3:TrackPointExtension>
        </extensions>
      </trkpt>
      <trkpt lat="46.3723959960043430328369140625" lon="23.5839892923831939697265625">
        <ele>641</ele>
        <time>2022-06-11T10:42:53.000Z</time>
        <extensions>
          <ns3:TrackPointExtension>
            <ns3:hr>86</ns3:hr>
            <ns3:cad>0</ns3:cad>
          </ns3:TrackPointExtension>
        </extensions>
      </trkpt>
      <trkpt lat="46.3723804056644439697265625" lon="23.583982251584529876708984375">
        <ele>640.79998779296875</ele>
        <time>2022-06-11T10:42:55.000Z</time>
        <extensions>
          <ns3:TrackPointExtension>
            <ns3:hr>85</ns3:hr>
            <ns3:cad>0</ns3:cad>
          </ns3:TrackPointExtension>
        </extensions>
      </trkpt>
      <trkpt lat="46.372357942163944244384765625" lon="23.5839626379311084747314453125">
        <ele>640.5999755859375</ele>
        <time>2022-06-11T10:43:03.000Z</time>
        <extensions>
          <ns3:TrackPointExtension>
            <ns3:hr>87</ns3:hr>
            <ns3:cad>0</ns3:cad>
          </ns3:TrackPointExtension>
        </extensions>
      </trkpt>
      <trkpt lat="46.372357942163944244384765625" lon="23.5839626379311084747314453125">
        <ele>640.5999755859375</ele>
        <time>2022-06-11T10:43:06.000Z</time>
        <extensions>
          <ns3:TrackPointExtension>
            <ns3:hr>90</ns3:hr>
            <ns3:cad>0</ns3:cad>
          </ns3:TrackPointExtension>
        </extensions>
      </trkpt>
      <trkpt lat="46.37235618196427822113037109375" lon="23.58396607451140880584716796875">
        <ele>640.5999755859375</ele>
        <time>2022-06-11T10:43:29.000Z</time>
        <extensions>
          <ns3:TrackPointExtension>
            <ns3:hr>86</ns3:hr>
            <ns3:cad>0</ns3:cad>
          </ns3:TrackPointExtension>
        </extensions>
      </trkpt>
      <trkpt lat="46.37235567905008792877197265625" lon="23.58396640978753566741943359375">
        <ele>640.5999755859375</ele>
        <time>2022-06-11T10:43:31.000Z</time>
        <extensions>
          <ns3:TrackPointExtension>
            <ns3:hr>83</ns3:hr>
            <ns3:cad>0</ns3:cad>
          </ns3:TrackPointExtension>
        </extensions>
      </trkpt>
      <trkpt lat="46.37234997935593128204345703125" lon="23.58396959491074085235595703125">
        <ele>640.5999755859375</ele>
        <time>2022-06-11T10:43:50.000Z</time>
        <extensions>
          <ns3:TrackPointExtension>
            <ns3:hr>86</ns3:hr>
            <ns3:cad>0</ns3:cad>
          </ns3:TrackPointExtension>
        </extensions>
      </trkpt>
      <trkpt lat="46.37232969515025615692138671875" lon="23.58396322466433048248291015625">
        <ele>640.20001220703125</ele>
        <time>2022-06-11T10:43:52.000Z</time>
        <extensions>
          <ns3:TrackPointExtension>
            <ns3:hr>86</ns3:hr>
            <ns3:cad>78</ns3:cad>
          </ns3:TrackPointExtension>
        </extensions>
      </trkpt>
      <trkpt lat="46.37228275649249553680419921875" lon="23.58394914306700229644775390625">
        <ele>639.5999755859375</ele>
        <time>2022-06-11T10:43:56.000Z</time>
        <extensions>
          <ns3:TrackPointExtension>
            <ns3:hr>85</ns3:hr>
            <ns3:cad>0</ns3:cad>
          </ns3:TrackPointExtension>
        </extensions>
      </trkpt>
      <trkpt lat="46.37225610204041004180908203125" lon="23.58395517803728580474853515625">
        <ele>639</ele>
        <time>2022-06-11T10:43:58.000Z</time>
        <extensions>
          <ns3:TrackPointExtension>
            <ns3:hr>84</ns3:hr>
            <ns3:cad>0</ns3:cad>
          </ns3:TrackPointExtension>
        </extensions>
      </trkpt>
      <trkpt lat="46.37220111675560474395751953125" lon="23.583936989307403564453125">
        <ele>637.5999755859375</ele>
        <time>2022-06-11T10:44:04.000Z</time>
        <extensions>
          <ns3:TrackPointExtension>
            <ns3:hr>86</ns3:hr>
            <ns3:cad>122</ns3:cad>
          </ns3:TrackPointExtension>
        </extensions>
      </trkpt>
      <trkpt lat="46.37218100018799304962158203125" lon="23.58388963155448436737060546875">
        <ele>636.4000244140625</ele>
        <time>2022-06-11T10:44:07.000Z</time>
        <extensions>
          <ns3:TrackPointExtension>
            <ns3:hr>87</ns3:hr>
            <ns3:cad>59</ns3:cad>
          </ns3:TrackPointExtension>
        </extensions>
      </trkpt>
      <trkpt lat="46.37216624803841114044189453125" lon="23.58384084887802600860595703125">
        <ele>636</ele>
        <time>2022-06-11T10:44:11.000Z</time>
        <extensions>
          <ns3:TrackPointExtension>
            <ns3:hr>87</ns3:hr>
            <ns3:cad>50</ns3:cad>
          </ns3:TrackPointExtension>
        </extensions>
      </trkpt>
      <trkpt lat="46.37215585447847843170166015625" lon="23.58381696045398712158203125">
        <ele>635.5999755859375</ele>
        <time>2022-06-11T10:44:16.000Z</time>
        <extensions>
          <ns3:TrackPointExtension>
            <ns3:hr>88</ns3:hr>
            <ns3:cad>45</ns3:cad>
          </ns3:TrackPointExtension>
        </extensions>
      </trkpt>
      <trkpt lat="46.3721613027155399322509765625" lon="23.58377664349973201751708984375">
        <ele>635.5999755859375</ele>
        <time>2022-06-11T10:44:20.000Z</time>
        <extensions>
          <ns3:TrackPointExtension>
            <ns3:hr>91</ns3:hr>
            <ns3:cad>0</ns3:cad>
          </ns3:TrackPointExtension>
        </extensions>
      </trkpt>
      <trkpt lat="46.37215979397296905517578125" lon="23.5837554372847080230712890625">
        <ele>635.5999755859375</ele>
        <time>2022-06-11T10:44:23.000Z</time>
        <extensions>
          <ns3:TrackPointExtension>
            <ns3:hr>90</ns3:hr>
            <ns3:cad>0</ns3:cad>
          </ns3:TrackPointExtension>
        </extensions>
      </trkpt>
      <trkpt lat="46.37214177288115024566650390625" lon="23.58367404900491237640380859375">
        <ele>635.5999755859375</ele>
        <time>2022-06-11T10:44:29.000Z</time>
        <extensions>
          <ns3:TrackPointExtension>
            <ns3:hr>87</ns3:hr>
            <ns3:cad>48</ns3:cad>
          </ns3:TrackPointExtension>
        </extensions>
      </trkpt>
      <trkpt lat="46.37212651781737804412841796875" lon="23.58362275175750255584716796875">
        <ele>635.79998779296875</ele>
        <time>2022-06-11T10:44:33.000Z</time>
        <extensions>
          <ns3:TrackPointExtension>
            <ns3:hr>83</ns3:hr>
            <ns3:cad>46</ns3:cad>
          </ns3:TrackPointExtension>
        </extensions>
      </trkpt>
      <trkpt lat="46.37212165631353855133056640625" lon="23.5835599713027477264404296875">
        <ele>635.79998779296875</ele>
        <time>2022-06-11T10:44:37.000Z</time>
        <extensions>
          <ns3:TrackPointExtension>
            <ns3:hr>85</ns3:hr>
            <ns3:cad>45</ns3:cad>
          </ns3:TrackPointExtension>
        </extensions>
      </trkpt>
      <trkpt lat="46.37214244343340396881103515625" lon="23.58351814560592174530029296875">
        <ele>635.4000244140625</ele>
        <time>2022-06-11T10:44:43.000Z</time>
        <extensions>
          <ns3:TrackPointExtension>
            <ns3:hr>85</ns3:hr>
            <ns3:cad>0</ns3:cad>
          </ns3:TrackPointExtension>
        </extensions>
      </trkpt>
      <trkpt lat="46.37214479036629199981689453125" lon="23.583518564701080322265625">
        <ele>635.4000244140625</ele>
        <time>2022-06-11T10:44:44.000Z</time>
        <extensions>
          <ns3:TrackPointExtension>
            <ns3:hr>85</ns3:hr>
            <ns3:cad>0</ns3:cad>
          </ns3:TrackPointExtension>
        </extensions>
      </trkpt>
      <trkpt lat="46.37214277870953083038330078125" lon="23.58346735127270221710205078125">
        <ele>635.20001220703125</ele>
        <time>2022-06-11T10:44:50.000Z</time>
        <extensions>
          <ns3:TrackPointExtension>
            <ns3:hr>83</ns3:hr>
            <ns3:cad>0</ns3:cad>
          </ns3:TrackPointExtension>
        </extensions>
      </trkpt>
      <trkpt lat="46.3721797429025173187255859375" lon="23.583432398736476898193359375">
        <ele>635.20001220703125</ele>
        <time>2022-06-11T10:44:57.000Z</time>
        <extensions>
          <ns3:TrackPointExtension>
            <ns3:hr>82</ns3:hr>
            <ns3:cad>0</ns3:cad>
          </ns3:TrackPointExtension>
        </extensions>
      </trkpt>
      <trkpt lat="46.3721837662160396575927734375" lon="23.583431728184223175048828125">
        <ele>634.79998779296875</ele>
        <time>2022-06-11T10:45:07.000Z</time>
        <extensions>
          <ns3:TrackPointExtension>
            <ns3:hr>82</ns3:hr>
            <ns3:cad>0</ns3:cad>
          </ns3:TrackPointExtension>
        </extensions>
      </trkpt>
      <trkpt lat="46.372187621891498565673828125" lon="23.58343784697353839874267578125">
        <ele>634.79998779296875</ele>
        <time>2022-06-11T10:45:17.000Z</time>
        <extensions>
          <ns3:TrackPointExtension>
            <ns3:hr>79</ns3:hr>
            <ns3:cad>0</ns3:cad>
          </ns3:TrackPointExtension>
        </extensions>
      </trkpt>
      <trkpt lat="46.372187621891498565673828125" lon="23.58343784697353839874267578125">
        <ele>634.79998779296875</ele>
        <time>2022-06-11T10:45:18.000Z</time>
        <extensions>
          <ns3:TrackPointExtension>
            <ns3:hr>78</ns3:hr>
            <ns3:cad>0</ns3:cad>
          </ns3:TrackPointExtension>
        </extensions>
      </trkpt>
      <trkpt lat="46.372187621891498565673828125" lon="23.58343767933547496795654296875">
        <ele>634.20001220703125</ele>
        <time>2022-06-11T10:45:24.000Z</time>
        <extensions>
          <ns3:TrackPointExtension>
            <ns3:hr>77</ns3:hr>
            <ns3:cad>75</ns3:cad>
          </ns3:TrackPointExtension>
        </extensions>
      </trkpt>
      <trkpt lat="46.372192315757274627685546875" lon="23.5834318958222866058349609375">
        <ele>633.20001220703125</ele>
        <time>2022-06-11T10:45:32.000Z</time>
        <extensions>
          <ns3:TrackPointExtension>
            <ns3:hr>76</ns3:hr>
            <ns3:cad>47</ns3:cad>
          </ns3:TrackPointExtension>
        </extensions>
      </trkpt>
      <trkpt lat="46.3722074031829833984375" lon="23.58340666629374027252197265625">
        <ele>632</ele>
        <time>2022-06-11T10:45:39.000Z</time>
        <extensions>
          <ns3:TrackPointExtension>
            <ns3:hr>74</ns3:hr>
            <ns3:cad>49</ns3:cad>
          </ns3:TrackPointExtension>
        </extensions>
      </trkpt>
      <trkpt lat="46.3722409307956695556640625" lon="23.5833175666630268096923828125">
        <ele>631</ele>
        <time>2022-06-11T10:45:46.000Z</time>
        <extensions>
          <ns3:TrackPointExtension>
            <ns3:hr>73</ns3:hr>
            <ns3:cad>51</ns3:cad>
          </ns3:TrackPointExtension>
        </extensions>
      </trkpt>
      <trkpt lat="46.37226347811520099639892578125" lon="23.5832759924232959747314453125">
        <ele>630.5999755859375</ele>
        <time>2022-06-11T10:45:48.000Z</time>
        <extensions>
          <ns3:TrackPointExtension>
            <ns3:hr>72</ns3:hr>
            <ns3:cad>55</ns3:cad>
          </ns3:TrackPointExtension>
        </extensions>
      </trkpt>
      <trkpt lat="46.37228376232087612152099609375" lon="23.58323223888874053955078125">
        <ele>630</ele>
        <time>2022-06-11T10:45:50.000Z</time>
        <extensions>
          <ns3:TrackPointExtension>
            <ns3:hr>71</ns3:hr>
            <ns3:cad>55</ns3:cad>
          </ns3:TrackPointExtension>
        </extensions>
      </trkpt>
      <trkpt lat="46.372319050133228302001953125" lon="23.58317054808139801025390625">
        <ele>629</ele>
        <time>2022-06-11T10:45:54.000Z</time>
        <extensions>
          <ns3:TrackPointExtension>
            <ns3:hr>72</ns3:hr>
            <ns3:cad>50</ns3:cad>
          </ns3:TrackPointExtension>
        </extensions>
      </trkpt>
      <trkpt lat="46.37232734821736812591552734375" lon="23.58316090889275074005126953125">
        <ele>628.79998779296875</ele>
        <time>2022-06-11T10:45:55.000Z</time>
        <extensions>
          <ns3:TrackPointExtension>
            <ns3:hr>72</ns3:hr>
            <ns3:cad>50</ns3:cad>
          </ns3:TrackPointExtension>
        </extensions>
      </trkpt>
      <trkpt lat="46.3723938167095184326171875" lon="23.58309536240994930267333984375">
        <ele>628.20001220703125</ele>
        <time>2022-06-11T10:46:04.000Z</time>
        <extensions>
          <ns3:TrackPointExtension>
            <ns3:hr>73</ns3:hr>
            <ns3:cad>52</ns3:cad>
          </ns3:TrackPointExtension>
        </extensions>
      </trkpt>
      <trkpt lat="46.3724073953926563262939453125" lon="23.583080358803272247314453125">
        <ele>627.5999755859375</ele>
        <time>2022-06-11T10:46:07.000Z</time>
        <extensions>
          <ns3:TrackPointExtension>
            <ns3:hr>73</ns3:hr>
            <ns3:cad>51</ns3:cad>
          </ns3:TrackPointExtension>
        </extensions>
      </trkpt>
      <trkpt lat="46.3724147714674472808837890625" lon="23.583032079041004180908203125">
        <ele>626.5999755859375</ele>
        <time>2022-06-11T10:46:11.000Z</time>
        <extensions>
          <ns3:TrackPointExtension>
            <ns3:hr>76</ns3:hr>
            <ns3:cad>46</ns3:cad>
          </ns3:TrackPointExtension>
        </extensions>
      </trkpt>
      <trkpt lat="46.3724198006093502044677734375" lon="23.58302570879459381103515625">
        <ele>626.5999755859375</ele>
        <time>2022-06-11T10:46:12.000Z</time>
        <extensions>
          <ns3:TrackPointExtension>
            <ns3:hr>77</ns3:hr>
            <ns3:cad>46</ns3:cad>
          </ns3:TrackPointExtension>
        </extensions>
      </trkpt>
      <trkpt lat="46.37243128381669521331787109375" lon="23.5829995572566986083984375">
        <ele>626</ele>
        <time>2022-06-11T10:46:15.000Z</time>
        <extensions>
          <ns3:TrackPointExtension>
            <ns3:hr>81</ns3:hr>
            <ns3:cad>44</ns3:cad>
          </ns3:TrackPointExtension>
        </extensions>
      </trkpt>
      <trkpt lat="46.37244570069015026092529296875" lon="23.58298270963132381439208984375">
        <ele>625.79998779296875</ele>
        <time>2022-06-11T10:46:17.000Z</time>
        <extensions>
          <ns3:TrackPointExtension>
            <ns3:hr>84</ns3:hr>
            <ns3:cad>45</ns3:cad>
          </ns3:TrackPointExtension>
        </extensions>
      </trkpt>
      <trkpt lat="46.37245357967913150787353515625" lon="23.582944236695766448974609375">
        <ele>625.4000244140625</ele>
        <time>2022-06-11T10:46:19.000Z</time>
        <extensions>
          <ns3:TrackPointExtension>
            <ns3:hr>85</ns3:hr>
            <ns3:cad>43</ns3:cad>
          </ns3:TrackPointExtension>
        </extensions>
      </trkpt>
      <trkpt lat="46.37247470207512378692626953125" lon="23.5829078592360019683837890625">
        <ele>624.79998779296875</ele>
        <time>2022-06-11T10:46:22.000Z</time>
        <extensions>
          <ns3:TrackPointExtension>
            <ns3:hr>85</ns3:hr>
            <ns3:cad>45</ns3:cad>
          </ns3:TrackPointExtension>
        </extensions>
      </trkpt>
      <trkpt lat="46.3724935613572597503662109375" lon="23.58290710486471652984619140625">
        <ele>624.4000244140625</ele>
        <time>2022-06-11T10:46:24.000Z</time>
        <extensions>
          <ns3:TrackPointExtension>
            <ns3:hr>85</ns3:hr>
            <ns3:cad>45</ns3:cad>
          </ns3:TrackPointExtension>
        </extensions>
      </trkpt>
      <trkpt lat="46.3725364767014980316162109375" lon="23.5828976333141326904296875">
        <ele>623.5999755859375</ele>
        <time>2022-06-11T10:46:30.000Z</time>
        <extensions>
          <ns3:TrackPointExtension>
            <ns3:hr>86</ns3:hr>
            <ns3:cad>46</ns3:cad>
          </ns3:TrackPointExtension>
        </extensions>
      </trkpt>
      <trkpt lat="46.37254108674824237823486328125" lon="23.58289696276187896728515625">
        <ele>623.20001220703125</ele>
        <time>2022-06-11T10:46:31.000Z</time>
        <extensions>
          <ns3:TrackPointExtension>
            <ns3:hr>87</ns3:hr>
            <ns3:cad>46</ns3:cad>
          </ns3:TrackPointExtension>
        </extensions>
      </trkpt>
      <trkpt lat="46.3725549168884754180908203125" lon="23.5828894190490245819091796875">
        <ele>622</ele>
        <time>2022-06-11T10:46:35.000Z</time>
        <extensions>
          <ns3:TrackPointExtension>
            <ns3:hr>88</ns3:hr>
            <ns3:cad>59</ns3:cad>
          </ns3:TrackPointExtension>
        </extensions>
      </trkpt>
      <trkpt lat="46.37257176451385021209716796875" lon="23.5828796960413455963134765625">
        <ele>621</ele>
        <time>2022-06-11T10:46:38.000Z</time>
        <extensions>
          <ns3:TrackPointExtension>
            <ns3:hr>89</ns3:hr>
            <ns3:cad>59</ns3:cad>
          </ns3:TrackPointExtension>
        </extensions>
      </trkpt>
      <trkpt lat="46.37257645837962627410888671875" lon="23.58287257142364978790283203125">
        <ele>621</ele>
        <time>2022-06-11T10:46:39.000Z</time>
        <extensions>
          <ns3:TrackPointExtension>
            <ns3:hr>89</ns3:hr>
            <ns3:cad>59</ns3:cad>
          </ns3:TrackPointExtension>
        </extensions>
      </trkpt>
      <trkpt lat="46.37261132709681987762451171875" lon="23.5828681290149688720703125">
        <ele>619.5999755859375</ele>
        <time>2022-06-11T10:46:43.000Z</time>
        <extensions>
          <ns3:TrackPointExtension>
            <ns3:hr>90</ns3:hr>
            <ns3:cad>53</ns3:cad>
          </ns3:TrackPointExtension>
        </extensions>
      </trkpt>
      <trkpt lat="46.37264200486242771148681640625" lon="23.58283133246004581451416015625">
        <ele>619</ele>
        <time>2022-06-11T10:46:47.000Z</time>
        <extensions>
          <ns3:TrackPointExtension>
            <ns3:hr>89</ns3:hr>
            <ns3:cad>54</ns3:cad>
          </ns3:TrackPointExtension>
        </extensions>
      </trkpt>
      <trkpt lat="46.372659020125865936279296875" lon="23.582815825939178466796875">
        <ele>618.4000244140625</ele>
        <time>2022-06-11T10:46:49.000Z</time>
        <extensions>
          <ns3:TrackPointExtension>
            <ns3:hr>88</ns3:hr>
            <ns3:cad>50</ns3:cad>
          </ns3:TrackPointExtension>
        </extensions>
      </trkpt>
      <trkpt lat="46.3726766221225261688232421875" lon="23.58282378874719142913818359375">
        <ele>617.79998779296875</ele>
        <time>2022-06-11T10:46:52.000Z</time>
        <extensions>
          <ns3:TrackPointExtension>
            <ns3:hr>85</ns3:hr>
            <ns3:cad>51</ns3:cad>
          </ns3:TrackPointExtension>
        </extensions>
      </trkpt>
      <trkpt lat="46.3726907037198543548583984375" lon="23.5828163288533687591552734375">
        <ele>617.4000244140625</ele>
        <time>2022-06-11T10:46:56.000Z</time>
        <extensions>
          <ns3:TrackPointExtension>
            <ns3:hr>87</ns3:hr>
            <ns3:cad>0</ns3:cad>
          </ns3:TrackPointExtension>
        </extensions>
      </trkpt>
      <trkpt lat="46.37269715778529644012451171875" lon="23.58281021006405353546142578125">
        <ele>617.4000244140625</ele>
        <time>2022-06-11T10:46:57.000Z</time>
        <extensions>
          <ns3:TrackPointExtension>
            <ns3:hr>84</ns3:hr>
            <ns3:cad>0</ns3:cad>
          </ns3:TrackPointExtension>
        </extensions>
      </trkpt>
      <trkpt lat="46.372747533023357391357421875" lon="23.5828005708754062652587890625">
        <ele>616.4000244140625</ele>
        <time>2022-06-11T10:47:02.000Z</time>
        <extensions>
          <ns3:TrackPointExtension>
            <ns3:hr>83</ns3:hr>
            <ns3:cad>53</ns3:cad>
          </ns3:TrackPointExtension>
        </extensions>
      </trkpt>
      <trkpt lat="46.37276136316359043121337890625" lon="23.5828077793121337890625">
        <ele>616</ele>
        <time>2022-06-11T10:47:03.000Z</time>
        <extensions>
          <ns3:TrackPointExtension>
            <ns3:hr>82</ns3:hr>
            <ns3:cad>53</ns3:cad>
          </ns3:TrackPointExtension>
        </extensions>
      </trkpt>
      <trkpt lat="46.37278885580599308013916015625" lon="23.58282496221363544464111328125">
        <ele>615.20001220703125</ele>
        <time>2022-06-11T10:47:06.000Z</time>
        <extensions>
          <ns3:TrackPointExtension>
            <ns3:hr>80</ns3:hr>
            <ns3:cad>56</ns3:cad>
          </ns3:TrackPointExtension>
        </extensions>
      </trkpt>
      <trkpt lat="46.37282640673220157623291015625" lon="23.58285605907440185546875">
        <ele>614</ele>
        <time>2022-06-11T10:47:10.000Z</time>
        <extensions>
          <ns3:TrackPointExtension>
            <ns3:hr>77</ns3:hr>
            <ns3:cad>57</ns3:cad>
          </ns3:TrackPointExtension>
        </extensions>
      </trkpt>
      <trkpt lat="46.3728283345699310302734375" lon="23.58286988921463489532470703125">
        <ele>613.5999755859375</ele>
        <time>2022-06-11T10:47:11.000Z</time>
        <extensions>
          <ns3:TrackPointExtension>
            <ns3:hr>77</ns3:hr>
            <ns3:cad>59</ns3:cad>
          </ns3:TrackPointExtension>
        </extensions>
      </trkpt>
      <trkpt lat="46.372855491936206817626953125" lon="23.5829061828553676605224609375">
        <ele>613</ele>
        <time>2022-06-11T10:47:13.000Z</time>
        <extensions>
          <ns3:TrackPointExtension>
            <ns3:hr>76</ns3:hr>
            <ns3:cad>59</ns3:cad>
          </ns3:TrackPointExtension>
        </extensions>
      </trkpt>
      <trkpt lat="46.37288105674088001251220703125" lon="23.58294381760060787200927734375">
        <ele>612.20001220703125</ele>
        <time>2022-06-11T10:47:16.000Z</time>
        <extensions>
          <ns3:TrackPointExtension>
            <ns3:hr>75</ns3:hr>
            <ns3:cad>59</ns3:cad>
          </ns3:TrackPointExtension>
        </extensions>
      </trkpt>
      <trkpt lat="46.3728885166347026824951171875" lon="23.5829484276473522186279296875">
        <ele>612</ele>
        <time>2022-06-11T10:47:17.000Z</time>
        <extensions>
          <ns3:TrackPointExtension>
            <ns3:hr>75</ns3:hr>
            <ns3:cad>59</ns3:cad>
          </ns3:TrackPointExtension>
        </extensions>
      </trkpt>
      <trkpt lat="46.37289329431951045989990234375" lon="23.58295152895152568817138671875">
        <ele>611.79998779296875</ele>
        <time>2022-06-11T10:47:18.000Z</time>
        <extensions>
          <ns3:TrackPointExtension>
            <ns3:hr>75</ns3:hr>
            <ns3:cad>59</ns3:cad>
          </ns3:TrackPointExtension>
        </extensions>
      </trkpt>
      <trkpt lat="46.37289446778595447540283203125" lon="23.58295463025569915771484375">
        <ele>611.5999755859375</ele>
        <time>2022-06-11T10:47:20.000Z</time>
        <extensions>
          <ns3:TrackPointExtension>
            <ns3:hr>71</ns3:hr>
            <ns3:cad>0</ns3:cad>
          </ns3:TrackPointExtension>
        </extensions>
      </trkpt>
      <trkpt lat="46.37289245612919330596923828125" lon="23.58295588754117488861083984375">
        <ele>611.4000244140625</ele>
        <time>2022-06-11T10:47:21.000Z</time>
        <extensions>
          <ns3:TrackPointExtension>
            <ns3:hr>75</ns3:hr>
            <ns3:cad>0</ns3:cad>
          </ns3:TrackPointExtension>
        </extensions>
      </trkpt>
      <trkpt lat="46.3728848285973072052001953125" lon="23.58295974321663379669189453125">
        <ele>611.4000244140625</ele>
        <time>2022-06-11T10:47:23.000Z</time>
        <extensions>
          <ns3:TrackPointExtension>
            <ns3:hr>72</ns3:hr>
            <ns3:cad>0</ns3:cad>
          </ns3:TrackPointExtension>
        </extensions>
      </trkpt>
      <trkpt lat="46.3728784583508968353271484375" lon="23.5829645209014415740966796875">
        <ele>611.79998779296875</ele>
        <time>2022-06-11T10:47:31.000Z</time>
        <extensions>
          <ns3:TrackPointExtension>
            <ns3:hr>76</ns3:hr>
            <ns3:cad>0</ns3:cad>
          </ns3:TrackPointExtension>
        </extensions>
      </trkpt>
      <trkpt lat="46.3728784583508968353271484375" lon="23.5829645209014415740966796875">
        <ele>612</ele>
        <time>2022-06-11T10:47:34.000Z</time>
        <extensions>
          <ns3:TrackPointExtension>
            <ns3:hr>77</ns3:hr>
            <ns3:cad>0</ns3:cad>
          </ns3:TrackPointExtension>
        </extensions>
      </trkpt>
      <trkpt lat="46.3728784583508968353271484375" lon="23.5829645209014415740966796875">
        <ele>612</ele>
        <time>2022-06-11T10:47:38.000Z</time>
        <extensions>
          <ns3:TrackPointExtension>
            <ns3:hr>80</ns3:hr>
            <ns3:cad>0</ns3:cad>
          </ns3:TrackPointExtension>
        </extensions>
      </trkpt>
      <trkpt lat="46.37287753634154796600341796875" lon="23.582970388233661651611328125">
        <ele>612.20001220703125</ele>
        <time>2022-06-11T10:47:49.000Z</time>
        <extensions>
          <ns3:TrackPointExtension>
            <ns3:hr>77</ns3:hr>
            <ns3:cad>0</ns3:cad>
          </ns3:TrackPointExtension>
        </extensions>
      </trkpt>
      <trkpt lat="46.3728774525225162506103515625" lon="23.5829794406890869140625">
        <ele>612</ele>
        <time>2022-06-11T10:48:00.000Z</time>
        <extensions>
          <ns3:TrackPointExtension>
            <ns3:hr>80</ns3:hr>
            <ns3:cad>0</ns3:cad>
          </ns3:TrackPointExtension>
        </extensions>
      </trkpt>
      <trkpt lat="46.37287996709346771240234375" lon="23.5829812847077846527099609375">
        <ele>611.4000244140625</ele>
        <time>2022-06-11T10:48:12.000Z</time>
        <extensions>
          <ns3:TrackPointExtension>
            <ns3:hr>83</ns3:hr>
            <ns3:cad>0</ns3:cad>
          </ns3:TrackPointExtension>
        </extensions>
      </trkpt>
      <trkpt lat="46.372882984578609466552734375" lon="23.5829812847077846527099609375">
        <ele>611.4000244140625</ele>
        <time>2022-06-11T10:48:15.000Z</time>
        <extensions>
          <ns3:TrackPointExtension>
            <ns3:hr>80</ns3:hr>
            <ns3:cad>0</ns3:cad>
          </ns3:TrackPointExtension>
        </extensions>
      </trkpt>
      <trkpt lat="46.37288474477827548980712890625" lon="23.58298120088875293731689453125">
        <ele>611.4000244140625</ele>
        <time>2022-06-11T10:48:17.000Z</time>
        <extensions>
          <ns3:TrackPointExtension>
            <ns3:hr>76</ns3:hr>
            <ns3:cad>0</ns3:cad>
          </ns3:TrackPointExtension>
        </extensions>
      </trkpt>
      <trkpt lat="46.37288558296859264373779296875" lon="23.58298136852681636810302734375">
        <ele>611.4000244140625</ele>
        <time>2022-06-11T10:48:19.000Z</time>
        <extensions>
          <ns3:TrackPointExtension>
            <ns3:hr>73</ns3:hr>
            <ns3:cad>0</ns3:cad>
          </ns3:TrackPointExtension>
        </extensions>
      </trkpt>
      <trkpt lat="46.3728871755301952362060546875" lon="23.58298011124134063720703125">
        <ele>611.4000244140625</ele>
        <time>2022-06-11T10:48:28.000Z</time>
        <extensions>
          <ns3:TrackPointExtension>
            <ns3:hr>69</ns3:hr>
            <ns3:cad>0</ns3:cad>
          </ns3:TrackPointExtension>
        </extensions>
      </trkpt>
      <trkpt lat="46.3728871755301952362060546875" lon="23.58297935687005519866943359375">
        <ele>611.5999755859375</ele>
        <time>2022-06-11T10:48:31.000Z</time>
        <extensions>
          <ns3:TrackPointExtension>
            <ns3:hr>72</ns3:hr>
            <ns3:cad>0</ns3:cad>
          </ns3:TrackPointExtension>
        </extensions>
      </trkpt>
      <trkpt lat="46.3728871755301952362060546875" lon="23.58297801576554775238037109375">
        <ele>611.5999755859375</ele>
        <time>2022-06-11T10:48:33.000Z</time>
        <extensions>
          <ns3:TrackPointExtension>
            <ns3:hr>76</ns3:hr>
            <ns3:cad>0</ns3:cad>
          </ns3:TrackPointExtension>
        </extensions>
      </trkpt>
      <trkpt lat="46.3728838227689266204833984375" lon="23.582961000502109527587890625">
        <ele>611.5999755859375</ele>
        <time>2022-06-11T10:48:46.000Z</time>
        <extensions>
          <ns3:TrackPointExtension>
            <ns3:hr>79</ns3:hr>
            <ns3:cad>0</ns3:cad>
          </ns3:TrackPointExtension>
        </extensions>
      </trkpt>
      <trkpt lat="46.37288206256926059722900390625" lon="23.5829554684460163116455078125">
        <ele>611.5999755859375</ele>
        <time>2022-06-11T10:49:00.000Z</time>
        <extensions>
          <ns3:TrackPointExtension>
            <ns3:hr>82</ns3:hr>
            <ns3:cad>0</ns3:cad>
          </ns3:TrackPointExtension>
        </extensions>
      </trkpt>
      <trkpt lat="46.3729139976203441619873046875" lon="23.58286385424435138702392578125">
        <ele>611.5999755859375</ele>
        <time>2022-06-11T10:49:20.000Z</time>
        <extensions>
          <ns3:TrackPointExtension>
            <ns3:hr>85</ns3:hr>
            <ns3:cad>0</ns3:cad>
          </ns3:TrackPointExtension>
        </extensions>
      </trkpt>
      <trkpt lat="46.3729156740009784698486328125" lon="23.582862429320812225341796875">
        <ele>611.5999755859375</ele>
        <time>2022-06-11T10:49:23.000Z</time>
        <extensions>
          <ns3:TrackPointExtension>
            <ns3:hr>88</ns3:hr>
            <ns3:cad>0</ns3:cad>
          </ns3:TrackPointExtension>
        </extensions>
      </trkpt>
      <trkpt lat="46.37291810475289821624755859375" lon="23.58285941183567047119140625">
        <ele>611.5999755859375</ele>
        <time>2022-06-11T10:49:33.000Z</time>
        <extensions>
          <ns3:TrackPointExtension>
            <ns3:hr>91</ns3:hr>
            <ns3:cad>0</ns3:cad>
          </ns3:TrackPointExtension>
        </extensions>
      </trkpt>
      <trkpt lat="46.37290955521166324615478515625" lon="23.58280400745570659637451171875">
        <ele>611.5999755859375</ele>
        <time>2022-06-11T10:49:38.000Z</time>
        <extensions>
          <ns3:TrackPointExtension>
            <ns3:hr>94</ns3:hr>
            <ns3:cad>0</ns3:cad>
          </ns3:TrackPointExtension>
        </extensions>
      </trkpt>
      <trkpt lat="46.37291324324905872344970703125" lon="23.58276712708175182342529296875">
        <ele>611.5999755859375</ele>
        <time>2022-06-11T10:49:41.000Z</time>
        <extensions>
          <ns3:TrackPointExtension>
            <ns3:hr>93</ns3:hr>
            <ns3:cad>54</ns3:cad>
          </ns3:TrackPointExtension>
        </extensions>
      </trkpt>
      <trkpt lat="46.37292045168578624725341796875" lon="23.582713901996612548828125">
        <ele>611.5999755859375</ele>
        <time>2022-06-11T10:49:48.000Z</time>
        <extensions>
          <ns3:TrackPointExtension>
            <ns3:hr>92</ns3:hr>
            <ns3:cad>50</ns3:cad>
          </ns3:TrackPointExtension>
        </extensions>
      </trkpt>
      <trkpt lat="46.3729651272296905517578125" lon="23.58267962001264095306396484375">
        <ele>611.5999755859375</ele>
        <time>2022-06-11T10:49:56.000Z</time>
        <extensions>
          <ns3:TrackPointExtension>
            <ns3:hr>90</ns3:hr>
            <ns3:cad>58</ns3:cad>
          </ns3:TrackPointExtension>
        </extensions>
      </trkpt>
      <trkpt lat="46.37297476641833782196044921875" lon="23.5826708190143108367919921875">
        <ele>611.5999755859375</ele>
        <time>2022-06-11T10:49:58.000Z</time>
        <extensions>
          <ns3:TrackPointExtension>
            <ns3:hr>86</ns3:hr>
            <ns3:cad>58</ns3:cad>
          </ns3:TrackPointExtension>
        </extensions>
      </trkpt>
      <trkpt lat="46.37299052439630031585693359375" lon="23.58267174102365970611572265625">
        <ele>611.5999755859375</ele>
        <time>2022-06-11T10:50:05.000Z</time>
        <extensions>
          <ns3:TrackPointExtension>
            <ns3:hr>85</ns3:hr>
            <ns3:cad>51</ns3:cad>
          </ns3:TrackPointExtension>
        </extensions>
      </trkpt>
      <trkpt lat="46.37300041504204273223876953125" lon="23.5826389677822589874267578125">
        <ele>611.5999755859375</ele>
        <time>2022-06-11T10:50:12.000Z</time>
        <extensions>
          <ns3:TrackPointExtension>
            <ns3:hr>82</ns3:hr>
            <ns3:cad>51</ns3:cad>
          </ns3:TrackPointExtension>
        </extensions>
      </trkpt>
      <trkpt lat="46.37300091795623302459716796875" lon="23.5826366208493709564208984375">
        <ele>611.5999755859375</ele>
        <time>2022-06-11T10:50:14.000Z</time>
        <extensions>
          <ns3:TrackPointExtension>
            <ns3:hr>81</ns3:hr>
            <ns3:cad>56</ns3:cad>
          </ns3:TrackPointExtension>
        </extensions>
      </trkpt>
      <trkpt lat="46.37303427793085575103759765625" lon="23.5825972259044647216796875">
        <ele>611.5999755859375</ele>
        <time>2022-06-11T10:50:25.000Z</time>
        <extensions>
          <ns3:TrackPointExtension>
            <ns3:hr>80</ns3:hr>
            <ns3:cad>77</ns3:cad>
          </ns3:TrackPointExtension>
        </extensions>
      </trkpt>
      <trkpt lat="46.3730467669665813446044921875" lon="23.58255607075989246368408203125">
        <ele>601</ele>
        <time>2022-06-11T10:50:29.000Z</time>
        <extensions>
          <ns3:TrackPointExtension>
            <ns3:hr>79</ns3:hr>
            <ns3:cad>59</ns3:cad>
          </ns3:TrackPointExtension>
        </extensions>
      </trkpt>
      <trkpt lat="46.37305489741265773773193359375" lon="23.58251784928143024444580078125">
        <ele>600.5999755859375</ele>
        <time>2022-06-11T10:50:33.000Z</time>
        <extensions>
          <ns3:TrackPointExtension>
            <ns3:hr>81</ns3:hr>
            <ns3:cad>56</ns3:cad>
          </ns3:TrackPointExtension>
        </extensions>
      </trkpt>
      <trkpt lat="46.37306160293519496917724609375" lon="23.58250158838927745819091796875">
        <ele>600</ele>
        <time>2022-06-11T10:50:36.000Z</time>
        <extensions>
          <ns3:TrackPointExtension>
            <ns3:hr>83</ns3:hr>
            <ns3:cad>56</ns3:cad>
          </ns3:TrackPointExtension>
        </extensions>
      </trkpt>
      <trkpt lat="46.373066715896129608154296875" lon="23.582482226192951202392578125">
        <ele>599.20001220703125</ele>
        <time>2022-06-11T10:50:39.000Z</time>
        <extensions>
          <ns3:TrackPointExtension>
            <ns3:hr>82</ns3:hr>
            <ns3:cad>55</ns3:cad>
          </ns3:TrackPointExtension>
        </extensions>
      </trkpt>
      <trkpt lat="46.3730759359896183013916015625" lon="23.58246554620563983917236328125">
        <ele>598.5999755859375</ele>
        <time>2022-06-11T10:50:42.000Z</time>
        <extensions>
          <ns3:TrackPointExtension>
            <ns3:hr>82</ns3:hr>
            <ns3:cad>50</ns3:cad>
          </ns3:TrackPointExtension>
        </extensions>
      </trkpt>
      <trkpt lat="46.37307601980865001678466796875" lon="23.58244610019028186798095703125">
        <ele>598.20001220703125</ele>
        <time>2022-06-11T10:50:47.000Z</time>
        <extensions>
          <ns3:TrackPointExtension>
            <ns3:hr>80</ns3:hr>
            <ns3:cad>50</ns3:cad>
          </ns3:TrackPointExtension>
        </extensions>
      </trkpt>
      <trkpt lat="46.37306478805840015411376953125" lon="23.5824384726583957672119140625">
        <ele>597.79998779296875</ele>
        <time>2022-06-11T10:50:52.000Z</time>
        <extensions>
          <ns3:TrackPointExtension>
            <ns3:hr>79</ns3:hr>
            <ns3:cad>50</ns3:cad>
          </ns3:TrackPointExtension>
        </extensions>
      </trkpt>
      <trkpt lat="46.373069398105144500732421875" lon="23.5824180208146572113037109375">
        <ele>597.4000244140625</ele>
        <time>2022-06-11T10:50:54.000Z</time>
        <extensions>
          <ns3:TrackPointExtension>
            <ns3:hr>78</ns3:hr>
            <ns3:cad>0</ns3:cad>
          </ns3:TrackPointExtension>
        </extensions>
      </trkpt>
      <trkpt lat="46.37308255769312381744384765625" lon="23.5823992453515529632568359375">
        <ele>596.79998779296875</ele>
        <time>2022-06-11T10:50:57.000Z</time>
        <extensions>
          <ns3:TrackPointExtension>
            <ns3:hr>76</ns3:hr>
            <ns3:cad>0</ns3:cad>
          </ns3:TrackPointExtension>
        </extensions>
      </trkpt>
      <trkpt lat="46.37309261597692966461181640625" lon="23.58236278407275676727294921875">
        <ele>596.4000244140625</ele>
        <time>2022-06-11T10:51:00.000Z</time>
        <extensions>
          <ns3:TrackPointExtension>
            <ns3:hr>77</ns3:hr>
            <ns3:cad>53</ns3:cad>
          </ns3:TrackPointExtension>
        </extensions>
      </trkpt>
      <trkpt lat="46.37309345416724681854248046875" lon="23.58232154510915279388427734375">
        <ele>596</ele>
        <time>2022-06-11T10:51:03.000Z</time>
        <extensions>
          <ns3:TrackPointExtension>
            <ns3:hr>80</ns3:hr>
            <ns3:cad>52</ns3:cad>
          </ns3:TrackPointExtension>
        </extensions>
      </trkpt>
      <trkpt lat="46.37311239726841449737548828125" lon="23.5823090560734272003173828125">
        <ele>595.4000244140625</ele>
        <time>2022-06-11T10:51:05.000Z</time>
        <extensions>
          <ns3:TrackPointExtension>
            <ns3:hr>85</ns3:hr>
            <ns3:cad>53</ns3:cad>
          </ns3:TrackPointExtension>
        </extensions>
      </trkpt>
      <trkpt lat="46.37312396429479122161865234375" lon="23.58231266029179096221923828125">
        <ele>595.20001220703125</ele>
        <time>2022-06-11T10:51:06.000Z</time>
        <extensions>
          <ns3:TrackPointExtension>
            <ns3:hr>86</ns3:hr>
            <ns3:cad>52</ns3:cad>
          </ns3:TrackPointExtension>
        </extensions>
      </trkpt>
      <trkpt lat="46.3731557317078113555908203125" lon="23.58229354955255985260009765625">
        <ele>594.20001220703125</ele>
        <time>2022-06-11T10:51:11.000Z</time>
        <extensions>
          <ns3:TrackPointExtension>
            <ns3:hr>87</ns3:hr>
            <ns3:cad>53</ns3:cad>
          </ns3:TrackPointExtension>
        </extensions>
      </trkpt>
      <trkpt lat="46.3731530494987964630126953125" lon="23.5822936333715915679931640625">
        <ele>593.5999755859375</ele>
        <time>2022-06-11T10:51:17.000Z</time>
        <extensions>
          <ns3:TrackPointExtension>
            <ns3:hr>87</ns3:hr>
            <ns3:cad>0</ns3:cad>
          </ns3:TrackPointExtension>
        </extensions>
      </trkpt>
      <trkpt lat="46.37315078638494014739990234375" lon="23.5823021829128265380859375">
        <ele>593.5999755859375</ele>
        <time>2022-06-11T10:51:26.000Z</time>
        <extensions>
          <ns3:TrackPointExtension>
            <ns3:hr>88</ns3:hr>
            <ns3:cad>0</ns3:cad>
          </ns3:TrackPointExtension>
        </extensions>
      </trkpt>
      <trkpt lat="46.37315145693719387054443359375" lon="23.582303524017333984375">
        <ele>593.20001220703125</ele>
        <time>2022-06-11T10:51:42.000Z</time>
        <extensions>
          <ns3:TrackPointExtension>
            <ns3:hr>85</ns3:hr>
            <ns3:cad>0</ns3:cad>
          </ns3:TrackPointExtension>
        </extensions>
      </trkpt>
      <trkpt lat="46.373151876032352447509765625" lon="23.58230947516858577728271484375">
        <ele>593</ele>
        <time>2022-06-11T10:51:48.000Z</time>
        <extensions>
          <ns3:TrackPointExtension>
            <ns3:hr>82</ns3:hr>
            <ns3:cad>0</ns3:cad>
          </ns3:TrackPointExtension>
        </extensions>
      </trkpt>
      <trkpt lat="46.3731523789465427398681640625" lon="23.58231048099696636199951171875">
        <ele>593.20001220703125</ele>
        <time>2022-06-11T10:51:51.000Z</time>
        <extensions>
          <ns3:TrackPointExtension>
            <ns3:hr>78</ns3:hr>
            <ns3:cad>0</ns3:cad>
          </ns3:TrackPointExtension>
        </extensions>
      </trkpt>
      <trkpt lat="46.3731523789465427398681640625" lon="23.58231668360531330108642578125">
        <ele>593.4000244140625</ele>
        <time>2022-06-11T10:51:56.000Z</time>
        <extensions>
          <ns3:TrackPointExtension>
            <ns3:hr>74</ns3:hr>
            <ns3:cad>0</ns3:cad>
          </ns3:TrackPointExtension>
        </extensions>
      </trkpt>
      <trkpt lat="46.3731510378420352935791015625" lon="23.58231970109045505523681640625">
        <ele>593</ele>
        <time>2022-06-11T10:52:03.000Z</time>
        <extensions>
          <ns3:TrackPointExtension>
            <ns3:hr>71</ns3:hr>
            <ns3:cad>0</ns3:cad>
          </ns3:TrackPointExtension>
        </extensions>
      </trkpt>
      <trkpt lat="46.373148858547210693359375" lon="23.58231970109045505523681640625">
        <ele>593.20001220703125</ele>
        <time>2022-06-11T10:52:08.000Z</time>
        <extensions>
          <ns3:TrackPointExtension>
            <ns3:hr>74</ns3:hr>
            <ns3:cad>0</ns3:cad>
          </ns3:TrackPointExtension>
        </extensions>
      </trkpt>
      <trkpt lat="46.3731480203568935394287109375" lon="23.58231970109045505523681640625">
        <ele>593.20001220703125</ele>
        <time>2022-06-11T10:52:10.000Z</time>
        <extensions>
          <ns3:TrackPointExtension>
            <ns3:hr>77</ns3:hr>
            <ns3:cad>0</ns3:cad>
          </ns3:TrackPointExtension>
        </extensions>
      </trkpt>
      <trkpt lat="46.37314760126173496246337890625" lon="23.58231970109045505523681640625">
        <ele>593.20001220703125</ele>
        <time>2022-06-11T10:52:13.000Z</time>
        <extensions>
          <ns3:TrackPointExtension>
            <ns3:hr>80</ns3:hr>
            <ns3:cad>0</ns3:cad>
          </ns3:TrackPointExtension>
        </extensions>
      </trkpt>
      <trkpt lat="46.37314726598560810089111328125" lon="23.58231651596724987030029296875">
        <ele>593.20001220703125</ele>
        <time>2022-06-11T10:52:17.000Z</time>
        <extensions>
          <ns3:TrackPointExtension>
            <ns3:hr>83</ns3:hr>
            <ns3:cad>0</ns3:cad>
          </ns3:TrackPointExtension>
        </extensions>
      </trkpt>
      <trkpt lat="46.37314693070948123931884765625" lon="23.582310564815998077392578125">
        <ele>593.4000244140625</ele>
        <time>2022-06-11T10:52:27.000Z</time>
        <extensions>
          <ns3:TrackPointExtension>
            <ns3:hr>80</ns3:hr>
            <ns3:cad>0</ns3:cad>
          </ns3:TrackPointExtension>
        </extensions>
      </trkpt>
      <trkpt lat="46.37314693070948123931884765625" lon="23.5823063738644123077392578125">
        <ele>593.5999755859375</ele>
        <time>2022-06-11T10:52:32.000Z</time>
        <extensions>
          <ns3:TrackPointExtension>
            <ns3:hr>77</ns3:hr>
            <ns3:cad>0</ns3:cad>
          </ns3:TrackPointExtension>
        </extensions>
      </trkpt>
      <trkpt lat="46.37314659543335437774658203125" lon="23.582306206226348876953125">
        <ele>593.5999755859375</ele>
        <time>2022-06-11T10:52:34.000Z</time>
        <extensions>
          <ns3:TrackPointExtension>
            <ns3:hr>74</ns3:hr>
            <ns3:cad>0</ns3:cad>
          </ns3:TrackPointExtension>
        </extensions>
      </trkpt>
      <trkpt lat="46.37314617633819580078125" lon="23.5822993330657482147216796875">
        <ele>593.5999755859375</ele>
        <time>2022-06-11T10:52:38.000Z</time>
        <extensions>
          <ns3:TrackPointExtension>
            <ns3:hr>80</ns3:hr>
            <ns3:cad>46</ns3:cad>
          </ns3:TrackPointExtension>
        </extensions>
      </trkpt>
      <trkpt lat="46.37314659543335437774658203125" lon="23.58228298835456371307373046875">
        <ele>593.5999755859375</ele>
        <time>2022-06-11T10:52:39.000Z</time>
        <extensions>
          <ns3:TrackPointExtension>
            <ns3:hr>84</ns3:hr>
            <ns3:cad>46</ns3:cad>
          </ns3:TrackPointExtension>
        </extensions>
      </trkpt>
      <trkpt lat="46.37314818799495697021484375" lon="23.582266308367252349853515625">
        <ele>593.5999755859375</ele>
        <time>2022-06-11T10:52:40.000Z</time>
        <extensions>
          <ns3:TrackPointExtension>
            <ns3:hr>88</ns3:hr>
            <ns3:cad>46</ns3:cad>
          </ns3:TrackPointExtension>
        </extensions>
      </trkpt>
      <trkpt lat="46.3731527142226696014404296875" lon="23.5822539031505584716796875">
        <ele>593.5999755859375</ele>
        <time>2022-06-11T10:52:41.000Z</time>
        <extensions>
          <ns3:TrackPointExtension>
            <ns3:hr>91</ns3:hr>
            <ns3:cad>46</ns3:cad>
          </ns3:TrackPointExtension>
        </extensions>
      </trkpt>
      <trkpt lat="46.37315883301198482513427734375" lon="23.582246191799640655517578125">
        <ele>593.5999755859375</ele>
        <time>2022-06-11T10:52:42.000Z</time>
        <extensions>
          <ns3:TrackPointExtension>
            <ns3:hr>93</ns3:hr>
            <ns3:cad>46</ns3:cad>
          </ns3:TrackPointExtension>
        </extensions>
      </trkpt>
      <trkpt lat="46.3731718249619007110595703125" lon="23.58221861533820629119873046875">
        <ele>593.5999755859375</ele>
        <time>2022-06-11T10:52:44.000Z</time>
        <extensions>
          <ns3:TrackPointExtension>
            <ns3:hr>96</ns3:hr>
            <ns3:cad>45</ns3:cad>
          </ns3:TrackPointExtension>
        </extensions>
      </trkpt>
      <trkpt lat="46.37318909168243408203125" lon="23.58217150904238224029541015625">
        <ele>593.5999755859375</ele>
        <time>2022-06-11T10:52:47.000Z</time>
        <extensions>
          <ns3:TrackPointExtension>
            <ns3:hr>100</ns3:hr>
            <ns3:cad>46</ns3:cad>
          </ns3:TrackPointExtension>
        </extensions>
      </trkpt>
      <trkpt lat="46.37320158071815967559814453125" lon="23.58215927146375179290771484375">
        <ele>593.5999755859375</ele>
        <time>2022-06-11T10:52:49.000Z</time>
        <extensions>
          <ns3:TrackPointExtension>
            <ns3:hr>103</ns3:hr>
            <ns3:cad>47</ns3:cad>
          </ns3:TrackPointExtension>
        </extensions>
      </trkpt>
      <trkpt lat="46.37320778332650661468505859375" lon="23.58215256594121456146240234375">
        <ele>593.5999755859375</ele>
        <time>2022-06-11T10:52:50.000Z</time>
        <extensions>
          <ns3:TrackPointExtension>
            <ns3:hr>103</ns3:hr>
            <ns3:cad>48</ns3:cad>
          </ns3:TrackPointExtension>
        </extensions>
      </trkpt>
      <trkpt lat="46.3732073642313480377197265625" lon="23.58209506608545780181884765625">
        <ele>593.5999755859375</ele>
        <time>2022-06-11T10:52:57.000Z</time>
        <extensions>
          <ns3:TrackPointExtension>
            <ns3:hr>106</ns3:hr>
            <ns3:cad>47</ns3:cad>
          </ns3:TrackPointExtension>
        </extensions>
      </trkpt>
      <trkpt lat="46.37320627458393573760986328125" lon="23.58208970166742801666259765625">
        <ele>593.5999755859375</ele>
        <time>2022-06-11T10:52:58.000Z</time>
        <extensions>
          <ns3:TrackPointExtension>
            <ns3:hr>105</ns3:hr>
            <ns3:cad>0</ns3:cad>
          </ns3:TrackPointExtension>
        </extensions>
      </trkpt>
      <trkpt lat="46.37322924099862575531005859375" lon="23.5820307768881320953369140625">
        <ele>593.5999755859375</ele>
        <time>2022-06-11T10:53:07.000Z</time>
        <extensions>
          <ns3:TrackPointExtension>
            <ns3:hr>104</ns3:hr>
            <ns3:cad>49</ns3:cad>
          </ns3:TrackPointExtension>
        </extensions>
      </trkpt>
      <trkpt lat="46.37326980940997600555419921875" lon="23.58196623623371124267578125">
        <ele>593.5999755859375</ele>
        <time>2022-06-11T10:53:17.000Z</time>
        <extensions>
          <ns3:TrackPointExtension>
            <ns3:hr>106</ns3:hr>
            <ns3:cad>45</ns3:cad>
          </ns3:TrackPointExtension>
        </extensions>
      </trkpt>
      <trkpt lat="46.37331783771514892578125" lon="23.58193011023104190826416015625">
        <ele>593.5999755859375</ele>
        <time>2022-06-11T10:53:25.000Z</time>
        <extensions>
          <ns3:TrackPointExtension>
            <ns3:hr>104</ns3:hr>
            <ns3:cad>49</ns3:cad>
          </ns3:TrackPointExtension>
        </extensions>
      </trkpt>
      <trkpt lat="46.37334004975855350494384765625" lon="23.581900857388973236083984375">
        <ele>593.5999755859375</ele>
        <time>2022-06-11T10:53:31.000Z</time>
        <extensions>
          <ns3:TrackPointExtension>
            <ns3:hr>104</ns3:hr>
            <ns3:cad>52</ns3:cad>
          </ns3:TrackPointExtension>
        </extensions>
      </trkpt>
      <trkpt lat="46.37334658764302730560302734375" lon="23.5818899609148502349853515625">
        <ele>582.4000244140625</ele>
        <time>2022-06-11T10:53:33.000Z</time>
        <extensions>
          <ns3:TrackPointExtension>
            <ns3:hr>102</ns3:hr>
            <ns3:cad>52</ns3:cad>
          </ns3:TrackPointExtension>
        </extensions>
      </trkpt>
      <trkpt lat="46.3733620941638946533203125" lon="23.5818765498697757720947265625">
        <ele>582.4000244140625</ele>
        <time>2022-06-11T10:53:36.000Z</time>
        <extensions>
          <ns3:TrackPointExtension>
            <ns3:hr>99</ns3:hr>
            <ns3:cad>0</ns3:cad>
          </ns3:TrackPointExtension>
        </extensions>
      </trkpt>
      <trkpt lat="46.37336536310613155364990234375" lon="23.58187101781368255615234375">
        <ele>582.20001220703125</ele>
        <time>2022-06-11T10:53:37.000Z</time>
        <extensions>
          <ns3:TrackPointExtension>
            <ns3:hr>100</ns3:hr>
            <ns3:cad>52</ns3:cad>
          </ns3:TrackPointExtension>
        </extensions>
      </trkpt>
      <trkpt lat="46.3733867369592189788818359375" lon="23.58185132034122943878173828125">
        <ele>581.4000244140625</ele>
        <time>2022-06-11T10:53:40.000Z</time>
        <extensions>
          <ns3:TrackPointExtension>
            <ns3:hr>97</ns3:hr>
            <ns3:cad>50</ns3:cad>
          </ns3:TrackPointExtension>
        </extensions>
      </trkpt>
      <trkpt lat="46.37339553795754909515380859375" lon="23.58184277079999446868896484375">
        <ele>581.20001220703125</ele>
        <time>2022-06-11T10:53:41.000Z</time>
        <extensions>
          <ns3:TrackPointExtension>
            <ns3:hr>97</ns3:hr>
            <ns3:cad>50</ns3:cad>
          </ns3:TrackPointExtension>
        </extensions>
      </trkpt>
      <trkpt lat="46.37341372668743133544921875" lon="23.58181997202336788177490234375">
        <ele>580.5999755859375</ele>
        <time>2022-06-11T10:53:44.000Z</time>
        <extensions>
          <ns3:TrackPointExtension>
            <ns3:hr>93</ns3:hr>
            <ns3:cad>50</ns3:cad>
          </ns3:TrackPointExtension>
        </extensions>
      </trkpt>
      <trkpt lat="46.3734291493892669677734375" lon="23.58181058429181575775146484375">
        <ele>580.20001220703125</ele>
        <time>2022-06-11T10:53:46.000Z</time>
        <extensions>
          <ns3:TrackPointExtension>
            <ns3:hr>92</ns3:hr>
            <ns3:cad>50</ns3:cad>
          </ns3:TrackPointExtension>
        </extensions>
      </trkpt>
      <trkpt lat="46.37346762232482433319091796875" lon="23.58176263980567455291748046875">
        <ele>579</ele>
        <time>2022-06-11T10:53:52.000Z</time>
        <extensions>
          <ns3:TrackPointExtension>
            <ns3:hr>89</ns3:hr>
            <ns3:cad>48</ns3:cad>
          </ns3:TrackPointExtension>
        </extensions>
      </trkpt>
      <trkpt lat="46.37347684241831302642822265625" lon="23.5817538388073444366455078125">
        <ele>579</ele>
        <time>2022-06-11T10:53:53.000Z</time>
        <extensions>
          <ns3:TrackPointExtension>
            <ns3:hr>86</ns3:hr>
            <ns3:cad>48</ns3:cad>
          </ns3:TrackPointExtension>
        </extensions>
      </trkpt>
      <trkpt lat="46.37347877025604248046875" lon="23.5817457921802997589111328125">
        <ele>578.79998779296875</ele>
        <time>2022-06-11T10:53:54.000Z</time>
        <extensions>
          <ns3:TrackPointExtension>
            <ns3:hr>86</ns3:hr>
            <ns3:cad>48</ns3:cad>
          </ns3:TrackPointExtension>
        </extensions>
      </trkpt>
      <trkpt lat="46.3735040836036205291748046875" lon="23.581711091101169586181640625">
        <ele>578</ele>
        <time>2022-06-11T10:53:58.000Z</time>
        <extensions>
          <ns3:TrackPointExtension>
            <ns3:hr>86</ns3:hr>
            <ns3:cad>50</ns3:cad>
          </ns3:TrackPointExtension>
        </extensions>
      </trkpt>
      <trkpt lat="46.37353249825537204742431640625" lon="23.5816898010671138763427734375">
        <ele>577.4000244140625</ele>
        <time>2022-06-11T10:54:02.000Z</time>
        <extensions>
          <ns3:TrackPointExtension>
            <ns3:hr>86</ns3:hr>
            <ns3:cad>51</ns3:cad>
          </ns3:TrackPointExtension>
        </extensions>
      </trkpt>
      <trkpt lat="46.3735389523208141326904296875" lon="23.58167613856494426727294921875">
        <ele>577</ele>
        <time>2022-06-11T10:54:04.000Z</time>
        <extensions>
          <ns3:TrackPointExtension>
            <ns3:hr>86</ns3:hr>
            <ns3:cad>55</ns3:cad>
          </ns3:TrackPointExtension>
        </extensions>
      </trkpt>
      <trkpt lat="46.37356552295386791229248046875" lon="23.581613861024379730224609375">
        <ele>576.20001220703125</ele>
        <time>2022-06-11T10:54:09.000Z</time>
        <extensions>
          <ns3:TrackPointExtension>
            <ns3:hr>84</ns3:hr>
            <ns3:cad>54</ns3:cad>
          </ns3:TrackPointExtension>
        </extensions>
      </trkpt>
      <trkpt lat="46.3735771737992763519287109375" lon="23.58160707168281078338623046875">
        <ele>575.79998779296875</ele>
        <time>2022-06-11T10:54:10.000Z</time>
        <extensions>
          <ns3:TrackPointExtension>
            <ns3:hr>86</ns3:hr>
            <ns3:cad>53</ns3:cad>
          </ns3:TrackPointExtension>
        </extensions>
      </trkpt>
      <trkpt lat="46.3736021518707275390625" lon="23.5815523378551006317138671875">
        <ele>574.79998779296875</ele>
        <time>2022-06-11T10:54:15.000Z</time>
        <extensions>
          <ns3:TrackPointExtension>
            <ns3:hr>85</ns3:hr>
            <ns3:cad>49</ns3:cad>
          </ns3:TrackPointExtension>
        </extensions>
      </trkpt>
      <trkpt lat="46.37361413799226284027099609375" lon="23.5815426148474216461181640625">
        <ele>574.20001220703125</ele>
        <time>2022-06-11T10:54:17.000Z</time>
        <extensions>
          <ns3:TrackPointExtension>
            <ns3:hr>84</ns3:hr>
            <ns3:cad>49</ns3:cad>
          </ns3:TrackPointExtension>
        </extensions>
      </trkpt>
      <trkpt lat="46.3736200891435146331787109375" lon="23.581540100276470184326171875">
        <ele>573.79998779296875</ele>
        <time>2022-06-11T10:54:18.000Z</time>
        <extensions>
          <ns3:TrackPointExtension>
            <ns3:hr>81</ns3:hr>
            <ns3:cad>51</ns3:cad>
          </ns3:TrackPointExtension>
        </extensions>
      </trkpt>
      <trkpt lat="46.3736291415989398956298828125" lon="23.5815385915338993072509765625">
        <ele>573.5999755859375</ele>
        <time>2022-06-11T10:54:19.000Z</time>
        <extensions>
          <ns3:TrackPointExtension>
            <ns3:hr>83</ns3:hr>
            <ns3:cad>51</ns3:cad>
          </ns3:TrackPointExtension>
        </extensions>
      </trkpt>
      <trkpt lat="46.3736700452864170074462890625" lon="23.5815302096307277679443359375">
        <ele>572.4000244140625</ele>
        <time>2022-06-11T10:54:23.000Z</time>
        <extensions>
          <ns3:TrackPointExtension>
            <ns3:hr>83</ns3:hr>
            <ns3:cad>50</ns3:cad>
          </ns3:TrackPointExtension>
        </extensions>
      </trkpt>
      <trkpt lat="46.373693011701107025146484375" lon="23.5815167985856533050537109375">
        <ele>571.20001220703125</ele>
        <time>2022-06-11T10:54:27.000Z</time>
        <extensions>
          <ns3:TrackPointExtension>
            <ns3:hr>82</ns3:hr>
            <ns3:cad>0</ns3:cad>
          </ns3:TrackPointExtension>
        </extensions>
      </trkpt>
      <trkpt lat="46.3736975379288196563720703125" lon="23.58151637949049472808837890625">
        <ele>571</ele>
        <time>2022-06-11T10:54:28.000Z</time>
        <extensions>
          <ns3:TrackPointExtension>
            <ns3:hr>82</ns3:hr>
            <ns3:cad>0</ns3:cad>
          </ns3:TrackPointExtension>
        </extensions>
      </trkpt>
      <trkpt lat="46.37370969168841838836669921875" lon="23.58151889406144618988037109375">
        <ele>570.79998779296875</ele>
        <time>2022-06-11T10:54:31.000Z</time>
        <extensions>
          <ns3:TrackPointExtension>
            <ns3:hr>79</ns3:hr>
            <ns3:cad>56</ns3:cad>
          </ns3:TrackPointExtension>
        </extensions>
      </trkpt>
      <trkpt lat="46.3737188279628753662109375" lon="23.5815162956714630126953125">
        <ele>570.4000244140625</ele>
        <time>2022-06-11T10:54:33.000Z</time>
        <extensions>
          <ns3:TrackPointExtension>
            <ns3:hr>77</ns3:hr>
            <ns3:cad>56</ns3:cad>
          </ns3:TrackPointExtension>
        </extensions>
      </trkpt>
      <trkpt lat="46.37372595258057117462158203125" lon="23.58151319436728954315185546875">
        <ele>570.20001220703125</ele>
        <time>2022-06-11T10:54:35.000Z</time>
        <extensions>
          <ns3:TrackPointExtension>
            <ns3:hr>76</ns3:hr>
            <ns3:cad>56</ns3:cad>
          </ns3:TrackPointExtension>
        </extensions>
      </trkpt>
      <trkpt lat="46.3737303949892520904541015625" lon="23.581498526036739349365234375">
        <ele>569.5999755859375</ele>
        <time>2022-06-11T10:54:41.000Z</time>
        <extensions>
          <ns3:TrackPointExtension>
            <ns3:hr>73</ns3:hr>
            <ns3:cad>0</ns3:cad>
          </ns3:TrackPointExtension>
        </extensions>
      </trkpt>
      <trkpt lat="46.3737350888550281524658203125" lon="23.5814819298684597015380859375">
        <ele>569</ele>
        <time>2022-06-11T10:54:44.000Z</time>
        <extensions>
          <ns3:TrackPointExtension>
            <ns3:hr>75</ns3:hr>
            <ns3:cad>0</ns3:cad>
          </ns3:TrackPointExtension>
        </extensions>
      </trkpt>
      <trkpt lat="46.373757384717464447021484375" lon="23.58145837672054767608642578125">
        <ele>568</ele>
        <time>2022-06-11T10:54:49.000Z</time>
        <extensions>
          <ns3:TrackPointExtension>
            <ns3:hr>74</ns3:hr>
            <ns3:cad>51</ns3:cad>
          </ns3:TrackPointExtension>
        </extensions>
      </trkpt>
      <trkpt lat="46.37377180159091949462890625" lon="23.58145703561604022979736328125">
        <ele>567.5999755859375</ele>
        <time>2022-06-11T10:54:51.000Z</time>
        <extensions>
          <ns3:TrackPointExtension>
            <ns3:hr>75</ns3:hr>
            <ns3:cad>56</ns3:cad>
          </ns3:TrackPointExtension>
        </extensions>
      </trkpt>
      <trkpt lat="46.3737981207668781280517578125" lon="23.5814561136066913604736328125">
        <ele>566.79998779296875</ele>
        <time>2022-06-11T10:54:55.000Z</time>
        <extensions>
          <ns3:TrackPointExtension>
            <ns3:hr>76</ns3:hr>
            <ns3:cad>57</ns3:cad>
          </ns3:TrackPointExtension>
        </extensions>
      </trkpt>
      <trkpt lat="46.37382569722831249237060546875" lon="23.58143306337296962738037109375">
        <ele>565.5999755859375</ele>
        <time>2022-06-11T10:54:59.000Z</time>
        <extensions>
          <ns3:TrackPointExtension>
            <ns3:hr>76</ns3:hr>
            <ns3:cad>56</ns3:cad>
          </ns3:TrackPointExtension>
        </extensions>
      </trkpt>
      <trkpt lat="46.37383483350276947021484375" lon="23.58142836950719356536865234375">
        <ele>565.4000244140625</ele>
        <time>2022-06-11T10:55:00.000Z</time>
        <extensions>
          <ns3:TrackPointExtension>
            <ns3:hr>73</ns3:hr>
            <ns3:cad>54</ns3:cad>
          </ns3:TrackPointExtension>
        </extensions>
      </trkpt>
      <trkpt lat="46.373843215405941009521484375" lon="23.581420071423053741455078125">
        <ele>565.20001220703125</ele>
        <time>2022-06-11T10:55:01.000Z</time>
        <extensions>
          <ns3:TrackPointExtension>
            <ns3:hr>76</ns3:hr>
            <ns3:cad>54</ns3:cad>
          </ns3:TrackPointExtension>
        </extensions>
      </trkpt>
      <trkpt lat="46.373857297003269195556640625" lon="23.58140305615961551666259765625">
        <ele>564.5999755859375</ele>
        <time>2022-06-11T10:55:03.000Z</time>
        <extensions>
          <ns3:TrackPointExtension>
            <ns3:hr>76</ns3:hr>
            <ns3:cad>54</ns3:cad>
          </ns3:TrackPointExtension>
        </extensions>
      </trkpt>
      <trkpt lat="46.37386660091578960418701171875" lon="23.5813833586871623992919921875">
        <ele>563.5999755859375</ele>
        <time>2022-06-11T10:55:07.000Z</time>
        <extensions>
          <ns3:TrackPointExtension>
            <ns3:hr>78</ns3:hr>
            <ns3:cad>50</ns3:cad>
          </ns3:TrackPointExtension>
        </extensions>
      </trkpt>
      <trkpt lat="46.37387196533381938934326171875" lon="23.58137757517397403717041015625">
        <ele>563.20001220703125</ele>
        <time>2022-06-11T10:55:08.000Z</time>
        <extensions>
          <ns3:TrackPointExtension>
            <ns3:hr>76</ns3:hr>
            <ns3:cad>49</ns3:cad>
          </ns3:TrackPointExtension>
        </extensions>
      </trkpt>
      <trkpt lat="46.37388219125568866729736328125" lon="23.5813689418137073516845703125">
        <ele>562.4000244140625</ele>
        <time>2022-06-11T10:55:11.000Z</time>
        <extensions>
          <ns3:TrackPointExtension>
            <ns3:hr>76</ns3:hr>
            <ns3:cad>48</ns3:cad>
          </ns3:TrackPointExtension>
        </extensions>
      </trkpt>
      <trkpt lat="46.37390616349875926971435546875" lon="23.58132879249751567840576171875">
        <ele>561.4000244140625</ele>
        <time>2022-06-11T10:55:15.000Z</time>
        <extensions>
          <ns3:TrackPointExtension>
            <ns3:hr>74</ns3:hr>
            <ns3:cad>49</ns3:cad>
          </ns3:TrackPointExtension>
        </extensions>
      </trkpt>
      <trkpt lat="46.37393482960760593414306640625" lon="23.58127749525010585784912109375">
        <ele>560.4000244140625</ele>
        <time>2022-06-11T10:55:21.000Z</time>
        <extensions>
          <ns3:TrackPointExtension>
            <ns3:hr>77</ns3:hr>
            <ns3:cad>48</ns3:cad>
          </ns3:TrackPointExtension>
        </extensions>
      </trkpt>
      <trkpt lat="46.3739419542253017425537109375" lon="23.58126643113791942596435546875">
        <ele>560.20001220703125</ele>
        <time>2022-06-11T10:55:22.000Z</time>
        <extensions>
          <ns3:TrackPointExtension>
            <ns3:hr>75</ns3:hr>
            <ns3:cad>48</ns3:cad>
          </ns3:TrackPointExtension>
        </extensions>
      </trkpt>
      <trkpt lat="46.37395561672747135162353515625" lon="23.58125570230185985565185546875">
        <ele>560</ele>
        <time>2022-06-11T10:55:24.000Z</time>
        <extensions>
          <ns3:TrackPointExtension>
            <ns3:hr>75</ns3:hr>
            <ns3:cad>49</ns3:cad>
          </ns3:TrackPointExtension>
        </extensions>
      </trkpt>
      <trkpt lat="46.37399098835885524749755859375" lon="23.58118596486747264862060546875">
        <ele>559</ele>
        <time>2022-06-11T10:55:31.000Z</time>
        <extensions>
          <ns3:TrackPointExtension>
            <ns3:hr>72</ns3:hr>
            <ns3:cad>52</ns3:cad>
          </ns3:TrackPointExtension>
        </extensions>
      </trkpt>
      <trkpt lat="46.3739972747862339019775390625" lon="23.58117523603141307830810546875">
        <ele>558.5999755859375</ele>
        <time>2022-06-11T10:55:32.000Z</time>
        <extensions>
          <ns3:TrackPointExtension>
            <ns3:hr>69</ns3:hr>
            <ns3:cad>52</ns3:cad>
          </ns3:TrackPointExtension>
        </extensions>
      </trkpt>
      <trkpt lat="46.3740219175815582275390625" lon="23.5811322368681430816650390625">
        <ele>557.79998779296875</ele>
        <time>2022-06-11T10:55:36.000Z</time>
        <extensions>
          <ns3:TrackPointExtension>
            <ns3:hr>68</ns3:hr>
            <ns3:cad>52</ns3:cad>
          </ns3:TrackPointExtension>
        </extensions>
      </trkpt>
      <trkpt lat="46.37406994588673114776611328125" lon="23.58110524713993072509765625">
        <ele>556.5999755859375</ele>
        <time>2022-06-11T10:55:39.000Z</time>
        <extensions>
          <ns3:TrackPointExtension>
            <ns3:hr>69</ns3:hr>
            <ns3:cad>52</ns3:cad>
          </ns3:TrackPointExtension>
        </extensions>
      </trkpt>
      <trkpt lat="46.37408251874148845672607421875" lon="23.5810930095613002777099609375">
        <ele>556.20001220703125</ele>
        <time>2022-06-11T10:55:40.000Z</time>
        <extensions>
          <ns3:TrackPointExtension>
            <ns3:hr>69</ns3:hr>
            <ns3:cad>53</ns3:cad>
          </ns3:TrackPointExtension>
        </extensions>
      </trkpt>
      <trkpt lat="46.3741132803261280059814453125" lon="23.58106375671923160552978515625">
        <ele>555.4000244140625</ele>
        <time>2022-06-11T10:55:43.000Z</time>
        <extensions>
          <ns3:TrackPointExtension>
            <ns3:hr>72</ns3:hr>
            <ns3:cad>53</ns3:cad>
          </ns3:TrackPointExtension>
        </extensions>
      </trkpt>
      <trkpt lat="46.37412250041961669921875" lon="23.58105906285345554351806640625">
        <ele>555.20001220703125</ele>
        <time>2022-06-11T10:55:44.000Z</time>
        <extensions>
          <ns3:TrackPointExtension>
            <ns3:hr>67</ns3:hr>
            <ns3:cad>51</ns3:cad>
          </ns3:TrackPointExtension>
        </extensions>
      </trkpt>
      <trkpt lat="46.37415963225066661834716796875" lon="23.58101380057632923126220703125">
        <ele>554.20001220703125</ele>
        <time>2022-06-11T10:55:49.000Z</time>
        <extensions>
          <ns3:TrackPointExtension>
            <ns3:hr>69</ns3:hr>
            <ns3:cad>53</ns3:cad>
          </ns3:TrackPointExtension>
        </extensions>
      </trkpt>
      <trkpt lat="46.37418393976986408233642578125" lon="23.58099183999001979827880859375">
        <ele>554</ele>
        <time>2022-06-11T10:55:52.000Z</time>
        <extensions>
          <ns3:TrackPointExtension>
            <ns3:hr>71</ns3:hr>
            <ns3:cad>55</ns3:cad>
          </ns3:TrackPointExtension>
        </extensions>
      </trkpt>
      <trkpt lat="46.374220065772533416748046875" lon="23.5809637606143951416015625">
        <ele>553.20001220703125</ele>
        <time>2022-06-11T10:55:57.000Z</time>
        <extensions>
          <ns3:TrackPointExtension>
            <ns3:hr>72</ns3:hr>
            <ns3:cad>49</ns3:cad>
          </ns3:TrackPointExtension>
        </extensions>
      </trkpt>
      <trkpt lat="46.37426004745066165924072265625" lon="23.5809397883713245391845703125">
        <ele>552.5999755859375</ele>
        <time>2022-06-11T10:56:01.000Z</time>
        <extensions>
          <ns3:TrackPointExtension>
            <ns3:hr>72</ns3:hr>
            <ns3:cad>49</ns3:cad>
          </ns3:TrackPointExtension>
        </extensions>
      </trkpt>
      <trkpt lat="46.37427211739122867584228515625" lon="23.5809448175132274627685546875">
        <ele>552.4000244140625</ele>
        <time>2022-06-11T10:56:02.000Z</time>
        <extensions>
          <ns3:TrackPointExtension>
            <ns3:hr>72</ns3:hr>
            <ns3:cad>49</ns3:cad>
          </ns3:TrackPointExtension>
        </extensions>
      </trkpt>
      <trkpt lat="46.37429089285433292388916015625" lon="23.58094993047416210174560546875">
        <ele>552.20001220703125</ele>
        <time>2022-06-11T10:56:04.000Z</time>
        <extensions>
          <ns3:TrackPointExtension>
            <ns3:hr>72</ns3:hr>
            <ns3:cad>51</ns3:cad>
          </ns3:TrackPointExtension>
        </extensions>
      </trkpt>
      <trkpt lat="46.37432701885700225830078125" lon="23.58095881529152393341064453125">
        <ele>551.20001220703125</ele>
        <time>2022-06-11T10:56:08.000Z</time>
        <extensions>
          <ns3:TrackPointExtension>
            <ns3:hr>75</ns3:hr>
            <ns3:cad>50</ns3:cad>
          </ns3:TrackPointExtension>
        </extensions>
      </trkpt>
      <trkpt lat="46.3743677549064159393310546875" lon="23.5809800215065479278564453125">
        <ele>550</ele>
        <time>2022-06-11T10:56:13.000Z</time>
        <extensions>
          <ns3:TrackPointExtension>
            <ns3:hr>74</ns3:hr>
            <ns3:cad>51</ns3:cad>
          </ns3:TrackPointExtension>
        </extensions>
      </trkpt>
      <trkpt lat="46.37438460253179073333740234375" lon="23.58098580501973628997802734375">
        <ele>549.79998779296875</ele>
        <time>2022-06-11T10:56:15.000Z</time>
        <extensions>
          <ns3:TrackPointExtension>
            <ns3:hr>74</ns3:hr>
            <ns3:cad>55</ns3:cad>
          </ns3:TrackPointExtension>
        </extensions>
      </trkpt>
      <trkpt lat="46.37440773658454418182373046875" lon="23.5809914208948612213134765625">
        <ele>549.20001220703125</ele>
        <time>2022-06-11T10:56:18.000Z</time>
        <extensions>
          <ns3:TrackPointExtension>
            <ns3:hr>71</ns3:hr>
            <ns3:cad>53</ns3:cad>
          </ns3:TrackPointExtension>
        </extensions>
      </trkpt>
      <trkpt lat="46.37441930361092090606689453125" lon="23.58099569566547870635986328125">
        <ele>548.79998779296875</ele>
        <time>2022-06-11T10:56:20.000Z</time>
        <extensions>
          <ns3:TrackPointExtension>
            <ns3:hr>70</ns3:hr>
            <ns3:cad>55</ns3:cad>
          </ns3:TrackPointExtension>
        </extensions>
      </trkpt>
      <trkpt lat="46.37444109655916690826416015625" lon="23.5809879004955291748046875">
        <ele>548</ele>
        <time>2022-06-11T10:56:23.000Z</time>
        <extensions>
          <ns3:TrackPointExtension>
            <ns3:hr>69</ns3:hr>
            <ns3:cad>54</ns3:cad>
          </ns3:TrackPointExtension>
        </extensions>
      </trkpt>
      <trkpt lat="46.3744495622813701629638671875" lon="23.58098320662975311279296875">
        <ele>547.5999755859375</ele>
        <time>2022-06-11T10:56:24.000Z</time>
        <extensions>
          <ns3:TrackPointExtension>
            <ns3:hr>68</ns3:hr>
            <ns3:cad>51</ns3:cad>
          </ns3:TrackPointExtension>
        </extensions>
      </trkpt>
      <trkpt lat="46.37445651926100254058837890625" lon="23.580979518592357635498046875">
        <ele>547.20001220703125</ele>
        <time>2022-06-11T10:56:25.000Z</time>
        <extensions>
          <ns3:TrackPointExtension>
            <ns3:hr>64</ns3:hr>
            <ns3:cad>51</ns3:cad>
          </ns3:TrackPointExtension>
        </extensions>
      </trkpt>
      <trkpt lat="46.3744629733264446258544921875" lon="23.58097641728818416595458984375">
        <ele>547</ele>
        <time>2022-06-11T10:56:26.000Z</time>
        <extensions>
          <ns3:TrackPointExtension>
            <ns3:hr>70</ns3:hr>
            <ns3:cad>51</ns3:cad>
          </ns3:TrackPointExtension>
        </extensions>
      </trkpt>
      <trkpt lat="46.37448669411242008209228515625" lon="23.58096837066113948822021484375">
        <ele>546.20001220703125</ele>
        <time>2022-06-11T10:56:29.000Z</time>
        <extensions>
          <ns3:TrackPointExtension>
            <ns3:hr>71</ns3:hr>
            <ns3:cad>51</ns3:cad>
          </ns3:TrackPointExtension>
        </extensions>
      </trkpt>
      <trkpt lat="46.37451904825866222381591796875" lon="23.58097088523209095001220703125">
        <ele>545</ele>
        <time>2022-06-11T10:56:33.000Z</time>
        <extensions>
          <ns3:TrackPointExtension>
            <ns3:hr>73</ns3:hr>
            <ns3:cad>59</ns3:cad>
          </ns3:TrackPointExtension>
        </extensions>
      </trkpt>
      <trkpt lat="46.3745273463428020477294921875" lon="23.58097105287015438079833984375">
        <ele>543.79998779296875</ele>
        <time>2022-06-11T10:56:37.000Z</time>
        <extensions>
          <ns3:TrackPointExtension>
            <ns3:hr>73</ns3:hr>
            <ns3:cad>0</ns3:cad>
          </ns3:TrackPointExtension>
        </extensions>
      </trkpt>
      <trkpt lat="46.37452952563762664794921875" lon="23.58096770010888576507568359375">
        <ele>543.5999755859375</ele>
        <time>2022-06-11T10:56:38.000Z</time>
        <extensions>
          <ns3:TrackPointExtension>
            <ns3:hr>74</ns3:hr>
            <ns3:cad>0</ns3:cad>
          </ns3:TrackPointExtension>
        </extensions>
      </trkpt>
      <trkpt lat="46.3745716027915477752685546875" lon="23.5809615813195705413818359375">
        <ele>542.5999755859375</ele>
        <time>2022-06-11T10:56:44.000Z</time>
        <extensions>
          <ns3:TrackPointExtension>
            <ns3:hr>71</ns3:hr>
            <ns3:cad>53</ns3:cad>
          </ns3:TrackPointExtension>
        </extensions>
      </trkpt>
      <trkpt lat="46.37458057142794132232666015625" lon="23.58096216805279254913330078125">
        <ele>542.4000244140625</ele>
        <time>2022-06-11T10:56:45.000Z</time>
        <extensions>
          <ns3:TrackPointExtension>
            <ns3:hr>71</ns3:hr>
            <ns3:cad>53</ns3:cad>
          </ns3:TrackPointExtension>
        </extensions>
      </trkpt>
      <trkpt lat="46.37461342848837375640869140625" lon="23.5809622518718242645263671875">
        <ele>541.5999755859375</ele>
        <time>2022-06-11T10:56:49.000Z</time>
        <extensions>
          <ns3:TrackPointExtension>
            <ns3:hr>71</ns3:hr>
            <ns3:cad>50</ns3:cad>
          </ns3:TrackPointExtension>
        </extensions>
      </trkpt>
      <trkpt lat="46.37462331913411617279052734375" lon="23.5809682868421077728271484375">
        <ele>541</ele>
        <time>2022-06-11T10:56:52.000Z</time>
        <extensions>
          <ns3:TrackPointExtension>
            <ns3:hr>70</ns3:hr>
            <ns3:cad>53</ns3:cad>
          </ns3:TrackPointExtension>
        </extensions>
      </trkpt>
      <trkpt lat="46.37464477680623531341552734375" lon="23.5809669457376003265380859375">
        <ele>540.4000244140625</ele>
        <time>2022-06-11T10:56:55.000Z</time>
        <extensions>
          <ns3:TrackPointExtension>
            <ns3:hr>71</ns3:hr>
            <ns3:cad>55</ns3:cad>
          </ns3:TrackPointExtension>
        </extensions>
      </trkpt>
      <trkpt lat="46.3746879436075687408447265625" lon="23.5809706337749958038330078125">
        <ele>539.5999755859375</ele>
        <time>2022-06-11T10:56:59.000Z</time>
        <extensions>
          <ns3:TrackPointExtension>
            <ns3:hr>70</ns3:hr>
            <ns3:cad>55</ns3:cad>
          </ns3:TrackPointExtension>
        </extensions>
      </trkpt>
      <trkpt lat="46.3746973313391208648681640625" lon="23.58096778392791748046875">
        <ele>539.20001220703125</ele>
        <time>2022-06-11T10:57:00.000Z</time>
        <extensions>
          <ns3:TrackPointExtension>
            <ns3:hr>70</ns3:hr>
            <ns3:cad>54</ns3:cad>
          </ns3:TrackPointExtension>
        </extensions>
      </trkpt>
      <trkpt lat="46.37472759000957012176513671875" lon="23.5809609107673168182373046875">
        <ele>538.20001220703125</ele>
        <time>2022-06-11T10:57:03.000Z</time>
        <extensions>
          <ns3:TrackPointExtension>
            <ns3:hr>71</ns3:hr>
            <ns3:cad>51</ns3:cad>
          </ns3:TrackPointExtension>
        </extensions>
      </trkpt>
      <trkpt lat="46.374761871993541717529296875" lon="23.580958060920238494873046875">
        <ele>537.79998779296875</ele>
        <time>2022-06-11T10:57:06.000Z</time>
        <extensions>
          <ns3:TrackPointExtension>
            <ns3:hr>67</ns3:hr>
            <ns3:cad>51</ns3:cad>
          </ns3:TrackPointExtension>
        </extensions>
      </trkpt>
      <trkpt lat="46.37477084062993526458740234375" lon="23.58095495961606502532958984375">
        <ele>537.5999755859375</ele>
        <time>2022-06-11T10:57:07.000Z</time>
        <extensions>
          <ns3:TrackPointExtension>
            <ns3:hr>70</ns3:hr>
            <ns3:cad>52</ns3:cad>
          </ns3:TrackPointExtension>
        </extensions>
      </trkpt>
      <trkpt lat="46.37478743679821491241455078125" lon="23.580949343740940093994140625">
        <ele>537.20001220703125</ele>
        <time>2022-06-11T10:57:09.000Z</time>
        <extensions>
          <ns3:TrackPointExtension>
            <ns3:hr>73</ns3:hr>
            <ns3:cad>52</ns3:cad>
          </ns3:TrackPointExtension>
        </extensions>
      </trkpt>
      <trkpt lat="46.3748042844235897064208984375" lon="23.5809478349983692169189453125">
        <ele>535.79998779296875</ele>
        <time>2022-06-11T10:57:11.000Z</time>
        <extensions>
          <ns3:TrackPointExtension>
            <ns3:hr>73</ns3:hr>
            <ns3:cad>52</ns3:cad>
          </ns3:TrackPointExtension>
        </extensions>
      </trkpt>
      <trkpt lat="46.37483202852308750152587890625" lon="23.58094356022775173187255859375">
        <ele>535.4000244140625</ele>
        <time>2022-06-11T10:57:17.000Z</time>
        <extensions>
          <ns3:TrackPointExtension>
            <ns3:hr>71</ns3:hr>
            <ns3:cad>45</ns3:cad>
          </ns3:TrackPointExtension>
        </extensions>
      </trkpt>
      <trkpt lat="46.37484191916882991790771484375" lon="23.5809409618377685546875">
        <ele>535.20001220703125</ele>
        <time>2022-06-11T10:57:23.000Z</time>
        <extensions>
          <ns3:TrackPointExtension>
            <ns3:hr>74</ns3:hr>
            <ns3:cad>0</ns3:cad>
          </ns3:TrackPointExtension>
        </extensions>
      </trkpt>
      <trkpt lat="46.37484175153076648712158203125" lon="23.58093501068651676177978515625">
        <ele>535.20001220703125</ele>
        <time>2022-06-11T10:57:25.000Z</time>
        <extensions>
          <ns3:TrackPointExtension>
            <ns3:hr>77</ns3:hr>
            <ns3:cad>0</ns3:cad>
          </ns3:TrackPointExtension>
        </extensions>
      </trkpt>
      <trkpt lat="46.37485382147133350372314453125" lon="23.58091439120471477508544921875">
        <ele>534.5999755859375</ele>
        <time>2022-06-11T10:57:29.000Z</time>
        <extensions>
          <ns3:TrackPointExtension>
            <ns3:hr>78</ns3:hr>
            <ns3:cad>53</ns3:cad>
          </ns3:TrackPointExtension>
        </extensions>
      </trkpt>
      <trkpt lat="46.37486807070672512054443359375" lon="23.5808881558477878570556640625">
        <ele>533.79998779296875</ele>
        <time>2022-06-11T10:57:32.000Z</time>
        <extensions>
          <ns3:TrackPointExtension>
            <ns3:hr>78</ns3:hr>
            <ns3:cad>54</ns3:cad>
          </ns3:TrackPointExtension>
        </extensions>
      </trkpt>
      <trkpt lat="46.3748797215521335601806640625" lon="23.5808596573770046234130859375">
        <ele>533.4000244140625</ele>
        <time>2022-06-11T10:57:35.000Z</time>
        <extensions>
          <ns3:TrackPointExtension>
            <ns3:hr>79</ns3:hr>
            <ns3:cad>56</ns3:cad>
          </ns3:TrackPointExtension>
        </extensions>
      </trkpt>
      <trkpt lat="46.3748984970152378082275390625" lon="23.58084130100905895233154296875">
        <ele>532.4000244140625</ele>
        <time>2022-06-11T10:57:39.000Z</time>
        <extensions>
          <ns3:TrackPointExtension>
            <ns3:hr>80</ns3:hr>
            <ns3:cad>57</ns3:cad>
          </ns3:TrackPointExtension>
        </extensions>
      </trkpt>
      <trkpt lat="46.37492054142057895660400390625" lon="23.58082084916532039642333984375">
        <ele>531.4000244140625</ele>
        <time>2022-06-11T10:57:42.000Z</time>
        <extensions>
          <ns3:TrackPointExtension>
            <ns3:hr>78</ns3:hr>
            <ns3:cad>57</ns3:cad>
          </ns3:TrackPointExtension>
        </extensions>
      </trkpt>
      <trkpt lat="46.37492783367633819580078125" lon="23.5808123834431171417236328125">
        <ele>531.20001220703125</ele>
        <time>2022-06-11T10:57:43.000Z</time>
        <extensions>
          <ns3:TrackPointExtension>
            <ns3:hr>77</ns3:hr>
            <ns3:cad>56</ns3:cad>
          </ns3:TrackPointExtension>
        </extensions>
      </trkpt>
      <trkpt lat="46.37495624832808971405029296875" lon="23.580775670707225799560546875">
        <ele>530.20001220703125</ele>
        <time>2022-06-11T10:57:50.000Z</time>
        <extensions>
          <ns3:TrackPointExtension>
            <ns3:hr>77</ns3:hr>
            <ns3:cad>58</ns3:cad>
          </ns3:TrackPointExtension>
        </extensions>
      </trkpt>
      <trkpt lat="46.37496412731707096099853515625" lon="23.58076217584311962127685546875">
        <ele>529.5999755859375</ele>
        <time>2022-06-11T10:57:52.000Z</time>
        <extensions>
          <ns3:TrackPointExtension>
            <ns3:hr>76</ns3:hr>
            <ns3:cad>51</ns3:cad>
          </ns3:TrackPointExtension>
        </extensions>
      </trkpt>
      <trkpt lat="46.37497770600020885467529296875" lon="23.58075278811156749725341796875">
        <ele>529.20001220703125</ele>
        <time>2022-06-11T10:57:54.000Z</time>
        <extensions>
          <ns3:TrackPointExtension>
            <ns3:hr>78</ns3:hr>
            <ns3:cad>51</ns3:cad>
          </ns3:TrackPointExtension>
        </extensions>
      </trkpt>
      <trkpt lat="46.374996565282344818115234375" lon="23.58072143979370594024658203125">
        <ele>528</ele>
        <time>2022-06-11T10:57:59.000Z</time>
        <extensions>
          <ns3:TrackPointExtension>
            <ns3:hr>78</ns3:hr>
            <ns3:cad>55</ns3:cad>
          </ns3:TrackPointExtension>
        </extensions>
      </trkpt>
      <trkpt lat="46.3750134967267513275146484375" lon="23.58070149086415767669677734375">
        <ele>527.20001220703125</ele>
        <time>2022-06-11T10:58:03.000Z</time>
        <extensions>
          <ns3:TrackPointExtension>
            <ns3:hr>78</ns3:hr>
            <ns3:cad>56</ns3:cad>
          </ns3:TrackPointExtension>
        </extensions>
      </trkpt>
      <trkpt lat="46.37501760385930538177490234375" lon="23.58069025911390781402587890625">
        <ele>527</ele>
        <time>2022-06-11T10:58:04.000Z</time>
        <extensions>
          <ns3:TrackPointExtension>
            <ns3:hr>77</ns3:hr>
            <ns3:cad>56</ns3:cad>
          </ns3:TrackPointExtension>
        </extensions>
      </trkpt>
      <trkpt lat="46.37505196966230869293212890625" lon="23.58059696853160858154296875">
        <ele>525.79998779296875</ele>
        <time>2022-06-11T10:58:10.000Z</time>
        <extensions>
          <ns3:TrackPointExtension>
            <ns3:hr>77</ns3:hr>
            <ns3:cad>55</ns3:cad>
          </ns3:TrackPointExtension>
        </extensions>
      </trkpt>
      <trkpt lat="46.37506328523159027099609375" lon="23.580585233867168426513671875">
        <ele>525.5999755859375</ele>
        <time>2022-06-11T10:58:11.000Z</time>
        <extensions>
          <ns3:TrackPointExtension>
            <ns3:hr>76</ns3:hr>
            <ns3:cad>55</ns3:cad>
          </ns3:TrackPointExtension>
        </extensions>
      </trkpt>
      <trkpt lat="46.37510544620454311370849609375" lon="23.58055899851024150848388671875">
        <ele>524.79998779296875</ele>
        <time>2022-06-11T10:58:15.000Z</time>
        <extensions>
          <ns3:TrackPointExtension>
            <ns3:hr>76</ns3:hr>
            <ns3:cad>54</ns3:cad>
          </ns3:TrackPointExtension>
        </extensions>
      </trkpt>
      <trkpt lat="46.37513411231338977813720703125" lon="23.58054324053227901458740234375">
        <ele>523.5999755859375</ele>
        <time>2022-06-11T10:58:18.000Z</time>
        <extensions>
          <ns3:TrackPointExtension>
            <ns3:hr>76</ns3:hr>
            <ns3:cad>55</ns3:cad>
          </ns3:TrackPointExtension>
        </extensions>
      </trkpt>
      <trkpt lat="46.3751704059541225433349609375" lon="23.5805394686758518218994140625">
        <ele>522.5999755859375</ele>
        <time>2022-06-11T10:58:21.000Z</time>
        <extensions>
          <ns3:TrackPointExtension>
            <ns3:hr>76</ns3:hr>
            <ns3:cad>55</ns3:cad>
          </ns3:TrackPointExtension>
        </extensions>
      </trkpt>
      <trkpt lat="46.3752190209925174713134765625" lon="23.5805552266538143157958984375">
        <ele>521.4000244140625</ele>
        <time>2022-06-11T10:58:26.000Z</time>
        <extensions>
          <ns3:TrackPointExtension>
            <ns3:hr>75</ns3:hr>
            <ns3:cad>53</ns3:cad>
          </ns3:TrackPointExtension>
        </extensions>
      </trkpt>
      <trkpt lat="46.375228576362133026123046875" lon="23.58055832795798778533935546875">
        <ele>521</ele>
        <time>2022-06-11T10:58:27.000Z</time>
        <extensions>
          <ns3:TrackPointExtension>
            <ns3:hr>75</ns3:hr>
            <ns3:cad>52</ns3:cad>
          </ns3:TrackPointExtension>
        </extensions>
      </trkpt>
      <trkpt lat="46.37527241371572017669677734375" lon="23.5805951245129108428955078125">
        <ele>520.4000244140625</ele>
        <time>2022-06-11T10:58:32.000Z</time>
        <extensions>
          <ns3:TrackPointExtension>
            <ns3:hr>76</ns3:hr>
            <ns3:cad>52</ns3:cad>
          </ns3:TrackPointExtension>
        </extensions>
      </trkpt>
      <trkpt lat="46.37529621832072734832763671875" lon="23.5806363634765148162841796875">
        <ele>519.4000244140625</ele>
        <time>2022-06-11T10:58:36.000Z</time>
        <extensions>
          <ns3:TrackPointExtension>
            <ns3:hr>75</ns3:hr>
            <ns3:cad>51</ns3:cad>
          </ns3:TrackPointExtension>
        </extensions>
      </trkpt>
      <trkpt lat="46.37529957108199596405029296875" lon="23.58064667321741580963134765625">
        <ele>519.20001220703125</ele>
        <time>2022-06-11T10:58:37.000Z</time>
        <extensions>
          <ns3:TrackPointExtension>
            <ns3:hr>77</ns3:hr>
            <ns3:cad>51</ns3:cad>
          </ns3:TrackPointExtension>
        </extensions>
      </trkpt>
      <trkpt lat="46.3753028400242328643798828125" lon="23.58065664768218994140625">
        <ele>519</ele>
        <time>2022-06-11T10:58:38.000Z</time>
        <extensions>
          <ns3:TrackPointExtension>
            <ns3:hr>76</ns3:hr>
            <ns3:cad>51</ns3:cad>
          </ns3:TrackPointExtension>
        </extensions>
      </trkpt>
      <trkpt lat="46.37531549669802188873291015625" lon="23.5806876607239246368408203125">
        <ele>518</ele>
        <time>2022-06-11T10:58:41.000Z</time>
        <extensions>
          <ns3:TrackPointExtension>
            <ns3:hr>76</ns3:hr>
            <ns3:cad>54</ns3:cad>
          </ns3:TrackPointExtension>
        </extensions>
      </trkpt>
      <trkpt lat="46.3753226213157176971435546875" lon="23.58073652721941471099853515625">
        <ele>516.79998779296875</ele>
        <time>2022-06-11T10:58:45.000Z</time>
        <extensions>
          <ns3:TrackPointExtension>
            <ns3:hr>76</ns3:hr>
            <ns3:cad>51</ns3:cad>
          </ns3:TrackPointExtension>
        </extensions>
      </trkpt>
      <trkpt lat="46.37533309869468212127685546875" lon="23.580754213035106658935546875">
        <ele>516.4000244140625</ele>
        <time>2022-06-11T10:58:47.000Z</time>
        <extensions>
          <ns3:TrackPointExtension>
            <ns3:hr>75</ns3:hr>
            <ns3:cad>51</ns3:cad>
          </ns3:TrackPointExtension>
        </extensions>
      </trkpt>
      <trkpt lat="46.37534952722489833831787109375" lon="23.58076787553727626800537109375">
        <ele>516</ele>
        <time>2022-06-11T10:58:49.000Z</time>
        <extensions>
          <ns3:TrackPointExtension>
            <ns3:hr>75</ns3:hr>
            <ns3:cad>49</ns3:cad>
          </ns3:TrackPointExtension>
        </extensions>
      </trkpt>
      <trkpt lat="46.3753605075180530548095703125" lon="23.58078128658235073089599609375">
        <ele>515.5999755859375</ele>
        <time>2022-06-11T10:58:50.000Z</time>
        <extensions>
          <ns3:TrackPointExtension>
            <ns3:hr>76</ns3:hr>
            <ns3:cad>53</ns3:cad>
          </ns3:TrackPointExtension>
        </extensions>
      </trkpt>
      <trkpt lat="46.3753925263881683349609375" lon="23.58082554303109645843505859375">
        <ele>514.5999755859375</ele>
        <time>2022-06-11T10:58:54.000Z</time>
        <extensions>
          <ns3:TrackPointExtension>
            <ns3:hr>75</ns3:hr>
            <ns3:cad>53</ns3:cad>
          </ns3:TrackPointExtension>
        </extensions>
      </trkpt>
      <trkpt lat="46.37539847753942012786865234375" lon="23.5808328352868556976318359375">
        <ele>514.4000244140625</ele>
        <time>2022-06-11T10:58:55.000Z</time>
        <extensions>
          <ns3:TrackPointExtension>
            <ns3:hr>75</ns3:hr>
            <ns3:cad>53</ns3:cad>
          </ns3:TrackPointExtension>
        </extensions>
      </trkpt>
      <trkpt lat="46.37541423551738262176513671875" lon="23.58084565959870815277099609375">
        <ele>514</ele>
        <time>2022-06-11T10:58:57.000Z</time>
        <extensions>
          <ns3:TrackPointExtension>
            <ns3:hr>71</ns3:hr>
            <ns3:cad>53</ns3:cad>
          </ns3:TrackPointExtension>
        </extensions>
      </trkpt>
      <trkpt lat="46.37542999349534511566162109375" lon="23.58086778782308101654052734375">
        <ele>513.20001220703125</ele>
        <time>2022-06-11T10:58:59.000Z</time>
        <extensions>
          <ns3:TrackPointExtension>
            <ns3:hr>69</ns3:hr>
            <ns3:cad>53</ns3:cad>
          </ns3:TrackPointExtension>
        </extensions>
      </trkpt>
      <trkpt lat="46.37546100653707981109619140625" lon="23.58089880086481571197509765625">
        <ele>512.4000244140625</ele>
        <time>2022-06-11T10:59:03.000Z</time>
        <extensions>
          <ns3:TrackPointExtension>
            <ns3:hr>68</ns3:hr>
            <ns3:cad>53</ns3:cad>
          </ns3:TrackPointExtension>
        </extensions>
      </trkpt>
      <trkpt lat="46.37546922080218791961669921875" lon="23.58090517111122608184814453125">
        <ele>512.20001220703125</ele>
        <time>2022-06-11T10:59:04.000Z</time>
        <extensions>
          <ns3:TrackPointExtension>
            <ns3:hr>68</ns3:hr>
            <ns3:cad>52</ns3:cad>
          </ns3:TrackPointExtension>
        </extensions>
      </trkpt>
      <trkpt lat="46.37551314197480678558349609375" lon="23.5809464938938617706298828125">
        <ele>511</ele>
        <time>2022-06-11T10:59:09.000Z</time>
        <extensions>
          <ns3:TrackPointExtension>
            <ns3:hr>67</ns3:hr>
            <ns3:cad>52</ns3:cad>
          </ns3:TrackPointExtension>
        </extensions>
      </trkpt>
      <trkpt lat="46.37554767541587352752685546875" lon="23.5809793509542942047119140625">
        <ele>510.600006103515625</ele>
        <time>2022-06-11T10:59:13.000Z</time>
        <extensions>
          <ns3:TrackPointExtension>
            <ns3:hr>66</ns3:hr>
            <ns3:cad>52</ns3:cad>
          </ns3:TrackPointExtension>
        </extensions>
      </trkpt>
      <trkpt lat="46.37558363378047943115234375" lon="23.58100038953125476837158203125">
        <ele>510</ele>
        <time>2022-06-11T10:59:17.000Z</time>
        <extensions>
          <ns3:TrackPointExtension>
            <ns3:hr>66</ns3:hr>
            <ns3:cad>54</ns3:cad>
          </ns3:TrackPointExtension>
        </extensions>
      </trkpt>
      <trkpt lat="46.37561389245092868804931640625" lon="23.58103944920003414154052734375">
        <ele>509.20001220703125</ele>
        <time>2022-06-11T10:59:21.000Z</time>
        <extensions>
          <ns3:TrackPointExtension>
            <ns3:hr>67</ns3:hr>
            <ns3:cad>53</ns3:cad>
          </ns3:TrackPointExtension>
        </extensions>
      </trkpt>
      <trkpt lat="46.37561707757413387298583984375" lon="23.581082783639430999755859375">
        <ele>508.79998779296875</ele>
        <time>2022-06-11T10:59:24.000Z</time>
        <extensions>
          <ns3:TrackPointExtension>
            <ns3:hr>69</ns3:hr>
            <ns3:cad>51</ns3:cad>
          </ns3:TrackPointExtension>
        </extensions>
      </trkpt>
      <trkpt lat="46.37561406008899211883544921875" lon="23.5811074264347553253173828125">
        <ele>508.600006103515625</ele>
        <time>2022-06-11T10:59:26.000Z</time>
        <extensions>
          <ns3:TrackPointExtension>
            <ns3:hr>65</ns3:hr>
            <ns3:cad>51</ns3:cad>
          </ns3:TrackPointExtension>
        </extensions>
      </trkpt>
      <trkpt lat="46.37561003677546977996826171875" lon="23.58111974783241748809814453125">
        <ele>508.399993896484375</ele>
        <time>2022-06-11T10:59:27.000Z</time>
        <extensions>
          <ns3:TrackPointExtension>
            <ns3:hr>69</ns3:hr>
            <ns3:cad>51</ns3:cad>
          </ns3:TrackPointExtension>
        </extensions>
      </trkpt>
      <trkpt lat="46.37560618110001087188720703125" lon="23.58114388771355152130126953125">
        <ele>508</ele>
        <time>2022-06-11T10:59:29.000Z</time>
        <extensions>
          <ns3:TrackPointExtension>
            <ns3:hr>70</ns3:hr>
            <ns3:cad>49</ns3:cad>
          </ns3:TrackPointExtension>
        </extensions>
      </trkpt>
      <trkpt lat="46.37560735456645488739013671875" lon="23.5811748169362545013427734375">
        <ele>507.79998779296875</ele>
        <time>2022-06-11T10:59:31.000Z</time>
        <extensions>
          <ns3:TrackPointExtension>
            <ns3:hr>69</ns3:hr>
            <ns3:cad>49</ns3:cad>
          </ns3:TrackPointExtension>
        </extensions>
      </trkpt>
      <trkpt lat="46.37560936622321605682373046875" lon="23.5811858810484409332275390625">
        <ele>507.600006103515625</ele>
        <time>2022-06-11T10:59:32.000Z</time>
        <extensions>
          <ns3:TrackPointExtension>
            <ns3:hr>65</ns3:hr>
            <ns3:cad>49</ns3:cad>
          </ns3:TrackPointExtension>
        </extensions>
      </trkpt>
      <trkpt lat="46.37562386691570281982421875" lon="23.58122485689818859100341796875">
        <ele>507.399993896484375</ele>
        <time>2022-06-11T10:59:35.000Z</time>
        <extensions>
          <ns3:TrackPointExtension>
            <ns3:hr>68</ns3:hr>
            <ns3:cad>51</ns3:cad>
          </ns3:TrackPointExtension>
        </extensions>
      </trkpt>
      <trkpt lat="46.37563501484692096710205078125" lon="23.5812472365796566009521484375">
        <ele>507</ele>
        <time>2022-06-11T10:59:37.000Z</time>
        <extensions>
          <ns3:TrackPointExtension>
            <ns3:hr>68</ns3:hr>
            <ns3:cad>53</ns3:cad>
          </ns3:TrackPointExtension>
        </extensions>
      </trkpt>
      <trkpt lat="46.37565094046294689178466796875" lon="23.5812747292220592498779296875">
        <ele>506.600006103515625</ele>
        <time>2022-06-11T10:59:40.000Z</time>
        <extensions>
          <ns3:TrackPointExtension>
            <ns3:hr>70</ns3:hr>
            <ns3:cad>49</ns3:cad>
          </ns3:TrackPointExtension>
        </extensions>
      </trkpt>
      <trkpt lat="46.3756622560322284698486328125" lon="23.58133197762072086334228515625">
        <ele>506.20001220703125</ele>
        <time>2022-06-11T10:59:46.000Z</time>
        <extensions>
          <ns3:TrackPointExtension>
            <ns3:hr>69</ns3:hr>
            <ns3:cad>48</ns3:cad>
          </ns3:TrackPointExtension>
        </extensions>
      </trkpt>
      <trkpt lat="46.37567214667797088623046875" lon="23.5813473165035247802734375">
        <ele>506.20001220703125</ele>
        <time>2022-06-11T10:59:48.000Z</time>
        <extensions>
          <ns3:TrackPointExtension>
            <ns3:hr>72</ns3:hr>
            <ns3:cad>47</ns3:cad>
          </ns3:TrackPointExtension>
        </extensions>
      </trkpt>
      <trkpt lat="46.37569494545459747314453125" lon="23.58136785216629505157470703125">
        <ele>505.79998779296875</ele>
        <time>2022-06-11T10:59:52.000Z</time>
        <extensions>
          <ns3:TrackPointExtension>
            <ns3:hr>75</ns3:hr>
            <ns3:cad>0</ns3:cad>
          </ns3:TrackPointExtension>
        </extensions>
      </trkpt>
      <trkpt lat="46.37570190243422985076904296875" lon="23.58137707225978374481201171875">
        <ele>505.79998779296875</ele>
        <time>2022-06-11T10:59:53.000Z</time>
        <extensions>
          <ns3:TrackPointExtension>
            <ns3:hr>72</ns3:hr>
            <ns3:cad>52</ns3:cad>
          </ns3:TrackPointExtension>
        </extensions>
      </trkpt>
      <trkpt lat="46.37570969760417938232421875" lon="23.58137824572622776031494140625">
        <ele>505.600006103515625</ele>
        <time>2022-06-11T10:59:55.000Z</time>
        <extensions>
          <ns3:TrackPointExtension>
            <ns3:hr>73</ns3:hr>
            <ns3:cad>0</ns3:cad>
          </ns3:TrackPointExtension>
        </extensions>
      </trkpt>
      <trkpt lat="46.37571229599416255950927734375" lon="23.581376485526561737060546875">
        <ele>505.600006103515625</ele>
        <time>2022-06-11T10:59:56.000Z</time>
        <extensions>
          <ns3:TrackPointExtension>
            <ns3:hr>73</ns3:hr>
            <ns3:cad>0</ns3:cad>
          </ns3:TrackPointExtension>
        </extensions>
      </trkpt>
      <trkpt lat="46.3757477514445781707763671875" lon="23.58140691183507442474365234375">
        <ele>505.20001220703125</ele>
        <time>2022-06-11T11:00:01.000Z</time>
        <extensions>
          <ns3:TrackPointExtension>
            <ns3:hr>73</ns3:hr>
            <ns3:cad>0</ns3:cad>
          </ns3:TrackPointExtension>
        </extensions>
      </trkpt>
      <trkpt lat="46.37579360045492649078369140625" lon="23.58144748024642467498779296875">
        <ele>504.600006103515625</ele>
        <time>2022-06-11T11:00:07.000Z</time>
        <extensions>
          <ns3:TrackPointExtension>
            <ns3:hr>73</ns3:hr>
            <ns3:cad>55</ns3:cad>
          </ns3:TrackPointExtension>
        </extensions>
      </trkpt>
      <trkpt lat="46.37581857852637767791748046875" lon="23.58147178776562213897705078125">
        <ele>504</ele>
        <time>2022-06-11T11:00:11.000Z</time>
        <extensions>
          <ns3:TrackPointExtension>
            <ns3:hr>73</ns3:hr>
            <ns3:cad>53</ns3:cad>
          </ns3:TrackPointExtension>
        </extensions>
      </trkpt>
      <trkpt lat="46.375842131674289703369140625" lon="23.5814926587045192718505859375">
        <ele>503.79998779296875</ele>
        <time>2022-06-11T11:00:19.000Z</time>
        <extensions>
          <ns3:TrackPointExtension>
            <ns3:hr>74</ns3:hr>
            <ns3:cad>0</ns3:cad>
          </ns3:TrackPointExtension>
        </extensions>
      </trkpt>
      <trkpt lat="46.37584959156811237335205078125" lon="23.581493161618709564208984375">
        <ele>503.399993896484375</ele>
        <time>2022-06-11T11:00:22.000Z</time>
        <extensions>
          <ns3:TrackPointExtension>
            <ns3:hr>73</ns3:hr>
            <ns3:cad>0</ns3:cad>
          </ns3:TrackPointExtension>
        </extensions>
      </trkpt>
      <trkpt lat="46.375867612659931182861328125" lon="23.58149140141904354095458984375">
        <ele>502.600006103515625</ele>
        <time>2022-06-11T11:00:26.000Z</time>
        <extensions>
          <ns3:TrackPointExtension>
            <ns3:hr>74</ns3:hr>
            <ns3:cad>0</ns3:cad>
          </ns3:TrackPointExtension>
        </extensions>
      </trkpt>
      <trkpt lat="46.37587155215442180633544921875" lon="23.581491820514202117919921875">
        <ele>502.20001220703125</ele>
        <time>2022-06-11T11:00:27.000Z</time>
        <extensions>
          <ns3:TrackPointExtension>
            <ns3:hr>75</ns3:hr>
            <ns3:cad>0</ns3:cad>
          </ns3:TrackPointExtension>
        </extensions>
      </trkpt>
      <trkpt lat="46.375896446406841278076171875" lon="23.5815137811005115509033203125">
        <ele>501.20001220703125</ele>
        <time>2022-06-11T11:00:34.000Z</time>
        <extensions>
          <ns3:TrackPointExtension>
            <ns3:hr>77</ns3:hr>
            <ns3:cad>0</ns3:cad>
          </ns3:TrackPointExtension>
        </extensions>
      </trkpt>
      <trkpt lat="46.37590792961418628692626953125" lon="23.581517301499843597412109375">
        <ele>501</ele>
        <time>2022-06-11T11:00:36.000Z</time>
        <extensions>
          <ns3:TrackPointExtension>
            <ns3:hr>78</ns3:hr>
            <ns3:cad>0</ns3:cad>
          </ns3:TrackPointExtension>
        </extensions>
      </trkpt>
      <trkpt lat="46.37592553161084651947021484375" lon="23.5815553553402423858642578125">
        <ele>500.20001220703125</ele>
        <time>2022-06-11T11:00:44.000Z</time>
        <extensions>
          <ns3:TrackPointExtension>
            <ns3:hr>77</ns3:hr>
            <ns3:cad>0</ns3:cad>
          </ns3:TrackPointExtension>
        </extensions>
      </trkpt>
      <trkpt lat="46.37592569924890995025634765625" lon="23.5815660841763019561767578125">
        <ele>500</ele>
        <time>2022-06-11T11:00:46.000Z</time>
        <extensions>
          <ns3:TrackPointExtension>
            <ns3:hr>77</ns3:hr>
            <ns3:cad>0</ns3:cad>
          </ns3:TrackPointExtension>
        </extensions>
      </trkpt>
      <trkpt lat="46.375944055616855621337890625" lon="23.58158192597329616546630859375">
        <ele>499</ele>
        <time>2022-06-11T11:00:51.000Z</time>
        <extensions>
          <ns3:TrackPointExtension>
            <ns3:hr>78</ns3:hr>
            <ns3:cad>0</ns3:cad>
          </ns3:TrackPointExtension>
        </extensions>
      </trkpt>
      <trkpt lat="46.37595050968229770660400390625" lon="23.58158142305910587310791015625">
        <ele>498.79998779296875</ele>
        <time>2022-06-11T11:00:53.000Z</time>
        <extensions>
          <ns3:TrackPointExtension>
            <ns3:hr>79</ns3:hr>
            <ns3:cad>0</ns3:cad>
          </ns3:TrackPointExtension>
        </extensions>
      </trkpt>
      <trkpt lat="46.37595537118613719940185546875" lon="23.58158938586711883544921875">
        <ele>498</ele>
        <time>2022-06-11T11:00:57.000Z</time>
        <extensions>
          <ns3:TrackPointExtension>
            <ns3:hr>79</ns3:hr>
            <ns3:cad>55</ns3:cad>
          </ns3:TrackPointExtension>
        </extensions>
      </trkpt>
      <trkpt lat="46.37596660293638706207275390625" lon="23.58160413801670074462890625">
        <ele>497.399993896484375</ele>
        <time>2022-06-11T11:00:59.000Z</time>
        <extensions>
          <ns3:TrackPointExtension>
            <ns3:hr>78</ns3:hr>
            <ns3:cad>0</ns3:cad>
          </ns3:TrackPointExtension>
        </extensions>
      </trkpt>
      <trkpt lat="46.37598303146660327911376953125" lon="23.58161092735826969146728515625">
        <ele>496.79998779296875</ele>
        <time>2022-06-11T11:01:02.000Z</time>
        <extensions>
          <ns3:TrackPointExtension>
            <ns3:hr>79</ns3:hr>
            <ns3:cad>0</ns3:cad>
          </ns3:TrackPointExtension>
        </extensions>
      </trkpt>
      <trkpt lat="46.37598504312336444854736328125" lon="23.58160489238798618316650390625">
        <ele>496.399993896484375</ele>
        <time>2022-06-11T11:01:05.000Z</time>
        <extensions>
          <ns3:TrackPointExtension>
            <ns3:hr>82</ns3:hr>
            <ns3:cad>0</ns3:cad>
          </ns3:TrackPointExtension>
        </extensions>
      </trkpt>
      <trkpt lat="46.37598487548530101776123046875" lon="23.5816046409308910369873046875">
        <ele>496.20001220703125</ele>
        <time>2022-06-11T11:01:06.000Z</time>
        <extensions>
          <ns3:TrackPointExtension>
            <ns3:hr>85</ns3:hr>
            <ns3:cad>0</ns3:cad>
          </ns3:TrackPointExtension>
        </extensions>
      </trkpt>
      <trkpt lat="46.37598454020917415618896484375" lon="23.58160187490284442901611328125">
        <ele>496</ele>
        <time>2022-06-11T11:01:11.000Z</time>
        <extensions>
          <ns3:TrackPointExtension>
            <ns3:hr>88</ns3:hr>
            <ns3:cad>0</ns3:cad>
          </ns3:TrackPointExtension>
        </extensions>
      </trkpt>
      <trkpt lat="46.37598454020917415618896484375" lon="23.58160187490284442901611328125">
        <ele>496</ele>
        <time>2022-06-11T11:01:14.000Z</time>
        <extensions>
          <ns3:TrackPointExtension>
            <ns3:hr>93</ns3:hr>
            <ns3:cad>0</ns3:cad>
          </ns3:TrackPointExtension>
        </extensions>
      </trkpt>
      <trkpt lat="46.37598454020917415618896484375" lon="23.58160187490284442901611328125">
        <ele>496.20001220703125</ele>
        <time>2022-06-11T11:01:16.000Z</time>
        <extensions>
          <ns3:TrackPointExtension>
            <ns3:hr>90</ns3:hr>
            <ns3:cad>0</ns3:cad>
          </ns3:TrackPointExtension>
        </extensions>
      </trkpt>
      <trkpt lat="46.37598454020917415618896484375" lon="23.58160187490284442901611328125">
        <ele>496.20001220703125</ele>
        <time>2022-06-11T11:01:20.000Z</time>
        <extensions>
          <ns3:TrackPointExtension>
            <ns3:hr>87</ns3:hr>
            <ns3:cad>0</ns3:cad>
          </ns3:TrackPointExtension>
        </extensions>
      </trkpt>
      <trkpt lat="46.37598822824656963348388671875" lon="23.58159818686544895172119140625">
        <ele>495.600006103515625</ele>
        <time>2022-06-11T11:01:28.000Z</time>
        <extensions>
          <ns3:TrackPointExtension>
            <ns3:hr>88</ns3:hr>
            <ns3:cad>0</ns3:cad>
          </ns3:TrackPointExtension>
        </extensions>
      </trkpt>
      <trkpt lat="46.37602024711668491363525390625" lon="23.58153448440134525299072265625">
        <ele>496</ele>
        <time>2022-06-11T11:01:37.000Z</time>
        <extensions>
          <ns3:TrackPointExtension>
            <ns3:hr>88</ns3:hr>
            <ns3:cad>0</ns3:cad>
          </ns3:TrackPointExtension>
        </extensions>
      </trkpt>
      <trkpt lat="46.37605838477611541748046875" lon="23.58148201368749141693115234375">
        <ele>496.20001220703125</ele>
        <time>2022-06-11T11:01:45.000Z</time>
        <extensions>
          <ns3:TrackPointExtension>
            <ns3:hr>88</ns3:hr>
            <ns3:cad>79</ns3:cad>
          </ns3:TrackPointExtension>
        </extensions>
      </trkpt>
      <trkpt lat="46.37612602673470973968505859375" lon="23.581497184932231903076171875">
        <ele>495.79998779296875</ele>
        <time>2022-06-11T11:01:53.000Z</time>
        <extensions>
          <ns3:TrackPointExtension>
            <ns3:hr>88</ns3:hr>
            <ns3:cad>52</ns3:cad>
          </ns3:TrackPointExtension>
        </extensions>
      </trkpt>
      <trkpt lat="46.37613122351467609405517578125" lon="23.5814953409135341644287109375">
        <ele>494.600006103515625</ele>
        <time>2022-06-11T11:01:59.000Z</time>
        <extensions>
          <ns3:TrackPointExtension>
            <ns3:hr>91</ns3:hr>
            <ns3:cad>0</ns3:cad>
          </ns3:TrackPointExtension>
        </extensions>
      </trkpt>
      <trkpt lat="46.376142203807830810546875" lon="23.5815060697495937347412109375">
        <ele>494.399993896484375</ele>
        <time>2022-06-11T11:02:01.000Z</time>
        <extensions>
          <ns3:TrackPointExtension>
            <ns3:hr>94</ns3:hr>
            <ns3:cad>0</ns3:cad>
          </ns3:TrackPointExtension>
        </extensions>
      </trkpt>
      <trkpt lat="46.37615603394806385040283203125" lon="23.58151604421436786651611328125">
        <ele>494.20001220703125</ele>
        <time>2022-06-11T11:02:03.000Z</time>
        <extensions>
          <ns3:TrackPointExtension>
            <ns3:hr>97</ns3:hr>
            <ns3:cad>48</ns3:cad>
          </ns3:TrackPointExtension>
        </extensions>
      </trkpt>
      <trkpt lat="46.376175396144390106201171875" lon="23.5815349034965038299560546875">
        <ele>494.20001220703125</ele>
        <time>2022-06-11T11:02:06.000Z</time>
        <extensions>
          <ns3:TrackPointExtension>
            <ns3:hr>98</ns3:hr>
            <ns3:cad>47</ns3:cad>
          </ns3:TrackPointExtension>
        </extensions>
      </trkpt>
      <trkpt lat="46.37621370144188404083251953125" lon="23.58158075250685214996337890625">
        <ele>493.600006103515625</ele>
        <time>2022-06-11T11:02:11.000Z</time>
        <extensions>
          <ns3:TrackPointExtension>
            <ns3:hr>97</ns3:hr>
            <ns3:cad>49</ns3:cad>
          </ns3:TrackPointExtension>
        </extensions>
      </trkpt>
      <trkpt lat="46.37624471448361873626708984375" lon="23.58161126263439655303955078125">
        <ele>493.20001220703125</ele>
        <time>2022-06-11T11:02:14.000Z</time>
        <extensions>
          <ns3:TrackPointExtension>
            <ns3:hr>96</ns3:hr>
            <ns3:cad>51</ns3:cad>
          </ns3:TrackPointExtension>
        </extensions>
      </trkpt>
      <trkpt lat="46.37630405835807323455810546875" lon="23.5816490650177001953125">
        <ele>492.79998779296875</ele>
        <time>2022-06-11T11:02:20.000Z</time>
        <extensions>
          <ns3:TrackPointExtension>
            <ns3:hr>93</ns3:hr>
            <ns3:cad>52</ns3:cad>
          </ns3:TrackPointExtension>
        </extensions>
      </trkpt>
      <trkpt lat="46.376315541565418243408203125" lon="23.581656776368618011474609375">
        <ele>492.600006103515625</ele>
        <time>2022-06-11T11:02:21.000Z</time>
        <extensions>
          <ns3:TrackPointExtension>
            <ns3:hr>93</ns3:hr>
            <ns3:cad>52</ns3:cad>
          </ns3:TrackPointExtension>
        </extensions>
      </trkpt>
      <trkpt lat="46.37633473612368106842041015625" lon="23.58166515827178955078125">
        <ele>492</ele>
        <time>2022-06-11T11:02:23.000Z</time>
        <extensions>
          <ns3:TrackPointExtension>
            <ns3:hr>92</ns3:hr>
            <ns3:cad>52</ns3:cad>
          </ns3:TrackPointExtension>
        </extensions>
      </trkpt>
      <trkpt lat="46.376388967037200927734375" lon="23.5816867835819721221923828125">
        <ele>491.399993896484375</ele>
        <time>2022-06-11T11:02:29.000Z</time>
        <extensions>
          <ns3:TrackPointExtension>
            <ns3:hr>94</ns3:hr>
            <ns3:cad>54</ns3:cad>
          </ns3:TrackPointExtension>
        </extensions>
      </trkpt>
      <trkpt lat="46.37642140500247478485107421875" lon="23.58170631341636180877685546875">
        <ele>490.79998779296875</ele>
        <time>2022-06-11T11:02:32.000Z</time>
        <extensions>
          <ns3:TrackPointExtension>
            <ns3:hr>94</ns3:hr>
            <ns3:cad>54</ns3:cad>
          </ns3:TrackPointExtension>
        </extensions>
      </trkpt>
      <trkpt lat="46.3764627277851104736328125" lon="23.58173330314457416534423828125">
        <ele>490.20001220703125</ele>
        <time>2022-06-11T11:02:36.000Z</time>
        <extensions>
          <ns3:TrackPointExtension>
            <ns3:hr>93</ns3:hr>
            <ns3:cad>54</ns3:cad>
          </ns3:TrackPointExtension>
        </extensions>
      </trkpt>
      <trkpt lat="46.3765235804021358489990234375" lon="23.58177001588046550750732421875">
        <ele>489.600006103515625</ele>
        <time>2022-06-11T11:02:41.000Z</time>
        <extensions>
          <ns3:TrackPointExtension>
            <ns3:hr>93</ns3:hr>
            <ns3:cad>53</ns3:cad>
          </ns3:TrackPointExtension>
        </extensions>
      </trkpt>
      <trkpt lat="46.3765504024922847747802734375" lon="23.58177169226109981536865234375">
        <ele>489</ele>
        <time>2022-06-11T11:02:44.000Z</time>
        <extensions>
          <ns3:TrackPointExtension>
            <ns3:hr>93</ns3:hr>
            <ns3:cad>54</ns3:cad>
          </ns3:TrackPointExtension>
        </extensions>
      </trkpt>
      <trkpt lat="46.376592479646205902099609375" lon="23.5817779786884784698486328125">
        <ele>488</ele>
        <time>2022-06-11T11:02:47.000Z</time>
        <extensions>
          <ns3:TrackPointExtension>
            <ns3:hr>93</ns3:hr>
            <ns3:cad>52</ns3:cad>
          </ns3:TrackPointExtension>
        </extensions>
      </trkpt>
      <trkpt lat="46.37663505971431732177734375" lon="23.5817638970911502838134765625">
        <ele>487.600006103515625</ele>
        <time>2022-06-11T11:02:51.000Z</time>
        <extensions>
          <ns3:TrackPointExtension>
            <ns3:hr>93</ns3:hr>
            <ns3:cad>52</ns3:cad>
          </ns3:TrackPointExtension>
        </extensions>
      </trkpt>
      <trkpt lat="46.376707144081592559814453125" lon="23.58171938918530941009521484375">
        <ele>487</ele>
        <time>2022-06-11T11:02:58.000Z</time>
        <extensions>
          <ns3:TrackPointExtension>
            <ns3:hr>93</ns3:hr>
            <ns3:cad>51</ns3:cad>
          </ns3:TrackPointExtension>
        </extensions>
      </trkpt>
      <trkpt lat="46.3767146877944469451904296875" lon="23.581712432205677032470703125">
        <ele>486.79998779296875</ele>
        <time>2022-06-11T11:02:59.000Z</time>
        <extensions>
          <ns3:TrackPointExtension>
            <ns3:hr>93</ns3:hr>
            <ns3:cad>51</ns3:cad>
          </ns3:TrackPointExtension>
        </extensions>
      </trkpt>
      <trkpt lat="46.37683211825788021087646484375" lon="23.58164981938898563385009765625">
        <ele>486.399993896484375</ele>
        <time>2022-06-11T11:03:09.000Z</time>
        <extensions>
          <ns3:TrackPointExtension>
            <ns3:hr>92</ns3:hr>
            <ns3:cad>51</ns3:cad>
          </ns3:TrackPointExtension>
        </extensions>
      </trkpt>
      <trkpt lat="46.376852653920650482177734375" lon="23.58164261095225811004638671875">
        <ele>486</ele>
        <time>2022-06-11T11:03:11.000Z</time>
        <extensions>
          <ns3:TrackPointExtension>
            <ns3:hr>92</ns3:hr>
            <ns3:cad>50</ns3:cad>
          </ns3:TrackPointExtension>
        </extensions>
      </trkpt>
      <trkpt lat="46.3769562542438507080078125" lon="23.58160816133022308349609375">
        <ele>485.20001220703125</ele>
        <time>2022-06-11T11:03:20.000Z</time>
        <extensions>
          <ns3:TrackPointExtension>
            <ns3:hr>90</ns3:hr>
            <ns3:cad>51</ns3:cad>
          </ns3:TrackPointExtension>
        </extensions>
      </trkpt>
      <trkpt lat="46.3770851679146289825439453125" lon="23.58156885020434856414794921875">
        <ele>485.399993896484375</ele>
        <time>2022-06-11T11:03:30.000Z</time>
        <extensions>
          <ns3:TrackPointExtension>
            <ns3:hr>88</ns3:hr>
            <ns3:cad>50</ns3:cad>
          </ns3:TrackPointExtension>
        </extensions>
      </trkpt>
      <trkpt lat="46.3771428354084491729736328125" lon="23.58155108056962490081787109375">
        <ele>485</ele>
        <time>2022-06-11T11:03:35.000Z</time>
        <extensions>
          <ns3:TrackPointExtension>
            <ns3:hr>90</ns3:hr>
            <ns3:cad>51</ns3:cad>
          </ns3:TrackPointExtension>
        </extensions>
      </trkpt>
      <trkpt lat="46.3772219605743885040283203125" lon="23.5815456323325634002685546875">
        <ele>484.399993896484375</ele>
        <time>2022-06-11T11:03:41.000Z</time>
        <extensions>
          <ns3:TrackPointExtension>
            <ns3:hr>88</ns3:hr>
            <ns3:cad>48</ns3:cad>
          </ns3:TrackPointExtension>
        </extensions>
      </trkpt>
      <trkpt lat="46.37731407769024372100830078125" lon="23.5815157927572727203369140625">
        <ele>484</ele>
        <time>2022-06-11T11:03:49.000Z</time>
        <extensions>
          <ns3:TrackPointExtension>
            <ns3:hr>90</ns3:hr>
            <ns3:cad>53</ns3:cad>
          </ns3:TrackPointExtension>
        </extensions>
      </trkpt>
      <trkpt lat="46.3773426599800586700439453125" lon="23.58150078915059566497802734375">
        <ele>484</ele>
        <time>2022-06-11T11:03:52.000Z</time>
        <extensions>
          <ns3:TrackPointExtension>
            <ns3:hr>90</ns3:hr>
            <ns3:cad>51</ns3:cad>
          </ns3:TrackPointExtension>
        </extensions>
      </trkpt>
      <trkpt lat="46.377476938068866729736328125" lon="23.581457622349262237548828125">
        <ele>482.79998779296875</ele>
        <time>2022-06-11T11:04:03.000Z</time>
        <extensions>
          <ns3:TrackPointExtension>
            <ns3:hr>90</ns3:hr>
            <ns3:cad>51</ns3:cad>
          </ns3:TrackPointExtension>
        </extensions>
      </trkpt>
      <trkpt lat="46.37748473323881626129150390625" lon="23.58145083300769329071044921875">
        <ele>482.79998779296875</ele>
        <time>2022-06-11T11:04:04.000Z</time>
        <extensions>
          <ns3:TrackPointExtension>
            <ns3:hr>90</ns3:hr>
            <ns3:cad>49</ns3:cad>
          </ns3:TrackPointExtension>
        </extensions>
      </trkpt>
      <trkpt lat="46.37758078984916210174560546875" lon="23.5814510844647884368896484375">
        <ele>483.399993896484375</ele>
        <time>2022-06-11T11:04:12.000Z</time>
        <extensions>
          <ns3:TrackPointExtension>
            <ns3:hr>89</ns3:hr>
            <ns3:cad>56</ns3:cad>
          </ns3:TrackPointExtension>
        </extensions>
      </trkpt>
      <trkpt lat="46.3776893354952335357666015625" lon="23.58146809972822666168212890625">
        <ele>481.79998779296875</ele>
        <time>2022-06-11T11:04:21.000Z</time>
        <extensions>
          <ns3:TrackPointExtension>
            <ns3:hr>88</ns3:hr>
            <ns3:cad>53</ns3:cad>
          </ns3:TrackPointExtension>
        </extensions>
      </trkpt>
      <trkpt lat="46.37777323834598064422607421875" lon="23.5815055668354034423828125">
        <ele>480.600006103515625</ele>
        <time>2022-06-11T11:04:28.000Z</time>
        <extensions>
          <ns3:TrackPointExtension>
            <ns3:hr>87</ns3:hr>
            <ns3:cad>53</ns3:cad>
          </ns3:TrackPointExtension>
        </extensions>
      </trkpt>
      <trkpt lat="46.3777986355125904083251953125" lon="23.58151671476662158966064453125">
        <ele>480.399993896484375</ele>
        <time>2022-06-11T11:04:30.000Z</time>
        <extensions>
          <ns3:TrackPointExtension>
            <ns3:hr>87</ns3:hr>
            <ns3:cad>53</ns3:cad>
          </ns3:TrackPointExtension>
        </extensions>
      </trkpt>
      <trkpt lat="46.37784565798938274383544921875" lon="23.581542782485485076904296875">
        <ele>479.600006103515625</ele>
        <time>2022-06-11T11:04:35.000Z</time>
        <extensions>
          <ns3:TrackPointExtension>
            <ns3:hr>88</ns3:hr>
            <ns3:cad>54</ns3:cad>
          </ns3:TrackPointExtension>
        </extensions>
      </trkpt>
      <trkpt lat="46.377872563898563385009765625" lon="23.5815697722136974334716796875">
        <ele>479</ele>
        <time>2022-06-11T11:04:38.000Z</time>
        <extensions>
          <ns3:TrackPointExtension>
            <ns3:hr>85</ns3:hr>
            <ns3:cad>50</ns3:cad>
          </ns3:TrackPointExtension>
        </extensions>
      </trkpt>
      <trkpt lat="46.3778794370591640472412109375" lon="23.58157807029783725738525390625">
        <ele>479.20001220703125</ele>
        <time>2022-06-11T11:04:40.000Z</time>
        <extensions>
          <ns3:TrackPointExtension>
            <ns3:hr>85</ns3:hr>
            <ns3:cad>48</ns3:cad>
          </ns3:TrackPointExtension>
        </extensions>
      </trkpt>
      <trkpt lat="46.377881281077861785888671875" lon="23.58157865703105926513671875">
        <ele>479.600006103515625</ele>
        <time>2022-06-11T11:04:42.000Z</time>
        <extensions>
          <ns3:TrackPointExtension>
            <ns3:hr>88</ns3:hr>
            <ns3:cad>0</ns3:cad>
          </ns3:TrackPointExtension>
        </extensions>
      </trkpt>
      <trkpt lat="46.3779106177389621734619140625" lon="23.58157857321202754974365234375">
        <ele>480</ele>
        <time>2022-06-11T11:04:46.000Z</time>
        <extensions>
          <ns3:TrackPointExtension>
            <ns3:hr>91</ns3:hr>
            <ns3:cad>0</ns3:cad>
          </ns3:TrackPointExtension>
        </extensions>
      </trkpt>
      <trkpt lat="46.377935595810413360595703125" lon="23.5815794952213764190673828125">
        <ele>480</ele>
        <time>2022-06-11T11:04:49.000Z</time>
        <extensions>
          <ns3:TrackPointExtension>
            <ns3:hr>92</ns3:hr>
            <ns3:cad>0</ns3:cad>
          </ns3:TrackPointExtension>
        </extensions>
      </trkpt>
      <trkpt lat="46.37799804098904132843017578125" lon="23.581615872681140899658203125">
        <ele>480.20001220703125</ele>
        <time>2022-06-11T11:04:55.000Z</time>
        <extensions>
          <ns3:TrackPointExtension>
            <ns3:hr>94</ns3:hr>
            <ns3:cad>52</ns3:cad>
          </ns3:TrackPointExtension>
        </extensions>
      </trkpt>
      <trkpt lat="46.37811371125280857086181640625" lon="23.58166054822504520416259765625">
        <ele>478.399993896484375</ele>
        <time>2022-06-11T11:05:06.000Z</time>
        <extensions>
          <ns3:TrackPointExtension>
            <ns3:hr>95</ns3:hr>
            <ns3:cad>50</ns3:cad>
          </ns3:TrackPointExtension>
        </extensions>
      </trkpt>
      <trkpt lat="46.37816199101507663726806640625" lon="23.58168049715459346771240234375">
        <ele>478.600006103515625</ele>
        <time>2022-06-11T11:05:10.000Z</time>
        <extensions>
          <ns3:TrackPointExtension>
            <ns3:hr>91</ns3:hr>
            <ns3:cad>49</ns3:cad>
          </ns3:TrackPointExtension>
        </extensions>
      </trkpt>
      <trkpt lat="46.3782083429396152496337890625" lon="23.5816877894103527069091796875">
        <ele>477.79998779296875</ele>
        <time>2022-06-11T11:05:14.000Z</time>
        <extensions>
          <ns3:TrackPointExtension>
            <ns3:hr>88</ns3:hr>
            <ns3:cad>51</ns3:cad>
          </ns3:TrackPointExtension>
        </extensions>
      </trkpt>
      <trkpt lat="46.37822032906115055084228515625" lon="23.581696338951587677001953125">
        <ele>477.600006103515625</ele>
        <time>2022-06-11T11:05:15.000Z</time>
        <extensions>
          <ns3:TrackPointExtension>
            <ns3:hr>88</ns3:hr>
            <ns3:cad>51</ns3:cad>
          </ns3:TrackPointExtension>
        </extensions>
      </trkpt>
      <trkpt lat="46.378297694027423858642578125" lon="23.58174151740968227386474609375">
        <ele>477.79998779296875</ele>
        <time>2022-06-11T11:05:21.000Z</time>
        <extensions>
          <ns3:TrackPointExtension>
            <ns3:hr>91</ns3:hr>
            <ns3:cad>50</ns3:cad>
          </ns3:TrackPointExtension>
        </extensions>
      </trkpt>
      <trkpt lat="46.37833734042942523956298828125" lon="23.5817471332848072052001953125">
        <ele>477.79998779296875</ele>
        <time>2022-06-11T11:05:25.000Z</time>
        <extensions>
          <ns3:TrackPointExtension>
            <ns3:hr>92</ns3:hr>
            <ns3:cad>51</ns3:cad>
          </ns3:TrackPointExtension>
        </extensions>
      </trkpt>
      <trkpt lat="46.37847279198467731475830078125" lon="23.58180387876927852630615234375">
        <ele>478</ele>
        <time>2022-06-11T11:05:38.000Z</time>
        <extensions>
          <ns3:TrackPointExtension>
            <ns3:hr>92</ns3:hr>
            <ns3:cad>49</ns3:cad>
          </ns3:TrackPointExtension>
        </extensions>
      </trkpt>
      <trkpt lat="46.37852132320404052734375" lon="23.5818207263946533203125">
        <ele>477.79998779296875</ele>
        <time>2022-06-11T11:05:42.000Z</time>
        <extensions>
          <ns3:TrackPointExtension>
            <ns3:hr>92</ns3:hr>
            <ns3:cad>47</ns3:cad>
          </ns3:TrackPointExtension>
        </extensions>
      </trkpt>
    </trkseg>
  </trk>
</gpx>
