<?xml version="1.0" encoding="UTF-8"?>
<gpx creator="Garmin Connect" version="1.1"
  xsi:schemaLocation="http://www.topografix.com/GPX/1/1 http://www.topografix.com/GPX/11.xsd"
  xmlns:ns3="http://www.garmin.com/xmlschemas/TrackPointExtension/v1"
  xmlns="http://www.topografix.com/GPX/1/1"
  xmlns:xsi="http://www.w3.org/2001/XMLSchema-instance" xmlns:ns2="http://www.garmin.com/xmlschemas/GpxExtensions/v3">
  <metadata>
    <link href="connect.garmin.com">
      <text>Garmin Connect</text>
    </link>
    <time>2024-10-27T10:25:45.000Z</time>
  </metadata>
  <trk>
    <name>Ciurila Hiking</name>
    <type>hiking</type>
    <trkseg>
      <trkpt lat="46.6979764401912689208984375" lon="23.55054021812975406646728515625">
        <ele>720.5999755859375</ele>
        <time>2024-10-27T10:25:45.000Z</time>
        <extensions>
          <ns3:TrackPointExtension>
            <ns3:hr>97</ns3:hr>
            <ns3:cad>0</ns3:cad>
          </ns3:TrackPointExtension>
        </extensions>
      </trkpt>
      <trkpt lat="46.69800032861530780792236328125" lon="23.5505855642259120941162109375">
        <ele>720.5999755859375</ele>
        <time>2024-10-27T10:25:46.000Z</time>
        <extensions>
          <ns3:TrackPointExtension>
            <ns3:hr>98</ns3:hr>
            <ns3:cad>60</ns3:cad>
          </ns3:TrackPointExtension>
        </extensions>
      </trkpt>
      <trkpt lat="46.69802195392549037933349609375" lon="23.5507153160870075225830078125">
        <ele>721.5999755859375</ele>
        <time>2024-10-27T10:25:51.000Z</time>
        <extensions>
          <ns3:TrackPointExtension>
            <ns3:hr>98</ns3:hr>
            <ns3:cad>78</ns3:cad>
          </ns3:TrackPointExtension>
        </extensions>
      </trkpt>
      <trkpt lat="46.6980339400470256805419921875" lon="23.5507299005985260009765625">
        <ele>722</ele>
        <time>2024-10-27T10:25:53.000Z</time>
        <extensions>
          <ns3:TrackPointExtension>
            <ns3:hr>97</ns3:hr>
            <ns3:cad>77</ns3:cad>
          </ns3:TrackPointExtension>
        </extensions>
      </trkpt>
      <trkpt lat="46.69803687371313571929931640625" lon="23.55074021033942699432373046875">
        <ele>722.20001220703125</ele>
        <time>2024-10-27T10:25:55.000Z</time>
        <extensions>
          <ns3:TrackPointExtension>
            <ns3:hr>97</ns3:hr>
            <ns3:cad>76</ns3:cad>
          </ns3:TrackPointExtension>
        </extensions>
      </trkpt>
      <trkpt lat="46.69805849902331829071044921875" lon="23.55079536326229572296142578125">
        <ele>722.4000244140625</ele>
        <time>2024-10-27T10:26:00.000Z</time>
        <extensions>
          <ns3:TrackPointExtension>
            <ns3:hr>98</ns3:hr>
            <ns3:cad>41</ns3:cad>
          </ns3:TrackPointExtension>
        </extensions>
      </trkpt>
      <trkpt lat="46.6980792023241519927978515625" lon="23.55085437186062335968017578125">
        <ele>723.20001220703125</ele>
        <time>2024-10-27T10:26:05.000Z</time>
        <extensions>
          <ns3:TrackPointExtension>
            <ns3:hr>97</ns3:hr>
            <ns3:cad>75</ns3:cad>
          </ns3:TrackPointExtension>
        </extensions>
      </trkpt>
      <trkpt lat="46.6980906017124652862548828125" lon="23.5508693754673004150390625">
        <ele>723.20001220703125</ele>
        <time>2024-10-27T10:26:07.000Z</time>
        <extensions>
          <ns3:TrackPointExtension>
            <ns3:hr>99</ns3:hr>
            <ns3:cad>78</ns3:cad>
          </ns3:TrackPointExtension>
        </extensions>
      </trkpt>
      <trkpt lat="46.69809303246438503265380859375" lon="23.55087918229401111602783203125">
        <ele>723.4000244140625</ele>
        <time>2024-10-27T10:26:08.000Z</time>
        <extensions>
          <ns3:TrackPointExtension>
            <ns3:hr>102</ns3:hr>
            <ns3:cad>78</ns3:cad>
          </ns3:TrackPointExtension>
        </extensions>
      </trkpt>
      <trkpt lat="46.698136031627655029296875" lon="23.55096685700118541717529296875">
        <ele>724.20001220703125</ele>
        <time>2024-10-27T10:26:14.000Z</time>
        <extensions>
          <ns3:TrackPointExtension>
            <ns3:hr>104</ns3:hr>
            <ns3:cad>80</ns3:cad>
          </ns3:TrackPointExtension>
        </extensions>
      </trkpt>
      <trkpt lat="46.69816084206104278564453125" lon="23.551031984388828277587890625">
        <ele>725.20001220703125</ele>
        <time>2024-10-27T10:26:21.000Z</time>
        <extensions>
          <ns3:TrackPointExtension>
            <ns3:hr>106</ns3:hr>
            <ns3:cad>40</ns3:cad>
          </ns3:TrackPointExtension>
        </extensions>
      </trkpt>
      <trkpt lat="46.6981668770313262939453125" lon="23.551039360463619232177734375">
        <ele>725.5999755859375</ele>
        <time>2024-10-27T10:26:22.000Z</time>
        <extensions>
          <ns3:TrackPointExtension>
            <ns3:hr>106</ns3:hr>
            <ns3:cad>40</ns3:cad>
          </ns3:TrackPointExtension>
        </extensions>
      </trkpt>
      <trkpt lat="46.6982025839388370513916015625" lon="23.55107364244759082794189453125">
        <ele>726.4000244140625</ele>
        <time>2024-10-27T10:26:27.000Z</time>
        <extensions>
          <ns3:TrackPointExtension>
            <ns3:hr>109</ns3:hr>
            <ns3:cad>41</ns3:cad>
          </ns3:TrackPointExtension>
        </extensions>
      </trkpt>
      <trkpt lat="46.698228232562541961669921875" lon="23.55111655779182910919189453125">
        <ele>727.20001220703125</ele>
        <time>2024-10-27T10:26:32.000Z</time>
        <extensions>
          <ns3:TrackPointExtension>
            <ns3:hr>110</ns3:hr>
            <ns3:cad>42</ns3:cad>
          </ns3:TrackPointExtension>
        </extensions>
      </trkpt>
      <trkpt lat="46.6982377879321575164794921875" lon="23.55115612037479877471923828125">
        <ele>727.5999755859375</ele>
        <time>2024-10-27T10:26:35.000Z</time>
        <extensions>
          <ns3:TrackPointExtension>
            <ns3:hr>109</ns3:hr>
            <ns3:cad>42</ns3:cad>
          </ns3:TrackPointExtension>
        </extensions>
      </trkpt>
      <trkpt lat="46.69825362972915172576904296875" lon="23.5512628220021724700927734375">
        <ele>728.20001220703125</ele>
        <time>2024-10-27T10:26:41.000Z</time>
        <extensions>
          <ns3:TrackPointExtension>
            <ns3:hr>108</ns3:hr>
            <ns3:cad>40</ns3:cad>
          </ns3:TrackPointExtension>
        </extensions>
      </trkpt>
      <trkpt lat="46.69824323616921901702880859375" lon="23.55129894800484180450439453125">
        <ele>728.5999755859375</ele>
        <time>2024-10-27T10:26:44.000Z</time>
        <extensions>
          <ns3:TrackPointExtension>
            <ns3:hr>109</ns3:hr>
            <ns3:cad>43</ns3:cad>
          </ns3:TrackPointExtension>
        </extensions>
      </trkpt>
      <trkpt lat="46.6982072778046131134033203125" lon="23.5513848625123500823974609375">
        <ele>729</ele>
        <time>2024-10-27T10:26:50.000Z</time>
        <extensions>
          <ns3:TrackPointExtension>
            <ns3:hr>109</ns3:hr>
            <ns3:cad>44</ns3:cad>
          </ns3:TrackPointExtension>
        </extensions>
      </trkpt>
      <trkpt lat="46.69815757311880588531494140625" lon="23.5514589585363864898681640625">
        <ele>729.79998779296875</ele>
        <time>2024-10-27T10:26:56.000Z</time>
        <extensions>
          <ns3:TrackPointExtension>
            <ns3:hr>107</ns3:hr>
            <ns3:cad>45</ns3:cad>
          </ns3:TrackPointExtension>
        </extensions>
      </trkpt>
      <trkpt lat="46.69813795946538448333740234375" lon="23.551506735384464263916015625">
        <ele>730.5999755859375</ele>
        <time>2024-10-27T10:27:01.000Z</time>
        <extensions>
          <ns3:TrackPointExtension>
            <ns3:hr>107</ns3:hr>
            <ns3:cad>43</ns3:cad>
          </ns3:TrackPointExtension>
        </extensions>
      </trkpt>
      <trkpt lat="46.69812957756221294403076171875" lon="23.55152475647628307342529296875">
        <ele>730.79998779296875</ele>
        <time>2024-10-27T10:27:03.000Z</time>
        <extensions>
          <ns3:TrackPointExtension>
            <ns3:hr>107</ns3:hr>
            <ns3:cad>43</ns3:cad>
          </ns3:TrackPointExtension>
        </extensions>
      </trkpt>
      <trkpt lat="46.69809102080762386322021484375" lon="23.55158393271267414093017578125">
        <ele>732</ele>
        <time>2024-10-27T10:27:09.000Z</time>
        <extensions>
          <ns3:TrackPointExtension>
            <ns3:hr>108</ns3:hr>
            <ns3:cad>40</ns3:cad>
          </ns3:TrackPointExtension>
        </extensions>
      </trkpt>
      <trkpt lat="46.6980825550854206085205078125" lon="23.55158896185457706451416015625">
        <ele>732.4000244140625</ele>
        <time>2024-10-27T10:27:10.000Z</time>
        <extensions>
          <ns3:TrackPointExtension>
            <ns3:hr>108</ns3:hr>
            <ns3:cad>40</ns3:cad>
          </ns3:TrackPointExtension>
        </extensions>
      </trkpt>
      <trkpt lat="46.69807325117290019989013671875" lon="23.55158594436943531036376953125">
        <ele>732.5999755859375</ele>
        <time>2024-10-27T10:27:11.000Z</time>
        <extensions>
          <ns3:TrackPointExtension>
            <ns3:hr>109</ns3:hr>
            <ns3:cad>40</ns3:cad>
          </ns3:TrackPointExtension>
        </extensions>
      </trkpt>
      <trkpt lat="46.6980604268610477447509765625" lon="23.55158510617911815643310546875">
        <ele>733</ele>
        <time>2024-10-27T10:27:13.000Z</time>
        <extensions>
          <ns3:TrackPointExtension>
            <ns3:hr>112</ns3:hr>
            <ns3:cad>40</ns3:cad>
          </ns3:TrackPointExtension>
        </extensions>
      </trkpt>
      <trkpt lat="46.69802497141063213348388671875" lon="23.55157789774239063262939453125">
        <ele>734.4000244140625</ele>
        <time>2024-10-27T10:27:19.000Z</time>
        <extensions>
          <ns3:TrackPointExtension>
            <ns3:hr>111</ns3:hr>
            <ns3:cad>68</ns3:cad>
          </ns3:TrackPointExtension>
        </extensions>
      </trkpt>
      <trkpt lat="46.6979678906500339508056640625" lon="23.55158342979848384857177734375">
        <ele>735.5999755859375</ele>
        <time>2024-10-27T10:27:25.000Z</time>
        <extensions>
          <ns3:TrackPointExtension>
            <ns3:hr>113</ns3:hr>
            <ns3:cad>78</ns3:cad>
          </ns3:TrackPointExtension>
        </extensions>
      </trkpt>
      <trkpt lat="46.6979477740824222564697265625" lon="23.55157773010432720184326171875">
        <ele>736.20001220703125</ele>
        <time>2024-10-27T10:27:28.000Z</time>
        <extensions>
          <ns3:TrackPointExtension>
            <ns3:hr>113</ns3:hr>
            <ns3:cad>74</ns3:cad>
          </ns3:TrackPointExtension>
        </extensions>
      </trkpt>
      <trkpt lat="46.69792857952415943145751953125" lon="23.5515692643821239471435546875">
        <ele>736.5999755859375</ele>
        <time>2024-10-27T10:27:30.000Z</time>
        <extensions>
          <ns3:TrackPointExtension>
            <ns3:hr>113</ns3:hr>
            <ns3:cad>75</ns3:cad>
          </ns3:TrackPointExtension>
        </extensions>
      </trkpt>
      <trkpt lat="46.69788449071347713470458984375" lon="23.5515417717397212982177734375">
        <ele>737.4000244140625</ele>
        <time>2024-10-27T10:27:36.000Z</time>
        <extensions>
          <ns3:TrackPointExtension>
            <ns3:hr>113</ns3:hr>
            <ns3:cad>41</ns3:cad>
          </ns3:TrackPointExtension>
        </extensions>
      </trkpt>
      <trkpt lat="46.69779631309211254119873046875" lon="23.55154923163354396820068359375">
        <ele>736.4000244140625</ele>
        <time>2024-10-27T10:27:45.000Z</time>
        <extensions>
          <ns3:TrackPointExtension>
            <ns3:hr>111</ns3:hr>
            <ns3:cad>53</ns3:cad>
          </ns3:TrackPointExtension>
        </extensions>
      </trkpt>
      <trkpt lat="46.69771400280296802520751953125" lon="23.551532216370105743408203125">
        <ele>736.4000244140625</ele>
        <time>2024-10-27T10:27:51.000Z</time>
        <extensions>
          <ns3:TrackPointExtension>
            <ns3:hr>108</ns3:hr>
            <ns3:cad>48</ns3:cad>
          </ns3:TrackPointExtension>
        </extensions>
      </trkpt>
      <trkpt lat="46.69765281490981578826904296875" lon="23.55151151306927204132080078125">
        <ele>736.4000244140625</ele>
        <time>2024-10-27T10:27:56.000Z</time>
        <extensions>
          <ns3:TrackPointExtension>
            <ns3:hr>106</ns3:hr>
            <ns3:cad>49</ns3:cad>
          </ns3:TrackPointExtension>
        </extensions>
      </trkpt>
      <trkpt lat="46.69753178022801876068115234375" lon="23.55146490968763828277587890625">
        <ele>736.79998779296875</ele>
        <time>2024-10-27T10:28:06.000Z</time>
        <extensions>
          <ns3:TrackPointExtension>
            <ns3:hr>105</ns3:hr>
            <ns3:cad>47</ns3:cad>
          </ns3:TrackPointExtension>
        </extensions>
      </trkpt>
      <trkpt lat="46.6974884457886219024658203125" lon="23.5514411889016628265380859375">
        <ele>737.4000244140625</ele>
        <time>2024-10-27T10:28:12.000Z</time>
        <extensions>
          <ns3:TrackPointExtension>
            <ns3:hr>102</ns3:hr>
            <ns3:cad>0</ns3:cad>
          </ns3:TrackPointExtension>
        </extensions>
      </trkpt>
      <trkpt lat="46.69748500920832157135009765625" lon="23.55143456719815731048583984375">
        <ele>737.5999755859375</ele>
        <time>2024-10-27T10:28:14.000Z</time>
        <extensions>
          <ns3:TrackPointExtension>
            <ns3:hr>101</ns3:hr>
            <ns3:cad>0</ns3:cad>
          </ns3:TrackPointExtension>
        </extensions>
      </trkpt>
      <trkpt lat="46.697490625083446502685546875" lon="23.551436327397823333740234375">
        <ele>737.79998779296875</ele>
        <time>2024-10-27T10:28:16.000Z</time>
        <extensions>
          <ns3:TrackPointExtension>
            <ns3:hr>100</ns3:hr>
            <ns3:cad>0</ns3:cad>
          </ns3:TrackPointExtension>
        </extensions>
      </trkpt>
      <trkpt lat="46.69753530062735080718994140625" lon="23.5514180548489093780517578125">
        <ele>738.20001220703125</ele>
        <time>2024-10-27T10:28:26.000Z</time>
        <extensions>
          <ns3:TrackPointExtension>
            <ns3:hr>101</ns3:hr>
            <ns3:cad>0</ns3:cad>
          </ns3:TrackPointExtension>
        </extensions>
      </trkpt>
      <trkpt lat="46.697531528770923614501953125" lon="23.55141830630600452423095703125">
        <ele>738.20001220703125</ele>
        <time>2024-10-27T10:28:27.000Z</time>
        <extensions>
          <ns3:TrackPointExtension>
            <ns3:hr>96</ns3:hr>
            <ns3:cad>0</ns3:cad>
          </ns3:TrackPointExtension>
        </extensions>
      </trkpt>
      <trkpt lat="46.69752784073352813720703125" lon="23.55141646228730678558349609375">
        <ele>738.20001220703125</ele>
        <time>2024-10-27T10:28:28.000Z</time>
        <extensions>
          <ns3:TrackPointExtension>
            <ns3:hr>93</ns3:hr>
            <ns3:cad>0</ns3:cad>
          </ns3:TrackPointExtension>
        </extensions>
      </trkpt>
      <trkpt lat="46.6975229792296886444091796875" lon="23.5514173842966556549072265625">
        <ele>738.20001220703125</ele>
        <time>2024-10-27T10:28:29.000Z</time>
        <extensions>
          <ns3:TrackPointExtension>
            <ns3:hr>88</ns3:hr>
            <ns3:cad>0</ns3:cad>
          </ns3:TrackPointExtension>
        </extensions>
      </trkpt>
      <trkpt lat="46.6975062154233455657958984375" lon="23.5514084994792938232421875">
        <ele>738.20001220703125</ele>
        <time>2024-10-27T10:28:31.000Z</time>
        <extensions>
          <ns3:TrackPointExtension>
            <ns3:hr>85</ns3:hr>
            <ns3:cad>0</ns3:cad>
          </ns3:TrackPointExtension>
        </extensions>
      </trkpt>
      <trkpt lat="46.6974917985498905181884765625" lon="23.55140648782253265380859375">
        <ele>738.20001220703125</ele>
        <time>2024-10-27T10:28:33.000Z</time>
        <extensions>
          <ns3:TrackPointExtension>
            <ns3:hr>84</ns3:hr>
            <ns3:cad>0</ns3:cad>
          </ns3:TrackPointExtension>
        </extensions>
      </trkpt>
      <trkpt lat="46.69743639416992664337158203125" lon="23.55142258107662200927734375">
        <ele>738.5999755859375</ele>
        <time>2024-10-27T10:28:40.000Z</time>
        <extensions>
          <ns3:TrackPointExtension>
            <ns3:hr>86</ns3:hr>
            <ns3:cad>0</ns3:cad>
          </ns3:TrackPointExtension>
        </extensions>
      </trkpt>
      <trkpt lat="46.69742650352418422698974609375" lon="23.55142970569431781768798828125">
        <ele>738.79998779296875</ele>
        <time>2024-10-27T10:28:41.000Z</time>
        <extensions>
          <ns3:TrackPointExtension>
            <ns3:hr>88</ns3:hr>
            <ns3:cad>41</ns3:cad>
          </ns3:TrackPointExtension>
        </extensions>
      </trkpt>
      <trkpt lat="46.69735576026141643524169921875" lon="23.551470525562763214111328125">
        <ele>739.79998779296875</ele>
        <time>2024-10-27T10:28:48.000Z</time>
        <extensions>
          <ns3:TrackPointExtension>
            <ns3:hr>89</ns3:hr>
            <ns3:cad>42</ns3:cad>
          </ns3:TrackPointExtension>
        </extensions>
      </trkpt>
      <trkpt lat="46.6973426006734371185302734375" lon="23.55147982947528362274169921875">
        <ele>740</ele>
        <time>2024-10-27T10:28:49.000Z</time>
        <extensions>
          <ns3:TrackPointExtension>
            <ns3:hr>90</ns3:hr>
            <ns3:cad>42</ns3:cad>
          </ns3:TrackPointExtension>
        </extensions>
      </trkpt>
      <trkpt lat="46.69731401838362216949462890625" lon="23.55150547809898853302001953125">
        <ele>740.79998779296875</ele>
        <time>2024-10-27T10:28:53.000Z</time>
        <extensions>
          <ns3:TrackPointExtension>
            <ns3:hr>94</ns3:hr>
            <ns3:cad>43</ns3:cad>
          </ns3:TrackPointExtension>
        </extensions>
      </trkpt>
      <trkpt lat="46.69730613939464092254638671875" lon="23.551512770354747772216796875">
        <ele>741.20001220703125</ele>
        <time>2024-10-27T10:28:54.000Z</time>
        <extensions>
          <ns3:TrackPointExtension>
            <ns3:hr>95</ns3:hr>
            <ns3:cad>43</ns3:cad>
          </ns3:TrackPointExtension>
        </extensions>
      </trkpt>
      <trkpt lat="46.6972929798066616058349609375" lon="23.551525175571441650390625">
        <ele>741.5999755859375</ele>
        <time>2024-10-27T10:28:56.000Z</time>
        <extensions>
          <ns3:TrackPointExtension>
            <ns3:hr>96</ns3:hr>
            <ns3:cad>43</ns3:cad>
          </ns3:TrackPointExtension>
        </extensions>
      </trkpt>
      <trkpt lat="46.69725232757627964019775390625" lon="23.5515479743480682373046875">
        <ele>742.20001220703125</ele>
        <time>2024-10-27T10:29:01.000Z</time>
        <extensions>
          <ns3:TrackPointExtension>
            <ns3:hr>99</ns3:hr>
            <ns3:cad>42</ns3:cad>
          </ns3:TrackPointExtension>
        </extensions>
      </trkpt>
      <trkpt lat="46.6972420178353786468505859375" lon="23.5515508241951465606689453125">
        <ele>742.4000244140625</ele>
        <time>2024-10-27T10:29:02.000Z</time>
        <extensions>
          <ns3:TrackPointExtension>
            <ns3:hr>99</ns3:hr>
            <ns3:cad>42</ns3:cad>
          </ns3:TrackPointExtension>
        </extensions>
      </trkpt>
      <trkpt lat="46.69720320962369441986083984375" lon="23.551563732326030731201171875">
        <ele>742.79998779296875</ele>
        <time>2024-10-27T10:29:07.000Z</time>
        <extensions>
          <ns3:TrackPointExtension>
            <ns3:hr>102</ns3:hr>
            <ns3:cad>42</ns3:cad>
          </ns3:TrackPointExtension>
        </extensions>
      </trkpt>
      <trkpt lat="46.6971719451248645782470703125" lon="23.55155442841351032257080078125">
        <ele>743.4000244140625</ele>
        <time>2024-10-27T10:29:11.000Z</time>
        <extensions>
          <ns3:TrackPointExtension>
            <ns3:hr>104</ns3:hr>
            <ns3:cad>42</ns3:cad>
          </ns3:TrackPointExtension>
        </extensions>
      </trkpt>
      <trkpt lat="46.697136573493480682373046875" lon="23.5515437833964824676513671875">
        <ele>744</ele>
        <time>2024-10-27T10:29:15.000Z</time>
        <extensions>
          <ns3:TrackPointExtension>
            <ns3:hr>105</ns3:hr>
            <ns3:cad>41</ns3:cad>
          </ns3:TrackPointExtension>
        </extensions>
      </trkpt>
      <trkpt lat="46.6970961727201938629150390625" lon="23.55154789052903652191162109375">
        <ele>744.5999755859375</ele>
        <time>2024-10-27T10:29:19.000Z</time>
        <extensions>
          <ns3:TrackPointExtension>
            <ns3:hr>105</ns3:hr>
            <ns3:cad>42</ns3:cad>
          </ns3:TrackPointExtension>
        </extensions>
      </trkpt>
      <trkpt lat="46.697062142193317413330078125" lon="23.55154587887227535247802734375">
        <ele>745.20001220703125</ele>
        <time>2024-10-27T10:29:23.000Z</time>
        <extensions>
          <ns3:TrackPointExtension>
            <ns3:hr>105</ns3:hr>
            <ns3:cad>42</ns3:cad>
          </ns3:TrackPointExtension>
        </extensions>
      </trkpt>
      <trkpt lat="46.69701151549816131591796875" lon="23.55153699405491352081298828125">
        <ele>745.79998779296875</ele>
        <time>2024-10-27T10:29:28.000Z</time>
        <extensions>
          <ns3:TrackPointExtension>
            <ns3:hr>106</ns3:hr>
            <ns3:cad>43</ns3:cad>
          </ns3:TrackPointExtension>
        </extensions>
      </trkpt>
      <trkpt lat="46.6969768144190311431884765625" lon="23.55151738040149211883544921875">
        <ele>746</ele>
        <time>2024-10-27T10:29:32.000Z</time>
        <extensions>
          <ns3:TrackPointExtension>
            <ns3:hr>108</ns3:hr>
            <ns3:cad>43</ns3:cad>
          </ns3:TrackPointExtension>
        </extensions>
      </trkpt>
      <trkpt lat="46.696907579898834228515625" lon="23.55148653499782085418701171875">
        <ele>746.79998779296875</ele>
        <time>2024-10-27T10:29:42.000Z</time>
        <extensions>
          <ns3:TrackPointExtension>
            <ns3:hr>106</ns3:hr>
            <ns3:cad>42</ns3:cad>
          </ns3:TrackPointExtension>
        </extensions>
      </trkpt>
      <trkpt lat="46.69690095819532871246337890625" lon="23.5514844395220279693603515625">
        <ele>746.79998779296875</ele>
        <time>2024-10-27T10:29:43.000Z</time>
        <extensions>
          <ns3:TrackPointExtension>
            <ns3:hr>106</ns3:hr>
            <ns3:cad>42</ns3:cad>
          </ns3:TrackPointExtension>
        </extensions>
      </trkpt>
      <trkpt lat="46.69682267121970653533935546875" lon="23.55147345922887325286865234375">
        <ele>747.79998779296875</ele>
        <time>2024-10-27T10:29:53.000Z</time>
        <extensions>
          <ns3:TrackPointExtension>
            <ns3:hr>105</ns3:hr>
            <ns3:cad>44</ns3:cad>
          </ns3:TrackPointExtension>
        </extensions>
      </trkpt>
      <trkpt lat="46.69674539007246494293212890625" lon="23.5514594614505767822265625">
        <ele>747.79998779296875</ele>
        <time>2024-10-27T10:30:01.000Z</time>
        <extensions>
          <ns3:TrackPointExtension>
            <ns3:hr>105</ns3:hr>
            <ns3:cad>41</ns3:cad>
          </ns3:TrackPointExtension>
        </extensions>
      </trkpt>
      <trkpt lat="46.69673734344542026519775390625" lon="23.551458455622196197509765625">
        <ele>747.79998779296875</ele>
        <time>2024-10-27T10:30:02.000Z</time>
        <extensions>
          <ns3:TrackPointExtension>
            <ns3:hr>105</ns3:hr>
            <ns3:cad>79</ns3:cad>
          </ns3:TrackPointExtension>
        </extensions>
      </trkpt>
      <trkpt lat="46.69663734734058380126953125" lon="23.55144361965358257293701171875">
        <ele>748.20001220703125</ele>
        <time>2024-10-27T10:30:10.000Z</time>
        <extensions>
          <ns3:TrackPointExtension>
            <ns3:hr>102</ns3:hr>
            <ns3:cad>40</ns3:cad>
          </ns3:TrackPointExtension>
        </extensions>
      </trkpt>
      <trkpt lat="46.69661312364041805267333984375" lon="23.55143439956009387969970703125">
        <ele>748.4000244140625</ele>
        <time>2024-10-27T10:30:13.000Z</time>
        <extensions>
          <ns3:TrackPointExtension>
            <ns3:hr>102</ns3:hr>
            <ns3:cad>41</ns3:cad>
          </ns3:TrackPointExtension>
        </extensions>
      </trkpt>
      <trkpt lat="46.69658060185611248016357421875" lon="23.55141981504857540130615234375">
        <ele>748.79998779296875</ele>
        <time>2024-10-27T10:30:19.000Z</time>
        <extensions>
          <ns3:TrackPointExtension>
            <ns3:hr>101</ns3:hr>
            <ns3:cad>40</ns3:cad>
          </ns3:TrackPointExtension>
        </extensions>
      </trkpt>
      <trkpt lat="46.6965573839843273162841796875" lon="23.55141746811568737030029296875">
        <ele>749.20001220703125</ele>
        <time>2024-10-27T10:30:22.000Z</time>
        <extensions>
          <ns3:TrackPointExtension>
            <ns3:hr>101</ns3:hr>
            <ns3:cad>42</ns3:cad>
          </ns3:TrackPointExtension>
        </extensions>
      </trkpt>
      <trkpt lat="46.696473062038421630859375" lon="23.5514435358345508575439453125">
        <ele>749.5999755859375</ele>
        <time>2024-10-27T10:30:30.000Z</time>
        <extensions>
          <ns3:TrackPointExtension>
            <ns3:hr>99</ns3:hr>
            <ns3:cad>42</ns3:cad>
          </ns3:TrackPointExtension>
        </extensions>
      </trkpt>
      <trkpt lat="46.6964397020637989044189453125" lon="23.55148720555007457733154296875">
        <ele>749.79998779296875</ele>
        <time>2024-10-27T10:30:37.000Z</time>
        <extensions>
          <ns3:TrackPointExtension>
            <ns3:hr>98</ns3:hr>
            <ns3:cad>44</ns3:cad>
          </ns3:TrackPointExtension>
        </extensions>
      </trkpt>
      <trkpt lat="46.6964293085038661956787109375" lon="23.55151268653571605682373046875">
        <ele>750</ele>
        <time>2024-10-27T10:30:40.000Z</time>
        <extensions>
          <ns3:TrackPointExtension>
            <ns3:hr>99</ns3:hr>
            <ns3:cad>43</ns3:cad>
          </ns3:TrackPointExtension>
        </extensions>
      </trkpt>
      <trkpt lat="46.696390919387340545654296875" lon="23.551588542759418487548828125">
        <ele>750.79998779296875</ele>
        <time>2024-10-27T10:30:49.000Z</time>
        <extensions>
          <ns3:TrackPointExtension>
            <ns3:hr>98</ns3:hr>
            <ns3:cad>41</ns3:cad>
          </ns3:TrackPointExtension>
        </extensions>
      </trkpt>
      <trkpt lat="46.69638882391154766082763671875" lon="23.5516118444502353668212890625">
        <ele>751</ele>
        <time>2024-10-27T10:30:52.000Z</time>
        <extensions>
          <ns3:TrackPointExtension>
            <ns3:hr>98</ns3:hr>
            <ns3:cad>41</ns3:cad>
          </ns3:TrackPointExtension>
        </extensions>
      </trkpt>
      <trkpt lat="46.69638312421739101409912109375" lon="23.55164243839681148529052734375">
        <ele>751.79998779296875</ele>
        <time>2024-10-27T10:30:56.000Z</time>
        <extensions>
          <ns3:TrackPointExtension>
            <ns3:hr>99</ns3:hr>
            <ns3:cad>41</ns3:cad>
          </ns3:TrackPointExtension>
        </extensions>
      </trkpt>
      <trkpt lat="46.69638027437031269073486328125" lon="23.55166942812502384185791015625">
        <ele>752.20001220703125</ele>
        <time>2024-10-27T10:30:58.000Z</time>
        <extensions>
          <ns3:TrackPointExtension>
            <ns3:hr>99</ns3:hr>
            <ns3:cad>41</ns3:cad>
          </ns3:TrackPointExtension>
        </extensions>
      </trkpt>
      <trkpt lat="46.696387566626071929931640625" lon="23.55171854607760906219482421875">
        <ele>753.20001220703125</ele>
        <time>2024-10-27T10:31:03.000Z</time>
        <extensions>
          <ns3:TrackPointExtension>
            <ns3:hr>99</ns3:hr>
            <ns3:cad>72</ns3:cad>
          </ns3:TrackPointExtension>
        </extensions>
      </trkpt>
      <trkpt lat="46.69638748280704021453857421875" lon="23.5517308674752712249755859375">
        <ele>753.4000244140625</ele>
        <time>2024-10-27T10:31:04.000Z</time>
        <extensions>
          <ns3:TrackPointExtension>
            <ns3:hr>99</ns3:hr>
            <ns3:cad>72</ns3:cad>
          </ns3:TrackPointExtension>
        </extensions>
      </trkpt>
      <trkpt lat="46.69639083556830883026123046875" lon="23.55175517499446868896484375">
        <ele>754.20001220703125</ele>
        <time>2024-10-27T10:31:08.000Z</time>
        <extensions>
          <ns3:TrackPointExtension>
            <ns3:hr>100</ns3:hr>
            <ns3:cad>69</ns3:cad>
          </ns3:TrackPointExtension>
        </extensions>
      </trkpt>
      <trkpt lat="46.69639804400503635406494140625" lon="23.5517757944762706756591796875">
        <ele>754.5999755859375</ele>
        <time>2024-10-27T10:31:11.000Z</time>
        <extensions>
          <ns3:TrackPointExtension>
            <ns3:hr>100</ns3:hr>
            <ns3:cad>75</ns3:cad>
          </ns3:TrackPointExtension>
        </extensions>
      </trkpt>
      <trkpt lat="46.69639921747148036956787109375" lon="23.55179515667259693145751953125">
        <ele>755.4000244140625</ele>
        <time>2024-10-27T10:31:14.000Z</time>
        <extensions>
          <ns3:TrackPointExtension>
            <ns3:hr>103</ns3:hr>
            <ns3:cad>71</ns3:cad>
          </ns3:TrackPointExtension>
        </extensions>
      </trkpt>
      <trkpt lat="46.69640055857598781585693359375" lon="23.55183002538979053497314453125">
        <ele>755.79998779296875</ele>
        <time>2024-10-27T10:31:17.000Z</time>
        <extensions>
          <ns3:TrackPointExtension>
            <ns3:hr>106</ns3:hr>
            <ns3:cad>68</ns3:cad>
          </ns3:TrackPointExtension>
        </extensions>
      </trkpt>
      <trkpt lat="46.69640575535595417022705078125" lon="23.55186522938311100006103515625">
        <ele>756.20001220703125</ele>
        <time>2024-10-27T10:31:21.000Z</time>
        <extensions>
          <ns3:TrackPointExtension>
            <ns3:hr>109</ns3:hr>
            <ns3:cad>68</ns3:cad>
          </ns3:TrackPointExtension>
        </extensions>
      </trkpt>
      <trkpt lat="46.69640726409852504730224609375" lon="23.55187092907726764678955078125">
        <ele>756.4000244140625</ele>
        <time>2024-10-27T10:31:22.000Z</time>
        <extensions>
          <ns3:TrackPointExtension>
            <ns3:hr>109</ns3:hr>
            <ns3:cad>70</ns3:cad>
          </ns3:TrackPointExtension>
        </extensions>
      </trkpt>
      <trkpt lat="46.6964219324290752410888671875" lon="23.55193932540714740753173828125">
        <ele>757.5999755859375</ele>
        <time>2024-10-27T10:31:29.000Z</time>
        <extensions>
          <ns3:TrackPointExtension>
            <ns3:hr>111</ns3:hr>
            <ns3:cad>72</ns3:cad>
          </ns3:TrackPointExtension>
        </extensions>
      </trkpt>
      <trkpt lat="46.69642168097198009490966796875" lon="23.5519635491073131561279296875">
        <ele>758.20001220703125</ele>
        <time>2024-10-27T10:31:32.000Z</time>
        <extensions>
          <ns3:TrackPointExtension>
            <ns3:hr>112</ns3:hr>
            <ns3:cad>74</ns3:cad>
          </ns3:TrackPointExtension>
        </extensions>
      </trkpt>
      <trkpt lat="46.69641816057264804840087890625" lon="23.551970086991786956787109375">
        <ele>758.79998779296875</ele>
        <time>2024-10-27T10:31:35.000Z</time>
        <extensions>
          <ns3:TrackPointExtension>
            <ns3:hr>113</ns3:hr>
            <ns3:cad>74</ns3:cad>
          </ns3:TrackPointExtension>
        </extensions>
      </trkpt>
      <trkpt lat="46.6964152269065380096435546875" lon="23.55198324657976627349853515625">
        <ele>758.79998779296875</ele>
        <time>2024-10-27T10:31:37.000Z</time>
        <extensions>
          <ns3:TrackPointExtension>
            <ns3:hr>116</ns3:hr>
            <ns3:cad>74</ns3:cad>
          </ns3:TrackPointExtension>
        </extensions>
      </trkpt>
      <trkpt lat="46.6964132152497768402099609375" lon="23.55198341421782970428466796875">
        <ele>759.20001220703125</ele>
        <time>2024-10-27T10:31:39.000Z</time>
        <extensions>
          <ns3:TrackPointExtension>
            <ns3:hr>113</ns3:hr>
            <ns3:cad>73</ns3:cad>
          </ns3:TrackPointExtension>
        </extensions>
      </trkpt>
      <trkpt lat="46.696461327373981475830078125" lon="23.552063293755054473876953125">
        <ele>759.79998779296875</ele>
        <time>2024-10-27T10:31:47.000Z</time>
        <extensions>
          <ns3:TrackPointExtension>
            <ns3:hr>112</ns3:hr>
            <ns3:cad>68</ns3:cad>
          </ns3:TrackPointExtension>
        </extensions>
      </trkpt>
      <trkpt lat="46.69646434485912322998046875" lon="23.552072010934352874755859375">
        <ele>759.79998779296875</ele>
        <time>2024-10-27T10:31:48.000Z</time>
        <extensions>
          <ns3:TrackPointExtension>
            <ns3:hr>112</ns3:hr>
            <ns3:cad>68</ns3:cad>
          </ns3:TrackPointExtension>
        </extensions>
      </trkpt>
      <trkpt lat="46.696460656821727752685546875" lon="23.55208751745522022247314453125">
        <ele>760.5999755859375</ele>
        <time>2024-10-27T10:31:52.000Z</time>
        <extensions>
          <ns3:TrackPointExtension>
            <ns3:hr>109</ns3:hr>
            <ns3:cad>67</ns3:cad>
          </ns3:TrackPointExtension>
        </extensions>
      </trkpt>
      <trkpt lat="46.69645420275628566741943359375" lon="23.5520896129310131072998046875">
        <ele>761</ele>
        <time>2024-10-27T10:31:54.000Z</time>
        <extensions>
          <ns3:TrackPointExtension>
            <ns3:hr>109</ns3:hr>
            <ns3:cad>63</ns3:cad>
          </ns3:TrackPointExtension>
        </extensions>
      </trkpt>
      <trkpt lat="46.6964531131088733673095703125" lon="23.55210428126156330108642578125">
        <ele>761.4000244140625</ele>
        <time>2024-10-27T10:31:57.000Z</time>
        <extensions>
          <ns3:TrackPointExtension>
            <ns3:hr>111</ns3:hr>
            <ns3:cad>0</ns3:cad>
          </ns3:TrackPointExtension>
        </extensions>
      </trkpt>
      <trkpt lat="46.69644766487181186676025390625" lon="23.5521375574171543121337890625">
        <ele>762.20001220703125</ele>
        <time>2024-10-27T10:32:03.000Z</time>
        <extensions>
          <ns3:TrackPointExtension>
            <ns3:hr>112</ns3:hr>
            <ns3:cad>0</ns3:cad>
          </ns3:TrackPointExtension>
        </extensions>
      </trkpt>
      <trkpt lat="46.69644867070019245147705078125" lon="23.55214099399745464324951171875">
        <ele>762.79998779296875</ele>
        <time>2024-10-27T10:32:05.000Z</time>
        <extensions>
          <ns3:TrackPointExtension>
            <ns3:hr>112</ns3:hr>
            <ns3:cad>0</ns3:cad>
          </ns3:TrackPointExtension>
        </extensions>
      </trkpt>
      <trkpt lat="46.69644883833825588226318359375" lon="23.552155159413814544677734375">
        <ele>763.20001220703125</ele>
        <time>2024-10-27T10:32:07.000Z</time>
        <extensions>
          <ns3:TrackPointExtension>
            <ns3:hr>113</ns3:hr>
            <ns3:cad>63</ns3:cad>
          </ns3:TrackPointExtension>
        </extensions>
      </trkpt>
      <trkpt lat="46.69645369984209537506103515625" lon="23.5521791316568851470947265625">
        <ele>764</ele>
        <time>2024-10-27T10:32:11.000Z</time>
        <extensions>
          <ns3:TrackPointExtension>
            <ns3:hr>114</ns3:hr>
            <ns3:cad>63</ns3:cad>
          </ns3:TrackPointExtension>
        </extensions>
      </trkpt>
      <trkpt lat="46.69645185582339763641357421875" lon="23.55217787437140941619873046875">
        <ele>764.4000244140625</ele>
        <time>2024-10-27T10:32:13.000Z</time>
        <extensions>
          <ns3:TrackPointExtension>
            <ns3:hr>116</ns3:hr>
            <ns3:cad>63</ns3:cad>
          </ns3:TrackPointExtension>
        </extensions>
      </trkpt>
      <trkpt lat="46.69645923189818859100341796875" lon="23.55221441946923732757568359375">
        <ele>765.4000244140625</ele>
        <time>2024-10-27T10:32:19.000Z</time>
        <extensions>
          <ns3:TrackPointExtension>
            <ns3:hr>118</ns3:hr>
            <ns3:cad>0</ns3:cad>
          </ns3:TrackPointExtension>
        </extensions>
      </trkpt>
      <trkpt lat="46.6964594833552837371826171875" lon="23.55221944861114025115966796875">
        <ele>765.5999755859375</ele>
        <time>2024-10-27T10:32:20.000Z</time>
        <extensions>
          <ns3:TrackPointExtension>
            <ns3:hr>118</ns3:hr>
            <ns3:cad>0</ns3:cad>
          </ns3:TrackPointExtension>
        </extensions>
      </trkpt>
      <trkpt lat="46.69646359048783779144287109375" lon="23.55226454325020313262939453125">
        <ele>766.79998779296875</ele>
        <time>2024-10-27T10:32:26.000Z</time>
        <extensions>
          <ns3:TrackPointExtension>
            <ns3:hr>120</ns3:hr>
            <ns3:cad>57</ns3:cad>
          </ns3:TrackPointExtension>
        </extensions>
      </trkpt>
      <trkpt lat="46.69646291993558406829833984375" lon="23.55227275751531124114990234375">
        <ele>767</ele>
        <time>2024-10-27T10:32:28.000Z</time>
        <extensions>
          <ns3:TrackPointExtension>
            <ns3:hr>120</ns3:hr>
            <ns3:cad>0</ns3:cad>
          </ns3:TrackPointExtension>
        </extensions>
      </trkpt>
      <trkpt lat="46.69645839370787143707275390625" lon="23.552329838275909423828125">
        <ele>767.5999755859375</ele>
        <time>2024-10-27T10:32:34.000Z</time>
        <extensions>
          <ns3:TrackPointExtension>
            <ns3:hr>123</ns3:hr>
            <ns3:cad>41</ns3:cad>
          </ns3:TrackPointExtension>
        </extensions>
      </trkpt>
      <trkpt lat="46.6964564658701419830322265625" lon="23.552335202693939208984375">
        <ele>767.79998779296875</ele>
        <time>2024-10-27T10:32:35.000Z</time>
        <extensions>
          <ns3:TrackPointExtension>
            <ns3:hr>122</ns3:hr>
            <ns3:cad>41</ns3:cad>
          </ns3:TrackPointExtension>
        </extensions>
      </trkpt>
      <trkpt lat="46.6964557953178882598876953125" lon="23.552336208522319793701171875">
        <ele>768</ele>
        <time>2024-10-27T10:32:36.000Z</time>
        <extensions>
          <ns3:TrackPointExtension>
            <ns3:hr>122</ns3:hr>
            <ns3:cad>41</ns3:cad>
          </ns3:TrackPointExtension>
        </extensions>
      </trkpt>
      <trkpt lat="46.69643861241638660430908203125" lon="23.55235925875604152679443359375">
        <ele>769</ele>
        <time>2024-10-27T10:32:44.000Z</time>
        <extensions>
          <ns3:TrackPointExtension>
            <ns3:hr>120</ns3:hr>
            <ns3:cad>0</ns3:cad>
          </ns3:TrackPointExtension>
        </extensions>
      </trkpt>
      <trkpt lat="46.69643861241638660430908203125" lon="23.55235598981380462646484375">
        <ele>769</ele>
        <time>2024-10-27T10:32:46.000Z</time>
        <extensions>
          <ns3:TrackPointExtension>
            <ns3:hr>119</ns3:hr>
            <ns3:cad>0</ns3:cad>
          </ns3:TrackPointExtension>
        </extensions>
      </trkpt>
      <trkpt lat="46.69645319692790508270263671875" lon="23.55238909833133220672607421875">
        <ele>770.20001220703125</ele>
        <time>2024-10-27T10:32:53.000Z</time>
        <extensions>
          <ns3:TrackPointExtension>
            <ns3:hr>119</ns3:hr>
            <ns3:cad>0</ns3:cad>
          </ns3:TrackPointExtension>
        </extensions>
      </trkpt>
      <trkpt lat="46.6964725591242313385009765625" lon="23.55243352241814136505126953125">
        <ele>771.20001220703125</ele>
        <time>2024-10-27T10:33:00.000Z</time>
        <extensions>
          <ns3:TrackPointExtension>
            <ns3:hr>120</ns3:hr>
            <ns3:cad>0</ns3:cad>
          </ns3:TrackPointExtension>
        </extensions>
      </trkpt>
      <trkpt lat="46.69646929018199443817138671875" lon="23.5524349473416805267333984375">
        <ele>771.4000244140625</ele>
        <time>2024-10-27T10:33:01.000Z</time>
        <extensions>
          <ns3:TrackPointExtension>
            <ns3:hr>119</ns3:hr>
            <ns3:cad>0</ns3:cad>
          </ns3:TrackPointExtension>
        </extensions>
      </trkpt>
      <trkpt lat="46.69644481502473354339599609375" lon="23.5524795390665531158447265625">
        <ele>772.20001220703125</ele>
        <time>2024-10-27T10:33:07.000Z</time>
        <extensions>
          <ns3:TrackPointExtension>
            <ns3:hr>120</ns3:hr>
            <ns3:cad>62</ns3:cad>
          </ns3:TrackPointExtension>
        </extensions>
      </trkpt>
      <trkpt lat="46.6964376904070377349853515625" lon="23.5525077022612094879150390625">
        <ele>773</ele>
        <time>2024-10-27T10:33:11.000Z</time>
        <extensions>
          <ns3:TrackPointExtension>
            <ns3:hr>120</ns3:hr>
            <ns3:cad>64</ns3:cad>
          </ns3:TrackPointExtension>
        </extensions>
      </trkpt>
      <trkpt lat="46.69643056578934192657470703125" lon="23.55254131369292736053466796875">
        <ele>773.4000244140625</ele>
        <time>2024-10-27T10:33:15.000Z</time>
        <extensions>
          <ns3:TrackPointExtension>
            <ns3:hr>122</ns3:hr>
            <ns3:cad>0</ns3:cad>
          </ns3:TrackPointExtension>
        </extensions>
      </trkpt>
      <trkpt lat="46.69640424661338329315185546875" lon="23.55257148854434490203857421875">
        <ele>774</ele>
        <time>2024-10-27T10:33:19.000Z</time>
        <extensions>
          <ns3:TrackPointExtension>
            <ns3:hr>125</ns3:hr>
            <ns3:cad>56</ns3:cad>
          </ns3:TrackPointExtension>
        </extensions>
      </trkpt>
      <trkpt lat="46.69639594852924346923828125" lon="23.5525754280388355255126953125">
        <ele>774.20001220703125</ele>
        <time>2024-10-27T10:33:20.000Z</time>
        <extensions>
          <ns3:TrackPointExtension>
            <ns3:hr>125</ns3:hr>
            <ns3:cad>56</ns3:cad>
          </ns3:TrackPointExtension>
        </extensions>
      </trkpt>
      <trkpt lat="46.69637641869485378265380859375" lon="23.55257132090628147125244140625">
        <ele>774.5999755859375</ele>
        <time>2024-10-27T10:33:22.000Z</time>
        <extensions>
          <ns3:TrackPointExtension>
            <ns3:hr>126</ns3:hr>
            <ns3:cad>56</ns3:cad>
          </ns3:TrackPointExtension>
        </extensions>
      </trkpt>
      <trkpt lat="46.6963521949946880340576171875" lon="23.55255506001412868499755859375">
        <ele>775.79998779296875</ele>
        <time>2024-10-27T10:33:26.000Z</time>
        <extensions>
          <ns3:TrackPointExtension>
            <ns3:hr>125</ns3:hr>
            <ns3:cad>72</ns3:cad>
          </ns3:TrackPointExtension>
        </extensions>
      </trkpt>
      <trkpt lat="46.6963402926921844482421875" lon="23.55254315771162509918212890625">
        <ele>775.79998779296875</ele>
        <time>2024-10-27T10:33:27.000Z</time>
        <extensions>
          <ns3:TrackPointExtension>
            <ns3:hr>125</ns3:hr>
            <ns3:cad>74</ns3:cad>
          </ns3:TrackPointExtension>
        </extensions>
      </trkpt>
      <trkpt lat="46.69633023440837860107421875" lon="23.55252991430461406707763671875">
        <ele>776.79998779296875</ele>
        <time>2024-10-27T10:33:31.000Z</time>
        <extensions>
          <ns3:TrackPointExtension>
            <ns3:hr>122</ns3:hr>
            <ns3:cad>0</ns3:cad>
          </ns3:TrackPointExtension>
        </extensions>
      </trkpt>
      <trkpt lat="46.69633232988417148590087890625" lon="23.55252974666655063629150390625">
        <ele>777</ele>
        <time>2024-10-27T10:33:32.000Z</time>
        <extensions>
          <ns3:TrackPointExtension>
            <ns3:hr>122</ns3:hr>
            <ns3:cad>0</ns3:cad>
          </ns3:TrackPointExtension>
        </extensions>
      </trkpt>
      <trkpt lat="46.69633819721639156341552734375" lon="23.55252974666655063629150390625">
        <ele>777.4000244140625</ele>
        <time>2024-10-27T10:33:34.000Z</time>
        <extensions>
          <ns3:TrackPointExtension>
            <ns3:hr>122</ns3:hr>
            <ns3:cad>0</ns3:cad>
          </ns3:TrackPointExtension>
        </extensions>
      </trkpt>
      <trkpt lat="46.696333922445774078369140625" lon="23.5525623522698879241943359375">
        <ele>777.4000244140625</ele>
        <time>2024-10-27T10:33:41.000Z</time>
        <extensions>
          <ns3:TrackPointExtension>
            <ns3:hr>120</ns3:hr>
            <ns3:cad>0</ns3:cad>
          </ns3:TrackPointExtension>
        </extensions>
      </trkpt>
      <trkpt lat="46.69629863463342189788818359375" lon="23.5525804571807384490966796875">
        <ele>777.5999755859375</ele>
        <time>2024-10-27T10:33:45.000Z</time>
        <extensions>
          <ns3:TrackPointExtension>
            <ns3:hr>116</ns3:hr>
            <ns3:cad>0</ns3:cad>
          </ns3:TrackPointExtension>
        </extensions>
      </trkpt>
      <trkpt lat="46.6962611675262451171875" lon="23.5525891743600368499755859375">
        <ele>777.5999755859375</ele>
        <time>2024-10-27T10:33:48.000Z</time>
        <extensions>
          <ns3:TrackPointExtension>
            <ns3:hr>113</ns3:hr>
            <ns3:cad>76</ns3:cad>
          </ns3:TrackPointExtension>
        </extensions>
      </trkpt>
      <trkpt lat="46.6962532885372638702392578125" lon="23.55259110219776630401611328125">
        <ele>777.5999755859375</ele>
        <time>2024-10-27T10:33:49.000Z</time>
        <extensions>
          <ns3:TrackPointExtension>
            <ns3:hr>113</ns3:hr>
            <ns3:cad>77</ns3:cad>
          </ns3:TrackPointExtension>
        </extensions>
      </trkpt>
      <trkpt lat="46.69621380977332592010498046875" lon="23.5526025854051113128662109375">
        <ele>778</ele>
        <time>2024-10-27T10:33:54.000Z</time>
        <extensions>
          <ns3:TrackPointExtension>
            <ns3:hr>114</ns3:hr>
            <ns3:cad>40</ns3:cad>
          </ns3:TrackPointExtension>
        </extensions>
      </trkpt>
      <trkpt lat="46.696177013218402862548828125" lon="23.55262177996337413787841796875">
        <ele>778</ele>
        <time>2024-10-27T10:33:59.000Z</time>
        <extensions>
          <ns3:TrackPointExtension>
            <ns3:hr>114</ns3:hr>
            <ns3:cad>0</ns3:cad>
          </ns3:TrackPointExtension>
        </extensions>
      </trkpt>
      <trkpt lat="46.696122698485851287841796875" lon="23.552672825753688812255859375">
        <ele>777.5999755859375</ele>
        <time>2024-10-27T10:34:08.000Z</time>
        <extensions>
          <ns3:TrackPointExtension>
            <ns3:hr>111</ns3:hr>
            <ns3:cad>51</ns3:cad>
          </ns3:TrackPointExtension>
        </extensions>
      </trkpt>
      <trkpt lat="46.69609026052057743072509765625" lon="23.552706353366374969482421875">
        <ele>778.20001220703125</ele>
        <time>2024-10-27T10:34:13.000Z</time>
        <extensions>
          <ns3:TrackPointExtension>
            <ns3:hr>108</ns3:hr>
            <ns3:cad>43</ns3:cad>
          </ns3:TrackPointExtension>
        </extensions>
      </trkpt>
      <trkpt lat="46.69605539180338382720947265625" lon="23.5527350194752216339111328125">
        <ele>778.5999755859375</ele>
        <time>2024-10-27T10:34:17.000Z</time>
        <extensions>
          <ns3:TrackPointExtension>
            <ns3:hr>108</ns3:hr>
            <ns3:cad>41</ns3:cad>
          </ns3:TrackPointExtension>
        </extensions>
      </trkpt>
      <trkpt lat="46.69603594578802585601806640625" lon="23.5527464188635349273681640625">
        <ele>779</ele>
        <time>2024-10-27T10:34:19.000Z</time>
        <extensions>
          <ns3:TrackPointExtension>
            <ns3:hr>102</ns3:hr>
            <ns3:cad>41</ns3:cad>
          </ns3:TrackPointExtension>
        </extensions>
      </trkpt>
      <trkpt lat="46.69602571986615657806396484375" lon="23.55275220237672328948974609375">
        <ele>779.20001220703125</ele>
        <time>2024-10-27T10:34:20.000Z</time>
        <extensions>
          <ns3:TrackPointExtension>
            <ns3:hr>102</ns3:hr>
            <ns3:cad>41</ns3:cad>
          </ns3:TrackPointExtension>
        </extensions>
      </trkpt>
      <trkpt lat="46.69598481617867946624755859375" lon="23.55277835391461849212646484375">
        <ele>779.5999755859375</ele>
        <time>2024-10-27T10:34:25.000Z</time>
        <extensions>
          <ns3:TrackPointExtension>
            <ns3:hr>101</ns3:hr>
            <ns3:cad>42</ns3:cad>
          </ns3:TrackPointExtension>
        </extensions>
      </trkpt>
      <trkpt lat="46.69590719975531101226806640625" lon="23.5528124682605266571044921875">
        <ele>780</ele>
        <time>2024-10-27T10:34:34.000Z</time>
        <extensions>
          <ns3:TrackPointExtension>
            <ns3:hr>98</ns3:hr>
            <ns3:cad>44</ns3:cad>
          </ns3:TrackPointExtension>
        </extensions>
      </trkpt>
      <trkpt lat="46.69589915312826633453369140625" lon="23.55281640775501728057861328125">
        <ele>780</ele>
        <time>2024-10-27T10:34:35.000Z</time>
        <extensions>
          <ns3:TrackPointExtension>
            <ns3:hr>95</ns3:hr>
            <ns3:cad>44</ns3:cad>
          </ns3:TrackPointExtension>
        </extensions>
      </trkpt>
      <trkpt lat="46.6958616860210895538330078125" lon="23.55284658260643482208251953125">
        <ele>780.20001220703125</ele>
        <time>2024-10-27T10:34:40.000Z</time>
        <extensions>
          <ns3:TrackPointExtension>
            <ns3:hr>95</ns3:hr>
            <ns3:cad>43</ns3:cad>
          </ns3:TrackPointExtension>
        </extensions>
      </trkpt>
      <trkpt lat="46.695817597210407257080078125" lon="23.55286418460309505462646484375">
        <ele>780.20001220703125</ele>
        <time>2024-10-27T10:34:44.000Z</time>
        <extensions>
          <ns3:TrackPointExtension>
            <ns3:hr>95</ns3:hr>
            <ns3:cad>42</ns3:cad>
          </ns3:TrackPointExtension>
        </extensions>
      </trkpt>
      <trkpt lat="46.69577593915164470672607421875" lon="23.5528875701129436492919921875">
        <ele>780.20001220703125</ele>
        <time>2024-10-27T10:34:49.000Z</time>
        <extensions>
          <ns3:TrackPointExtension>
            <ns3:hr>98</ns3:hr>
            <ns3:cad>43</ns3:cad>
          </ns3:TrackPointExtension>
        </extensions>
      </trkpt>
      <trkpt lat="46.69574945233762264251708984375" lon="23.55289804749190807342529296875">
        <ele>779.5999755859375</ele>
        <time>2024-10-27T10:34:52.000Z</time>
        <extensions>
          <ns3:TrackPointExtension>
            <ns3:hr>101</ns3:hr>
            <ns3:cad>48</ns3:cad>
          </ns3:TrackPointExtension>
        </extensions>
      </trkpt>
      <trkpt lat="46.69573050923645496368408203125" lon="23.55290659703314304351806640625">
        <ele>779.5999755859375</ele>
        <time>2024-10-27T10:34:54.000Z</time>
        <extensions>
          <ns3:TrackPointExtension>
            <ns3:hr>102</ns3:hr>
            <ns3:cad>51</ns3:cad>
          </ns3:TrackPointExtension>
        </extensions>
      </trkpt>
      <trkpt lat="46.695691533386707305908203125" lon="23.55293325148522853851318359375">
        <ele>779.5999755859375</ele>
        <time>2024-10-27T10:35:00.000Z</time>
        <extensions>
          <ns3:TrackPointExtension>
            <ns3:hr>99</ns3:hr>
            <ns3:cad>49</ns3:cad>
          </ns3:TrackPointExtension>
        </extensions>
      </trkpt>
      <trkpt lat="46.69567820616066455841064453125" lon="23.552939705550670623779296875">
        <ele>780</ele>
        <time>2024-10-27T10:35:02.000Z</time>
        <extensions>
          <ns3:TrackPointExtension>
            <ns3:hr>99</ns3:hr>
            <ns3:cad>44</ns3:cad>
          </ns3:TrackPointExtension>
        </extensions>
      </trkpt>
      <trkpt lat="46.69558935798704624176025390625" lon="23.5529355145990848541259765625">
        <ele>780.79998779296875</ele>
        <time>2024-10-27T10:35:10.000Z</time>
        <extensions>
          <ns3:TrackPointExtension>
            <ns3:hr>100</ns3:hr>
            <ns3:cad>47</ns3:cad>
          </ns3:TrackPointExtension>
        </extensions>
      </trkpt>
      <trkpt lat="46.69551090337336063385009765625" lon="23.5529328323900699615478515625">
        <ele>781.20001220703125</ele>
        <time>2024-10-27T10:35:18.000Z</time>
        <extensions>
          <ns3:TrackPointExtension>
            <ns3:hr>98</ns3:hr>
            <ns3:cad>45</ns3:cad>
          </ns3:TrackPointExtension>
        </extensions>
      </trkpt>
      <trkpt lat="46.6954848356544971466064453125" lon="23.55294230394065380096435546875">
        <ele>781.20001220703125</ele>
        <time>2024-10-27T10:35:21.000Z</time>
        <extensions>
          <ns3:TrackPointExtension>
            <ns3:hr>97</ns3:hr>
            <ns3:cad>45</ns3:cad>
          </ns3:TrackPointExtension>
        </extensions>
      </trkpt>
      <trkpt lat="46.69540244154632091522216796875" lon="23.5529614984989166259765625">
        <ele>781.5999755859375</ele>
        <time>2024-10-27T10:35:29.000Z</time>
        <extensions>
          <ns3:TrackPointExtension>
            <ns3:hr>98</ns3:hr>
            <ns3:cad>44</ns3:cad>
          </ns3:TrackPointExtension>
        </extensions>
      </trkpt>
      <trkpt lat="46.6953436844050884246826171875" lon="23.55298790149390697479248046875">
        <ele>782.20001220703125</ele>
        <time>2024-10-27T10:35:36.000Z</time>
        <extensions>
          <ns3:TrackPointExtension>
            <ns3:hr>97</ns3:hr>
            <ns3:cad>43</ns3:cad>
          </ns3:TrackPointExtension>
        </extensions>
      </trkpt>
      <trkpt lat="46.69531644321978092193603515625" lon="23.55300080962479114532470703125">
        <ele>782.5999755859375</ele>
        <time>2024-10-27T10:35:39.000Z</time>
        <extensions>
          <ns3:TrackPointExtension>
            <ns3:hr>97</ns3:hr>
            <ns3:cad>43</ns3:cad>
          </ns3:TrackPointExtension>
        </extensions>
      </trkpt>
      <trkpt lat="46.695285178720951080322265625" lon="23.55301271192729473114013671875">
        <ele>783.20001220703125</ele>
        <time>2024-10-27T10:35:44.000Z</time>
        <extensions>
          <ns3:TrackPointExtension>
            <ns3:hr>99</ns3:hr>
            <ns3:cad>42</ns3:cad>
          </ns3:TrackPointExtension>
        </extensions>
      </trkpt>
      <trkpt lat="46.6952504776418209075927734375" lon="23.553027547895908355712890625">
        <ele>784</ele>
        <time>2024-10-27T10:35:48.000Z</time>
        <extensions>
          <ns3:TrackPointExtension>
            <ns3:hr>101</ns3:hr>
            <ns3:cad>41</ns3:cad>
          </ns3:TrackPointExtension>
        </extensions>
      </trkpt>
      <trkpt lat="46.69523052871227264404296875" lon="23.5530357621610164642333984375">
        <ele>784.4000244140625</ele>
        <time>2024-10-27T10:35:50.000Z</time>
        <extensions>
          <ns3:TrackPointExtension>
            <ns3:hr>103</ns3:hr>
            <ns3:cad>41</ns3:cad>
          </ns3:TrackPointExtension>
        </extensions>
      </trkpt>
      <trkpt lat="46.69518652372062206268310546875" lon="23.55306417681276798248291015625">
        <ele>785.4000244140625</ele>
        <time>2024-10-27T10:35:57.000Z</time>
        <extensions>
          <ns3:TrackPointExtension>
            <ns3:hr>103</ns3:hr>
            <ns3:cad>41</ns3:cad>
          </ns3:TrackPointExtension>
        </extensions>
      </trkpt>
      <trkpt lat="46.69517914764583110809326171875" lon="23.55306987650692462921142578125">
        <ele>785.4000244140625</ele>
        <time>2024-10-27T10:35:58.000Z</time>
        <extensions>
          <ns3:TrackPointExtension>
            <ns3:hr>103</ns3:hr>
            <ns3:cad>41</ns3:cad>
          </ns3:TrackPointExtension>
        </extensions>
      </trkpt>
      <trkpt lat="46.6951582767069339752197265625" lon="23.553121425211429595947265625">
        <ele>786.4000244140625</ele>
        <time>2024-10-27T10:36:06.000Z</time>
        <extensions>
          <ns3:TrackPointExtension>
            <ns3:hr>105</ns3:hr>
            <ns3:cad>42</ns3:cad>
          </ns3:TrackPointExtension>
        </extensions>
      </trkpt>
      <trkpt lat="46.6951542533934116363525390625" lon="23.553128130733966827392578125">
        <ele>786.5999755859375</ele>
        <time>2024-10-27T10:36:07.000Z</time>
        <extensions>
          <ns3:TrackPointExtension>
            <ns3:hr>105</ns3:hr>
            <ns3:cad>42</ns3:cad>
          </ns3:TrackPointExtension>
        </extensions>
      </trkpt>
      <trkpt lat="46.69508778490126132965087890625" lon="23.5531705431640148162841796875">
        <ele>787.79998779296875</ele>
        <time>2024-10-27T10:36:14.000Z</time>
        <extensions>
          <ns3:TrackPointExtension>
            <ns3:hr>107</ns3:hr>
            <ns3:cad>74</ns3:cad>
          </ns3:TrackPointExtension>
        </extensions>
      </trkpt>
      <trkpt lat="46.6950801573693752288818359375" lon="23.55317431502044200897216796875">
        <ele>788</ele>
        <time>2024-10-27T10:36:15.000Z</time>
        <extensions>
          <ns3:TrackPointExtension>
            <ns3:hr>107</ns3:hr>
            <ns3:cad>74</ns3:cad>
          </ns3:TrackPointExtension>
        </extensions>
      </trkpt>
      <trkpt lat="46.69506129808723926544189453125" lon="23.5531879775226116180419921875">
        <ele>788.79998779296875</ele>
        <time>2024-10-27T10:36:20.000Z</time>
        <extensions>
          <ns3:TrackPointExtension>
            <ns3:hr>110</ns3:hr>
            <ns3:cad>41</ns3:cad>
          </ns3:TrackPointExtension>
        </extensions>
      </trkpt>
      <trkpt lat="46.695045121014118194580078125" lon="23.553194515407085418701171875">
        <ele>789.4000244140625</ele>
        <time>2024-10-27T10:36:23.000Z</time>
        <extensions>
          <ns3:TrackPointExtension>
            <ns3:hr>112</ns3:hr>
            <ns3:cad>79</ns3:cad>
          </ns3:TrackPointExtension>
        </extensions>
      </trkpt>
      <trkpt lat="46.695028357207775115966796875" lon="23.55322058312594890594482421875">
        <ele>789.79998779296875</ele>
        <time>2024-10-27T10:36:27.000Z</time>
        <extensions>
          <ns3:TrackPointExtension>
            <ns3:hr>113</ns3:hr>
            <ns3:cad>40</ns3:cad>
          </ns3:TrackPointExtension>
        </extensions>
      </trkpt>
      <trkpt lat="46.6949889622628688812255859375" lon="23.553252182900905609130859375">
        <ele>790.79998779296875</ele>
        <time>2024-10-27T10:36:33.000Z</time>
        <extensions>
          <ns3:TrackPointExtension>
            <ns3:hr>114</ns3:hr>
            <ns3:cad>40</ns3:cad>
          </ns3:TrackPointExtension>
        </extensions>
      </trkpt>
      <trkpt lat="46.69498267583549022674560546875" lon="23.55325712822377681732177734375">
        <ele>791</ele>
        <time>2024-10-27T10:36:34.000Z</time>
        <extensions>
          <ns3:TrackPointExtension>
            <ns3:hr>114</ns3:hr>
            <ns3:cad>40</ns3:cad>
          </ns3:TrackPointExtension>
        </extensions>
      </trkpt>
      <trkpt lat="46.6949594579637050628662109375" lon="23.55329082347452640533447265625">
        <ele>792</ele>
        <time>2024-10-27T10:36:39.000Z</time>
        <extensions>
          <ns3:TrackPointExtension>
            <ns3:hr>115</ns3:hr>
            <ns3:cad>77</ns3:cad>
          </ns3:TrackPointExtension>
        </extensions>
      </trkpt>
      <trkpt lat="46.6949534229934215545654296875" lon="23.5533006303012371063232421875">
        <ele>792.4000244140625</ele>
        <time>2024-10-27T10:36:42.000Z</time>
        <extensions>
          <ns3:TrackPointExtension>
            <ns3:hr>115</ns3:hr>
            <ns3:cad>79</ns3:cad>
          </ns3:TrackPointExtension>
        </extensions>
      </trkpt>
      <trkpt lat="46.69491008855402469635009765625" lon="23.55333524756133556365966796875">
        <ele>793</ele>
        <time>2024-10-27T10:36:48.000Z</time>
        <extensions>
          <ns3:TrackPointExtension>
            <ns3:hr>115</ns3:hr>
            <ns3:cad>78</ns3:cad>
          </ns3:TrackPointExtension>
        </extensions>
      </trkpt>
      <trkpt lat="46.6948756389319896697998046875" lon="23.55335838161408901214599609375">
        <ele>793.20001220703125</ele>
        <time>2024-10-27T10:36:52.000Z</time>
        <extensions>
          <ns3:TrackPointExtension>
            <ns3:hr>116</ns3:hr>
            <ns3:cad>79</ns3:cad>
          </ns3:TrackPointExtension>
        </extensions>
      </trkpt>
      <trkpt lat="46.69486583210527896881103515625" lon="23.55336357839405536651611328125">
        <ele>793.20001220703125</ele>
        <time>2024-10-27T10:36:54.000Z</time>
        <extensions>
          <ns3:TrackPointExtension>
            <ns3:hr>119</ns3:hr>
            <ns3:cad>79</ns3:cad>
          </ns3:TrackPointExtension>
        </extensions>
      </trkpt>
      <trkpt lat="46.694831885397434234619140625" lon="23.5533914901316165924072265625">
        <ele>793.79998779296875</ele>
        <time>2024-10-27T10:36:59.000Z</time>
        <extensions>
          <ns3:TrackPointExtension>
            <ns3:hr>115</ns3:hr>
            <ns3:cad>0</ns3:cad>
          </ns3:TrackPointExtension>
        </extensions>
      </trkpt>
      <trkpt lat="46.69481788761913776397705078125" lon="23.553403727710247039794921875">
        <ele>794</ele>
        <time>2024-10-27T10:37:01.000Z</time>
        <extensions>
          <ns3:TrackPointExtension>
            <ns3:hr>116</ns3:hr>
            <ns3:cad>0</ns3:cad>
          </ns3:TrackPointExtension>
        </extensions>
      </trkpt>
      <trkpt lat="46.6948152892291545867919921875" lon="23.553403727710247039794921875">
        <ele>794</ele>
        <time>2024-10-27T10:37:02.000Z</time>
        <extensions>
          <ns3:TrackPointExtension>
            <ns3:hr>116</ns3:hr>
            <ns3:cad>0</ns3:cad>
          </ns3:TrackPointExtension>
        </extensions>
      </trkpt>
      <trkpt lat="46.69480405747890472412109375" lon="23.5534401051700115203857421875">
        <ele>794</ele>
        <time>2024-10-27T10:37:10.000Z</time>
        <extensions>
          <ns3:TrackPointExtension>
            <ns3:hr>113</ns3:hr>
            <ns3:cad>0</ns3:cad>
          </ns3:TrackPointExtension>
        </extensions>
      </trkpt>
      <trkpt lat="46.69480296783149242401123046875" lon="23.5534471459686756134033203125">
        <ele>794</ele>
        <time>2024-10-27T10:37:11.000Z</time>
        <extensions>
          <ns3:TrackPointExtension>
            <ns3:hr>107</ns3:hr>
            <ns3:cad>0</ns3:cad>
          </ns3:TrackPointExtension>
        </extensions>
      </trkpt>
      <trkpt lat="46.6948015429079532623291015625" lon="23.5534575395286083221435546875">
        <ele>794</ele>
        <time>2024-10-27T10:37:12.000Z</time>
        <extensions>
          <ns3:TrackPointExtension>
            <ns3:hr>107</ns3:hr>
            <ns3:cad>0</ns3:cad>
          </ns3:TrackPointExtension>
        </extensions>
      </trkpt>
      <trkpt lat="46.694815456867218017578125" lon="23.5534603893756866455078125">
        <ele>794.20001220703125</ele>
        <time>2024-10-27T10:37:18.000Z</time>
        <extensions>
          <ns3:TrackPointExtension>
            <ns3:hr>104</ns3:hr>
            <ns3:cad>0</ns3:cad>
          </ns3:TrackPointExtension>
        </extensions>
      </trkpt>
      <trkpt lat="46.69480984099209308624267578125" lon="23.55344940908253192901611328125">
        <ele>794.20001220703125</ele>
        <time>2024-10-27T10:37:20.000Z</time>
        <extensions>
          <ns3:TrackPointExtension>
            <ns3:hr>102</ns3:hr>
            <ns3:cad>0</ns3:cad>
          </ns3:TrackPointExtension>
        </extensions>
      </trkpt>
      <trkpt lat="46.69484202750027179718017578125" lon="23.5534427873790264129638671875">
        <ele>794.20001220703125</ele>
        <time>2024-10-27T10:37:28.000Z</time>
        <extensions>
          <ns3:TrackPointExtension>
            <ns3:hr>101</ns3:hr>
            <ns3:cad>0</ns3:cad>
          </ns3:TrackPointExtension>
        </extensions>
      </trkpt>
      <trkpt lat="46.69484403915703296661376953125" lon="23.5534528456628322601318359375">
        <ele>794.20001220703125</ele>
        <time>2024-10-27T10:37:33.000Z</time>
        <extensions>
          <ns3:TrackPointExtension>
            <ns3:hr>98</ns3:hr>
            <ns3:cad>0</ns3:cad>
          </ns3:TrackPointExtension>
        </extensions>
      </trkpt>
      <trkpt lat="46.69483532197773456573486328125" lon="23.553449995815753936767578125">
        <ele>794.20001220703125</ele>
        <time>2024-10-27T10:37:36.000Z</time>
        <extensions>
          <ns3:TrackPointExtension>
            <ns3:hr>96</ns3:hr>
            <ns3:cad>0</ns3:cad>
          </ns3:TrackPointExtension>
        </extensions>
      </trkpt>
      <trkpt lat="46.69478503055870532989501953125" lon="23.5534840263426303863525390625">
        <ele>793.20001220703125</ele>
        <time>2024-10-27T10:37:45.000Z</time>
        <extensions>
          <ns3:TrackPointExtension>
            <ns3:hr>98</ns3:hr>
            <ns3:cad>49</ns3:cad>
          </ns3:TrackPointExtension>
        </extensions>
      </trkpt>
      <trkpt lat="46.69476357288658618927001953125" lon="23.55349550954997539520263671875">
        <ele>792.79998779296875</ele>
        <time>2024-10-27T10:37:47.000Z</time>
        <extensions>
          <ns3:TrackPointExtension>
            <ns3:hr>98</ns3:hr>
            <ns3:cad>49</ns3:cad>
          </ns3:TrackPointExtension>
        </extensions>
      </trkpt>
      <trkpt lat="46.69470791704952716827392578125" lon="23.55352669022977352142333984375">
        <ele>792</ele>
        <time>2024-10-27T10:37:52.000Z</time>
        <extensions>
          <ns3:TrackPointExtension>
            <ns3:hr>97</ns3:hr>
            <ns3:cad>50</ns3:cad>
          </ns3:TrackPointExtension>
        </extensions>
      </trkpt>
      <trkpt lat="46.69468469917774200439453125" lon="23.55356558226048946380615234375">
        <ele>791.79998779296875</ele>
        <time>2024-10-27T10:37:56.000Z</time>
        <extensions>
          <ns3:TrackPointExtension>
            <ns3:hr>94</ns3:hr>
            <ns3:cad>51</ns3:cad>
          </ns3:TrackPointExtension>
        </extensions>
      </trkpt>
      <trkpt lat="46.69467254541814327239990234375" lon="23.55360648594796657562255859375">
        <ele>792.5999755859375</ele>
        <time>2024-10-27T10:38:00.000Z</time>
        <extensions>
          <ns3:TrackPointExtension>
            <ns3:hr>92</ns3:hr>
            <ns3:cad>44</ns3:cad>
          </ns3:TrackPointExtension>
        </extensions>
      </trkpt>
      <trkpt lat="46.6946251876652240753173828125" lon="23.55372902937233448028564453125">
        <ele>793</ele>
        <time>2024-10-27T10:38:09.000Z</time>
        <extensions>
          <ns3:TrackPointExtension>
            <ns3:hr>94</ns3:hr>
            <ns3:cad>46</ns3:cad>
          </ns3:TrackPointExtension>
        </extensions>
      </trkpt>
      <trkpt lat="46.69457397423684597015380859375" lon="23.55381251312792301177978515625">
        <ele>792.5999755859375</ele>
        <time>2024-10-27T10:38:18.000Z</time>
        <extensions>
          <ns3:TrackPointExtension>
            <ns3:hr>94</ns3:hr>
            <ns3:cad>48</ns3:cad>
          </ns3:TrackPointExtension>
        </extensions>
      </trkpt>
      <trkpt lat="46.694507338106632232666015625" lon="23.55390253476798534393310546875">
        <ele>792</ele>
        <time>2024-10-27T10:38:28.000Z</time>
        <extensions>
          <ns3:TrackPointExtension>
            <ns3:hr>91</ns3:hr>
            <ns3:cad>48</ns3:cad>
          </ns3:TrackPointExtension>
        </extensions>
      </trkpt>
      <trkpt lat="46.6944666020572185516357421875" lon="23.5539272613823413848876953125">
        <ele>791.5999755859375</ele>
        <time>2024-10-27T10:38:32.000Z</time>
        <extensions>
          <ns3:TrackPointExtension>
            <ns3:hr>91</ns3:hr>
            <ns3:cad>49</ns3:cad>
          </ns3:TrackPointExtension>
        </extensions>
      </trkpt>
      <trkpt lat="46.69441186822950839996337890625" lon="23.5539896227419376373291015625">
        <ele>791</ele>
        <time>2024-10-27T10:38:39.000Z</time>
        <extensions>
          <ns3:TrackPointExtension>
            <ns3:hr>90</ns3:hr>
            <ns3:cad>49</ns3:cad>
          </ns3:TrackPointExtension>
        </extensions>
      </trkpt>
      <trkpt lat="46.69438621960580348968505859375" lon="23.55402457527816295623779296875">
        <ele>790.5999755859375</ele>
        <time>2024-10-27T10:38:42.000Z</time>
        <extensions>
          <ns3:TrackPointExtension>
            <ns3:hr>89</ns3:hr>
            <ns3:cad>48</ns3:cad>
          </ns3:TrackPointExtension>
        </extensions>
      </trkpt>
      <trkpt lat="46.69433467090129852294921875" lon="23.554062545299530029296875">
        <ele>790.20001220703125</ele>
        <time>2024-10-27T10:38:48.000Z</time>
        <extensions>
          <ns3:TrackPointExtension>
            <ns3:hr>88</ns3:hr>
            <ns3:cad>50</ns3:cad>
          </ns3:TrackPointExtension>
        </extensions>
      </trkpt>
      <trkpt lat="46.69421103782951831817626953125" lon="23.554127253592014312744140625">
        <ele>790.5999755859375</ele>
        <time>2024-10-27T10:38:59.000Z</time>
        <extensions>
          <ns3:TrackPointExtension>
            <ns3:hr>87</ns3:hr>
            <ns3:cad>48</ns3:cad>
          </ns3:TrackPointExtension>
        </extensions>
      </trkpt>
      <trkpt lat="46.69412772171199321746826171875" lon="23.554196991026401519775390625">
        <ele>790.79998779296875</ele>
        <time>2024-10-27T10:39:09.000Z</time>
        <extensions>
          <ns3:TrackPointExtension>
            <ns3:hr>90</ns3:hr>
            <ns3:cad>46</ns3:cad>
          </ns3:TrackPointExtension>
        </extensions>
      </trkpt>
      <trkpt lat="46.69411607086658477783203125" lon="23.55420914478600025177001953125">
        <ele>791</ele>
        <time>2024-10-27T10:39:11.000Z</time>
        <extensions>
          <ns3:TrackPointExtension>
            <ns3:hr>91</ns3:hr>
            <ns3:cad>46</ns3:cad>
          </ns3:TrackPointExtension>
        </extensions>
      </trkpt>
      <trkpt lat="46.69405697844922542572021484375" lon="23.5542984120547771453857421875">
        <ele>791.5999755859375</ele>
        <time>2024-10-27T10:39:20.000Z</time>
        <extensions>
          <ns3:TrackPointExtension>
            <ns3:hr>93</ns3:hr>
            <ns3:cad>43</ns3:cad>
          </ns3:TrackPointExtension>
        </extensions>
      </trkpt>
      <trkpt lat="46.694050021469593048095703125" lon="23.554308302700519561767578125">
        <ele>791.5999755859375</ele>
        <time>2024-10-27T10:39:21.000Z</time>
        <extensions>
          <ns3:TrackPointExtension>
            <ns3:hr>95</ns3:hr>
            <ns3:cad>43</ns3:cad>
          </ns3:TrackPointExtension>
        </extensions>
      </trkpt>
      <trkpt lat="46.69398757629096508026123046875" lon="23.55435364879667758941650390625">
        <ele>792.20001220703125</ele>
        <time>2024-10-27T10:39:27.000Z</time>
        <extensions>
          <ns3:TrackPointExtension>
            <ns3:hr>97</ns3:hr>
            <ns3:cad>44</ns3:cad>
          </ns3:TrackPointExtension>
        </extensions>
      </trkpt>
      <trkpt lat="46.69395069591701030731201171875" lon="23.55436605401337146759033203125">
        <ele>792.5999755859375</ele>
        <time>2024-10-27T10:39:30.000Z</time>
        <extensions>
          <ns3:TrackPointExtension>
            <ns3:hr>98</ns3:hr>
            <ns3:cad>43</ns3:cad>
          </ns3:TrackPointExtension>
        </extensions>
      </trkpt>
      <trkpt lat="46.69390241615474224090576171875" lon="23.55438868515193462371826171875">
        <ele>793.20001220703125</ele>
        <time>2024-10-27T10:39:35.000Z</time>
        <extensions>
          <ns3:TrackPointExtension>
            <ns3:hr>100</ns3:hr>
            <ns3:cad>43</ns3:cad>
          </ns3:TrackPointExtension>
        </extensions>
      </trkpt>
      <trkpt lat="46.69386452995240688323974609375" lon="23.55440075509250164031982421875">
        <ele>793.79998779296875</ele>
        <time>2024-10-27T10:39:39.000Z</time>
        <extensions>
          <ns3:TrackPointExtension>
            <ns3:hr>100</ns3:hr>
            <ns3:cad>41</ns3:cad>
          </ns3:TrackPointExtension>
        </extensions>
      </trkpt>
      <trkpt lat="46.6938292421400547027587890625" lon="23.55442657135426998138427734375">
        <ele>794.4000244140625</ele>
        <time>2024-10-27T10:39:44.000Z</time>
        <extensions>
          <ns3:TrackPointExtension>
            <ns3:hr>100</ns3:hr>
            <ns3:cad>42</ns3:cad>
          </ns3:TrackPointExtension>
        </extensions>
      </trkpt>
      <trkpt lat="46.693795882165431976318359375" lon="23.55444165877997875213623046875">
        <ele>795</ele>
        <time>2024-10-27T10:39:48.000Z</time>
        <extensions>
          <ns3:TrackPointExtension>
            <ns3:hr>102</ns3:hr>
            <ns3:cad>43</ns3:cad>
          </ns3:TrackPointExtension>
        </extensions>
      </trkpt>
      <trkpt lat="46.69378993101418018341064453125" lon="23.5544469393789768218994140625">
        <ele>795.20001220703125</ele>
        <time>2024-10-27T10:39:50.000Z</time>
        <extensions>
          <ns3:TrackPointExtension>
            <ns3:hr>105</ns3:hr>
            <ns3:cad>43</ns3:cad>
          </ns3:TrackPointExtension>
        </extensions>
      </trkpt>
      <trkpt lat="46.6937890090048313140869140625" lon="23.55445942841470241546630859375">
        <ele>795.5999755859375</ele>
        <time>2024-10-27T10:39:52.000Z</time>
        <extensions>
          <ns3:TrackPointExtension>
            <ns3:hr>106</ns3:hr>
            <ns3:cad>42</ns3:cad>
          </ns3:TrackPointExtension>
        </extensions>
      </trkpt>
      <trkpt lat="46.69374047778546810150146484375" lon="23.55447669513523578643798828125">
        <ele>796</ele>
        <time>2024-10-27T10:39:57.000Z</time>
        <extensions>
          <ns3:TrackPointExtension>
            <ns3:hr>108</ns3:hr>
            <ns3:cad>43</ns3:cad>
          </ns3:TrackPointExtension>
        </extensions>
      </trkpt>
      <trkpt lat="46.6937072016298770904541015625" lon="23.55448541231453418731689453125">
        <ele>796.4000244140625</ele>
        <time>2024-10-27T10:40:00.000Z</time>
        <extensions>
          <ns3:TrackPointExtension>
            <ns3:hr>107</ns3:hr>
            <ns3:cad>42</ns3:cad>
          </ns3:TrackPointExtension>
        </extensions>
      </trkpt>
      <trkpt lat="46.69365062378346920013427734375" lon="23.55451240204274654388427734375">
        <ele>797.20001220703125</ele>
        <time>2024-10-27T10:40:07.000Z</time>
        <extensions>
          <ns3:TrackPointExtension>
            <ns3:hr>106</ns3:hr>
            <ns3:cad>42</ns3:cad>
          </ns3:TrackPointExtension>
        </extensions>
      </trkpt>
      <trkpt lat="46.69362631626427173614501953125" lon="23.554522208869457244873046875">
        <ele>797.20001220703125</ele>
        <time>2024-10-27T10:40:10.000Z</time>
        <extensions>
          <ns3:TrackPointExtension>
            <ns3:hr>105</ns3:hr>
            <ns3:cad>41</ns3:cad>
          </ns3:TrackPointExtension>
        </extensions>
      </trkpt>
      <trkpt lat="46.69353537261486053466796875" lon="23.5545599274337291717529296875">
        <ele>798</ele>
        <time>2024-10-27T10:40:20.000Z</time>
        <extensions>
          <ns3:TrackPointExtension>
            <ns3:hr>104</ns3:hr>
            <ns3:cad>41</ns3:cad>
          </ns3:TrackPointExtension>
        </extensions>
      </trkpt>
      <trkpt lat="46.69352338649332523345947265625" lon="23.55458901263773441314697265625">
        <ele>798.20001220703125</ele>
        <time>2024-10-27T10:40:23.000Z</time>
        <extensions>
          <ns3:TrackPointExtension>
            <ns3:hr>104</ns3:hr>
            <ns3:cad>43</ns3:cad>
          </ns3:TrackPointExtension>
        </extensions>
      </trkpt>
      <trkpt lat="46.6935253143310546875" lon="23.5546186007559299468994140625">
        <ele>798.79998779296875</ele>
        <time>2024-10-27T10:40:27.000Z</time>
        <extensions>
          <ns3:TrackPointExtension>
            <ns3:hr>107</ns3:hr>
            <ns3:cad>0</ns3:cad>
          </ns3:TrackPointExtension>
        </extensions>
      </trkpt>
      <trkpt lat="46.69352271594107151031494140625" lon="23.55462379753589630126953125">
        <ele>798.79998779296875</ele>
        <time>2024-10-27T10:40:28.000Z</time>
        <extensions>
          <ns3:TrackPointExtension>
            <ns3:hr>107</ns3:hr>
            <ns3:cad>0</ns3:cad>
          </ns3:TrackPointExtension>
        </extensions>
      </trkpt>
      <trkpt lat="46.69348751194775104522705078125" lon="23.554661013185977935791015625">
        <ele>799.4000244140625</ele>
        <time>2024-10-27T10:40:33.000Z</time>
        <extensions>
          <ns3:TrackPointExtension>
            <ns3:hr>106</ns3:hr>
            <ns3:cad>41</ns3:cad>
          </ns3:TrackPointExtension>
        </extensions>
      </trkpt>
      <trkpt lat="46.69344577006995677947998046875" lon="23.5546923615038394927978515625">
        <ele>800</ele>
        <time>2024-10-27T10:40:37.000Z</time>
        <extensions>
          <ns3:TrackPointExtension>
            <ns3:hr>106</ns3:hr>
            <ns3:cad>41</ns3:cad>
          </ns3:TrackPointExtension>
        </extensions>
      </trkpt>
      <trkpt lat="46.69341391883790493011474609375" lon="23.55471373535692691802978515625">
        <ele>800.4000244140625</ele>
        <time>2024-10-27T10:40:40.000Z</time>
        <extensions>
          <ns3:TrackPointExtension>
            <ns3:hr>105</ns3:hr>
            <ns3:cad>42</ns3:cad>
          </ns3:TrackPointExtension>
        </extensions>
      </trkpt>
      <trkpt lat="46.69339765794575214385986328125" lon="23.55473083443939685821533203125">
        <ele>800.79998779296875</ele>
        <time>2024-10-27T10:40:42.000Z</time>
        <extensions>
          <ns3:TrackPointExtension>
            <ns3:hr>101</ns3:hr>
            <ns3:cad>42</ns3:cad>
          </ns3:TrackPointExtension>
        </extensions>
      </trkpt>
      <trkpt lat="46.69336563907563686370849609375" lon="23.5547617636620998382568359375">
        <ele>801.20001220703125</ele>
        <time>2024-10-27T10:40:46.000Z</time>
        <extensions>
          <ns3:TrackPointExtension>
            <ns3:hr>105</ns3:hr>
            <ns3:cad>41</ns3:cad>
          </ns3:TrackPointExtension>
        </extensions>
      </trkpt>
      <trkpt lat="46.693358011543750762939453125" lon="23.55476805008947849273681640625">
        <ele>801.4000244140625</ele>
        <time>2024-10-27T10:40:47.000Z</time>
        <extensions>
          <ns3:TrackPointExtension>
            <ns3:hr>105</ns3:hr>
            <ns3:cad>41</ns3:cad>
          </ns3:TrackPointExtension>
        </extensions>
      </trkpt>
      <trkpt lat="46.6933362185955047607421875" lon="23.5547855682671070098876953125">
        <ele>801.4000244140625</ele>
        <time>2024-10-27T10:40:49.000Z</time>
        <extensions>
          <ns3:TrackPointExtension>
            <ns3:hr>106</ns3:hr>
            <ns3:cad>41</ns3:cad>
          </ns3:TrackPointExtension>
        </extensions>
      </trkpt>
      <trkpt lat="46.69331333599984645843505859375" lon="23.5548231191933155059814453125">
        <ele>802.20001220703125</ele>
        <time>2024-10-27T10:40:55.000Z</time>
        <extensions>
          <ns3:TrackPointExtension>
            <ns3:hr>108</ns3:hr>
            <ns3:cad>42</ns3:cad>
          </ns3:TrackPointExtension>
        </extensions>
      </trkpt>
      <trkpt lat="46.69329087249934673309326171875" lon="23.55486385524272918701171875">
        <ele>802.4000244140625</ele>
        <time>2024-10-27T10:40:59.000Z</time>
        <extensions>
          <ns3:TrackPointExtension>
            <ns3:hr>108</ns3:hr>
            <ns3:cad>0</ns3:cad>
          </ns3:TrackPointExtension>
        </extensions>
      </trkpt>
      <trkpt lat="46.6932750307023525238037109375" lon="23.55489042587578296661376953125">
        <ele>803</ele>
        <time>2024-10-27T10:41:02.000Z</time>
        <extensions>
          <ns3:TrackPointExtension>
            <ns3:hr>109</ns3:hr>
            <ns3:cad>0</ns3:cad>
          </ns3:TrackPointExtension>
        </extensions>
      </trkpt>
      <trkpt lat="46.69325374066829681396484375" lon="23.554909788072109222412109375">
        <ele>803.5999755859375</ele>
        <time>2024-10-27T10:41:05.000Z</time>
        <extensions>
          <ns3:TrackPointExtension>
            <ns3:hr>112</ns3:hr>
            <ns3:cad>44</ns3:cad>
          </ns3:TrackPointExtension>
        </extensions>
      </trkpt>
      <trkpt lat="46.6932153515517711639404296875" lon="23.5549436509609222412109375">
        <ele>804.20001220703125</ele>
        <time>2024-10-27T10:41:10.000Z</time>
        <extensions>
          <ns3:TrackPointExtension>
            <ns3:hr>110</ns3:hr>
            <ns3:cad>42</ns3:cad>
          </ns3:TrackPointExtension>
        </extensions>
      </trkpt>
      <trkpt lat="46.69318241067230701446533203125" lon="23.55499553494155406951904296875">
        <ele>804.5999755859375</ele>
        <time>2024-10-27T10:41:17.000Z</time>
        <extensions>
          <ns3:TrackPointExtension>
            <ns3:hr>110</ns3:hr>
            <ns3:cad>40</ns3:cad>
          </ns3:TrackPointExtension>
        </extensions>
      </trkpt>
      <trkpt lat="46.693172268569469451904296875" lon="23.5550091974437236785888671875">
        <ele>804.5999755859375</ele>
        <time>2024-10-27T10:41:18.000Z</time>
        <extensions>
          <ns3:TrackPointExtension>
            <ns3:hr>111</ns3:hr>
            <ns3:cad>43</ns3:cad>
          </ns3:TrackPointExtension>
        </extensions>
      </trkpt>
      <trkpt lat="46.693128682672977447509765625" lon="23.55503845028579235076904296875">
        <ele>805.20001220703125</ele>
        <time>2024-10-27T10:41:22.000Z</time>
        <extensions>
          <ns3:TrackPointExtension>
            <ns3:hr>111</ns3:hr>
            <ns3:cad>42</ns3:cad>
          </ns3:TrackPointExtension>
        </extensions>
      </trkpt>
      <trkpt lat="46.69309272430837154388427734375" lon="23.5550487600266933441162109375">
        <ele>805.5999755859375</ele>
        <time>2024-10-27T10:41:25.000Z</time>
        <extensions>
          <ns3:TrackPointExtension>
            <ns3:hr>110</ns3:hr>
            <ns3:cad>43</ns3:cad>
          </ns3:TrackPointExtension>
        </extensions>
      </trkpt>
      <trkpt lat="46.69308400712907314300537109375" lon="23.5550521127879619598388671875">
        <ele>805.5999755859375</ele>
        <time>2024-10-27T10:41:26.000Z</time>
        <extensions>
          <ns3:TrackPointExtension>
            <ns3:hr>110</ns3:hr>
            <ns3:cad>43</ns3:cad>
          </ns3:TrackPointExtension>
        </extensions>
      </trkpt>
      <trkpt lat="46.69300739653408527374267578125" lon="23.5551050864160060882568359375">
        <ele>805.5999755859375</ele>
        <time>2024-10-27T10:41:36.000Z</time>
        <extensions>
          <ns3:TrackPointExtension>
            <ns3:hr>110</ns3:hr>
            <ns3:cad>43</ns3:cad>
          </ns3:TrackPointExtension>
        </extensions>
      </trkpt>
      <trkpt lat="46.69292910955846309661865234375" lon="23.5551744885742664337158203125">
        <ele>805.5999755859375</ele>
        <time>2024-10-27T10:41:46.000Z</time>
        <extensions>
          <ns3:TrackPointExtension>
            <ns3:hr>109</ns3:hr>
            <ns3:cad>44</ns3:cad>
          </ns3:TrackPointExtension>
        </extensions>
      </trkpt>
      <trkpt lat="46.69283690862357616424560546875" lon="23.5552145540714263916015625">
        <ele>806.20001220703125</ele>
        <time>2024-10-27T10:41:54.000Z</time>
        <extensions>
          <ns3:TrackPointExtension>
            <ns3:hr>108</ns3:hr>
            <ns3:cad>43</ns3:cad>
          </ns3:TrackPointExtension>
        </extensions>
      </trkpt>
      <trkpt lat="46.69278192333877086639404296875" lon="23.55526878498494625091552734375">
        <ele>806.4000244140625</ele>
        <time>2024-10-27T10:42:00.000Z</time>
        <extensions>
          <ns3:TrackPointExtension>
            <ns3:hr>105</ns3:hr>
            <ns3:cad>44</ns3:cad>
          </ns3:TrackPointExtension>
        </extensions>
      </trkpt>
      <trkpt lat="46.69274185784161090850830078125" lon="23.5553250275552272796630859375">
        <ele>806.5999755859375</ele>
        <time>2024-10-27T10:42:05.000Z</time>
        <extensions>
          <ns3:TrackPointExtension>
            <ns3:hr>103</ns3:hr>
            <ns3:cad>42</ns3:cad>
          </ns3:TrackPointExtension>
        </extensions>
      </trkpt>
      <trkpt lat="46.6927268542349338531494140625" lon="23.55534221045672893524169921875">
        <ele>806.79998779296875</ele>
        <time>2024-10-27T10:42:07.000Z</time>
        <extensions>
          <ns3:TrackPointExtension>
            <ns3:hr>102</ns3:hr>
            <ns3:cad>43</ns3:cad>
          </ns3:TrackPointExtension>
        </extensions>
      </trkpt>
      <trkpt lat="46.69266474433243274688720703125" lon="23.55539132840931415557861328125">
        <ele>807.4000244140625</ele>
        <time>2024-10-27T10:42:15.000Z</time>
        <extensions>
          <ns3:TrackPointExtension>
            <ns3:hr>101</ns3:hr>
            <ns3:cad>43</ns3:cad>
          </ns3:TrackPointExtension>
        </extensions>
      </trkpt>
      <trkpt lat="46.69259182177484035491943359375" lon="23.55546710081398487091064453125">
        <ele>807.5999755859375</ele>
        <time>2024-10-27T10:42:25.000Z</time>
        <extensions>
          <ns3:TrackPointExtension>
            <ns3:hr>99</ns3:hr>
            <ns3:cad>42</ns3:cad>
          </ns3:TrackPointExtension>
        </extensions>
      </trkpt>
      <trkpt lat="46.69256986118853092193603515625" lon="23.55548076331615447998046875">
        <ele>807.79998779296875</ele>
        <time>2024-10-27T10:42:28.000Z</time>
        <extensions>
          <ns3:TrackPointExtension>
            <ns3:hr>98</ns3:hr>
            <ns3:cad>42</ns3:cad>
          </ns3:TrackPointExtension>
        </extensions>
      </trkpt>
      <trkpt lat="46.69249174185097217559814453125" lon="23.55552627705037593841552734375">
        <ele>808.4000244140625</ele>
        <time>2024-10-27T10:42:35.000Z</time>
        <extensions>
          <ns3:TrackPointExtension>
            <ns3:hr>98</ns3:hr>
            <ns3:cad>43</ns3:cad>
          </ns3:TrackPointExtension>
        </extensions>
      </trkpt>
      <trkpt lat="46.69245779514312744140625" lon="23.55555997230112552642822265625">
        <ele>808.79998779296875</ele>
        <time>2024-10-27T10:42:39.000Z</time>
        <extensions>
          <ns3:TrackPointExtension>
            <ns3:hr>100</ns3:hr>
            <ns3:cad>41</ns3:cad>
          </ns3:TrackPointExtension>
        </extensions>
      </trkpt>
      <trkpt lat="46.69241194613277912139892578125" lon="23.5556016303598880767822265625">
        <ele>809.4000244140625</ele>
        <time>2024-10-27T10:42:44.000Z</time>
        <extensions>
          <ns3:TrackPointExtension>
            <ns3:hr>101</ns3:hr>
            <ns3:cad>42</ns3:cad>
          </ns3:TrackPointExtension>
        </extensions>
      </trkpt>
      <trkpt lat="46.69236324727535247802734375" lon="23.55565116740763187408447265625">
        <ele>810</ele>
        <time>2024-10-27T10:42:52.000Z</time>
        <extensions>
          <ns3:TrackPointExtension>
            <ns3:hr>102</ns3:hr>
            <ns3:cad>43</ns3:cad>
          </ns3:TrackPointExtension>
        </extensions>
      </trkpt>
      <trkpt lat="46.69233835302293300628662109375" lon="23.55567581020295619964599609375">
        <ele>810.20001220703125</ele>
        <time>2024-10-27T10:42:55.000Z</time>
        <extensions>
          <ns3:TrackPointExtension>
            <ns3:hr>102</ns3:hr>
            <ns3:cad>42</ns3:cad>
          </ns3:TrackPointExtension>
        </extensions>
      </trkpt>
      <trkpt lat="46.69228772632777690887451171875" lon="23.55573230423033237457275390625">
        <ele>811</ele>
        <time>2024-10-27T10:43:04.000Z</time>
        <extensions>
          <ns3:TrackPointExtension>
            <ns3:hr>103</ns3:hr>
            <ns3:cad>42</ns3:cad>
          </ns3:TrackPointExtension>
        </extensions>
      </trkpt>
      <trkpt lat="46.6922856308519840240478515625" lon="23.55573498643934726715087890625">
        <ele>811</ele>
        <time>2024-10-27T10:43:05.000Z</time>
        <extensions>
          <ns3:TrackPointExtension>
            <ns3:hr>104</ns3:hr>
            <ns3:cad>0</ns3:cad>
          </ns3:TrackPointExtension>
        </extensions>
      </trkpt>
      <trkpt lat="46.69231924228370189666748046875" lon="23.55571956373751163482666015625">
        <ele>811</ele>
        <time>2024-10-27T10:43:15.000Z</time>
        <extensions>
          <ns3:TrackPointExtension>
            <ns3:hr>105</ns3:hr>
            <ns3:cad>0</ns3:cad>
          </ns3:TrackPointExtension>
        </extensions>
      </trkpt>
      <trkpt lat="46.69231957755982875823974609375" lon="23.555746637284755706787109375">
        <ele>811</ele>
        <time>2024-10-27T10:43:20.000Z</time>
        <extensions>
          <ns3:TrackPointExtension>
            <ns3:hr>101</ns3:hr>
            <ns3:cad>0</ns3:cad>
          </ns3:TrackPointExtension>
        </extensions>
      </trkpt>
      <trkpt lat="46.69231907464563846588134765625" lon="23.55575728230178356170654296875">
        <ele>811</ele>
        <time>2024-10-27T10:43:23.000Z</time>
        <extensions>
          <ns3:TrackPointExtension>
            <ns3:hr>98</ns3:hr>
            <ns3:cad>0</ns3:cad>
          </ns3:TrackPointExtension>
        </extensions>
      </trkpt>
      <trkpt lat="46.69231354258954524993896484375" lon="23.55575376190245151519775390625">
        <ele>811</ele>
        <time>2024-10-27T10:43:26.000Z</time>
        <extensions>
          <ns3:TrackPointExtension>
            <ns3:hr>95</ns3:hr>
            <ns3:cad>0</ns3:cad>
          </ns3:TrackPointExtension>
        </extensions>
      </trkpt>
      <trkpt lat="46.69232661835849285125732421875" lon="23.5557263530790805816650390625">
        <ele>811.20001220703125</ele>
        <time>2024-10-27T10:43:30.000Z</time>
        <extensions>
          <ns3:TrackPointExtension>
            <ns3:hr>95</ns3:hr>
            <ns3:cad>0</ns3:cad>
          </ns3:TrackPointExtension>
        </extensions>
      </trkpt>
      <trkpt lat="46.6923142969608306884765625" lon="23.555752001702785491943359375">
        <ele>811.20001220703125</ele>
        <time>2024-10-27T10:43:37.000Z</time>
        <extensions>
          <ns3:TrackPointExtension>
            <ns3:hr>94</ns3:hr>
            <ns3:cad>0</ns3:cad>
          </ns3:TrackPointExtension>
        </extensions>
      </trkpt>
      <trkpt lat="46.6922846250236034393310546875" lon="23.55576164089143276214599609375">
        <ele>811.20001220703125</ele>
        <time>2024-10-27T10:43:39.000Z</time>
        <extensions>
          <ns3:TrackPointExtension>
            <ns3:hr>91</ns3:hr>
            <ns3:cad>0</ns3:cad>
          </ns3:TrackPointExtension>
        </extensions>
      </trkpt>
      <trkpt lat="46.6921947710216045379638671875" lon="23.55577102862298488616943359375">
        <ele>811.79998779296875</ele>
        <time>2024-10-27T10:43:45.000Z</time>
        <extensions>
          <ns3:TrackPointExtension>
            <ns3:hr>91</ns3:hr>
            <ns3:cad>40</ns3:cad>
          </ns3:TrackPointExtension>
        </extensions>
      </trkpt>
      <trkpt lat="46.6921723075211048126220703125" lon="23.55578117072582244873046875">
        <ele>812</ele>
        <time>2024-10-27T10:43:48.000Z</time>
        <extensions>
          <ns3:TrackPointExtension>
            <ns3:hr>92</ns3:hr>
            <ns3:cad>42</ns3:cad>
          </ns3:TrackPointExtension>
        </extensions>
      </trkpt>
      <trkpt lat="46.69216535054147243499755859375" lon="23.55578829534351825714111328125">
        <ele>812.4000244140625</ele>
        <time>2024-10-27T10:43:50.000Z</time>
        <extensions>
          <ns3:TrackPointExtension>
            <ns3:hr>89</ns3:hr>
            <ns3:cad>80</ns3:cad>
          </ns3:TrackPointExtension>
        </extensions>
      </trkpt>
      <trkpt lat="46.69215193949639797210693359375" lon="23.555800281465053558349609375">
        <ele>812.79998779296875</ele>
        <time>2024-10-27T10:43:53.000Z</time>
        <extensions>
          <ns3:TrackPointExtension>
            <ns3:hr>86</ns3:hr>
            <ns3:cad>80</ns3:cad>
          </ns3:TrackPointExtension>
        </extensions>
      </trkpt>
      <trkpt lat="46.69214003719389438629150390625" lon="23.55580505914986133575439453125">
        <ele>813.20001220703125</ele>
        <time>2024-10-27T10:43:55.000Z</time>
        <extensions>
          <ns3:TrackPointExtension>
            <ns3:hr>86</ns3:hr>
            <ns3:cad>78</ns3:cad>
          </ns3:TrackPointExtension>
        </extensions>
      </trkpt>
      <trkpt lat="46.69208387844264507293701171875" lon="23.555846549570560455322265625">
        <ele>813.79998779296875</ele>
        <time>2024-10-27T10:44:02.000Z</time>
        <extensions>
          <ns3:TrackPointExtension>
            <ns3:hr>92</ns3:hr>
            <ns3:cad>75</ns3:cad>
          </ns3:TrackPointExtension>
        </extensions>
      </trkpt>
      <trkpt lat="46.69207465834915637969970703125" lon="23.55585090816020965576171875">
        <ele>814.20001220703125</ele>
        <time>2024-10-27T10:44:04.000Z</time>
        <extensions>
          <ns3:TrackPointExtension>
            <ns3:hr>94</ns3:hr>
            <ns3:cad>78</ns3:cad>
          </ns3:TrackPointExtension>
        </extensions>
      </trkpt>
      <trkpt lat="46.69204783625900745391845703125" lon="23.5558609664440155029296875">
        <ele>814.5999755859375</ele>
        <time>2024-10-27T10:44:07.000Z</time>
        <extensions>
          <ns3:TrackPointExtension>
            <ns3:hr>97</ns3:hr>
            <ns3:cad>79</ns3:cad>
          </ns3:TrackPointExtension>
        </extensions>
      </trkpt>
      <trkpt lat="46.6920340061187744140625" lon="23.55586674995720386505126953125">
        <ele>814.79998779296875</ele>
        <time>2024-10-27T10:44:09.000Z</time>
        <extensions>
          <ns3:TrackPointExtension>
            <ns3:hr>100</ns3:hr>
            <ns3:cad>80</ns3:cad>
          </ns3:TrackPointExtension>
        </extensions>
      </trkpt>
      <trkpt lat="46.69201933778822422027587890625" lon="23.55587597005069255828857421875">
        <ele>815.20001220703125</ele>
        <time>2024-10-27T10:44:11.000Z</time>
        <extensions>
          <ns3:TrackPointExtension>
            <ns3:hr>101</ns3:hr>
            <ns3:cad>80</ns3:cad>
          </ns3:TrackPointExtension>
        </extensions>
      </trkpt>
      <trkpt lat="46.69200517237186431884765625" lon="23.555881083011627197265625">
        <ele>815.5999755859375</ele>
        <time>2024-10-27T10:44:13.000Z</time>
        <extensions>
          <ns3:TrackPointExtension>
            <ns3:hr>101</ns3:hr>
            <ns3:cad>40</ns3:cad>
          </ns3:TrackPointExtension>
        </extensions>
      </trkpt>
      <trkpt lat="46.691954545676708221435546875" lon="23.55589759536087512969970703125">
        <ele>816.4000244140625</ele>
        <time>2024-10-27T10:44:18.000Z</time>
        <extensions>
          <ns3:TrackPointExtension>
            <ns3:hr>103</ns3:hr>
            <ns3:cad>41</ns3:cad>
          </ns3:TrackPointExtension>
        </extensions>
      </trkpt>
      <trkpt lat="46.6919252090156078338623046875" lon="23.5559134371578693389892578125">
        <ele>817.4000244140625</ele>
        <time>2024-10-27T10:44:23.000Z</time>
        <extensions>
          <ns3:TrackPointExtension>
            <ns3:hr>104</ns3:hr>
            <ns3:cad>42</ns3:cad>
          </ns3:TrackPointExtension>
        </extensions>
      </trkpt>
      <trkpt lat="46.6919119656085968017578125" lon="23.55591502971947193145751953125">
        <ele>817.5999755859375</ele>
        <time>2024-10-27T10:44:25.000Z</time>
        <extensions>
          <ns3:TrackPointExtension>
            <ns3:hr>105</ns3:hr>
            <ns3:cad>40</ns3:cad>
          </ns3:TrackPointExtension>
        </extensions>
      </trkpt>
      <trkpt lat="46.691883467137813568115234375" lon="23.55592735111713409423828125">
        <ele>817.79998779296875</ele>
        <time>2024-10-27T10:44:28.000Z</time>
        <extensions>
          <ns3:TrackPointExtension>
            <ns3:hr>108</ns3:hr>
            <ns3:cad>40</ns3:cad>
          </ns3:TrackPointExtension>
        </extensions>
      </trkpt>
      <trkpt lat="46.69185387901961803436279296875" lon="23.55593330226838588714599609375">
        <ele>818.20001220703125</ele>
        <time>2024-10-27T10:44:32.000Z</time>
        <extensions>
          <ns3:TrackPointExtension>
            <ns3:hr>109</ns3:hr>
            <ns3:cad>41</ns3:cad>
          </ns3:TrackPointExtension>
        </extensions>
      </trkpt>
      <trkpt lat="46.69180207885801792144775390625" lon="23.55592324398458003997802734375">
        <ele>818.5999755859375</ele>
        <time>2024-10-27T10:44:39.000Z</time>
        <extensions>
          <ns3:TrackPointExtension>
            <ns3:hr>110</ns3:hr>
            <ns3:cad>43</ns3:cad>
          </ns3:TrackPointExtension>
        </extensions>
      </trkpt>
      <trkpt lat="46.69179537333548069000244140625" lon="23.5559224896132946014404296875">
        <ele>818.5999755859375</ele>
        <time>2024-10-27T10:44:40.000Z</time>
        <extensions>
          <ns3:TrackPointExtension>
            <ns3:hr>110</ns3:hr>
            <ns3:cad>42</ns3:cad>
          </ns3:TrackPointExtension>
        </extensions>
      </trkpt>
      <trkpt lat="46.6916945390403270721435546875" lon="23.55591117404401302337646484375">
        <ele>819.5999755859375</ele>
        <time>2024-10-27T10:44:49.000Z</time>
        <extensions>
          <ns3:TrackPointExtension>
            <ns3:hr>110</ns3:hr>
            <ns3:cad>43</ns3:cad>
          </ns3:TrackPointExtension>
        </extensions>
      </trkpt>
      <trkpt lat="46.69168255291879177093505859375" lon="23.55591117404401302337646484375">
        <ele>819.5999755859375</ele>
        <time>2024-10-27T10:44:50.000Z</time>
        <extensions>
          <ns3:TrackPointExtension>
            <ns3:hr>110</ns3:hr>
            <ns3:cad>44</ns3:cad>
          </ns3:TrackPointExtension>
        </extensions>
      </trkpt>
      <trkpt lat="46.69157342053949832916259765625" lon="23.5558973439037799835205078125">
        <ele>820.20001220703125</ele>
        <time>2024-10-27T10:45:02.000Z</time>
        <extensions>
          <ns3:TrackPointExtension>
            <ns3:hr>111</ns3:hr>
            <ns3:cad>44</ns3:cad>
          </ns3:TrackPointExtension>
        </extensions>
      </trkpt>
      <trkpt lat="46.691539473831653594970703125" lon="23.55590379796922206878662109375">
        <ele>820.20001220703125</ele>
        <time>2024-10-27T10:45:06.000Z</time>
        <extensions>
          <ns3:TrackPointExtension>
            <ns3:hr>108</ns3:hr>
            <ns3:cad>44</ns3:cad>
          </ns3:TrackPointExtension>
        </extensions>
      </trkpt>
      <trkpt lat="46.691482476890087127685546875" lon="23.555904887616634368896484375">
        <ele>820.5999755859375</ele>
        <time>2024-10-27T10:45:12.000Z</time>
        <extensions>
          <ns3:TrackPointExtension>
            <ns3:hr>107</ns3:hr>
            <ns3:cad>44</ns3:cad>
          </ns3:TrackPointExtension>
        </extensions>
      </trkpt>
      <trkpt lat="46.69146395288407802581787109375" lon="23.55589508078992366790771484375">
        <ele>820.5999755859375</ele>
        <time>2024-10-27T10:45:15.000Z</time>
        <extensions>
          <ns3:TrackPointExtension>
            <ns3:hr>107</ns3:hr>
            <ns3:cad>43</ns3:cad>
          </ns3:TrackPointExtension>
        </extensions>
      </trkpt>
      <trkpt lat="46.6914229653775691986083984375" lon="23.5558923147618770599365234375">
        <ele>821</ele>
        <time>2024-10-27T10:45:20.000Z</time>
        <extensions>
          <ns3:TrackPointExtension>
            <ns3:hr>107</ns3:hr>
            <ns3:cad>43</ns3:cad>
          </ns3:TrackPointExtension>
        </extensions>
      </trkpt>
      <trkpt lat="46.69140703976154327392578125" lon="23.55589709244668483734130859375">
        <ele>821</ele>
        <time>2024-10-27T10:45:22.000Z</time>
        <extensions>
          <ns3:TrackPointExtension>
            <ns3:hr>104</ns3:hr>
            <ns3:cad>43</ns3:cad>
          </ns3:TrackPointExtension>
        </extensions>
      </trkpt>
      <trkpt lat="46.69139874167740345001220703125" lon="23.55589784681797027587890625">
        <ele>821.20001220703125</ele>
        <time>2024-10-27T10:45:23.000Z</time>
        <extensions>
          <ns3:TrackPointExtension>
            <ns3:hr>101</ns3:hr>
            <ns3:cad>43</ns3:cad>
          </ns3:TrackPointExtension>
        </extensions>
      </trkpt>
      <trkpt lat="46.69138851575553417205810546875" lon="23.55589918792247772216796875">
        <ele>821.20001220703125</ele>
        <time>2024-10-27T10:45:24.000Z</time>
        <extensions>
          <ns3:TrackPointExtension>
            <ns3:hr>101</ns3:hr>
            <ns3:cad>43</ns3:cad>
          </ns3:TrackPointExtension>
        </extensions>
      </trkpt>
      <trkpt lat="46.69135398231446743011474609375" lon="23.5559204779565334320068359375">
        <ele>821.5999755859375</ele>
        <time>2024-10-27T10:45:28.000Z</time>
        <extensions>
          <ns3:TrackPointExtension>
            <ns3:hr>101</ns3:hr>
            <ns3:cad>43</ns3:cad>
          </ns3:TrackPointExtension>
        </extensions>
      </trkpt>
      <trkpt lat="46.69134509749710559844970703125" lon="23.55593497864902019500732421875">
        <ele>821.79998779296875</ele>
        <time>2024-10-27T10:45:30.000Z</time>
        <extensions>
          <ns3:TrackPointExtension>
            <ns3:hr>103</ns3:hr>
            <ns3:cad>43</ns3:cad>
          </ns3:TrackPointExtension>
        </extensions>
      </trkpt>
      <trkpt lat="46.69127116911113262176513671875" lon="23.5560049675405025482177734375">
        <ele>822.4000244140625</ele>
        <time>2024-10-27T10:45:39.000Z</time>
        <extensions>
          <ns3:TrackPointExtension>
            <ns3:hr>102</ns3:hr>
            <ns3:cad>42</ns3:cad>
          </ns3:TrackPointExtension>
        </extensions>
      </trkpt>
      <trkpt lat="46.6912409104406833648681640625" lon="23.5560160316526889801025390625">
        <ele>822.79998779296875</ele>
        <time>2024-10-27T10:45:42.000Z</time>
        <extensions>
          <ns3:TrackPointExtension>
            <ns3:hr>102</ns3:hr>
            <ns3:cad>43</ns3:cad>
          </ns3:TrackPointExtension>
        </extensions>
      </trkpt>
      <trkpt lat="46.69117997400462627410888671875" lon="23.55602919124066829681396484375">
        <ele>823.20001220703125</ele>
        <time>2024-10-27T10:45:49.000Z</time>
        <extensions>
          <ns3:TrackPointExtension>
            <ns3:hr>103</ns3:hr>
            <ns3:cad>41</ns3:cad>
          </ns3:TrackPointExtension>
        </extensions>
      </trkpt>
      <trkpt lat="46.6911500506103038787841796875" lon="23.55604344047605991363525390625">
        <ele>823.79998779296875</ele>
        <time>2024-10-27T10:45:53.000Z</time>
        <extensions>
          <ns3:TrackPointExtension>
            <ns3:hr>105</ns3:hr>
            <ns3:cad>41</ns3:cad>
          </ns3:TrackPointExtension>
        </extensions>
      </trkpt>
      <trkpt lat="46.69110101647675037384033203125" lon="23.55605718679726123809814453125">
        <ele>824.79998779296875</ele>
        <time>2024-10-27T10:45:59.000Z</time>
        <extensions>
          <ns3:TrackPointExtension>
            <ns3:hr>105</ns3:hr>
            <ns3:cad>44</ns3:cad>
          </ns3:TrackPointExtension>
        </extensions>
      </trkpt>
      <trkpt lat="46.6910938918590545654296875" lon="23.55605936609208583831787109375">
        <ele>824.79998779296875</ele>
        <time>2024-10-27T10:46:00.000Z</time>
        <extensions>
          <ns3:TrackPointExtension>
            <ns3:hr>105</ns3:hr>
            <ns3:cad>44</ns3:cad>
          </ns3:TrackPointExtension>
        </extensions>
      </trkpt>
      <trkpt lat="46.69097662903368473052978515625" lon="23.5560701787471771240234375">
        <ele>825.79998779296875</ele>
        <time>2024-10-27T10:46:09.000Z</time>
        <extensions>
          <ns3:TrackPointExtension>
            <ns3:hr>105</ns3:hr>
            <ns3:cad>42</ns3:cad>
          </ns3:TrackPointExtension>
        </extensions>
      </trkpt>
      <trkpt lat="46.690962798893451690673828125" lon="23.55608032085001468658447265625">
        <ele>825.79998779296875</ele>
        <time>2024-10-27T10:46:11.000Z</time>
        <extensions>
          <ns3:TrackPointExtension>
            <ns3:hr>105</ns3:hr>
            <ns3:cad>0</ns3:cad>
          </ns3:TrackPointExtension>
        </extensions>
      </trkpt>
      <trkpt lat="46.690957434475421905517578125" lon="23.55611066333949565887451171875">
        <ele>826.20001220703125</ele>
        <time>2024-10-27T10:46:18.000Z</time>
        <extensions>
          <ns3:TrackPointExtension>
            <ns3:hr>102</ns3:hr>
            <ns3:cad>0</ns3:cad>
          </ns3:TrackPointExtension>
        </extensions>
      </trkpt>
      <trkpt lat="46.69089247472584247589111328125" lon="23.55619825422763824462890625">
        <ele>827</ele>
        <time>2024-10-27T10:46:30.000Z</time>
        <extensions>
          <ns3:TrackPointExtension>
            <ns3:hr>104</ns3:hr>
            <ns3:cad>41</ns3:cad>
          </ns3:TrackPointExtension>
        </extensions>
      </trkpt>
      <trkpt lat="46.6908483020961284637451171875" lon="23.55624787509441375732421875">
        <ele>828.20001220703125</ele>
        <time>2024-10-27T10:46:37.000Z</time>
        <extensions>
          <ns3:TrackPointExtension>
            <ns3:hr>106</ns3:hr>
            <ns3:cad>75</ns3:cad>
          </ns3:TrackPointExtension>
        </extensions>
      </trkpt>
      <trkpt lat="46.6908417642116546630859375" lon="23.5562520660459995269775390625">
        <ele>828.20001220703125</ele>
        <time>2024-10-27T10:46:38.000Z</time>
        <extensions>
          <ns3:TrackPointExtension>
            <ns3:hr>109</ns3:hr>
            <ns3:cad>74</ns3:cad>
          </ns3:TrackPointExtension>
        </extensions>
      </trkpt>
      <trkpt lat="46.6908251680433750152587890625" lon="23.55626262724399566650390625">
        <ele>828.79998779296875</ele>
        <time>2024-10-27T10:46:40.000Z</time>
        <extensions>
          <ns3:TrackPointExtension>
            <ns3:hr>110</ns3:hr>
            <ns3:cad>73</ns3:cad>
          </ns3:TrackPointExtension>
        </extensions>
      </trkpt>
      <trkpt lat="46.690808571875095367431640625" lon="23.5562688298523426055908203125">
        <ele>829.20001220703125</ele>
        <time>2024-10-27T10:46:44.000Z</time>
        <extensions>
          <ns3:TrackPointExtension>
            <ns3:hr>111</ns3:hr>
            <ns3:cad>79</ns3:cad>
          </ns3:TrackPointExtension>
        </extensions>
      </trkpt>
      <trkpt lat="46.69078367762267589569091796875" lon="23.55628274381160736083984375">
        <ele>830.20001220703125</ele>
        <time>2024-10-27T10:46:49.000Z</time>
        <extensions>
          <ns3:TrackPointExtension>
            <ns3:hr>111</ns3:hr>
            <ns3:cad>70</ns3:cad>
          </ns3:TrackPointExtension>
        </extensions>
      </trkpt>
      <trkpt lat="46.6907772235572338104248046875" lon="23.55628768913447856903076171875">
        <ele>830.4000244140625</ele>
        <time>2024-10-27T10:46:51.000Z</time>
        <extensions>
          <ns3:TrackPointExtension>
            <ns3:hr>110</ns3:hr>
            <ns3:cad>72</ns3:cad>
          </ns3:TrackPointExtension>
        </extensions>
      </trkpt>
      <trkpt lat="46.6907628066837787628173828125" lon="23.556340076029300689697265625">
        <ele>830.79998779296875</ele>
        <time>2024-10-27T10:46:58.000Z</time>
        <extensions>
          <ns3:TrackPointExtension>
            <ns3:hr>109</ns3:hr>
            <ns3:cad>0</ns3:cad>
          </ns3:TrackPointExtension>
        </extensions>
      </trkpt>
      <trkpt lat="46.69076641090214252471923828125" lon="23.5563553310930728912353515625">
        <ele>830.79998779296875</ele>
        <time>2024-10-27T10:47:01.000Z</time>
        <extensions>
          <ns3:TrackPointExtension>
            <ns3:hr>106</ns3:hr>
            <ns3:cad>0</ns3:cad>
          </ns3:TrackPointExtension>
        </extensions>
      </trkpt>
      <trkpt lat="46.6907747089862823486328125" lon="23.55633228085935115814208984375">
        <ele>830.5999755859375</ele>
        <time>2024-10-27T10:47:09.000Z</time>
        <extensions>
          <ns3:TrackPointExtension>
            <ns3:hr>106</ns3:hr>
            <ns3:cad>0</ns3:cad>
          </ns3:TrackPointExtension>
        </extensions>
      </trkpt>
      <trkpt lat="46.6907091625034809112548828125" lon="23.55633680708706378936767578125">
        <ele>830.79998779296875</ele>
        <time>2024-10-27T10:47:13.000Z</time>
        <extensions>
          <ns3:TrackPointExtension>
            <ns3:hr>109</ns3:hr>
            <ns3:cad>0</ns3:cad>
          </ns3:TrackPointExtension>
        </extensions>
      </trkpt>
      <trkpt lat="46.69067882001399993896484375" lon="23.55634300969541072845458984375">
        <ele>831</ele>
        <time>2024-10-27T10:47:16.000Z</time>
        <extensions>
          <ns3:TrackPointExtension>
            <ns3:hr>110</ns3:hr>
            <ns3:cad>0</ns3:cad>
          </ns3:TrackPointExtension>
        </extensions>
      </trkpt>
      <trkpt lat="46.69066532514989376068115234375" lon="23.55635122396051883697509765625">
        <ele>831.5999755859375</ele>
        <time>2024-10-27T10:47:19.000Z</time>
        <extensions>
          <ns3:TrackPointExtension>
            <ns3:hr>110</ns3:hr>
            <ns3:cad>72</ns3:cad>
          </ns3:TrackPointExtension>
        </extensions>
      </trkpt>
      <trkpt lat="46.690646968781948089599609375" lon="23.5563791356980800628662109375">
        <ele>832.5999755859375</ele>
        <time>2024-10-27T10:47:25.000Z</time>
        <extensions>
          <ns3:TrackPointExtension>
            <ns3:hr>111</ns3:hr>
            <ns3:cad>69</ns3:cad>
          </ns3:TrackPointExtension>
        </extensions>
      </trkpt>
      <trkpt lat="46.6906555183231830596923828125" lon="23.55640118010342121124267578125">
        <ele>833.20001220703125</ele>
        <time>2024-10-27T10:47:28.000Z</time>
        <extensions>
          <ns3:TrackPointExtension>
            <ns3:hr>111</ns3:hr>
            <ns3:cad>63</ns3:cad>
          </ns3:TrackPointExtension>
        </extensions>
      </trkpt>
      <trkpt lat="46.69066079892218112945556640625" lon="23.55641643516719341278076171875">
        <ele>833.5999755859375</ele>
        <time>2024-10-27T10:47:31.000Z</time>
        <extensions>
          <ns3:TrackPointExtension>
            <ns3:hr>111</ns3:hr>
            <ns3:cad>63</ns3:cad>
          </ns3:TrackPointExtension>
        </extensions>
      </trkpt>
      <trkpt lat="46.690659709274768829345703125" lon="23.55642087757587432861328125">
        <ele>834</ele>
        <time>2024-10-27T10:47:33.000Z</time>
        <extensions>
          <ns3:TrackPointExtension>
            <ns3:hr>112</ns3:hr>
            <ns3:cad>63</ns3:cad>
          </ns3:TrackPointExtension>
        </extensions>
      </trkpt>
      <trkpt lat="46.6906323842704296112060546875" lon="23.556485585868358612060546875">
        <ele>835</ele>
        <time>2024-10-27T10:47:39.000Z</time>
        <extensions>
          <ns3:TrackPointExtension>
            <ns3:hr>111</ns3:hr>
            <ns3:cad>77</ns3:cad>
          </ns3:TrackPointExtension>
        </extensions>
      </trkpt>
      <trkpt lat="46.69061754830181598663330078125" lon="23.556503690779209136962890625">
        <ele>835.5999755859375</ele>
        <time>2024-10-27T10:47:41.000Z</time>
        <extensions>
          <ns3:TrackPointExtension>
            <ns3:hr>112</ns3:hr>
            <ns3:cad>77</ns3:cad>
          </ns3:TrackPointExtension>
        </extensions>
      </trkpt>
      <trkpt lat="46.69060447253286838531494140625" lon="23.556519784033298492431640625">
        <ele>836</ele>
        <time>2024-10-27T10:47:44.000Z</time>
        <extensions>
          <ns3:TrackPointExtension>
            <ns3:hr>112</ns3:hr>
            <ns3:cad>74</ns3:cad>
          </ns3:TrackPointExtension>
        </extensions>
      </trkpt>
      <trkpt lat="46.6905918158590793609619140625" lon="23.55654467828571796417236328125">
        <ele>837</ele>
        <time>2024-10-27T10:47:49.000Z</time>
        <extensions>
          <ns3:TrackPointExtension>
            <ns3:hr>112</ns3:hr>
            <ns3:cad>70</ns3:cad>
          </ns3:TrackPointExtension>
        </extensions>
      </trkpt>
      <trkpt lat="46.6905727051198482513427734375" lon="23.5565668903291225433349609375">
        <ele>837.20001220703125</ele>
        <time>2024-10-27T10:47:52.000Z</time>
        <extensions>
          <ns3:TrackPointExtension>
            <ns3:hr>112</ns3:hr>
            <ns3:cad>77</ns3:cad>
          </ns3:TrackPointExtension>
        </extensions>
      </trkpt>
      <trkpt lat="46.69051931239664554595947265625" lon="23.55661223642528057098388671875">
        <ele>837.4000244140625</ele>
        <time>2024-10-27T10:47:57.000Z</time>
        <extensions>
          <ns3:TrackPointExtension>
            <ns3:hr>115</ns3:hr>
            <ns3:cad>41</ns3:cad>
          </ns3:TrackPointExtension>
        </extensions>
      </trkpt>
      <trkpt lat="46.69049886055290699005126953125" lon="23.5566309280693531036376953125">
        <ele>837.5999755859375</ele>
        <time>2024-10-27T10:47:59.000Z</time>
        <extensions>
          <ns3:TrackPointExtension>
            <ns3:hr>116</ns3:hr>
            <ns3:cad>40</ns3:cad>
          </ns3:TrackPointExtension>
        </extensions>
      </trkpt>
      <trkpt lat="46.69046466238796710968017578125" lon="23.5567227937281131744384765625">
        <ele>838.20001220703125</ele>
        <time>2024-10-27T10:48:08.000Z</time>
        <extensions>
          <ns3:TrackPointExtension>
            <ns3:hr>113</ns3:hr>
            <ns3:cad>41</ns3:cad>
          </ns3:TrackPointExtension>
        </extensions>
      </trkpt>
      <trkpt lat="46.69045913033187389373779296875" lon="23.55673427693545818328857421875">
        <ele>838.20001220703125</ele>
        <time>2024-10-27T10:48:09.000Z</time>
        <extensions>
          <ns3:TrackPointExtension>
            <ns3:hr>113</ns3:hr>
            <ns3:cad>40</ns3:cad>
          </ns3:TrackPointExtension>
        </extensions>
      </trkpt>
      <trkpt lat="46.6904050670564174652099609375" lon="23.55689940042793750762939453125">
        <ele>838</ele>
        <time>2024-10-27T10:48:21.000Z</time>
        <extensions>
          <ns3:TrackPointExtension>
            <ns3:hr>111</ns3:hr>
            <ns3:cad>43</ns3:cad>
          </ns3:TrackPointExtension>
        </extensions>
      </trkpt>
      <trkpt lat="46.690382100641727447509765625" lon="23.55691549368202686309814453125">
        <ele>838.4000244140625</ele>
        <time>2024-10-27T10:48:25.000Z</time>
        <extensions>
          <ns3:TrackPointExtension>
            <ns3:hr>111</ns3:hr>
            <ns3:cad>43</ns3:cad>
          </ns3:TrackPointExtension>
        </extensions>
      </trkpt>
      <trkpt lat="46.69036022387444972991943359375" lon="23.55694432742893695831298828125">
        <ele>838.4000244140625</ele>
        <time>2024-10-27T10:48:29.000Z</time>
        <extensions>
          <ns3:TrackPointExtension>
            <ns3:hr>113</ns3:hr>
            <ns3:cad>41</ns3:cad>
          </ns3:TrackPointExtension>
        </extensions>
      </trkpt>
      <trkpt lat="46.6903482377529144287109375" lon="23.55697735212743282318115234375">
        <ele>837.5999755859375</ele>
        <time>2024-10-27T10:48:33.000Z</time>
        <extensions>
          <ns3:TrackPointExtension>
            <ns3:hr>110</ns3:hr>
            <ns3:cad>0</ns3:cad>
          </ns3:TrackPointExtension>
        </extensions>
      </trkpt>
      <trkpt lat="46.690347231924533843994140625" lon="23.55697986669838428497314453125">
        <ele>837.20001220703125</ele>
        <time>2024-10-27T10:48:36.000Z</time>
        <extensions>
          <ns3:TrackPointExtension>
            <ns3:hr>109</ns3:hr>
            <ns3:cad>0</ns3:cad>
          </ns3:TrackPointExtension>
        </extensions>
      </trkpt>
      <trkpt lat="46.69034681282937526702880859375" lon="23.556978441774845123291015625">
        <ele>837</ele>
        <time>2024-10-27T10:48:37.000Z</time>
        <extensions>
          <ns3:TrackPointExtension>
            <ns3:hr>106</ns3:hr>
            <ns3:cad>0</ns3:cad>
          </ns3:TrackPointExtension>
        </extensions>
      </trkpt>
      <trkpt lat="46.69038453139364719390869140625" lon="23.55696109123528003692626953125">
        <ele>836.20001220703125</ele>
        <time>2024-10-27T10:48:43.000Z</time>
        <extensions>
          <ns3:TrackPointExtension>
            <ns3:hr>103</ns3:hr>
            <ns3:cad>0</ns3:cad>
          </ns3:TrackPointExtension>
        </extensions>
      </trkpt>
      <trkpt lat="46.6903913207352161407470703125" lon="23.55695924721658229827880859375">
        <ele>836.20001220703125</ele>
        <time>2024-10-27T10:48:44.000Z</time>
        <extensions>
          <ns3:TrackPointExtension>
            <ns3:hr>103</ns3:hr>
            <ns3:cad>0</ns3:cad>
          </ns3:TrackPointExtension>
        </extensions>
      </trkpt>
      <trkpt lat="46.6904023848474025726318359375" lon="23.55695924721658229827880859375">
        <ele>835.5999755859375</ele>
        <time>2024-10-27T10:48:47.000Z</time>
        <extensions>
          <ns3:TrackPointExtension>
            <ns3:hr>102</ns3:hr>
            <ns3:cad>0</ns3:cad>
          </ns3:TrackPointExtension>
        </extensions>
      </trkpt>
      <trkpt lat="46.69039450585842132568359375" lon="23.55696897022426128387451171875">
        <ele>835</ele>
        <time>2024-10-27T10:48:51.000Z</time>
        <extensions>
          <ns3:TrackPointExtension>
            <ns3:hr>101</ns3:hr>
            <ns3:cad>0</ns3:cad>
          </ns3:TrackPointExtension>
        </extensions>
      </trkpt>
      <trkpt lat="46.69037631712853908538818359375" lon="23.55696670711040496826171875">
        <ele>834</ele>
        <time>2024-10-27T10:48:55.000Z</time>
        <extensions>
          <ns3:TrackPointExtension>
            <ns3:hr>100</ns3:hr>
            <ns3:cad>0</ns3:cad>
          </ns3:TrackPointExtension>
        </extensions>
      </trkpt>
      <trkpt lat="46.69034756720066070556640625" lon="23.55695790611207485198974609375">
        <ele>833.4000244140625</ele>
        <time>2024-10-27T10:49:05.000Z</time>
        <extensions>
          <ns3:TrackPointExtension>
            <ns3:hr>97</ns3:hr>
            <ns3:cad>0</ns3:cad>
          </ns3:TrackPointExtension>
        </extensions>
      </trkpt>
      <trkpt lat="46.69035955332219600677490234375" lon="23.55698539875447750091552734375">
        <ele>833.20001220703125</ele>
        <time>2024-10-27T10:49:08.000Z</time>
        <extensions>
          <ns3:TrackPointExtension>
            <ns3:hr>94</ns3:hr>
            <ns3:cad>0</ns3:cad>
          </ns3:TrackPointExtension>
        </extensions>
      </trkpt>
      <trkpt lat="46.69037078507244586944580078125" lon="23.55701523832976818084716796875">
        <ele>833</ele>
        <time>2024-10-27T10:49:11.000Z</time>
        <extensions>
          <ns3:TrackPointExtension>
            <ns3:hr>96</ns3:hr>
            <ns3:cad>76</ns3:cad>
          </ns3:TrackPointExtension>
        </extensions>
      </trkpt>
      <trkpt lat="46.69037782587110996246337890625" lon="23.55702747590839862823486328125">
        <ele>832.79998779296875</ele>
        <time>2024-10-27T10:49:12.000Z</time>
        <extensions>
          <ns3:TrackPointExtension>
            <ns3:hr>96</ns3:hr>
            <ns3:cad>77</ns3:cad>
          </ns3:TrackPointExtension>
        </extensions>
      </trkpt>
      <trkpt lat="46.69040582142770290374755859375" lon="23.55707391165196895599365234375">
        <ele>832.20001220703125</ele>
        <time>2024-10-27T10:49:16.000Z</time>
        <extensions>
          <ns3:TrackPointExtension>
            <ns3:hr>99</ns3:hr>
            <ns3:cad>46</ns3:cad>
          </ns3:TrackPointExtension>
        </extensions>
      </trkpt>
      <trkpt lat="46.6904251836240291595458984375" lon="23.55712906457483768463134765625">
        <ele>832</ele>
        <time>2024-10-27T10:49:20.000Z</time>
        <extensions>
          <ns3:TrackPointExtension>
            <ns3:hr>99</ns3:hr>
            <ns3:cad>46</ns3:cad>
          </ns3:TrackPointExtension>
        </extensions>
      </trkpt>
      <trkpt lat="46.69042996130883693695068359375" lon="23.55716778896749019622802734375">
        <ele>831.79998779296875</ele>
        <time>2024-10-27T10:49:23.000Z</time>
        <extensions>
          <ns3:TrackPointExtension>
            <ns3:hr>101</ns3:hr>
            <ns3:cad>48</ns3:cad>
          </ns3:TrackPointExtension>
        </extensions>
      </trkpt>
      <trkpt lat="46.6904168017208576202392578125" lon="23.557261414825916290283203125">
        <ele>830.79998779296875</ele>
        <time>2024-10-27T10:49:29.000Z</time>
        <extensions>
          <ns3:TrackPointExtension>
            <ns3:hr>101</ns3:hr>
            <ns3:cad>49</ns3:cad>
          </ns3:TrackPointExtension>
        </extensions>
      </trkpt>
      <trkpt lat="46.69040950946509838104248046875" lon="23.55727775953710079193115234375">
        <ele>830.5999755859375</ele>
        <time>2024-10-27T10:49:30.000Z</time>
        <extensions>
          <ns3:TrackPointExtension>
            <ns3:hr>101</ns3:hr>
            <ns3:cad>49</ns3:cad>
          </ns3:TrackPointExtension>
        </extensions>
      </trkpt>
      <trkpt lat="46.69039308093488216400146484375" lon="23.55730877257883548736572265625">
        <ele>830.5999755859375</ele>
        <time>2024-10-27T10:49:32.000Z</time>
        <extensions>
          <ns3:TrackPointExtension>
            <ns3:hr>98</ns3:hr>
            <ns3:cad>48</ns3:cad>
          </ns3:TrackPointExtension>
        </extensions>
      </trkpt>
      <trkpt lat="46.69037816114723682403564453125" lon="23.55732872150838375091552734375">
        <ele>830.5999755859375</ele>
        <time>2024-10-27T10:49:34.000Z</time>
        <extensions>
          <ns3:TrackPointExtension>
            <ns3:hr>94</ns3:hr>
            <ns3:cad>48</ns3:cad>
          </ns3:TrackPointExtension>
        </extensions>
      </trkpt>
      <trkpt lat="46.690372042357921600341796875" lon="23.55733592994511127471923828125">
        <ele>830.4000244140625</ele>
        <time>2024-10-27T10:49:35.000Z</time>
        <extensions>
          <ns3:TrackPointExtension>
            <ns3:hr>91</ns3:hr>
            <ns3:cad>48</ns3:cad>
          </ns3:TrackPointExtension>
        </extensions>
      </trkpt>
      <trkpt lat="46.6903510875999927520751953125" lon="23.557361997663974761962890625">
        <ele>830.20001220703125</ele>
        <time>2024-10-27T10:49:38.000Z</time>
        <extensions>
          <ns3:TrackPointExtension>
            <ns3:hr>88</ns3:hr>
            <ns3:cad>47</ns3:cad>
          </ns3:TrackPointExtension>
        </extensions>
      </trkpt>
      <trkpt lat="46.6903388500213623046875" lon="23.55738387443125247955322265625">
        <ele>830.20001220703125</ele>
        <time>2024-10-27T10:49:40.000Z</time>
        <extensions>
          <ns3:TrackPointExtension>
            <ns3:hr>87</ns3:hr>
            <ns3:cad>46</ns3:cad>
          </ns3:TrackPointExtension>
        </extensions>
      </trkpt>
      <trkpt lat="46.69030331075191497802734375" lon="23.5575009696185588836669921875">
        <ele>829.5999755859375</ele>
        <time>2024-10-27T10:49:48.000Z</time>
        <extensions>
          <ns3:TrackPointExtension>
            <ns3:hr>89</ns3:hr>
            <ns3:cad>50</ns3:cad>
          </ns3:TrackPointExtension>
        </extensions>
      </trkpt>
      <trkpt lat="46.69030725024640560150146484375" lon="23.55753357522189617156982421875">
        <ele>829.4000244140625</ele>
        <time>2024-10-27T10:49:50.000Z</time>
        <extensions>
          <ns3:TrackPointExtension>
            <ns3:hr>91</ns3:hr>
            <ns3:cad>51</ns3:cad>
          </ns3:TrackPointExtension>
        </extensions>
      </trkpt>
      <trkpt lat="46.6903028078377246856689453125" lon="23.5576709546148777008056640625">
        <ele>828.5999755859375</ele>
        <time>2024-10-27T10:49:58.000Z</time>
        <extensions>
          <ns3:TrackPointExtension>
            <ns3:hr>92</ns3:hr>
            <ns3:cad>52</ns3:cad>
          </ns3:TrackPointExtension>
        </extensions>
      </trkpt>
      <trkpt lat="46.690301634371280670166015625" lon="23.55768553912639617919921875">
        <ele>828.4000244140625</ele>
        <time>2024-10-27T10:49:59.000Z</time>
        <extensions>
          <ns3:TrackPointExtension>
            <ns3:hr>92</ns3:hr>
            <ns3:cad>52</ns3:cad>
          </ns3:TrackPointExtension>
        </extensions>
      </trkpt>
      <trkpt lat="46.690282858908176422119140625" lon="23.557844460010528564453125">
        <ele>827.79998779296875</ele>
        <time>2024-10-27T10:50:09.000Z</time>
        <extensions>
          <ns3:TrackPointExtension>
            <ns3:hr>92</ns3:hr>
            <ns3:cad>53</ns3:cad>
          </ns3:TrackPointExtension>
        </extensions>
      </trkpt>
      <trkpt lat="46.69021907262504100799560546875" lon="23.55796121992170810699462890625">
        <ele>827.79998779296875</ele>
        <time>2024-10-27T10:50:18.000Z</time>
        <extensions>
          <ns3:TrackPointExtension>
            <ns3:hr>91</ns3:hr>
            <ns3:cad>51</ns3:cad>
          </ns3:TrackPointExtension>
        </extensions>
      </trkpt>
      <trkpt lat="46.6901673562824726104736328125" lon="23.55809784494340419769287109375">
        <ele>828</ele>
        <time>2024-10-27T10:50:27.000Z</time>
        <extensions>
          <ns3:TrackPointExtension>
            <ns3:hr>92</ns3:hr>
            <ns3:cad>51</ns3:cad>
          </ns3:TrackPointExtension>
        </extensions>
      </trkpt>
      <trkpt lat="46.6901658475399017333984375" lon="23.558231703937053680419921875">
        <ele>828.20001220703125</ele>
        <time>2024-10-27T10:50:36.000Z</time>
        <extensions>
          <ns3:TrackPointExtension>
            <ns3:hr>92</ns3:hr>
            <ns3:cad>48</ns3:cad>
          </ns3:TrackPointExtension>
        </extensions>
      </trkpt>
      <trkpt lat="46.69013567268848419189453125" lon="23.55833203531801700592041015625">
        <ele>827.5999755859375</ele>
        <time>2024-10-27T10:50:44.000Z</time>
        <extensions>
          <ns3:TrackPointExtension>
            <ns3:hr>92</ns3:hr>
            <ns3:cad>0</ns3:cad>
          </ns3:TrackPointExtension>
        </extensions>
      </trkpt>
      <trkpt lat="46.69011714868247509002685546875" lon="23.558422811329364776611328125">
        <ele>827.5999755859375</ele>
        <time>2024-10-27T10:50:50.000Z</time>
        <extensions>
          <ns3:TrackPointExtension>
            <ns3:hr>93</ns3:hr>
            <ns3:cad>49</ns3:cad>
          </ns3:TrackPointExtension>
        </extensions>
      </trkpt>
      <trkpt lat="46.690100133419036865234375" lon="23.55847469530999660491943359375">
        <ele>827.20001220703125</ele>
        <time>2024-10-27T10:50:54.000Z</time>
        <extensions>
          <ns3:TrackPointExtension>
            <ns3:hr>94</ns3:hr>
            <ns3:cad>51</ns3:cad>
          </ns3:TrackPointExtension>
        </extensions>
      </trkpt>
      <trkpt lat="46.69008512981235980987548828125" lon="23.558561615645885467529296875">
        <ele>826.4000244140625</ele>
        <time>2024-10-27T10:51:00.000Z</time>
        <extensions>
          <ns3:TrackPointExtension>
            <ns3:hr>93</ns3:hr>
            <ns3:cad>51</ns3:cad>
          </ns3:TrackPointExtension>
        </extensions>
      </trkpt>
      <trkpt lat="46.69007590971887111663818359375" lon="23.55860763229429721832275390625">
        <ele>826.4000244140625</ele>
        <time>2024-10-27T10:51:03.000Z</time>
        <extensions>
          <ns3:TrackPointExtension>
            <ns3:hr>93</ns3:hr>
            <ns3:cad>51</ns3:cad>
          </ns3:TrackPointExtension>
        </extensions>
      </trkpt>
      <trkpt lat="46.69005009345710277557373046875" lon="23.55873771943151950836181640625">
        <ele>825.79998779296875</ele>
        <time>2024-10-27T10:51:12.000Z</time>
        <extensions>
          <ns3:TrackPointExtension>
            <ns3:hr>91</ns3:hr>
            <ns3:cad>52</ns3:cad>
          </ns3:TrackPointExtension>
        </extensions>
      </trkpt>
      <trkpt lat="46.690046489238739013671875" lon="23.55882422067224979400634765625">
        <ele>825.4000244140625</ele>
        <time>2024-10-27T10:51:18.000Z</time>
        <extensions>
          <ns3:TrackPointExtension>
            <ns3:hr>92</ns3:hr>
            <ns3:cad>50</ns3:cad>
          </ns3:TrackPointExtension>
        </extensions>
      </trkpt>
      <trkpt lat="46.6900369338691234588623046875" lon="23.55889915488660335540771484375">
        <ele>825</ele>
        <time>2024-10-27T10:51:22.000Z</time>
        <extensions>
          <ns3:TrackPointExtension>
            <ns3:hr>92</ns3:hr>
            <ns3:cad>50</ns3:cad>
          </ns3:TrackPointExtension>
        </extensions>
      </trkpt>
      <trkpt lat="46.69002167880535125732421875" lon="23.55905036441981792449951171875">
        <ele>824.5999755859375</ele>
        <time>2024-10-27T10:51:30.000Z</time>
        <extensions>
          <ns3:TrackPointExtension>
            <ns3:hr>89</ns3:hr>
            <ns3:cad>51</ns3:cad>
          </ns3:TrackPointExtension>
        </extensions>
      </trkpt>
      <trkpt lat="46.69002327136695384979248046875" lon="23.5590630210936069488525390625">
        <ele>824.5999755859375</ele>
        <time>2024-10-27T10:51:31.000Z</time>
        <extensions>
          <ns3:TrackPointExtension>
            <ns3:hr>87</ns3:hr>
            <ns3:cad>51</ns3:cad>
          </ns3:TrackPointExtension>
        </extensions>
      </trkpt>
      <trkpt lat="46.690024025738239288330078125" lon="23.55908690951764583587646484375">
        <ele>824.4000244140625</ele>
        <time>2024-10-27T10:51:34.000Z</time>
        <extensions>
          <ns3:TrackPointExtension>
            <ns3:hr>87</ns3:hr>
            <ns3:cad>50</ns3:cad>
          </ns3:TrackPointExtension>
        </extensions>
      </trkpt>
      <trkpt lat="46.69002947397530078887939453125" lon="23.5590861551463603973388671875">
        <ele>824.20001220703125</ele>
        <time>2024-10-27T10:51:40.000Z</time>
        <extensions>
          <ns3:TrackPointExtension>
            <ns3:hr>89</ns3:hr>
            <ns3:cad>0</ns3:cad>
          </ns3:TrackPointExtension>
        </extensions>
      </trkpt>
      <trkpt lat="46.6900634206831455230712890625" lon="23.55913267470896244049072265625">
        <ele>824</ele>
        <time>2024-10-27T10:51:44.000Z</time>
        <extensions>
          <ns3:TrackPointExtension>
            <ns3:hr>92</ns3:hr>
            <ns3:cad>0</ns3:cad>
          </ns3:TrackPointExtension>
        </extensions>
      </trkpt>
      <trkpt lat="46.690091080963611602783203125" lon="23.55917575769126415252685546875">
        <ele>823.4000244140625</ele>
        <time>2024-10-27T10:51:47.000Z</time>
        <extensions>
          <ns3:TrackPointExtension>
            <ns3:hr>93</ns3:hr>
            <ns3:cad>51</ns3:cad>
          </ns3:TrackPointExtension>
        </extensions>
      </trkpt>
      <trkpt lat="46.69009636156260967254638671875" lon="23.55918967165052890777587890625">
        <ele>823.20001220703125</ele>
        <time>2024-10-27T10:51:48.000Z</time>
        <extensions>
          <ns3:TrackPointExtension>
            <ns3:hr>93</ns3:hr>
            <ns3:cad>51</ns3:cad>
          </ns3:TrackPointExtension>
        </extensions>
      </trkpt>
      <trkpt lat="46.690111868083477020263671875" lon="23.5593117959797382354736328125">
        <ele>822.20001220703125</ele>
        <time>2024-10-27T10:51:56.000Z</time>
        <extensions>
          <ns3:TrackPointExtension>
            <ns3:hr>92</ns3:hr>
            <ns3:cad>53</ns3:cad>
          </ns3:TrackPointExtension>
        </extensions>
      </trkpt>
      <trkpt lat="46.69011798687279224395751953125" lon="23.55935010127723217010498046875">
        <ele>821.79998779296875</ele>
        <time>2024-10-27T10:51:59.000Z</time>
        <extensions>
          <ns3:TrackPointExtension>
            <ns3:hr>89</ns3:hr>
            <ns3:cad>53</ns3:cad>
          </ns3:TrackPointExtension>
        </extensions>
      </trkpt>
      <trkpt lat="46.69012838043272495269775390625" lon="23.55941564776003360748291015625">
        <ele>821.20001220703125</ele>
        <time>2024-10-27T10:52:03.000Z</time>
        <extensions>
          <ns3:TrackPointExtension>
            <ns3:hr>89</ns3:hr>
            <ns3:cad>55</ns3:cad>
          </ns3:TrackPointExtension>
        </extensions>
      </trkpt>
      <trkpt lat="46.69013760052621364593505859375" lon="23.559499047696590423583984375">
        <ele>820.20001220703125</ele>
        <time>2024-10-27T10:52:08.000Z</time>
        <extensions>
          <ns3:TrackPointExtension>
            <ns3:hr>90</ns3:hr>
            <ns3:cad>55</ns3:cad>
          </ns3:TrackPointExtension>
        </extensions>
      </trkpt>
      <trkpt lat="46.6901390254497528076171875" lon="23.559506423771381378173828125">
        <ele>820</ele>
        <time>2024-10-27T10:52:09.000Z</time>
        <extensions>
          <ns3:TrackPointExtension>
            <ns3:hr>90</ns3:hr>
            <ns3:cad>55</ns3:cad>
          </ns3:TrackPointExtension>
        </extensions>
      </trkpt>
      <trkpt lat="46.6901945136487483978271484375" lon="23.55966559611260890960693359375">
        <ele>819.79998779296875</ele>
        <time>2024-10-27T10:52:20.000Z</time>
        <extensions>
          <ns3:TrackPointExtension>
            <ns3:hr>90</ns3:hr>
            <ns3:cad>49</ns3:cad>
          </ns3:TrackPointExtension>
        </extensions>
      </trkpt>
      <trkpt lat="46.6902454756200313568115234375" lon="23.5597957670688629150390625">
        <ele>819.79998779296875</ele>
        <time>2024-10-27T10:52:30.000Z</time>
        <extensions>
          <ns3:TrackPointExtension>
            <ns3:hr>90</ns3:hr>
            <ns3:cad>50</ns3:cad>
          </ns3:TrackPointExtension>
        </extensions>
      </trkpt>
      <trkpt lat="46.69034882448613643646240234375" lon="23.5599003732204437255859375">
        <ele>819</ele>
        <time>2024-10-27T10:52:42.000Z</time>
        <extensions>
          <ns3:TrackPointExtension>
            <ns3:hr>92</ns3:hr>
            <ns3:cad>50</ns3:cad>
          </ns3:TrackPointExtension>
        </extensions>
      </trkpt>
      <trkpt lat="46.69039274565875530242919921875" lon="23.5599340684711933135986328125">
        <ele>819</ele>
        <time>2024-10-27T10:52:47.000Z</time>
        <extensions>
          <ns3:TrackPointExtension>
            <ns3:hr>94</ns3:hr>
            <ns3:cad>50</ns3:cad>
          </ns3:TrackPointExtension>
        </extensions>
      </trkpt>
      <trkpt lat="46.6904362477362155914306640625" lon="23.55996298603713512420654296875">
        <ele>818.79998779296875</ele>
        <time>2024-10-27T10:52:52.000Z</time>
        <extensions>
          <ns3:TrackPointExtension>
            <ns3:hr>92</ns3:hr>
            <ns3:cad>50</ns3:cad>
          </ns3:TrackPointExtension>
        </extensions>
      </trkpt>
      <trkpt lat="46.6905123554170131683349609375" lon="23.56009340845048427581787109375">
        <ele>818.20001220703125</ele>
        <time>2024-10-27T10:53:01.000Z</time>
        <extensions>
          <ns3:TrackPointExtension>
            <ns3:hr>94</ns3:hr>
            <ns3:cad>50</ns3:cad>
          </ns3:TrackPointExtension>
        </extensions>
      </trkpt>
      <trkpt lat="46.6905492357909679412841796875" lon="23.5602415166795253753662109375">
        <ele>818</ele>
        <time>2024-10-27T10:53:10.000Z</time>
        <extensions>
          <ns3:TrackPointExtension>
            <ns3:hr>95</ns3:hr>
            <ns3:cad>51</ns3:cad>
          </ns3:TrackPointExtension>
        </extensions>
      </trkpt>
      <trkpt lat="46.69055602513253688812255859375" lon="23.560272864997386932373046875">
        <ele>818</ele>
        <time>2024-10-27T10:53:12.000Z</time>
        <extensions>
          <ns3:TrackPointExtension>
            <ns3:hr>93</ns3:hr>
            <ns3:cad>51</ns3:cad>
          </ns3:TrackPointExtension>
        </extensions>
      </trkpt>
      <trkpt lat="46.6905663348734378814697265625" lon="23.5604314506053924560546875">
        <ele>817.5999755859375</ele>
        <time>2024-10-27T10:53:21.000Z</time>
        <extensions>
          <ns3:TrackPointExtension>
            <ns3:hr>94</ns3:hr>
            <ns3:cad>51</ns3:cad>
          </ns3:TrackPointExtension>
        </extensions>
      </trkpt>
      <trkpt lat="46.69056675396859645843505859375" lon="23.560611493885517120361328125">
        <ele>818</ele>
        <time>2024-10-27T10:53:32.000Z</time>
        <extensions>
          <ns3:TrackPointExtension>
            <ns3:hr>95</ns3:hr>
            <ns3:cad>50</ns3:cad>
          </ns3:TrackPointExtension>
        </extensions>
      </trkpt>
      <trkpt lat="46.6905777342617511749267578125" lon="23.56072406284511089324951171875">
        <ele>818.20001220703125</ele>
        <time>2024-10-27T10:53:39.000Z</time>
        <extensions>
          <ns3:TrackPointExtension>
            <ns3:hr>92</ns3:hr>
            <ns3:cad>50</ns3:cad>
          </ns3:TrackPointExtension>
        </extensions>
      </trkpt>
      <trkpt lat="46.69059441424906253814697265625" lon="23.56079916469752788543701171875">
        <ele>818</ele>
        <time>2024-10-27T10:53:43.000Z</time>
        <extensions>
          <ns3:TrackPointExtension>
            <ns3:hr>92</ns3:hr>
            <ns3:cad>51</ns3:cad>
          </ns3:TrackPointExtension>
        </extensions>
      </trkpt>
      <trkpt lat="46.69059357605874538421630859375" lon="23.56091558933258056640625">
        <ele>818.20001220703125</ele>
        <time>2024-10-27T10:53:49.000Z</time>
        <extensions>
          <ns3:TrackPointExtension>
            <ns3:hr>95</ns3:hr>
            <ns3:cad>50</ns3:cad>
          </ns3:TrackPointExtension>
        </extensions>
      </trkpt>
      <trkpt lat="46.69059173204004764556884765625" lon="23.56098826043307781219482421875">
        <ele>818.20001220703125</ele>
        <time>2024-10-27T10:53:53.000Z</time>
        <extensions>
          <ns3:TrackPointExtension>
            <ns3:hr>94</ns3:hr>
            <ns3:cad>50</ns3:cad>
          </ns3:TrackPointExtension>
        </extensions>
      </trkpt>
      <trkpt lat="46.6906189732253551483154296875" lon="23.561167381703853607177734375">
        <ele>817.5999755859375</ele>
        <time>2024-10-27T10:54:04.000Z</time>
        <extensions>
          <ns3:TrackPointExtension>
            <ns3:hr>93</ns3:hr>
            <ns3:cad>51</ns3:cad>
          </ns3:TrackPointExtension>
        </extensions>
      </trkpt>
      <trkpt lat="46.69066901318728923797607421875" lon="23.56133812107145786285400390625">
        <ele>817</ele>
        <time>2024-10-27T10:54:15.000Z</time>
        <extensions>
          <ns3:TrackPointExtension>
            <ns3:hr>92</ns3:hr>
            <ns3:cad>51</ns3:cad>
          </ns3:TrackPointExtension>
        </extensions>
      </trkpt>
      <trkpt lat="46.69067923910915851593017578125" lon="23.56136393733322620391845703125">
        <ele>816.79998779296875</ele>
        <time>2024-10-27T10:54:17.000Z</time>
        <extensions>
          <ns3:TrackPointExtension>
            <ns3:hr>92</ns3:hr>
            <ns3:cad>51</ns3:cad>
          </ns3:TrackPointExtension>
        </extensions>
      </trkpt>
      <trkpt lat="46.69072232209146022796630859375" lon="23.56149134226143360137939453125">
        <ele>816.4000244140625</ele>
        <time>2024-10-27T10:54:25.000Z</time>
        <extensions>
          <ns3:TrackPointExtension>
            <ns3:hr>95</ns3:hr>
            <ns3:cad>51</ns3:cad>
          </ns3:TrackPointExtension>
        </extensions>
      </trkpt>
      <trkpt lat="46.6907262615859508514404296875" lon="23.561505340039730072021484375">
        <ele>816.4000244140625</ele>
        <time>2024-10-27T10:54:26.000Z</time>
        <extensions>
          <ns3:TrackPointExtension>
            <ns3:hr>95</ns3:hr>
            <ns3:cad>51</ns3:cad>
          </ns3:TrackPointExtension>
        </extensions>
      </trkpt>
      <trkpt lat="46.6907762177288532257080078125" lon="23.56165076605975627899169921875">
        <ele>816</ele>
        <time>2024-10-27T10:54:36.000Z</time>
        <extensions>
          <ns3:TrackPointExtension>
            <ns3:hr>96</ns3:hr>
            <ns3:cad>50</ns3:cad>
          </ns3:TrackPointExtension>
        </extensions>
      </trkpt>
      <trkpt lat="46.69079951941967010498046875" lon="23.56169519014656543731689453125">
        <ele>816</ele>
        <time>2024-10-27T10:54:39.000Z</time>
        <extensions>
          <ns3:TrackPointExtension>
            <ns3:hr>90</ns3:hr>
            <ns3:cad>50</ns3:cad>
          </ns3:TrackPointExtension>
        </extensions>
      </trkpt>
      <trkpt lat="46.6908238269388675689697265625" lon="23.56171145103871822357177734375">
        <ele>815.79998779296875</ele>
        <time>2024-10-27T10:54:42.000Z</time>
        <extensions>
          <ns3:TrackPointExtension>
            <ns3:hr>88</ns3:hr>
            <ns3:cad>49</ns3:cad>
          </ns3:TrackPointExtension>
        </extensions>
      </trkpt>
      <trkpt lat="46.69085877947509288787841796875" lon="23.56174346990883350372314453125">
        <ele>815.5999755859375</ele>
        <time>2024-10-27T10:54:46.000Z</time>
        <extensions>
          <ns3:TrackPointExtension>
            <ns3:hr>87</ns3:hr>
            <ns3:cad>48</ns3:cad>
          </ns3:TrackPointExtension>
        </extensions>
      </trkpt>
      <trkpt lat="46.6909207217395305633544921875" lon="23.5618666000664234161376953125">
        <ele>815.4000244140625</ele>
        <time>2024-10-27T10:54:55.000Z</time>
        <extensions>
          <ns3:TrackPointExtension>
            <ns3:hr>88</ns3:hr>
            <ns3:cad>48</ns3:cad>
          </ns3:TrackPointExtension>
        </extensions>
      </trkpt>
      <trkpt lat="46.69099993072450160980224609375" lon="23.5619844496250152587890625">
        <ele>815</ele>
        <time>2024-10-27T10:55:04.000Z</time>
        <extensions>
          <ns3:TrackPointExtension>
            <ns3:hr>89</ns3:hr>
            <ns3:cad>48</ns3:cad>
          </ns3:TrackPointExtension>
        </extensions>
      </trkpt>
      <trkpt lat="46.6910239867866039276123046875" lon="23.5620342381298542022705078125">
        <ele>814.79998779296875</ele>
        <time>2024-10-27T10:55:08.000Z</time>
        <extensions>
          <ns3:TrackPointExtension>
            <ns3:hr>92</ns3:hr>
            <ns3:cad>49</ns3:cad>
          </ns3:TrackPointExtension>
        </extensions>
      </trkpt>
      <trkpt lat="46.691051311790943145751953125" lon="23.5620872117578983306884765625">
        <ele>814.79998779296875</ele>
        <time>2024-10-27T10:55:12.000Z</time>
        <extensions>
          <ns3:TrackPointExtension>
            <ns3:hr>93</ns3:hr>
            <ns3:cad>50</ns3:cad>
          </ns3:TrackPointExtension>
        </extensions>
      </trkpt>
      <trkpt lat="46.69105743058025836944580078125" lon="23.5620972700417041778564453125">
        <ele>814.79998779296875</ele>
        <time>2024-10-27T10:55:13.000Z</time>
        <extensions>
          <ns3:TrackPointExtension>
            <ns3:hr>93</ns3:hr>
            <ns3:cad>49</ns3:cad>
          </ns3:TrackPointExtension>
        </extensions>
      </trkpt>
      <trkpt lat="46.69112716801464557647705078125" lon="23.5622124373912811279296875">
        <ele>814.79998779296875</ele>
        <time>2024-10-27T10:55:22.000Z</time>
        <extensions>
          <ns3:TrackPointExtension>
            <ns3:hr>91</ns3:hr>
            <ns3:cad>48</ns3:cad>
          </ns3:TrackPointExtension>
        </extensions>
      </trkpt>
      <trkpt lat="46.691204197704792022705078125" lon="23.5623316280543804168701171875">
        <ele>815</ele>
        <time>2024-10-27T10:55:32.000Z</time>
        <extensions>
          <ns3:TrackPointExtension>
            <ns3:hr>91</ns3:hr>
            <ns3:cad>48</ns3:cad>
          </ns3:TrackPointExtension>
        </extensions>
      </trkpt>
      <trkpt lat="46.691272258758544921875" lon="23.56244537048041820526123046875">
        <ele>815.20001220703125</ele>
        <time>2024-10-27T10:55:42.000Z</time>
        <extensions>
          <ns3:TrackPointExtension>
            <ns3:hr>91</ns3:hr>
            <ns3:cad>47</ns3:cad>
          </ns3:TrackPointExtension>
        </extensions>
      </trkpt>
      <trkpt lat="46.6913488693535327911376953125" lon="23.56254964135587215423583984375">
        <ele>815.20001220703125</ele>
        <time>2024-10-27T10:55:51.000Z</time>
        <extensions>
          <ns3:TrackPointExtension>
            <ns3:hr>91</ns3:hr>
            <ns3:cad>47</ns3:cad>
          </ns3:TrackPointExtension>
        </extensions>
      </trkpt>
      <trkpt lat="46.69137543998658657073974609375" lon="23.5626038722693920135498046875">
        <ele>815.20001220703125</ele>
        <time>2024-10-27T10:55:56.000Z</time>
        <extensions>
          <ns3:TrackPointExtension>
            <ns3:hr>94</ns3:hr>
            <ns3:cad>46</ns3:cad>
          </ns3:TrackPointExtension>
        </extensions>
      </trkpt>
      <trkpt lat="46.6914008371531963348388671875" lon="23.5626434348523616790771484375">
        <ele>815.4000244140625</ele>
        <time>2024-10-27T10:55:59.000Z</time>
        <extensions>
          <ns3:TrackPointExtension>
            <ns3:hr>97</ns3:hr>
            <ns3:cad>46</ns3:cad>
          </ns3:TrackPointExtension>
        </extensions>
      </trkpt>
      <trkpt lat="46.6914031840860843658447265625" lon="23.56264871545135974884033203125">
        <ele>815.4000244140625</ele>
        <time>2024-10-27T10:56:01.000Z</time>
        <extensions>
          <ns3:TrackPointExtension>
            <ns3:hr>98</ns3:hr>
            <ns3:cad>0</ns3:cad>
          </ns3:TrackPointExtension>
        </extensions>
      </trkpt>
      <trkpt lat="46.69141600839793682098388671875" lon="23.5626732744276523590087890625">
        <ele>815</ele>
        <time>2024-10-27T10:56:05.000Z</time>
        <extensions>
          <ns3:TrackPointExtension>
            <ns3:hr>95</ns3:hr>
            <ns3:cad>0</ns3:cad>
          </ns3:TrackPointExtension>
        </extensions>
      </trkpt>
      <trkpt lat="46.69144065119326114654541015625" lon="23.56275600381195545196533203125">
        <ele>814.5999755859375</ele>
        <time>2024-10-27T10:56:10.000Z</time>
        <extensions>
          <ns3:TrackPointExtension>
            <ns3:hr>97</ns3:hr>
            <ns3:cad>48</ns3:cad>
          </ns3:TrackPointExtension>
        </extensions>
      </trkpt>
      <trkpt lat="46.6914554871618747711181640625" lon="23.56279204599559307098388671875">
        <ele>814.5999755859375</ele>
        <time>2024-10-27T10:56:12.000Z</time>
        <extensions>
          <ns3:TrackPointExtension>
            <ns3:hr>100</ns3:hr>
            <ns3:cad>50</ns3:cad>
          </ns3:TrackPointExtension>
        </extensions>
      </trkpt>
      <trkpt lat="46.691487841308116912841796875" lon="23.56285893358290195465087890625">
        <ele>814.5999755859375</ele>
        <time>2024-10-27T10:56:17.000Z</time>
        <extensions>
          <ns3:TrackPointExtension>
            <ns3:hr>101</ns3:hr>
            <ns3:cad>48</ns3:cad>
          </ns3:TrackPointExtension>
        </extensions>
      </trkpt>
      <trkpt lat="46.6915362887084484100341796875" lon="23.5629203729331493377685546875">
        <ele>813.79998779296875</ele>
        <time>2024-10-27T10:56:25.000Z</time>
        <extensions>
          <ns3:TrackPointExtension>
            <ns3:hr>100</ns3:hr>
            <ns3:cad>50</ns3:cad>
          </ns3:TrackPointExtension>
        </extensions>
      </trkpt>
      <trkpt lat="46.69157627038657665252685546875" lon="23.56302179396152496337890625">
        <ele>812.79998779296875</ele>
        <time>2024-10-27T10:56:33.000Z</time>
        <extensions>
          <ns3:TrackPointExtension>
            <ns3:hr>98</ns3:hr>
            <ns3:cad>48</ns3:cad>
          </ns3:TrackPointExtension>
        </extensions>
      </trkpt>
      <trkpt lat="46.6915802098810672760009765625" lon="23.56304191052913665771484375">
        <ele>812.79998779296875</ele>
        <time>2024-10-27T10:56:35.000Z</time>
        <extensions>
          <ns3:TrackPointExtension>
            <ns3:hr>99</ns3:hr>
            <ns3:cad>45</ns3:cad>
          </ns3:TrackPointExtension>
        </extensions>
      </trkpt>
      <trkpt lat="46.69159990735352039337158203125" lon="23.5631029307842254638671875">
        <ele>811.79998779296875</ele>
        <time>2024-10-27T10:56:41.000Z</time>
        <extensions>
          <ns3:TrackPointExtension>
            <ns3:hr>99</ns3:hr>
            <ns3:cad>49</ns3:cad>
          </ns3:TrackPointExtension>
        </extensions>
      </trkpt>
      <trkpt lat="46.6916050203144550323486328125" lon="23.5631155036389827728271484375">
        <ele>811.5999755859375</ele>
        <time>2024-10-27T10:56:42.000Z</time>
        <extensions>
          <ns3:TrackPointExtension>
            <ns3:hr>98</ns3:hr>
            <ns3:cad>52</ns3:cad>
          </ns3:TrackPointExtension>
        </extensions>
      </trkpt>
      <trkpt lat="46.69163946993649005889892578125" lon="23.56319622136652469635009765625">
        <ele>811</ele>
        <time>2024-10-27T10:56:47.000Z</time>
        <extensions>
          <ns3:TrackPointExtension>
            <ns3:hr>95</ns3:hr>
            <ns3:cad>54</ns3:cad>
          </ns3:TrackPointExtension>
        </extensions>
      </trkpt>
      <trkpt lat="46.69164801947772502899169921875" lon="23.5632207803428173065185546875">
        <ele>810.5999755859375</ele>
        <time>2024-10-27T10:56:49.000Z</time>
        <extensions>
          <ns3:TrackPointExtension>
            <ns3:hr>96</ns3:hr>
            <ns3:cad>55</ns3:cad>
          </ns3:TrackPointExtension>
        </extensions>
      </trkpt>
      <trkpt lat="46.6916519589722156524658203125" lon="23.56323310174047946929931640625">
        <ele>810.4000244140625</ele>
        <time>2024-10-27T10:56:50.000Z</time>
        <extensions>
          <ns3:TrackPointExtension>
            <ns3:hr>96</ns3:hr>
            <ns3:cad>55</ns3:cad>
          </ns3:TrackPointExtension>
        </extensions>
      </trkpt>
      <trkpt lat="46.69171071611344814300537109375" lon="23.563379533588886260986328125">
        <ele>809.5999755859375</ele>
        <time>2024-10-27T10:56:59.000Z</time>
        <extensions>
          <ns3:TrackPointExtension>
            <ns3:hr>95</ns3:hr>
            <ns3:cad>53</ns3:cad>
          </ns3:TrackPointExtension>
        </extensions>
      </trkpt>
      <trkpt lat="46.69176578521728515625" lon="23.56346846558153629302978515625">
        <ele>808.4000244140625</ele>
        <time>2024-10-27T10:57:08.000Z</time>
        <extensions>
          <ns3:TrackPointExtension>
            <ns3:hr>95</ns3:hr>
            <ns3:cad>53</ns3:cad>
          </ns3:TrackPointExtension>
        </extensions>
      </trkpt>
      <trkpt lat="46.69182269833981990814208984375" lon="23.56358061544597148895263671875">
        <ele>807.5999755859375</ele>
        <time>2024-10-27T10:57:17.000Z</time>
        <extensions>
          <ns3:TrackPointExtension>
            <ns3:hr>95</ns3:hr>
            <ns3:cad>50</ns3:cad>
          </ns3:TrackPointExtension>
        </extensions>
      </trkpt>
      <trkpt lat="46.6918313317000865936279296875" lon="23.56358774006366729736328125">
        <ele>807.5999755859375</ele>
        <time>2024-10-27T10:57:20.000Z</time>
        <extensions>
          <ns3:TrackPointExtension>
            <ns3:hr>92</ns3:hr>
            <ns3:cad>0</ns3:cad>
          </ns3:TrackPointExtension>
        </extensions>
      </trkpt>
      <trkpt lat="46.6918584890663623809814453125" lon="23.5635979659855365753173828125">
        <ele>808</ele>
        <time>2024-10-27T10:57:25.000Z</time>
        <extensions>
          <ns3:TrackPointExtension>
            <ns3:hr>93</ns3:hr>
            <ns3:cad>0</ns3:cad>
          </ns3:TrackPointExtension>
        </extensions>
      </trkpt>
      <trkpt lat="46.69186477549374103546142578125" lon="23.56360609643161296844482421875">
        <ele>808.20001220703125</ele>
        <time>2024-10-27T10:57:28.000Z</time>
        <extensions>
          <ns3:TrackPointExtension>
            <ns3:hr>93</ns3:hr>
            <ns3:cad>0</ns3:cad>
          </ns3:TrackPointExtension>
        </extensions>
      </trkpt>
      <trkpt lat="46.69183887541294097900390625" lon="23.5635915957391262054443359375">
        <ele>808.4000244140625</ele>
        <time>2024-10-27T10:57:33.000Z</time>
        <extensions>
          <ns3:TrackPointExtension>
            <ns3:hr>90</ns3:hr>
            <ns3:cad>0</ns3:cad>
          </ns3:TrackPointExtension>
        </extensions>
      </trkpt>
      <trkpt lat="46.69183879159390926361083984375" lon="23.56363291852176189422607421875">
        <ele>808.4000244140625</ele>
        <time>2024-10-27T10:57:38.000Z</time>
        <extensions>
          <ns3:TrackPointExtension>
            <ns3:hr>87</ns3:hr>
            <ns3:cad>0</ns3:cad>
          </ns3:TrackPointExtension>
        </extensions>
      </trkpt>
      <trkpt lat="46.69184700585901737213134765625" lon="23.56367566622793674468994140625">
        <ele>808.20001220703125</ele>
        <time>2024-10-27T10:57:41.000Z</time>
        <extensions>
          <ns3:TrackPointExtension>
            <ns3:hr>86</ns3:hr>
            <ns3:cad>0</ns3:cad>
          </ns3:TrackPointExtension>
        </extensions>
      </trkpt>
      <trkpt lat="46.69185622595250606536865234375" lon="23.56377071700990200042724609375">
        <ele>807.5999755859375</ele>
        <time>2024-10-27T10:57:49.000Z</time>
        <extensions>
          <ns3:TrackPointExtension>
            <ns3:hr>88</ns3:hr>
            <ns3:cad>45</ns3:cad>
          </ns3:TrackPointExtension>
        </extensions>
      </trkpt>
      <trkpt lat="46.69186091981828212738037109375" lon="23.56380541808903217315673828125">
        <ele>807.4000244140625</ele>
        <time>2024-10-27T10:57:51.000Z</time>
        <extensions>
          <ns3:TrackPointExtension>
            <ns3:hr>89</ns3:hr>
            <ns3:cad>51</ns3:cad>
          </ns3:TrackPointExtension>
        </extensions>
      </trkpt>
      <trkpt lat="46.691865362226963043212890625" lon="23.56388186104595661163330078125">
        <ele>806.79998779296875</ele>
        <time>2024-10-27T10:57:56.000Z</time>
        <extensions>
          <ns3:TrackPointExtension>
            <ns3:hr>92</ns3:hr>
            <ns3:cad>56</ns3:cad>
          </ns3:TrackPointExtension>
        </extensions>
      </trkpt>
      <trkpt lat="46.6918739117681980133056640625" lon="23.56392175890505313873291015625">
        <ele>806.4000244140625</ele>
        <time>2024-10-27T10:57:59.000Z</time>
        <extensions>
          <ns3:TrackPointExtension>
            <ns3:hr>92</ns3:hr>
            <ns3:cad>52</ns3:cad>
          </ns3:TrackPointExtension>
        </extensions>
      </trkpt>
      <trkpt lat="46.69188313186168670654296875" lon="23.56399317272007465362548828125">
        <ele>806.20001220703125</ele>
        <time>2024-10-27T10:58:08.000Z</time>
        <extensions>
          <ns3:TrackPointExtension>
            <ns3:hr>91</ns3:hr>
            <ns3:cad>0</ns3:cad>
          </ns3:TrackPointExtension>
        </extensions>
      </trkpt>
      <trkpt lat="46.6918910108506679534912109375" lon="23.56410884298384189605712890625">
        <ele>805.5999755859375</ele>
        <time>2024-10-27T10:58:17.000Z</time>
        <extensions>
          <ns3:TrackPointExtension>
            <ns3:hr>89</ns3:hr>
            <ns3:cad>48</ns3:cad>
          </ns3:TrackPointExtension>
        </extensions>
      </trkpt>
      <trkpt lat="46.69189578853547573089599609375" lon="23.5641463100910186767578125">
        <ele>805.4000244140625</ele>
        <time>2024-10-27T10:58:19.000Z</time>
        <extensions>
          <ns3:TrackPointExtension>
            <ns3:hr>89</ns3:hr>
            <ns3:cad>51</ns3:cad>
          </ns3:TrackPointExtension>
        </extensions>
      </trkpt>
      <trkpt lat="46.69193945825099945068359375" lon="23.56429726816713809967041015625">
        <ele>804.79998779296875</ele>
        <time>2024-10-27T10:58:28.000Z</time>
        <extensions>
          <ns3:TrackPointExtension>
            <ns3:hr>89</ns3:hr>
            <ns3:cad>53</ns3:cad>
          </ns3:TrackPointExtension>
        </extensions>
      </trkpt>
      <trkpt lat="46.6919641010463237762451171875" lon="23.5644314624369144439697265625">
        <ele>804.5999755859375</ele>
        <time>2024-10-27T10:58:39.000Z</time>
        <extensions>
          <ns3:TrackPointExtension>
            <ns3:hr>90</ns3:hr>
            <ns3:cad>51</ns3:cad>
          </ns3:TrackPointExtension>
        </extensions>
      </trkpt>
      <trkpt lat="46.6919741593301296234130859375" lon="23.564484603703022003173828125">
        <ele>804.79998779296875</ele>
        <time>2024-10-27T10:58:42.000Z</time>
        <extensions>
          <ns3:TrackPointExtension>
            <ns3:hr>94</ns3:hr>
            <ns3:cad>51</ns3:cad>
          </ns3:TrackPointExtension>
        </extensions>
      </trkpt>
      <trkpt lat="46.69199980795383453369140625" lon="23.56458024121820926666259765625">
        <ele>805.4000244140625</ele>
        <time>2024-10-27T10:58:48.000Z</time>
        <extensions>
          <ns3:TrackPointExtension>
            <ns3:hr>93</ns3:hr>
            <ns3:cad>53</ns3:cad>
          </ns3:TrackPointExtension>
        </extensions>
      </trkpt>
      <trkpt lat="46.6920433938503265380859375" lon="23.56470194645226001739501953125">
        <ele>804.79998779296875</ele>
        <time>2024-10-27T10:58:57.000Z</time>
        <extensions>
          <ns3:TrackPointExtension>
            <ns3:hr>92</ns3:hr>
            <ns3:cad>50</ns3:cad>
          </ns3:TrackPointExtension>
        </extensions>
      </trkpt>
      <trkpt lat="46.6921032406389713287353515625" lon="23.5648461990058422088623046875">
        <ele>804.4000244140625</ele>
        <time>2024-10-27T10:59:05.000Z</time>
        <extensions>
          <ns3:TrackPointExtension>
            <ns3:hr>92</ns3:hr>
            <ns3:cad>51</ns3:cad>
          </ns3:TrackPointExtension>
        </extensions>
      </trkpt>
      <trkpt lat="46.6921562142670154571533203125" lon="23.56499883346259593963623046875">
        <ele>803.79998779296875</ele>
        <time>2024-10-27T10:59:15.000Z</time>
        <extensions>
          <ns3:TrackPointExtension>
            <ns3:hr>92</ns3:hr>
            <ns3:cad>51</ns3:cad>
          </ns3:TrackPointExtension>
        </extensions>
      </trkpt>
      <trkpt lat="46.69220223091542720794677734375" lon="23.56506069190800189971923828125">
        <ele>803.4000244140625</ele>
        <time>2024-10-27T10:59:20.000Z</time>
        <extensions>
          <ns3:TrackPointExtension>
            <ns3:hr>95</ns3:hr>
            <ns3:cad>51</ns3:cad>
          </ns3:TrackPointExtension>
        </extensions>
      </trkpt>
      <trkpt lat="46.69221145100891590118408203125" lon="23.56507142074406147003173828125">
        <ele>803.20001220703125</ele>
        <time>2024-10-27T10:59:21.000Z</time>
        <extensions>
          <ns3:TrackPointExtension>
            <ns3:hr>95</ns3:hr>
            <ns3:cad>50</ns3:cad>
          </ns3:TrackPointExtension>
        </extensions>
      </trkpt>
      <trkpt lat="46.6922497563064098358154296875" lon="23.56512942351400852203369140625">
        <ele>803.20001220703125</ele>
        <time>2024-10-27T10:59:25.000Z</time>
        <extensions>
          <ns3:TrackPointExtension>
            <ns3:hr>96</ns3:hr>
            <ns3:cad>50</ns3:cad>
          </ns3:TrackPointExtension>
        </extensions>
      </trkpt>
      <trkpt lat="46.6923201642930507659912109375" lon="23.565275184810161590576171875">
        <ele>802.79998779296875</ele>
        <time>2024-10-27T10:59:35.000Z</time>
        <extensions>
          <ns3:TrackPointExtension>
            <ns3:hr>95</ns3:hr>
            <ns3:cad>52</ns3:cad>
          </ns3:TrackPointExtension>
        </extensions>
      </trkpt>
      <trkpt lat="46.692385710775852203369140625" lon="23.56536763720214366912841796875">
        <ele>802.4000244140625</ele>
        <time>2024-10-27T10:59:45.000Z</time>
        <extensions>
          <ns3:TrackPointExtension>
            <ns3:hr>95</ns3:hr>
            <ns3:cad>50</ns3:cad>
          </ns3:TrackPointExtension>
        </extensions>
      </trkpt>
      <trkpt lat="46.69239987619221210479736328125" lon="23.565393202006816864013671875">
        <ele>802.20001220703125</ele>
        <time>2024-10-27T10:59:47.000Z</time>
        <extensions>
          <ns3:TrackPointExtension>
            <ns3:hr>94</ns3:hr>
            <ns3:cad>51</ns3:cad>
          </ns3:TrackPointExtension>
        </extensions>
      </trkpt>
      <trkpt lat="46.69250045903027057647705078125" lon="23.5655008256435394287109375">
        <ele>801.79998779296875</ele>
        <time>2024-10-27T10:59:56.000Z</time>
        <extensions>
          <ns3:TrackPointExtension>
            <ns3:hr>93</ns3:hr>
            <ns3:cad>51</ns3:cad>
          </ns3:TrackPointExtension>
        </extensions>
      </trkpt>
      <trkpt lat="46.6925474815070629119873046875" lon="23.5655811242759227752685546875">
        <ele>801.79998779296875</ele>
        <time>2024-10-27T11:00:02.000Z</time>
        <extensions>
          <ns3:TrackPointExtension>
            <ns3:hr>96</ns3:hr>
            <ns3:cad>50</ns3:cad>
          </ns3:TrackPointExtension>
        </extensions>
      </trkpt>
      <trkpt lat="46.69256684370338916778564453125" lon="23.56562764383852481842041015625">
        <ele>801.4000244140625</ele>
        <time>2024-10-27T11:00:05.000Z</time>
        <extensions>
          <ns3:TrackPointExtension>
            <ns3:hr>98</ns3:hr>
            <ns3:cad>51</ns3:cad>
          </ns3:TrackPointExtension>
        </extensions>
      </trkpt>
      <trkpt lat="46.692595593631267547607421875" lon="23.5656937770545482635498046875">
        <ele>801.20001220703125</ele>
        <time>2024-10-27T11:00:10.000Z</time>
        <extensions>
          <ns3:TrackPointExtension>
            <ns3:hr>99</ns3:hr>
            <ns3:cad>50</ns3:cad>
          </ns3:TrackPointExtension>
        </extensions>
      </trkpt>
      <trkpt lat="46.69261009432375431060791015625" lon="23.565730154514312744140625">
        <ele>801.20001220703125</ele>
        <time>2024-10-27T11:00:13.000Z</time>
        <extensions>
          <ns3:TrackPointExtension>
            <ns3:hr>99</ns3:hr>
            <ns3:cad>50</ns3:cad>
          </ns3:TrackPointExtension>
        </extensions>
      </trkpt>
      <trkpt lat="46.6926343180239200592041015625" lon="23.56581908650696277618408203125">
        <ele>801</ele>
        <time>2024-10-27T11:00:18.000Z</time>
        <extensions>
          <ns3:TrackPointExtension>
            <ns3:hr>96</ns3:hr>
            <ns3:cad>50</ns3:cad>
          </ns3:TrackPointExtension>
        </extensions>
      </trkpt>
      <trkpt lat="46.69264714233577251434326171875" lon="23.56585462577641010284423828125">
        <ele>801</ele>
        <time>2024-10-27T11:00:21.000Z</time>
        <extensions>
          <ns3:TrackPointExtension>
            <ns3:hr>94</ns3:hr>
            <ns3:cad>49</ns3:cad>
          </ns3:TrackPointExtension>
        </extensions>
      </trkpt>
      <trkpt lat="46.6926782391965389251708984375" lon="23.56590860523283481597900390625">
        <ele>800.79998779296875</ele>
        <time>2024-10-27T11:00:26.000Z</time>
        <extensions>
          <ns3:TrackPointExtension>
            <ns3:hr>91</ns3:hr>
            <ns3:cad>50</ns3:cad>
          </ns3:TrackPointExtension>
        </extensions>
      </trkpt>
      <trkpt lat="46.69271335937082767486572265625" lon="23.56595185585319995880126953125">
        <ele>800.5999755859375</ele>
        <time>2024-10-27T11:00:30.000Z</time>
        <extensions>
          <ns3:TrackPointExtension>
            <ns3:hr>90</ns3:hr>
            <ns3:cad>50</ns3:cad>
          </ns3:TrackPointExtension>
        </extensions>
      </trkpt>
      <trkpt lat="46.69281763024628162384033203125" lon="23.56603684835135936737060546875">
        <ele>800.20001220703125</ele>
        <time>2024-10-27T11:00:41.000Z</time>
        <extensions>
          <ns3:TrackPointExtension>
            <ns3:hr>93</ns3:hr>
            <ns3:cad>49</ns3:cad>
          </ns3:TrackPointExtension>
        </extensions>
      </trkpt>
      <trkpt lat="46.6928807459771633148193359375" lon="23.56611681170761585235595703125">
        <ele>800.20001220703125</ele>
        <time>2024-10-27T11:00:50.000Z</time>
        <extensions>
          <ns3:TrackPointExtension>
            <ns3:hr>96</ns3:hr>
            <ns3:cad>49</ns3:cad>
          </ns3:TrackPointExtension>
        </extensions>
      </trkpt>
      <trkpt lat="46.69288904406130313873291015625" lon="23.566128797829151153564453125">
        <ele>800.20001220703125</ele>
        <time>2024-10-27T11:00:51.000Z</time>
        <extensions>
          <ns3:TrackPointExtension>
            <ns3:hr>96</ns3:hr>
            <ns3:cad>49</ns3:cad>
          </ns3:TrackPointExtension>
        </extensions>
      </trkpt>
      <trkpt lat="46.69297403655946254730224609375" lon="23.56625276617705821990966796875">
        <ele>799.79998779296875</ele>
        <time>2024-10-27T11:01:00.000Z</time>
        <extensions>
          <ns3:TrackPointExtension>
            <ns3:hr>95</ns3:hr>
            <ns3:cad>53</ns3:cad>
          </ns3:TrackPointExtension>
        </extensions>
      </trkpt>
      <trkpt lat="46.69304662384092807769775390625" lon="23.56636290438473224639892578125">
        <ele>799.4000244140625</ele>
        <time>2024-10-27T11:01:10.000Z</time>
        <extensions>
          <ns3:TrackPointExtension>
            <ns3:hr>94</ns3:hr>
            <ns3:cad>51</ns3:cad>
          </ns3:TrackPointExtension>
        </extensions>
      </trkpt>
      <trkpt lat="46.69312239624559879302978515625" lon="23.56647924520075321197509765625">
        <ele>799.5999755859375</ele>
        <time>2024-10-27T11:01:20.000Z</time>
        <extensions>
          <ns3:TrackPointExtension>
            <ns3:hr>93</ns3:hr>
            <ns3:cad>51</ns3:cad>
          </ns3:TrackPointExtension>
        </extensions>
      </trkpt>
      <trkpt lat="46.69320722110569477081298828125" lon="23.5665949992835521697998046875">
        <ele>799.4000244140625</ele>
        <time>2024-10-27T11:01:29.000Z</time>
        <extensions>
          <ns3:TrackPointExtension>
            <ns3:hr>93</ns3:hr>
            <ns3:cad>51</ns3:cad>
          </ns3:TrackPointExtension>
        </extensions>
      </trkpt>
      <trkpt lat="46.69329875148832798004150390625" lon="23.5666734538972377777099609375">
        <ele>799.5999755859375</ele>
        <time>2024-10-27T11:01:38.000Z</time>
        <extensions>
          <ns3:TrackPointExtension>
            <ns3:hr>94</ns3:hr>
            <ns3:cad>50</ns3:cad>
          </ns3:TrackPointExtension>
        </extensions>
      </trkpt>
      <trkpt lat="46.69339128769934177398681640625" lon="23.56672215275466442108154296875">
        <ele>799.20001220703125</ele>
        <time>2024-10-27T11:01:46.000Z</time>
        <extensions>
          <ns3:TrackPointExtension>
            <ns3:hr>95</ns3:hr>
            <ns3:cad>51</ns3:cad>
          </ns3:TrackPointExtension>
        </extensions>
      </trkpt>
      <trkpt lat="46.69340922497212886810302734375" lon="23.56673623435199260711669921875">
        <ele>799.20001220703125</ele>
        <time>2024-10-27T11:01:48.000Z</time>
        <extensions>
          <ns3:TrackPointExtension>
            <ns3:hr>95</ns3:hr>
            <ns3:cad>51</ns3:cad>
          </ns3:TrackPointExtension>
        </extensions>
      </trkpt>
      <trkpt lat="46.69347242452204227447509765625" lon="23.56681887991726398468017578125">
        <ele>799.5999755859375</ele>
        <time>2024-10-27T11:01:55.000Z</time>
        <extensions>
          <ns3:TrackPointExtension>
            <ns3:hr>95</ns3:hr>
            <ns3:cad>48</ns3:cad>
          </ns3:TrackPointExtension>
        </extensions>
      </trkpt>
      <trkpt lat="46.6935405693948268890380859375" lon="23.56683983467519283294677734375">
        <ele>799.79998779296875</ele>
        <time>2024-10-27T11:02:04.000Z</time>
        <extensions>
          <ns3:TrackPointExtension>
            <ns3:hr>96</ns3:hr>
            <ns3:cad>50</ns3:cad>
          </ns3:TrackPointExtension>
        </extensions>
      </trkpt>
      <trkpt lat="46.69362480752170085906982421875" lon="23.56686883606016635894775390625">
        <ele>800.20001220703125</ele>
        <time>2024-10-27T11:02:11.000Z</time>
        <extensions>
          <ns3:TrackPointExtension>
            <ns3:hr>97</ns3:hr>
            <ns3:cad>48</ns3:cad>
          </ns3:TrackPointExtension>
        </extensions>
      </trkpt>
      <trkpt lat="46.693740896880626678466796875" lon="23.5669215582311153411865234375">
        <ele>800.79998779296875</ele>
        <time>2024-10-27T11:02:20.000Z</time>
        <extensions>
          <ns3:TrackPointExtension>
            <ns3:hr>99</ns3:hr>
            <ns3:cad>48</ns3:cad>
          </ns3:TrackPointExtension>
        </extensions>
      </trkpt>
      <trkpt lat="46.6937853209674358367919921875" lon="23.56687671504914760589599609375">
        <ele>801.20001220703125</ele>
        <time>2024-10-27T11:02:26.000Z</time>
        <extensions>
          <ns3:TrackPointExtension>
            <ns3:hr>102</ns3:hr>
            <ns3:cad>47</ns3:cad>
          </ns3:TrackPointExtension>
        </extensions>
      </trkpt>
      <trkpt lat="46.69379931874573230743408203125" lon="23.56686145998537540435791015625">
        <ele>801.20001220703125</ele>
        <time>2024-10-27T11:02:28.000Z</time>
        <extensions>
          <ns3:TrackPointExtension>
            <ns3:hr>103</ns3:hr>
            <ns3:cad>47</ns3:cad>
          </ns3:TrackPointExtension>
        </extensions>
      </trkpt>
      <trkpt lat="46.693804264068603515625" lon="23.56686095707118511199951171875">
        <ele>801.4000244140625</ele>
        <time>2024-10-27T11:02:29.000Z</time>
        <extensions>
          <ns3:TrackPointExtension>
            <ns3:hr>104</ns3:hr>
            <ns3:cad>48</ns3:cad>
          </ns3:TrackPointExtension>
        </extensions>
      </trkpt>
      <trkpt lat="46.693885736167430877685546875" lon="23.5668571852147579193115234375">
        <ele>801.5999755859375</ele>
        <time>2024-10-27T11:02:37.000Z</time>
        <extensions>
          <ns3:TrackPointExtension>
            <ns3:hr>105</ns3:hr>
            <ns3:cad>48</ns3:cad>
          </ns3:TrackPointExtension>
        </extensions>
      </trkpt>
      <trkpt lat="46.6939848102629184722900390625" lon="23.56683061458170413970947265625">
        <ele>802</ele>
        <time>2024-10-27T11:02:45.000Z</time>
        <extensions>
          <ns3:TrackPointExtension>
            <ns3:hr>102</ns3:hr>
            <ns3:cad>49</ns3:cad>
          </ns3:TrackPointExtension>
        </extensions>
      </trkpt>
      <trkpt lat="46.69401674531400203704833984375" lon="23.56678250245749950408935546875">
        <ele>802</ele>
        <time>2024-10-27T11:02:50.000Z</time>
        <extensions>
          <ns3:TrackPointExtension>
            <ns3:hr>102</ns3:hr>
            <ns3:cad>47</ns3:cad>
          </ns3:TrackPointExtension>
        </extensions>
      </trkpt>
      <trkpt lat="46.6940347664058208465576171875" lon="23.566768504679203033447265625">
        <ele>802.20001220703125</ele>
        <time>2024-10-27T11:02:52.000Z</time>
        <extensions>
          <ns3:TrackPointExtension>
            <ns3:hr>103</ns3:hr>
            <ns3:cad>47</ns3:cad>
          </ns3:TrackPointExtension>
        </extensions>
      </trkpt>
      <trkpt lat="46.69405915774405002593994140625" lon="23.56675132177770137786865234375">
        <ele>802.4000244140625</ele>
        <time>2024-10-27T11:02:54.000Z</time>
        <extensions>
          <ns3:TrackPointExtension>
            <ns3:hr>106</ns3:hr>
            <ns3:cad>48</ns3:cad>
          </ns3:TrackPointExtension>
        </extensions>
      </trkpt>
      <trkpt lat="46.69407743029296398162841796875" lon="23.56674470007419586181640625">
        <ele>802.5999755859375</ele>
        <time>2024-10-27T11:02:56.000Z</time>
        <extensions>
          <ns3:TrackPointExtension>
            <ns3:hr>110</ns3:hr>
            <ns3:cad>48</ns3:cad>
          </ns3:TrackPointExtension>
        </extensions>
      </trkpt>
      <trkpt lat="46.69413291849195957183837890625" lon="23.56673656962811946868896484375">
        <ele>802.79998779296875</ele>
        <time>2024-10-27T11:03:01.000Z</time>
        <extensions>
          <ns3:TrackPointExtension>
            <ns3:hr>113</ns3:hr>
            <ns3:cad>47</ns3:cad>
          </ns3:TrackPointExtension>
        </extensions>
      </trkpt>
      <trkpt lat="46.694143898785114288330078125" lon="23.566739000380039215087890625">
        <ele>802.79998779296875</ele>
        <time>2024-10-27T11:03:02.000Z</time>
        <extensions>
          <ns3:TrackPointExtension>
            <ns3:hr>113</ns3:hr>
            <ns3:cad>47</ns3:cad>
          </ns3:TrackPointExtension>
        </extensions>
      </trkpt>
      <trkpt lat="46.69424213469028472900390625" lon="23.5667596198618412017822265625">
        <ele>803.4000244140625</ele>
        <time>2024-10-27T11:03:11.000Z</time>
        <extensions>
          <ns3:TrackPointExtension>
            <ns3:hr>114</ns3:hr>
            <ns3:cad>47</ns3:cad>
          </ns3:TrackPointExtension>
        </extensions>
      </trkpt>
      <trkpt lat="46.6943351738154888153076171875" lon="23.5668243281543254852294921875">
        <ele>804</ele>
        <time>2024-10-27T11:03:21.000Z</time>
        <extensions>
          <ns3:TrackPointExtension>
            <ns3:hr>113</ns3:hr>
            <ns3:cad>48</ns3:cad>
          </ns3:TrackPointExtension>
        </extensions>
      </trkpt>
      <trkpt lat="46.69435612857341766357421875" lon="23.5668404214084148406982421875">
        <ele>804</ele>
        <time>2024-10-27T11:03:23.000Z</time>
        <extensions>
          <ns3:TrackPointExtension>
            <ns3:hr>110</ns3:hr>
            <ns3:cad>48</ns3:cad>
          </ns3:TrackPointExtension>
        </extensions>
      </trkpt>
      <trkpt lat="46.69437414966523647308349609375" lon="23.56684930622577667236328125">
        <ele>804.4000244140625</ele>
        <time>2024-10-27T11:03:25.000Z</time>
        <extensions>
          <ns3:TrackPointExtension>
            <ns3:hr>109</ns3:hr>
            <ns3:cad>48</ns3:cad>
          </ns3:TrackPointExtension>
        </extensions>
      </trkpt>
      <trkpt lat="46.69439996592700481414794921875" lon="23.566860370337963104248046875">
        <ele>804.5999755859375</ele>
        <time>2024-10-27T11:03:27.000Z</time>
        <extensions>
          <ns3:TrackPointExtension>
            <ns3:hr>106</ns3:hr>
            <ns3:cad>47</ns3:cad>
          </ns3:TrackPointExtension>
        </extensions>
      </trkpt>
      <trkpt lat="46.69444355182349681854248046875" lon="23.5668813250958919525146484375">
        <ele>804.79998779296875</ele>
        <time>2024-10-27T11:03:31.000Z</time>
        <extensions>
          <ns3:TrackPointExtension>
            <ns3:hr>106</ns3:hr>
            <ns3:cad>46</ns3:cad>
          </ns3:TrackPointExtension>
        </extensions>
      </trkpt>
      <trkpt lat="46.69449199922382831573486328125" lon="23.56690227985382080078125">
        <ele>805.4000244140625</ele>
        <time>2024-10-27T11:03:36.000Z</time>
        <extensions>
          <ns3:TrackPointExtension>
            <ns3:hr>104</ns3:hr>
            <ns3:cad>45</ns3:cad>
          </ns3:TrackPointExtension>
        </extensions>
      </trkpt>
      <trkpt lat="46.69451379217207431793212890625" lon="23.566910661756992340087890625">
        <ele>805.5999755859375</ele>
        <time>2024-10-27T11:03:38.000Z</time>
        <extensions>
          <ns3:TrackPointExtension>
            <ns3:hr>104</ns3:hr>
            <ns3:cad>46</ns3:cad>
          </ns3:TrackPointExtension>
        </extensions>
      </trkpt>
      <trkpt lat="46.69457984156906604766845703125" lon="23.56690789572894573211669921875">
        <ele>806.5999755859375</ele>
        <time>2024-10-27T11:03:45.000Z</time>
        <extensions>
          <ns3:TrackPointExtension>
            <ns3:hr>105</ns3:hr>
            <ns3:cad>46</ns3:cad>
          </ns3:TrackPointExtension>
        </extensions>
      </trkpt>
      <trkpt lat="46.69460917823016643524169921875" lon="23.56690672226250171661376953125">
        <ele>806.79998779296875</ele>
        <time>2024-10-27T11:03:47.000Z</time>
        <extensions>
          <ns3:TrackPointExtension>
            <ns3:hr>106</ns3:hr>
            <ns3:cad>47</ns3:cad>
          </ns3:TrackPointExtension>
        </extensions>
      </trkpt>
      <trkpt lat="46.69470255263149738311767578125" lon="23.5669004358351230621337890625">
        <ele>807.5999755859375</ele>
        <time>2024-10-27T11:03:56.000Z</time>
        <extensions>
          <ns3:TrackPointExtension>
            <ns3:hr>106</ns3:hr>
            <ns3:cad>47</ns3:cad>
          </ns3:TrackPointExtension>
        </extensions>
      </trkpt>
      <trkpt lat="46.69481336139142513275146484375" lon="23.56693807058036327362060546875">
        <ele>808.4000244140625</ele>
        <time>2024-10-27T11:04:06.000Z</time>
        <extensions>
          <ns3:TrackPointExtension>
            <ns3:hr>106</ns3:hr>
            <ns3:cad>47</ns3:cad>
          </ns3:TrackPointExtension>
        </extensions>
      </trkpt>
      <trkpt lat="46.6948478110134601593017578125" lon="23.5669654794037342071533203125">
        <ele>808.5999755859375</ele>
        <time>2024-10-27T11:04:09.000Z</time>
        <extensions>
          <ns3:TrackPointExtension>
            <ns3:hr>108</ns3:hr>
            <ns3:cad>46</ns3:cad>
          </ns3:TrackPointExtension>
        </extensions>
      </trkpt>
      <trkpt lat="46.69487488456070423126220703125" lon="23.56698878109455108642578125">
        <ele>808.79998779296875</ele>
        <time>2024-10-27T11:04:12.000Z</time>
        <extensions>
          <ns3:TrackPointExtension>
            <ns3:hr>111</ns3:hr>
            <ns3:cad>46</ns3:cad>
          </ns3:TrackPointExtension>
        </extensions>
      </trkpt>
      <trkpt lat="46.69491360895335674285888671875" lon="23.56701183132827281951904296875">
        <ele>808.79998779296875</ele>
        <time>2024-10-27T11:04:16.000Z</time>
        <extensions>
          <ns3:TrackPointExtension>
            <ns3:hr>111</ns3:hr>
            <ns3:cad>48</ns3:cad>
          </ns3:TrackPointExtension>
        </extensions>
      </trkpt>
      <trkpt lat="46.6949976794421672821044921875" lon="23.5670767910778522491455078125">
        <ele>809.4000244140625</ele>
        <time>2024-10-27T11:04:24.000Z</time>
        <extensions>
          <ns3:TrackPointExtension>
            <ns3:hr>111</ns3:hr>
            <ns3:cad>46</ns3:cad>
          </ns3:TrackPointExtension>
        </extensions>
      </trkpt>
      <trkpt lat="46.695023663341999053955078125" lon="23.5671324469149112701416015625">
        <ele>809.5999755859375</ele>
        <time>2024-10-27T11:04:29.000Z</time>
        <extensions>
          <ns3:TrackPointExtension>
            <ns3:hr>108</ns3:hr>
            <ns3:cad>47</ns3:cad>
          </ns3:TrackPointExtension>
        </extensions>
      </trkpt>
      <trkpt lat="46.6950794868171215057373046875" lon="23.5672075487673282623291015625">
        <ele>809.5999755859375</ele>
        <time>2024-10-27T11:04:35.000Z</time>
        <extensions>
          <ns3:TrackPointExtension>
            <ns3:hr>107</ns3:hr>
            <ns3:cad>47</ns3:cad>
          </ns3:TrackPointExtension>
        </extensions>
      </trkpt>
      <trkpt lat="46.69516473077237606048583984375" lon="23.56727368198335170745849609375">
        <ele>809.5999755859375</ele>
        <time>2024-10-27T11:04:43.000Z</time>
        <extensions>
          <ns3:TrackPointExtension>
            <ns3:hr>105</ns3:hr>
            <ns3:cad>48</ns3:cad>
          </ns3:TrackPointExtension>
        </extensions>
      </trkpt>
      <trkpt lat="46.695252321660518646240234375" lon="23.56734962202608585357666015625">
        <ele>809</ele>
        <time>2024-10-27T11:04:52.000Z</time>
        <extensions>
          <ns3:TrackPointExtension>
            <ns3:hr>104</ns3:hr>
            <ns3:cad>49</ns3:cad>
          </ns3:TrackPointExtension>
        </extensions>
      </trkpt>
      <trkpt lat="46.6953232325613498687744140625" lon="23.56741785071790218353271484375">
        <ele>808</ele>
        <time>2024-10-27T11:05:01.000Z</time>
        <extensions>
          <ns3:TrackPointExtension>
            <ns3:hr>104</ns3:hr>
            <ns3:cad>50</ns3:cad>
          </ns3:TrackPointExtension>
        </extensions>
      </trkpt>
      <trkpt lat="46.69534829445183277130126953125" lon="23.56744048185646533966064453125">
        <ele>807.5999755859375</ele>
        <time>2024-10-27T11:05:04.000Z</time>
        <extensions>
          <ns3:TrackPointExtension>
            <ns3:hr>104</ns3:hr>
            <ns3:cad>50</ns3:cad>
          </ns3:TrackPointExtension>
        </extensions>
      </trkpt>
      <trkpt lat="46.6954110749065876007080078125" lon="23.567513488233089447021484375">
        <ele>807.20001220703125</ele>
        <time>2024-10-27T11:05:11.000Z</time>
        <extensions>
          <ns3:TrackPointExtension>
            <ns3:hr>104</ns3:hr>
            <ns3:cad>51</ns3:cad>
          </ns3:TrackPointExtension>
        </extensions>
      </trkpt>
      <trkpt lat="46.69549531303346157073974609375" lon="23.56755162589251995086669921875">
        <ele>807.4000244140625</ele>
        <time>2024-10-27T11:05:19.000Z</time>
        <extensions>
          <ns3:TrackPointExtension>
            <ns3:hr>102</ns3:hr>
            <ns3:cad>46</ns3:cad>
          </ns3:TrackPointExtension>
        </extensions>
      </trkpt>
      <trkpt lat="46.69556924141943454742431640625" lon="23.56753754429519176483154296875">
        <ele>807</ele>
        <time>2024-10-27T11:05:27.000Z</time>
        <extensions>
          <ns3:TrackPointExtension>
            <ns3:hr>101</ns3:hr>
            <ns3:cad>47</ns3:cad>
          </ns3:TrackPointExtension>
        </extensions>
      </trkpt>
      <trkpt lat="46.69563277624547481536865234375" lon="23.56746579520404338836669921875">
        <ele>807</ele>
        <time>2024-10-27T11:05:35.000Z</time>
        <extensions>
          <ns3:TrackPointExtension>
            <ns3:hr>101</ns3:hr>
            <ns3:cad>46</ns3:cad>
          </ns3:TrackPointExtension>
        </extensions>
      </trkpt>
      <trkpt lat="46.695710308849811553955078125" lon="23.5673946328461170196533203125">
        <ele>807</ele>
        <time>2024-10-27T11:05:44.000Z</time>
        <extensions>
          <ns3:TrackPointExtension>
            <ns3:hr>101</ns3:hr>
            <ns3:cad>48</ns3:cad>
          </ns3:TrackPointExtension>
        </extensions>
      </trkpt>
      <trkpt lat="46.69580443762242794036865234375" lon="23.56736185960471630096435546875">
        <ele>807.20001220703125</ele>
        <time>2024-10-27T11:05:51.000Z</time>
        <extensions>
          <ns3:TrackPointExtension>
            <ns3:hr>102</ns3:hr>
            <ns3:cad>50</ns3:cad>
          </ns3:TrackPointExtension>
        </extensions>
      </trkpt>
      <trkpt lat="46.69588054530322551727294921875" lon="23.56731911189854145050048828125">
        <ele>807.20001220703125</ele>
        <time>2024-10-27T11:06:00.000Z</time>
        <extensions>
          <ns3:TrackPointExtension>
            <ns3:hr>101</ns3:hr>
            <ns3:cad>48</ns3:cad>
          </ns3:TrackPointExtension>
        </extensions>
      </trkpt>
      <trkpt lat="46.69593720696866512298583984375" lon="23.56727954931557178497314453125">
        <ele>808.4000244140625</ele>
        <time>2024-10-27T11:06:04.000Z</time>
        <extensions>
          <ns3:TrackPointExtension>
            <ns3:hr>104</ns3:hr>
            <ns3:cad>47</ns3:cad>
          </ns3:TrackPointExtension>
        </extensions>
      </trkpt>
      <trkpt lat="46.69594542123377323150634765625" lon="23.5672746039927005767822265625">
        <ele>808.5999755859375</ele>
        <time>2024-10-27T11:06:05.000Z</time>
        <extensions>
          <ns3:TrackPointExtension>
            <ns3:hr>106</ns3:hr>
            <ns3:cad>47</ns3:cad>
          </ns3:TrackPointExtension>
        </extensions>
      </trkpt>
      <trkpt lat="46.69596587307751178741455078125" lon="23.56726161204278469085693359375">
        <ele>809.20001220703125</ele>
        <time>2024-10-27T11:06:07.000Z</time>
        <extensions>
          <ns3:TrackPointExtension>
            <ns3:hr>106</ns3:hr>
            <ns3:cad>47</ns3:cad>
          </ns3:TrackPointExtension>
        </extensions>
      </trkpt>
      <trkpt lat="46.69603326357901096343994140625" lon="23.5672013461589813232421875">
        <ele>809.5999755859375</ele>
        <time>2024-10-27T11:06:14.000Z</time>
        <extensions>
          <ns3:TrackPointExtension>
            <ns3:hr>107</ns3:hr>
            <ns3:cad>49</ns3:cad>
          </ns3:TrackPointExtension>
        </extensions>
      </trkpt>
      <trkpt lat="46.69604868628084659576416015625" lon="23.56718994677066802978515625">
        <ele>809.79998779296875</ele>
        <time>2024-10-27T11:06:16.000Z</time>
        <extensions>
          <ns3:TrackPointExtension>
            <ns3:hr>107</ns3:hr>
            <ns3:cad>49</ns3:cad>
          </ns3:TrackPointExtension>
        </extensions>
      </trkpt>
      <trkpt lat="46.6961463354527950286865234375" lon="23.56714225374162197113037109375">
        <ele>810.20001220703125</ele>
        <time>2024-10-27T11:06:24.000Z</time>
        <extensions>
          <ns3:TrackPointExtension>
            <ns3:hr>107</ns3:hr>
            <ns3:cad>48</ns3:cad>
          </ns3:TrackPointExtension>
        </extensions>
      </trkpt>
      <trkpt lat="46.6962455771863460540771484375" lon="23.567113168537616729736328125">
        <ele>810</ele>
        <time>2024-10-27T11:06:33.000Z</time>
        <extensions>
          <ns3:TrackPointExtension>
            <ns3:hr>108</ns3:hr>
            <ns3:cad>50</ns3:cad>
          </ns3:TrackPointExtension>
        </extensions>
      </trkpt>
      <trkpt lat="46.6963823698461055755615234375" lon="23.56711409054696559906005859375">
        <ele>809</ele>
        <time>2024-10-27T11:06:43.000Z</time>
        <extensions>
          <ns3:TrackPointExtension>
            <ns3:hr>106</ns3:hr>
            <ns3:cad>55</ns3:cad>
          </ns3:TrackPointExtension>
        </extensions>
      </trkpt>
      <trkpt lat="46.69643593020737171173095703125" lon="23.567102439701557159423828125">
        <ele>808.79998779296875</ele>
        <time>2024-10-27T11:06:48.000Z</time>
        <extensions>
          <ns3:TrackPointExtension>
            <ns3:hr>103</ns3:hr>
            <ns3:cad>51</ns3:cad>
          </ns3:TrackPointExtension>
        </extensions>
      </trkpt>
      <trkpt lat="46.6964500956237316131591796875" lon="23.56709606945514678955078125">
        <ele>808.5999755859375</ele>
        <time>2024-10-27T11:06:49.000Z</time>
        <extensions>
          <ns3:TrackPointExtension>
            <ns3:hr>103</ns3:hr>
            <ns3:cad>51</ns3:cad>
          </ns3:TrackPointExtension>
        </extensions>
      </trkpt>
      <trkpt lat="46.69647800736129283905029296875" lon="23.567078299820423126220703125">
        <ele>808.4000244140625</ele>
        <time>2024-10-27T11:06:53.000Z</time>
        <extensions>
          <ns3:TrackPointExtension>
            <ns3:hr>101</ns3:hr>
            <ns3:cad>52</ns3:cad>
          </ns3:TrackPointExtension>
        </extensions>
      </trkpt>
      <trkpt lat="46.696561239659786224365234375" lon="23.5670627094805240631103515625">
        <ele>808</ele>
        <time>2024-10-27T11:07:01.000Z</time>
        <extensions>
          <ns3:TrackPointExtension>
            <ns3:hr>99</ns3:hr>
            <ns3:cad>51</ns3:cad>
          </ns3:TrackPointExtension>
        </extensions>
      </trkpt>
      <trkpt lat="46.69666626490652561187744140625" lon="23.56705642305314540863037109375">
        <ele>807.79998779296875</ele>
        <time>2024-10-27T11:07:09.000Z</time>
        <extensions>
          <ns3:TrackPointExtension>
            <ns3:hr>100</ns3:hr>
            <ns3:cad>50</ns3:cad>
          </ns3:TrackPointExtension>
        </extensions>
      </trkpt>
      <trkpt lat="46.6966898180544376373291015625" lon="23.56705457903444766998291015625">
        <ele>807.5999755859375</ele>
        <time>2024-10-27T11:07:11.000Z</time>
        <extensions>
          <ns3:TrackPointExtension>
            <ns3:hr>100</ns3:hr>
            <ns3:cad>50</ns3:cad>
          </ns3:TrackPointExtension>
        </extensions>
      </trkpt>
      <trkpt lat="46.6967823542654514312744140625" lon="23.5670513100922107696533203125">
        <ele>807.20001220703125</ele>
        <time>2024-10-27T11:07:18.000Z</time>
        <extensions>
          <ns3:TrackPointExtension>
            <ns3:hr>97</ns3:hr>
            <ns3:cad>50</ns3:cad>
          </ns3:TrackPointExtension>
        </extensions>
      </trkpt>
      <trkpt lat="46.69679618440568447113037109375" lon="23.56705323792994022369384765625">
        <ele>807</ele>
        <time>2024-10-27T11:07:20.000Z</time>
        <extensions>
          <ns3:TrackPointExtension>
            <ns3:hr>97</ns3:hr>
            <ns3:cad>48</ns3:cad>
          </ns3:TrackPointExtension>
        </extensions>
      </trkpt>
      <trkpt lat="46.6968406923115253448486328125" lon="23.56703974306583404541015625">
        <ele>806.79998779296875</ele>
        <time>2024-10-27T11:07:28.000Z</time>
        <extensions>
          <ns3:TrackPointExtension>
            <ns3:hr>96</ns3:hr>
            <ns3:cad>0</ns3:cad>
          </ns3:TrackPointExtension>
        </extensions>
      </trkpt>
      <trkpt lat="46.6968373395502567291259765625" lon="23.56702876277267932891845703125">
        <ele>806.5999755859375</ele>
        <time>2024-10-27T11:07:29.000Z</time>
        <extensions>
          <ns3:TrackPointExtension>
            <ns3:hr>96</ns3:hr>
            <ns3:cad>0</ns3:cad>
          </ns3:TrackPointExtension>
        </extensions>
      </trkpt>
      <trkpt lat="46.69682979583740234375" lon="23.5670194588601589202880859375">
        <ele>806.4000244140625</ele>
        <time>2024-10-27T11:07:30.000Z</time>
        <extensions>
          <ns3:TrackPointExtension>
            <ns3:hr>97</ns3:hr>
            <ns3:cad>0</ns3:cad>
          </ns3:TrackPointExtension>
        </extensions>
      </trkpt>
      <trkpt lat="46.69681462459266185760498046875" lon="23.56700730510056018829345703125">
        <ele>806.4000244140625</ele>
        <time>2024-10-27T11:07:34.000Z</time>
        <extensions>
          <ns3:TrackPointExtension>
            <ns3:hr>97</ns3:hr>
            <ns3:cad>0</ns3:cad>
          </ns3:TrackPointExtension>
        </extensions>
      </trkpt>
      <trkpt lat="46.69681479223072528839111328125" lon="23.5669802315533161163330078125">
        <ele>806.79998779296875</ele>
        <time>2024-10-27T11:07:37.000Z</time>
        <extensions>
          <ns3:TrackPointExtension>
            <ns3:hr>94</ns3:hr>
            <ns3:cad>75</ns3:cad>
          </ns3:TrackPointExtension>
        </extensions>
      </trkpt>
      <trkpt lat="46.69682241976261138916015625" lon="23.56697595678269863128662109375">
        <ele>807.5999755859375</ele>
        <time>2024-10-27T11:07:42.000Z</time>
        <extensions>
          <ns3:TrackPointExtension>
            <ns3:hr>94</ns3:hr>
            <ns3:cad>0</ns3:cad>
          </ns3:TrackPointExtension>
        </extensions>
      </trkpt>
      <trkpt lat="46.6968235932290554046630859375" lon="23.5669772140681743621826171875">
        <ele>807.5999755859375</ele>
        <time>2024-10-27T11:07:43.000Z</time>
        <extensions>
          <ns3:TrackPointExtension>
            <ns3:hr>94</ns3:hr>
            <ns3:cad>0</ns3:cad>
          </ns3:TrackPointExtension>
        </extensions>
      </trkpt>
      <trkpt lat="46.696830131113529205322265625" lon="23.566953577101230621337890625">
        <ele>807.5999755859375</ele>
        <time>2024-10-27T11:07:46.000Z</time>
        <extensions>
          <ns3:TrackPointExtension>
            <ns3:hr>97</ns3:hr>
            <ns3:cad>0</ns3:cad>
          </ns3:TrackPointExtension>
        </extensions>
      </trkpt>
      <trkpt lat="46.69683373533189296722412109375" lon="23.56702239252626895904541015625">
        <ele>807.20001220703125</ele>
        <time>2024-10-27T11:07:52.000Z</time>
        <extensions>
          <ns3:TrackPointExtension>
            <ns3:hr>98</ns3:hr>
            <ns3:cad>0</ns3:cad>
          </ns3:TrackPointExtension>
        </extensions>
      </trkpt>
      <trkpt lat="46.6968598030507564544677734375" lon="23.56707637198269367218017578125">
        <ele>806.20001220703125</ele>
        <time>2024-10-27T11:07:57.000Z</time>
        <extensions>
          <ns3:TrackPointExtension>
            <ns3:hr>99</ns3:hr>
            <ns3:cad>0</ns3:cad>
          </ns3:TrackPointExtension>
        </extensions>
      </trkpt>
      <trkpt lat="46.69689559377729892730712890625" lon="23.5670972429215908050537109375">
        <ele>805.5999755859375</ele>
        <time>2024-10-27T11:08:01.000Z</time>
        <extensions>
          <ns3:TrackPointExtension>
            <ns3:hr>100</ns3:hr>
            <ns3:cad>57</ns3:cad>
          </ns3:TrackPointExtension>
        </extensions>
      </trkpt>
      <trkpt lat="46.6969411075115203857421875" lon="23.5670942254364490509033203125">
        <ele>805.4000244140625</ele>
        <time>2024-10-27T11:08:06.000Z</time>
        <extensions>
          <ns3:TrackPointExtension>
            <ns3:hr>97</ns3:hr>
            <ns3:cad>48</ns3:cad>
          </ns3:TrackPointExtension>
        </extensions>
      </trkpt>
      <trkpt lat="46.69696055352687835693359375" lon="23.56709699146449565887451171875">
        <ele>805.20001220703125</ele>
        <time>2024-10-27T11:08:08.000Z</time>
        <extensions>
          <ns3:TrackPointExtension>
            <ns3:hr>96</ns3:hr>
            <ns3:cad>47</ns3:cad>
          </ns3:TrackPointExtension>
        </extensions>
      </trkpt>
      <trkpt lat="46.6969714500010013580322265625" lon="23.5670982487499713897705078125">
        <ele>805</ele>
        <time>2024-10-27T11:08:09.000Z</time>
        <extensions>
          <ns3:TrackPointExtension>
            <ns3:hr>96</ns3:hr>
            <ns3:cad>48</ns3:cad>
          </ns3:TrackPointExtension>
        </extensions>
      </trkpt>
      <trkpt lat="46.6970827616751194000244140625" lon="23.56713655404746532440185546875">
        <ele>804.20001220703125</ele>
        <time>2024-10-27T11:08:18.000Z</time>
        <extensions>
          <ns3:TrackPointExtension>
            <ns3:hr>96</ns3:hr>
            <ns3:cad>51</ns3:cad>
          </ns3:TrackPointExtension>
        </extensions>
      </trkpt>
      <trkpt lat="46.69710447080433368682861328125" lon="23.567143343389034271240234375">
        <ele>804</ele>
        <time>2024-10-27T11:08:20.000Z</time>
        <extensions>
          <ns3:TrackPointExtension>
            <ns3:hr>96</ns3:hr>
            <ns3:cad>52</ns3:cad>
          </ns3:TrackPointExtension>
        </extensions>
      </trkpt>
      <trkpt lat="46.6971625573933124542236328125" lon="23.567152731120586395263671875">
        <ele>803.79998779296875</ele>
        <time>2024-10-27T11:08:26.000Z</time>
        <extensions>
          <ns3:TrackPointExtension>
            <ns3:hr>93</ns3:hr>
            <ns3:cad>51</ns3:cad>
          </ns3:TrackPointExtension>
        </extensions>
      </trkpt>
      <trkpt lat="46.69717286713421344757080078125" lon="23.56715432368218898773193359375">
        <ele>803.79998779296875</ele>
        <time>2024-10-27T11:08:27.000Z</time>
        <extensions>
          <ns3:TrackPointExtension>
            <ns3:hr>93</ns3:hr>
            <ns3:cad>52</ns3:cad>
          </ns3:TrackPointExtension>
        </extensions>
      </trkpt>
      <trkpt lat="46.69720505364239215850830078125" lon="23.56716102920472621917724609375">
        <ele>803.5999755859375</ele>
        <time>2024-10-27T11:08:32.000Z</time>
        <extensions>
          <ns3:TrackPointExtension>
            <ns3:hr>96</ns3:hr>
            <ns3:cad>52</ns3:cad>
          </ns3:TrackPointExtension>
        </extensions>
      </trkpt>
      <trkpt lat="46.69725132174789905548095703125" lon="23.56718449853360652923583984375">
        <ele>803.4000244140625</ele>
        <time>2024-10-27T11:08:35.000Z</time>
        <extensions>
          <ns3:TrackPointExtension>
            <ns3:hr>96</ns3:hr>
            <ns3:cad>51</ns3:cad>
          </ns3:TrackPointExtension>
        </extensions>
      </trkpt>
      <trkpt lat="46.69729591347277164459228515625" lon="23.567209057509899139404296875">
        <ele>803.20001220703125</ele>
        <time>2024-10-27T11:08:38.000Z</time>
        <extensions>
          <ns3:TrackPointExtension>
            <ns3:hr>93</ns3:hr>
            <ns3:cad>51</ns3:cad>
          </ns3:TrackPointExtension>
        </extensions>
      </trkpt>
      <trkpt lat="46.697346456348896026611328125" lon="23.56722615659236907958984375">
        <ele>803</ele>
        <time>2024-10-27T11:08:43.000Z</time>
        <extensions>
          <ns3:TrackPointExtension>
            <ns3:hr>92</ns3:hr>
            <ns3:cad>51</ns3:cad>
          </ns3:TrackPointExtension>
        </extensions>
      </trkpt>
      <trkpt lat="46.6973546706140041351318359375" lon="23.5672303475439548492431640625">
        <ele>802.79998779296875</ele>
        <time>2024-10-27T11:08:44.000Z</time>
        <extensions>
          <ns3:TrackPointExtension>
            <ns3:hr>92</ns3:hr>
            <ns3:cad>51</ns3:cad>
          </ns3:TrackPointExtension>
        </extensions>
      </trkpt>
      <trkpt lat="46.6973908804357051849365234375" lon="23.56724920682609081268310546875">
        <ele>802.79998779296875</ele>
        <time>2024-10-27T11:08:47.000Z</time>
        <extensions>
          <ns3:TrackPointExtension>
            <ns3:hr>95</ns3:hr>
            <ns3:cad>51</ns3:cad>
          </ns3:TrackPointExtension>
        </extensions>
      </trkpt>
      <trkpt lat="46.6974507272243499755859375" lon="23.56728055514395236968994140625">
        <ele>802.20001220703125</ele>
        <time>2024-10-27T11:08:52.000Z</time>
        <extensions>
          <ns3:TrackPointExtension>
            <ns3:hr>98</ns3:hr>
            <ns3:cad>53</ns3:cad>
          </ns3:TrackPointExtension>
        </extensions>
      </trkpt>
      <trkpt lat="46.69746221043169498443603515625" lon="23.567288182675838470458984375">
        <ele>802.20001220703125</ele>
        <time>2024-10-27T11:08:53.000Z</time>
        <extensions>
          <ns3:TrackPointExtension>
            <ns3:hr>97</ns3:hr>
            <ns3:cad>53</ns3:cad>
          </ns3:TrackPointExtension>
        </extensions>
      </trkpt>
      <trkpt lat="46.6974834166467189788818359375" lon="23.56729631312191486358642578125">
        <ele>802</ele>
        <time>2024-10-27T11:08:57.000Z</time>
        <extensions>
          <ns3:TrackPointExtension>
            <ns3:hr>98</ns3:hr>
            <ns3:cad>52</ns3:cad>
          </ns3:TrackPointExtension>
        </extensions>
      </trkpt>
      <trkpt lat="46.69751040637493133544921875" lon="23.56732179410755634307861328125">
        <ele>801.5999755859375</ele>
        <time>2024-10-27T11:09:00.000Z</time>
        <extensions>
          <ns3:TrackPointExtension>
            <ns3:hr>101</ns3:hr>
            <ns3:cad>53</ns3:cad>
          </ns3:TrackPointExtension>
        </extensions>
      </trkpt>
      <trkpt lat="46.69755776412785053253173828125" lon="23.567360937595367431640625">
        <ele>801</ele>
        <time>2024-10-27T11:09:04.000Z</time>
        <extensions>
          <ns3:TrackPointExtension>
            <ns3:hr>99</ns3:hr>
            <ns3:cad>53</ns3:cad>
          </ns3:TrackPointExtension>
        </extensions>
      </trkpt>
      <trkpt lat="46.69757268391549587249755859375" lon="23.56736772693693637847900390625">
        <ele>801</ele>
        <time>2024-10-27T11:09:05.000Z</time>
        <extensions>
          <ns3:TrackPointExtension>
            <ns3:hr>98</ns3:hr>
            <ns3:cad>53</ns3:cad>
          </ns3:TrackPointExtension>
        </extensions>
      </trkpt>
      <trkpt lat="46.69764191843569278717041015625" lon="23.56741701252758502960205078125">
        <ele>800.79998779296875</ele>
        <time>2024-10-27T11:09:11.000Z</time>
        <extensions>
          <ns3:TrackPointExtension>
            <ns3:hr>98</ns3:hr>
            <ns3:cad>52</ns3:cad>
          </ns3:TrackPointExtension>
        </extensions>
      </trkpt>
      <trkpt lat="46.69773411937057971954345703125" lon="23.56750535778701305389404296875">
        <ele>800.4000244140625</ele>
        <time>2024-10-27T11:09:20.000Z</time>
        <extensions>
          <ns3:TrackPointExtension>
            <ns3:hr>99</ns3:hr>
            <ns3:cad>52</ns3:cad>
          </ns3:TrackPointExtension>
        </extensions>
      </trkpt>
      <trkpt lat="46.69782900251448154449462890625" lon="23.56763393618166446685791015625">
        <ele>800.20001220703125</ele>
        <time>2024-10-27T11:09:31.000Z</time>
        <extensions>
          <ns3:TrackPointExtension>
            <ns3:hr>99</ns3:hr>
            <ns3:cad>51</ns3:cad>
          </ns3:TrackPointExtension>
        </extensions>
      </trkpt>
      <trkpt lat="46.697898320853710174560546875" lon="23.56773150153458118438720703125">
        <ele>800</ele>
        <time>2024-10-27T11:09:39.000Z</time>
        <extensions>
          <ns3:TrackPointExtension>
            <ns3:hr>96</ns3:hr>
            <ns3:cad>50</ns3:cad>
          </ns3:TrackPointExtension>
        </extensions>
      </trkpt>
      <trkpt lat="46.69791315682232379913330078125" lon="23.567751534283161163330078125">
        <ele>800.20001220703125</ele>
        <time>2024-10-27T11:09:41.000Z</time>
        <extensions>
          <ns3:TrackPointExtension>
            <ns3:hr>93</ns3:hr>
            <ns3:cad>50</ns3:cad>
          </ns3:TrackPointExtension>
        </extensions>
      </trkpt>
      <trkpt lat="46.69791902415454387664794921875" lon="23.56776125729084014892578125">
        <ele>800.20001220703125</ele>
        <time>2024-10-27T11:09:42.000Z</time>
        <extensions>
          <ns3:TrackPointExtension>
            <ns3:hr>93</ns3:hr>
            <ns3:cad>50</ns3:cad>
          </ns3:TrackPointExtension>
        </extensions>
      </trkpt>
      <trkpt lat="46.69797979295253753662109375" lon="23.56786393560469150543212890625">
        <ele>800.20001220703125</ele>
        <time>2024-10-27T11:09:52.000Z</time>
        <extensions>
          <ns3:TrackPointExtension>
            <ns3:hr>92</ns3:hr>
            <ns3:cad>48</ns3:cad>
          </ns3:TrackPointExtension>
        </extensions>
      </trkpt>
      <trkpt lat="46.69805816374719142913818359375" lon="23.567994944751262664794921875">
        <ele>800</ele>
        <time>2024-10-27T11:10:02.000Z</time>
        <extensions>
          <ns3:TrackPointExtension>
            <ns3:hr>93</ns3:hr>
            <ns3:cad>49</ns3:cad>
          </ns3:TrackPointExtension>
        </extensions>
      </trkpt>
      <trkpt lat="46.69807023368775844573974609375" lon="23.5680380277335643768310546875">
        <ele>800</ele>
        <time>2024-10-27T11:10:05.000Z</time>
        <extensions>
          <ns3:TrackPointExtension>
            <ns3:hr>93</ns3:hr>
            <ns3:cad>50</ns3:cad>
          </ns3:TrackPointExtension>
        </extensions>
      </trkpt>
      <trkpt lat="46.69809454120695590972900390625" lon="23.56810784898698329925537109375">
        <ele>799.79998779296875</ele>
        <time>2024-10-27T11:10:11.000Z</time>
        <extensions>
          <ns3:TrackPointExtension>
            <ns3:hr>94</ns3:hr>
            <ns3:cad>50</ns3:cad>
          </ns3:TrackPointExtension>
        </extensions>
      </trkpt>
      <trkpt lat="46.69814701192080974578857421875" lon="23.568221591413021087646484375">
        <ele>799.79998779296875</ele>
        <time>2024-10-27T11:10:19.000Z</time>
        <extensions>
          <ns3:TrackPointExtension>
            <ns3:hr>96</ns3:hr>
            <ns3:cad>50</ns3:cad>
          </ns3:TrackPointExtension>
        </extensions>
      </trkpt>
      <trkpt lat="46.69822521507740020751953125" lon="23.56834723614156246185302734375">
        <ele>799.5999755859375</ele>
        <time>2024-10-27T11:10:27.000Z</time>
        <extensions>
          <ns3:TrackPointExtension>
            <ns3:hr>97</ns3:hr>
            <ns3:cad>48</ns3:cad>
          </ns3:TrackPointExtension>
        </extensions>
      </trkpt>
      <trkpt lat="46.6982729919254779815673828125" lon="23.568456284701824188232421875">
        <ele>799.4000244140625</ele>
        <time>2024-10-27T11:10:35.000Z</time>
        <extensions>
          <ns3:TrackPointExtension>
            <ns3:hr>97</ns3:hr>
            <ns3:cad>48</ns3:cad>
          </ns3:TrackPointExtension>
        </extensions>
      </trkpt>
      <trkpt lat="46.69828933663666248321533203125" lon="23.5685778222978115081787109375">
        <ele>799</ele>
        <time>2024-10-27T11:10:42.000Z</time>
        <extensions>
          <ns3:TrackPointExtension>
            <ns3:hr>97</ns3:hr>
            <ns3:cad>50</ns3:cad>
          </ns3:TrackPointExtension>
        </extensions>
      </trkpt>
      <trkpt lat="46.69829335995018482208251953125" lon="23.568591736257076263427734375">
        <ele>798.79998779296875</ele>
        <time>2024-10-27T11:10:43.000Z</time>
        <extensions>
          <ns3:TrackPointExtension>
            <ns3:hr>97</ns3:hr>
            <ns3:cad>51</ns3:cad>
          </ns3:TrackPointExtension>
        </extensions>
      </trkpt>
      <trkpt lat="46.69834130443632602691650390625" lon="23.56873129494488239288330078125">
        <ele>798.5999755859375</ele>
        <time>2024-10-27T11:10:53.000Z</time>
        <extensions>
          <ns3:TrackPointExtension>
            <ns3:hr>97</ns3:hr>
            <ns3:cad>49</ns3:cad>
          </ns3:TrackPointExtension>
        </extensions>
      </trkpt>
      <trkpt lat="46.69838790781795978546142578125" lon="23.568841516971588134765625">
        <ele>798.20001220703125</ele>
        <time>2024-10-27T11:11:03.000Z</time>
        <extensions>
          <ns3:TrackPointExtension>
            <ns3:hr>97</ns3:hr>
            <ns3:cad>50</ns3:cad>
          </ns3:TrackPointExtension>
        </extensions>
      </trkpt>
      <trkpt lat="46.6984228603541851043701171875" lon="23.5689476318657398223876953125">
        <ele>798</ele>
        <time>2024-10-27T11:11:12.000Z</time>
        <extensions>
          <ns3:TrackPointExtension>
            <ns3:hr>98</ns3:hr>
            <ns3:cad>48</ns3:cad>
          </ns3:TrackPointExtension>
        </extensions>
      </trkpt>
      <trkpt lat="46.69847910292446613311767578125" lon="23.56909289024770259857177734375">
        <ele>797.20001220703125</ele>
        <time>2024-10-27T11:11:22.000Z</time>
        <extensions>
          <ns3:TrackPointExtension>
            <ns3:hr>97</ns3:hr>
            <ns3:cad>50</ns3:cad>
          </ns3:TrackPointExtension>
        </extensions>
      </trkpt>
      <trkpt lat="46.69849955476820468902587890625" lon="23.56915290467441082000732421875">
        <ele>796.79998779296875</ele>
        <time>2024-10-27T11:11:26.000Z</time>
        <extensions>
          <ns3:TrackPointExtension>
            <ns3:hr>96</ns3:hr>
            <ns3:cad>50</ns3:cad>
          </ns3:TrackPointExtension>
        </extensions>
      </trkpt>
      <trkpt lat="46.69852855615317821502685546875" lon="23.5692356340587139129638671875">
        <ele>796.79998779296875</ele>
        <time>2024-10-27T11:11:31.000Z</time>
        <extensions>
          <ns3:TrackPointExtension>
            <ns3:hr>95</ns3:hr>
            <ns3:cad>49</ns3:cad>
          </ns3:TrackPointExtension>
        </extensions>
      </trkpt>
      <trkpt lat="46.69856023974716663360595703125" lon="23.56936798430979251861572265625">
        <ele>796.20001220703125</ele>
        <time>2024-10-27T11:11:39.000Z</time>
        <extensions>
          <ns3:TrackPointExtension>
            <ns3:hr>95</ns3:hr>
            <ns3:cad>51</ns3:cad>
          </ns3:TrackPointExtension>
        </extensions>
      </trkpt>
      <trkpt lat="46.6986196674406528472900390625" lon="23.56953478418290615081787109375">
        <ele>796</ele>
        <time>2024-10-27T11:11:50.000Z</time>
        <extensions>
          <ns3:TrackPointExtension>
            <ns3:hr>96</ns3:hr>
            <ns3:cad>50</ns3:cad>
          </ns3:TrackPointExtension>
        </extensions>
      </trkpt>
      <trkpt lat="46.69864095747470855712890625" lon="23.56958189047873020172119140625">
        <ele>795.79998779296875</ele>
        <time>2024-10-27T11:11:53.000Z</time>
        <extensions>
          <ns3:TrackPointExtension>
            <ns3:hr>96</ns3:hr>
            <ns3:cad>51</ns3:cad>
          </ns3:TrackPointExtension>
        </extensions>
      </trkpt>
      <trkpt lat="46.69869594275951385498046875" lon="23.56967191211879253387451171875">
        <ele>795.79998779296875</ele>
        <time>2024-10-27T11:12:01.000Z</time>
        <extensions>
          <ns3:TrackPointExtension>
            <ns3:hr>99</ns3:hr>
            <ns3:cad>46</ns3:cad>
          </ns3:TrackPointExtension>
        </extensions>
      </trkpt>
      <trkpt lat="46.69879124499857425689697265625" lon="23.56979529373347759246826171875">
        <ele>796.20001220703125</ele>
        <time>2024-10-27T11:12:11.000Z</time>
        <extensions>
          <ns3:TrackPointExtension>
            <ns3:hr>100</ns3:hr>
            <ns3:cad>47</ns3:cad>
          </ns3:TrackPointExtension>
        </extensions>
      </trkpt>
      <trkpt lat="46.69881471432745456695556640625" lon="23.569867797195911407470703125">
        <ele>796.20001220703125</ele>
        <time>2024-10-27T11:12:16.000Z</time>
        <extensions>
          <ns3:TrackPointExtension>
            <ns3:hr>101</ns3:hr>
            <ns3:cad>47</ns3:cad>
          </ns3:TrackPointExtension>
        </extensions>
      </trkpt>
      <trkpt lat="46.6988355852663516998291015625" lon="23.56990878470242023468017578125">
        <ele>796.20001220703125</ele>
        <time>2024-10-27T11:12:19.000Z</time>
        <extensions>
          <ns3:TrackPointExtension>
            <ns3:hr>101</ns3:hr>
            <ns3:cad>48</ns3:cad>
          </ns3:TrackPointExtension>
        </extensions>
      </trkpt>
      <trkpt lat="46.69884069822728633880615234375" lon="23.5699189268052577972412109375">
        <ele>796.20001220703125</ele>
        <time>2024-10-27T11:12:20.000Z</time>
        <extensions>
          <ns3:TrackPointExtension>
            <ns3:hr>101</ns3:hr>
            <ns3:cad>48</ns3:cad>
          </ns3:TrackPointExtension>
        </extensions>
      </trkpt>
      <trkpt lat="46.698887385427951812744140625" lon="23.570020683109760284423828125">
        <ele>796</ele>
        <time>2024-10-27T11:12:28.000Z</time>
        <extensions>
          <ns3:TrackPointExtension>
            <ns3:hr>100</ns3:hr>
            <ns3:cad>48</ns3:cad>
          </ns3:TrackPointExtension>
        </extensions>
      </trkpt>
      <trkpt lat="46.6989489085972309112548828125" lon="23.57009000144898891448974609375">
        <ele>796.20001220703125</ele>
        <time>2024-10-27T11:12:36.000Z</time>
        <extensions>
          <ns3:TrackPointExtension>
            <ns3:hr>99</ns3:hr>
            <ns3:cad>47</ns3:cad>
          </ns3:TrackPointExtension>
        </extensions>
      </trkpt>
      <trkpt lat="46.69898419640958309173583984375" lon="23.57016895897686481475830078125">
        <ele>796.20001220703125</ele>
        <time>2024-10-27T11:12:44.000Z</time>
        <extensions>
          <ns3:TrackPointExtension>
            <ns3:hr>98</ns3:hr>
            <ns3:cad>47</ns3:cad>
          </ns3:TrackPointExtension>
        </extensions>
      </trkpt>
      <trkpt lat="46.69901453889906406402587890625" lon="23.57027557678520679473876953125">
        <ele>796.20001220703125</ele>
        <time>2024-10-27T11:12:51.000Z</time>
        <extensions>
          <ns3:TrackPointExtension>
            <ns3:hr>97</ns3:hr>
            <ns3:cad>46</ns3:cad>
          </ns3:TrackPointExtension>
        </extensions>
      </trkpt>
      <trkpt lat="46.69902761466801166534423828125" lon="23.5703893192112445831298828125">
        <ele>796.4000244140625</ele>
        <time>2024-10-27T11:12:58.000Z</time>
        <extensions>
          <ns3:TrackPointExtension>
            <ns3:hr>97</ns3:hr>
            <ns3:cad>48</ns3:cad>
          </ns3:TrackPointExtension>
        </extensions>
      </trkpt>
      <trkpt lat="46.699042618274688720703125" lon="23.57055435888469219207763671875">
        <ele>796.5999755859375</ele>
        <time>2024-10-27T11:13:09.000Z</time>
        <extensions>
          <ns3:TrackPointExtension>
            <ns3:hr>97</ns3:hr>
            <ns3:cad>47</ns3:cad>
          </ns3:TrackPointExtension>
        </extensions>
      </trkpt>
      <trkpt lat="46.6990575380623340606689453125" lon="23.5706454701721668243408203125">
        <ele>796.4000244140625</ele>
        <time>2024-10-27T11:13:16.000Z</time>
        <extensions>
          <ns3:TrackPointExtension>
            <ns3:hr>98</ns3:hr>
            <ns3:cad>43</ns3:cad>
          </ns3:TrackPointExtension>
        </extensions>
      </trkpt>
      <trkpt lat="46.699065752327442169189453125" lon="23.57065427117049694061279296875">
        <ele>796.4000244140625</ele>
        <time>2024-10-27T11:13:18.000Z</time>
        <extensions>
          <ns3:TrackPointExtension>
            <ns3:hr>95</ns3:hr>
            <ns3:cad>43</ns3:cad>
          </ns3:TrackPointExtension>
        </extensions>
      </trkpt>
      <trkpt lat="46.6991083323955535888671875" lon="23.57074362225830554962158203125">
        <ele>796</ele>
        <time>2024-10-27T11:13:24.000Z</time>
        <extensions>
          <ns3:TrackPointExtension>
            <ns3:hr>97</ns3:hr>
            <ns3:cad>51</ns3:cad>
          </ns3:TrackPointExtension>
        </extensions>
      </trkpt>
      <trkpt lat="46.69914948754012584686279296875" lon="23.5708540119230747222900390625">
        <ele>795.4000244140625</ele>
        <time>2024-10-27T11:13:32.000Z</time>
        <extensions>
          <ns3:TrackPointExtension>
            <ns3:hr>98</ns3:hr>
            <ns3:cad>51</ns3:cad>
          </ns3:TrackPointExtension>
        </extensions>
      </trkpt>
      <trkpt lat="46.69917765073478221893310546875" lon="23.57087521813809871673583984375">
        <ele>794.79998779296875</ele>
        <time>2024-10-27T11:13:37.000Z</time>
        <extensions>
          <ns3:TrackPointExtension>
            <ns3:hr>98</ns3:hr>
            <ns3:cad>0</ns3:cad>
          </ns3:TrackPointExtension>
        </extensions>
      </trkpt>
      <trkpt lat="46.69918787665665149688720703125" lon="23.57087505050003528594970703125">
        <ele>794.5999755859375</ele>
        <time>2024-10-27T11:13:38.000Z</time>
        <extensions>
          <ns3:TrackPointExtension>
            <ns3:hr>98</ns3:hr>
            <ns3:cad>0</ns3:cad>
          </ns3:TrackPointExtension>
        </extensions>
      </trkpt>
      <trkpt lat="46.69919324107468128204345703125" lon="23.57087220065295696258544921875">
        <ele>794.5999755859375</ele>
        <time>2024-10-27T11:13:39.000Z</time>
        <extensions>
          <ns3:TrackPointExtension>
            <ns3:hr>98</ns3:hr>
            <ns3:cad>0</ns3:cad>
          </ns3:TrackPointExtension>
        </extensions>
      </trkpt>
      <trkpt lat="46.69919793494045734405517578125" lon="23.570858873426914215087890625">
        <ele>794.79998779296875</ele>
        <time>2024-10-27T11:13:46.000Z</time>
        <extensions>
          <ns3:TrackPointExtension>
            <ns3:hr>96</ns3:hr>
            <ns3:cad>0</ns3:cad>
          </ns3:TrackPointExtension>
        </extensions>
      </trkpt>
      <trkpt lat="46.69920078478753566741943359375" lon="23.5708597116172313690185546875">
        <ele>794.79998779296875</ele>
        <time>2024-10-27T11:13:47.000Z</time>
        <extensions>
          <ns3:TrackPointExtension>
            <ns3:hr>91</ns3:hr>
            <ns3:cad>0</ns3:cad>
          </ns3:TrackPointExtension>
        </extensions>
      </trkpt>
      <trkpt lat="46.69920413754880428314208984375" lon="23.57086281292140483856201171875">
        <ele>795</ele>
        <time>2024-10-27T11:13:48.000Z</time>
        <extensions>
          <ns3:TrackPointExtension>
            <ns3:hr>87</ns3:hr>
            <ns3:cad>0</ns3:cad>
          </ns3:TrackPointExtension>
        </extensions>
      </trkpt>
      <trkpt lat="46.69920966960489749908447265625" lon="23.570874296128749847412109375">
        <ele>795</ele>
        <time>2024-10-27T11:13:51.000Z</time>
        <extensions>
          <ns3:TrackPointExtension>
            <ns3:hr>84</ns3:hr>
            <ns3:cad>0</ns3:cad>
          </ns3:TrackPointExtension>
        </extensions>
      </trkpt>
      <trkpt lat="46.69921151362359523773193359375" lon="23.57090882956981658935546875">
        <ele>795.20001220703125</ele>
        <time>2024-10-27T11:13:58.000Z</time>
        <extensions>
          <ns3:TrackPointExtension>
            <ns3:hr>84</ns3:hr>
            <ns3:cad>0</ns3:cad>
          </ns3:TrackPointExtension>
        </extensions>
      </trkpt>
      <trkpt lat="46.69920095242559909820556640625" lon="23.57093757949769496917724609375">
        <ele>795.20001220703125</ele>
        <time>2024-10-27T11:14:03.000Z</time>
        <extensions>
          <ns3:TrackPointExtension>
            <ns3:hr>87</ns3:hr>
            <ns3:cad>0</ns3:cad>
          </ns3:TrackPointExtension>
        </extensions>
      </trkpt>
      <trkpt lat="46.69919550418853759765625" lon="23.57093556784093379974365234375">
        <ele>796</ele>
        <time>2024-10-27T11:14:06.000Z</time>
        <extensions>
          <ns3:TrackPointExtension>
            <ns3:hr>90</ns3:hr>
            <ns3:cad>0</ns3:cad>
          </ns3:TrackPointExtension>
        </extensions>
      </trkpt>
      <trkpt lat="46.69920262880623340606689453125" lon="23.5709388367831707000732421875">
        <ele>796.79998779296875</ele>
        <time>2024-10-27T11:14:12.000Z</time>
        <extensions>
          <ns3:TrackPointExtension>
            <ns3:hr>84</ns3:hr>
            <ns3:cad>0</ns3:cad>
          </ns3:TrackPointExtension>
        </extensions>
      </trkpt>
      <trkpt lat="46.6992030479013919830322265625" lon="23.5709510743618011474609375">
        <ele>796.79998779296875</ele>
        <time>2024-10-27T11:14:13.000Z</time>
        <extensions>
          <ns3:TrackPointExtension>
            <ns3:hr>84</ns3:hr>
            <ns3:cad>0</ns3:cad>
          </ns3:TrackPointExtension>
        </extensions>
      </trkpt>
      <trkpt lat="46.6992043890058994293212890625" lon="23.5709618031978607177734375">
        <ele>796.79998779296875</ele>
        <time>2024-10-27T11:14:14.000Z</time>
        <extensions>
          <ns3:TrackPointExtension>
            <ns3:hr>85</ns3:hr>
            <ns3:cad>0</ns3:cad>
          </ns3:TrackPointExtension>
        </extensions>
      </trkpt>
      <trkpt lat="46.6992075741291046142578125" lon="23.57098661363124847412109375">
        <ele>796.4000244140625</ele>
        <time>2024-10-27T11:14:17.000Z</time>
        <extensions>
          <ns3:TrackPointExtension>
            <ns3:hr>88</ns3:hr>
            <ns3:cad>0</ns3:cad>
          </ns3:TrackPointExtension>
        </extensions>
      </trkpt>
      <trkpt lat="46.6991939954459667205810546875" lon="23.571012429893016815185546875">
        <ele>796.20001220703125</ele>
        <time>2024-10-27T11:14:22.000Z</time>
        <extensions>
          <ns3:TrackPointExtension>
            <ns3:hr>88</ns3:hr>
            <ns3:cad>0</ns3:cad>
          </ns3:TrackPointExtension>
        </extensions>
      </trkpt>
      <trkpt lat="46.69916172511875629425048828125" lon="23.57100069522857666015625">
        <ele>796.4000244140625</ele>
        <time>2024-10-27T11:14:30.000Z</time>
        <extensions>
          <ns3:TrackPointExtension>
            <ns3:hr>87</ns3:hr>
            <ns3:cad>0</ns3:cad>
          </ns3:TrackPointExtension>
        </extensions>
      </trkpt>
      <trkpt lat="46.699205897748470306396484375" lon="23.5709921456873416900634765625">
        <ele>796.5999755859375</ele>
        <time>2024-10-27T11:14:39.000Z</time>
        <extensions>
          <ns3:TrackPointExtension>
            <ns3:hr>87</ns3:hr>
            <ns3:cad>0</ns3:cad>
          </ns3:TrackPointExtension>
        </extensions>
      </trkpt>
      <trkpt lat="46.69921897351741790771484375" lon="23.5710038803517818450927734375">
        <ele>797</ele>
        <time>2024-10-27T11:14:44.000Z</time>
        <extensions>
          <ns3:TrackPointExtension>
            <ns3:hr>86</ns3:hr>
            <ns3:cad>0</ns3:cad>
          </ns3:TrackPointExtension>
        </extensions>
      </trkpt>
      <trkpt lat="46.699210591614246368408203125" lon="23.570986278355121612548828125">
        <ele>797.20001220703125</ele>
        <time>2024-10-27T11:14:48.000Z</time>
        <extensions>
          <ns3:TrackPointExtension>
            <ns3:hr>83</ns3:hr>
            <ns3:cad>0</ns3:cad>
          </ns3:TrackPointExtension>
        </extensions>
      </trkpt>
      <trkpt lat="46.69920690357685089111328125" lon="23.5709847696125507354736328125">
        <ele>797.20001220703125</ele>
        <time>2024-10-27T11:14:49.000Z</time>
        <extensions>
          <ns3:TrackPointExtension>
            <ns3:hr>83</ns3:hr>
            <ns3:cad>0</ns3:cad>
          </ns3:TrackPointExtension>
        </extensions>
      </trkpt>
      <trkpt lat="46.69917329214513301849365234375" lon="23.5709874518215656280517578125">
        <ele>796.5999755859375</ele>
        <time>2024-10-27T11:14:58.000Z</time>
        <extensions>
          <ns3:TrackPointExtension>
            <ns3:hr>84</ns3:hr>
            <ns3:cad>0</ns3:cad>
          </ns3:TrackPointExtension>
        </extensions>
      </trkpt>
      <trkpt lat="46.6992102563381195068359375" lon="23.57101871632039546966552734375">
        <ele>796.4000244140625</ele>
        <time>2024-10-27T11:15:02.000Z</time>
        <extensions>
          <ns3:TrackPointExtension>
            <ns3:hr>87</ns3:hr>
            <ns3:cad>47</ns3:cad>
          </ns3:TrackPointExtension>
        </extensions>
      </trkpt>
      <trkpt lat="46.69924235902726650238037109375" lon="23.57104352675378322601318359375">
        <ele>796.20001220703125</ele>
        <time>2024-10-27T11:15:05.000Z</time>
        <extensions>
          <ns3:TrackPointExtension>
            <ns3:hr>89</ns3:hr>
            <ns3:cad>48</ns3:cad>
          </ns3:TrackPointExtension>
        </extensions>
      </trkpt>
      <trkpt lat="46.699268929660320281982421875" lon="23.57106976211071014404296875">
        <ele>796</ele>
        <time>2024-10-27T11:15:08.000Z</time>
        <extensions>
          <ns3:TrackPointExtension>
            <ns3:hr>91</ns3:hr>
            <ns3:cad>51</ns3:cad>
          </ns3:TrackPointExtension>
        </extensions>
      </trkpt>
      <trkpt lat="46.69931662268936634063720703125" lon="23.5711098276078701019287109375">
        <ele>795.4000244140625</ele>
        <time>2024-10-27T11:15:13.000Z</time>
        <extensions>
          <ns3:TrackPointExtension>
            <ns3:hr>90</ns3:hr>
            <ns3:cad>55</ns3:cad>
          </ns3:TrackPointExtension>
        </extensions>
      </trkpt>
      <trkpt lat="46.699357442557811737060546875" lon="23.57115215621888637542724609375">
        <ele>794.79998779296875</ele>
        <time>2024-10-27T11:15:18.000Z</time>
        <extensions>
          <ns3:TrackPointExtension>
            <ns3:hr>91</ns3:hr>
            <ns3:cad>55</ns3:cad>
          </ns3:TrackPointExtension>
        </extensions>
      </trkpt>
      <trkpt lat="46.6993840970098972320556640625" lon="23.5711953230202198028564453125">
        <ele>794.5999755859375</ele>
        <time>2024-10-27T11:15:21.000Z</time>
        <extensions>
          <ns3:TrackPointExtension>
            <ns3:hr>92</ns3:hr>
            <ns3:cad>53</ns3:cad>
          </ns3:TrackPointExtension>
        </extensions>
      </trkpt>
      <trkpt lat="46.69943849556148052215576171875" lon="23.57126313261687755584716796875">
        <ele>793.79998779296875</ele>
        <time>2024-10-27T11:15:27.000Z</time>
        <extensions>
          <ns3:TrackPointExtension>
            <ns3:hr>88</ns3:hr>
            <ns3:cad>53</ns3:cad>
          </ns3:TrackPointExtension>
        </extensions>
      </trkpt>
      <trkpt lat="46.6994729451835155487060546875" lon="23.57130453921854496002197265625">
        <ele>793</ele>
        <time>2024-10-27T11:15:30.000Z</time>
        <extensions>
          <ns3:TrackPointExtension>
            <ns3:hr>88</ns3:hr>
            <ns3:cad>55</ns3:cad>
          </ns3:TrackPointExtension>
        </extensions>
      </trkpt>
      <trkpt lat="46.69949197210371494293212890625" lon="23.5713207162916660308837890625">
        <ele>792.79998779296875</ele>
        <time>2024-10-27T11:15:32.000Z</time>
        <extensions>
          <ns3:TrackPointExtension>
            <ns3:hr>89</ns3:hr>
            <ns3:cad>52</ns3:cad>
          </ns3:TrackPointExtension>
        </extensions>
      </trkpt>
      <trkpt lat="46.69957260601222515106201171875" lon="23.57138098217546939849853515625">
        <ele>792.4000244140625</ele>
        <time>2024-10-27T11:15:40.000Z</time>
        <extensions>
          <ns3:TrackPointExtension>
            <ns3:hr>89</ns3:hr>
            <ns3:cad>47</ns3:cad>
          </ns3:TrackPointExtension>
        </extensions>
      </trkpt>
      <trkpt lat="46.69962423853576183319091796875" lon="23.57141442596912384033203125">
        <ele>791.5999755859375</ele>
        <time>2024-10-27T11:15:44.000Z</time>
        <extensions>
          <ns3:TrackPointExtension>
            <ns3:hr>89</ns3:hr>
            <ns3:cad>55</ns3:cad>
          </ns3:TrackPointExtension>
        </extensions>
      </trkpt>
      <trkpt lat="46.69965223409235477447509765625" lon="23.5714410804212093353271484375">
        <ele>791.4000244140625</ele>
        <time>2024-10-27T11:15:47.000Z</time>
        <extensions>
          <ns3:TrackPointExtension>
            <ns3:hr>89</ns3:hr>
            <ns3:cad>54</ns3:cad>
          </ns3:TrackPointExtension>
        </extensions>
      </trkpt>
      <trkpt lat="46.69968039728701114654541015625" lon="23.57151006348431110382080078125">
        <ele>790.5999755859375</ele>
        <time>2024-10-27T11:15:55.000Z</time>
        <extensions>
          <ns3:TrackPointExtension>
            <ns3:hr>91</ns3:hr>
            <ns3:cad>0</ns3:cad>
          </ns3:TrackPointExtension>
        </extensions>
      </trkpt>
      <trkpt lat="46.699679978191852569580078125" lon="23.57151173986494541168212890625">
        <ele>790.5999755859375</ele>
        <time>2024-10-27T11:15:56.000Z</time>
        <extensions>
          <ns3:TrackPointExtension>
            <ns3:hr>90</ns3:hr>
            <ns3:cad>0</ns3:cad>
          </ns3:TrackPointExtension>
        </extensions>
      </trkpt>
      <trkpt lat="46.69970973394811153411865234375" lon="23.57156890444457530975341796875">
        <ele>790.4000244140625</ele>
        <time>2024-10-27T11:16:01.000Z</time>
        <extensions>
          <ns3:TrackPointExtension>
            <ns3:hr>87</ns3:hr>
            <ns3:cad>47</ns3:cad>
          </ns3:TrackPointExtension>
        </extensions>
      </trkpt>
      <trkpt lat="46.69971208088099956512451171875" lon="23.57157175429165363311767578125">
        <ele>790.4000244140625</ele>
        <time>2024-10-27T11:16:02.000Z</time>
        <extensions>
          <ns3:TrackPointExtension>
            <ns3:hr>87</ns3:hr>
            <ns3:cad>0</ns3:cad>
          </ns3:TrackPointExtension>
        </extensions>
      </trkpt>
      <trkpt lat="46.69972683303058147430419921875" lon="23.57157343067228794097900390625">
        <ele>790.5999755859375</ele>
        <time>2024-10-27T11:16:08.000Z</time>
        <extensions>
          <ns3:TrackPointExtension>
            <ns3:hr>89</ns3:hr>
            <ns3:cad>0</ns3:cad>
          </ns3:TrackPointExtension>
        </extensions>
      </trkpt>
      <trkpt lat="46.69979958795011043548583984375" lon="23.57160846702754497528076171875">
        <ele>789.5999755859375</ele>
        <time>2024-10-27T11:16:16.000Z</time>
        <extensions>
          <ns3:TrackPointExtension>
            <ns3:hr>88</ns3:hr>
            <ns3:cad>52</ns3:cad>
          </ns3:TrackPointExtension>
        </extensions>
      </trkpt>
      <trkpt lat="46.69980562292039394378662109375" lon="23.57161332853138446807861328125">
        <ele>789.4000244140625</ele>
        <time>2024-10-27T11:16:17.000Z</time>
        <extensions>
          <ns3:TrackPointExtension>
            <ns3:hr>90</ns3:hr>
            <ns3:cad>52</ns3:cad>
          </ns3:TrackPointExtension>
        </extensions>
      </trkpt>
      <trkpt lat="46.6998273320496082305908203125" lon="23.57163042761385440826416015625">
        <ele>789.4000244140625</ele>
        <time>2024-10-27T11:16:19.000Z</time>
        <extensions>
          <ns3:TrackPointExtension>
            <ns3:hr>93</ns3:hr>
            <ns3:cad>50</ns3:cad>
          </ns3:TrackPointExtension>
        </extensions>
      </trkpt>
      <trkpt lat="46.6998514719307422637939453125" lon="23.5716472752392292022705078125">
        <ele>789.20001220703125</ele>
        <time>2024-10-27T11:16:21.000Z</time>
        <extensions>
          <ns3:TrackPointExtension>
            <ns3:hr>89</ns3:hr>
            <ns3:cad>50</ns3:cad>
          </ns3:TrackPointExtension>
        </extensions>
      </trkpt>
      <trkpt lat="46.69986697845160961151123046875" lon="23.57165314257144927978515625">
        <ele>789</ele>
        <time>2024-10-27T11:16:23.000Z</time>
        <extensions>
          <ns3:TrackPointExtension>
            <ns3:hr>86</ns3:hr>
            <ns3:cad>51</ns3:cad>
          </ns3:TrackPointExtension>
        </extensions>
      </trkpt>
      <trkpt lat="46.69987452216446399688720703125" lon="23.5716569982469081878662109375">
        <ele>789</ele>
        <time>2024-10-27T11:16:24.000Z</time>
        <extensions>
          <ns3:TrackPointExtension>
            <ns3:hr>85</ns3:hr>
            <ns3:cad>51</ns3:cad>
          </ns3:TrackPointExtension>
        </extensions>
      </trkpt>
      <trkpt lat="46.6999295912683010101318359375" lon="23.57168658636510372161865234375">
        <ele>788.4000244140625</ele>
        <time>2024-10-27T11:16:28.000Z</time>
        <extensions>
          <ns3:TrackPointExtension>
            <ns3:hr>86</ns3:hr>
            <ns3:cad>53</ns3:cad>
          </ns3:TrackPointExtension>
        </extensions>
      </trkpt>
      <trkpt lat="46.7000080458819866180419921875" lon="23.57171759940683841705322265625">
        <ele>788</ele>
        <time>2024-10-27T11:16:34.000Z</time>
        <extensions>
          <ns3:TrackPointExtension>
            <ns3:hr>87</ns3:hr>
            <ns3:cad>51</ns3:cad>
          </ns3:TrackPointExtension>
        </extensions>
      </trkpt>
      <trkpt lat="46.70004551298916339874267578125" lon="23.57174299657344818115234375">
        <ele>787.79998779296875</ele>
        <time>2024-10-27T11:16:37.000Z</time>
        <extensions>
          <ns3:TrackPointExtension>
            <ns3:hr>91</ns3:hr>
            <ns3:cad>51</ns3:cad>
          </ns3:TrackPointExtension>
        </extensions>
      </trkpt>
      <trkpt lat="46.7000660486519336700439453125" lon="23.57177694328129291534423828125">
        <ele>787.5999755859375</ele>
        <time>2024-10-27T11:16:40.000Z</time>
        <extensions>
          <ns3:TrackPointExtension>
            <ns3:hr>94</ns3:hr>
            <ns3:cad>50</ns3:cad>
          </ns3:TrackPointExtension>
        </extensions>
      </trkpt>
      <trkpt lat="46.7000764422118663787841796875" lon="23.57179286889731884002685546875">
        <ele>787.5999755859375</ele>
        <time>2024-10-27T11:16:42.000Z</time>
        <extensions>
          <ns3:TrackPointExtension>
            <ns3:hr>94</ns3:hr>
            <ns3:cad>51</ns3:cad>
          </ns3:TrackPointExtension>
        </extensions>
      </trkpt>
      <trkpt lat="46.70010720379650592803955078125" lon="23.57184751890599727630615234375">
        <ele>787.4000244140625</ele>
        <time>2024-10-27T11:16:47.000Z</time>
        <extensions>
          <ns3:TrackPointExtension>
            <ns3:hr>94</ns3:hr>
            <ns3:cad>49</ns3:cad>
          </ns3:TrackPointExtension>
        </extensions>
      </trkpt>
      <trkpt lat="46.70011558569967746734619140625" lon="23.5718635283410549163818359375">
        <ele>787.20001220703125</ele>
        <time>2024-10-27T11:16:49.000Z</time>
        <extensions>
          <ns3:TrackPointExtension>
            <ns3:hr>94</ns3:hr>
            <ns3:cad>50</ns3:cad>
          </ns3:TrackPointExtension>
        </extensions>
      </trkpt>
      <trkpt lat="46.70013226568698883056640625" lon="23.57189646922051906585693359375">
        <ele>787</ele>
        <time>2024-10-27T11:16:52.000Z</time>
        <extensions>
          <ns3:TrackPointExtension>
            <ns3:hr>91</ns3:hr>
            <ns3:cad>50</ns3:cad>
          </ns3:TrackPointExtension>
        </extensions>
      </trkpt>
      <trkpt lat="46.70014894567430019378662109375" lon="23.5719282366335391998291015625">
        <ele>786.79998779296875</ele>
        <time>2024-10-27T11:16:54.000Z</time>
        <extensions>
          <ns3:TrackPointExtension>
            <ns3:hr>88</ns3:hr>
            <ns3:cad>50</ns3:cad>
          </ns3:TrackPointExtension>
        </extensions>
      </trkpt>
      <trkpt lat="46.70016068033874034881591796875" lon="23.5719584114849567413330078125">
        <ele>786.5999755859375</ele>
        <time>2024-10-27T11:16:56.000Z</time>
        <extensions>
          <ns3:TrackPointExtension>
            <ns3:hr>88</ns3:hr>
            <ns3:cad>50</ns3:cad>
          </ns3:TrackPointExtension>
        </extensions>
      </trkpt>
      <trkpt lat="46.70018616132438182830810546875" lon="23.57202555052936077117919921875">
        <ele>786.4000244140625</ele>
        <time>2024-10-27T11:17:00.000Z</time>
        <extensions>
          <ns3:TrackPointExtension>
            <ns3:hr>87</ns3:hr>
            <ns3:cad>51</ns3:cad>
          </ns3:TrackPointExtension>
        </extensions>
      </trkpt>
      <trkpt lat="46.7002209462225437164306640625" lon="23.5721163265407085418701171875">
        <ele>786</ele>
        <time>2024-10-27T11:17:05.000Z</time>
        <extensions>
          <ns3:TrackPointExtension>
            <ns3:hr>87</ns3:hr>
            <ns3:cad>49</ns3:cad>
          </ns3:TrackPointExtension>
        </extensions>
      </trkpt>
      <trkpt lat="46.7002460919320583343505859375" lon="23.57216485776007175445556640625">
        <ele>785.20001220703125</ele>
        <time>2024-10-27T11:17:10.000Z</time>
        <extensions>
          <ns3:TrackPointExtension>
            <ns3:hr>88</ns3:hr>
            <ns3:cad>51</ns3:cad>
          </ns3:TrackPointExtension>
        </extensions>
      </trkpt>
      <trkpt lat="46.70026310719549655914306640625" lon="23.572201319038867950439453125">
        <ele>785</ele>
        <time>2024-10-27T11:17:13.000Z</time>
        <extensions>
          <ns3:TrackPointExtension>
            <ns3:hr>89</ns3:hr>
            <ns3:cad>51</ns3:cad>
          </ns3:TrackPointExtension>
        </extensions>
      </trkpt>
      <trkpt lat="46.70027987100183963775634765625" lon="23.572267703711986541748046875">
        <ele>784.20001220703125</ele>
        <time>2024-10-27T11:17:19.000Z</time>
        <extensions>
          <ns3:TrackPointExtension>
            <ns3:hr>90</ns3:hr>
            <ns3:cad>51</ns3:cad>
          </ns3:TrackPointExtension>
        </extensions>
      </trkpt>
      <trkpt lat="46.700292862951755523681640625" lon="23.572311960160732269287109375">
        <ele>784</ele>
        <time>2024-10-27T11:17:21.000Z</time>
        <extensions>
          <ns3:TrackPointExtension>
            <ns3:hr>91</ns3:hr>
            <ns3:cad>51</ns3:cad>
          </ns3:TrackPointExtension>
        </extensions>
      </trkpt>
      <trkpt lat="46.70033284462988376617431640625" lon="23.5723396204411983489990234375">
        <ele>783.20001220703125</ele>
        <time>2024-10-27T11:17:27.000Z</time>
        <extensions>
          <ns3:TrackPointExtension>
            <ns3:hr>91</ns3:hr>
            <ns3:cad>52</ns3:cad>
          </ns3:TrackPointExtension>
        </extensions>
      </trkpt>
      <trkpt lat="46.70035891234874725341796875" lon="23.5723379440605640411376953125">
        <ele>782.5999755859375</ele>
        <time>2024-10-27T11:17:33.000Z</time>
        <extensions>
          <ns3:TrackPointExtension>
            <ns3:hr>92</ns3:hr>
            <ns3:cad>51</ns3:cad>
          </ns3:TrackPointExtension>
        </extensions>
      </trkpt>
      <trkpt lat="46.7003768496215343475341796875" lon="23.57234909199178218841552734375">
        <ele>782</ele>
        <time>2024-10-27T11:17:36.000Z</time>
        <extensions>
          <ns3:TrackPointExtension>
            <ns3:hr>92</ns3:hr>
            <ns3:cad>51</ns3:cad>
          </ns3:TrackPointExtension>
        </extensions>
      </trkpt>
      <trkpt lat="46.70040409080684185028076171875" lon="23.5724076814949512481689453125">
        <ele>781.4000244140625</ele>
        <time>2024-10-27T11:17:41.000Z</time>
        <extensions>
          <ns3:TrackPointExtension>
            <ns3:hr>92</ns3:hr>
            <ns3:cad>53</ns3:cad>
          </ns3:TrackPointExtension>
        </extensions>
      </trkpt>
      <trkpt lat="46.700397469103336334228515625" lon="23.57247314415872097015380859375">
        <ele>781</ele>
        <time>2024-10-27T11:17:48.000Z</time>
        <extensions>
          <ns3:TrackPointExtension>
            <ns3:hr>91</ns3:hr>
            <ns3:cad>0</ns3:cad>
          </ns3:TrackPointExtension>
        </extensions>
      </trkpt>
      <trkpt lat="46.70039889402687549591064453125" lon="23.572476916015148162841796875">
        <ele>781</ele>
        <time>2024-10-27T11:17:49.000Z</time>
        <extensions>
          <ns3:TrackPointExtension>
            <ns3:hr>91</ns3:hr>
            <ns3:cad>0</ns3:cad>
          </ns3:TrackPointExtension>
        </extensions>
      </trkpt>
      <trkpt lat="46.7004392109811305999755859375" lon="23.57254765927791595458984375">
        <ele>780.5999755859375</ele>
        <time>2024-10-27T11:17:55.000Z</time>
        <extensions>
          <ns3:TrackPointExtension>
            <ns3:hr>87</ns3:hr>
            <ns3:cad>52</ns3:cad>
          </ns3:TrackPointExtension>
        </extensions>
      </trkpt>
      <trkpt lat="46.70049880631268024444580078125" lon="23.57261211611330509185791015625">
        <ele>780</ele>
        <time>2024-10-27T11:18:00.000Z</time>
        <extensions>
          <ns3:TrackPointExtension>
            <ns3:hr>87</ns3:hr>
            <ns3:cad>53</ns3:cad>
          </ns3:TrackPointExtension>
        </extensions>
      </trkpt>
      <trkpt lat="46.700504086911678314208984375" lon="23.57262200675904750823974609375">
        <ele>780</ele>
        <time>2024-10-27T11:18:02.000Z</time>
        <extensions>
          <ns3:TrackPointExtension>
            <ns3:hr>87</ns3:hr>
            <ns3:cad>55</ns3:cad>
          </ns3:TrackPointExtension>
        </extensions>
      </trkpt>
      <trkpt lat="46.70054021291434764862060546875" lon="23.572709262371063232421875">
        <ele>779.5999755859375</ele>
        <time>2024-10-27T11:18:09.000Z</time>
        <extensions>
          <ns3:TrackPointExtension>
            <ns3:hr>89</ns3:hr>
            <ns3:cad>0</ns3:cad>
          </ns3:TrackPointExtension>
        </extensions>
      </trkpt>
      <trkpt lat="46.70056636445224285125732421875" lon="23.57280573807656764984130859375">
        <ele>779</ele>
        <time>2024-10-27T11:18:18.000Z</time>
        <extensions>
          <ns3:TrackPointExtension>
            <ns3:hr>90</ns3:hr>
            <ns3:cad>51</ns3:cad>
          </ns3:TrackPointExtension>
        </extensions>
      </trkpt>
      <trkpt lat="46.7005696333944797515869140625" lon="23.5728106833994388580322265625">
        <ele>778.79998779296875</ele>
        <time>2024-10-27T11:18:19.000Z</time>
        <extensions>
          <ns3:TrackPointExtension>
            <ns3:hr>90</ns3:hr>
            <ns3:cad>50</ns3:cad>
          </ns3:TrackPointExtension>
        </extensions>
      </trkpt>
      <trkpt lat="46.7005605809390544891357421875" lon="23.57280272059142589569091796875">
        <ele>778.79998779296875</ele>
        <time>2024-10-27T11:18:22.000Z</time>
        <extensions>
          <ns3:TrackPointExtension>
            <ns3:hr>89</ns3:hr>
            <ns3:cad>0</ns3:cad>
          </ns3:TrackPointExtension>
        </extensions>
      </trkpt>
      <trkpt lat="46.7005498521029949188232421875" lon="23.57278930954635143280029296875">
        <ele>778.5999755859375</ele>
        <time>2024-10-27T11:18:25.000Z</time>
        <extensions>
          <ns3:TrackPointExtension>
            <ns3:hr>89</ns3:hr>
            <ns3:cad>0</ns3:cad>
          </ns3:TrackPointExtension>
        </extensions>
      </trkpt>
      <trkpt lat="46.70053132809698581695556640625" lon="23.5727939195930957794189453125">
        <ele>779.20001220703125</ele>
        <time>2024-10-27T11:18:34.000Z</time>
        <extensions>
          <ns3:TrackPointExtension>
            <ns3:hr>91</ns3:hr>
            <ns3:cad>0</ns3:cad>
          </ns3:TrackPointExtension>
        </extensions>
      </trkpt>
      <trkpt lat="46.70053702779114246368408203125" lon="23.57281529344618320465087890625">
        <ele>779.20001220703125</ele>
        <time>2024-10-27T11:18:39.000Z</time>
        <extensions>
          <ns3:TrackPointExtension>
            <ns3:hr>87</ns3:hr>
            <ns3:cad>0</ns3:cad>
          </ns3:TrackPointExtension>
        </extensions>
      </trkpt>
      <trkpt lat="46.7005755007266998291015625" lon="23.57286960817873477935791015625">
        <ele>778.79998779296875</ele>
        <time>2024-10-27T11:18:44.000Z</time>
        <extensions>
          <ns3:TrackPointExtension>
            <ns3:hr>87</ns3:hr>
            <ns3:cad>0</ns3:cad>
          </ns3:TrackPointExtension>
        </extensions>
      </trkpt>
      <trkpt lat="46.7006437294185161590576171875" lon="23.5729276947677135467529296875">
        <ele>778.20001220703125</ele>
        <time>2024-10-27T11:18:51.000Z</time>
        <extensions>
          <ns3:TrackPointExtension>
            <ns3:hr>86</ns3:hr>
            <ns3:cad>54</ns3:cad>
          </ns3:TrackPointExtension>
        </extensions>
      </trkpt>
      <trkpt lat="46.7006836272776126861572265625" lon="23.572964407503604888916015625">
        <ele>778</ele>
        <time>2024-10-27T11:18:55.000Z</time>
        <extensions>
          <ns3:TrackPointExtension>
            <ns3:hr>89</ns3:hr>
            <ns3:cad>52</ns3:cad>
          </ns3:TrackPointExtension>
        </extensions>
      </trkpt>
      <trkpt lat="46.70072914101183414459228515625" lon="23.572991900146007537841796875">
        <ele>778</ele>
        <time>2024-10-27T11:19:00.000Z</time>
        <extensions>
          <ns3:TrackPointExtension>
            <ns3:hr>90</ns3:hr>
            <ns3:cad>47</ns3:cad>
          </ns3:TrackPointExtension>
        </extensions>
      </trkpt>
      <trkpt lat="46.70078546740114688873291015625" lon="23.5730098374187946319580078125">
        <ele>777.79998779296875</ele>
        <time>2024-10-27T11:19:05.000Z</time>
        <extensions>
          <ns3:TrackPointExtension>
            <ns3:hr>89</ns3:hr>
            <ns3:cad>44</ns3:cad>
          </ns3:TrackPointExtension>
        </extensions>
      </trkpt>
      <trkpt lat="46.70080013573169708251953125" lon="23.57301126234233379364013671875">
        <ele>777.5999755859375</ele>
        <time>2024-10-27T11:19:07.000Z</time>
        <extensions>
          <ns3:TrackPointExtension>
            <ns3:hr>89</ns3:hr>
            <ns3:cad>44</ns3:cad>
          </ns3:TrackPointExtension>
        </extensions>
      </trkpt>
      <trkpt lat="46.70085554011166095733642578125" lon="23.5730416886508464813232421875">
        <ele>777</ele>
        <time>2024-10-27T11:19:14.000Z</time>
        <extensions>
          <ns3:TrackPointExtension>
            <ns3:hr>87</ns3:hr>
            <ns3:cad>50</ns3:cad>
          </ns3:TrackPointExtension>
        </extensions>
      </trkpt>
      <trkpt lat="46.70086450874805450439453125" lon="23.57305551879107952117919921875">
        <ele>776.79998779296875</ele>
        <time>2024-10-27T11:19:15.000Z</time>
        <extensions>
          <ns3:TrackPointExtension>
            <ns3:hr>87</ns3:hr>
            <ns3:cad>50</ns3:cad>
          </ns3:TrackPointExtension>
        </extensions>
      </trkpt>
      <trkpt lat="46.70090013183653354644775390625" lon="23.57310497201979160308837890625">
        <ele>776.20001220703125</ele>
        <time>2024-10-27T11:19:20.000Z</time>
        <extensions>
          <ns3:TrackPointExtension>
            <ns3:hr>89</ns3:hr>
            <ns3:cad>54</ns3:cad>
          </ns3:TrackPointExtension>
        </extensions>
      </trkpt>
      <trkpt lat="46.7009766586124897003173828125" lon="23.5732395015656948089599609375">
        <ele>775.79998779296875</ele>
        <time>2024-10-27T11:19:31.000Z</time>
        <extensions>
          <ns3:TrackPointExtension>
            <ns3:hr>91</ns3:hr>
            <ns3:cad>50</ns3:cad>
          </ns3:TrackPointExtension>
        </extensions>
      </trkpt>
      <trkpt lat="46.7010172270238399505615234375" lon="23.573286943137645721435546875">
        <ele>775.20001220703125</ele>
        <time>2024-10-27T11:19:36.000Z</time>
        <extensions>
          <ns3:TrackPointExtension>
            <ns3:hr>94</ns3:hr>
            <ns3:cad>51</ns3:cad>
          </ns3:TrackPointExtension>
        </extensions>
      </trkpt>
      <trkpt lat="46.70104111544787883758544921875" lon="23.57331535778939723968505859375">
        <ele>775</ele>
        <time>2024-10-27T11:19:39.000Z</time>
        <extensions>
          <ns3:TrackPointExtension>
            <ns3:hr>91</ns3:hr>
            <ns3:cad>52</ns3:cad>
          </ns3:TrackPointExtension>
        </extensions>
      </trkpt>
      <trkpt lat="46.70105184428393840789794921875" lon="23.57332893647253513336181640625">
        <ele>774.79998779296875</ele>
        <time>2024-10-27T11:19:40.000Z</time>
        <extensions>
          <ns3:TrackPointExtension>
            <ns3:hr>90</ns3:hr>
            <ns3:cad>52</ns3:cad>
          </ns3:TrackPointExtension>
        </extensions>
      </trkpt>
      <trkpt lat="46.70106760226190090179443359375" lon="23.5733521543443202972412109375">
        <ele>774.5999755859375</ele>
        <time>2024-10-27T11:19:42.000Z</time>
        <extensions>
          <ns3:TrackPointExtension>
            <ns3:hr>90</ns3:hr>
            <ns3:cad>52</ns3:cad>
          </ns3:TrackPointExtension>
        </extensions>
      </trkpt>
      <trkpt lat="46.70109123922884464263916015625" lon="23.5734322853386402130126953125">
        <ele>774.4000244140625</ele>
        <time>2024-10-27T11:19:48.000Z</time>
        <extensions>
          <ns3:TrackPointExtension>
            <ns3:hr>90</ns3:hr>
            <ns3:cad>51</ns3:cad>
          </ns3:TrackPointExtension>
        </extensions>
      </trkpt>
      <trkpt lat="46.70108352787792682647705078125" lon="23.5736126638948917388916015625">
        <ele>773.4000244140625</ele>
        <time>2024-10-27T11:19:59.000Z</time>
        <extensions>
          <ns3:TrackPointExtension>
            <ns3:hr>89</ns3:hr>
            <ns3:cad>51</ns3:cad>
          </ns3:TrackPointExtension>
        </extensions>
      </trkpt>
      <trkpt lat="46.70111370272934436798095703125" lon="23.5737491212785243988037109375">
        <ele>773.20001220703125</ele>
        <time>2024-10-27T11:20:08.000Z</time>
        <extensions>
          <ns3:TrackPointExtension>
            <ns3:hr>89</ns3:hr>
            <ns3:cad>46</ns3:cad>
          </ns3:TrackPointExtension>
        </extensions>
      </trkpt>
      <trkpt lat="46.70108553953468799591064453125" lon="23.57379161752760410308837890625">
        <ele>772.79998779296875</ele>
        <time>2024-10-27T11:20:16.000Z</time>
        <extensions>
          <ns3:TrackPointExtension>
            <ns3:hr>90</ns3:hr>
            <ns3:cad>0</ns3:cad>
          </ns3:TrackPointExtension>
        </extensions>
      </trkpt>
      <trkpt lat="46.70105301775038242340087890625" lon="23.57381341047585010528564453125">
        <ele>772.79998779296875</ele>
        <time>2024-10-27T11:20:24.000Z</time>
        <extensions>
          <ns3:TrackPointExtension>
            <ns3:hr>90</ns3:hr>
            <ns3:cad>0</ns3:cad>
          </ns3:TrackPointExtension>
        </extensions>
      </trkpt>
      <trkpt lat="46.7010608129203319549560546875" lon="23.57386537827551364898681640625">
        <ele>772.4000244140625</ele>
        <time>2024-10-27T11:20:28.000Z</time>
        <extensions>
          <ns3:TrackPointExtension>
            <ns3:hr>89</ns3:hr>
            <ns3:cad>0</ns3:cad>
          </ns3:TrackPointExtension>
        </extensions>
      </trkpt>
      <trkpt lat="46.7010797560214996337890625" lon="23.57392522506415843963623046875">
        <ele>772.20001220703125</ele>
        <time>2024-10-27T11:20:31.000Z</time>
        <extensions>
          <ns3:TrackPointExtension>
            <ns3:hr>90</ns3:hr>
            <ns3:cad>53</ns3:cad>
          </ns3:TrackPointExtension>
        </extensions>
      </trkpt>
      <trkpt lat="46.701102219521999359130859375" lon="23.57404173351824283599853515625">
        <ele>771.5999755859375</ele>
        <time>2024-10-27T11:20:40.000Z</time>
        <extensions>
          <ns3:TrackPointExtension>
            <ns3:hr>90</ns3:hr>
            <ns3:cad>0</ns3:cad>
          </ns3:TrackPointExtension>
        </extensions>
      </trkpt>
      <trkpt lat="46.7011092603206634521484375" lon="23.5740981437265872955322265625">
        <ele>771.20001220703125</ele>
        <time>2024-10-27T11:20:45.000Z</time>
        <extensions>
          <ns3:TrackPointExtension>
            <ns3:hr>90</ns3:hr>
            <ns3:cad>0</ns3:cad>
          </ns3:TrackPointExtension>
        </extensions>
      </trkpt>
      <trkpt lat="46.70111152343451976776123046875" lon="23.57414734549820423126220703125">
        <ele>771</ele>
        <time>2024-10-27T11:20:48.000Z</time>
        <extensions>
          <ns3:TrackPointExtension>
            <ns3:hr>89</ns3:hr>
            <ns3:cad>55</ns3:cad>
          </ns3:TrackPointExtension>
        </extensions>
      </trkpt>
      <trkpt lat="46.7011255212128162384033203125" lon="23.57426100410521030426025390625">
        <ele>771</ele>
        <time>2024-10-27T11:20:53.000Z</time>
        <extensions>
          <ns3:TrackPointExtension>
            <ns3:hr>86</ns3:hr>
            <ns3:cad>53</ns3:cad>
          </ns3:TrackPointExtension>
        </extensions>
      </trkpt>
      <trkpt lat="46.70114119537174701690673828125" lon="23.5743395425379276275634765625">
        <ele>771</ele>
        <time>2024-10-27T11:20:57.000Z</time>
        <extensions>
          <ns3:TrackPointExtension>
            <ns3:hr>86</ns3:hr>
            <ns3:cad>48</ns3:cad>
          </ns3:TrackPointExtension>
        </extensions>
      </trkpt>
      <trkpt lat="46.70119718648493289947509765625" lon="23.574459739029407501220703125">
        <ele>771</ele>
        <time>2024-10-27T11:21:06.000Z</time>
        <extensions>
          <ns3:TrackPointExtension>
            <ns3:hr>87</ns3:hr>
            <ns3:cad>50</ns3:cad>
          </ns3:TrackPointExtension>
        </extensions>
      </trkpt>
      <trkpt lat="46.70124395750463008880615234375" lon="23.57452503405511379241943359375">
        <ele>771</ele>
        <time>2024-10-27T11:21:13.000Z</time>
        <extensions>
          <ns3:TrackPointExtension>
            <ns3:hr>89</ns3:hr>
            <ns3:cad>49</ns3:cad>
          </ns3:TrackPointExtension>
        </extensions>
      </trkpt>
      <trkpt lat="46.70134604908525943756103515625" lon="23.5745997168123722076416015625">
        <ele>770.79998779296875</ele>
        <time>2024-10-27T11:21:22.000Z</time>
        <extensions>
          <ns3:TrackPointExtension>
            <ns3:hr>89</ns3:hr>
            <ns3:cad>50</ns3:cad>
          </ns3:TrackPointExtension>
        </extensions>
      </trkpt>
      <trkpt lat="46.7014463804662227630615234375" lon="23.57470356859266757965087890625">
        <ele>771</ele>
        <time>2024-10-27T11:21:29.000Z</time>
        <extensions>
          <ns3:TrackPointExtension>
            <ns3:hr>93</ns3:hr>
            <ns3:cad>50</ns3:cad>
          </ns3:TrackPointExtension>
        </extensions>
      </trkpt>
      <trkpt lat="46.70145384036004543304443359375" lon="23.574710525572299957275390625">
        <ele>771</ele>
        <time>2024-10-27T11:21:30.000Z</time>
        <extensions>
          <ns3:TrackPointExtension>
            <ns3:hr>94</ns3:hr>
            <ns3:cad>49</ns3:cad>
          </ns3:TrackPointExtension>
        </extensions>
      </trkpt>
      <trkpt lat="46.70149675570428371429443359375" lon="23.57471614144742488861083984375">
        <ele>770.5999755859375</ele>
        <time>2024-10-27T11:21:38.000Z</time>
        <extensions>
          <ns3:TrackPointExtension>
            <ns3:hr>95</ns3:hr>
            <ns3:cad>52</ns3:cad>
          </ns3:TrackPointExtension>
        </extensions>
      </trkpt>
      <trkpt lat="46.701568253338336944580078125" lon="23.57482158578932285308837890625">
        <ele>770.4000244140625</ele>
        <time>2024-10-27T11:21:45.000Z</time>
        <extensions>
          <ns3:TrackPointExtension>
            <ns3:hr>94</ns3:hr>
            <ns3:cad>49</ns3:cad>
          </ns3:TrackPointExtension>
        </extensions>
      </trkpt>
      <trkpt lat="46.70161728747189044952392578125" lon="23.57487925328314304351806640625">
        <ele>770.4000244140625</ele>
        <time>2024-10-27T11:21:52.000Z</time>
        <extensions>
          <ns3:TrackPointExtension>
            <ns3:hr>93</ns3:hr>
            <ns3:cad>49</ns3:cad>
          </ns3:TrackPointExtension>
        </extensions>
      </trkpt>
      <trkpt lat="46.701705045998096466064453125" lon="23.5749126970767974853515625">
        <ele>770.20001220703125</ele>
        <time>2024-10-27T11:22:00.000Z</time>
        <extensions>
          <ns3:TrackPointExtension>
            <ns3:hr>90</ns3:hr>
            <ns3:cad>48</ns3:cad>
          </ns3:TrackPointExtension>
        </extensions>
      </trkpt>
      <trkpt lat="46.701711080968379974365234375" lon="23.57491479255259037017822265625">
        <ele>770.20001220703125</ele>
        <time>2024-10-27T11:22:01.000Z</time>
        <extensions>
          <ns3:TrackPointExtension>
            <ns3:hr>90</ns3:hr>
            <ns3:cad>48</ns3:cad>
          </ns3:TrackPointExtension>
        </extensions>
      </trkpt>
      <trkpt lat="46.7017757892608642578125" lon="23.574935160577297210693359375">
        <ele>769.4000244140625</ele>
        <time>2024-10-27T11:22:09.000Z</time>
        <extensions>
          <ns3:TrackPointExtension>
            <ns3:hr>90</ns3:hr>
            <ns3:cad>51</ns3:cad>
          </ns3:TrackPointExtension>
        </extensions>
      </trkpt>
      <trkpt lat="46.70179347507655620574951171875" lon="23.5749430395662784576416015625">
        <ele>769.20001220703125</ele>
        <time>2024-10-27T11:22:11.000Z</time>
        <extensions>
          <ns3:TrackPointExtension>
            <ns3:hr>90</ns3:hr>
            <ns3:cad>52</ns3:cad>
          </ns3:TrackPointExtension>
        </extensions>
      </trkpt>
      <trkpt lat="46.7018658109009265899658203125" lon="23.57498452998697757720947265625">
        <ele>768.5999755859375</ele>
        <time>2024-10-27T11:22:17.000Z</time>
        <extensions>
          <ns3:TrackPointExtension>
            <ns3:hr>90</ns3:hr>
            <ns3:cad>53</ns3:cad>
          </ns3:TrackPointExtension>
        </extensions>
      </trkpt>
      <trkpt lat="46.7019192874431610107421875" lon="23.5750074125826358795166015625">
        <ele>768.20001220703125</ele>
        <time>2024-10-27T11:22:21.000Z</time>
        <extensions>
          <ns3:TrackPointExtension>
            <ns3:hr>89</ns3:hr>
            <ns3:cad>53</ns3:cad>
          </ns3:TrackPointExtension>
        </extensions>
      </trkpt>
      <trkpt lat="46.70197033323347568511962890625" lon="23.5750496573746204376220703125">
        <ele>767.79998779296875</ele>
        <time>2024-10-27T11:22:26.000Z</time>
        <extensions>
          <ns3:TrackPointExtension>
            <ns3:hr>87</ns3:hr>
            <ns3:cad>53</ns3:cad>
          </ns3:TrackPointExtension>
        </extensions>
      </trkpt>
      <trkpt lat="46.70205934904515743255615234375" lon="23.575157783925533294677734375">
        <ele>767.4000244140625</ele>
        <time>2024-10-27T11:22:35.000Z</time>
        <extensions>
          <ns3:TrackPointExtension>
            <ns3:hr>88</ns3:hr>
            <ns3:cad>52</ns3:cad>
          </ns3:TrackPointExtension>
        </extensions>
      </trkpt>
      <trkpt lat="46.70212137512862682342529296875" lon="23.575236238539218902587890625">
        <ele>767</ele>
        <time>2024-10-27T11:22:41.000Z</time>
        <extensions>
          <ns3:TrackPointExtension>
            <ns3:hr>89</ns3:hr>
            <ns3:cad>51</ns3:cad>
          </ns3:TrackPointExtension>
        </extensions>
      </trkpt>
      <trkpt lat="46.702140234410762786865234375" lon="23.5752598755061626434326171875">
        <ele>766.79998779296875</ele>
        <time>2024-10-27T11:22:44.000Z</time>
        <extensions>
          <ns3:TrackPointExtension>
            <ns3:hr>89</ns3:hr>
            <ns3:cad>51</ns3:cad>
          </ns3:TrackPointExtension>
        </extensions>
      </trkpt>
      <trkpt lat="46.70220955274999141693115234375" lon="23.57538233511149883270263671875">
        <ele>766.5999755859375</ele>
        <time>2024-10-27T11:22:53.000Z</time>
        <extensions>
          <ns3:TrackPointExtension>
            <ns3:hr>90</ns3:hr>
            <ns3:cad>50</ns3:cad>
          </ns3:TrackPointExtension>
        </extensions>
      </trkpt>
      <trkpt lat="46.70229203067719936370849609375" lon="23.5754814930260181427001953125">
        <ele>766.4000244140625</ele>
        <time>2024-10-27T11:23:01.000Z</time>
        <extensions>
          <ns3:TrackPointExtension>
            <ns3:hr>87</ns3:hr>
            <ns3:cad>50</ns3:cad>
          </ns3:TrackPointExtension>
        </extensions>
      </trkpt>
      <trkpt lat="46.7022996582090854644775390625" lon="23.57549079693853855133056640625">
        <ele>766.4000244140625</ele>
        <time>2024-10-27T11:23:02.000Z</time>
        <extensions>
          <ns3:TrackPointExtension>
            <ns3:hr>88</ns3:hr>
            <ns3:cad>50</ns3:cad>
          </ns3:TrackPointExtension>
        </extensions>
      </trkpt>
      <trkpt lat="46.7023509554564952850341796875" lon="23.57555030845105648040771484375">
        <ele>766.20001220703125</ele>
        <time>2024-10-27T11:23:08.000Z</time>
        <extensions>
          <ns3:TrackPointExtension>
            <ns3:hr>88</ns3:hr>
            <ns3:cad>48</ns3:cad>
          </ns3:TrackPointExtension>
        </extensions>
      </trkpt>
      <trkpt lat="46.70236059464514255523681640625" lon="23.57555500231683254241943359375">
        <ele>766</ele>
        <time>2024-10-27T11:23:09.000Z</time>
        <extensions>
          <ns3:TrackPointExtension>
            <ns3:hr>88</ns3:hr>
            <ns3:cad>49</ns3:cad>
          </ns3:TrackPointExtension>
        </extensions>
      </trkpt>
      <trkpt lat="46.702438294887542724609375" lon="23.5756357200443744659423828125">
        <ele>765.4000244140625</ele>
        <time>2024-10-27T11:23:18.000Z</time>
        <extensions>
          <ns3:TrackPointExtension>
            <ns3:hr>88</ns3:hr>
            <ns3:cad>50</ns3:cad>
          </ns3:TrackPointExtension>
        </extensions>
      </trkpt>
      <trkpt lat="46.7024860717356204986572265625" lon="23.575681149959564208984375">
        <ele>765</ele>
        <time>2024-10-27T11:23:25.000Z</time>
        <extensions>
          <ns3:TrackPointExtension>
            <ns3:hr>87</ns3:hr>
            <ns3:cad>49</ns3:cad>
          </ns3:TrackPointExtension>
        </extensions>
      </trkpt>
      <trkpt lat="46.7025025002658367156982421875" lon="23.57569380663335323333740234375">
        <ele>764.79998779296875</ele>
        <time>2024-10-27T11:23:27.000Z</time>
        <extensions>
          <ns3:TrackPointExtension>
            <ns3:hr>87</ns3:hr>
            <ns3:cad>50</ns3:cad>
          </ns3:TrackPointExtension>
        </extensions>
      </trkpt>
      <trkpt lat="46.70261993072926998138427734375" lon="23.57582154683768749237060546875">
        <ele>764.20001220703125</ele>
        <time>2024-10-27T11:23:38.000Z</time>
        <extensions>
          <ns3:TrackPointExtension>
            <ns3:hr>88</ns3:hr>
            <ns3:cad>51</ns3:cad>
          </ns3:TrackPointExtension>
        </extensions>
      </trkpt>
      <trkpt lat="46.7027211003005504608154296875" lon="23.57592196203768253326416015625">
        <ele>764</ele>
        <time>2024-10-27T11:23:47.000Z</time>
        <extensions>
          <ns3:TrackPointExtension>
            <ns3:hr>89</ns3:hr>
            <ns3:cad>50</ns3:cad>
          </ns3:TrackPointExtension>
        </extensions>
      </trkpt>
      <trkpt lat="46.70276259072124958038330078125" lon="23.575967140495777130126953125">
        <ele>764</ele>
        <time>2024-10-27T11:23:50.000Z</time>
        <extensions>
          <ns3:TrackPointExtension>
            <ns3:hr>89</ns3:hr>
            <ns3:cad>50</ns3:cad>
          </ns3:TrackPointExtension>
        </extensions>
      </trkpt>
      <trkpt lat="46.70284171588718891143798828125" lon="23.57606747187674045562744140625">
        <ele>763.5999755859375</ele>
        <time>2024-10-27T11:23:57.000Z</time>
        <extensions>
          <ns3:TrackPointExtension>
            <ns3:hr>88</ns3:hr>
            <ns3:cad>51</ns3:cad>
          </ns3:TrackPointExtension>
        </extensions>
      </trkpt>
      <trkpt lat="46.7028746567666530609130859375" lon="23.57616922818124294281005859375">
        <ele>763.4000244140625</ele>
        <time>2024-10-27T11:24:08.000Z</time>
        <extensions>
          <ns3:TrackPointExtension>
            <ns3:hr>90</ns3:hr>
            <ns3:cad>50</ns3:cad>
          </ns3:TrackPointExtension>
        </extensions>
      </trkpt>
      <trkpt lat="46.70291111804544925689697265625" lon="23.5763047635555267333984375">
        <ele>763</ele>
        <time>2024-10-27T11:24:17.000Z</time>
        <extensions>
          <ns3:TrackPointExtension>
            <ns3:hr>90</ns3:hr>
            <ns3:cad>53</ns3:cad>
          </ns3:TrackPointExtension>
        </extensions>
      </trkpt>
      <trkpt lat="46.70292620547115802764892578125" lon="23.5763444937765598297119140625">
        <ele>763</ele>
        <time>2024-10-27T11:24:19.000Z</time>
        <extensions>
          <ns3:TrackPointExtension>
            <ns3:hr>91</ns3:hr>
            <ns3:cad>52</ns3:cad>
          </ns3:TrackPointExtension>
        </extensions>
      </trkpt>
      <trkpt lat="46.702985465526580810546875" lon="23.5764742456376552581787109375">
        <ele>762.4000244140625</ele>
        <time>2024-10-27T11:24:26.000Z</time>
        <extensions>
          <ns3:TrackPointExtension>
            <ns3:hr>91</ns3:hr>
            <ns3:cad>53</ns3:cad>
          </ns3:TrackPointExtension>
        </extensions>
      </trkpt>
      <trkpt lat="46.70303449966013431549072265625" lon="23.5766495950520038604736328125">
        <ele>762</ele>
        <time>2024-10-27T11:24:37.000Z</time>
        <extensions>
          <ns3:TrackPointExtension>
            <ns3:hr>92</ns3:hr>
            <ns3:cad>49</ns3:cad>
          </ns3:TrackPointExtension>
        </extensions>
      </trkpt>
      <trkpt lat="46.70303718186914920806884765625" lon="23.57666409574449062347412109375">
        <ele>761.79998779296875</ele>
        <time>2024-10-27T11:24:38.000Z</time>
        <extensions>
          <ns3:TrackPointExtension>
            <ns3:hr>92</ns3:hr>
            <ns3:cad>50</ns3:cad>
          </ns3:TrackPointExtension>
        </extensions>
      </trkpt>
      <trkpt lat="46.7030905745923519134521484375" lon="23.57682402245700359344482421875">
        <ele>761.4000244140625</ele>
        <time>2024-10-27T11:24:48.000Z</time>
        <extensions>
          <ns3:TrackPointExtension>
            <ns3:hr>92</ns3:hr>
            <ns3:cad>52</ns3:cad>
          </ns3:TrackPointExtension>
        </extensions>
      </trkpt>
      <trkpt lat="46.70310976915061473846435546875" lon="23.5769449733197689056396484375">
        <ele>761</ele>
        <time>2024-10-27T11:24:55.000Z</time>
        <extensions>
          <ns3:TrackPointExtension>
            <ns3:hr>89</ns3:hr>
            <ns3:cad>49</ns3:cad>
          </ns3:TrackPointExtension>
        </extensions>
      </trkpt>
      <trkpt lat="46.703121922910213470458984375" lon="23.57698428444564342498779296875">
        <ele>760.79998779296875</ele>
        <time>2024-10-27T11:24:58.000Z</time>
        <extensions>
          <ns3:TrackPointExtension>
            <ns3:hr>89</ns3:hr>
            <ns3:cad>50</ns3:cad>
          </ns3:TrackPointExtension>
        </extensions>
      </trkpt>
      <trkpt lat="46.70314882881939411163330078125" lon="23.57711152173578739166259765625">
        <ele>760.4000244140625</ele>
        <time>2024-10-27T11:25:05.000Z</time>
        <extensions>
          <ns3:TrackPointExtension>
            <ns3:hr>86</ns3:hr>
            <ns3:cad>52</ns3:cad>
          </ns3:TrackPointExtension>
        </extensions>
      </trkpt>
      <trkpt lat="46.70315377414226531982421875" lon="23.57715745456516742706298828125">
        <ele>760.4000244140625</ele>
        <time>2024-10-27T11:25:08.000Z</time>
        <extensions>
          <ns3:TrackPointExtension>
            <ns3:hr>86</ns3:hr>
            <ns3:cad>51</ns3:cad>
          </ns3:TrackPointExtension>
        </extensions>
      </trkpt>
      <trkpt lat="46.70319744385778903961181640625" lon="23.5772943310439586639404296875">
        <ele>760</ele>
        <time>2024-10-27T11:25:17.000Z</time>
        <extensions>
          <ns3:TrackPointExtension>
            <ns3:hr>88</ns3:hr>
            <ns3:cad>51</ns3:cad>
          </ns3:TrackPointExtension>
        </extensions>
      </trkpt>
      <trkpt lat="46.703213118016719818115234375" lon="23.57734688557684421539306640625">
        <ele>759.79998779296875</ele>
        <time>2024-10-27T11:25:21.000Z</time>
        <extensions>
          <ns3:TrackPointExtension>
            <ns3:hr>88</ns3:hr>
            <ns3:cad>51</ns3:cad>
          </ns3:TrackPointExtension>
        </extensions>
      </trkpt>
      <trkpt lat="46.70322778634727001190185546875" lon="23.57740254141390323638916015625">
        <ele>759.5999755859375</ele>
        <time>2024-10-27T11:25:24.000Z</time>
        <extensions>
          <ns3:TrackPointExtension>
            <ns3:hr>89</ns3:hr>
            <ns3:cad>52</ns3:cad>
          </ns3:TrackPointExtension>
        </extensions>
      </trkpt>
      <trkpt lat="46.70327740721404552459716796875" lon="23.57757688499987125396728515625">
        <ele>758.79998779296875</ele>
        <time>2024-10-27T11:25:34.000Z</time>
        <extensions>
          <ns3:TrackPointExtension>
            <ns3:hr>89</ns3:hr>
            <ns3:cad>51</ns3:cad>
          </ns3:TrackPointExtension>
        </extensions>
      </trkpt>
      <trkpt lat="46.7032818496227264404296875" lon="23.57759281061589717864990234375">
        <ele>758.79998779296875</ele>
        <time>2024-10-27T11:25:35.000Z</time>
        <extensions>
          <ns3:TrackPointExtension>
            <ns3:hr>89</ns3:hr>
            <ns3:cad>51</ns3:cad>
          </ns3:TrackPointExtension>
        </extensions>
      </trkpt>
      <trkpt lat="46.70330691151320934295654296875" lon="23.5777543298900127410888671875">
        <ele>758.4000244140625</ele>
        <time>2024-10-27T11:25:45.000Z</time>
        <extensions>
          <ns3:TrackPointExtension>
            <ns3:hr>89</ns3:hr>
            <ns3:cad>50</ns3:cad>
          </ns3:TrackPointExtension>
        </extensions>
      </trkpt>
      <trkpt lat="46.70333540998399257659912109375" lon="23.57792557217180728912353515625">
        <ele>758</ele>
        <time>2024-10-27T11:25:55.000Z</time>
        <extensions>
          <ns3:TrackPointExtension>
            <ns3:hr>90</ns3:hr>
            <ns3:cad>51</ns3:cad>
          </ns3:TrackPointExtension>
        </extensions>
      </trkpt>
      <trkpt lat="46.70334261842072010040283203125" lon="23.5779462754726409912109375">
        <ele>757.79998779296875</ele>
        <time>2024-10-27T11:25:57.000Z</time>
        <extensions>
          <ns3:TrackPointExtension>
            <ns3:hr>90</ns3:hr>
            <ns3:cad>52</ns3:cad>
          </ns3:TrackPointExtension>
        </extensions>
      </trkpt>
      <trkpt lat="46.70335267670452594757080078125" lon="23.57794719748198986053466796875">
        <ele>756.79998779296875</ele>
        <time>2024-10-27T11:26:03.000Z</time>
        <extensions>
          <ns3:TrackPointExtension>
            <ns3:hr>90</ns3:hr>
            <ns3:cad>0</ns3:cad>
          </ns3:TrackPointExtension>
        </extensions>
      </trkpt>
      <trkpt lat="46.70333976857364177703857421875" lon="23.57794702984392642974853515625">
        <ele>756.79998779296875</ele>
        <time>2024-10-27T11:26:05.000Z</time>
        <extensions>
          <ns3:TrackPointExtension>
            <ns3:hr>89</ns3:hr>
            <ns3:cad>0</ns3:cad>
          </ns3:TrackPointExtension>
        </extensions>
      </trkpt>
      <trkpt lat="46.703350245952606201171875" lon="23.57796278782188892364501953125">
        <ele>756.79998779296875</ele>
        <time>2024-10-27T11:26:10.000Z</time>
        <extensions>
          <ns3:TrackPointExtension>
            <ns3:hr>89</ns3:hr>
            <ns3:cad>0</ns3:cad>
          </ns3:TrackPointExtension>
        </extensions>
      </trkpt>
      <trkpt lat="46.70335787348449230194091796875" lon="23.57796915806829929351806640625">
        <ele>756.79998779296875</ele>
        <time>2024-10-27T11:26:11.000Z</time>
        <extensions>
          <ns3:TrackPointExtension>
            <ns3:hr>88</ns3:hr>
            <ns3:cad>0</ns3:cad>
          </ns3:TrackPointExtension>
        </extensions>
      </trkpt>
      <trkpt lat="46.703382097184658050537109375" lon="23.5780101455748081207275390625">
        <ele>756.20001220703125</ele>
        <time>2024-10-27T11:26:14.000Z</time>
        <extensions>
          <ns3:TrackPointExtension>
            <ns3:hr>84</ns3:hr>
            <ns3:cad>50</ns3:cad>
          </ns3:TrackPointExtension>
        </extensions>
      </trkpt>
      <trkpt lat="46.70341537334024906158447265625" lon="23.5780728422105312347412109375">
        <ele>756</ele>
        <time>2024-10-27T11:26:19.000Z</time>
        <extensions>
          <ns3:TrackPointExtension>
            <ns3:hr>84</ns3:hr>
            <ns3:cad>48</ns3:cad>
          </ns3:TrackPointExtension>
        </extensions>
      </trkpt>
      <trkpt lat="46.70342677272856235504150390625" lon="23.578095473349094390869140625">
        <ele>755.5999755859375</ele>
        <time>2024-10-27T11:26:21.000Z</time>
        <extensions>
          <ns3:TrackPointExtension>
            <ns3:hr>84</ns3:hr>
            <ns3:cad>49</ns3:cad>
          </ns3:TrackPointExtension>
        </extensions>
      </trkpt>
      <trkpt lat="46.70343901030719280242919921875" lon="23.57811433263123035430908203125">
        <ele>755.4000244140625</ele>
        <time>2024-10-27T11:26:25.000Z</time>
        <extensions>
          <ns3:TrackPointExtension>
            <ns3:hr>87</ns3:hr>
            <ns3:cad>49</ns3:cad>
          </ns3:TrackPointExtension>
        </extensions>
      </trkpt>
      <trkpt lat="46.70345962978899478912353515625" lon="23.57814618386328220367431640625">
        <ele>755.20001220703125</ele>
        <time>2024-10-27T11:26:29.000Z</time>
        <extensions>
          <ns3:TrackPointExtension>
            <ns3:hr>88</ns3:hr>
            <ns3:cad>48</ns3:cad>
          </ns3:TrackPointExtension>
        </extensions>
      </trkpt>
      <trkpt lat="46.7034919001162052154541015625" lon="23.57819714583456516265869140625">
        <ele>754.79998779296875</ele>
        <time>2024-10-27T11:26:34.000Z</time>
        <extensions>
          <ns3:TrackPointExtension>
            <ns3:hr>85</ns3:hr>
            <ns3:cad>49</ns3:cad>
          </ns3:TrackPointExtension>
        </extensions>
      </trkpt>
      <trkpt lat="46.7035002820193767547607421875" lon="23.57821256853640079498291015625">
        <ele>754.5999755859375</ele>
        <time>2024-10-27T11:26:35.000Z</time>
        <extensions>
          <ns3:TrackPointExtension>
            <ns3:hr>84</ns3:hr>
            <ns3:cad>49</ns3:cad>
          </ns3:TrackPointExtension>
        </extensions>
      </trkpt>
      <trkpt lat="46.7035418562591075897216796875" lon="23.5782735049724578857421875">
        <ele>754.20001220703125</ele>
        <time>2024-10-27T11:26:40.000Z</time>
        <extensions>
          <ns3:TrackPointExtension>
            <ns3:hr>84</ns3:hr>
            <ns3:cad>51</ns3:cad>
          </ns3:TrackPointExtension>
        </extensions>
      </trkpt>
      <trkpt lat="46.70359893701970577239990234375" lon="23.5783700644969940185546875">
        <ele>753.5999755859375</ele>
        <time>2024-10-27T11:26:48.000Z</time>
        <extensions>
          <ns3:TrackPointExtension>
            <ns3:hr>84</ns3:hr>
            <ns3:cad>50</ns3:cad>
          </ns3:TrackPointExtension>
        </extensions>
      </trkpt>
      <trkpt lat="46.70360413379967212677001953125" lon="23.5783779434859752655029296875">
        <ele>753.5999755859375</ele>
        <time>2024-10-27T11:26:49.000Z</time>
        <extensions>
          <ns3:TrackPointExtension>
            <ns3:hr>84</ns3:hr>
            <ns3:cad>50</ns3:cad>
          </ns3:TrackPointExtension>
        </extensions>
      </trkpt>
      <trkpt lat="46.70361888594925403594970703125" lon="23.57840317301452159881591796875">
        <ele>753.20001220703125</ele>
        <time>2024-10-27T11:26:52.000Z</time>
        <extensions>
          <ns3:TrackPointExtension>
            <ns3:hr>89</ns3:hr>
            <ns3:cad>52</ns3:cad>
          </ns3:TrackPointExtension>
        </extensions>
      </trkpt>
      <trkpt lat="46.70365006662905216217041015625" lon="23.5784473456442356109619140625">
        <ele>753</ele>
        <time>2024-10-27T11:26:56.000Z</time>
        <extensions>
          <ns3:TrackPointExtension>
            <ns3:hr>89</ns3:hr>
            <ns3:cad>49</ns3:cad>
          </ns3:TrackPointExtension>
        </extensions>
      </trkpt>
      <trkpt lat="46.70368258841335773468017578125" lon="23.57849118299782276153564453125">
        <ele>752.4000244140625</ele>
        <time>2024-10-27T11:26:59.000Z</time>
        <extensions>
          <ns3:TrackPointExtension>
            <ns3:hr>89</ns3:hr>
            <ns3:cad>51</ns3:cad>
          </ns3:TrackPointExtension>
        </extensions>
      </trkpt>
      <trkpt lat="46.70370538718998432159423828125" lon="23.578531332314014434814453125">
        <ele>751.5999755859375</ele>
        <time>2024-10-27T11:27:03.000Z</time>
        <extensions>
          <ns3:TrackPointExtension>
            <ns3:hr>86</ns3:hr>
            <ns3:cad>55</ns3:cad>
          </ns3:TrackPointExtension>
        </extensions>
      </trkpt>
      <trkpt lat="46.70370538718998432159423828125" lon="23.57853594236075878143310546875">
        <ele>751.4000244140625</ele>
        <time>2024-10-27T11:27:04.000Z</time>
        <extensions>
          <ns3:TrackPointExtension>
            <ns3:hr>85</ns3:hr>
            <ns3:cad>55</ns3:cad>
          </ns3:TrackPointExtension>
        </extensions>
      </trkpt>
      <trkpt lat="46.70371008105576038360595703125" lon="23.578546755015850067138671875">
        <ele>751.20001220703125</ele>
        <time>2024-10-27T11:27:05.000Z</time>
        <extensions>
          <ns3:TrackPointExtension>
            <ns3:hr>85</ns3:hr>
            <ns3:cad>55</ns3:cad>
          </ns3:TrackPointExtension>
        </extensions>
      </trkpt>
      <trkpt lat="46.7037648148834705352783203125" lon="23.578580282628536224365234375">
        <ele>750.4000244140625</ele>
        <time>2024-10-27T11:27:12.000Z</time>
        <extensions>
          <ns3:TrackPointExtension>
            <ns3:hr>85</ns3:hr>
            <ns3:cad>51</ns3:cad>
          </ns3:TrackPointExtension>
        </extensions>
      </trkpt>
      <trkpt lat="46.70378065668046474456787109375" lon="23.57858221046626567840576171875">
        <ele>750</ele>
        <time>2024-10-27T11:27:15.000Z</time>
        <extensions>
          <ns3:TrackPointExtension>
            <ns3:hr>85</ns3:hr>
            <ns3:cad>50</ns3:cad>
          </ns3:TrackPointExtension>
        </extensions>
      </trkpt>
      <trkpt lat="46.70380446128547191619873046875" lon="23.57858556322753429412841796875">
        <ele>749.20001220703125</ele>
        <time>2024-10-27T11:27:20.000Z</time>
        <extensions>
          <ns3:TrackPointExtension>
            <ns3:hr>85</ns3:hr>
            <ns3:cad>47</ns3:cad>
          </ns3:TrackPointExtension>
        </extensions>
      </trkpt>
      <trkpt lat="46.70380513183772563934326171875" lon="23.57858573086559772491455078125">
        <ele>748.79998779296875</ele>
        <time>2024-10-27T11:27:22.000Z</time>
        <extensions>
          <ns3:TrackPointExtension>
            <ns3:hr>85</ns3:hr>
            <ns3:cad>47</ns3:cad>
          </ns3:TrackPointExtension>
        </extensions>
      </trkpt>
      <trkpt lat="46.70381250791251659393310546875" lon="23.5785891674458980560302734375">
        <ele>748</ele>
        <time>2024-10-27T11:27:28.000Z</time>
        <extensions>
          <ns3:TrackPointExtension>
            <ns3:hr>86</ns3:hr>
            <ns3:cad>50</ns3:cad>
          </ns3:TrackPointExtension>
        </extensions>
      </trkpt>
      <trkpt lat="46.70381720177829265594482421875" lon="23.57859059236943721771240234375">
        <ele>747.79998779296875</ele>
        <time>2024-10-27T11:27:30.000Z</time>
        <extensions>
          <ns3:TrackPointExtension>
            <ns3:hr>86</ns3:hr>
            <ns3:cad>0</ns3:cad>
          </ns3:TrackPointExtension>
        </extensions>
      </trkpt>
      <trkpt lat="46.703828014433383941650390625" lon="23.57858757488429546356201171875">
        <ele>747.5999755859375</ele>
        <time>2024-10-27T11:27:33.000Z</time>
        <extensions>
          <ns3:TrackPointExtension>
            <ns3:hr>89</ns3:hr>
            <ns3:cad>0</ns3:cad>
          </ns3:TrackPointExtension>
        </extensions>
      </trkpt>
      <trkpt lat="46.7038244940340518951416015625" lon="23.578585647046566009521484375">
        <ele>747.4000244140625</ele>
        <time>2024-10-27T11:27:36.000Z</time>
        <extensions>
          <ns3:TrackPointExtension>
            <ns3:hr>92</ns3:hr>
            <ns3:cad>0</ns3:cad>
          </ns3:TrackPointExtension>
        </extensions>
      </trkpt>
      <trkpt lat="46.70381317846477031707763671875" lon="23.5785710625350475311279296875">
        <ele>747.5999755859375</ele>
        <time>2024-10-27T11:27:39.000Z</time>
        <extensions>
          <ns3:TrackPointExtension>
            <ns3:hr>93</ns3:hr>
            <ns3:cad>0</ns3:cad>
          </ns3:TrackPointExtension>
        </extensions>
      </trkpt>
      <trkpt lat="46.70382206328213214874267578125" lon="23.57856477610766887664794921875">
        <ele>747.5999755859375</ele>
        <time>2024-10-27T11:27:42.000Z</time>
        <extensions>
          <ns3:TrackPointExtension>
            <ns3:hr>90</ns3:hr>
            <ns3:cad>0</ns3:cad>
          </ns3:TrackPointExtension>
        </extensions>
      </trkpt>
      <trkpt lat="46.70385575853288173675537109375" lon="23.5785834677517414093017578125">
        <ele>747.4000244140625</ele>
        <time>2024-10-27T11:27:44.000Z</time>
        <extensions>
          <ns3:TrackPointExtension>
            <ns3:hr>87</ns3:hr>
            <ns3:cad>0</ns3:cad>
          </ns3:TrackPointExtension>
        </extensions>
      </trkpt>
      <trkpt lat="46.7038811556994915008544921875" lon="23.57859964482486248016357421875">
        <ele>747</ele>
        <time>2024-10-27T11:27:46.000Z</time>
        <extensions>
          <ns3:TrackPointExtension>
            <ns3:hr>88</ns3:hr>
            <ns3:cad>0</ns3:cad>
          </ns3:TrackPointExtension>
        </extensions>
      </trkpt>
      <trkpt lat="46.7039545811712741851806640625" lon="23.5786356031894683837890625">
        <ele>746</ele>
        <time>2024-10-27T11:27:53.000Z</time>
        <extensions>
          <ns3:TrackPointExtension>
            <ns3:hr>90</ns3:hr>
            <ns3:cad>52</ns3:cad>
          </ns3:TrackPointExtension>
        </extensions>
      </trkpt>
      <trkpt lat="46.70401283539831638336181640625" lon="23.57867759652435779571533203125">
        <ele>745</ele>
        <time>2024-10-27T11:27:58.000Z</time>
        <extensions>
          <ns3:TrackPointExtension>
            <ns3:hr>90</ns3:hr>
            <ns3:cad>52</ns3:cad>
          </ns3:TrackPointExtension>
        </extensions>
      </trkpt>
      <trkpt lat="46.70402490533888339996337890625" lon="23.578674830496311187744140625">
        <ele>744.5999755859375</ele>
        <time>2024-10-27T11:28:00.000Z</time>
        <extensions>
          <ns3:TrackPointExtension>
            <ns3:hr>89</ns3:hr>
            <ns3:cad>53</ns3:cad>
          </ns3:TrackPointExtension>
        </extensions>
      </trkpt>
      <trkpt lat="46.7040709219872951507568359375" lon="23.578700311481952667236328125">
        <ele>743.79998779296875</ele>
        <time>2024-10-27T11:28:06.000Z</time>
        <extensions>
          <ns3:TrackPointExtension>
            <ns3:hr>90</ns3:hr>
            <ns3:cad>52</ns3:cad>
          </ns3:TrackPointExtension>
        </extensions>
      </trkpt>
      <trkpt lat="46.70414661057293415069580078125" lon="23.5787370242178440093994140625">
        <ele>742.79998779296875</ele>
        <time>2024-10-27T11:28:13.000Z</time>
        <extensions>
          <ns3:TrackPointExtension>
            <ns3:hr>92</ns3:hr>
            <ns3:cad>52</ns3:cad>
          </ns3:TrackPointExtension>
        </extensions>
      </trkpt>
      <trkpt lat="46.704153902828693389892578125" lon="23.57874264009296894073486328125">
        <ele>742.5999755859375</ele>
        <time>2024-10-27T11:28:14.000Z</time>
        <extensions>
          <ns3:TrackPointExtension>
            <ns3:hr>92</ns3:hr>
            <ns3:cad>51</ns3:cad>
          </ns3:TrackPointExtension>
        </extensions>
      </trkpt>
      <trkpt lat="46.70422665774822235107421875" lon="23.5787688754498958587646484375">
        <ele>742</ele>
        <time>2024-10-27T11:28:22.000Z</time>
        <extensions>
          <ns3:TrackPointExtension>
            <ns3:hr>89</ns3:hr>
            <ns3:cad>52</ns3:cad>
          </ns3:TrackPointExtension>
        </extensions>
      </trkpt>
      <trkpt lat="46.70424266718327999114990234375" lon="23.5787745751440525054931640625">
        <ele>741.79998779296875</ele>
        <time>2024-10-27T11:28:24.000Z</time>
        <extensions>
          <ns3:TrackPointExtension>
            <ns3:hr>89</ns3:hr>
            <ns3:cad>52</ns3:cad>
          </ns3:TrackPointExtension>
        </extensions>
      </trkpt>
      <trkpt lat="46.70426177792251110076904296875" lon="23.57877977192401885986328125">
        <ele>741.5999755859375</ele>
        <time>2024-10-27T11:28:26.000Z</time>
        <extensions>
          <ns3:TrackPointExtension>
            <ns3:hr>89</ns3:hr>
            <ns3:cad>52</ns3:cad>
          </ns3:TrackPointExtension>
        </extensions>
      </trkpt>
      <trkpt lat="46.7043386399745941162109375" lon="23.57879050076007843017578125">
        <ele>740.79998779296875</ele>
        <time>2024-10-27T11:28:35.000Z</time>
        <extensions>
          <ns3:TrackPointExtension>
            <ns3:hr>89</ns3:hr>
            <ns3:cad>53</ns3:cad>
          </ns3:TrackPointExtension>
        </extensions>
      </trkpt>
      <trkpt lat="46.704421453177928924560546875" lon="23.57878840528428554534912109375">
        <ele>739.79998779296875</ele>
        <time>2024-10-27T11:28:42.000Z</time>
        <extensions>
          <ns3:TrackPointExtension>
            <ns3:hr>90</ns3:hr>
            <ns3:cad>53</ns3:cad>
          </ns3:TrackPointExtension>
        </extensions>
      </trkpt>
      <trkpt lat="46.70443628914654254913330078125" lon="23.57879050076007843017578125">
        <ele>739.5999755859375</ele>
        <time>2024-10-27T11:28:43.000Z</time>
        <extensions>
          <ns3:TrackPointExtension>
            <ns3:hr>90</ns3:hr>
            <ns3:cad>53</ns3:cad>
          </ns3:TrackPointExtension>
        </extensions>
      </trkpt>
      <trkpt lat="46.7044906876981258392333984375" lon="23.578784465789794921875">
        <ele>738.5999755859375</ele>
        <time>2024-10-27T11:28:47.000Z</time>
        <extensions>
          <ns3:TrackPointExtension>
            <ns3:hr>90</ns3:hr>
            <ns3:cad>53</ns3:cad>
          </ns3:TrackPointExtension>
        </extensions>
      </trkpt>
      <trkpt lat="46.70453033410012722015380859375" lon="23.57878069393336772918701171875">
        <ele>738.20001220703125</ele>
        <time>2024-10-27T11:28:51.000Z</time>
        <extensions>
          <ns3:TrackPointExtension>
            <ns3:hr>90</ns3:hr>
            <ns3:cad>51</ns3:cad>
          </ns3:TrackPointExtension>
        </extensions>
      </trkpt>
      <trkpt lat="46.7046190984547138214111328125" lon="23.57880734838545322418212890625">
        <ele>737.79998779296875</ele>
        <time>2024-10-27T11:28:58.000Z</time>
        <extensions>
          <ns3:TrackPointExtension>
            <ns3:hr>91</ns3:hr>
            <ns3:cad>52</ns3:cad>
          </ns3:TrackPointExtension>
        </extensions>
      </trkpt>
      <trkpt lat="46.704634688794612884521484375" lon="23.578817658126354217529296875">
        <ele>737.5999755859375</ele>
        <time>2024-10-27T11:28:59.000Z</time>
        <extensions>
          <ns3:TrackPointExtension>
            <ns3:hr>91</ns3:hr>
            <ns3:cad>52</ns3:cad>
          </ns3:TrackPointExtension>
        </extensions>
      </trkpt>
      <trkpt lat="46.70470903627574443817138671875" lon="23.57887188903987407684326171875">
        <ele>736.4000244140625</ele>
        <time>2024-10-27T11:29:05.000Z</time>
        <extensions>
          <ns3:TrackPointExtension>
            <ns3:hr>93</ns3:hr>
            <ns3:cad>53</ns3:cad>
          </ns3:TrackPointExtension>
        </extensions>
      </trkpt>
      <trkpt lat="46.70478547923266887664794921875" lon="23.578938357532024383544921875">
        <ele>735.20001220703125</ele>
        <time>2024-10-27T11:29:13.000Z</time>
        <extensions>
          <ns3:TrackPointExtension>
            <ns3:hr>94</ns3:hr>
            <ns3:cad>52</ns3:cad>
          </ns3:TrackPointExtension>
        </extensions>
      </trkpt>
      <trkpt lat="46.70479335822165012359619140625" lon="23.578945063054561614990234375">
        <ele>735</ele>
        <time>2024-10-27T11:29:14.000Z</time>
        <extensions>
          <ns3:TrackPointExtension>
            <ns3:hr>94</ns3:hr>
            <ns3:cad>50</ns3:cad>
          </ns3:TrackPointExtension>
        </extensions>
      </trkpt>
      <trkpt lat="46.7048026621341705322265625" lon="23.5789549537003040313720703125">
        <ele>734.5999755859375</ele>
        <time>2024-10-27T11:29:21.000Z</time>
        <extensions>
          <ns3:TrackPointExtension>
            <ns3:hr>94</ns3:hr>
            <ns3:cad>0</ns3:cad>
          </ns3:TrackPointExtension>
        </extensions>
      </trkpt>
      <trkpt lat="46.704789586365222930908203125" lon="23.57895738445222377777099609375">
        <ele>734.5999755859375</ele>
        <time>2024-10-27T11:29:23.000Z</time>
        <extensions>
          <ns3:TrackPointExtension>
            <ns3:hr>92</ns3:hr>
            <ns3:cad>0</ns3:cad>
          </ns3:TrackPointExtension>
        </extensions>
      </trkpt>
      <trkpt lat="46.70474574901163578033447265625" lon="23.57898035086691379547119140625">
        <ele>734.5999755859375</ele>
        <time>2024-10-27T11:29:29.000Z</time>
        <extensions>
          <ns3:TrackPointExtension>
            <ns3:hr>90</ns3:hr>
            <ns3:cad>49</ns3:cad>
          </ns3:TrackPointExtension>
        </extensions>
      </trkpt>
      <trkpt lat="46.70476444065570831298828125" lon="23.57898454181849956512451171875">
        <ele>734.20001220703125</ele>
        <time>2024-10-27T11:29:33.000Z</time>
        <extensions>
          <ns3:TrackPointExtension>
            <ns3:hr>89</ns3:hr>
            <ns3:cad>56</ns3:cad>
          </ns3:TrackPointExtension>
        </extensions>
      </trkpt>
      <trkpt lat="46.7047733254730701446533203125" lon="23.57898236252367496490478515625">
        <ele>734</ele>
        <time>2024-10-27T11:29:34.000Z</time>
        <extensions>
          <ns3:TrackPointExtension>
            <ns3:hr>88</ns3:hr>
            <ns3:cad>54</ns3:cad>
          </ns3:TrackPointExtension>
        </extensions>
      </trkpt>
      <trkpt lat="46.70478715561330318450927734375" lon="23.57898454181849956512451171875">
        <ele>733.79998779296875</ele>
        <time>2024-10-27T11:29:37.000Z</time>
        <extensions>
          <ns3:TrackPointExtension>
            <ns3:hr>87</ns3:hr>
            <ns3:cad>0</ns3:cad>
          </ns3:TrackPointExtension>
        </extensions>
      </trkpt>
      <trkpt lat="46.70486795715987682342529296875" lon="23.57901941053569316864013671875">
        <ele>733</ele>
        <time>2024-10-27T11:29:45.000Z</time>
        <extensions>
          <ns3:TrackPointExtension>
            <ns3:hr>89</ns3:hr>
            <ns3:cad>52</ns3:cad>
          </ns3:TrackPointExtension>
        </extensions>
      </trkpt>
      <trkpt lat="46.70487332157790660858154296875" lon="23.57902209274470806121826171875">
        <ele>732.79998779296875</ele>
        <time>2024-10-27T11:29:46.000Z</time>
        <extensions>
          <ns3:TrackPointExtension>
            <ns3:hr>90</ns3:hr>
            <ns3:cad>52</ns3:cad>
          </ns3:TrackPointExtension>
        </extensions>
      </trkpt>
      <trkpt lat="46.7049808613955974578857421875" lon="23.579048328101634979248046875">
        <ele>732</ele>
        <time>2024-10-27T11:29:53.000Z</time>
        <extensions>
          <ns3:TrackPointExtension>
            <ns3:hr>91</ns3:hr>
            <ns3:cad>50</ns3:cad>
          </ns3:TrackPointExtension>
        </extensions>
      </trkpt>
      <trkpt lat="46.70499485917389392852783203125" lon="23.57904673554003238677978515625">
        <ele>731.79998779296875</ele>
        <time>2024-10-27T11:29:54.000Z</time>
        <extensions>
          <ns3:TrackPointExtension>
            <ns3:hr>92</ns3:hr>
            <ns3:cad>52</ns3:cad>
          </ns3:TrackPointExtension>
        </extensions>
      </trkpt>
      <trkpt lat="46.7050740681588649749755859375" lon="23.57902309857308864593505859375">
        <ele>731.20001220703125</ele>
        <time>2024-10-27T11:30:01.000Z</time>
        <extensions>
          <ns3:TrackPointExtension>
            <ns3:hr>94</ns3:hr>
            <ns3:cad>53</ns3:cad>
          </ns3:TrackPointExtension>
        </extensions>
      </trkpt>
      <trkpt lat="46.70508228242397308349609375" lon="23.57897398062050342559814453125">
        <ele>730.79998779296875</ele>
        <time>2024-10-27T11:30:05.000Z</time>
        <extensions>
          <ns3:TrackPointExtension>
            <ns3:hr>94</ns3:hr>
            <ns3:cad>53</ns3:cad>
          </ns3:TrackPointExtension>
        </extensions>
      </trkpt>
      <trkpt lat="46.7050884850323200225830078125" lon="23.5789237730205059051513671875">
        <ele>730.20001220703125</ele>
        <time>2024-10-27T11:30:09.000Z</time>
        <extensions>
          <ns3:TrackPointExtension>
            <ns3:hr>97</ns3:hr>
            <ns3:cad>52</ns3:cad>
          </ns3:TrackPointExtension>
        </extensions>
      </trkpt>
      <trkpt lat="46.7050901614129543304443359375" lon="23.57889418490231037139892578125">
        <ele>729.79998779296875</ele>
        <time>2024-10-27T11:30:11.000Z</time>
        <extensions>
          <ns3:TrackPointExtension>
            <ns3:hr>98</ns3:hr>
            <ns3:cad>57</ns3:cad>
          </ns3:TrackPointExtension>
        </extensions>
      </trkpt>
      <trkpt lat="46.70508806593716144561767578125" lon="23.57886166311800479888916015625">
        <ele>729.4000244140625</ele>
        <time>2024-10-27T11:30:13.000Z</time>
        <extensions>
          <ns3:TrackPointExtension>
            <ns3:hr>102</ns3:hr>
            <ns3:cad>57</ns3:cad>
          </ns3:TrackPointExtension>
        </extensions>
      </trkpt>
      <trkpt lat="46.70508672483265399932861328125" lon="23.57883785851299762725830078125">
        <ele>729</ele>
        <time>2024-10-27T11:30:15.000Z</time>
        <extensions>
          <ns3:TrackPointExtension>
            <ns3:hr>105</ns3:hr>
            <ns3:cad>59</ns3:cad>
          </ns3:TrackPointExtension>
        </extensions>
      </trkpt>
      <trkpt lat="46.7050864733755588531494140625" lon="23.57879913412034511566162109375">
        <ele>728.79998779296875</ele>
        <time>2024-10-27T11:30:18.000Z</time>
        <extensions>
          <ns3:TrackPointExtension>
            <ns3:hr>107</ns3:hr>
            <ns3:cad>54</ns3:cad>
          </ns3:TrackPointExtension>
        </extensions>
      </trkpt>
      <trkpt lat="46.70507784001529216766357421875" lon="23.5786585696041584014892578125">
        <ele>728.20001220703125</ele>
        <time>2024-10-27T11:30:28.000Z</time>
        <extensions>
          <ns3:TrackPointExtension>
            <ns3:hr>108</ns3:hr>
            <ns3:cad>52</ns3:cad>
          </ns3:TrackPointExtension>
        </extensions>
      </trkpt>
      <trkpt lat="46.70507096685469150543212890625" lon="23.578499816358089447021484375">
        <ele>728</ele>
        <time>2024-10-27T11:30:38.000Z</time>
        <extensions>
          <ns3:TrackPointExtension>
            <ns3:hr>109</ns3:hr>
            <ns3:cad>50</ns3:cad>
          </ns3:TrackPointExtension>
        </extensions>
      </trkpt>
      <trkpt lat="46.70506057329475879669189453125" lon="23.5784356109797954559326171875">
        <ele>728.20001220703125</ele>
        <time>2024-10-27T11:30:41.000Z</time>
        <extensions>
          <ns3:TrackPointExtension>
            <ns3:hr>105</ns3:hr>
            <ns3:cad>50</ns3:cad>
          </ns3:TrackPointExtension>
        </extensions>
      </trkpt>
      <trkpt lat="46.7050492577254772186279296875" lon="23.57839831151068210601806640625">
        <ele>728.4000244140625</ele>
        <time>2024-10-27T11:30:43.000Z</time>
        <extensions>
          <ns3:TrackPointExtension>
            <ns3:hr>99</ns3:hr>
            <ns3:cad>50</ns3:cad>
          </ns3:TrackPointExtension>
        </extensions>
      </trkpt>
      <trkpt lat="46.70501816086471080780029296875" lon="23.57829571701586246490478515625">
        <ele>728.5999755859375</ele>
        <time>2024-10-27T11:30:48.000Z</time>
        <extensions>
          <ns3:TrackPointExtension>
            <ns3:hr>97</ns3:hr>
            <ns3:cad>49</ns3:cad>
          </ns3:TrackPointExtension>
        </extensions>
      </trkpt>
      <trkpt lat="46.70499301515519618988037109375" lon="23.5781633667647838592529296875">
        <ele>728.79998779296875</ele>
        <time>2024-10-27T11:30:55.000Z</time>
        <extensions>
          <ns3:TrackPointExtension>
            <ns3:hr>100</ns3:hr>
            <ns3:cad>50</ns3:cad>
          </ns3:TrackPointExtension>
        </extensions>
      </trkpt>
      <trkpt lat="46.70499066822230815887451171875" lon="23.57811416499316692352294921875">
        <ele>729</ele>
        <time>2024-10-27T11:30:58.000Z</time>
        <extensions>
          <ns3:TrackPointExtension>
            <ns3:hr>101</ns3:hr>
            <ns3:cad>49</ns3:cad>
          </ns3:TrackPointExtension>
        </extensions>
      </trkpt>
      <trkpt lat="46.70499251224100589752197265625" lon="23.57804442755877971649169921875">
        <ele>729</ele>
        <time>2024-10-27T11:31:04.000Z</time>
        <extensions>
          <ns3:TrackPointExtension>
            <ns3:hr>104</ns3:hr>
            <ns3:cad>47</ns3:cad>
          </ns3:TrackPointExtension>
        </extensions>
      </trkpt>
      <trkpt lat="46.70499586500227451324462890625" lon="23.57800167985260486602783203125">
        <ele>729</ele>
        <time>2024-10-27T11:31:07.000Z</time>
        <extensions>
          <ns3:TrackPointExtension>
            <ns3:hr>104</ns3:hr>
            <ns3:cad>50</ns3:cad>
          </ns3:TrackPointExtension>
        </extensions>
      </trkpt>
      <trkpt lat="46.70497356913983821868896484375" lon="23.57782364822924137115478515625">
        <ele>728.5999755859375</ele>
        <time>2024-10-27T11:31:16.000Z</time>
        <extensions>
          <ns3:TrackPointExtension>
            <ns3:hr>103</ns3:hr>
            <ns3:cad>51</ns3:cad>
          </ns3:TrackPointExtension>
        </extensions>
      </trkpt>
      <trkpt lat="46.7049433104693889617919921875" lon="23.57768082059919834136962890625">
        <ele>728.5999755859375</ele>
        <time>2024-10-27T11:31:23.000Z</time>
        <extensions>
          <ns3:TrackPointExtension>
            <ns3:hr>100</ns3:hr>
            <ns3:cad>50</ns3:cad>
          </ns3:TrackPointExtension>
        </extensions>
      </trkpt>
      <trkpt lat="46.70493635348975658416748046875" lon="23.57764251530170440673828125">
        <ele>728.5999755859375</ele>
        <time>2024-10-27T11:31:25.000Z</time>
        <extensions>
          <ns3:TrackPointExtension>
            <ns3:hr>100</ns3:hr>
            <ns3:cad>51</ns3:cad>
          </ns3:TrackPointExtension>
        </extensions>
      </trkpt>
      <trkpt lat="46.70488555915653705596923828125" lon="23.57746272347867488861083984375">
        <ele>728.79998779296875</ele>
        <time>2024-10-27T11:31:35.000Z</time>
        <extensions>
          <ns3:TrackPointExtension>
            <ns3:hr>98</ns3:hr>
            <ns3:cad>51</ns3:cad>
          </ns3:TrackPointExtension>
        </extensions>
      </trkpt>
      <trkpt lat="46.70484767295420169830322265625" lon="23.57734789140522480010986328125">
        <ele>729</ele>
        <time>2024-10-27T11:31:43.000Z</time>
        <extensions>
          <ns3:TrackPointExtension>
            <ns3:hr>96</ns3:hr>
            <ns3:cad>49</ns3:cad>
          </ns3:TrackPointExtension>
        </extensions>
      </trkpt>
      <trkpt lat="46.70481883920729160308837890625" lon="23.57721344567835330963134765625">
        <ele>729.5999755859375</ele>
        <time>2024-10-27T11:31:52.000Z</time>
        <extensions>
          <ns3:TrackPointExtension>
            <ns3:hr>94</ns3:hr>
            <ns3:cad>47</ns3:cad>
          </ns3:TrackPointExtension>
        </extensions>
      </trkpt>
      <trkpt lat="46.7048172466456890106201171875" lon="23.57719953171908855438232421875">
        <ele>729.79998779296875</ele>
        <time>2024-10-27T11:31:53.000Z</time>
        <extensions>
          <ns3:TrackPointExtension>
            <ns3:hr>94</ns3:hr>
            <ns3:cad>47</ns3:cad>
          </ns3:TrackPointExtension>
        </extensions>
      </trkpt>
      <trkpt lat="46.704768128693103790283203125" lon="23.57706994749605655670166015625">
        <ele>730.20001220703125</ele>
        <time>2024-10-27T11:32:01.000Z</time>
        <extensions>
          <ns3:TrackPointExtension>
            <ns3:hr>97</ns3:hr>
            <ns3:cad>49</ns3:cad>
          </ns3:TrackPointExtension>
        </extensions>
      </trkpt>
      <trkpt lat="46.70475781895220279693603515625" lon="23.577042035758495330810546875">
        <ele>730</ele>
        <time>2024-10-27T11:32:03.000Z</time>
        <extensions>
          <ns3:TrackPointExtension>
            <ns3:hr>97</ns3:hr>
            <ns3:cad>49</ns3:cad>
          </ns3:TrackPointExtension>
        </extensions>
      </trkpt>
      <trkpt lat="46.704705767333507537841796875" lon="23.5769010521471500396728515625">
        <ele>729.4000244140625</ele>
        <time>2024-10-27T11:32:12.000Z</time>
        <extensions>
          <ns3:TrackPointExtension>
            <ns3:hr>98</ns3:hr>
            <ns3:cad>53</ns3:cad>
          </ns3:TrackPointExtension>
        </extensions>
      </trkpt>
      <trkpt lat="46.70466410927474498748779296875" lon="23.57682787813246250152587890625">
        <ele>728.79998779296875</ele>
        <time>2024-10-27T11:32:19.000Z</time>
        <extensions>
          <ns3:TrackPointExtension>
            <ns3:hr>98</ns3:hr>
            <ns3:cad>51</ns3:cad>
          </ns3:TrackPointExtension>
        </extensions>
      </trkpt>
      <trkpt lat="46.704632006585597991943359375" lon="23.5767796821892261505126953125">
        <ele>728.5999755859375</ele>
        <time>2024-10-27T11:32:22.000Z</time>
        <extensions>
          <ns3:TrackPointExtension>
            <ns3:hr>97</ns3:hr>
            <ns3:cad>53</ns3:cad>
          </ns3:TrackPointExtension>
        </extensions>
      </trkpt>
      <trkpt lat="46.70456553809344768524169921875" lon="23.5766891576349735260009765625">
        <ele>728.4000244140625</ele>
        <time>2024-10-27T11:32:31.000Z</time>
        <extensions>
          <ns3:TrackPointExtension>
            <ns3:hr>96</ns3:hr>
            <ns3:cad>52</ns3:cad>
          </ns3:TrackPointExtension>
        </extensions>
      </trkpt>
      <trkpt lat="46.70449127443134784698486328125" lon="23.57658463530242443084716796875">
        <ele>727.79998779296875</ele>
        <time>2024-10-27T11:32:39.000Z</time>
        <extensions>
          <ns3:TrackPointExtension>
            <ns3:hr>96</ns3:hr>
            <ns3:cad>52</ns3:cad>
          </ns3:TrackPointExtension>
        </extensions>
      </trkpt>
      <trkpt lat="46.70447518117725849151611328125" lon="23.57656518928706645965576171875">
        <ele>727.20001220703125</ele>
        <time>2024-10-27T11:32:41.000Z</time>
        <extensions>
          <ns3:TrackPointExtension>
            <ns3:hr>95</ns3:hr>
            <ns3:cad>52</ns3:cad>
          </ns3:TrackPointExtension>
        </extensions>
      </trkpt>
      <trkpt lat="46.70445120893418788909912109375" lon="23.57653082348406314849853515625">
        <ele>726.79998779296875</ele>
        <time>2024-10-27T11:32:45.000Z</time>
        <extensions>
          <ns3:TrackPointExtension>
            <ns3:hr>92</ns3:hr>
            <ns3:cad>53</ns3:cad>
          </ns3:TrackPointExtension>
        </extensions>
      </trkpt>
      <trkpt lat="46.70444483868777751922607421875" lon="23.5765168257057666778564453125">
        <ele>726.5999755859375</ele>
        <time>2024-10-27T11:32:46.000Z</time>
        <extensions>
          <ns3:TrackPointExtension>
            <ns3:hr>91</ns3:hr>
            <ns3:cad>53</ns3:cad>
          </ns3:TrackPointExtension>
        </extensions>
      </trkpt>
      <trkpt lat="46.704428829252719879150390625" lon="23.5764752514660358428955078125">
        <ele>726</ele>
        <time>2024-10-27T11:32:50.000Z</time>
        <extensions>
          <ns3:TrackPointExtension>
            <ns3:hr>91</ns3:hr>
            <ns3:cad>53</ns3:cad>
          </ns3:TrackPointExtension>
        </extensions>
      </trkpt>
      <trkpt lat="46.70440661720931529998779296875" lon="23.57641867361962795257568359375">
        <ele>725.4000244140625</ele>
        <time>2024-10-27T11:32:54.000Z</time>
        <extensions>
          <ns3:TrackPointExtension>
            <ns3:hr>90</ns3:hr>
            <ns3:cad>54</ns3:cad>
          </ns3:TrackPointExtension>
        </extensions>
      </trkpt>
      <trkpt lat="46.70438599772751331329345703125" lon="23.57636972330510616302490234375">
        <ele>724.5999755859375</ele>
        <time>2024-10-27T11:32:58.000Z</time>
        <extensions>
          <ns3:TrackPointExtension>
            <ns3:hr>91</ns3:hr>
            <ns3:cad>55</ns3:cad>
          </ns3:TrackPointExtension>
        </extensions>
      </trkpt>
      <trkpt lat="46.70437811873853206634521484375" lon="23.57632110826671123504638671875">
        <ele>724.4000244140625</ele>
        <time>2024-10-27T11:33:02.000Z</time>
        <extensions>
          <ns3:TrackPointExtension>
            <ns3:hr>90</ns3:hr>
            <ns3:cad>55</ns3:cad>
          </ns3:TrackPointExtension>
        </extensions>
      </trkpt>
      <trkpt lat="46.7043532244861125946044921875" lon="23.57617811299860477447509765625">
        <ele>724</ele>
        <time>2024-10-27T11:33:09.000Z</time>
        <extensions>
          <ns3:TrackPointExtension>
            <ns3:hr>90</ns3:hr>
            <ns3:cad>53</ns3:cad>
          </ns3:TrackPointExtension>
        </extensions>
      </trkpt>
      <trkpt lat="46.70434333384037017822265625" lon="23.5760051943361759185791015625">
        <ele>723.4000244140625</ele>
        <time>2024-10-27T11:33:16.000Z</time>
        <extensions>
          <ns3:TrackPointExtension>
            <ns3:hr>89</ns3:hr>
            <ns3:cad>50</ns3:cad>
          </ns3:TrackPointExtension>
        </extensions>
      </trkpt>
      <trkpt lat="46.7043488658964633941650390625" lon="23.57594911940395832061767578125">
        <ele>723.4000244140625</ele>
        <time>2024-10-27T11:33:19.000Z</time>
        <extensions>
          <ns3:TrackPointExtension>
            <ns3:hr>88</ns3:hr>
            <ns3:cad>50</ns3:cad>
          </ns3:TrackPointExtension>
        </extensions>
      </trkpt>
      <trkpt lat="46.70433520339429378509521484375" lon="23.57583529315888881683349609375">
        <ele>722.4000244140625</ele>
        <time>2024-10-27T11:33:27.000Z</time>
        <extensions>
          <ns3:TrackPointExtension>
            <ns3:hr>90</ns3:hr>
            <ns3:cad>50</ns3:cad>
          </ns3:TrackPointExtension>
        </extensions>
      </trkpt>
      <trkpt lat="46.7043300904333591461181640625" lon="23.575792796909809112548828125">
        <ele>722.4000244140625</ele>
        <time>2024-10-27T11:33:29.000Z</time>
        <extensions>
          <ns3:TrackPointExtension>
            <ns3:hr>91</ns3:hr>
            <ns3:cad>50</ns3:cad>
          </ns3:TrackPointExtension>
        </extensions>
      </trkpt>
      <trkpt lat="46.7043064534664154052734375" lon="23.57571861706674098968505859375">
        <ele>721.79998779296875</ele>
        <time>2024-10-27T11:33:36.000Z</time>
        <extensions>
          <ns3:TrackPointExtension>
            <ns3:hr>91</ns3:hr>
            <ns3:cad>51</ns3:cad>
          </ns3:TrackPointExtension>
        </extensions>
      </trkpt>
      <trkpt lat="46.7042891867458820343017578125" lon="23.5756628774106502532958984375">
        <ele>721.79998779296875</ele>
        <time>2024-10-27T11:33:41.000Z</time>
        <extensions>
          <ns3:TrackPointExtension>
            <ns3:hr>95</ns3:hr>
            <ns3:cad>51</ns3:cad>
          </ns3:TrackPointExtension>
        </extensions>
      </trkpt>
      <trkpt lat="46.7042784579098224639892578125" lon="23.57563446275889873504638671875">
        <ele>722</ele>
        <time>2024-10-27T11:33:43.000Z</time>
        <extensions>
          <ns3:TrackPointExtension>
            <ns3:hr>95</ns3:hr>
            <ns3:cad>51</ns3:cad>
          </ns3:TrackPointExtension>
        </extensions>
      </trkpt>
      <trkpt lat="46.704206205904483795166015625" lon="23.57551275752484798431396484375">
        <ele>722</ele>
        <time>2024-10-27T11:33:52.000Z</time>
        <extensions>
          <ns3:TrackPointExtension>
            <ns3:hr>92</ns3:hr>
            <ns3:cad>49</ns3:cad>
          </ns3:TrackPointExtension>
        </extensions>
      </trkpt>
      <trkpt lat="46.70419656671583652496337890625" lon="23.57549800537526607513427734375">
        <ele>722</ele>
        <time>2024-10-27T11:33:53.000Z</time>
        <extensions>
          <ns3:TrackPointExtension>
            <ns3:hr>92</ns3:hr>
            <ns3:cad>48</ns3:cad>
          </ns3:TrackPointExtension>
        </extensions>
      </trkpt>
      <trkpt lat="46.70414526946842670440673828125" lon="23.57538887299597263336181640625">
        <ele>722.5999755859375</ele>
        <time>2024-10-27T11:34:01.000Z</time>
        <extensions>
          <ns3:TrackPointExtension>
            <ns3:hr>92</ns3:hr>
            <ns3:cad>49</ns3:cad>
          </ns3:TrackPointExtension>
        </extensions>
      </trkpt>
      <trkpt lat="46.70414007268846035003662109375" lon="23.575242273509502410888671875">
        <ele>722.5999755859375</ele>
        <time>2024-10-27T11:34:09.000Z</time>
        <extensions>
          <ns3:TrackPointExtension>
            <ns3:hr>94</ns3:hr>
            <ns3:cad>49</ns3:cad>
          </ns3:TrackPointExtension>
        </extensions>
      </trkpt>
      <trkpt lat="46.704188771545886993408203125" lon="23.57510648667812347412109375">
        <ele>721.79998779296875</ele>
        <time>2024-10-27T11:34:17.000Z</time>
        <extensions>
          <ns3:TrackPointExtension>
            <ns3:hr>94</ns3:hr>
            <ns3:cad>54</ns3:cad>
          </ns3:TrackPointExtension>
        </extensions>
      </trkpt>
      <trkpt lat="46.7042549885809421539306640625" lon="23.57498335652053356170654296875">
        <ele>721.5999755859375</ele>
        <time>2024-10-27T11:34:26.000Z</time>
        <extensions>
          <ns3:TrackPointExtension>
            <ns3:hr>90</ns3:hr>
            <ns3:cad>51</ns3:cad>
          </ns3:TrackPointExtension>
        </extensions>
      </trkpt>
      <trkpt lat="46.70426647178828716278076171875" lon="23.5749725438654422760009765625">
        <ele>721.4000244140625</ele>
        <time>2024-10-27T11:34:27.000Z</time>
        <extensions>
          <ns3:TrackPointExtension>
            <ns3:hr>89</ns3:hr>
            <ns3:cad>51</ns3:cad>
          </ns3:TrackPointExtension>
        </extensions>
      </trkpt>
      <trkpt lat="46.7043721675872802734375" lon="23.57493088580667972564697265625">
        <ele>721.79998779296875</ele>
        <time>2024-10-27T11:34:35.000Z</time>
        <extensions>
          <ns3:TrackPointExtension>
            <ns3:hr>92</ns3:hr>
            <ns3:cad>50</ns3:cad>
          </ns3:TrackPointExtension>
        </extensions>
      </trkpt>
      <trkpt lat="46.70443478040397167205810546875" lon="23.574909009039402008056640625">
        <ele>722.5999755859375</ele>
        <time>2024-10-27T11:34:43.000Z</time>
        <extensions>
          <ns3:TrackPointExtension>
            <ns3:hr>94</ns3:hr>
            <ns3:cad>48</ns3:cad>
          </ns3:TrackPointExtension>
        </extensions>
      </trkpt>
      <trkpt lat="46.70449429191648960113525390625" lon="23.5748645849525928497314453125">
        <ele>722.20001220703125</ele>
        <time>2024-10-27T11:34:50.000Z</time>
        <extensions>
          <ns3:TrackPointExtension>
            <ns3:hr>93</ns3:hr>
            <ns3:cad>49</ns3:cad>
          </ns3:TrackPointExtension>
        </extensions>
      </trkpt>
      <trkpt lat="46.70461867935955524444580078125" lon="23.57471262104809284210205078125">
        <ele>722.4000244140625</ele>
        <time>2024-10-27T11:35:02.000Z</time>
        <extensions>
          <ns3:TrackPointExtension>
            <ns3:hr>93</ns3:hr>
            <ns3:cad>48</ns3:cad>
          </ns3:TrackPointExtension>
        </extensions>
      </trkpt>
      <trkpt lat="46.70467383228242397308349609375" lon="23.57458052225410938262939453125">
        <ele>722.20001220703125</ele>
        <time>2024-10-27T11:35:10.000Z</time>
        <extensions>
          <ns3:TrackPointExtension>
            <ns3:hr>94</ns3:hr>
            <ns3:cad>50</ns3:cad>
          </ns3:TrackPointExtension>
        </extensions>
      </trkpt>
      <trkpt lat="46.7047436535358428955078125" lon="23.574457056820392608642578125">
        <ele>722.20001220703125</ele>
        <time>2024-10-27T11:35:19.000Z</time>
        <extensions>
          <ns3:TrackPointExtension>
            <ns3:hr>96</ns3:hr>
            <ns3:cad>50</ns3:cad>
          </ns3:TrackPointExtension>
        </extensions>
      </trkpt>
      <trkpt lat="46.70479134656488895416259765625" lon="23.5743837989866733551025390625">
        <ele>721.79998779296875</ele>
        <time>2024-10-27T11:35:29.000Z</time>
        <extensions>
          <ns3:TrackPointExtension>
            <ns3:hr>99</ns3:hr>
            <ns3:cad>49</ns3:cad>
          </ns3:TrackPointExtension>
        </extensions>
      </trkpt>
      <trkpt lat="46.704860664904117584228515625" lon="23.57428983785212039947509765625">
        <ele>722.20001220703125</ele>
        <time>2024-10-27T11:35:35.000Z</time>
        <extensions>
          <ns3:TrackPointExtension>
            <ns3:hr>101</ns3:hr>
            <ns3:cad>51</ns3:cad>
          </ns3:TrackPointExtension>
        </extensions>
      </trkpt>
      <trkpt lat="46.70490047894418239593505859375" lon="23.574216663837432861328125">
        <ele>722.4000244140625</ele>
        <time>2024-10-27T11:35:42.000Z</time>
        <extensions>
          <ns3:TrackPointExtension>
            <ns3:hr>101</ns3:hr>
            <ns3:cad>48</ns3:cad>
          </ns3:TrackPointExtension>
        </extensions>
      </trkpt>
      <trkpt lat="46.70495026744902133941650390625" lon="23.5741715691983699798583984375">
        <ele>723</ele>
        <time>2024-10-27T11:35:51.000Z</time>
        <extensions>
          <ns3:TrackPointExtension>
            <ns3:hr>100</ns3:hr>
            <ns3:cad>0</ns3:cad>
          </ns3:TrackPointExtension>
        </extensions>
      </trkpt>
      <trkpt lat="46.70497474260628223419189453125" lon="23.57419587671756744384765625">
        <ele>722.79998779296875</ele>
        <time>2024-10-27T11:35:55.000Z</time>
        <extensions>
          <ns3:TrackPointExtension>
            <ns3:hr>97</ns3:hr>
            <ns3:cad>0</ns3:cad>
          </ns3:TrackPointExtension>
        </extensions>
      </trkpt>
      <trkpt lat="46.70498027466237545013427734375" lon="23.574202917516231536865234375">
        <ele>722.5999755859375</ele>
        <time>2024-10-27T11:35:56.000Z</time>
        <extensions>
          <ns3:TrackPointExtension>
            <ns3:hr>92</ns3:hr>
            <ns3:cad>0</ns3:cad>
          </ns3:TrackPointExtension>
        </extensions>
      </trkpt>
      <trkpt lat="46.704974658787250518798828125" lon="23.57421054504811763763427734375">
        <ele>722.5999755859375</ele>
        <time>2024-10-27T11:35:57.000Z</time>
        <extensions>
          <ns3:TrackPointExtension>
            <ns3:hr>87</ns3:hr>
            <ns3:cad>0</ns3:cad>
          </ns3:TrackPointExtension>
        </extensions>
      </trkpt>
      <trkpt lat="46.704970300197601318359375" lon="23.5742247104644775390625">
        <ele>722.5999755859375</ele>
        <time>2024-10-27T11:35:58.000Z</time>
        <extensions>
          <ns3:TrackPointExtension>
            <ns3:hr>84</ns3:hr>
            <ns3:cad>0</ns3:cad>
          </ns3:TrackPointExtension>
        </extensions>
      </trkpt>
      <trkpt lat="46.70496602542698383331298828125" lon="23.57422672212123870849609375">
        <ele>722.5999755859375</ele>
        <time>2024-10-27T11:35:59.000Z</time>
        <extensions>
          <ns3:TrackPointExtension>
            <ns3:hr>82</ns3:hr>
            <ns3:cad>0</ns3:cad>
          </ns3:TrackPointExtension>
        </extensions>
      </trkpt>
      <trkpt lat="46.70495529659092426300048828125" lon="23.57425077818334102630615234375">
        <ele>722.5999755859375</ele>
        <time>2024-10-27T11:36:03.000Z</time>
        <extensions>
          <ns3:TrackPointExtension>
            <ns3:hr>79</ns3:hr>
            <ns3:cad>0</ns3:cad>
          </ns3:TrackPointExtension>
        </extensions>
      </trkpt>
      <trkpt lat="46.7049553804099559783935546875" lon="23.57424792833626270294189453125">
        <ele>722.5999755859375</ele>
        <time>2024-10-27T11:36:05.000Z</time>
        <extensions>
          <ns3:TrackPointExtension>
            <ns3:hr>79</ns3:hr>
            <ns3:cad>0</ns3:cad>
          </ns3:TrackPointExtension>
        </extensions>
      </trkpt>
      <trkpt lat="46.70495982281863689422607421875" lon="23.574237786233425140380859375">
        <ele>722.5999755859375</ele>
        <time>2024-10-27T11:36:07.000Z</time>
        <extensions>
          <ns3:TrackPointExtension>
            <ns3:hr>84</ns3:hr>
            <ns3:cad>0</ns3:cad>
          </ns3:TrackPointExtension>
        </extensions>
      </trkpt>
      <trkpt lat="46.7049590684473514556884765625" lon="23.57421792112290859222412109375">
        <ele>722.5999755859375</ele>
        <time>2024-10-27T11:36:12.000Z</time>
        <extensions>
          <ns3:TrackPointExtension>
            <ns3:hr>87</ns3:hr>
            <ns3:cad>0</ns3:cad>
          </ns3:TrackPointExtension>
        </extensions>
      </trkpt>
      <trkpt lat="46.70494456775486469268798828125" lon="23.57421741820871829986572265625">
        <ele>722.5999755859375</ele>
        <time>2024-10-27T11:36:14.000Z</time>
        <extensions>
          <ns3:TrackPointExtension>
            <ns3:hr>86</ns3:hr>
            <ns3:cad>0</ns3:cad>
          </ns3:TrackPointExtension>
        </extensions>
      </trkpt>
      <trkpt lat="46.7049248702824115753173828125" lon="23.57421758584678173065185546875">
        <ele>722.5999755859375</ele>
        <time>2024-10-27T11:36:17.000Z</time>
        <extensions>
          <ns3:TrackPointExtension>
            <ns3:hr>83</ns3:hr>
            <ns3:cad>0</ns3:cad>
          </ns3:TrackPointExtension>
        </extensions>
      </trkpt>
      <trkpt lat="46.70494540594518184661865234375" lon="23.57417098246514797210693359375">
        <ele>722.4000244140625</ele>
        <time>2024-10-27T11:36:22.000Z</time>
        <extensions>
          <ns3:TrackPointExtension>
            <ns3:hr>82</ns3:hr>
            <ns3:cad>0</ns3:cad>
          </ns3:TrackPointExtension>
        </extensions>
      </trkpt>
      <trkpt lat="46.704953871667385101318359375" lon="23.57411985285580158233642578125">
        <ele>722.20001220703125</ele>
        <time>2024-10-27T11:36:25.000Z</time>
        <extensions>
          <ns3:TrackPointExtension>
            <ns3:hr>85</ns3:hr>
            <ns3:cad>0</ns3:cad>
          </ns3:TrackPointExtension>
        </extensions>
      </trkpt>
      <trkpt lat="46.7049597389996051788330078125" lon="23.57408347539603710174560546875">
        <ele>722.20001220703125</ele>
        <time>2024-10-27T11:36:28.000Z</time>
        <extensions>
          <ns3:TrackPointExtension>
            <ns3:hr>88</ns3:hr>
            <ns3:cad>45</ns3:cad>
          </ns3:TrackPointExtension>
        </extensions>
      </trkpt>
      <trkpt lat="46.7049828730523586273193359375" lon="23.5740042664110660552978515625">
        <ele>722</ele>
        <time>2024-10-27T11:36:33.000Z</time>
        <extensions>
          <ns3:TrackPointExtension>
            <ns3:hr>89</ns3:hr>
            <ns3:cad>47</ns3:cad>
          </ns3:TrackPointExtension>
        </extensions>
      </trkpt>
      <trkpt lat="46.70498999767005443572998046875" lon="23.57396294362843036651611328125">
        <ele>721.79998779296875</ele>
        <time>2024-10-27T11:36:37.000Z</time>
        <extensions>
          <ns3:TrackPointExtension>
            <ns3:hr>85</ns3:hr>
            <ns3:cad>49</ns3:cad>
          </ns3:TrackPointExtension>
        </extensions>
      </trkpt>
      <trkpt lat="46.70499242842197418212890625" lon="23.573925308883190155029296875">
        <ele>721.5999755859375</ele>
        <time>2024-10-27T11:36:43.000Z</time>
        <extensions>
          <ns3:TrackPointExtension>
            <ns3:hr>84</ns3:hr>
            <ns3:cad>0</ns3:cad>
          </ns3:TrackPointExtension>
        </extensions>
      </trkpt>
      <trkpt lat="46.705021597445011138916015625" lon="23.5739754326641559600830078125">
        <ele>721.5999755859375</ele>
        <time>2024-10-27T11:36:49.000Z</time>
        <extensions>
          <ns3:TrackPointExtension>
            <ns3:hr>84</ns3:hr>
            <ns3:cad>0</ns3:cad>
          </ns3:TrackPointExtension>
        </extensions>
      </trkpt>
      <trkpt lat="46.70505118556320667266845703125" lon="23.57395112514495849609375">
        <ele>721.5999755859375</ele>
        <time>2024-10-27T11:36:52.000Z</time>
        <extensions>
          <ns3:TrackPointExtension>
            <ns3:hr>84</ns3:hr>
            <ns3:cad>0</ns3:cad>
          </ns3:TrackPointExtension>
        </extensions>
      </trkpt>
      <trkpt lat="46.70505604706704616546630859375" lon="23.57391147874295711517333984375">
        <ele>721.4000244140625</ele>
        <time>2024-10-27T11:36:56.000Z</time>
        <extensions>
          <ns3:TrackPointExtension>
            <ns3:hr>84</ns3:hr>
            <ns3:cad>51</ns3:cad>
          </ns3:TrackPointExtension>
        </extensions>
      </trkpt>
      <trkpt lat="46.705047078430652618408203125" lon="23.5738604329526424407958984375">
        <ele>721</ele>
        <time>2024-10-27T11:37:00.000Z</time>
        <extensions>
          <ns3:TrackPointExtension>
            <ns3:hr>85</ns3:hr>
            <ns3:cad>50</ns3:cad>
          </ns3:TrackPointExtension>
        </extensions>
      </trkpt>
      <trkpt lat="46.705059818923473358154296875" lon="23.57370159588754177093505859375">
        <ele>721</ele>
        <time>2024-10-27T11:37:08.000Z</time>
        <extensions>
          <ns3:TrackPointExtension>
            <ns3:hr>84</ns3:hr>
            <ns3:cad>50</ns3:cad>
          </ns3:TrackPointExtension>
        </extensions>
      </trkpt>
      <trkpt lat="46.70508169569075107574462890625" lon="23.5736012645065784454345703125">
        <ele>720.5999755859375</ele>
        <time>2024-10-27T11:37:17.000Z</time>
        <extensions>
          <ns3:TrackPointExtension>
            <ns3:hr>84</ns3:hr>
            <ns3:cad>52</ns3:cad>
          </ns3:TrackPointExtension>
        </extensions>
      </trkpt>
      <trkpt lat="46.70509393326938152313232421875" lon="23.57358089648187160491943359375">
        <ele>720.20001220703125</ele>
        <time>2024-10-27T11:37:19.000Z</time>
        <extensions>
          <ns3:TrackPointExtension>
            <ns3:hr>84</ns3:hr>
            <ns3:cad>51</ns3:cad>
          </ns3:TrackPointExtension>
        </extensions>
      </trkpt>
      <trkpt lat="46.70515294186770915985107421875" lon="23.5734450258314609527587890625">
        <ele>720</ele>
        <time>2024-10-27T11:37:26.000Z</time>
        <extensions>
          <ns3:TrackPointExtension>
            <ns3:hr>85</ns3:hr>
            <ns3:cad>50</ns3:cad>
          </ns3:TrackPointExtension>
        </extensions>
      </trkpt>
      <trkpt lat="46.7051701247692108154296875" lon="23.5734007693827152252197265625">
        <ele>719.79998779296875</ele>
        <time>2024-10-27T11:37:28.000Z</time>
        <extensions>
          <ns3:TrackPointExtension>
            <ns3:hr>88</ns3:hr>
            <ns3:cad>52</ns3:cad>
          </ns3:TrackPointExtension>
        </extensions>
      </trkpt>
      <trkpt lat="46.705185212194919586181640625" lon="23.57335902750492095947265625">
        <ele>719.5999755859375</ele>
        <time>2024-10-27T11:37:30.000Z</time>
        <extensions>
          <ns3:TrackPointExtension>
            <ns3:hr>91</ns3:hr>
            <ns3:cad>51</ns3:cad>
          </ns3:TrackPointExtension>
        </extensions>
      </trkpt>
      <trkpt lat="46.705203987658023834228515625" lon="23.57330513186752796173095703125">
        <ele>719.4000244140625</ele>
        <time>2024-10-27T11:37:33.000Z</time>
        <extensions>
          <ns3:TrackPointExtension>
            <ns3:hr>94</ns3:hr>
            <ns3:cad>48</ns3:cad>
          </ns3:TrackPointExtension>
        </extensions>
      </trkpt>
      <trkpt lat="46.70520725660026073455810546875" lon="23.5732948221266269683837890625">
        <ele>719.20001220703125</ele>
        <time>2024-10-27T11:37:34.000Z</time>
        <extensions>
          <ns3:TrackPointExtension>
            <ns3:hr>94</ns3:hr>
            <ns3:cad>50</ns3:cad>
          </ns3:TrackPointExtension>
        </extensions>
      </trkpt>
      <trkpt lat="46.7052199132740497589111328125" lon="23.57325098477303981781005859375">
        <ele>718.79998779296875</ele>
        <time>2024-10-27T11:37:37.000Z</time>
        <extensions>
          <ns3:TrackPointExtension>
            <ns3:hr>94</ns3:hr>
            <ns3:cad>50</ns3:cad>
          </ns3:TrackPointExtension>
        </extensions>
      </trkpt>
      <trkpt lat="46.7052433826029300689697265625" lon="23.57317051850259304046630859375">
        <ele>718</ele>
        <time>2024-10-27T11:37:42.000Z</time>
        <extensions>
          <ns3:TrackPointExtension>
            <ns3:hr>94</ns3:hr>
            <ns3:cad>50</ns3:cad>
          </ns3:TrackPointExtension>
        </extensions>
      </trkpt>
      <trkpt lat="46.7052470706403255462646484375" lon="23.57310715131461620330810546875">
        <ele>717.79998779296875</ele>
        <time>2024-10-27T11:37:47.000Z</time>
        <extensions>
          <ns3:TrackPointExtension>
            <ns3:hr>95</ns3:hr>
            <ns3:cad>53</ns3:cad>
          </ns3:TrackPointExtension>
        </extensions>
      </trkpt>
      <trkpt lat="46.70524480752646923065185546875" lon="23.57305786572396755218505859375">
        <ele>717.4000244140625</ele>
        <time>2024-10-27T11:37:51.000Z</time>
        <extensions>
          <ns3:TrackPointExtension>
            <ns3:hr>98</ns3:hr>
            <ns3:cad>49</ns3:cad>
          </ns3:TrackPointExtension>
        </extensions>
      </trkpt>
      <trkpt lat="46.70524480752646923065185546875" lon="23.57303984463214874267578125">
        <ele>717.5999755859375</ele>
        <time>2024-10-27T11:37:54.000Z</time>
        <extensions>
          <ns3:TrackPointExtension>
            <ns3:hr>90</ns3:hr>
            <ns3:cad>0</ns3:cad>
          </ns3:TrackPointExtension>
        </extensions>
      </trkpt>
      <trkpt lat="46.7052470706403255462646484375" lon="23.5730410180985927581787109375">
        <ele>717.5999755859375</ele>
        <time>2024-10-27T11:37:55.000Z</time>
        <extensions>
          <ns3:TrackPointExtension>
            <ns3:hr>86</ns3:hr>
            <ns3:cad>0</ns3:cad>
          </ns3:TrackPointExtension>
        </extensions>
      </trkpt>
      <trkpt lat="46.70524380169808864593505859375" lon="23.57301830314099788665771484375">
        <ele>717.5999755859375</ele>
        <time>2024-10-27T11:38:03.000Z</time>
        <extensions>
          <ns3:TrackPointExtension>
            <ns3:hr>83</ns3:hr>
            <ns3:cad>0</ns3:cad>
          </ns3:TrackPointExtension>
        </extensions>
      </trkpt>
      <trkpt lat="46.7052239365875720977783203125" lon="23.57303909026086330413818359375">
        <ele>717.4000244140625</ele>
        <time>2024-10-27T11:38:14.000Z</time>
        <extensions>
          <ns3:TrackPointExtension>
            <ns3:hr>84</ns3:hr>
            <ns3:cad>0</ns3:cad>
          </ns3:TrackPointExtension>
        </extensions>
      </trkpt>
      <trkpt lat="46.705270372331142425537109375" lon="23.5729618929326534271240234375">
        <ele>717.20001220703125</ele>
        <time>2024-10-27T11:38:22.000Z</time>
        <extensions>
          <ns3:TrackPointExtension>
            <ns3:hr>82</ns3:hr>
            <ns3:cad>0</ns3:cad>
          </ns3:TrackPointExtension>
        </extensions>
      </trkpt>
      <trkpt lat="46.705265678465366363525390625" lon="23.57296365313231945037841796875">
        <ele>717.20001220703125</ele>
        <time>2024-10-27T11:38:23.000Z</time>
        <extensions>
          <ns3:TrackPointExtension>
            <ns3:hr>78</ns3:hr>
            <ns3:cad>0</ns3:cad>
          </ns3:TrackPointExtension>
        </extensions>
      </trkpt>
      <trkpt lat="46.70523793436586856842041015625" lon="23.57297723181545734405517578125">
        <ele>717.20001220703125</ele>
        <time>2024-10-27T11:38:26.000Z</time>
        <extensions>
          <ns3:TrackPointExtension>
            <ns3:hr>75</ns3:hr>
            <ns3:cad>0</ns3:cad>
          </ns3:TrackPointExtension>
        </extensions>
      </trkpt>
      <trkpt lat="46.7052044905722141265869140625" lon="23.572977147996425628662109375">
        <ele>717.20001220703125</ele>
        <time>2024-10-27T11:38:30.000Z</time>
        <extensions>
          <ns3:TrackPointExtension>
            <ns3:hr>76</ns3:hr>
            <ns3:cad>0</ns3:cad>
          </ns3:TrackPointExtension>
        </extensions>
      </trkpt>
      <trkpt lat="46.70519091188907623291015625" lon="23.57297773472964763641357421875">
        <ele>717.20001220703125</ele>
        <time>2024-10-27T11:38:34.000Z</time>
        <extensions>
          <ns3:TrackPointExtension>
            <ns3:hr>79</ns3:hr>
            <ns3:cad>0</ns3:cad>
          </ns3:TrackPointExtension>
        </extensions>
      </trkpt>
      <trkpt lat="46.70520256273448467254638671875" lon="23.57294403947889804840087890625">
        <ele>717.20001220703125</ele>
        <time>2024-10-27T11:38:38.000Z</time>
        <extensions>
          <ns3:TrackPointExtension>
            <ns3:hr>81</ns3:hr>
            <ns3:cad>0</ns3:cad>
          </ns3:TrackPointExtension>
        </extensions>
      </trkpt>
      <trkpt lat="46.7052386887371540069580078125" lon="23.57286524958908557891845703125">
        <ele>717</ele>
        <time>2024-10-27T11:38:42.000Z</time>
        <extensions>
          <ns3:TrackPointExtension>
            <ns3:hr>80</ns3:hr>
            <ns3:cad>44</ns3:cad>
          </ns3:TrackPointExtension>
        </extensions>
      </trkpt>
      <trkpt lat="46.70522200874984264373779296875" lon="23.57284647412598133087158203125">
        <ele>716.79998779296875</ele>
        <time>2024-10-27T11:38:46.000Z</time>
        <extensions>
          <ns3:TrackPointExtension>
            <ns3:hr>80</ns3:hr>
            <ns3:cad>0</ns3:cad>
          </ns3:TrackPointExtension>
        </extensions>
      </trkpt>
      <trkpt lat="46.705199293792247772216796875" lon="23.57285837642848491668701171875">
        <ele>716.79998779296875</ele>
        <time>2024-10-27T11:38:49.000Z</time>
        <extensions>
          <ns3:TrackPointExtension>
            <ns3:hr>80</ns3:hr>
            <ns3:cad>0</ns3:cad>
          </ns3:TrackPointExtension>
        </extensions>
      </trkpt>
      <trkpt lat="46.70520775951445102691650390625" lon="23.57288025319576263427734375">
        <ele>716.79998779296875</ele>
        <time>2024-10-27T11:38:53.000Z</time>
        <extensions>
          <ns3:TrackPointExtension>
            <ns3:hr>78</ns3:hr>
            <ns3:cad>0</ns3:cad>
          </ns3:TrackPointExtension>
        </extensions>
      </trkpt>
      <trkpt lat="46.705257631838321685791015625" lon="23.5728442110121250152587890625">
        <ele>716.79998779296875</ele>
        <time>2024-10-27T11:39:01.000Z</time>
        <extensions>
          <ns3:TrackPointExtension>
            <ns3:hr>77</ns3:hr>
            <ns3:cad>0</ns3:cad>
          </ns3:TrackPointExtension>
        </extensions>
      </trkpt>
      <trkpt lat="46.70528118498623371124267578125" lon="23.572832979261875152587890625">
        <ele>716.5999755859375</ele>
        <time>2024-10-27T11:39:07.000Z</time>
        <extensions>
          <ns3:TrackPointExtension>
            <ns3:hr>72</ns3:hr>
            <ns3:cad>0</ns3:cad>
          </ns3:TrackPointExtension>
        </extensions>
      </trkpt>
      <trkpt lat="46.7052849568426609039306640625" lon="23.57281579636037349700927734375">
        <ele>716.5999755859375</ele>
        <time>2024-10-27T11:39:10.000Z</time>
        <extensions>
          <ns3:TrackPointExtension>
            <ns3:hr>69</ns3:hr>
            <ns3:cad>0</ns3:cad>
          </ns3:TrackPointExtension>
        </extensions>
      </trkpt>
      <trkpt lat="46.70527397654950618743896484375" lon="23.572790063917636871337890625">
        <ele>716.4000244140625</ele>
        <time>2024-10-27T11:39:12.000Z</time>
        <extensions>
          <ns3:TrackPointExtension>
            <ns3:hr>66</ns3:hr>
            <ns3:cad>0</ns3:cad>
          </ns3:TrackPointExtension>
        </extensions>
      </trkpt>
      <trkpt lat="46.705283783376216888427734375" lon="23.5726973600685596466064453125">
        <ele>716.20001220703125</ele>
        <time>2024-10-27T11:39:18.000Z</time>
        <extensions>
          <ns3:TrackPointExtension>
            <ns3:hr>72</ns3:hr>
            <ns3:cad>48</ns3:cad>
          </ns3:TrackPointExtension>
        </extensions>
      </trkpt>
      <trkpt lat="46.70528076589107513427734375" lon="23.57267615385353565216064453125">
        <ele>716</ele>
        <time>2024-10-27T11:39:19.000Z</time>
        <extensions>
          <ns3:TrackPointExtension>
            <ns3:hr>83</ns3:hr>
            <ns3:cad>48</ns3:cad>
          </ns3:TrackPointExtension>
        </extensions>
      </trkpt>
      <trkpt lat="46.70528017915785312652587890625" lon="23.5726604796946048736572265625">
        <ele>716</ele>
        <time>2024-10-27T11:39:20.000Z</time>
        <extensions>
          <ns3:TrackPointExtension>
            <ns3:hr>84</ns3:hr>
            <ns3:cad>48</ns3:cad>
          </ns3:TrackPointExtension>
        </extensions>
      </trkpt>
      <trkpt lat="46.70525670982897281646728515625" lon="23.572558723390102386474609375">
        <ele>715.4000244140625</ele>
        <time>2024-10-27T11:39:28.000Z</time>
        <extensions>
          <ns3:TrackPointExtension>
            <ns3:hr>84</ns3:hr>
            <ns3:cad>49</ns3:cad>
          </ns3:TrackPointExtension>
        </extensions>
      </trkpt>
      <trkpt lat="46.70523919165134429931640625" lon="23.57233501039445400238037109375">
        <ele>715.20001220703125</ele>
        <time>2024-10-27T11:39:37.000Z</time>
        <extensions>
          <ns3:TrackPointExtension>
            <ns3:hr>83</ns3:hr>
            <ns3:cad>51</ns3:cad>
          </ns3:TrackPointExtension>
        </extensions>
      </trkpt>
      <trkpt lat="46.70524598099291324615478515625" lon="23.572284467518329620361328125">
        <ele>714.79998779296875</ele>
        <time>2024-10-27T11:39:41.000Z</time>
        <extensions>
          <ns3:TrackPointExtension>
            <ns3:hr>85</ns3:hr>
            <ns3:cad>49</ns3:cad>
          </ns3:TrackPointExtension>
        </extensions>
      </trkpt>
      <trkpt lat="46.70525872148573398590087890625" lon="23.57217483222484588623046875">
        <ele>714.5999755859375</ele>
        <time>2024-10-27T11:39:49.000Z</time>
        <extensions>
          <ns3:TrackPointExtension>
            <ns3:hr>84</ns3:hr>
            <ns3:cad>48</ns3:cad>
          </ns3:TrackPointExtension>
        </extensions>
      </trkpt>
      <trkpt lat="46.70524363406002521514892578125" lon="23.57205606065690517425537109375">
        <ele>714.4000244140625</ele>
        <time>2024-10-27T11:39:57.000Z</time>
        <extensions>
          <ns3:TrackPointExtension>
            <ns3:hr>84</ns3:hr>
            <ns3:cad>49</ns3:cad>
          </ns3:TrackPointExtension>
        </extensions>
      </trkpt>
      <trkpt lat="46.705231480300426483154296875" lon="23.5719198547303676605224609375">
        <ele>714.20001220703125</ele>
        <time>2024-10-27T11:40:06.000Z</time>
        <extensions>
          <ns3:TrackPointExtension>
            <ns3:hr>84</ns3:hr>
            <ns3:cad>50</ns3:cad>
          </ns3:TrackPointExtension>
        </extensions>
      </trkpt>
      <trkpt lat="46.70520775951445102691650390625" lon="23.57180242426693439483642578125">
        <ele>714.20001220703125</ele>
        <time>2024-10-27T11:40:14.000Z</time>
        <extensions>
          <ns3:TrackPointExtension>
            <ns3:hr>86</ns3:hr>
            <ns3:cad>50</ns3:cad>
          </ns3:TrackPointExtension>
        </extensions>
      </trkpt>
      <trkpt lat="46.7051924206316471099853515625" lon="23.57171977870166301727294921875">
        <ele>714.20001220703125</ele>
        <time>2024-10-27T11:40:21.000Z</time>
        <extensions>
          <ns3:TrackPointExtension>
            <ns3:hr>89</ns3:hr>
            <ns3:cad>47</ns3:cad>
          </ns3:TrackPointExtension>
        </extensions>
      </trkpt>
      <trkpt lat="46.70518797822296619415283203125" lon="23.5717005841434001922607421875">
        <ele>714.20001220703125</ele>
        <time>2024-10-27T11:40:22.000Z</time>
        <extensions>
          <ns3:TrackPointExtension>
            <ns3:hr>89</ns3:hr>
            <ns3:cad>49</ns3:cad>
          </ns3:TrackPointExtension>
        </extensions>
      </trkpt>
      <trkpt lat="46.70516467653214931488037109375" lon="23.571593128144741058349609375">
        <ele>714.20001220703125</ele>
        <time>2024-10-27T11:40:28.000Z</time>
        <extensions>
          <ns3:TrackPointExtension>
            <ns3:hr>92</ns3:hr>
            <ns3:cad>50</ns3:cad>
          </ns3:TrackPointExtension>
        </extensions>
      </trkpt>
      <trkpt lat="46.7051585577428340911865234375" lon="23.571537472307682037353515625">
        <ele>714.4000244140625</ele>
        <time>2024-10-27T11:40:31.000Z</time>
        <extensions>
          <ns3:TrackPointExtension>
            <ns3:hr>92</ns3:hr>
            <ns3:cad>49</ns3:cad>
          </ns3:TrackPointExtension>
        </extensions>
      </trkpt>
      <trkpt lat="46.70511388219892978668212890625" lon="23.5714052058756351470947265625">
        <ele>714.4000244140625</ele>
        <time>2024-10-27T11:40:40.000Z</time>
        <extensions>
          <ns3:TrackPointExtension>
            <ns3:hr>91</ns3:hr>
            <ns3:cad>50</ns3:cad>
          </ns3:TrackPointExtension>
        </extensions>
      </trkpt>
      <trkpt lat="46.7050831206142902374267578125" lon="23.57122608460485935211181640625">
        <ele>714.5999755859375</ele>
        <time>2024-10-27T11:40:51.000Z</time>
        <extensions>
          <ns3:TrackPointExtension>
            <ns3:hr>92</ns3:hr>
            <ns3:cad>50</ns3:cad>
          </ns3:TrackPointExtension>
        </extensions>
      </trkpt>
      <trkpt lat="46.7050680331885814666748046875" lon="23.57116271741688251495361328125">
        <ele>714.5999755859375</ele>
        <time>2024-10-27T11:40:56.000Z</time>
        <extensions>
          <ns3:TrackPointExtension>
            <ns3:hr>95</ns3:hr>
            <ns3:cad>48</ns3:cad>
          </ns3:TrackPointExtension>
        </extensions>
      </trkpt>
      <trkpt lat="46.7050601541996002197265625" lon="23.571145199239253997802734375">
        <ele>714.5999755859375</ele>
        <time>2024-10-27T11:40:58.000Z</time>
        <extensions>
          <ns3:TrackPointExtension>
            <ns3:hr>98</ns3:hr>
            <ns3:cad>49</ns3:cad>
          </ns3:TrackPointExtension>
        </extensions>
      </trkpt>
      <trkpt lat="46.70505638234317302703857421875" lon="23.5711353085935115814208984375">
        <ele>714.5999755859375</ele>
        <time>2024-10-27T11:40:59.000Z</time>
        <extensions>
          <ns3:TrackPointExtension>
            <ns3:hr>99</ns3:hr>
            <ns3:cad>50</ns3:cad>
          </ns3:TrackPointExtension>
        </extensions>
      </trkpt>
      <trkpt lat="46.70502603985369205474853515625" lon="23.57103363610804080963134765625">
        <ele>714.5999755859375</ele>
        <time>2024-10-27T11:41:07.000Z</time>
        <extensions>
          <ns3:TrackPointExtension>
            <ns3:hr>97</ns3:hr>
            <ns3:cad>50</ns3:cad>
          </ns3:TrackPointExtension>
        </extensions>
      </trkpt>
      <trkpt lat="46.705002486705780029296875" lon="23.570879995822906494140625">
        <ele>715.20001220703125</ele>
        <time>2024-10-27T11:41:15.000Z</time>
        <extensions>
          <ns3:TrackPointExtension>
            <ns3:hr>95</ns3:hr>
            <ns3:cad>50</ns3:cad>
          </ns3:TrackPointExtension>
        </extensions>
      </trkpt>
      <trkpt lat="46.7049768380820751190185546875" lon="23.5708129405975341796875">
        <ele>715.4000244140625</ele>
        <time>2024-10-27T11:41:19.000Z</time>
        <extensions>
          <ns3:TrackPointExtension>
            <ns3:hr>99</ns3:hr>
            <ns3:cad>52</ns3:cad>
          </ns3:TrackPointExtension>
        </extensions>
      </trkpt>
      <trkpt lat="46.7049644328653812408447265625" lon="23.5707711987197399139404296875">
        <ele>715.4000244140625</ele>
        <time>2024-10-27T11:41:21.000Z</time>
        <extensions>
          <ns3:TrackPointExtension>
            <ns3:hr>102</ns3:hr>
            <ns3:cad>50</ns3:cad>
          </ns3:TrackPointExtension>
        </extensions>
      </trkpt>
      <trkpt lat="46.70496032573282718658447265625" lon="23.5707537643611431121826171875">
        <ele>715.4000244140625</ele>
        <time>2024-10-27T11:41:22.000Z</time>
        <extensions>
          <ns3:TrackPointExtension>
            <ns3:hr>102</ns3:hr>
            <ns3:cad>50</ns3:cad>
          </ns3:TrackPointExtension>
        </extensions>
      </trkpt>
      <trkpt lat="46.7049315758049488067626953125" lon="23.5706508345901966094970703125">
        <ele>715.5999755859375</ele>
        <time>2024-10-27T11:41:28.000Z</time>
        <extensions>
          <ns3:TrackPointExtension>
            <ns3:hr>98</ns3:hr>
            <ns3:cad>49</ns3:cad>
          </ns3:TrackPointExtension>
        </extensions>
      </trkpt>
      <trkpt lat="46.7049205116927623748779296875" lon="23.5705995373427867889404296875">
        <ele>715.79998779296875</ele>
        <time>2024-10-27T11:41:31.000Z</time>
        <extensions>
          <ns3:TrackPointExtension>
            <ns3:hr>96</ns3:hr>
            <ns3:cad>49</ns3:cad>
          </ns3:TrackPointExtension>
        </extensions>
      </trkpt>
      <trkpt lat="46.70488187111914157867431640625" lon="23.57045830227434635162353515625">
        <ele>715.20001220703125</ele>
        <time>2024-10-27T11:41:40.000Z</time>
        <extensions>
          <ns3:TrackPointExtension>
            <ns3:hr>97</ns3:hr>
            <ns3:cad>51</ns3:cad>
          </ns3:TrackPointExtension>
        </extensions>
      </trkpt>
      <trkpt lat="46.70485052280128002166748046875" lon="23.570280186831951141357421875">
        <ele>714.4000244140625</ele>
        <time>2024-10-27T11:41:50.000Z</time>
        <extensions>
          <ns3:TrackPointExtension>
            <ns3:hr>96</ns3:hr>
            <ns3:cad>50</ns3:cad>
          </ns3:TrackPointExtension>
        </extensions>
      </trkpt>
      <trkpt lat="46.70484222471714019775390625" lon="23.57025529257953166961669921875">
        <ele>714.4000244140625</ele>
        <time>2024-10-27T11:41:52.000Z</time>
        <extensions>
          <ns3:TrackPointExtension>
            <ns3:hr>93</ns3:hr>
            <ns3:cad>51</ns3:cad>
          </ns3:TrackPointExtension>
        </extensions>
      </trkpt>
      <trkpt lat="46.70483694411814212799072265625" lon="23.57024523429572582244873046875">
        <ele>714.20001220703125</ele>
        <time>2024-10-27T11:41:53.000Z</time>
        <extensions>
          <ns3:TrackPointExtension>
            <ns3:hr>90</ns3:hr>
            <ns3:cad>51</ns3:cad>
          </ns3:TrackPointExtension>
        </extensions>
      </trkpt>
      <trkpt lat="46.7048165760934352874755859375" lon="23.57021003030240535736083984375">
        <ele>714</ele>
        <time>2024-10-27T11:41:56.000Z</time>
        <extensions>
          <ns3:TrackPointExtension>
            <ns3:hr>87</ns3:hr>
            <ns3:cad>50</ns3:cad>
          </ns3:TrackPointExtension>
        </extensions>
      </trkpt>
      <trkpt lat="46.7047910951077938079833984375" lon="23.570177592337131500244140625">
        <ele>713.5999755859375</ele>
        <time>2024-10-27T11:41:59.000Z</time>
        <extensions>
          <ns3:TrackPointExtension>
            <ns3:hr>86</ns3:hr>
            <ns3:cad>51</ns3:cad>
          </ns3:TrackPointExtension>
        </extensions>
      </trkpt>
      <trkpt lat="46.70478212647140026092529296875" lon="23.57016577385365962982177734375">
        <ele>713.5999755859375</ele>
        <time>2024-10-27T11:42:00.000Z</time>
        <extensions>
          <ns3:TrackPointExtension>
            <ns3:hr>86</ns3:hr>
            <ns3:cad>51</ns3:cad>
          </ns3:TrackPointExtension>
        </extensions>
      </trkpt>
      <trkpt lat="46.7047636024653911590576171875" lon="23.57012704946100711822509765625">
        <ele>713.4000244140625</ele>
        <time>2024-10-27T11:42:04.000Z</time>
        <extensions>
          <ns3:TrackPointExtension>
            <ns3:hr>89</ns3:hr>
            <ns3:cad>50</ns3:cad>
          </ns3:TrackPointExtension>
        </extensions>
      </trkpt>
      <trkpt lat="46.7047517001628875732421875" lon="23.570083044469356536865234375">
        <ele>713</ele>
        <time>2024-10-27T11:42:07.000Z</time>
        <extensions>
          <ns3:TrackPointExtension>
            <ns3:hr>90</ns3:hr>
            <ns3:cad>51</ns3:cad>
          </ns3:TrackPointExtension>
        </extensions>
      </trkpt>
      <trkpt lat="46.70474239625036716461181640625" lon="23.5700359381735324859619140625">
        <ele>712.5999755859375</ele>
        <time>2024-10-27T11:42:10.000Z</time>
        <extensions>
          <ns3:TrackPointExtension>
            <ns3:hr>90</ns3:hr>
            <ns3:cad>50</ns3:cad>
          </ns3:TrackPointExtension>
        </extensions>
      </trkpt>
      <trkpt lat="46.70473183505237102508544921875" lon="23.5699356906116008758544921875">
        <ele>712</ele>
        <time>2024-10-27T11:42:16.000Z</time>
        <extensions>
          <ns3:TrackPointExtension>
            <ns3:hr>90</ns3:hr>
            <ns3:cad>52</ns3:cad>
          </ns3:TrackPointExtension>
        </extensions>
      </trkpt>
      <trkpt lat="46.70475077815353870391845703125" lon="23.5698688030242919921875">
        <ele>711.5999755859375</ele>
        <time>2024-10-27T11:42:22.000Z</time>
        <extensions>
          <ns3:TrackPointExtension>
            <ns3:hr>89</ns3:hr>
            <ns3:cad>50</ns3:cad>
          </ns3:TrackPointExtension>
        </extensions>
      </trkpt>
      <trkpt lat="46.70477525331079959869384765625" lon="23.5698253847658634185791015625">
        <ele>711.20001220703125</ele>
        <time>2024-10-27T11:42:26.000Z</time>
        <extensions>
          <ns3:TrackPointExtension>
            <ns3:hr>88</ns3:hr>
            <ns3:cad>50</ns3:cad>
          </ns3:TrackPointExtension>
        </extensions>
      </trkpt>
      <trkpt lat="46.704762093722820281982421875" lon="23.56977115385234355926513671875">
        <ele>711</ele>
        <time>2024-10-27T11:42:30.000Z</time>
        <extensions>
          <ns3:TrackPointExtension>
            <ns3:hr>87</ns3:hr>
            <ns3:cad>48</ns3:cad>
          </ns3:TrackPointExtension>
        </extensions>
      </trkpt>
      <trkpt lat="46.7047518678009510040283203125" lon="23.5697301663458347320556640625">
        <ele>711</ele>
        <time>2024-10-27T11:42:33.000Z</time>
        <extensions>
          <ns3:TrackPointExtension>
            <ns3:hr>88</ns3:hr>
            <ns3:cad>47</ns3:cad>
          </ns3:TrackPointExtension>
        </extensions>
      </trkpt>
      <trkpt lat="46.70477516949176788330078125" lon="23.5696564055979251861572265625">
        <ele>712</ele>
        <time>2024-10-27T11:42:41.000Z</time>
        <extensions>
          <ns3:TrackPointExtension>
            <ns3:hr>87</ns3:hr>
            <ns3:cad>46</ns3:cad>
          </ns3:TrackPointExtension>
        </extensions>
      </trkpt>
      <trkpt lat="46.7048323340713977813720703125" lon="23.569592535495758056640625">
        <ele>712.5999755859375</ele>
        <time>2024-10-27T11:42:48.000Z</time>
        <extensions>
          <ns3:TrackPointExtension>
            <ns3:hr>89</ns3:hr>
            <ns3:cad>45</ns3:cad>
          </ns3:TrackPointExtension>
        </extensions>
      </trkpt>
      <trkpt lat="46.7048390395939350128173828125" lon="23.569584824144840240478515625">
        <ele>712.79998779296875</ele>
        <time>2024-10-27T11:42:49.000Z</time>
        <extensions>
          <ns3:TrackPointExtension>
            <ns3:hr>90</ns3:hr>
            <ns3:cad>44</ns3:cad>
          </ns3:TrackPointExtension>
        </extensions>
      </trkpt>
      <trkpt lat="46.70485219918191432952880859375" lon="23.5695642046630382537841796875">
        <ele>713.20001220703125</ele>
        <time>2024-10-27T11:42:51.000Z</time>
        <extensions>
          <ns3:TrackPointExtension>
            <ns3:hr>94</ns3:hr>
            <ns3:cad>43</ns3:cad>
          </ns3:TrackPointExtension>
        </extensions>
      </trkpt>
      <trkpt lat="46.7048635147511959075927734375" lon="23.569544591009616851806640625">
        <ele>713.4000244140625</ele>
        <time>2024-10-27T11:42:53.000Z</time>
        <extensions>
          <ns3:TrackPointExtension>
            <ns3:hr>98</ns3:hr>
            <ns3:cad>42</ns3:cad>
          </ns3:TrackPointExtension>
        </extensions>
      </trkpt>
      <trkpt lat="46.70487298630177974700927734375" lon="23.56954216025769710540771484375">
        <ele>713.4000244140625</ele>
        <time>2024-10-27T11:42:54.000Z</time>
        <extensions>
          <ns3:TrackPointExtension>
            <ns3:hr>101</ns3:hr>
            <ns3:cad>42</ns3:cad>
          </ns3:TrackPointExtension>
        </extensions>
      </trkpt>
      <trkpt lat="46.70488673262298107147216796875" lon="23.56953880749642848968505859375">
        <ele>713.5999755859375</ele>
        <time>2024-10-27T11:42:56.000Z</time>
        <extensions>
          <ns3:TrackPointExtension>
            <ns3:hr>104</ns3:hr>
            <ns3:cad>42</ns3:cad>
          </ns3:TrackPointExtension>
        </extensions>
      </trkpt>
      <trkpt lat="46.70489947311580181121826171875" lon="23.56952891685068607330322265625">
        <ele>713.5999755859375</ele>
        <time>2024-10-27T11:42:58.000Z</time>
        <extensions>
          <ns3:TrackPointExtension>
            <ns3:hr>105</ns3:hr>
            <ns3:cad>41</ns3:cad>
          </ns3:TrackPointExtension>
        </extensions>
      </trkpt>
      <trkpt lat="46.70490525662899017333984375" lon="23.5695214569568634033203125">
        <ele>713.5999755859375</ele>
        <time>2024-10-27T11:42:59.000Z</time>
        <extensions>
          <ns3:TrackPointExtension>
            <ns3:hr>105</ns3:hr>
            <ns3:cad>41</ns3:cad>
          </ns3:TrackPointExtension>
        </extensions>
      </trkpt>
      <trkpt lat="46.70500894077122211456298828125" lon="23.56946119107306003570556640625">
        <ele>714.4000244140625</ele>
        <time>2024-10-27T11:43:08.000Z</time>
        <extensions>
          <ns3:TrackPointExtension>
            <ns3:hr>107</ns3:hr>
            <ns3:cad>40</ns3:cad>
          </ns3:TrackPointExtension>
        </extensions>
      </trkpt>
      <trkpt lat="46.70506007038056850433349609375" lon="23.5694186948239803314208984375">
        <ele>714.5999755859375</ele>
        <time>2024-10-27T11:43:14.000Z</time>
        <extensions>
          <ns3:TrackPointExtension>
            <ns3:hr>104</ns3:hr>
            <ns3:cad>45</ns3:cad>
          </ns3:TrackPointExtension>
        </extensions>
      </trkpt>
      <trkpt lat="46.705082617700099945068359375" lon="23.56939665041863918304443359375">
        <ele>714.79998779296875</ele>
        <time>2024-10-27T11:43:17.000Z</time>
        <extensions>
          <ns3:TrackPointExtension>
            <ns3:hr>102</ns3:hr>
            <ns3:cad>45</ns3:cad>
          </ns3:TrackPointExtension>
        </extensions>
      </trkpt>
      <trkpt lat="46.705112792551517486572265625" lon="23.56931920163333415985107421875">
        <ele>715.4000244140625</ele>
        <time>2024-10-27T11:43:26.000Z</time>
        <extensions>
          <ns3:TrackPointExtension>
            <ns3:hr>103</ns3:hr>
            <ns3:cad>43</ns3:cad>
          </ns3:TrackPointExtension>
        </extensions>
      </trkpt>
      <trkpt lat="46.70510642230510711669921875" lon="23.56924275867640972137451171875">
        <ele>715.4000244140625</ele>
        <time>2024-10-27T11:43:32.000Z</time>
        <extensions>
          <ns3:TrackPointExtension>
            <ns3:hr>103</ns3:hr>
            <ns3:cad>43</ns3:cad>
          </ns3:TrackPointExtension>
        </extensions>
      </trkpt>
      <trkpt lat="46.70510516501963138580322265625" lon="23.56919196434319019317626953125">
        <ele>715.79998779296875</ele>
        <time>2024-10-27T11:43:36.000Z</time>
        <extensions>
          <ns3:TrackPointExtension>
            <ns3:hr>102</ns3:hr>
            <ns3:cad>44</ns3:cad>
          </ns3:TrackPointExtension>
        </extensions>
      </trkpt>
      <trkpt lat="46.70509343035519123077392578125" lon="23.5691561736166477203369140625">
        <ele>716.20001220703125</ele>
        <time>2024-10-27T11:43:40.000Z</time>
        <extensions>
          <ns3:TrackPointExtension>
            <ns3:hr>103</ns3:hr>
            <ns3:cad>44</ns3:cad>
          </ns3:TrackPointExtension>
        </extensions>
      </trkpt>
      <trkpt lat="46.7050643451511859893798828125" lon="23.56909406371414661407470703125">
        <ele>716.79998779296875</ele>
        <time>2024-10-27T11:43:48.000Z</time>
        <extensions>
          <ns3:TrackPointExtension>
            <ns3:hr>103</ns3:hr>
            <ns3:cad>42</ns3:cad>
          </ns3:TrackPointExtension>
        </extensions>
      </trkpt>
      <trkpt lat="46.70505956746637821197509765625" lon="23.5690817423164844512939453125">
        <ele>716.79998779296875</ele>
        <time>2024-10-27T11:43:49.000Z</time>
        <extensions>
          <ns3:TrackPointExtension>
            <ns3:hr>102</ns3:hr>
            <ns3:cad>42</ns3:cad>
          </ns3:TrackPointExtension>
        </extensions>
      </trkpt>
      <trkpt lat="46.70501313172280788421630859375" lon="23.56896967627108097076416015625">
        <ele>717.4000244140625</ele>
        <time>2024-10-27T11:44:00.000Z</time>
        <extensions>
          <ns3:TrackPointExtension>
            <ns3:hr>100</ns3:hr>
            <ns3:cad>44</ns3:cad>
          </ns3:TrackPointExtension>
        </extensions>
      </trkpt>
      <trkpt lat="46.70493400655686855316162109375" lon="23.568878062069416046142578125">
        <ele>717.20001220703125</ele>
        <time>2024-10-27T11:44:09.000Z</time>
        <extensions>
          <ns3:TrackPointExtension>
            <ns3:hr>99</ns3:hr>
            <ns3:cad>42</ns3:cad>
          </ns3:TrackPointExtension>
        </extensions>
      </trkpt>
      <trkpt lat="46.7048705555498600006103515625" lon="23.56880421750247478485107421875">
        <ele>717.20001220703125</ele>
        <time>2024-10-27T11:44:16.000Z</time>
        <extensions>
          <ns3:TrackPointExtension>
            <ns3:hr>96</ns3:hr>
            <ns3:cad>43</ns3:cad>
          </ns3:TrackPointExtension>
        </extensions>
      </trkpt>
      <trkpt lat="46.7048616707324981689453125" lon="23.568792901933193206787109375">
        <ele>717.20001220703125</ele>
        <time>2024-10-27T11:44:17.000Z</time>
        <extensions>
          <ns3:TrackPointExtension>
            <ns3:hr>93</ns3:hr>
            <ns3:cad>43</ns3:cad>
          </ns3:TrackPointExtension>
        </extensions>
      </trkpt>
      <trkpt lat="46.7048541270196437835693359375" lon="23.5687836818397045135498046875">
        <ele>717.20001220703125</ele>
        <time>2024-10-27T11:44:18.000Z</time>
        <extensions>
          <ns3:TrackPointExtension>
            <ns3:hr>93</ns3:hr>
            <ns3:cad>43</ns3:cad>
          </ns3:TrackPointExtension>
        </extensions>
      </trkpt>
      <trkpt lat="46.704809032380580902099609375" lon="23.56870179064571857452392578125">
        <ele>717.20001220703125</ele>
        <time>2024-10-27T11:44:25.000Z</time>
        <extensions>
          <ns3:TrackPointExtension>
            <ns3:hr>92</ns3:hr>
            <ns3:cad>43</ns3:cad>
          </ns3:TrackPointExtension>
        </extensions>
      </trkpt>
      <trkpt lat="46.70477005653083324432373046875" lon="23.568613529205322265625">
        <ele>717.20001220703125</ele>
        <time>2024-10-27T11:44:34.000Z</time>
        <extensions>
          <ns3:TrackPointExtension>
            <ns3:hr>92</ns3:hr>
            <ns3:cad>42</ns3:cad>
          </ns3:TrackPointExtension>
        </extensions>
      </trkpt>
      <trkpt lat="46.70469881035387516021728515625" lon="23.5685263574123382568359375">
        <ele>717.4000244140625</ele>
        <time>2024-10-27T11:44:43.000Z</time>
        <extensions>
          <ns3:TrackPointExtension>
            <ns3:hr>90</ns3:hr>
            <ns3:cad>42</ns3:cad>
          </ns3:TrackPointExtension>
        </extensions>
      </trkpt>
      <trkpt lat="46.7046792805194854736328125" lon="23.56851470656692981719970703125">
        <ele>717.79998779296875</ele>
        <time>2024-10-27T11:44:48.000Z</time>
        <extensions>
          <ns3:TrackPointExtension>
            <ns3:hr>89</ns3:hr>
            <ns3:cad>43</ns3:cad>
          </ns3:TrackPointExtension>
        </extensions>
      </trkpt>
      <trkpt lat="46.704661510884761810302734375" lon="23.56851152144372463226318359375">
        <ele>718</ele>
        <time>2024-10-27T11:44:51.000Z</time>
        <extensions>
          <ns3:TrackPointExtension>
            <ns3:hr>89</ns3:hr>
            <ns3:cad>42</ns3:cad>
          </ns3:TrackPointExtension>
        </extensions>
      </trkpt>
      <trkpt lat="46.70455179177224636077880859375" lon="23.5683815181255340576171875">
        <ele>718.5999755859375</ele>
        <time>2024-10-27T11:45:04.000Z</time>
        <extensions>
          <ns3:TrackPointExtension>
            <ns3:hr>92</ns3:hr>
            <ns3:cad>41</ns3:cad>
          </ns3:TrackPointExtension>
        </extensions>
      </trkpt>
      <trkpt lat="46.704519353806972503662109375" lon="23.56832561083137989044189453125">
        <ele>719</ele>
        <time>2024-10-27T11:45:08.000Z</time>
        <extensions>
          <ns3:TrackPointExtension>
            <ns3:hr>93</ns3:hr>
            <ns3:cad>41</ns3:cad>
          </ns3:TrackPointExtension>
        </extensions>
      </trkpt>
      <trkpt lat="46.70449965633451938629150390625" lon="23.56828755699098110198974609375">
        <ele>719</ele>
        <time>2024-10-27T11:45:11.000Z</time>
        <extensions>
          <ns3:TrackPointExtension>
            <ns3:hr>96</ns3:hr>
            <ns3:cad>41</ns3:cad>
          </ns3:TrackPointExtension>
        </extensions>
      </trkpt>
      <trkpt lat="46.7044796235859394073486328125" lon="23.56824212707579135894775390625">
        <ele>719.4000244140625</ele>
        <time>2024-10-27T11:45:15.000Z</time>
        <extensions>
          <ns3:TrackPointExtension>
            <ns3:hr>96</ns3:hr>
            <ns3:cad>40</ns3:cad>
          </ns3:TrackPointExtension>
        </extensions>
      </trkpt>
      <trkpt lat="46.7044655419886112213134765625" lon="23.56819015927612781524658203125">
        <ele>720</ele>
        <time>2024-10-27T11:45:22.000Z</time>
        <extensions>
          <ns3:TrackPointExtension>
            <ns3:hr>97</ns3:hr>
            <ns3:cad>42</ns3:cad>
          </ns3:TrackPointExtension>
        </extensions>
      </trkpt>
      <trkpt lat="46.704458333551883697509765625" lon="23.56817926280200481414794921875">
        <ele>720.20001220703125</ele>
        <time>2024-10-27T11:45:23.000Z</time>
        <extensions>
          <ns3:TrackPointExtension>
            <ns3:hr>97</ns3:hr>
            <ns3:cad>41</ns3:cad>
          </ns3:TrackPointExtension>
        </extensions>
      </trkpt>
      <trkpt lat="46.7043924517929553985595703125" lon="23.56803090311586856842041015625">
        <ele>720.79998779296875</ele>
        <time>2024-10-27T11:45:33.000Z</time>
        <extensions>
          <ns3:TrackPointExtension>
            <ns3:hr>98</ns3:hr>
            <ns3:cad>41</ns3:cad>
          </ns3:TrackPointExtension>
        </extensions>
      </trkpt>
      <trkpt lat="46.7043817229568958282470703125" lon="23.5679979622364044189453125">
        <ele>721</ele>
        <time>2024-10-27T11:45:36.000Z</time>
        <extensions>
          <ns3:TrackPointExtension>
            <ns3:hr>99</ns3:hr>
            <ns3:cad>42</ns3:cad>
          </ns3:TrackPointExtension>
        </extensions>
      </trkpt>
      <trkpt lat="46.70437342487275600433349609375" lon="23.56793652288615703582763671875">
        <ele>721.4000244140625</ele>
        <time>2024-10-27T11:45:40.000Z</time>
        <extensions>
          <ns3:TrackPointExtension>
            <ns3:hr>101</ns3:hr>
            <ns3:cad>42</ns3:cad>
          </ns3:TrackPointExtension>
        </extensions>
      </trkpt>
      <trkpt lat="46.70438951812684535980224609375" lon="23.5678154043853282928466796875">
        <ele>722.20001220703125</ele>
        <time>2024-10-27T11:45:48.000Z</time>
        <extensions>
          <ns3:TrackPointExtension>
            <ns3:hr>103</ns3:hr>
            <ns3:cad>42</ns3:cad>
          </ns3:TrackPointExtension>
        </extensions>
      </trkpt>
      <trkpt lat="46.7044279910624027252197265625" lon="23.5677144862711429595947265625">
        <ele>722.79998779296875</ele>
        <time>2024-10-27T11:45:57.000Z</time>
        <extensions>
          <ns3:TrackPointExtension>
            <ns3:hr>105</ns3:hr>
            <ns3:cad>43</ns3:cad>
          </ns3:TrackPointExtension>
        </extensions>
      </trkpt>
      <trkpt lat="46.70445053838193416595458984375" lon="23.56765673495829105377197265625">
        <ele>723.20001220703125</ele>
        <time>2024-10-27T11:46:01.000Z</time>
        <extensions>
          <ns3:TrackPointExtension>
            <ns3:hr>103</ns3:hr>
            <ns3:cad>43</ns3:cad>
          </ns3:TrackPointExtension>
        </extensions>
      </trkpt>
      <trkpt lat="46.7044752649962902069091796875" lon="23.5676082037389278411865234375">
        <ele>723.5999755859375</ele>
        <time>2024-10-27T11:46:06.000Z</time>
        <extensions>
          <ns3:TrackPointExtension>
            <ns3:hr>103</ns3:hr>
            <ns3:cad>42</ns3:cad>
          </ns3:TrackPointExtension>
        </extensions>
      </trkpt>
      <trkpt lat="46.7045009136199951171875" lon="23.56752681545913219451904296875">
        <ele>724.20001220703125</ele>
        <time>2024-10-27T11:46:13.000Z</time>
        <extensions>
          <ns3:TrackPointExtension>
            <ns3:hr>103</ns3:hr>
            <ns3:cad>42</ns3:cad>
          </ns3:TrackPointExtension>
        </extensions>
      </trkpt>
      <trkpt lat="46.70449831523001194000244140625" lon="23.5674157552421092987060546875">
        <ele>724.79998779296875</ele>
        <time>2024-10-27T11:46:22.000Z</time>
        <extensions>
          <ns3:TrackPointExtension>
            <ns3:hr>103</ns3:hr>
            <ns3:cad>42</ns3:cad>
          </ns3:TrackPointExtension>
        </extensions>
      </trkpt>
      <trkpt lat="46.7045017518103122711181640625" lon="23.567373342812061309814453125">
        <ele>725.20001220703125</ele>
        <time>2024-10-27T11:46:26.000Z</time>
        <extensions>
          <ns3:TrackPointExtension>
            <ns3:hr>103</ns3:hr>
            <ns3:cad>44</ns3:cad>
          </ns3:TrackPointExtension>
        </extensions>
      </trkpt>
      <trkpt lat="46.704507283866405487060546875" lon="23.5673155076801776885986328125">
        <ele>725.5999755859375</ele>
        <time>2024-10-27T11:46:32.000Z</time>
        <extensions>
          <ns3:TrackPointExtension>
            <ns3:hr>102</ns3:hr>
            <ns3:cad>43</ns3:cad>
          </ns3:TrackPointExtension>
        </extensions>
      </trkpt>
      <trkpt lat="46.7044977284967899322509765625" lon="23.567245937883853912353515625">
        <ele>726.4000244140625</ele>
        <time>2024-10-27T11:46:39.000Z</time>
        <extensions>
          <ns3:TrackPointExtension>
            <ns3:hr>103</ns3:hr>
            <ns3:cad>43</ns3:cad>
          </ns3:TrackPointExtension>
        </extensions>
      </trkpt>
      <trkpt lat="46.70449613593518733978271484375" lon="23.5672286711633205413818359375">
        <ele>726.4000244140625</ele>
        <time>2024-10-27T11:46:40.000Z</time>
        <extensions>
          <ns3:TrackPointExtension>
            <ns3:hr>103</ns3:hr>
            <ns3:cad>43</ns3:cad>
          </ns3:TrackPointExtension>
        </extensions>
      </trkpt>
      <trkpt lat="46.7045034281909465789794921875" lon="23.56714175082743167877197265625">
        <ele>727.4000244140625</ele>
        <time>2024-10-27T11:46:49.000Z</time>
        <extensions>
          <ns3:TrackPointExtension>
            <ns3:hr>104</ns3:hr>
            <ns3:cad>0</ns3:cad>
          </ns3:TrackPointExtension>
        </extensions>
      </trkpt>
      <trkpt lat="46.70448238961398601531982421875" lon="23.56705809943377971649169921875">
        <ele>726.79998779296875</ele>
        <time>2024-10-27T11:46:57.000Z</time>
        <extensions>
          <ns3:TrackPointExtension>
            <ns3:hr>104</ns3:hr>
            <ns3:cad>0</ns3:cad>
          </ns3:TrackPointExtension>
        </extensions>
      </trkpt>
      <trkpt lat="46.70446009375154972076416015625" lon="23.56698735617101192474365234375">
        <ele>727</ele>
        <time>2024-10-27T11:47:01.000Z</time>
        <extensions>
          <ns3:TrackPointExtension>
            <ns3:hr>101</ns3:hr>
            <ns3:cad>46</ns3:cad>
          </ns3:TrackPointExtension>
        </extensions>
      </trkpt>
      <trkpt lat="46.70443779788911342620849609375" lon="23.56692616827785968780517578125">
        <ele>727</ele>
        <time>2024-10-27T11:47:05.000Z</time>
        <extensions>
          <ns3:TrackPointExtension>
            <ns3:hr>99</ns3:hr>
            <ns3:cad>44</ns3:cad>
          </ns3:TrackPointExtension>
        </extensions>
      </trkpt>
      <trkpt lat="46.7044253088533878326416015625" lon="23.56688425876200199127197265625">
        <ele>726.79998779296875</ele>
        <time>2024-10-27T11:47:10.000Z</time>
        <extensions>
          <ns3:TrackPointExtension>
            <ns3:hr>96</ns3:hr>
            <ns3:cad>46</ns3:cad>
          </ns3:TrackPointExtension>
        </extensions>
      </trkpt>
      <trkpt lat="46.704402677714824676513671875" lon="23.566827513277530670166015625">
        <ele>726.4000244140625</ele>
        <time>2024-10-27T11:47:14.000Z</time>
        <extensions>
          <ns3:TrackPointExtension>
            <ns3:hr>96</ns3:hr>
            <ns3:cad>49</ns3:cad>
          </ns3:TrackPointExtension>
        </extensions>
      </trkpt>
      <trkpt lat="46.7043492011725902557373046875" lon="23.56670849025249481201171875">
        <ele>725.79998779296875</ele>
        <time>2024-10-27T11:47:24.000Z</time>
        <extensions>
          <ns3:TrackPointExtension>
            <ns3:hr>93</ns3:hr>
            <ns3:cad>49</ns3:cad>
          </ns3:TrackPointExtension>
        </extensions>
      </trkpt>
      <trkpt lat="46.70434467494487762451171875" lon="23.5667009465396404266357421875">
        <ele>725.79998779296875</ele>
        <time>2024-10-27T11:47:25.000Z</time>
        <extensions>
          <ns3:TrackPointExtension>
            <ns3:hr>93</ns3:hr>
            <ns3:cad>49</ns3:cad>
          </ns3:TrackPointExtension>
        </extensions>
      </trkpt>
      <trkpt lat="46.70433285646140575408935546875" lon="23.5666835121810436248779296875">
        <ele>725.5999755859375</ele>
        <time>2024-10-27T11:47:28.000Z</time>
        <extensions>
          <ns3:TrackPointExtension>
            <ns3:hr>90</ns3:hr>
            <ns3:cad>51</ns3:cad>
          </ns3:TrackPointExtension>
        </extensions>
      </trkpt>
      <trkpt lat="46.70432212762534618377685546875" lon="23.56667689047753810882568359375">
        <ele>725.20001220703125</ele>
        <time>2024-10-27T11:47:31.000Z</time>
        <extensions>
          <ns3:TrackPointExtension>
            <ns3:hr>90</ns3:hr>
            <ns3:cad>52</ns3:cad>
          </ns3:TrackPointExtension>
        </extensions>
      </trkpt>
      <trkpt lat="46.70431558974087238311767578125" lon="23.5666781477630138397216796875">
        <ele>725</ele>
        <time>2024-10-27T11:47:34.000Z</time>
        <extensions>
          <ns3:TrackPointExtension>
            <ns3:hr>90</ns3:hr>
            <ns3:cad>49</ns3:cad>
          </ns3:TrackPointExtension>
        </extensions>
      </trkpt>
      <trkpt lat="46.70423881150782108306884765625" lon="23.5665792413055896759033203125">
        <ele>725</ele>
        <time>2024-10-27T11:47:41.000Z</time>
        <extensions>
          <ns3:TrackPointExtension>
            <ns3:hr>90</ns3:hr>
            <ns3:cad>49</ns3:cad>
          </ns3:TrackPointExtension>
        </extensions>
      </trkpt>
      <trkpt lat="46.7041932977735996246337890625" lon="23.5664100944995880126953125">
        <ele>725</ele>
        <time>2024-10-27T11:47:49.000Z</time>
        <extensions>
          <ns3:TrackPointExtension>
            <ns3:hr>88</ns3:hr>
            <ns3:cad>49</ns3:cad>
          </ns3:TrackPointExtension>
        </extensions>
      </trkpt>
      <trkpt lat="46.704183407127857208251953125" lon="23.5662359185516834259033203125">
        <ele>724.79998779296875</ele>
        <time>2024-10-27T11:47:58.000Z</time>
        <extensions>
          <ns3:TrackPointExtension>
            <ns3:hr>90</ns3:hr>
            <ns3:cad>47</ns3:cad>
          </ns3:TrackPointExtension>
        </extensions>
      </trkpt>
      <trkpt lat="46.70415331609547138214111328125" lon="23.56603634543716907501220703125">
        <ele>724.5999755859375</ele>
        <time>2024-10-27T11:48:09.000Z</time>
        <extensions>
          <ns3:TrackPointExtension>
            <ns3:hr>92</ns3:hr>
            <ns3:cad>49</ns3:cad>
          </ns3:TrackPointExtension>
        </extensions>
      </trkpt>
      <trkpt lat="46.7041302658617496490478515625" lon="23.56592662632465362548828125">
        <ele>724.4000244140625</ele>
        <time>2024-10-27T11:48:17.000Z</time>
        <extensions>
          <ns3:TrackPointExtension>
            <ns3:hr>91</ns3:hr>
            <ns3:cad>43</ns3:cad>
          </ns3:TrackPointExtension>
        </extensions>
      </trkpt>
      <trkpt lat="46.70409933663904666900634765625" lon="23.56580282561480998992919921875">
        <ele>724.5999755859375</ele>
        <time>2024-10-27T11:48:25.000Z</time>
        <extensions>
          <ns3:TrackPointExtension>
            <ns3:hr>88</ns3:hr>
            <ns3:cad>46</ns3:cad>
          </ns3:TrackPointExtension>
        </extensions>
      </trkpt>
      <trkpt lat="46.7040943913161754608154296875" lon="23.56577851809561252593994140625">
        <ele>724.5999755859375</ele>
        <time>2024-10-27T11:48:26.000Z</time>
        <extensions>
          <ns3:TrackPointExtension>
            <ns3:hr>88</ns3:hr>
            <ns3:cad>46</ns3:cad>
          </ns3:TrackPointExtension>
        </extensions>
      </trkpt>
      <trkpt lat="46.704082489013671875" lon="23.56571347452700138092041015625">
        <ele>724.5999755859375</ele>
        <time>2024-10-27T11:48:34.000Z</time>
        <extensions>
          <ns3:TrackPointExtension>
            <ns3:hr>87</ns3:hr>
            <ns3:cad>43</ns3:cad>
          </ns3:TrackPointExtension>
        </extensions>
      </trkpt>
      <trkpt lat="46.70408039353787899017333984375" lon="23.565584309399127960205078125">
        <ele>725.5999755859375</ele>
        <time>2024-10-27T11:48:43.000Z</time>
        <extensions>
          <ns3:TrackPointExtension>
            <ns3:hr>88</ns3:hr>
            <ns3:cad>47</ns3:cad>
          </ns3:TrackPointExtension>
        </extensions>
      </trkpt>
      <trkpt lat="46.70407787896692752838134765625" lon="23.56545581482350826263427734375">
        <ele>726.20001220703125</ele>
        <time>2024-10-27T11:48:50.000Z</time>
        <extensions>
          <ns3:TrackPointExtension>
            <ns3:hr>91</ns3:hr>
            <ns3:cad>45</ns3:cad>
          </ns3:TrackPointExtension>
        </extensions>
      </trkpt>
      <trkpt lat="46.7040752805769443511962890625" lon="23.56541968882083892822265625">
        <ele>726.20001220703125</ele>
        <time>2024-10-27T11:48:53.000Z</time>
        <extensions>
          <ns3:TrackPointExtension>
            <ns3:hr>96</ns3:hr>
            <ns3:cad>44</ns3:cad>
          </ns3:TrackPointExtension>
        </extensions>
      </trkpt>
      <trkpt lat="46.704072095453739166259765625" lon="23.5654037632048130035400390625">
        <ele>726.20001220703125</ele>
        <time>2024-10-27T11:48:54.000Z</time>
        <extensions>
          <ns3:TrackPointExtension>
            <ns3:hr>96</ns3:hr>
            <ns3:cad>44</ns3:cad>
          </ns3:TrackPointExtension>
        </extensions>
      </trkpt>
      <trkpt lat="46.70403965748846530914306640625" lon="23.56531717814505100250244140625">
        <ele>726.20001220703125</ele>
        <time>2024-10-27T11:49:01.000Z</time>
        <extensions>
          <ns3:TrackPointExtension>
            <ns3:hr>95</ns3:hr>
            <ns3:cad>45</ns3:cad>
          </ns3:TrackPointExtension>
        </extensions>
      </trkpt>
      <trkpt lat="46.70401585288345813751220703125" lon="23.565285913646221160888671875">
        <ele>726.4000244140625</ele>
        <time>2024-10-27T11:49:05.000Z</time>
        <extensions>
          <ns3:TrackPointExtension>
            <ns3:hr>95</ns3:hr>
            <ns3:cad>45</ns3:cad>
          </ns3:TrackPointExtension>
        </extensions>
      </trkpt>
      <trkpt lat="46.70398450456559658050537109375" lon="23.5651338659226894378662109375">
        <ele>727</ele>
        <time>2024-10-27T11:49:14.000Z</time>
        <extensions>
          <ns3:TrackPointExtension>
            <ns3:hr>95</ns3:hr>
            <ns3:cad>45</ns3:cad>
          </ns3:TrackPointExtension>
        </extensions>
      </trkpt>
      <trkpt lat="46.70395265333354473114013671875" lon="23.56504024006426334381103515625">
        <ele>727.20001220703125</ele>
        <time>2024-10-27T11:49:21.000Z</time>
        <extensions>
          <ns3:TrackPointExtension>
            <ns3:hr>96</ns3:hr>
            <ns3:cad>43</ns3:cad>
          </ns3:TrackPointExtension>
        </extensions>
      </trkpt>
      <trkpt lat="46.70393756590783596038818359375" lon="23.5650024376809597015380859375">
        <ele>727.5999755859375</ele>
        <time>2024-10-27T11:49:24.000Z</time>
        <extensions>
          <ns3:TrackPointExtension>
            <ns3:hr>97</ns3:hr>
            <ns3:cad>42</ns3:cad>
          </ns3:TrackPointExtension>
        </extensions>
      </trkpt>
      <trkpt lat="46.703936643898487091064453125" lon="23.5648827441036701202392578125">
        <ele>728.20001220703125</ele>
        <time>2024-10-27T11:49:33.000Z</time>
        <extensions>
          <ns3:TrackPointExtension>
            <ns3:hr>98</ns3:hr>
            <ns3:cad>44</ns3:cad>
          </ns3:TrackPointExtension>
        </extensions>
      </trkpt>
      <trkpt lat="46.70391929335892200469970703125" lon="23.56483689509332180023193359375">
        <ele>728.20001220703125</ele>
        <time>2024-10-27T11:49:41.000Z</time>
        <extensions>
          <ns3:TrackPointExtension>
            <ns3:hr>100</ns3:hr>
            <ns3:cad>43</ns3:cad>
          </ns3:TrackPointExtension>
        </extensions>
      </trkpt>
      <trkpt lat="46.7039123363792896270751953125" lon="23.56482113711535930633544921875">
        <ele>728.4000244140625</ele>
        <time>2024-10-27T11:49:42.000Z</time>
        <extensions>
          <ns3:TrackPointExtension>
            <ns3:hr>101</ns3:hr>
            <ns3:cad>43</ns3:cad>
          </ns3:TrackPointExtension>
        </extensions>
      </trkpt>
      <trkpt lat="46.7038987576961517333984375" lon="23.56479498557746410369873046875">
        <ele>728.4000244140625</ele>
        <time>2024-10-27T11:49:44.000Z</time>
        <extensions>
          <ns3:TrackPointExtension>
            <ns3:hr>104</ns3:hr>
            <ns3:cad>44</ns3:cad>
          </ns3:TrackPointExtension>
        </extensions>
      </trkpt>
      <trkpt lat="46.70388626866042613983154296875" lon="23.5647130943834781646728515625">
        <ele>728.79998779296875</ele>
        <time>2024-10-27T11:49:49.000Z</time>
        <extensions>
          <ns3:TrackPointExtension>
            <ns3:hr>105</ns3:hr>
            <ns3:cad>45</ns3:cad>
          </ns3:TrackPointExtension>
        </extensions>
      </trkpt>
      <trkpt lat="46.70387470163404941558837890625" lon="23.5645739547908306121826171875">
        <ele>729.4000244140625</ele>
        <time>2024-10-27T11:49:57.000Z</time>
        <extensions>
          <ns3:TrackPointExtension>
            <ns3:hr>105</ns3:hr>
            <ns3:cad>44</ns3:cad>
          </ns3:TrackPointExtension>
        </extensions>
      </trkpt>
      <trkpt lat="46.70386984013020992279052734375" lon="23.56452743522822856903076171875">
        <ele>729.5999755859375</ele>
        <time>2024-10-27T11:49:59.000Z</time>
        <extensions>
          <ns3:TrackPointExtension>
            <ns3:hr>105</ns3:hr>
            <ns3:cad>43</ns3:cad>
          </ns3:TrackPointExtension>
        </extensions>
      </trkpt>
      <trkpt lat="46.70384821482002735137939453125" lon="23.56438024900853633880615234375">
        <ele>729.20001220703125</ele>
        <time>2024-10-27T11:50:10.000Z</time>
        <extensions>
          <ns3:TrackPointExtension>
            <ns3:hr>103</ns3:hr>
            <ns3:cad>45</ns3:cad>
          </ns3:TrackPointExtension>
        </extensions>
      </trkpt>
      <trkpt lat="46.70384352095425128936767578125" lon="23.5642423667013645172119140625">
        <ele>729.20001220703125</ele>
        <time>2024-10-27T11:50:19.000Z</time>
        <extensions>
          <ns3:TrackPointExtension>
            <ns3:hr>105</ns3:hr>
            <ns3:cad>48</ns3:cad>
          </ns3:TrackPointExtension>
        </extensions>
      </trkpt>
      <trkpt lat="46.70383295975625514984130859375" lon="23.56412954628467559814453125">
        <ele>729.20001220703125</ele>
        <time>2024-10-27T11:50:26.000Z</time>
        <extensions>
          <ns3:TrackPointExtension>
            <ns3:hr>102</ns3:hr>
            <ns3:cad>48</ns3:cad>
          </ns3:TrackPointExtension>
        </extensions>
      </trkpt>
      <trkpt lat="46.7038301937282085418701171875" lon="23.56411806307733058929443359375">
        <ele>729.20001220703125</ele>
        <time>2024-10-27T11:50:27.000Z</time>
        <extensions>
          <ns3:TrackPointExtension>
            <ns3:hr>101</ns3:hr>
            <ns3:cad>48</ns3:cad>
          </ns3:TrackPointExtension>
        </extensions>
      </trkpt>
      <trkpt lat="46.7037899605929851531982421875" lon="23.564020581543445587158203125">
        <ele>729.20001220703125</ele>
        <time>2024-10-27T11:50:34.000Z</time>
        <extensions>
          <ns3:TrackPointExtension>
            <ns3:hr>98</ns3:hr>
            <ns3:cad>46</ns3:cad>
          </ns3:TrackPointExtension>
        </extensions>
      </trkpt>
      <trkpt lat="46.7037775553762912750244140625" lon="23.5639818571507930755615234375">
        <ele>729.20001220703125</ele>
        <time>2024-10-27T11:50:36.000Z</time>
        <extensions>
          <ns3:TrackPointExtension>
            <ns3:hr>98</ns3:hr>
            <ns3:cad>48</ns3:cad>
          </ns3:TrackPointExtension>
        </extensions>
      </trkpt>
      <trkpt lat="46.7037141881883144378662109375" lon="23.56386325322091579437255859375">
        <ele>728.79998779296875</ele>
        <time>2024-10-27T11:50:44.000Z</time>
        <extensions>
          <ns3:TrackPointExtension>
            <ns3:hr>97</ns3:hr>
            <ns3:cad>48</ns3:cad>
          </ns3:TrackPointExtension>
        </extensions>
      </trkpt>
      <trkpt lat="46.70369826257228851318359375" lon="23.56384984217584133148193359375">
        <ele>728.4000244140625</ele>
        <time>2024-10-27T11:50:47.000Z</time>
        <extensions>
          <ns3:TrackPointExtension>
            <ns3:hr>96</ns3:hr>
            <ns3:cad>49</ns3:cad>
          </ns3:TrackPointExtension>
        </extensions>
      </trkpt>
      <trkpt lat="46.70367454178631305694580078125" lon="23.56384447775781154632568359375">
        <ele>728.20001220703125</ele>
        <time>2024-10-27T11:50:52.000Z</time>
        <extensions>
          <ns3:TrackPointExtension>
            <ns3:hr>96</ns3:hr>
            <ns3:cad>51</ns3:cad>
          </ns3:TrackPointExtension>
        </extensions>
      </trkpt>
      <trkpt lat="46.70362257398664951324462890625" lon="23.56370248831808567047119140625">
        <ele>727.79998779296875</ele>
        <time>2024-10-27T11:51:02.000Z</time>
        <extensions>
          <ns3:TrackPointExtension>
            <ns3:hr>95</ns3:hr>
            <ns3:cad>48</ns3:cad>
          </ns3:TrackPointExtension>
        </extensions>
      </trkpt>
      <trkpt lat="46.70360145159065723419189453125" lon="23.56366242282092571258544921875">
        <ele>727.4000244140625</ele>
        <time>2024-10-27T11:51:05.000Z</time>
        <extensions>
          <ns3:TrackPointExtension>
            <ns3:hr>95</ns3:hr>
            <ns3:cad>50</ns3:cad>
          </ns3:TrackPointExtension>
        </extensions>
      </trkpt>
      <trkpt lat="46.70354294590651988983154296875" lon="23.56355379335582256317138671875">
        <ele>726.4000244140625</ele>
        <time>2024-10-27T11:51:12.000Z</time>
        <extensions>
          <ns3:TrackPointExtension>
            <ns3:hr>94</ns3:hr>
            <ns3:cad>52</ns3:cad>
          </ns3:TrackPointExtension>
        </extensions>
      </trkpt>
      <trkpt lat="46.7035130225121974945068359375" lon="23.5635141469538211822509765625">
        <ele>726.20001220703125</ele>
        <time>2024-10-27T11:51:15.000Z</time>
        <extensions>
          <ns3:TrackPointExtension>
            <ns3:hr>92</ns3:hr>
            <ns3:cad>50</ns3:cad>
          </ns3:TrackPointExtension>
        </extensions>
      </trkpt>
      <trkpt lat="46.7034768126904964447021484375" lon="23.56347517110407352447509765625">
        <ele>726</ele>
        <time>2024-10-27T11:51:19.000Z</time>
        <extensions>
          <ns3:TrackPointExtension>
            <ns3:hr>92</ns3:hr>
            <ns3:cad>52</ns3:cad>
          </ns3:TrackPointExtension>
        </extensions>
      </trkpt>
      <trkpt lat="46.7034382559359073638916015625" lon="23.5634004883468151092529296875">
        <ele>725.5999755859375</ele>
        <time>2024-10-27T11:51:25.000Z</time>
        <extensions>
          <ns3:TrackPointExtension>
            <ns3:hr>95</ns3:hr>
            <ns3:cad>49</ns3:cad>
          </ns3:TrackPointExtension>
        </extensions>
      </trkpt>
      <trkpt lat="46.703423000872135162353515625" lon="23.563354052603244781494140625">
        <ele>725.5999755859375</ele>
        <time>2024-10-27T11:51:28.000Z</time>
        <extensions>
          <ns3:TrackPointExtension>
            <ns3:hr>98</ns3:hr>
            <ns3:cad>50</ns3:cad>
          </ns3:TrackPointExtension>
        </extensions>
      </trkpt>
      <trkpt lat="46.703396178781986236572265625" lon="23.5632673837244510650634765625">
        <ele>725.5999755859375</ele>
        <time>2024-10-27T11:51:37.000Z</time>
        <extensions>
          <ns3:TrackPointExtension>
            <ns3:hr>101</ns3:hr>
            <ns3:cad>49</ns3:cad>
          </ns3:TrackPointExtension>
        </extensions>
      </trkpt>
      <trkpt lat="46.70334245078265666961669921875" lon="23.5631490312516689300537109375">
        <ele>725.79998779296875</ele>
        <time>2024-10-27T11:51:45.000Z</time>
        <extensions>
          <ns3:TrackPointExtension>
            <ns3:hr>103</ns3:hr>
            <ns3:cad>49</ns3:cad>
          </ns3:TrackPointExtension>
        </extensions>
      </trkpt>
      <trkpt lat="46.70329936780035495758056640625" lon="23.563027493655681610107421875">
        <ele>726.20001220703125</ele>
        <time>2024-10-27T11:51:52.000Z</time>
        <extensions>
          <ns3:TrackPointExtension>
            <ns3:hr>103</ns3:hr>
            <ns3:cad>48</ns3:cad>
          </ns3:TrackPointExtension>
        </extensions>
      </trkpt>
      <trkpt lat="46.70327824540436267852783203125" lon="23.56293738819658756256103515625">
        <ele>726.79998779296875</ele>
        <time>2024-10-27T11:51:59.000Z</time>
        <extensions>
          <ns3:TrackPointExtension>
            <ns3:hr>104</ns3:hr>
            <ns3:cad>48</ns3:cad>
          </ns3:TrackPointExtension>
        </extensions>
      </trkpt>
      <trkpt lat="46.70326148159801959991455078125" lon="23.5628707520663738250732421875">
        <ele>727.20001220703125</ele>
        <time>2024-10-27T11:52:03.000Z</time>
        <extensions>
          <ns3:TrackPointExtension>
            <ns3:hr>106</ns3:hr>
            <ns3:cad>46</ns3:cad>
          </ns3:TrackPointExtension>
        </extensions>
      </trkpt>
      <trkpt lat="46.70324555598199367523193359375" lon="23.56280026026070117950439453125">
        <ele>728</ele>
        <time>2024-10-27T11:52:07.000Z</time>
        <extensions>
          <ns3:TrackPointExtension>
            <ns3:hr>108</ns3:hr>
            <ns3:cad>47</ns3:cad>
          </ns3:TrackPointExtension>
        </extensions>
      </trkpt>
      <trkpt lat="46.70323046855628490447998046875" lon="23.5627513937652111053466796875">
        <ele>728.4000244140625</ele>
        <time>2024-10-27T11:52:10.000Z</time>
        <extensions>
          <ns3:TrackPointExtension>
            <ns3:hr>108</ns3:hr>
            <ns3:cad>45</ns3:cad>
          </ns3:TrackPointExtension>
        </extensions>
      </trkpt>
      <trkpt lat="46.703210771083831787109375" lon="23.56266229413449764251708984375">
        <ele>728.79998779296875</ele>
        <time>2024-10-27T11:52:16.000Z</time>
        <extensions>
          <ns3:TrackPointExtension>
            <ns3:hr>109</ns3:hr>
            <ns3:cad>43</ns3:cad>
          </ns3:TrackPointExtension>
        </extensions>
      </trkpt>
      <trkpt lat="46.70314648188650608062744140625" lon="23.562519885599613189697265625">
        <ele>729.4000244140625</ele>
        <time>2024-10-27T11:52:25.000Z</time>
        <extensions>
          <ns3:TrackPointExtension>
            <ns3:hr>108</ns3:hr>
            <ns3:cad>42</ns3:cad>
          </ns3:TrackPointExtension>
        </extensions>
      </trkpt>
      <trkpt lat="46.70314011164009571075439453125" lon="23.5624603740870952606201171875">
        <ele>729.5999755859375</ele>
        <time>2024-10-27T11:52:31.000Z</time>
        <extensions>
          <ns3:TrackPointExtension>
            <ns3:hr>105</ns3:hr>
            <ns3:cad>43</ns3:cad>
          </ns3:TrackPointExtension>
        </extensions>
      </trkpt>
      <trkpt lat="46.7031301371753215789794921875" lon="23.56243162415921688079833984375">
        <ele>729.5999755859375</ele>
        <time>2024-10-27T11:52:33.000Z</time>
        <extensions>
          <ns3:TrackPointExtension>
            <ns3:hr>103</ns3:hr>
            <ns3:cad>44</ns3:cad>
          </ns3:TrackPointExtension>
        </extensions>
      </trkpt>
      <trkpt lat="46.7030511796474456787109375" lon="23.5623366571962833404541015625">
        <ele>730</ele>
        <time>2024-10-27T11:52:42.000Z</time>
        <extensions>
          <ns3:TrackPointExtension>
            <ns3:hr>101</ns3:hr>
            <ns3:cad>46</ns3:cad>
          </ns3:TrackPointExtension>
        </extensions>
      </trkpt>
      <trkpt lat="46.702993176877498626708984375" lon="23.56223456561565399169921875">
        <ele>730.4000244140625</ele>
        <time>2024-10-27T11:52:51.000Z</time>
        <extensions>
          <ns3:TrackPointExtension>
            <ns3:hr>103</ns3:hr>
            <ns3:cad>45</ns3:cad>
          </ns3:TrackPointExtension>
        </extensions>
      </trkpt>
      <trkpt lat="46.70298789627850055694580078125" lon="23.56222174130380153656005859375">
        <ele>730.4000244140625</ele>
        <time>2024-10-27T11:52:52.000Z</time>
        <extensions>
          <ns3:TrackPointExtension>
            <ns3:hr>103</ns3:hr>
            <ns3:cad>46</ns3:cad>
          </ns3:TrackPointExtension>
        </extensions>
      </trkpt>
      <trkpt lat="46.702953279018402099609375" lon="23.56213398277759552001953125">
        <ele>731</ele>
        <time>2024-10-27T11:53:00.000Z</time>
        <extensions>
          <ns3:TrackPointExtension>
            <ns3:hr>104</ns3:hr>
            <ns3:cad>46</ns3:cad>
          </ns3:TrackPointExtension>
        </extensions>
      </trkpt>
      <trkpt lat="46.7029085196554660797119140625" lon="23.562012948095798492431640625">
        <ele>731.20001220703125</ele>
        <time>2024-10-27T11:53:09.000Z</time>
        <extensions>
          <ns3:TrackPointExtension>
            <ns3:hr>103</ns3:hr>
            <ns3:cad>0</ns3:cad>
          </ns3:TrackPointExtension>
        </extensions>
      </trkpt>
      <trkpt lat="46.7028635926544666290283203125" lon="23.56193139217793941497802734375">
        <ele>731.5999755859375</ele>
        <time>2024-10-27T11:53:14.000Z</time>
        <extensions>
          <ns3:TrackPointExtension>
            <ns3:hr>103</ns3:hr>
            <ns3:cad>0</ns3:cad>
          </ns3:TrackPointExtension>
        </extensions>
      </trkpt>
      <trkpt lat="46.70283383689820766448974609375" lon="23.561877496540546417236328125">
        <ele>731.5999755859375</ele>
        <time>2024-10-27T11:53:18.000Z</time>
        <extensions>
          <ns3:TrackPointExtension>
            <ns3:hr>102</ns3:hr>
            <ns3:cad>47</ns3:cad>
          </ns3:TrackPointExtension>
        </extensions>
      </trkpt>
      <trkpt lat="46.7027636803686618804931640625" lon="23.56178621761500835418701171875">
        <ele>731.4000244140625</ele>
        <time>2024-10-27T11:53:28.000Z</time>
        <extensions>
          <ns3:TrackPointExtension>
            <ns3:hr>101</ns3:hr>
            <ns3:cad>0</ns3:cad>
          </ns3:TrackPointExtension>
        </extensions>
      </trkpt>
      <trkpt lat="46.7027043364942073822021484375" lon="23.56166593730449676513671875">
        <ele>731.20001220703125</ele>
        <time>2024-10-27T11:53:35.000Z</time>
        <extensions>
          <ns3:TrackPointExtension>
            <ns3:hr>102</ns3:hr>
            <ns3:cad>47</ns3:cad>
          </ns3:TrackPointExtension>
        </extensions>
      </trkpt>
      <trkpt lat="46.702676005661487579345703125" lon="23.561564348638057708740234375">
        <ele>731.4000244140625</ele>
        <time>2024-10-27T11:53:43.000Z</time>
        <extensions>
          <ns3:TrackPointExtension>
            <ns3:hr>100</ns3:hr>
            <ns3:cad>49</ns3:cad>
          </ns3:TrackPointExtension>
        </extensions>
      </trkpt>
      <trkpt lat="46.7026527039706707000732421875" lon="23.561481200158596038818359375">
        <ele>731.4000244140625</ele>
        <time>2024-10-27T11:53:48.000Z</time>
        <extensions>
          <ns3:TrackPointExtension>
            <ns3:hr>97</ns3:hr>
            <ns3:cad>49</ns3:cad>
          </ns3:TrackPointExtension>
        </extensions>
      </trkpt>
      <trkpt lat="46.70263183303177356719970703125" lon="23.56143987737596035003662109375">
        <ele>731.20001220703125</ele>
        <time>2024-10-27T11:53:51.000Z</time>
        <extensions>
          <ns3:TrackPointExtension>
            <ns3:hr>95</ns3:hr>
            <ns3:cad>48</ns3:cad>
          </ns3:TrackPointExtension>
        </extensions>
      </trkpt>
      <trkpt lat="46.702595539391040802001953125" lon="23.56139838695526123046875">
        <ele>730.79998779296875</ele>
        <time>2024-10-27T11:53:54.000Z</time>
        <extensions>
          <ns3:TrackPointExtension>
            <ns3:hr>92</ns3:hr>
            <ns3:cad>49</ns3:cad>
          </ns3:TrackPointExtension>
        </extensions>
      </trkpt>
      <trkpt lat="46.7025524564087390899658203125" lon="23.56136812828481197357177734375">
        <ele>730.4000244140625</ele>
        <time>2024-10-27T11:53:59.000Z</time>
        <extensions>
          <ns3:TrackPointExtension>
            <ns3:hr>91</ns3:hr>
            <ns3:cad>49</ns3:cad>
          </ns3:TrackPointExtension>
        </extensions>
      </trkpt>
      <trkpt lat="46.70247727073729038238525390625" lon="23.561208955943584442138671875">
        <ele>729.5999755859375</ele>
        <time>2024-10-27T11:54:10.000Z</time>
        <extensions>
          <ns3:TrackPointExtension>
            <ns3:hr>90</ns3:hr>
            <ns3:cad>48</ns3:cad>
          </ns3:TrackPointExtension>
        </extensions>
      </trkpt>
      <trkpt lat="46.70246805064380168914794921875" lon="23.5612010769546031951904296875">
        <ele>729.20001220703125</ele>
        <time>2024-10-27T11:54:13.000Z</time>
        <extensions>
          <ns3:TrackPointExtension>
            <ns3:hr>90</ns3:hr>
            <ns3:cad>49</ns3:cad>
          </ns3:TrackPointExtension>
        </extensions>
      </trkpt>
      <trkpt lat="46.70244508422911167144775390625" lon="23.56115841306746006011962890625">
        <ele>728.4000244140625</ele>
        <time>2024-10-27T11:54:18.000Z</time>
        <extensions>
          <ns3:TrackPointExtension>
            <ns3:hr>92</ns3:hr>
            <ns3:cad>50</ns3:cad>
          </ns3:TrackPointExtension>
        </extensions>
      </trkpt>
      <trkpt lat="46.70243971981108188629150390625" lon="23.56114617548882961273193359375">
        <ele>728.20001220703125</ele>
        <time>2024-10-27T11:54:19.000Z</time>
        <extensions>
          <ns3:TrackPointExtension>
            <ns3:hr>92</ns3:hr>
            <ns3:cad>49</ns3:cad>
          </ns3:TrackPointExtension>
        </extensions>
      </trkpt>
      <trkpt lat="46.7024186812341213226318359375" lon="23.56108523905277252197265625">
        <ele>728</ele>
        <time>2024-10-27T11:54:23.000Z</time>
        <extensions>
          <ns3:TrackPointExtension>
            <ns3:hr>89</ns3:hr>
            <ns3:cad>51</ns3:cad>
          </ns3:TrackPointExtension>
        </extensions>
      </trkpt>
      <trkpt lat="46.70238138176500797271728515625" lon="23.5609866678714752197265625">
        <ele>727.4000244140625</ele>
        <time>2024-10-27T11:54:29.000Z</time>
        <extensions>
          <ns3:TrackPointExtension>
            <ns3:hr>87</ns3:hr>
            <ns3:cad>51</ns3:cad>
          </ns3:TrackPointExtension>
        </extensions>
      </trkpt>
      <trkpt lat="46.702368557453155517578125" lon="23.56095875613391399383544921875">
        <ele>727</ele>
        <time>2024-10-27T11:54:31.000Z</time>
        <extensions>
          <ns3:TrackPointExtension>
            <ns3:hr>87</ns3:hr>
            <ns3:cad>51</ns3:cad>
          </ns3:TrackPointExtension>
        </extensions>
      </trkpt>
      <trkpt lat="46.7023191042244434356689453125" lon="23.56088700704276561737060546875">
        <ele>726.20001220703125</ele>
        <time>2024-10-27T11:54:38.000Z</time>
        <extensions>
          <ns3:TrackPointExtension>
            <ns3:hr>87</ns3:hr>
            <ns3:cad>51</ns3:cad>
          </ns3:TrackPointExtension>
        </extensions>
      </trkpt>
      <trkpt lat="46.70230460353195667266845703125" lon="23.56086152605712413787841796875">
        <ele>726</ele>
        <time>2024-10-27T11:54:40.000Z</time>
        <extensions>
          <ns3:TrackPointExtension>
            <ns3:hr>87</ns3:hr>
            <ns3:cad>50</ns3:cad>
          </ns3:TrackPointExtension>
        </extensions>
      </trkpt>
      <trkpt lat="46.70226193964481353759765625" lon="23.5607759468257427215576171875">
        <ele>725.20001220703125</ele>
        <time>2024-10-27T11:54:48.000Z</time>
        <extensions>
          <ns3:TrackPointExtension>
            <ns3:hr>86</ns3:hr>
            <ns3:cad>50</ns3:cad>
          </ns3:TrackPointExtension>
        </extensions>
      </trkpt>
      <trkpt lat="46.7022450082004070281982421875" lon="23.56074317358434200286865234375">
        <ele>725</ele>
        <time>2024-10-27T11:54:50.000Z</time>
        <extensions>
          <ns3:TrackPointExtension>
            <ns3:hr>87</ns3:hr>
            <ns3:cad>51</ns3:cad>
          </ns3:TrackPointExtension>
        </extensions>
      </trkpt>
      <trkpt lat="46.702205948531627655029296875" lon="23.560681231319904327392578125">
        <ele>724.5999755859375</ele>
        <time>2024-10-27T11:54:56.000Z</time>
        <extensions>
          <ns3:TrackPointExtension>
            <ns3:hr>87</ns3:hr>
            <ns3:cad>48</ns3:cad>
          </ns3:TrackPointExtension>
        </extensions>
      </trkpt>
      <trkpt lat="46.70213478617370128631591796875" lon="23.5606022737920284271240234375">
        <ele>724</ele>
        <time>2024-10-27T11:55:04.000Z</time>
        <extensions>
          <ns3:TrackPointExtension>
            <ns3:hr>86</ns3:hr>
            <ns3:cad>50</ns3:cad>
          </ns3:TrackPointExtension>
        </extensions>
      </trkpt>
      <trkpt lat="46.702073514461517333984375" lon="23.56053806841373443603515625">
        <ele>723.5999755859375</ele>
        <time>2024-10-27T11:55:12.000Z</time>
        <extensions>
          <ns3:TrackPointExtension>
            <ns3:hr>86</ns3:hr>
            <ns3:cad>50</ns3:cad>
          </ns3:TrackPointExtension>
        </extensions>
      </trkpt>
      <trkpt lat="46.7020039446651935577392578125" lon="23.56047905981540679931640625">
        <ele>722.79998779296875</ele>
        <time>2024-10-27T11:55:18.000Z</time>
        <extensions>
          <ns3:TrackPointExtension>
            <ns3:hr>86</ns3:hr>
            <ns3:cad>49</ns3:cad>
          </ns3:TrackPointExtension>
        </extensions>
      </trkpt>
      <trkpt lat="46.70197360217571258544921875" lon="23.56046623550355434417724609375">
        <ele>722.5999755859375</ele>
        <time>2024-10-27T11:55:21.000Z</time>
        <extensions>
          <ns3:TrackPointExtension>
            <ns3:hr>86</ns3:hr>
            <ns3:cad>51</ns3:cad>
          </ns3:TrackPointExtension>
        </extensions>
      </trkpt>
      <trkpt lat="46.7018862627446651458740234375" lon="23.56042449362576007843017578125">
        <ele>721.5999755859375</ele>
        <time>2024-10-27T11:55:28.000Z</time>
        <extensions>
          <ns3:TrackPointExtension>
            <ns3:hr>88</ns3:hr>
            <ns3:cad>53</ns3:cad>
          </ns3:TrackPointExtension>
        </extensions>
      </trkpt>
      <trkpt lat="46.70187645591795444488525390625" lon="23.5604158602654933929443359375">
        <ele>721.5999755859375</ele>
        <time>2024-10-27T11:55:29.000Z</time>
        <extensions>
          <ns3:TrackPointExtension>
            <ns3:hr>89</ns3:hr>
            <ns3:cad>54</ns3:cad>
          </ns3:TrackPointExtension>
        </extensions>
      </trkpt>
      <trkpt lat="46.70185558497905731201171875" lon="23.5603910498321056365966796875">
        <ele>721.20001220703125</ele>
        <time>2024-10-27T11:55:32.000Z</time>
        <extensions>
          <ns3:TrackPointExtension>
            <ns3:hr>92</ns3:hr>
            <ns3:cad>53</ns3:cad>
          </ns3:TrackPointExtension>
        </extensions>
      </trkpt>
      <trkpt lat="46.70182281173765659332275390625" lon="23.56032550334930419921875">
        <ele>720.79998779296875</ele>
        <time>2024-10-27T11:55:36.000Z</time>
        <extensions>
          <ns3:TrackPointExtension>
            <ns3:hr>92</ns3:hr>
            <ns3:cad>52</ns3:cad>
          </ns3:TrackPointExtension>
        </extensions>
      </trkpt>
      <trkpt lat="46.7018208838999271392822265625" lon="23.5603055544197559356689453125">
        <ele>720.4000244140625</ele>
        <time>2024-10-27T11:55:37.000Z</time>
        <extensions>
          <ns3:TrackPointExtension>
            <ns3:hr>91</ns3:hr>
            <ns3:cad>52</ns3:cad>
          </ns3:TrackPointExtension>
        </extensions>
      </trkpt>
      <trkpt lat="46.70182381756603717803955078125" lon="23.56027261354029178619384765625">
        <ele>720.4000244140625</ele>
        <time>2024-10-27T11:55:39.000Z</time>
        <extensions>
          <ns3:TrackPointExtension>
            <ns3:hr>92</ns3:hr>
            <ns3:cad>51</ns3:cad>
          </ns3:TrackPointExtension>
        </extensions>
      </trkpt>
      <trkpt lat="46.7018307745456695556640625" lon="23.56018141843378543853759765625">
        <ele>720</ele>
        <time>2024-10-27T11:55:43.000Z</time>
        <extensions>
          <ns3:TrackPointExtension>
            <ns3:hr>92</ns3:hr>
            <ns3:cad>50</ns3:cad>
          </ns3:TrackPointExtension>
        </extensions>
      </trkpt>
      <trkpt lat="46.701865978538990020751953125" lon="23.56006038375198841094970703125">
        <ele>721</ele>
        <time>2024-10-27T11:55:53.000Z</time>
        <extensions>
          <ns3:TrackPointExtension>
            <ns3:hr>92</ns3:hr>
            <ns3:cad>42</ns3:cad>
          </ns3:TrackPointExtension>
        </extensions>
      </trkpt>
      <trkpt lat="46.70186170376837253570556640625" lon="23.56003959663212299346923828125">
        <ele>721.4000244140625</ele>
        <time>2024-10-27T11:55:56.000Z</time>
        <extensions>
          <ns3:TrackPointExtension>
            <ns3:hr>92</ns3:hr>
            <ns3:cad>78</ns3:cad>
          </ns3:TrackPointExtension>
        </extensions>
      </trkpt>
      <trkpt lat="46.7018601112067699432373046875" lon="23.56001394800841808319091796875">
        <ele>722</ele>
        <time>2024-10-27T11:55:58.000Z</time>
        <extensions>
          <ns3:TrackPointExtension>
            <ns3:hr>96</ns3:hr>
            <ns3:cad>76</ns3:cad>
          </ns3:TrackPointExtension>
        </extensions>
      </trkpt>
      <trkpt lat="46.7018594406545162200927734375" lon="23.55997539125382900238037109375">
        <ele>722.4000244140625</ele>
        <time>2024-10-27T11:56:01.000Z</time>
        <extensions>
          <ns3:TrackPointExtension>
            <ns3:hr>99</ns3:hr>
            <ns3:cad>76</ns3:cad>
          </ns3:TrackPointExtension>
        </extensions>
      </trkpt>
      <trkpt lat="46.7018567584455013275146484375" lon="23.5599629022181034088134765625">
        <ele>722.5999755859375</ele>
        <time>2024-10-27T11:56:02.000Z</time>
        <extensions>
          <ns3:TrackPointExtension>
            <ns3:hr>99</ns3:hr>
            <ns3:cad>76</ns3:cad>
          </ns3:TrackPointExtension>
        </extensions>
      </trkpt>
      <trkpt lat="46.70185348950326442718505859375" lon="23.5599478147923946380615234375">
        <ele>722.5999755859375</ele>
        <time>2024-10-27T11:56:03.000Z</time>
        <extensions>
          <ns3:TrackPointExtension>
            <ns3:hr>100</ns3:hr>
            <ns3:cad>41</ns3:cad>
          </ns3:TrackPointExtension>
        </extensions>
      </trkpt>
      <trkpt lat="46.70183949172496795654296875" lon="23.55990783311426639556884765625">
        <ele>722.79998779296875</ele>
        <time>2024-10-27T11:56:06.000Z</time>
        <extensions>
          <ns3:TrackPointExtension>
            <ns3:hr>103</ns3:hr>
            <ns3:cad>43</ns3:cad>
          </ns3:TrackPointExtension>
        </extensions>
      </trkpt>
      <trkpt lat="46.70179783366620540618896484375" lon="23.559865169227123260498046875">
        <ele>723.20001220703125</ele>
        <time>2024-10-27T11:56:13.000Z</time>
        <extensions>
          <ns3:TrackPointExtension>
            <ns3:hr>105</ns3:hr>
            <ns3:cad>46</ns3:cad>
          </ns3:TrackPointExtension>
        </extensions>
      </trkpt>
      <trkpt lat="46.70174703933298587799072265625" lon="23.55985569767653942108154296875">
        <ele>723.5999755859375</ele>
        <time>2024-10-27T11:56:17.000Z</time>
        <extensions>
          <ns3:TrackPointExtension>
            <ns3:hr>106</ns3:hr>
            <ns3:cad>45</ns3:cad>
          </ns3:TrackPointExtension>
        </extensions>
      </trkpt>
      <trkpt lat="46.701708398759365081787109375" lon="23.5598601400852203369140625">
        <ele>723.79998779296875</ele>
        <time>2024-10-27T11:56:21.000Z</time>
        <extensions>
          <ns3:TrackPointExtension>
            <ns3:hr>107</ns3:hr>
            <ns3:cad>44</ns3:cad>
          </ns3:TrackPointExtension>
        </extensions>
      </trkpt>
      <trkpt lat="46.70169004239141941070556640625" lon="23.55981613509356975555419921875">
        <ele>724.79998779296875</ele>
        <time>2024-10-27T11:56:27.000Z</time>
        <extensions>
          <ns3:TrackPointExtension>
            <ns3:hr>107</ns3:hr>
            <ns3:cad>46</ns3:cad>
          </ns3:TrackPointExtension>
        </extensions>
      </trkpt>
      <trkpt lat="46.7016837559640407562255859375" lon="23.55980372987687587738037109375">
        <ele>725</ele>
        <time>2024-10-27T11:56:28.000Z</time>
        <extensions>
          <ns3:TrackPointExtension>
            <ns3:hr>107</ns3:hr>
            <ns3:cad>46</ns3:cad>
          </ns3:TrackPointExtension>
        </extensions>
      </trkpt>
      <trkpt lat="46.70166841708123683929443359375" lon="23.559748828411102294921875">
        <ele>725.79998779296875</ele>
        <time>2024-10-27T11:56:33.000Z</time>
        <extensions>
          <ns3:TrackPointExtension>
            <ns3:hr>107</ns3:hr>
            <ns3:cad>44</ns3:cad>
          </ns3:TrackPointExtension>
        </extensions>
      </trkpt>
      <trkpt lat="46.7016322910785675048828125" lon="23.55969342403113842010498046875">
        <ele>726.4000244140625</ele>
        <time>2024-10-27T11:56:38.000Z</time>
        <extensions>
          <ns3:TrackPointExtension>
            <ns3:hr>107</ns3:hr>
            <ns3:cad>44</ns3:cad>
          </ns3:TrackPointExtension>
        </extensions>
      </trkpt>
      <trkpt lat="46.70160479843616485595703125" lon="23.55964112095534801483154296875">
        <ele>726.79998779296875</ele>
        <time>2024-10-27T11:56:42.000Z</time>
        <extensions>
          <ns3:TrackPointExtension>
            <ns3:hr>107</ns3:hr>
            <ns3:cad>44</ns3:cad>
          </ns3:TrackPointExtension>
        </extensions>
      </trkpt>
      <trkpt lat="46.701580993831157684326171875" lon="23.5595169849693775177001953125">
        <ele>727.4000244140625</ele>
        <time>2024-10-27T11:56:48.000Z</time>
        <extensions>
          <ns3:TrackPointExtension>
            <ns3:hr>109</ns3:hr>
            <ns3:cad>43</ns3:cad>
          </ns3:TrackPointExtension>
        </extensions>
      </trkpt>
      <trkpt lat="46.70157923363149166107177734375" lon="23.5594737343490123748779296875">
        <ele>728</ele>
        <time>2024-10-27T11:56:51.000Z</time>
        <extensions>
          <ns3:TrackPointExtension>
            <ns3:hr>109</ns3:hr>
            <ns3:cad>42</ns3:cad>
          </ns3:TrackPointExtension>
        </extensions>
      </trkpt>
      <trkpt lat="46.7016063071787357330322265625" lon="23.55938932858407497406005859375">
        <ele>728.4000244140625</ele>
        <time>2024-10-27T11:56:58.000Z</time>
        <extensions>
          <ns3:TrackPointExtension>
            <ns3:hr>110</ns3:hr>
            <ns3:cad>43</ns3:cad>
          </ns3:TrackPointExtension>
        </extensions>
      </trkpt>
      <trkpt lat="46.7016026191413402557373046875" lon="23.5592901706695556640625">
        <ele>729</ele>
        <time>2024-10-27T11:57:05.000Z</time>
        <extensions>
          <ns3:TrackPointExtension>
            <ns3:hr>110</ns3:hr>
            <ns3:cad>43</ns3:cad>
          </ns3:TrackPointExtension>
        </extensions>
      </trkpt>
      <trkpt lat="46.7015975899994373321533203125" lon="23.5592578165233135223388671875">
        <ele>729.20001220703125</ele>
        <time>2024-10-27T11:57:07.000Z</time>
        <extensions>
          <ns3:TrackPointExtension>
            <ns3:hr>110</ns3:hr>
            <ns3:cad>43</ns3:cad>
          </ns3:TrackPointExtension>
        </extensions>
      </trkpt>
      <trkpt lat="46.701606810092926025390625" lon="23.55911373160779476165771484375">
        <ele>730</ele>
        <time>2024-10-27T11:57:15.000Z</time>
        <extensions>
          <ns3:TrackPointExtension>
            <ns3:hr>111</ns3:hr>
            <ns3:cad>42</ns3:cad>
          </ns3:TrackPointExtension>
        </extensions>
      </trkpt>
      <trkpt lat="46.70164779759943485260009765625" lon="23.55898506939411163330078125">
        <ele>730.5999755859375</ele>
        <time>2024-10-27T11:57:24.000Z</time>
        <extensions>
          <ns3:TrackPointExtension>
            <ns3:hr>113</ns3:hr>
            <ns3:cad>43</ns3:cad>
          </ns3:TrackPointExtension>
        </extensions>
      </trkpt>
      <trkpt lat="46.7017085663974285125732421875" lon="23.55888088233768939971923828125">
        <ele>730.4000244140625</ele>
        <time>2024-10-27T11:57:34.000Z</time>
        <extensions>
          <ns3:TrackPointExtension>
            <ns3:hr>110</ns3:hr>
            <ns3:cad>46</ns3:cad>
          </ns3:TrackPointExtension>
        </extensions>
      </trkpt>
      <trkpt lat="46.70171569101512432098388671875" lon="23.558870740234851837158203125">
        <ele>730.4000244140625</ele>
        <time>2024-10-27T11:57:35.000Z</time>
        <extensions>
          <ns3:TrackPointExtension>
            <ns3:hr>110</ns3:hr>
            <ns3:cad>46</ns3:cad>
          </ns3:TrackPointExtension>
        </extensions>
      </trkpt>
      <trkpt lat="46.7017246596515178680419921875" lon="23.55879463255405426025390625">
        <ele>730</ele>
        <time>2024-10-27T11:57:43.000Z</time>
        <extensions>
          <ns3:TrackPointExtension>
            <ns3:hr>107</ns3:hr>
            <ns3:cad>48</ns3:cad>
          </ns3:TrackPointExtension>
        </extensions>
      </trkpt>
      <trkpt lat="46.7017306946218013763427734375" lon="23.558764792978763580322265625">
        <ele>729.5999755859375</ele>
        <time>2024-10-27T11:57:45.000Z</time>
        <extensions>
          <ns3:TrackPointExtension>
            <ns3:hr>107</ns3:hr>
            <ns3:cad>47</ns3:cad>
          </ns3:TrackPointExtension>
        </extensions>
      </trkpt>
      <trkpt lat="46.70173496939241886138916015625" lon="23.558720536530017852783203125">
        <ele>729.5999755859375</ele>
        <time>2024-10-27T11:57:48.000Z</time>
        <extensions>
          <ns3:TrackPointExtension>
            <ns3:hr>104</ns3:hr>
            <ns3:cad>50</ns3:cad>
          </ns3:TrackPointExtension>
        </extensions>
      </trkpt>
      <trkpt lat="46.7017474584281444549560546875" lon="23.55863395147025585174560546875">
        <ele>729.5999755859375</ele>
        <time>2024-10-27T11:57:52.000Z</time>
        <extensions>
          <ns3:TrackPointExtension>
            <ns3:hr>101</ns3:hr>
            <ns3:cad>50</ns3:cad>
          </ns3:TrackPointExtension>
        </extensions>
      </trkpt>
      <trkpt lat="46.70174972154200077056884765625" lon="23.5586224682629108428955078125">
        <ele>729.5999755859375</ele>
        <time>2024-10-27T11:57:53.000Z</time>
        <extensions>
          <ns3:TrackPointExtension>
            <ns3:hr>102</ns3:hr>
            <ns3:cad>50</ns3:cad>
          </ns3:TrackPointExtension>
        </extensions>
      </trkpt>
      <trkpt lat="46.7017846740782260894775390625" lon="23.55847687460482120513916015625">
        <ele>729.5999755859375</ele>
        <time>2024-10-27T11:58:02.000Z</time>
        <extensions>
          <ns3:TrackPointExtension>
            <ns3:hr>103</ns3:hr>
            <ns3:cad>50</ns3:cad>
          </ns3:TrackPointExtension>
        </extensions>
      </trkpt>
      <trkpt lat="46.70182582922279834747314453125" lon="23.55832683853805065155029296875">
        <ele>729.4000244140625</ele>
        <time>2024-10-27T11:58:11.000Z</time>
        <extensions>
          <ns3:TrackPointExtension>
            <ns3:hr>101</ns3:hr>
            <ns3:cad>48</ns3:cad>
          </ns3:TrackPointExtension>
        </extensions>
      </trkpt>
      <trkpt lat="46.70183052308857440948486328125" lon="23.55825760401785373687744140625">
        <ele>729</ele>
        <time>2024-10-27T11:58:15.000Z</time>
        <extensions>
          <ns3:TrackPointExtension>
            <ns3:hr>98</ns3:hr>
            <ns3:cad>50</ns3:cad>
          </ns3:TrackPointExtension>
        </extensions>
      </trkpt>
      <trkpt lat="46.70184326358139514923095703125" lon="23.5581742040812969207763671875">
        <ele>728.79998779296875</ele>
        <time>2024-10-27T11:58:21.000Z</time>
        <extensions>
          <ns3:TrackPointExtension>
            <ns3:hr>96</ns3:hr>
            <ns3:cad>49</ns3:cad>
          </ns3:TrackPointExtension>
        </extensions>
      </trkpt>
      <trkpt lat="46.70185566879808902740478515625" lon="23.55810262262821197509765625">
        <ele>728.79998779296875</ele>
        <time>2024-10-27T11:58:25.000Z</time>
        <extensions>
          <ns3:TrackPointExtension>
            <ns3:hr>93</ns3:hr>
            <ns3:cad>47</ns3:cad>
          </ns3:TrackPointExtension>
        </extensions>
      </trkpt>
      <trkpt lat="46.70186187140643596649169921875" lon="23.5580451227724552154541015625">
        <ele>728.5999755859375</ele>
        <time>2024-10-27T11:58:28.000Z</time>
        <extensions>
          <ns3:TrackPointExtension>
            <ns3:hr>90</ns3:hr>
            <ns3:cad>47</ns3:cad>
          </ns3:TrackPointExtension>
        </extensions>
      </trkpt>
      <trkpt lat="46.70186840929090976715087890625" lon="23.5579800792038440704345703125">
        <ele>728.20001220703125</ele>
        <time>2024-10-27T11:58:32.000Z</time>
        <extensions>
          <ns3:TrackPointExtension>
            <ns3:hr>89</ns3:hr>
            <ns3:cad>48</ns3:cad>
          </ns3:TrackPointExtension>
        </extensions>
      </trkpt>
      <trkpt lat="46.70187293551862239837646484375" lon="23.55791210196912288665771484375">
        <ele>728</ele>
        <time>2024-10-27T11:58:37.000Z</time>
        <extensions>
          <ns3:TrackPointExtension>
            <ns3:hr>88</ns3:hr>
            <ns3:cad>50</ns3:cad>
          </ns3:TrackPointExtension>
        </extensions>
      </trkpt>
      <trkpt lat="46.701855249702930450439453125" lon="23.5578154586255550384521484375">
        <ele>727.4000244140625</ele>
        <time>2024-10-27T11:58:43.000Z</time>
        <extensions>
          <ns3:TrackPointExtension>
            <ns3:hr>89</ns3:hr>
            <ns3:cad>50</ns3:cad>
          </ns3:TrackPointExtension>
        </extensions>
      </trkpt>
      <trkpt lat="46.7018306069076061248779296875" lon="23.55765813030302524566650390625">
        <ele>727</ele>
        <time>2024-10-27T11:58:52.000Z</time>
        <extensions>
          <ns3:TrackPointExtension>
            <ns3:hr>93</ns3:hr>
            <ns3:cad>49</ns3:cad>
          </ns3:TrackPointExtension>
        </extensions>
      </trkpt>
      <trkpt lat="46.70183085836470127105712890625" lon="23.55763315223157405853271484375">
        <ele>727</ele>
        <time>2024-10-27T11:58:54.000Z</time>
        <extensions>
          <ns3:TrackPointExtension>
            <ns3:hr>97</ns3:hr>
            <ns3:cad>50</ns3:cad>
          </ns3:TrackPointExtension>
        </extensions>
      </trkpt>
      <trkpt lat="46.70181409455835819244384765625" lon="23.5574831999838352203369140625">
        <ele>726.4000244140625</ele>
        <time>2024-10-27T11:59:03.000Z</time>
        <extensions>
          <ns3:TrackPointExtension>
            <ns3:hr>99</ns3:hr>
            <ns3:cad>50</ns3:cad>
          </ns3:TrackPointExtension>
        </extensions>
      </trkpt>
      <trkpt lat="46.7017529904842376708984375" lon="23.557384125888347625732421875">
        <ele>726.20001220703125</ele>
        <time>2024-10-27T11:59:11.000Z</time>
        <extensions>
          <ns3:TrackPointExtension>
            <ns3:hr>95</ns3:hr>
            <ns3:cad>49</ns3:cad>
          </ns3:TrackPointExtension>
        </extensions>
      </trkpt>
      <trkpt lat="46.7017112486064434051513671875" lon="23.5573397018015384674072265625">
        <ele>726.20001220703125</ele>
        <time>2024-10-27T11:59:15.000Z</time>
        <extensions>
          <ns3:TrackPointExtension>
            <ns3:hr>92</ns3:hr>
            <ns3:cad>48</ns3:cad>
          </ns3:TrackPointExtension>
        </extensions>
      </trkpt>
      <trkpt lat="46.70173765160143375396728515625" lon="23.5573578067123889923095703125">
        <ele>726.20001220703125</ele>
        <time>2024-10-27T11:59:19.000Z</time>
        <extensions>
          <ns3:TrackPointExtension>
            <ns3:hr>92</ns3:hr>
            <ns3:cad>0</ns3:cad>
          </ns3:TrackPointExtension>
        </extensions>
      </trkpt>
      <trkpt lat="46.70182205736637115478515625" lon="23.55744204483926296234130859375">
        <ele>726</ele>
        <time>2024-10-27T11:59:27.000Z</time>
        <extensions>
          <ns3:TrackPointExtension>
            <ns3:hr>92</ns3:hr>
            <ns3:cad>48</ns3:cad>
          </ns3:TrackPointExtension>
        </extensions>
      </trkpt>
      <trkpt lat="46.70184242539107799530029296875" lon="23.55743500404059886932373046875">
        <ele>726</ele>
        <time>2024-10-27T11:59:29.000Z</time>
        <extensions>
          <ns3:TrackPointExtension>
            <ns3:hr>91</ns3:hr>
            <ns3:cad>48</ns3:cad>
          </ns3:TrackPointExtension>
        </extensions>
      </trkpt>
      <trkpt lat="46.7018460296094417572021484375" lon="23.5574205033481121063232421875">
        <ele>726</ele>
        <time>2024-10-27T11:59:30.000Z</time>
        <extensions>
          <ns3:TrackPointExtension>
            <ns3:hr>91</ns3:hr>
            <ns3:cad>47</ns3:cad>
          </ns3:TrackPointExtension>
        </extensions>
      </trkpt>
      <trkpt lat="46.70183706097304821014404296875" lon="23.55739049613475799560546875">
        <ele>725.5999755859375</ele>
        <time>2024-10-27T11:59:33.000Z</time>
        <extensions>
          <ns3:TrackPointExtension>
            <ns3:hr>91</ns3:hr>
            <ns3:cad>0</ns3:cad>
          </ns3:TrackPointExtension>
        </extensions>
      </trkpt>
      <trkpt lat="46.70183085836470127105712890625" lon="23.557388149201869964599609375">
        <ele>725.5999755859375</ele>
        <time>2024-10-27T11:59:34.000Z</time>
        <extensions>
          <ns3:TrackPointExtension>
            <ns3:hr>91</ns3:hr>
            <ns3:cad>0</ns3:cad>
          </ns3:TrackPointExtension>
        </extensions>
      </trkpt>
      <trkpt lat="46.7018215544521808624267578125" lon="23.557392172515392303466796875">
        <ele>725.5999755859375</ele>
        <time>2024-10-27T11:59:35.000Z</time>
        <extensions>
          <ns3:TrackPointExtension>
            <ns3:hr>90</ns3:hr>
            <ns3:cad>0</ns3:cad>
          </ns3:TrackPointExtension>
        </extensions>
      </trkpt>
      <trkpt lat="46.70176799409091472625732421875" lon="23.55741270817816257476806640625">
        <ele>725.5999755859375</ele>
        <time>2024-10-27T11:59:42.000Z</time>
        <extensions>
          <ns3:TrackPointExtension>
            <ns3:hr>87</ns3:hr>
            <ns3:cad>0</ns3:cad>
          </ns3:TrackPointExtension>
        </extensions>
      </trkpt>
      <trkpt lat="46.701709739863872528076171875" lon="23.55738420970737934112548828125">
        <ele>725.79998779296875</ele>
        <time>2024-10-27T11:59:47.000Z</time>
        <extensions>
          <ns3:TrackPointExtension>
            <ns3:hr>90</ns3:hr>
            <ns3:cad>41</ns3:cad>
          </ns3:TrackPointExtension>
        </extensions>
      </trkpt>
      <trkpt lat="46.70168182812631130218505859375" lon="23.5573467426002025604248046875">
        <ele>725.5999755859375</ele>
        <time>2024-10-27T11:59:50.000Z</time>
        <extensions>
          <ns3:TrackPointExtension>
            <ns3:hr>92</ns3:hr>
            <ns3:cad>46</ns3:cad>
          </ns3:TrackPointExtension>
        </extensions>
      </trkpt>
      <trkpt lat="46.70163790695369243621826171875" lon="23.55721338652074337005615234375">
        <ele>725.5999755859375</ele>
        <time>2024-10-27T11:59:58.000Z</time>
        <extensions>
          <ns3:TrackPointExtension>
            <ns3:hr>93</ns3:hr>
            <ns3:cad>47</ns3:cad>
          </ns3:TrackPointExtension>
        </extensions>
      </trkpt>
      <trkpt lat="46.70158510096371173858642578125" lon="23.5570679605007171630859375">
        <ele>725.5999755859375</ele>
        <time>2024-10-27T12:00:08.000Z</time>
        <extensions>
          <ns3:TrackPointExtension>
            <ns3:hr>95</ns3:hr>
            <ns3:cad>47</ns3:cad>
          </ns3:TrackPointExtension>
        </extensions>
      </trkpt>
      <trkpt lat="46.70153983868658542633056640625" lon="23.55698556639254093170166015625">
        <ele>725.79998779296875</ele>
        <time>2024-10-27T12:00:15.000Z</time>
        <extensions>
          <ns3:TrackPointExtension>
            <ns3:hr>97</ns3:hr>
            <ns3:cad>47</ns3:cad>
          </ns3:TrackPointExtension>
        </extensions>
      </trkpt>
      <trkpt lat="46.70148988254368305206298828125" lon="23.55693091638386249542236328125">
        <ele>726.20001220703125</ele>
        <time>2024-10-27T12:00:21.000Z</time>
        <extensions>
          <ns3:TrackPointExtension>
            <ns3:hr>100</ns3:hr>
            <ns3:cad>48</ns3:cad>
          </ns3:TrackPointExtension>
        </extensions>
      </trkpt>
      <trkpt lat="46.7014552652835845947265625" lon="23.55689696967601776123046875">
        <ele>726.20001220703125</ele>
        <time>2024-10-27T12:00:25.000Z</time>
        <extensions>
          <ns3:TrackPointExtension>
            <ns3:hr>100</ns3:hr>
            <ns3:cad>47</ns3:cad>
          </ns3:TrackPointExtension>
        </extensions>
      </trkpt>
      <trkpt lat="46.70140497386455535888671875" lon="23.55685128830373287200927734375">
        <ele>726.5999755859375</ele>
        <time>2024-10-27T12:00:32.000Z</time>
        <extensions>
          <ns3:TrackPointExtension>
            <ns3:hr>100</ns3:hr>
            <ns3:cad>45</ns3:cad>
          </ns3:TrackPointExtension>
        </extensions>
      </trkpt>
      <trkpt lat="46.70131956227123737335205078125" lon="23.55675539933145046234130859375">
        <ele>726.5999755859375</ele>
        <time>2024-10-27T12:00:39.000Z</time>
        <extensions>
          <ns3:TrackPointExtension>
            <ns3:hr>97</ns3:hr>
            <ns3:cad>44</ns3:cad>
          </ns3:TrackPointExtension>
        </extensions>
      </trkpt>
      <trkpt lat="46.70130900107324123382568359375" lon="23.55674550868570804595947265625">
        <ele>726.5999755859375</ele>
        <time>2024-10-27T12:00:40.000Z</time>
        <extensions>
          <ns3:TrackPointExtension>
            <ns3:hr>97</ns3:hr>
            <ns3:cad>44</ns3:cad>
          </ns3:TrackPointExtension>
        </extensions>
      </trkpt>
      <trkpt lat="46.70125904493033885955810546875" lon="23.5566844046115875244140625">
        <ele>726.5999755859375</ele>
        <time>2024-10-27T12:00:48.000Z</time>
        <extensions>
          <ns3:TrackPointExtension>
            <ns3:hr>97</ns3:hr>
            <ns3:cad>45</ns3:cad>
          </ns3:TrackPointExtension>
        </extensions>
      </trkpt>
      <trkpt lat="46.70120473019778728485107421875" lon="23.55663302354514598846435546875">
        <ele>727</ele>
        <time>2024-10-27T12:00:54.000Z</time>
        <extensions>
          <ns3:TrackPointExtension>
            <ns3:hr>97</ns3:hr>
            <ns3:cad>48</ns3:cad>
          </ns3:TrackPointExtension>
        </extensions>
      </trkpt>
      <trkpt lat="46.70117019675672054290771484375" lon="23.556607626378536224365234375">
        <ele>727.20001220703125</ele>
        <time>2024-10-27T12:00:58.000Z</time>
        <extensions>
          <ns3:TrackPointExtension>
            <ns3:hr>97</ns3:hr>
            <ns3:cad>47</ns3:cad>
          </ns3:TrackPointExtension>
        </extensions>
      </trkpt>
      <trkpt lat="46.70113147236406803131103515625" lon="23.556590862572193145751953125">
        <ele>727.20001220703125</ele>
        <time>2024-10-27T12:01:01.000Z</time>
        <extensions>
          <ns3:TrackPointExtension>
            <ns3:hr>100</ns3:hr>
            <ns3:cad>47</ns3:cad>
          </ns3:TrackPointExtension>
        </extensions>
      </trkpt>
      <trkpt lat="46.70111705549061298370361328125" lon="23.556592203676700592041015625">
        <ele>727.20001220703125</ele>
        <time>2024-10-27T12:01:03.000Z</time>
        <extensions>
          <ns3:TrackPointExtension>
            <ns3:hr>103</ns3:hr>
            <ns3:cad>47</ns3:cad>
          </ns3:TrackPointExtension>
        </extensions>
      </trkpt>
      <trkpt lat="46.7010856233537197113037109375" lon="23.55658222921192646026611328125">
        <ele>727.4000244140625</ele>
        <time>2024-10-27T12:01:06.000Z</time>
        <extensions>
          <ns3:TrackPointExtension>
            <ns3:hr>103</ns3:hr>
            <ns3:cad>47</ns3:cad>
          </ns3:TrackPointExtension>
        </extensions>
      </trkpt>
      <trkpt lat="46.7010373435914516448974609375" lon="23.556572087109088897705078125">
        <ele>728</ele>
        <time>2024-10-27T12:01:11.000Z</time>
        <extensions>
          <ns3:TrackPointExtension>
            <ns3:hr>104</ns3:hr>
            <ns3:cad>44</ns3:cad>
          </ns3:TrackPointExtension>
        </extensions>
      </trkpt>
      <trkpt lat="46.701021082699298858642578125" lon="23.55657150037586688995361328125">
        <ele>728.5999755859375</ele>
        <time>2024-10-27T12:01:15.000Z</time>
        <extensions>
          <ns3:TrackPointExtension>
            <ns3:hr>105</ns3:hr>
            <ns3:cad>41</ns3:cad>
          </ns3:TrackPointExtension>
        </extensions>
      </trkpt>
      <trkpt lat="46.7010366730391979217529296875" lon="23.5565829835832118988037109375">
        <ele>729.20001220703125</ele>
        <time>2024-10-27T12:01:21.000Z</time>
        <extensions>
          <ns3:TrackPointExtension>
            <ns3:hr>106</ns3:hr>
            <ns3:cad>43</ns3:cad>
          </ns3:TrackPointExtension>
        </extensions>
      </trkpt>
      <trkpt lat="46.7010229267179965972900390625" lon="23.5565826483070850372314453125">
        <ele>729.4000244140625</ele>
        <time>2024-10-27T12:01:22.000Z</time>
        <extensions>
          <ns3:TrackPointExtension>
            <ns3:hr>106</ns3:hr>
            <ns3:cad>43</ns3:cad>
          </ns3:TrackPointExtension>
        </extensions>
      </trkpt>
      <trkpt lat="46.7009645886719226837158203125" lon="23.5565771162509918212890625">
        <ele>730.20001220703125</ele>
        <time>2024-10-27T12:01:25.000Z</time>
        <extensions>
          <ns3:TrackPointExtension>
            <ns3:hr>107</ns3:hr>
            <ns3:cad>42</ns3:cad>
          </ns3:TrackPointExtension>
        </extensions>
      </trkpt>
      <trkpt lat="46.7008767463266849517822265625" lon="23.55658105574548244476318359375">
        <ele>731</ele>
        <time>2024-10-27T12:01:30.000Z</time>
        <extensions>
          <ns3:TrackPointExtension>
            <ns3:hr>107</ns3:hr>
            <ns3:cad>43</ns3:cad>
          </ns3:TrackPointExtension>
        </extensions>
      </trkpt>
      <trkpt lat="46.700860820710659027099609375" lon="23.556588180363178253173828125">
        <ele>731.20001220703125</ele>
        <time>2024-10-27T12:01:32.000Z</time>
        <extensions>
          <ns3:TrackPointExtension>
            <ns3:hr>109</ns3:hr>
            <ns3:cad>44</ns3:cad>
          </ns3:TrackPointExtension>
        </extensions>
      </trkpt>
      <trkpt lat="46.7008103616535663604736328125" lon="23.5565937124192714691162109375">
        <ele>732.20001220703125</ele>
        <time>2024-10-27T12:01:38.000Z</time>
        <extensions>
          <ns3:TrackPointExtension>
            <ns3:hr>110</ns3:hr>
            <ns3:cad>43</ns3:cad>
          </ns3:TrackPointExtension>
        </extensions>
      </trkpt>
      <trkpt lat="46.7007369361817836761474609375" lon="23.5566037707030773162841796875">
        <ele>733.4000244140625</ele>
        <time>2024-10-27T12:01:45.000Z</time>
        <extensions>
          <ns3:TrackPointExtension>
            <ns3:hr>109</ns3:hr>
            <ns3:cad>42</ns3:cad>
          </ns3:TrackPointExtension>
        </extensions>
      </trkpt>
      <trkpt lat="46.70073383487761020660400390625" lon="23.556606955826282501220703125">
        <ele>733.4000244140625</ele>
        <time>2024-10-27T12:01:46.000Z</time>
        <extensions>
          <ns3:TrackPointExtension>
            <ns3:hr>109</ns3:hr>
            <ns3:cad>42</ns3:cad>
          </ns3:TrackPointExtension>
        </extensions>
      </trkpt>
      <trkpt lat="46.7007000558078289031982421875" lon="23.55661776848137378692626953125">
        <ele>734.20001220703125</ele>
        <time>2024-10-27T12:01:51.000Z</time>
        <extensions>
          <ns3:TrackPointExtension>
            <ns3:hr>112</ns3:hr>
            <ns3:cad>42</ns3:cad>
          </ns3:TrackPointExtension>
        </extensions>
      </trkpt>
      <trkpt lat="46.70069561339914798736572265625" lon="23.55663151480257511138916015625">
        <ele>734.4000244140625</ele>
        <time>2024-10-27T12:01:53.000Z</time>
        <extensions>
          <ns3:TrackPointExtension>
            <ns3:hr>112</ns3:hr>
            <ns3:cad>42</ns3:cad>
          </ns3:TrackPointExtension>
        </extensions>
      </trkpt>
      <trkpt lat="46.700689829885959625244140625" lon="23.55663754977285861968994140625">
        <ele>734.4000244140625</ele>
        <time>2024-10-27T12:01:54.000Z</time>
        <extensions>
          <ns3:TrackPointExtension>
            <ns3:hr>112</ns3:hr>
            <ns3:cad>42</ns3:cad>
          </ns3:TrackPointExtension>
        </extensions>
      </trkpt>
      <trkpt lat="46.70063023455440998077392578125" lon="23.556676693260669708251953125">
        <ele>735.5999755859375</ele>
        <time>2024-10-27T12:02:01.000Z</time>
        <extensions>
          <ns3:TrackPointExtension>
            <ns3:hr>111</ns3:hr>
            <ns3:cad>43</ns3:cad>
          </ns3:TrackPointExtension>
        </extensions>
      </trkpt>
      <trkpt lat="46.70061263255774974822998046875" lon="23.55668918229639530181884765625">
        <ele>735.79998779296875</ele>
        <time>2024-10-27T12:02:03.000Z</time>
        <extensions>
          <ns3:TrackPointExtension>
            <ns3:hr>112</ns3:hr>
            <ns3:cad>43</ns3:cad>
          </ns3:TrackPointExtension>
        </extensions>
      </trkpt>
      <trkpt lat="46.7005444876849651336669921875" lon="23.55670653283596038818359375">
        <ele>736.5999755859375</ele>
        <time>2024-10-27T12:02:08.000Z</time>
        <extensions>
          <ns3:TrackPointExtension>
            <ns3:hr>111</ns3:hr>
            <ns3:cad>42</ns3:cad>
          </ns3:TrackPointExtension>
        </extensions>
      </trkpt>
      <trkpt lat="46.70050517655909061431884765625" lon="23.55671114288270473480224609375">
        <ele>737.20001220703125</ele>
        <time>2024-10-27T12:02:11.000Z</time>
        <extensions>
          <ns3:TrackPointExtension>
            <ns3:hr>111</ns3:hr>
            <ns3:cad>43</ns3:cad>
          </ns3:TrackPointExtension>
        </extensions>
      </trkpt>
      <trkpt lat="46.70048271305859088897705078125" lon="23.5567201115190982818603515625">
        <ele>737.5999755859375</ele>
        <time>2024-10-27T12:02:14.000Z</time>
        <extensions>
          <ns3:TrackPointExtension>
            <ns3:hr>112</ns3:hr>
            <ns3:cad>42</ns3:cad>
          </ns3:TrackPointExtension>
        </extensions>
      </trkpt>
      <trkpt lat="46.70043560676276683807373046875" lon="23.55674399994313716888427734375">
        <ele>738.20001220703125</ele>
        <time>2024-10-27T12:02:20.000Z</time>
        <extensions>
          <ns3:TrackPointExtension>
            <ns3:hr>112</ns3:hr>
            <ns3:cad>43</ns3:cad>
          </ns3:TrackPointExtension>
        </extensions>
      </trkpt>
      <trkpt lat="46.7003770172595977783203125" lon="23.5567382164299488067626953125">
        <ele>738.5999755859375</ele>
        <time>2024-10-27T12:02:26.000Z</time>
        <extensions>
          <ns3:TrackPointExtension>
            <ns3:hr>113</ns3:hr>
            <ns3:cad>45</ns3:cad>
          </ns3:TrackPointExtension>
        </extensions>
      </trkpt>
      <trkpt lat="46.700357906520366668701171875" lon="23.55673427693545818328857421875">
        <ele>738.79998779296875</ele>
        <time>2024-10-27T12:02:28.000Z</time>
        <extensions>
          <ns3:TrackPointExtension>
            <ns3:hr>113</ns3:hr>
            <ns3:cad>46</ns3:cad>
          </ns3:TrackPointExtension>
        </extensions>
      </trkpt>
      <trkpt lat="46.70026637613773345947265625" lon="23.55677283369004726409912109375">
        <ele>739.4000244140625</ele>
        <time>2024-10-27T12:02:36.000Z</time>
        <extensions>
          <ns3:TrackPointExtension>
            <ns3:hr>113</ns3:hr>
            <ns3:cad>47</ns3:cad>
          </ns3:TrackPointExtension>
        </extensions>
      </trkpt>
      <trkpt lat="46.70022572390735149383544921875" lon="23.55679462663829326629638671875">
        <ele>739.5999755859375</ele>
        <time>2024-10-27T12:02:40.000Z</time>
        <extensions>
          <ns3:TrackPointExtension>
            <ns3:hr>110</ns3:hr>
            <ns3:cad>46</ns3:cad>
          </ns3:TrackPointExtension>
        </extensions>
      </trkpt>
      <trkpt lat="46.70017677359282970428466796875" lon="23.55680099688470363616943359375">
        <ele>740.20001220703125</ele>
        <time>2024-10-27T12:02:45.000Z</time>
        <extensions>
          <ns3:TrackPointExtension>
            <ns3:hr>111</ns3:hr>
            <ns3:cad>46</ns3:cad>
          </ns3:TrackPointExtension>
        </extensions>
      </trkpt>
      <trkpt lat="46.700144670903682708740234375" lon="23.55677668936550617218017578125">
        <ele>740.79998779296875</ele>
        <time>2024-10-27T12:02:49.000Z</time>
        <extensions>
          <ns3:TrackPointExtension>
            <ns3:hr>111</ns3:hr>
            <ns3:cad>48</ns3:cad>
          </ns3:TrackPointExtension>
        </extensions>
      </trkpt>
      <trkpt lat="46.70013226568698883056640625" lon="23.55675288476049900054931640625">
        <ele>741.79998779296875</ele>
        <time>2024-10-27T12:02:54.000Z</time>
        <extensions>
          <ns3:TrackPointExtension>
            <ns3:hr>111</ns3:hr>
            <ns3:cad>47</ns3:cad>
          </ns3:TrackPointExtension>
        </extensions>
      </trkpt>
      <trkpt lat="46.70010955072939395904541015625" lon="23.55677216313779354095458984375">
        <ele>742.5999755859375</ele>
        <time>2024-10-27T12:03:02.000Z</time>
        <extensions>
          <ns3:TrackPointExtension>
            <ns3:hr>114</ns3:hr>
            <ns3:cad>44</ns3:cad>
          </ns3:TrackPointExtension>
        </extensions>
      </trkpt>
      <trkpt lat="46.700105778872966766357421875" lon="23.5567809641361236572265625">
        <ele>742.79998779296875</ele>
        <time>2024-10-27T12:03:03.000Z</time>
        <extensions>
          <ns3:TrackPointExtension>
            <ns3:hr>114</ns3:hr>
            <ns3:cad>44</ns3:cad>
          </ns3:TrackPointExtension>
        </extensions>
      </trkpt>
      <trkpt lat="46.70010410249233245849609375" lon="23.55678942985832691192626953125">
        <ele>743</ele>
        <time>2024-10-27T12:03:04.000Z</time>
        <extensions>
          <ns3:TrackPointExtension>
            <ns3:hr>115</ns3:hr>
            <ns3:cad>44</ns3:cad>
          </ns3:TrackPointExtension>
        </extensions>
      </trkpt>
      <trkpt lat="46.7000164277851581573486328125" lon="23.55684609152376651763916015625">
        <ele>743.79998779296875</ele>
        <time>2024-10-27T12:03:12.000Z</time>
        <extensions>
          <ns3:TrackPointExtension>
            <ns3:hr>116</ns3:hr>
            <ns3:cad>43</ns3:cad>
          </ns3:TrackPointExtension>
        </extensions>
      </trkpt>
      <trkpt lat="46.70000075362622737884521484375" lon="23.55685112066566944122314453125">
        <ele>744</ele>
        <time>2024-10-27T12:03:13.000Z</time>
        <extensions>
          <ns3:TrackPointExtension>
            <ns3:hr>115</ns3:hr>
            <ns3:cad>43</ns3:cad>
          </ns3:TrackPointExtension>
        </extensions>
      </trkpt>
      <trkpt lat="46.699909307062625885009765625" lon="23.55687391944229602813720703125">
        <ele>743.79998779296875</ele>
        <time>2024-10-27T12:03:19.000Z</time>
        <extensions>
          <ns3:TrackPointExtension>
            <ns3:hr>115</ns3:hr>
            <ns3:cad>43</ns3:cad>
          </ns3:TrackPointExtension>
        </extensions>
      </trkpt>
      <trkpt lat="46.699833534657955169677734375" lon="23.556806780397891998291015625">
        <ele>743.5999755859375</ele>
        <time>2024-10-27T12:03:25.000Z</time>
        <extensions>
          <ns3:TrackPointExtension>
            <ns3:hr>112</ns3:hr>
            <ns3:cad>42</ns3:cad>
          </ns3:TrackPointExtension>
        </extensions>
      </trkpt>
      <trkpt lat="46.69982104562222957611083984375" lon="23.556733690202236175537109375">
        <ele>743.5999755859375</ele>
        <time>2024-10-27T12:03:27.000Z</time>
        <extensions>
          <ns3:TrackPointExtension>
            <ns3:hr>109</ns3:hr>
            <ns3:cad>42</ns3:cad>
          </ns3:TrackPointExtension>
        </extensions>
      </trkpt>
      <trkpt lat="46.699816100299358367919921875" lon="23.5567016713321208953857421875">
        <ele>743.5999755859375</ele>
        <time>2024-10-27T12:03:28.000Z</time>
        <extensions>
          <ns3:TrackPointExtension>
            <ns3:hr>109</ns3:hr>
            <ns3:cad>42</ns3:cad>
          </ns3:TrackPointExtension>
        </extensions>
      </trkpt>
      <trkpt lat="46.699792630970478057861328125" lon="23.55653344653546810150146484375">
        <ele>743.20001220703125</ele>
        <time>2024-10-27T12:03:35.000Z</time>
        <extensions>
          <ns3:TrackPointExtension>
            <ns3:hr>109</ns3:hr>
            <ns3:cad>49</ns3:cad>
          </ns3:TrackPointExtension>
        </extensions>
      </trkpt>
      <trkpt lat="46.6997708380222320556640625" lon="23.55649371631443500518798828125">
        <ele>743</ele>
        <time>2024-10-27T12:03:38.000Z</time>
        <extensions>
          <ns3:TrackPointExtension>
            <ns3:hr>108</ns3:hr>
            <ns3:cad>48</ns3:cad>
          </ns3:TrackPointExtension>
        </extensions>
      </trkpt>
      <trkpt lat="46.69974594376981258392333984375" lon="23.55643236078321933746337890625">
        <ele>742.20001220703125</ele>
        <time>2024-10-27T12:03:43.000Z</time>
        <extensions>
          <ns3:TrackPointExtension>
            <ns3:hr>109</ns3:hr>
            <ns3:cad>50</ns3:cad>
          </ns3:TrackPointExtension>
        </extensions>
      </trkpt>
      <trkpt lat="46.699719540774822235107421875" lon="23.556404449045658111572265625">
        <ele>741.79998779296875</ele>
        <time>2024-10-27T12:03:46.000Z</time>
        <extensions>
          <ns3:TrackPointExtension>
            <ns3:hr>109</ns3:hr>
            <ns3:cad>49</ns3:cad>
          </ns3:TrackPointExtension>
        </extensions>
      </trkpt>
      <trkpt lat="46.6996848396956920623779296875" lon="23.55638944543898105621337890625">
        <ele>741</ele>
        <time>2024-10-27T12:03:50.000Z</time>
        <extensions>
          <ns3:TrackPointExtension>
            <ns3:hr>108</ns3:hr>
            <ns3:cad>52</ns3:cad>
          </ns3:TrackPointExtension>
        </extensions>
      </trkpt>
      <trkpt lat="46.69967218302190303802490234375" lon="23.5563858412206172943115234375">
        <ele>740.79998779296875</ele>
        <time>2024-10-27T12:03:51.000Z</time>
        <extensions>
          <ns3:TrackPointExtension>
            <ns3:hr>108</ns3:hr>
            <ns3:cad>53</ns3:cad>
          </ns3:TrackPointExtension>
        </extensions>
      </trkpt>
      <trkpt lat="46.69959775172173976898193359375" lon="23.5563506372272968292236328125">
        <ele>739.5999755859375</ele>
        <time>2024-10-27T12:03:58.000Z</time>
        <extensions>
          <ns3:TrackPointExtension>
            <ns3:hr>107</ns3:hr>
            <ns3:cad>52</ns3:cad>
          </ns3:TrackPointExtension>
        </extensions>
      </trkpt>
      <trkpt lat="46.69957143254578113555908203125" lon="23.556325994431972503662109375">
        <ele>739.20001220703125</ele>
        <time>2024-10-27T12:04:01.000Z</time>
        <extensions>
          <ns3:TrackPointExtension>
            <ns3:hr>107</ns3:hr>
            <ns3:cad>50</ns3:cad>
          </ns3:TrackPointExtension>
        </extensions>
      </trkpt>
      <trkpt lat="46.69952935539186000823974609375" lon="23.55627545155584812164306640625">
        <ele>738.5999755859375</ele>
        <time>2024-10-27T12:04:06.000Z</time>
        <extensions>
          <ns3:TrackPointExtension>
            <ns3:hr>105</ns3:hr>
            <ns3:cad>52</ns3:cad>
          </ns3:TrackPointExtension>
        </extensions>
      </trkpt>
      <trkpt lat="46.69947839342057704925537109375" lon="23.55625801719725131988525390625">
        <ele>737.79998779296875</ele>
        <time>2024-10-27T12:04:11.000Z</time>
        <extensions>
          <ns3:TrackPointExtension>
            <ns3:hr>102</ns3:hr>
            <ns3:cad>52</ns3:cad>
          </ns3:TrackPointExtension>
        </extensions>
      </trkpt>
      <trkpt lat="46.699472106993198394775390625" lon="23.556262962520122528076171875">
        <ele>737.5999755859375</ele>
        <time>2024-10-27T12:04:12.000Z</time>
        <extensions>
          <ns3:TrackPointExtension>
            <ns3:hr>99</ns3:hr>
            <ns3:cad>52</ns3:cad>
          </ns3:TrackPointExtension>
        </extensions>
      </trkpt>
      <trkpt lat="46.69945894740521907806396484375" lon="23.55625927448272705078125">
        <ele>737.5999755859375</ele>
        <time>2024-10-27T12:04:13.000Z</time>
        <extensions>
          <ns3:TrackPointExtension>
            <ns3:hr>95</ns3:hr>
            <ns3:cad>50</ns3:cad>
          </ns3:TrackPointExtension>
        </extensions>
      </trkpt>
      <trkpt lat="46.6994179598987102508544921875" lon="23.5562383197247982025146484375">
        <ele>737.20001220703125</ele>
        <time>2024-10-27T12:04:16.000Z</time>
        <extensions>
          <ns3:TrackPointExtension>
            <ns3:hr>92</ns3:hr>
            <ns3:cad>48</ns3:cad>
          </ns3:TrackPointExtension>
        </extensions>
      </trkpt>
      <trkpt lat="46.69940077699720859527587890625" lon="23.55622935108840465545654296875">
        <ele>737.20001220703125</ele>
        <time>2024-10-27T12:04:17.000Z</time>
        <extensions>
          <ns3:TrackPointExtension>
            <ns3:hr>92</ns3:hr>
            <ns3:cad>47</ns3:cad>
          </ns3:TrackPointExtension>
        </extensions>
      </trkpt>
      <trkpt lat="46.699327267706394195556640625" lon="23.5562188737094402313232421875">
        <ele>736</ele>
        <time>2024-10-27T12:04:25.000Z</time>
        <extensions>
          <ns3:TrackPointExtension>
            <ns3:hr>90</ns3:hr>
            <ns3:cad>50</ns3:cad>
          </ns3:TrackPointExtension>
        </extensions>
      </trkpt>
      <trkpt lat="46.69931025244295597076416015625" lon="23.556227423250675201416015625">
        <ele>735.79998779296875</ele>
        <time>2024-10-27T12:04:28.000Z</time>
        <extensions>
          <ns3:TrackPointExtension>
            <ns3:hr>90</ns3:hr>
            <ns3:cad>50</ns3:cad>
          </ns3:TrackPointExtension>
        </extensions>
      </trkpt>
      <trkpt lat="46.69925945810973644256591796875" lon="23.5562363080680370330810546875">
        <ele>735</ele>
        <time>2024-10-27T12:04:33.000Z</time>
        <extensions>
          <ns3:TrackPointExtension>
            <ns3:hr>93</ns3:hr>
            <ns3:cad>51</ns3:cad>
          </ns3:TrackPointExtension>
        </extensions>
      </trkpt>
      <trkpt lat="46.69921302236616611480712890625" lon="23.5562463663518428802490234375">
        <ele>734.20001220703125</ele>
        <time>2024-10-27T12:04:38.000Z</time>
        <extensions>
          <ns3:TrackPointExtension>
            <ns3:hr>92</ns3:hr>
            <ns3:cad>50</ns3:cad>
          </ns3:TrackPointExtension>
        </extensions>
      </trkpt>
      <trkpt lat="46.69920732267200946807861328125" lon="23.55625323951244354248046875">
        <ele>733.79998779296875</ele>
        <time>2024-10-27T12:04:40.000Z</time>
        <extensions>
          <ns3:TrackPointExtension>
            <ns3:hr>92</ns3:hr>
            <ns3:cad>50</ns3:cad>
          </ns3:TrackPointExtension>
        </extensions>
      </trkpt>
      <trkpt lat="46.699196510016918182373046875" lon="23.55628618039190769195556640625">
        <ele>732.79998779296875</ele>
        <time>2024-10-27T12:04:46.000Z</time>
        <extensions>
          <ns3:TrackPointExtension>
            <ns3:hr>91</ns3:hr>
            <ns3:cad>56</ns3:cad>
          </ns3:TrackPointExtension>
        </extensions>
      </trkpt>
      <trkpt lat="46.69916407205164432525634765625" lon="23.5563008487224578857421875">
        <ele>732</ele>
        <time>2024-10-27T12:04:49.000Z</time>
        <extensions>
          <ns3:TrackPointExtension>
            <ns3:hr>91</ns3:hr>
            <ns3:cad>54</ns3:cad>
          </ns3:TrackPointExtension>
        </extensions>
      </trkpt>
      <trkpt lat="46.69914898462593555450439453125" lon="23.55630696751177310943603515625">
        <ele>731.79998779296875</ele>
        <time>2024-10-27T12:04:50.000Z</time>
        <extensions>
          <ns3:TrackPointExtension>
            <ns3:hr>91</ns3:hr>
            <ns3:cad>56</ns3:cad>
          </ns3:TrackPointExtension>
        </extensions>
      </trkpt>
      <trkpt lat="46.6990732960402965545654296875" lon="23.556344769895076751708984375">
        <ele>731.20001220703125</ele>
        <time>2024-10-27T12:04:57.000Z</time>
        <extensions>
          <ns3:TrackPointExtension>
            <ns3:hr>92</ns3:hr>
            <ns3:cad>52</ns3:cad>
          </ns3:TrackPointExtension>
        </extensions>
      </trkpt>
      <trkpt lat="46.69895879924297332763671875" lon="23.556366898119449615478515625">
        <ele>732.20001220703125</ele>
        <time>2024-10-27T12:05:07.000Z</time>
        <extensions>
          <ns3:TrackPointExtension>
            <ns3:hr>91</ns3:hr>
            <ns3:cad>41</ns3:cad>
          </ns3:TrackPointExtension>
        </extensions>
      </trkpt>
      <trkpt lat="46.6989217512309551239013671875" lon="23.55638391338288784027099609375">
        <ele>733</ele>
        <time>2024-10-27T12:05:12.000Z</time>
        <extensions>
          <ns3:TrackPointExtension>
            <ns3:hr>90</ns3:hr>
            <ns3:cad>45</ns3:cad>
          </ns3:TrackPointExtension>
        </extensions>
      </trkpt>
      <trkpt lat="46.69889233075082302093505859375" lon="23.55638458393514156341552734375">
        <ele>733.79998779296875</ele>
        <time>2024-10-27T12:05:17.000Z</time>
        <extensions>
          <ns3:TrackPointExtension>
            <ns3:hr>91</ns3:hr>
            <ns3:cad>45</ns3:cad>
          </ns3:TrackPointExtension>
        </extensions>
      </trkpt>
      <trkpt lat="46.698873974382877349853515625" lon="23.5563865117728710174560546875">
        <ele>734</ele>
        <time>2024-10-27T12:05:19.000Z</time>
        <extensions>
          <ns3:TrackPointExtension>
            <ns3:hr>92</ns3:hr>
            <ns3:cad>43</ns3:cad>
          </ns3:TrackPointExtension>
        </extensions>
      </trkpt>
      <trkpt lat="46.69885276816785335540771484375" lon="23.5563871823251247406005859375">
        <ele>734.5999755859375</ele>
        <time>2024-10-27T12:05:22.000Z</time>
        <extensions>
          <ns3:TrackPointExtension>
            <ns3:hr>95</ns3:hr>
            <ns3:cad>42</ns3:cad>
          </ns3:TrackPointExtension>
        </extensions>
      </trkpt>
      <trkpt lat="46.69882946647703647613525390625" lon="23.55639900080859661102294921875">
        <ele>735.20001220703125</ele>
        <time>2024-10-27T12:05:26.000Z</time>
        <extensions>
          <ns3:TrackPointExtension>
            <ns3:hr>97</ns3:hr>
            <ns3:cad>40</ns3:cad>
          </ns3:TrackPointExtension>
        </extensions>
      </trkpt>
      <trkpt lat="46.69879241846501827239990234375" lon="23.55643353424966335296630859375">
        <ele>736.20001220703125</ele>
        <time>2024-10-27T12:05:32.000Z</time>
        <extensions>
          <ns3:TrackPointExtension>
            <ns3:hr>99</ns3:hr>
            <ns3:cad>41</ns3:cad>
          </ns3:TrackPointExtension>
        </extensions>
      </trkpt>
      <trkpt lat="46.698759309947490692138671875" lon="23.55645163916051387786865234375">
        <ele>737.20001220703125</ele>
        <time>2024-10-27T12:05:37.000Z</time>
        <extensions>
          <ns3:TrackPointExtension>
            <ns3:hr>101</ns3:hr>
            <ns3:cad>41</ns3:cad>
          </ns3:TrackPointExtension>
        </extensions>
      </trkpt>
      <trkpt lat="46.6987514309585094451904296875" lon="23.55645566247403621673583984375">
        <ele>737.20001220703125</ele>
        <time>2024-10-27T12:05:38.000Z</time>
        <extensions>
          <ns3:TrackPointExtension>
            <ns3:hr>101</ns3:hr>
            <ns3:cad>42</ns3:cad>
          </ns3:TrackPointExtension>
        </extensions>
      </trkpt>
      <trkpt lat="46.698735840618610382080078125" lon="23.55646706186234951019287109375">
        <ele>737.79998779296875</ele>
        <time>2024-10-27T12:05:40.000Z</time>
        <extensions>
          <ns3:TrackPointExtension>
            <ns3:hr>104</ns3:hr>
            <ns3:cad>41</ns3:cad>
          </ns3:TrackPointExtension>
        </extensions>
      </trkpt>
      <trkpt lat="46.698720417916774749755859375" lon="23.556481562554836273193359375">
        <ele>738</ele>
        <time>2024-10-27T12:05:42.000Z</time>
        <extensions>
          <ns3:TrackPointExtension>
            <ns3:hr>107</ns3:hr>
            <ns3:cad>42</ns3:cad>
          </ns3:TrackPointExtension>
        </extensions>
      </trkpt>
      <trkpt lat="46.69870859943330287933349609375" lon="23.55649690143764019012451171875">
        <ele>738.20001220703125</ele>
        <time>2024-10-27T12:05:44.000Z</time>
        <extensions>
          <ns3:TrackPointExtension>
            <ns3:hr>111</ns3:hr>
            <ns3:cad>42</ns3:cad>
          </ns3:TrackPointExtension>
        </extensions>
      </trkpt>
      <trkpt lat="46.69870197772979736328125" lon="23.55650176294147968292236328125">
        <ele>738.4000244140625</ele>
        <time>2024-10-27T12:05:45.000Z</time>
        <extensions>
          <ns3:TrackPointExtension>
            <ns3:hr>112</ns3:hr>
            <ns3:cad>42</ns3:cad>
          </ns3:TrackPointExtension>
        </extensions>
      </trkpt>
      <trkpt lat="46.69868764467537403106689453125" lon="23.55651198886334896087646484375">
        <ele>738.5999755859375</ele>
        <time>2024-10-27T12:05:48.000Z</time>
        <extensions>
          <ns3:TrackPointExtension>
            <ns3:hr>114</ns3:hr>
            <ns3:cad>40</ns3:cad>
          </ns3:TrackPointExtension>
        </extensions>
      </trkpt>
      <trkpt lat="46.698642633855342864990234375" lon="23.556533195078372955322265625">
        <ele>739.4000244140625</ele>
        <time>2024-10-27T12:05:54.000Z</time>
        <extensions>
          <ns3:TrackPointExtension>
            <ns3:hr>115</ns3:hr>
            <ns3:cad>78</ns3:cad>
          </ns3:TrackPointExtension>
        </extensions>
      </trkpt>
      <trkpt lat="46.69862193055450916290283203125" lon="23.55654182843863964080810546875">
        <ele>739.5999755859375</ele>
        <time>2024-10-27T12:05:58.000Z</time>
        <extensions>
          <ns3:TrackPointExtension>
            <ns3:hr>115</ns3:hr>
            <ns3:cad>41</ns3:cad>
          </ns3:TrackPointExtension>
        </extensions>
      </trkpt>
      <trkpt lat="46.6985915042459964752197265625" lon="23.55656429193913936614990234375">
        <ele>739.79998779296875</ele>
        <time>2024-10-27T12:06:04.000Z</time>
        <extensions>
          <ns3:TrackPointExtension>
            <ns3:hr>112</ns3:hr>
            <ns3:cad>44</ns3:cad>
          </ns3:TrackPointExtension>
        </extensions>
      </trkpt>
      <trkpt lat="46.69856853783130645751953125" lon="23.5565799660980701446533203125">
        <ele>740</ele>
        <time>2024-10-27T12:06:06.000Z</time>
        <extensions>
          <ns3:TrackPointExtension>
            <ns3:hr>111</ns3:hr>
            <ns3:cad>44</ns3:cad>
          </ns3:TrackPointExtension>
        </extensions>
      </trkpt>
      <trkpt lat="46.69851246289908885955810546875" lon="23.55666420422494411468505859375">
        <ele>740.20001220703125</ele>
        <time>2024-10-27T12:06:16.000Z</time>
        <extensions>
          <ns3:TrackPointExtension>
            <ns3:hr>111</ns3:hr>
            <ns3:cad>46</ns3:cad>
          </ns3:TrackPointExtension>
        </extensions>
      </trkpt>
      <trkpt lat="46.6985143907368183135986328125" lon="23.55669915676116943359375">
        <ele>740.20001220703125</ele>
        <time>2024-10-27T12:06:21.000Z</time>
        <extensions>
          <ns3:TrackPointExtension>
            <ns3:hr>110</ns3:hr>
            <ns3:cad>0</ns3:cad>
          </ns3:TrackPointExtension>
        </extensions>
      </trkpt>
      <trkpt lat="46.6985053382813930511474609375" lon="23.556706868112087249755859375">
        <ele>740.20001220703125</ele>
        <time>2024-10-27T12:06:25.000Z</time>
        <extensions>
          <ns3:TrackPointExtension>
            <ns3:hr>110</ns3:hr>
            <ns3:cad>0</ns3:cad>
          </ns3:TrackPointExtension>
        </extensions>
      </trkpt>
      <trkpt lat="46.69849880039691925048828125" lon="23.55670779012143611907958984375">
        <ele>740.20001220703125</ele>
        <time>2024-10-27T12:06:26.000Z</time>
        <extensions>
          <ns3:TrackPointExtension>
            <ns3:hr>110</ns3:hr>
            <ns3:cad>0</ns3:cad>
          </ns3:TrackPointExtension>
        </extensions>
      </trkpt>
      <trkpt lat="46.698472313582897186279296875" lon="23.5567231290042400360107421875">
        <ele>739.4000244140625</ele>
        <time>2024-10-27T12:06:29.000Z</time>
        <extensions>
          <ns3:TrackPointExtension>
            <ns3:hr>105</ns3:hr>
            <ns3:cad>0</ns3:cad>
          </ns3:TrackPointExtension>
        </extensions>
      </trkpt>
      <trkpt lat="46.698468290269374847412109375" lon="23.55673226527869701385498046875">
        <ele>739.4000244140625</ele>
        <time>2024-10-27T12:06:30.000Z</time>
        <extensions>
          <ns3:TrackPointExtension>
            <ns3:hr>102</ns3:hr>
            <ns3:cad>0</ns3:cad>
          </ns3:TrackPointExtension>
        </extensions>
      </trkpt>
      <trkpt lat="46.69845211319625377655029296875" lon="23.55675238184630870819091796875">
        <ele>739</ele>
        <time>2024-10-27T12:06:32.000Z</time>
        <extensions>
          <ns3:TrackPointExtension>
            <ns3:hr>100</ns3:hr>
            <ns3:cad>47</ns3:cad>
          </ns3:TrackPointExtension>
        </extensions>
      </trkpt>
      <trkpt lat="46.69842814095318317413330078125" lon="23.5567724145948886871337890625">
        <ele>738.79998779296875</ele>
        <time>2024-10-27T12:06:35.000Z</time>
        <extensions>
          <ns3:TrackPointExtension>
            <ns3:hr>103</ns3:hr>
            <ns3:cad>49</ns3:cad>
          </ns3:TrackPointExtension>
        </extensions>
      </trkpt>
      <trkpt lat="46.6984003968536853790283203125" lon="23.55677895247936248779296875">
        <ele>738.4000244140625</ele>
        <time>2024-10-27T12:06:38.000Z</time>
        <extensions>
          <ns3:TrackPointExtension>
            <ns3:hr>102</ns3:hr>
            <ns3:cad>45</ns3:cad>
          </ns3:TrackPointExtension>
        </extensions>
      </trkpt>
      <trkpt lat="46.6983873210847377777099609375" lon="23.55678054504096508026123046875">
        <ele>738.20001220703125</ele>
        <time>2024-10-27T12:06:40.000Z</time>
        <extensions>
          <ns3:TrackPointExtension>
            <ns3:hr>102</ns3:hr>
            <ns3:cad>45</ns3:cad>
          </ns3:TrackPointExtension>
        </extensions>
      </trkpt>
      <trkpt lat="46.6983534581959247589111328125" lon="23.55679563246667385101318359375">
        <ele>737.5999755859375</ele>
        <time>2024-10-27T12:06:44.000Z</time>
        <extensions>
          <ns3:TrackPointExtension>
            <ns3:hr>106</ns3:hr>
            <ns3:cad>53</ns3:cad>
          </ns3:TrackPointExtension>
        </extensions>
      </trkpt>
      <trkpt lat="46.69830811209976673126220703125" lon="23.55680502019822597503662109375">
        <ele>737.20001220703125</ele>
        <time>2024-10-27T12:06:47.000Z</time>
        <extensions>
          <ns3:TrackPointExtension>
            <ns3:hr>105</ns3:hr>
            <ns3:cad>53</ns3:cad>
          </ns3:TrackPointExtension>
        </extensions>
      </trkpt>
      <trkpt lat="46.69828246347606182098388671875" lon="23.55681641958653926849365234375">
        <ele>737</ele>
        <time>2024-10-27T12:06:49.000Z</time>
        <extensions>
          <ns3:TrackPointExtension>
            <ns3:hr>105</ns3:hr>
            <ns3:cad>53</ns3:cad>
          </ns3:TrackPointExtension>
        </extensions>
      </trkpt>
      <trkpt lat="46.6982099600136280059814453125" lon="23.5568220354616641998291015625">
        <ele>736.20001220703125</ele>
        <time>2024-10-27T12:06:54.000Z</time>
        <extensions>
          <ns3:TrackPointExtension>
            <ns3:hr>103</ns3:hr>
            <ns3:cad>54</ns3:cad>
          </ns3:TrackPointExtension>
        </extensions>
      </trkpt>
      <trkpt lat="46.6981643624603748321533203125" lon="23.55680041015148162841796875">
        <ele>735.5999755859375</ele>
        <time>2024-10-27T12:06:58.000Z</time>
        <extensions>
          <ns3:TrackPointExtension>
            <ns3:hr>101</ns3:hr>
            <ns3:cad>53</ns3:cad>
          </ns3:TrackPointExtension>
        </extensions>
      </trkpt>
      <trkpt lat="46.69815019704401493072509765625" lon="23.55676612816751003265380859375">
        <ele>735.20001220703125</ele>
        <time>2024-10-27T12:07:01.000Z</time>
        <extensions>
          <ns3:TrackPointExtension>
            <ns3:hr>99</ns3:hr>
            <ns3:cad>53</ns3:cad>
          </ns3:TrackPointExtension>
        </extensions>
      </trkpt>
      <trkpt lat="46.698140390217304229736328125" lon="23.55673461221158504486083984375">
        <ele>735</ele>
        <time>2024-10-27T12:07:03.000Z</time>
        <extensions>
          <ns3:TrackPointExtension>
            <ns3:hr>95</ns3:hr>
            <ns3:cad>51</ns3:cad>
          </ns3:TrackPointExtension>
        </extensions>
      </trkpt>
      <trkpt lat="46.6981237940490245819091796875" lon="23.5566859133541584014892578125">
        <ele>734.79998779296875</ele>
        <time>2024-10-27T12:07:05.000Z</time>
        <extensions>
          <ns3:TrackPointExtension>
            <ns3:hr>93</ns3:hr>
            <ns3:cad>48</ns3:cad>
          </ns3:TrackPointExtension>
        </extensions>
      </trkpt>
      <trkpt lat="46.69808548875153064727783203125" lon="23.55653830803930759429931640625">
        <ele>735.4000244140625</ele>
        <time>2024-10-27T12:07:16.000Z</time>
        <extensions>
          <ns3:TrackPointExtension>
            <ns3:hr>93</ns3:hr>
            <ns3:cad>44</ns3:cad>
          </ns3:TrackPointExtension>
        </extensions>
      </trkpt>
      <trkpt lat="46.69806419871747493743896484375" lon="23.556488938629627227783203125">
        <ele>736</ele>
        <time>2024-10-27T12:07:20.000Z</time>
        <extensions>
          <ns3:TrackPointExtension>
            <ns3:hr>97</ns3:hr>
            <ns3:cad>44</ns3:cad>
          </ns3:TrackPointExtension>
        </extensions>
      </trkpt>
      <trkpt lat="46.69805732555687427520751953125" lon="23.556482903659343719482421875">
        <ele>736.20001220703125</ele>
        <time>2024-10-27T12:07:21.000Z</time>
        <extensions>
          <ns3:TrackPointExtension>
            <ns3:hr>98</ns3:hr>
            <ns3:cad>43</ns3:cad>
          </ns3:TrackPointExtension>
        </extensions>
      </trkpt>
      <trkpt lat="46.698029749095439910888671875" lon="23.5564720071852207183837890625">
        <ele>736.79998779296875</ele>
        <time>2024-10-27T12:07:24.000Z</time>
        <extensions>
          <ns3:TrackPointExtension>
            <ns3:hr>98</ns3:hr>
            <ns3:cad>42</ns3:cad>
          </ns3:TrackPointExtension>
        </extensions>
      </trkpt>
      <trkpt lat="46.6979937069118022918701171875" lon="23.55641685426235198974609375">
        <ele>737.20001220703125</ele>
        <time>2024-10-27T12:07:30.000Z</time>
        <extensions>
          <ns3:TrackPointExtension>
            <ns3:hr>101</ns3:hr>
            <ns3:cad>42</ns3:cad>
          </ns3:TrackPointExtension>
        </extensions>
      </trkpt>
      <trkpt lat="46.697995550930500030517578125" lon="23.5563855059444904327392578125">
        <ele>737.20001220703125</ele>
        <time>2024-10-27T12:07:32.000Z</time>
        <extensions>
          <ns3:TrackPointExtension>
            <ns3:hr>103</ns3:hr>
            <ns3:cad>45</ns3:cad>
          </ns3:TrackPointExtension>
        </extensions>
      </trkpt>
      <trkpt lat="46.6980014182627201080322265625" lon="23.55624561198055744171142578125">
        <ele>737.20001220703125</ele>
        <time>2024-10-27T12:07:39.000Z</time>
        <extensions>
          <ns3:TrackPointExtension>
            <ns3:hr>102</ns3:hr>
            <ns3:cad>50</ns3:cad>
          </ns3:TrackPointExtension>
        </extensions>
      </trkpt>
      <trkpt lat="46.697981469333171844482421875" lon="23.55612088926136493682861328125">
        <ele>737.20001220703125</ele>
        <time>2024-10-27T12:07:45.000Z</time>
        <extensions>
          <ns3:TrackPointExtension>
            <ns3:hr>105</ns3:hr>
            <ns3:cad>48</ns3:cad>
          </ns3:TrackPointExtension>
        </extensions>
      </trkpt>
      <trkpt lat="46.6979791224002838134765625" lon="23.55610496364533901214599609375">
        <ele>737.20001220703125</ele>
        <time>2024-10-27T12:07:46.000Z</time>
        <extensions>
          <ns3:TrackPointExtension>
            <ns3:hr>105</ns3:hr>
            <ns3:cad>48</ns3:cad>
          </ns3:TrackPointExtension>
        </extensions>
      </trkpt>
      <trkpt lat="46.6979712434113025665283203125" lon="23.5560755431652069091796875">
        <ele>737.20001220703125</ele>
        <time>2024-10-27T12:07:48.000Z</time>
        <extensions>
          <ns3:TrackPointExtension>
            <ns3:hr>105</ns3:hr>
            <ns3:cad>48</ns3:cad>
          </ns3:TrackPointExtension>
        </extensions>
      </trkpt>
      <trkpt lat="46.6979427449405193328857421875" lon="23.555969260632991790771484375">
        <ele>737.20001220703125</ele>
        <time>2024-10-27T12:07:56.000Z</time>
        <extensions>
          <ns3:TrackPointExtension>
            <ns3:hr>104</ns3:hr>
            <ns3:cad>47</ns3:cad>
          </ns3:TrackPointExtension>
        </extensions>
      </trkpt>
      <trkpt lat="46.697923801839351654052734375" lon="23.55581075884401798248291015625">
        <ele>737.20001220703125</ele>
        <time>2024-10-27T12:08:06.000Z</time>
        <extensions>
          <ns3:TrackPointExtension>
            <ns3:hr>103</ns3:hr>
            <ns3:cad>48</ns3:cad>
          </ns3:TrackPointExtension>
        </extensions>
      </trkpt>
      <trkpt lat="46.69792438857257366180419921875" lon="23.555690310895442962646484375">
        <ele>737.20001220703125</ele>
        <time>2024-10-27T12:08:14.000Z</time>
        <extensions>
          <ns3:TrackPointExtension>
            <ns3:hr>100</ns3:hr>
            <ns3:cad>47</ns3:cad>
          </ns3:TrackPointExtension>
        </extensions>
      </trkpt>
      <trkpt lat="46.69792824424803256988525390625" lon="23.55566139332950115203857421875">
        <ele>737</ele>
        <time>2024-10-27T12:08:16.000Z</time>
        <extensions>
          <ns3:TrackPointExtension>
            <ns3:hr>99</ns3:hr>
            <ns3:cad>46</ns3:cad>
          </ns3:TrackPointExtension>
        </extensions>
      </trkpt>
      <trkpt lat="46.6979437507688999176025390625" lon="23.55560473166406154632568359375">
        <ele>736.20001220703125</ele>
        <time>2024-10-27T12:08:20.000Z</time>
        <extensions>
          <ns3:TrackPointExtension>
            <ns3:hr>98</ns3:hr>
            <ns3:cad>54</ns3:cad>
          </ns3:TrackPointExtension>
        </extensions>
      </trkpt>
      <trkpt lat="46.6979528032243251800537109375" lon="23.55555293150246143341064453125">
        <ele>735.20001220703125</ele>
        <time>2024-10-27T12:08:24.000Z</time>
        <extensions>
          <ns3:TrackPointExtension>
            <ns3:hr>97</ns3:hr>
            <ns3:cad>57</ns3:cad>
          </ns3:TrackPointExtension>
        </extensions>
      </trkpt>
      <trkpt lat="46.6979576647281646728515625" lon="23.55552694760262966156005859375">
        <ele>734.5999755859375</ele>
        <time>2024-10-27T12:08:26.000Z</time>
        <extensions>
          <ns3:TrackPointExtension>
            <ns3:hr>97</ns3:hr>
            <ns3:cad>57</ns3:cad>
          </ns3:TrackPointExtension>
        </extensions>
      </trkpt>
      <trkpt lat="46.697965376079082489013671875" lon="23.55548185296356678009033203125">
        <ele>733.79998779296875</ele>
        <time>2024-10-27T12:08:29.000Z</time>
        <extensions>
          <ns3:TrackPointExtension>
            <ns3:hr>97</ns3:hr>
            <ns3:cad>55</ns3:cad>
          </ns3:TrackPointExtension>
        </extensions>
      </trkpt>
      <trkpt lat="46.69798105023801326751708984375" lon="23.5553701221942901611328125">
        <ele>733.20001220703125</ele>
        <time>2024-10-27T12:08:36.000Z</time>
        <extensions>
          <ns3:TrackPointExtension>
            <ns3:hr>96</ns3:hr>
            <ns3:cad>51</ns3:cad>
          </ns3:TrackPointExtension>
        </extensions>
      </trkpt>
      <trkpt lat="46.698031090199947357177734375" lon="23.55522771365940570831298828125">
        <ele>733.79998779296875</ele>
        <time>2024-10-27T12:08:46.000Z</time>
        <extensions>
          <ns3:TrackPointExtension>
            <ns3:hr>97</ns3:hr>
            <ns3:cad>44</ns3:cad>
          </ns3:TrackPointExtension>
        </extensions>
      </trkpt>
      <trkpt lat="46.69802698306739330291748046875" lon="23.5552056692540645599365234375">
        <ele>733.79998779296875</ele>
        <time>2024-10-27T12:08:49.000Z</time>
        <extensions>
          <ns3:TrackPointExtension>
            <ns3:hr>100</ns3:hr>
            <ns3:cad>42</ns3:cad>
          </ns3:TrackPointExtension>
        </extensions>
      </trkpt>
      <trkpt lat="46.698005609214305877685546875" lon="23.55517004616558551788330078125">
        <ele>733.5999755859375</ele>
        <time>2024-10-27T12:08:53.000Z</time>
        <extensions>
          <ns3:TrackPointExtension>
            <ns3:hr>100</ns3:hr>
            <ns3:cad>42</ns3:cad>
          </ns3:TrackPointExtension>
        </extensions>
      </trkpt>
      <trkpt lat="46.69800552539527416229248046875" lon="23.5551314055919647216796875">
        <ele>733.79998779296875</ele>
        <time>2024-10-27T12:08:55.000Z</time>
        <extensions>
          <ns3:TrackPointExtension>
            <ns3:hr>96</ns3:hr>
            <ns3:cad>47</ns3:cad>
          </ns3:TrackPointExtension>
        </extensions>
      </trkpt>
      <trkpt lat="46.69806294143199920654296875" lon="23.55502470396459102630615234375">
        <ele>734.20001220703125</ele>
        <time>2024-10-27T12:09:02.000Z</time>
        <extensions>
          <ns3:TrackPointExtension>
            <ns3:hr>94</ns3:hr>
            <ns3:cad>47</ns3:cad>
          </ns3:TrackPointExtension>
        </extensions>
      </trkpt>
      <trkpt lat="46.69815338216722011566162109375" lon="23.5549195110797882080078125">
        <ele>733.79998779296875</ele>
        <time>2024-10-27T12:09:11.000Z</time>
        <extensions>
          <ns3:TrackPointExtension>
            <ns3:hr>96</ns3:hr>
            <ns3:cad>49</ns3:cad>
          </ns3:TrackPointExtension>
        </extensions>
      </trkpt>
      <trkpt lat="46.69821792282164096832275390625" lon="23.554815910756587982177734375">
        <ele>733.79998779296875</ele>
        <time>2024-10-27T12:09:20.000Z</time>
        <extensions>
          <ns3:TrackPointExtension>
            <ns3:hr>94</ns3:hr>
            <ns3:cad>46</ns3:cad>
          </ns3:TrackPointExtension>
        </extensions>
      </trkpt>
      <trkpt lat="46.69824667274951934814453125" lon="23.5547986440360546112060546875">
        <ele>733.5999755859375</ele>
        <time>2024-10-27T12:09:24.000Z</time>
        <extensions>
          <ns3:TrackPointExtension>
            <ns3:hr>97</ns3:hr>
            <ns3:cad>48</ns3:cad>
          </ns3:TrackPointExtension>
        </extensions>
      </trkpt>
      <trkpt lat="46.69827458448708057403564453125" lon="23.5547741688787937164306640625">
        <ele>733.5999755859375</ele>
        <time>2024-10-27T12:09:27.000Z</time>
        <extensions>
          <ns3:TrackPointExtension>
            <ns3:hr>100</ns3:hr>
            <ns3:cad>50</ns3:cad>
          </ns3:TrackPointExtension>
        </extensions>
      </trkpt>
      <trkpt lat="46.698305346071720123291015625" lon="23.55475656688213348388671875">
        <ele>733.4000244140625</ele>
        <time>2024-10-27T12:09:30.000Z</time>
        <extensions>
          <ns3:TrackPointExtension>
            <ns3:hr>100</ns3:hr>
            <ns3:cad>50</ns3:cad>
          </ns3:TrackPointExtension>
        </extensions>
      </trkpt>
      <trkpt lat="46.69839285314083099365234375" lon="23.5546915233135223388671875">
        <ele>733.4000244140625</ele>
        <time>2024-10-27T12:09:39.000Z</time>
        <extensions>
          <ns3:TrackPointExtension>
            <ns3:hr>96</ns3:hr>
            <ns3:cad>48</ns3:cad>
          </ns3:TrackPointExtension>
        </extensions>
      </trkpt>
      <trkpt lat="46.69840668328106403350830078125" lon="23.554674424231052398681640625">
        <ele>733.4000244140625</ele>
        <time>2024-10-27T12:09:41.000Z</time>
        <extensions>
          <ns3:TrackPointExtension>
            <ns3:hr>93</ns3:hr>
            <ns3:cad>47</ns3:cad>
          </ns3:TrackPointExtension>
        </extensions>
      </trkpt>
      <trkpt lat="46.69846653006970882415771484375" lon="23.55459856800734996795654296875">
        <ele>733.5999755859375</ele>
        <time>2024-10-27T12:09:48.000Z</time>
        <extensions>
          <ns3:TrackPointExtension>
            <ns3:hr>92</ns3:hr>
            <ns3:cad>47</ns3:cad>
          </ns3:TrackPointExtension>
        </extensions>
      </trkpt>
      <trkpt lat="46.6985262930393218994140625" lon="23.5544412396848201751708984375">
        <ele>734</ele>
        <time>2024-10-27T12:09:57.000Z</time>
        <extensions>
          <ns3:TrackPointExtension>
            <ns3:hr>92</ns3:hr>
            <ns3:cad>46</ns3:cad>
          </ns3:TrackPointExtension>
        </extensions>
      </trkpt>
      <trkpt lat="46.69856241904199123382568359375" lon="23.55434241704642772674560546875">
        <ele>734</ele>
        <time>2024-10-27T12:10:04.000Z</time>
        <extensions>
          <ns3:TrackPointExtension>
            <ns3:hr>92</ns3:hr>
            <ns3:cad>47</ns3:cad>
          </ns3:TrackPointExtension>
        </extensions>
      </trkpt>
      <trkpt lat="46.69862193055450916290283203125" lon="23.55422222055494785308837890625">
        <ele>734.20001220703125</ele>
        <time>2024-10-27T12:10:14.000Z</time>
        <extensions>
          <ns3:TrackPointExtension>
            <ns3:hr>93</ns3:hr>
            <ns3:cad>44</ns3:cad>
          </ns3:TrackPointExtension>
        </extensions>
      </trkpt>
      <trkpt lat="46.69870206154882907867431640625" lon="23.55415818281471729278564453125">
        <ele>733.79998779296875</ele>
        <time>2024-10-27T12:10:22.000Z</time>
        <extensions>
          <ns3:TrackPointExtension>
            <ns3:hr>95</ns3:hr>
            <ns3:cad>50</ns3:cad>
          </ns3:TrackPointExtension>
        </extensions>
      </trkpt>
      <trkpt lat="46.6987373493611812591552734375" lon="23.554065562784671783447265625">
        <ele>733.20001220703125</ele>
        <time>2024-10-27T12:10:29.000Z</time>
        <extensions>
          <ns3:TrackPointExtension>
            <ns3:hr>98</ns3:hr>
            <ns3:cad>49</ns3:cad>
          </ns3:TrackPointExtension>
        </extensions>
      </trkpt>
      <trkpt lat="46.69874162413179874420166015625" lon="23.55405273847281932830810546875">
        <ele>733.20001220703125</ele>
        <time>2024-10-27T12:10:30.000Z</time>
        <extensions>
          <ns3:TrackPointExtension>
            <ns3:hr>98</ns3:hr>
            <ns3:cad>50</ns3:cad>
          </ns3:TrackPointExtension>
        </extensions>
      </trkpt>
      <trkpt lat="46.6987591423094272613525390625" lon="23.55398719199001789093017578125">
        <ele>732.79998779296875</ele>
        <time>2024-10-27T12:10:34.000Z</time>
        <extensions>
          <ns3:TrackPointExtension>
            <ns3:hr>99</ns3:hr>
            <ns3:cad>48</ns3:cad>
          </ns3:TrackPointExtension>
        </extensions>
      </trkpt>
      <trkpt lat="46.69876693747937679290771484375" lon="23.55390806682407855987548828125">
        <ele>732.5999755859375</ele>
        <time>2024-10-27T12:10:40.000Z</time>
        <extensions>
          <ns3:TrackPointExtension>
            <ns3:hr>97</ns3:hr>
            <ns3:cad>48</ns3:cad>
          </ns3:TrackPointExtension>
        </extensions>
      </trkpt>
      <trkpt lat="46.6987842880189418792724609375" lon="23.55382986366748809814453125">
        <ele>732.5999755859375</ele>
        <time>2024-10-27T12:10:45.000Z</time>
        <extensions>
          <ns3:TrackPointExtension>
            <ns3:hr>94</ns3:hr>
            <ns3:cad>48</ns3:cad>
          </ns3:TrackPointExtension>
        </extensions>
      </trkpt>
      <trkpt lat="46.698804907500743865966796875" lon="23.5537230782210826873779296875">
        <ele>732.20001220703125</ele>
        <time>2024-10-27T12:10:52.000Z</time>
        <extensions>
          <ns3:TrackPointExtension>
            <ns3:hr>92</ns3:hr>
            <ns3:cad>48</ns3:cad>
          </ns3:TrackPointExtension>
        </extensions>
      </trkpt>
      <trkpt lat="46.6988268680870532989501953125" lon="23.55361922644078731536865234375">
        <ele>732</ele>
        <time>2024-10-27T12:10:59.000Z</time>
        <extensions>
          <ns3:TrackPointExtension>
            <ns3:hr>92</ns3:hr>
            <ns3:cad>49</ns3:cad>
          </ns3:TrackPointExtension>
        </extensions>
      </trkpt>
      <trkpt lat="46.6988347470760345458984375" lon="23.5535755567252635955810546875">
        <ele>732.20001220703125</ele>
        <time>2024-10-27T12:11:03.000Z</time>
        <extensions>
          <ns3:TrackPointExtension>
            <ns3:hr>95</ns3:hr>
            <ns3:cad>48</ns3:cad>
          </ns3:TrackPointExtension>
        </extensions>
      </trkpt>
      <trkpt lat="46.69883809983730316162109375" lon="23.55354462750256061553955078125">
        <ele>732.4000244140625</ele>
        <time>2024-10-27T12:11:07.000Z</time>
        <extensions>
          <ns3:TrackPointExtension>
            <ns3:hr>96</ns3:hr>
            <ns3:cad>47</ns3:cad>
          </ns3:TrackPointExtension>
        </extensions>
      </trkpt>
      <trkpt lat="46.69886249117553234100341796875" lon="23.55347606353461742401123046875">
        <ele>733.20001220703125</ele>
        <time>2024-10-27T12:11:13.000Z</time>
        <extensions>
          <ns3:TrackPointExtension>
            <ns3:hr>98</ns3:hr>
            <ns3:cad>48</ns3:cad>
          </ns3:TrackPointExtension>
        </extensions>
      </trkpt>
      <trkpt lat="46.6988976113498210906982421875" lon="23.55338939465582370758056640625">
        <ele>733.79998779296875</ele>
        <time>2024-10-27T12:11:18.000Z</time>
        <extensions>
          <ns3:TrackPointExtension>
            <ns3:hr>99</ns3:hr>
            <ns3:cad>47</ns3:cad>
          </ns3:TrackPointExtension>
        </extensions>
      </trkpt>
      <trkpt lat="46.69890305958688259124755859375" lon="23.553356789052486419677734375">
        <ele>734.20001220703125</ele>
        <time>2024-10-27T12:11:20.000Z</time>
        <extensions>
          <ns3:TrackPointExtension>
            <ns3:hr>100</ns3:hr>
            <ns3:cad>47</ns3:cad>
          </ns3:TrackPointExtension>
        </extensions>
      </trkpt>
      <trkpt lat="46.698903478682041168212890625" lon="23.55330607853829860687255859375">
        <ele>734.79998779296875</ele>
        <time>2024-10-27T12:11:24.000Z</time>
        <extensions>
          <ns3:TrackPointExtension>
            <ns3:hr>100</ns3:hr>
            <ns3:cad>47</ns3:cad>
          </ns3:TrackPointExtension>
        </extensions>
      </trkpt>
      <trkpt lat="46.698908172547817230224609375" lon="23.55324656702578067779541015625">
        <ele>735.5999755859375</ele>
        <time>2024-10-27T12:11:28.000Z</time>
        <extensions>
          <ns3:TrackPointExtension>
            <ns3:hr>100</ns3:hr>
            <ns3:cad>46</ns3:cad>
          </ns3:TrackPointExtension>
        </extensions>
      </trkpt>
      <trkpt lat="46.69892401434481143951416015625" lon="23.55319552123546600341796875">
        <ele>736</ele>
        <time>2024-10-27T12:11:31.000Z</time>
        <extensions>
          <ns3:TrackPointExtension>
            <ns3:hr>100</ns3:hr>
            <ns3:cad>44</ns3:cad>
          </ns3:TrackPointExtension>
        </extensions>
      </trkpt>
      <trkpt lat="46.6989562846720218658447265625" lon="23.5531343333423137664794921875">
        <ele>737.20001220703125</ele>
        <time>2024-10-27T12:11:36.000Z</time>
        <extensions>
          <ns3:TrackPointExtension>
            <ns3:hr>101</ns3:hr>
            <ns3:cad>44</ns3:cad>
          </ns3:TrackPointExtension>
        </extensions>
      </trkpt>
      <trkpt lat="46.69896005652844905853271484375" lon="23.553130142390727996826171875">
        <ele>737.20001220703125</ele>
        <time>2024-10-27T12:11:37.000Z</time>
        <extensions>
          <ns3:TrackPointExtension>
            <ns3:hr>101</ns3:hr>
            <ns3:cad>45</ns3:cad>
          </ns3:TrackPointExtension>
        </extensions>
      </trkpt>
      <trkpt lat="46.698988974094390869140625" lon="23.5530870594084262847900390625">
        <ele>738.20001220703125</ele>
        <time>2024-10-27T12:11:42.000Z</time>
        <extensions>
          <ns3:TrackPointExtension>
            <ns3:hr>102</ns3:hr>
            <ns3:cad>44</ns3:cad>
          </ns3:TrackPointExtension>
        </extensions>
      </trkpt>
      <trkpt lat="46.69898721389472484588623046875" lon="23.55305143631994724273681640625">
        <ele>738.79998779296875</ele>
        <time>2024-10-27T12:11:46.000Z</time>
        <extensions>
          <ns3:TrackPointExtension>
            <ns3:hr>105</ns3:hr>
            <ns3:cad>45</ns3:cad>
          </ns3:TrackPointExtension>
        </extensions>
      </trkpt>
      <trkpt lat="46.69898738153278827667236328125" lon="23.55304271914064884185791015625">
        <ele>739</ele>
        <time>2024-10-27T12:11:47.000Z</time>
        <extensions>
          <ns3:TrackPointExtension>
            <ns3:hr>108</ns3:hr>
            <ns3:cad>45</ns3:cad>
          </ns3:TrackPointExtension>
        </extensions>
      </trkpt>
      <trkpt lat="46.69898754917085170745849609375" lon="23.5530236922204494476318359375">
        <ele>739.20001220703125</ele>
        <time>2024-10-27T12:11:48.000Z</time>
        <extensions>
          <ns3:TrackPointExtension>
            <ns3:hr>109</ns3:hr>
            <ns3:cad>44</ns3:cad>
          </ns3:TrackPointExtension>
        </extensions>
      </trkpt>
      <trkpt lat="46.69897380284965038299560546875" lon="23.55297465808689594268798828125">
        <ele>739.79998779296875</ele>
        <time>2024-10-27T12:11:52.000Z</time>
        <extensions>
          <ns3:TrackPointExtension>
            <ns3:hr>112</ns3:hr>
            <ns3:cad>43</ns3:cad>
          </ns3:TrackPointExtension>
        </extensions>
      </trkpt>
      <trkpt lat="46.69897112064063549041748046875" lon="23.55293937027454376220703125">
        <ele>740.20001220703125</ele>
        <time>2024-10-27T12:11:55.000Z</time>
        <extensions>
          <ns3:TrackPointExtension>
            <ns3:hr>112</ns3:hr>
            <ns3:cad>44</ns3:cad>
          </ns3:TrackPointExtension>
        </extensions>
      </trkpt>
      <trkpt lat="46.69897883199155330657958984375" lon="23.5528703033924102783203125">
        <ele>741.4000244140625</ele>
        <time>2024-10-27T12:12:00.000Z</time>
        <extensions>
          <ns3:TrackPointExtension>
            <ns3:hr>114</ns3:hr>
            <ns3:cad>45</ns3:cad>
          </ns3:TrackPointExtension>
        </extensions>
      </trkpt>
      <trkpt lat="46.69898771680891513824462890625" lon="23.5527886636555194854736328125">
        <ele>742.4000244140625</ele>
        <time>2024-10-27T12:12:05.000Z</time>
        <extensions>
          <ns3:TrackPointExtension>
            <ns3:hr>117</ns3:hr>
            <ns3:cad>43</ns3:cad>
          </ns3:TrackPointExtension>
        </extensions>
      </trkpt>
      <trkpt lat="46.69898855499923229217529296875" lon="23.55277667753398418426513671875">
        <ele>742.4000244140625</ele>
        <time>2024-10-27T12:12:06.000Z</time>
        <extensions>
          <ns3:TrackPointExtension>
            <ns3:hr>117</ns3:hr>
            <ns3:cad>42</ns3:cad>
          </ns3:TrackPointExtension>
        </extensions>
      </trkpt>
      <trkpt lat="46.698988974094390869140625" lon="23.552749268710613250732421875">
        <ele>742.5999755859375</ele>
        <time>2024-10-27T12:12:08.000Z</time>
        <extensions>
          <ns3:TrackPointExtension>
            <ns3:hr>118</ns3:hr>
            <ns3:cad>40</ns3:cad>
          </ns3:TrackPointExtension>
        </extensions>
      </trkpt>
      <trkpt lat="46.698947064578533172607421875" lon="23.552692942321300506591796875">
        <ele>743</ele>
        <time>2024-10-27T12:12:15.000Z</time>
        <extensions>
          <ns3:TrackPointExtension>
            <ns3:hr>116</ns3:hr>
            <ns3:cad>41</ns3:cad>
          </ns3:TrackPointExtension>
        </extensions>
      </trkpt>
      <trkpt lat="46.69888277538120746612548828125" lon="23.5525967180728912353515625">
        <ele>742.79998779296875</ele>
        <time>2024-10-27T12:12:25.000Z</time>
        <extensions>
          <ns3:TrackPointExtension>
            <ns3:hr>114</ns3:hr>
            <ns3:cad>43</ns3:cad>
          </ns3:TrackPointExtension>
        </extensions>
      </trkpt>
      <trkpt lat="46.69885712675750255584716796875" lon="23.55244827456772327423095703125">
        <ele>742.79998779296875</ele>
        <time>2024-10-27T12:12:34.000Z</time>
        <extensions>
          <ns3:TrackPointExtension>
            <ns3:hr>113</ns3:hr>
            <ns3:cad>44</ns3:cad>
          </ns3:TrackPointExtension>
        </extensions>
      </trkpt>
      <trkpt lat="46.69886467047035694122314453125" lon="23.5522917844355106353759765625">
        <ele>743</ele>
        <time>2024-10-27T12:12:44.000Z</time>
        <extensions>
          <ns3:TrackPointExtension>
            <ns3:hr>110</ns3:hr>
            <ns3:cad>45</ns3:cad>
          </ns3:TrackPointExtension>
        </extensions>
      </trkpt>
      <trkpt lat="46.698922254145145416259765625" lon="23.552108891308307647705078125">
        <ele>743</ele>
        <time>2024-10-27T12:12:53.000Z</time>
        <extensions>
          <ns3:TrackPointExtension>
            <ns3:hr>107</ns3:hr>
            <ns3:cad>45</ns3:cad>
          </ns3:TrackPointExtension>
        </extensions>
      </trkpt>
      <trkpt lat="46.69895569793879985809326171875" lon="23.5520232282578945159912109375">
        <ele>742.79998779296875</ele>
        <time>2024-10-27T12:13:01.000Z</time>
        <extensions>
          <ns3:TrackPointExtension>
            <ns3:hr>105</ns3:hr>
            <ns3:cad>45</ns3:cad>
          </ns3:TrackPointExtension>
        </extensions>
      </trkpt>
      <trkpt lat="46.69900573790073394775390625" lon="23.55190043337643146514892578125">
        <ele>742.20001220703125</ele>
        <time>2024-10-27T12:13:10.000Z</time>
        <extensions>
          <ns3:TrackPointExtension>
            <ns3:hr>104</ns3:hr>
            <ns3:cad>44</ns3:cad>
          </ns3:TrackPointExtension>
        </extensions>
      </trkpt>
      <trkpt lat="46.69898830354213714599609375" lon="23.5519115813076496124267578125">
        <ele>742.20001220703125</ele>
        <time>2024-10-27T12:13:17.000Z</time>
        <extensions>
          <ns3:TrackPointExtension>
            <ns3:hr>103</ns3:hr>
            <ns3:cad>0</ns3:cad>
          </ns3:TrackPointExtension>
        </extensions>
      </trkpt>
      <trkpt lat="46.69893457554280757904052734375" lon="23.551855422556400299072265625">
        <ele>742.4000244140625</ele>
        <time>2024-10-27T12:13:28.000Z</time>
        <extensions>
          <ns3:TrackPointExtension>
            <ns3:hr>102</ns3:hr>
            <ns3:cad>43</ns3:cad>
          </ns3:TrackPointExtension>
        </extensions>
      </trkpt>
      <trkpt lat="46.698898784816265106201171875" lon="23.5517399199306964874267578125">
        <ele>743</ele>
        <time>2024-10-27T12:13:37.000Z</time>
        <extensions>
          <ns3:TrackPointExtension>
            <ns3:hr>102</ns3:hr>
            <ns3:cad>75</ns3:cad>
          </ns3:TrackPointExtension>
        </extensions>
      </trkpt>
      <trkpt lat="46.6988771595060825347900390625" lon="23.551752157509326934814453125">
        <ele>743</ele>
        <time>2024-10-27T12:13:41.000Z</time>
        <extensions>
          <ns3:TrackPointExtension>
            <ns3:hr>101</ns3:hr>
            <ns3:cad>0</ns3:cad>
          </ns3:TrackPointExtension>
        </extensions>
      </trkpt>
      <trkpt lat="46.6988644190132617950439453125" lon="23.55177487246692180633544921875">
        <ele>742.79998779296875</ele>
        <time>2024-10-27T12:13:44.000Z</time>
        <extensions>
          <ns3:TrackPointExtension>
            <ns3:hr>101</ns3:hr>
            <ns3:cad>0</ns3:cad>
          </ns3:TrackPointExtension>
        </extensions>
      </trkpt>
      <trkpt lat="46.69890389777719974517822265625" lon="23.5517915524542331695556640625">
        <ele>742.4000244140625</ele>
        <time>2024-10-27T12:13:54.000Z</time>
        <extensions>
          <ns3:TrackPointExtension>
            <ns3:hr>99</ns3:hr>
            <ns3:cad>0</ns3:cad>
          </ns3:TrackPointExtension>
        </extensions>
      </trkpt>
      <trkpt lat="46.69894061051309108734130859375" lon="23.55181259103119373321533203125">
        <ele>742.20001220703125</ele>
        <time>2024-10-27T12:14:00.000Z</time>
        <extensions>
          <ns3:TrackPointExtension>
            <ns3:hr>97</ns3:hr>
            <ns3:cad>0</ns3:cad>
          </ns3:TrackPointExtension>
        </extensions>
      </trkpt>
      <trkpt lat="46.698888055980205535888671875" lon="23.5518237389624118804931640625">
        <ele>742</ele>
        <time>2024-10-27T12:14:06.000Z</time>
        <extensions>
          <ns3:TrackPointExtension>
            <ns3:hr>96</ns3:hr>
            <ns3:cad>0</ns3:cad>
          </ns3:TrackPointExtension>
        </extensions>
      </trkpt>
      <trkpt lat="46.698918901383876800537109375" lon="23.5517788119614124298095703125">
        <ele>741.5999755859375</ele>
        <time>2024-10-27T12:14:11.000Z</time>
        <extensions>
          <ns3:TrackPointExtension>
            <ns3:hr>97</ns3:hr>
            <ns3:cad>0</ns3:cad>
          </ns3:TrackPointExtension>
        </extensions>
      </trkpt>
      <trkpt lat="46.6989214159548282623291015625" lon="23.55176514945924282073974609375">
        <ele>741.79998779296875</ele>
        <time>2024-10-27T12:14:13.000Z</time>
        <extensions>
          <ns3:TrackPointExtension>
            <ns3:hr>97</ns3:hr>
            <ns3:cad>0</ns3:cad>
          </ns3:TrackPointExtension>
        </extensions>
      </trkpt>
      <trkpt lat="46.6989210806787014007568359375" lon="23.55172843672335147857666015625">
        <ele>741.79998779296875</ele>
        <time>2024-10-27T12:14:20.000Z</time>
        <extensions>
          <ns3:TrackPointExtension>
            <ns3:hr>94</ns3:hr>
            <ns3:cad>0</ns3:cad>
          </ns3:TrackPointExtension>
        </extensions>
      </trkpt>
      <trkpt lat="46.6989281214773654937744140625" lon="23.551722653210163116455078125">
        <ele>741.79998779296875</ele>
        <time>2024-10-27T12:14:25.000Z</time>
        <extensions>
          <ns3:TrackPointExtension>
            <ns3:hr>91</ns3:hr>
            <ns3:cad>0</ns3:cad>
          </ns3:TrackPointExtension>
        </extensions>
      </trkpt>
      <trkpt lat="46.69892703182995319366455078125" lon="23.55172541923820972442626953125">
        <ele>741.79998779296875</ele>
        <time>2024-10-27T12:14:28.000Z</time>
        <extensions>
          <ns3:TrackPointExtension>
            <ns3:hr>91</ns3:hr>
            <ns3:cad>0</ns3:cad>
          </ns3:TrackPointExtension>
        </extensions>
      </trkpt>
      <trkpt lat="46.6989098489284515380859375" lon="23.5518032871186733245849609375">
        <ele>741.5999755859375</ele>
        <time>2024-10-27T12:14:37.000Z</time>
        <extensions>
          <ns3:TrackPointExtension>
            <ns3:hr>89</ns3:hr>
            <ns3:cad>0</ns3:cad>
          </ns3:TrackPointExtension>
        </extensions>
      </trkpt>
      <trkpt lat="46.69890381395816802978515625" lon="23.5518296062946319580078125">
        <ele>741.4000244140625</ele>
        <time>2024-10-27T12:14:40.000Z</time>
        <extensions>
          <ns3:TrackPointExtension>
            <ns3:hr>86</ns3:hr>
            <ns3:cad>0</ns3:cad>
          </ns3:TrackPointExtension>
        </extensions>
      </trkpt>
      <trkpt lat="46.69889451004564762115478515625" lon="23.5518539138138294219970703125">
        <ele>741.4000244140625</ele>
        <time>2024-10-27T12:14:43.000Z</time>
        <extensions>
          <ns3:TrackPointExtension>
            <ns3:hr>81</ns3:hr>
            <ns3:cad>0</ns3:cad>
          </ns3:TrackPointExtension>
        </extensions>
      </trkpt>
      <trkpt lat="46.6988898999989032745361328125" lon="23.5518572665750980377197265625">
        <ele>741.4000244140625</ele>
        <time>2024-10-27T12:14:44.000Z</time>
        <extensions>
          <ns3:TrackPointExtension>
            <ns3:hr>80</ns3:hr>
            <ns3:cad>0</ns3:cad>
          </ns3:TrackPointExtension>
        </extensions>
      </trkpt>
      <trkpt lat="46.69888445176184177398681640625" lon="23.55186036787927150726318359375">
        <ele>741.4000244140625</ele>
        <time>2024-10-27T12:14:45.000Z</time>
        <extensions>
          <ns3:TrackPointExtension>
            <ns3:hr>80</ns3:hr>
            <ns3:cad>0</ns3:cad>
          </ns3:TrackPointExtension>
        </extensions>
      </trkpt>
      <trkpt lat="46.69889576733112335205078125" lon="23.55181225575506687164306640625">
        <ele>741.20001220703125</ele>
        <time>2024-10-27T12:14:53.000Z</time>
        <extensions>
          <ns3:TrackPointExtension>
            <ns3:hr>81</ns3:hr>
            <ns3:cad>0</ns3:cad>
          </ns3:TrackPointExtension>
        </extensions>
      </trkpt>
      <trkpt lat="46.69891462661325931549072265625" lon="23.5517821647226810455322265625">
        <ele>741</ele>
        <time>2024-10-27T12:15:01.000Z</time>
        <extensions>
          <ns3:TrackPointExtension>
            <ns3:hr>84</ns3:hr>
            <ns3:cad>0</ns3:cad>
          </ns3:TrackPointExtension>
        </extensions>
      </trkpt>
      <trkpt lat="46.698919236660003662109375" lon="23.551768250763416290283203125">
        <ele>741</ele>
        <time>2024-10-27T12:15:02.000Z</time>
        <extensions>
          <ns3:TrackPointExtension>
            <ns3:hr>85</ns3:hr>
            <ns3:cad>0</ns3:cad>
          </ns3:TrackPointExtension>
        </extensions>
      </trkpt>
      <trkpt lat="46.69890741817653179168701171875" lon="23.5517759621143341064453125">
        <ele>741</ele>
        <time>2024-10-27T12:15:09.000Z</time>
        <extensions>
          <ns3:TrackPointExtension>
            <ns3:hr>86</ns3:hr>
            <ns3:cad>0</ns3:cad>
          </ns3:TrackPointExtension>
        </extensions>
      </trkpt>
      <trkpt lat="46.698921583592891693115234375" lon="23.5517952404916286468505859375">
        <ele>740.20001220703125</ele>
        <time>2024-10-27T12:15:19.000Z</time>
        <extensions>
          <ns3:TrackPointExtension>
            <ns3:hr>87</ns3:hr>
            <ns3:cad>0</ns3:cad>
          </ns3:TrackPointExtension>
        </extensions>
      </trkpt>
      <trkpt lat="46.6989810951054096221923828125" lon="23.55181217193603515625">
        <ele>740</ele>
        <time>2024-10-27T12:15:24.000Z</time>
        <extensions>
          <ns3:TrackPointExtension>
            <ns3:hr>88</ns3:hr>
            <ns3:cad>0</ns3:cad>
          </ns3:TrackPointExtension>
        </extensions>
      </trkpt>
      <trkpt lat="46.69897095300257205963134765625" lon="23.55183656327426433563232421875">
        <ele>740.5999755859375</ele>
        <time>2024-10-27T12:15:27.000Z</time>
        <extensions>
          <ns3:TrackPointExtension>
            <ns3:hr>88</ns3:hr>
            <ns3:cad>0</ns3:cad>
          </ns3:TrackPointExtension>
        </extensions>
      </trkpt>
      <trkpt lat="46.69893600046634674072265625" lon="23.5518368147313594818115234375">
        <ele>740.5999755859375</ele>
        <time>2024-10-27T12:15:30.000Z</time>
        <extensions>
          <ns3:TrackPointExtension>
            <ns3:hr>88</ns3:hr>
            <ns3:cad>0</ns3:cad>
          </ns3:TrackPointExtension>
        </extensions>
      </trkpt>
      <trkpt lat="46.698907501995563507080078125" lon="23.55182516388595104217529296875">
        <ele>740.79998779296875</ele>
        <time>2024-10-27T12:15:37.000Z</time>
        <extensions>
          <ns3:TrackPointExtension>
            <ns3:hr>88</ns3:hr>
            <ns3:cad>0</ns3:cad>
          </ns3:TrackPointExtension>
        </extensions>
      </trkpt>
      <trkpt lat="46.698913536965847015380859375" lon="23.55180923826992511749267578125">
        <ele>740.5999755859375</ele>
        <time>2024-10-27T12:15:45.000Z</time>
        <extensions>
          <ns3:TrackPointExtension>
            <ns3:hr>89</ns3:hr>
            <ns3:cad>0</ns3:cad>
          </ns3:TrackPointExtension>
        </extensions>
      </trkpt>
      <trkpt lat="46.69892854057252407073974609375" lon="23.55179683305323123931884765625">
        <ele>741.20001220703125</ele>
        <time>2024-10-27T12:15:53.000Z</time>
        <extensions>
          <ns3:TrackPointExtension>
            <ns3:hr>89</ns3:hr>
            <ns3:cad>0</ns3:cad>
          </ns3:TrackPointExtension>
        </extensions>
      </trkpt>
      <trkpt lat="46.69896843843162059783935546875" lon="23.55177772231400012969970703125">
        <ele>740.79998779296875</ele>
        <time>2024-10-27T12:16:02.000Z</time>
        <extensions>
          <ns3:TrackPointExtension>
            <ns3:hr>90</ns3:hr>
            <ns3:cad>0</ns3:cad>
          </ns3:TrackPointExtension>
        </extensions>
      </trkpt>
      <trkpt lat="46.698966510593891143798828125" lon="23.5517855174839496612548828125">
        <ele>741.20001220703125</ele>
        <time>2024-10-27T12:16:10.000Z</time>
        <extensions>
          <ns3:TrackPointExtension>
            <ns3:hr>88</ns3:hr>
            <ns3:cad>0</ns3:cad>
          </ns3:TrackPointExtension>
        </extensions>
      </trkpt>
      <trkpt lat="46.69892728328704833984375" lon="23.5518341325223445892333984375">
        <ele>741</ele>
        <time>2024-10-27T12:16:16.000Z</time>
        <extensions>
          <ns3:TrackPointExtension>
            <ns3:hr>87</ns3:hr>
            <ns3:cad>0</ns3:cad>
          </ns3:TrackPointExtension>
        </extensions>
      </trkpt>
      <trkpt lat="46.69890942983329296112060546875" lon="23.55182893574237823486328125">
        <ele>741</ele>
        <time>2024-10-27T12:16:22.000Z</time>
        <extensions>
          <ns3:TrackPointExtension>
            <ns3:hr>83</ns3:hr>
            <ns3:cad>0</ns3:cad>
          </ns3:TrackPointExtension>
        </extensions>
      </trkpt>
      <trkpt lat="46.69891663827002048492431640625" lon="23.55181460268795490264892578125">
        <ele>741</ele>
        <time>2024-10-27T12:16:24.000Z</time>
        <extensions>
          <ns3:TrackPointExtension>
            <ns3:hr>80</ns3:hr>
            <ns3:cad>0</ns3:cad>
          </ns3:TrackPointExtension>
        </extensions>
      </trkpt>
      <trkpt lat="46.698922254145145416259765625" lon="23.551795072853565216064453125">
        <ele>740.79998779296875</ele>
        <time>2024-10-27T12:16:30.000Z</time>
        <extensions>
          <ns3:TrackPointExtension>
            <ns3:hr>78</ns3:hr>
            <ns3:cad>0</ns3:cad>
          </ns3:TrackPointExtension>
        </extensions>
      </trkpt>
      <trkpt lat="46.69892602600157260894775390625" lon="23.5517647303640842437744140625">
        <ele>741.20001220703125</ele>
        <time>2024-10-27T12:16:33.000Z</time>
        <extensions>
          <ns3:TrackPointExtension>
            <ns3:hr>79</ns3:hr>
            <ns3:cad>0</ns3:cad>
          </ns3:TrackPointExtension>
        </extensions>
      </trkpt>
      <trkpt lat="46.69891722500324249267578125" lon="23.55177797377109527587890625">
        <ele>741.5999755859375</ele>
        <time>2024-10-27T12:16:37.000Z</time>
        <extensions>
          <ns3:TrackPointExtension>
            <ns3:hr>82</ns3:hr>
            <ns3:cad>0</ns3:cad>
          </ns3:TrackPointExtension>
        </extensions>
      </trkpt>
      <trkpt lat="46.6989160515367984771728515625" lon="23.55178392492234706878662109375">
        <ele>741.5999755859375</ele>
        <time>2024-10-27T12:16:38.000Z</time>
        <extensions>
          <ns3:TrackPointExtension>
            <ns3:hr>85</ns3:hr>
            <ns3:cad>0</ns3:cad>
          </ns3:TrackPointExtension>
        </extensions>
      </trkpt>
      <trkpt lat="46.69891462661325931549072265625" lon="23.55177772231400012969970703125">
        <ele>741.5999755859375</ele>
        <time>2024-10-27T12:16:39.000Z</time>
        <extensions>
          <ns3:TrackPointExtension>
            <ns3:hr>85</ns3:hr>
            <ns3:cad>0</ns3:cad>
          </ns3:TrackPointExtension>
        </extensions>
      </trkpt>
      <trkpt lat="46.69891680590808391571044921875" lon="23.55176330544054508209228515625">
        <ele>741.20001220703125</ele>
        <time>2024-10-27T12:16:44.000Z</time>
        <extensions>
          <ns3:TrackPointExtension>
            <ns3:hr>86</ns3:hr>
            <ns3:cad>0</ns3:cad>
          </ns3:TrackPointExtension>
        </extensions>
      </trkpt>
      <trkpt lat="46.69894312508404254913330078125" lon="23.5517798177897930145263671875">
        <ele>741</ele>
        <time>2024-10-27T12:16:51.000Z</time>
        <extensions>
          <ns3:TrackPointExtension>
            <ns3:hr>86</ns3:hr>
            <ns3:cad>0</ns3:cad>
          </ns3:TrackPointExtension>
        </extensions>
      </trkpt>
      <trkpt lat="46.6989948414266109466552734375" lon="23.55176456272602081298828125">
        <ele>741.5999755859375</ele>
        <time>2024-10-27T12:16:58.000Z</time>
        <extensions>
          <ns3:TrackPointExtension>
            <ns3:hr>89</ns3:hr>
            <ns3:cad>0</ns3:cad>
          </ns3:TrackPointExtension>
        </extensions>
      </trkpt>
      <trkpt lat="46.69903549365699291229248046875" lon="23.55175358243286609649658203125">
        <ele>742.20001220703125</ele>
        <time>2024-10-27T12:17:03.000Z</time>
        <extensions>
          <ns3:TrackPointExtension>
            <ns3:hr>92</ns3:hr>
            <ns3:cad>0</ns3:cad>
          </ns3:TrackPointExtension>
        </extensions>
      </trkpt>
      <trkpt lat="46.69903733767569065093994140625" lon="23.55175978504121303558349609375">
        <ele>742.4000244140625</ele>
        <time>2024-10-27T12:17:05.000Z</time>
        <extensions>
          <ns3:TrackPointExtension>
            <ns3:hr>93</ns3:hr>
            <ns3:cad>0</ns3:cad>
          </ns3:TrackPointExtension>
        </extensions>
      </trkpt>
      <trkpt lat="46.6990568675100803375244140625" lon="23.5517731122672557830810546875">
        <ele>742.4000244140625</ele>
        <time>2024-10-27T12:17:11.000Z</time>
        <extensions>
          <ns3:TrackPointExtension>
            <ns3:hr>90</ns3:hr>
            <ns3:cad>0</ns3:cad>
          </ns3:TrackPointExtension>
        </extensions>
      </trkpt>
      <trkpt lat="46.69906700961291790008544921875" lon="23.55177101679146289825439453125">
        <ele>742.4000244140625</ele>
        <time>2024-10-27T12:17:12.000Z</time>
        <extensions>
          <ns3:TrackPointExtension>
            <ns3:hr>87</ns3:hr>
            <ns3:cad>0</ns3:cad>
          </ns3:TrackPointExtension>
        </extensions>
      </trkpt>
      <trkpt lat="46.6990753076970577239990234375" lon="23.55176682583987712860107421875">
        <ele>742.4000244140625</ele>
        <time>2024-10-27T12:17:14.000Z</time>
        <extensions>
          <ns3:TrackPointExtension>
            <ns3:hr>85</ns3:hr>
            <ns3:cad>0</ns3:cad>
          </ns3:TrackPointExtension>
        </extensions>
      </trkpt>
      <trkpt lat="46.69900733046233654022216796875" lon="23.5517573542892932891845703125">
        <ele>742.5999755859375</ele>
        <time>2024-10-27T12:17:20.000Z</time>
        <extensions>
          <ns3:TrackPointExtension>
            <ns3:hr>83</ns3:hr>
            <ns3:cad>0</ns3:cad>
          </ns3:TrackPointExtension>
        </extensions>
      </trkpt>
      <trkpt lat="46.69900431297719478607177734375" lon="23.55176146142184734344482421875">
        <ele>742.5999755859375</ele>
        <time>2024-10-27T12:17:21.000Z</time>
        <extensions>
          <ns3:TrackPointExtension>
            <ns3:hr>83</ns3:hr>
            <ns3:cad>0</ns3:cad>
          </ns3:TrackPointExtension>
        </extensions>
      </trkpt>
      <trkpt lat="46.69898101128637790679931640625" lon="23.5518280975520610809326171875">
        <ele>742.4000244140625</ele>
        <time>2024-10-27T12:17:29.000Z</time>
        <extensions>
          <ns3:TrackPointExtension>
            <ns3:hr>80</ns3:hr>
            <ns3:cad>0</ns3:cad>
          </ns3:TrackPointExtension>
        </extensions>
      </trkpt>
      <trkpt lat="46.698981262743473052978515625" lon="23.551824577152729034423828125">
        <ele>742.4000244140625</ele>
        <time>2024-10-27T12:17:30.000Z</time>
        <extensions>
          <ns3:TrackPointExtension>
            <ns3:hr>76</ns3:hr>
            <ns3:cad>0</ns3:cad>
          </ns3:TrackPointExtension>
        </extensions>
      </trkpt>
      <trkpt lat="46.6989817656576633453369140625" lon="23.5518215596675872802734375">
        <ele>742.4000244140625</ele>
        <time>2024-10-27T12:17:31.000Z</time>
        <extensions>
          <ns3:TrackPointExtension>
            <ns3:hr>76</ns3:hr>
            <ns3:cad>0</ns3:cad>
          </ns3:TrackPointExtension>
        </extensions>
      </trkpt>
      <trkpt lat="46.69894949533045291900634765625" lon="23.5518166981637477874755859375">
        <ele>742.4000244140625</ele>
        <time>2024-10-27T12:17:35.000Z</time>
        <extensions>
          <ns3:TrackPointExtension>
            <ns3:hr>74</ns3:hr>
            <ns3:cad>0</ns3:cad>
          </ns3:TrackPointExtension>
        </extensions>
      </trkpt>
      <trkpt lat="46.698932312428951263427734375" lon="23.5518073104321956634521484375">
        <ele>742.5999755859375</ele>
        <time>2024-10-27T12:17:36.000Z</time>
        <extensions>
          <ns3:TrackPointExtension>
            <ns3:hr>75</ns3:hr>
            <ns3:cad>0</ns3:cad>
          </ns3:TrackPointExtension>
        </extensions>
      </trkpt>
      <trkpt lat="46.69889199547469615936279296875" lon="23.55176162905991077423095703125">
        <ele>742.4000244140625</ele>
        <time>2024-10-27T12:17:42.000Z</time>
        <extensions>
          <ns3:TrackPointExtension>
            <ns3:hr>75</ns3:hr>
            <ns3:cad>0</ns3:cad>
          </ns3:TrackPointExtension>
        </extensions>
      </trkpt>
      <trkpt lat="46.69888512231409549713134765625" lon="23.55175676755607128143310546875">
        <ele>742.4000244140625</ele>
        <time>2024-10-27T12:17:43.000Z</time>
        <extensions>
          <ns3:TrackPointExtension>
            <ns3:hr>75</ns3:hr>
            <ns3:cad>0</ns3:cad>
          </ns3:TrackPointExtension>
        </extensions>
      </trkpt>
      <trkpt lat="46.69888528995215892791748046875" lon="23.55174117721617221832275390625">
        <ele>742.79998779296875</ele>
        <time>2024-10-27T12:17:50.000Z</time>
        <extensions>
          <ns3:TrackPointExtension>
            <ns3:hr>74</ns3:hr>
            <ns3:cad>0</ns3:cad>
          </ns3:TrackPointExtension>
        </extensions>
      </trkpt>
      <trkpt lat="46.698877327144145965576171875" lon="23.55172567069530487060546875">
        <ele>743</ele>
        <time>2024-10-27T12:17:53.000Z</time>
        <extensions>
          <ns3:TrackPointExtension>
            <ns3:hr>77</ns3:hr>
            <ns3:cad>0</ns3:cad>
          </ns3:TrackPointExtension>
        </extensions>
      </trkpt>
      <trkpt lat="46.698873974382877349853515625" lon="23.55171469040215015411376953125">
        <ele>743</ele>
        <time>2024-10-27T12:17:54.000Z</time>
        <extensions>
          <ns3:TrackPointExtension>
            <ns3:hr>82</ns3:hr>
            <ns3:cad>0</ns3:cad>
          </ns3:TrackPointExtension>
        </extensions>
      </trkpt>
      <trkpt lat="46.69887187890708446502685546875" lon="23.5517167858779430389404296875">
        <ele>743</ele>
        <time>2024-10-27T12:17:55.000Z</time>
        <extensions>
          <ns3:TrackPointExtension>
            <ns3:hr>85</ns3:hr>
            <ns3:cad>0</ns3:cad>
          </ns3:TrackPointExtension>
        </extensions>
      </trkpt>
      <trkpt lat="46.69887028634548187255859375" lon="23.55172122828662395477294921875">
        <ele>743</ele>
        <time>2024-10-27T12:17:56.000Z</time>
        <extensions>
          <ns3:TrackPointExtension>
            <ns3:hr>85</ns3:hr>
            <ns3:cad>0</ns3:cad>
          </ns3:TrackPointExtension>
        </extensions>
      </trkpt>
      <trkpt lat="46.69887120835483074188232421875" lon="23.55171904899179935455322265625">
        <ele>742.79998779296875</ele>
        <time>2024-10-27T12:17:58.000Z</time>
        <extensions>
          <ns3:TrackPointExtension>
            <ns3:hr>85</ns3:hr>
            <ns3:cad>0</ns3:cad>
          </ns3:TrackPointExtension>
        </extensions>
      </trkpt>
      <trkpt lat="46.69885980896651744842529296875" lon="23.5516778938472270965576171875">
        <ele>742.5999755859375</ele>
        <time>2024-10-27T12:18:08.000Z</time>
        <extensions>
          <ns3:TrackPointExtension>
            <ns3:hr>86</ns3:hr>
            <ns3:cad>0</ns3:cad>
          </ns3:TrackPointExtension>
        </extensions>
      </trkpt>
      <trkpt lat="46.6988734714686870574951171875" lon="23.55170060880482196807861328125">
        <ele>742.5999755859375</ele>
        <time>2024-10-27T12:18:15.000Z</time>
        <extensions>
          <ns3:TrackPointExtension>
            <ns3:hr>84</ns3:hr>
            <ns3:cad>0</ns3:cad>
          </ns3:TrackPointExtension>
        </extensions>
      </trkpt>
      <trkpt lat="46.69886894524097442626953125" lon="23.55170312337577342987060546875">
        <ele>742.5999755859375</ele>
        <time>2024-10-27T12:18:21.000Z</time>
        <extensions>
          <ns3:TrackPointExtension>
            <ns3:hr>81</ns3:hr>
            <ns3:cad>0</ns3:cad>
          </ns3:TrackPointExtension>
        </extensions>
      </trkpt>
      <trkpt lat="46.69887657277286052703857421875" lon="23.551693148910999298095703125">
        <ele>742.5999755859375</ele>
        <time>2024-10-27T12:18:24.000Z</time>
        <extensions>
          <ns3:TrackPointExtension>
            <ns3:hr>80</ns3:hr>
            <ns3:cad>0</ns3:cad>
          </ns3:TrackPointExtension>
        </extensions>
      </trkpt>
      <trkpt lat="46.69888495467603206634521484375" lon="23.5517142713069915771484375">
        <ele>742.5999755859375</ele>
        <time>2024-10-27T12:18:26.000Z</time>
        <extensions>
          <ns3:TrackPointExtension>
            <ns3:hr>80</ns3:hr>
            <ns3:cad>0</ns3:cad>
          </ns3:TrackPointExtension>
        </extensions>
      </trkpt>
    </trkseg>
  </trk>
</gpx>
