<?xml version="1.0" encoding="UTF-8"?>
<gpx creator="Garmin Connect" version="1.1"
  xsi:schemaLocation="http://www.topografix.com/GPX/1/1 http://www.topografix.com/GPX/11.xsd"
  xmlns:ns3="http://www.garmin.com/xmlschemas/TrackPointExtension/v1"
  xmlns="http://www.topografix.com/GPX/1/1"
  xmlns:xsi="http://www.w3.org/2001/XMLSchema-instance" xmlns:ns2="http://www.garmin.com/xmlschemas/GpxExtensions/v3">
  <metadata>
    <link href="connect.garmin.com">
      <text>Garmin Connect</text>
    </link>
    <time>2020-08-09T10:01:48.000Z</time>
  </metadata>
  <trk>
    <name>Răchițele - Vârful Lespezi</name>
    <type>walking</type>
    <trkseg>
      <trkpt lat="46.7069827951490879058837890625" lon="22.8409154713153839111328125">
        <ele>828.20001220703125</ele>
        <time>2020-08-09T10:01:48.000Z</time>
        <extensions>
          <ns3:TrackPointExtension>
            <ns3:hr>92</ns3:hr>
          </ns3:TrackPointExtension>
        </extensions>
      </trkpt>
      <trkpt lat="46.70700282789766788482666015625" lon="22.84092418849468231201171875">
        <ele>828.79998779296875</ele>
        <time>2020-08-09T10:01:56.000Z</time>
        <extensions>
          <ns3:TrackPointExtension>
            <ns3:hr>95</ns3:hr>
          </ns3:TrackPointExtension>
        </extensions>
      </trkpt>
      <trkpt lat="46.70700333081185817718505859375" lon="22.8409287147223949432373046875">
        <ele>828.79998779296875</ele>
        <time>2020-08-09T10:01:57.000Z</time>
        <extensions>
          <ns3:TrackPointExtension>
            <ns3:hr>94</ns3:hr>
          </ns3:TrackPointExtension>
        </extensions>
      </trkpt>
      <trkpt lat="46.70704792253673076629638671875" lon="22.8408894874155521392822265625">
        <ele>829.20001220703125</ele>
        <time>2020-08-09T10:02:05.000Z</time>
        <extensions>
          <ns3:TrackPointExtension>
            <ns3:hr>93</ns3:hr>
          </ns3:TrackPointExtension>
        </extensions>
      </trkpt>
      <trkpt lat="46.70706938020884990692138671875" lon="22.84085168503224849700927734375">
        <ele>829.20001220703125</ele>
        <time>2020-08-09T10:02:08.000Z</time>
        <extensions>
          <ns3:TrackPointExtension>
            <ns3:hr>95</ns3:hr>
          </ns3:TrackPointExtension>
        </extensions>
      </trkpt>
      <trkpt lat="46.70708295889198780059814453125" lon="22.84082586877048015594482421875">
        <ele>829.20001220703125</ele>
        <time>2020-08-09T10:02:10.000Z</time>
        <extensions>
          <ns3:TrackPointExtension>
            <ns3:hr>98</ns3:hr>
          </ns3:TrackPointExtension>
        </extensions>
      </trkpt>
      <trkpt lat="46.7071122117340564727783203125" lon="22.840658314526081085205078125">
        <ele>829.79998779296875</ele>
        <time>2020-08-09T10:02:21.000Z</time>
        <extensions>
          <ns3:TrackPointExtension>
            <ns3:hr>97</ns3:hr>
          </ns3:TrackPointExtension>
        </extensions>
      </trkpt>
      <trkpt lat="46.70711581595242023468017578125" lon="22.84062252379953861236572265625">
        <ele>829.79998779296875</ele>
        <time>2020-08-09T10:02:24.000Z</time>
        <extensions>
          <ns3:TrackPointExtension>
            <ns3:hr>94</ns3:hr>
          </ns3:TrackPointExtension>
        </extensions>
      </trkpt>
      <trkpt lat="46.7071102000772953033447265625" lon="22.840594612061977386474609375">
        <ele>830</ele>
        <time>2020-08-09T10:02:26.000Z</time>
        <extensions>
          <ns3:TrackPointExtension>
            <ns3:hr>97</ns3:hr>
          </ns3:TrackPointExtension>
        </extensions>
      </trkpt>
      <trkpt lat="46.70710869133472442626953125" lon="22.84057558514177799224853515625">
        <ele>830.20001220703125</ele>
        <time>2020-08-09T10:02:28.000Z</time>
        <extensions>
          <ns3:TrackPointExtension>
            <ns3:hr>98</ns3:hr>
          </ns3:TrackPointExtension>
        </extensions>
      </trkpt>
      <trkpt lat="46.70712034218013286590576171875" lon="22.84053049050271511077880859375">
        <ele>830.5999755859375</ele>
        <time>2020-08-09T10:02:36.000Z</time>
        <extensions>
          <ns3:TrackPointExtension>
            <ns3:hr>98</ns3:hr>
          </ns3:TrackPointExtension>
        </extensions>
      </trkpt>
      <trkpt lat="46.70714490115642547607421875" lon="22.8405116312205791473388671875">
        <ele>831.20001220703125</ele>
        <time>2020-08-09T10:02:43.000Z</time>
        <extensions>
          <ns3:TrackPointExtension>
            <ns3:hr>101</ns3:hr>
          </ns3:TrackPointExtension>
        </extensions>
      </trkpt>
      <trkpt lat="46.70714884065091609954833984375" lon="22.8405015729367733001708984375">
        <ele>831.20001220703125</ele>
        <time>2020-08-09T10:02:44.000Z</time>
        <extensions>
          <ns3:TrackPointExtension>
            <ns3:hr>102</ns3:hr>
          </ns3:TrackPointExtension>
        </extensions>
      </trkpt>
      <trkpt lat="46.70716593973338603973388671875" lon="22.84043946303427219390869140625">
        <ele>831.79998779296875</ele>
        <time>2020-08-09T10:02:49.000Z</time>
        <extensions>
          <ns3:TrackPointExtension>
            <ns3:hr>102</ns3:hr>
          </ns3:TrackPointExtension>
        </extensions>
      </trkpt>
      <trkpt lat="46.7071987129747867584228515625" lon="22.84036017023026943206787109375">
        <ele>832.20001220703125</ele>
        <time>2020-08-09T10:02:54.000Z</time>
        <extensions>
          <ns3:TrackPointExtension>
            <ns3:hr>101</ns3:hr>
          </ns3:TrackPointExtension>
        </extensions>
      </trkpt>
      <trkpt lat="46.7072407901287078857421875" lon="22.84026310779154300689697265625">
        <ele>832.5999755859375</ele>
        <time>2020-08-09T10:03:00.000Z</time>
        <extensions>
          <ns3:TrackPointExtension>
            <ns3:hr>102</ns3:hr>
          </ns3:TrackPointExtension>
        </extensions>
      </trkpt>
      <trkpt lat="46.70728127472102642059326171875" lon="22.84009404480457305908203125">
        <ele>833</ele>
        <time>2020-08-09T10:03:10.000Z</time>
        <extensions>
          <ns3:TrackPointExtension>
            <ns3:hr>99</ns3:hr>
          </ns3:TrackPointExtension>
        </extensions>
      </trkpt>
      <trkpt lat="46.70729015953838825225830078125" lon="22.84007132984697818756103515625">
        <ele>833</ele>
        <time>2020-08-09T10:03:12.000Z</time>
        <extensions>
          <ns3:TrackPointExtension>
            <ns3:hr>96</ns3:hr>
          </ns3:TrackPointExtension>
        </extensions>
      </trkpt>
      <trkpt lat="46.70731631107628345489501953125" lon="22.8400298394262790679931640625">
        <ele>833</ele>
        <time>2020-08-09T10:03:16.000Z</time>
        <extensions>
          <ns3:TrackPointExtension>
            <ns3:hr>95</ns3:hr>
          </ns3:TrackPointExtension>
        </extensions>
      </trkpt>
      <trkpt lat="46.707361824810504913330078125" lon="22.8399805538356304168701171875">
        <ele>833.20001220703125</ele>
        <time>2020-08-09T10:03:22.000Z</time>
        <extensions>
          <ns3:TrackPointExtension>
            <ns3:hr>98</ns3:hr>
          </ns3:TrackPointExtension>
        </extensions>
      </trkpt>
      <trkpt lat="46.707388646900653839111328125" lon="22.83993579447269439697265625">
        <ele>833.20001220703125</ele>
        <time>2020-08-09T10:03:26.000Z</time>
        <extensions>
          <ns3:TrackPointExtension>
            <ns3:hr>100</ns3:hr>
          </ns3:TrackPointExtension>
        </extensions>
      </trkpt>
      <trkpt lat="46.707408763468265533447265625" lon="22.839898578822612762451171875">
        <ele>833.4000244140625</ele>
        <time>2020-08-09T10:03:29.000Z</time>
        <extensions>
          <ns3:TrackPointExtension>
            <ns3:hr>97</ns3:hr>
          </ns3:TrackPointExtension>
        </extensions>
      </trkpt>
      <trkpt lat="46.70744103379547595977783203125" lon="22.839850969612598419189453125">
        <ele>833.5999755859375</ele>
        <time>2020-08-09T10:03:33.000Z</time>
        <extensions>
          <ns3:TrackPointExtension>
            <ns3:hr>99</ns3:hr>
          </ns3:TrackPointExtension>
        </extensions>
      </trkpt>
      <trkpt lat="46.7074739746749401092529296875" lon="22.83979405649006366729736328125">
        <ele>833.5999755859375</ele>
        <time>2020-08-09T10:03:36.000Z</time>
        <extensions>
          <ns3:TrackPointExtension>
            <ns3:hr>102</ns3:hr>
          </ns3:TrackPointExtension>
        </extensions>
      </trkpt>
      <trkpt lat="46.7074796743690967559814453125" lon="22.8397421725094318389892578125">
        <ele>833.79998779296875</ele>
        <time>2020-08-09T10:03:39.000Z</time>
        <extensions>
          <ns3:TrackPointExtension>
            <ns3:hr>98</ns3:hr>
          </ns3:TrackPointExtension>
        </extensions>
      </trkpt>
      <trkpt lat="46.70752309262752532958984375" lon="22.83968157134950160980224609375">
        <ele>834</ele>
        <time>2020-08-09T10:03:45.000Z</time>
        <extensions>
          <ns3:TrackPointExtension>
            <ns3:hr>97</ns3:hr>
          </ns3:TrackPointExtension>
        </extensions>
      </trkpt>
      <trkpt lat="46.70759090222418308258056640625" lon="22.83957160077989101409912109375">
        <ele>834.4000244140625</ele>
        <time>2020-08-09T10:03:53.000Z</time>
        <extensions>
          <ns3:TrackPointExtension>
            <ns3:hr>98</ns3:hr>
          </ns3:TrackPointExtension>
        </extensions>
      </trkpt>
      <trkpt lat="46.7076479829847812652587890625" lon="22.8394954092800617218017578125">
        <ele>835</ele>
        <time>2020-08-09T10:03:59.000Z</time>
        <extensions>
          <ns3:TrackPointExtension>
            <ns3:hr>95</ns3:hr>
          </ns3:TrackPointExtension>
        </extensions>
      </trkpt>
      <trkpt lat="46.7076687701046466827392578125" lon="22.83946104347705841064453125">
        <ele>835.20001220703125</ele>
        <time>2020-08-09T10:04:03.000Z</time>
        <extensions>
          <ns3:TrackPointExtension>
            <ns3:hr>96</ns3:hr>
          </ns3:TrackPointExtension>
        </extensions>
      </trkpt>
      <trkpt lat="46.7076758109033107757568359375" lon="22.839452661573886871337890625">
        <ele>835.4000244140625</ele>
        <time>2020-08-09T10:04:04.000Z</time>
        <extensions>
          <ns3:TrackPointExtension>
            <ns3:hr>96</ns3:hr>
          </ns3:TrackPointExtension>
        </extensions>
      </trkpt>
      <trkpt lat="46.70772618614137172698974609375" lon="22.83945702016353607177734375">
        <ele>836</ele>
        <time>2020-08-09T10:04:09.000Z</time>
        <extensions>
          <ns3:TrackPointExtension>
            <ns3:hr>99</ns3:hr>
          </ns3:TrackPointExtension>
        </extensions>
      </trkpt>
      <trkpt lat="46.70775183476507663726806640625" lon="22.8394581936299800872802734375">
        <ele>836.20001220703125</ele>
        <time>2020-08-09T10:04:12.000Z</time>
        <extensions>
          <ns3:TrackPointExtension>
            <ns3:hr>95</ns3:hr>
          </ns3:TrackPointExtension>
        </extensions>
      </trkpt>
      <trkpt lat="46.70776524581015110015869140625" lon="22.83946062438189983367919921875">
        <ele>836.4000244140625</ele>
        <time>2020-08-09T10:04:13.000Z</time>
        <extensions>
          <ns3:TrackPointExtension>
            <ns3:hr>95</ns3:hr>
          </ns3:TrackPointExtension>
        </extensions>
      </trkpt>
      <trkpt lat="46.70780179090797901153564453125" lon="22.83947939984500408172607421875">
        <ele>836.79998779296875</ele>
        <time>2020-08-09T10:04:18.000Z</time>
        <extensions>
          <ns3:TrackPointExtension>
            <ns3:hr>96</ns3:hr>
          </ns3:TrackPointExtension>
        </extensions>
      </trkpt>
      <trkpt lat="46.70787823386490345001220703125" lon="22.8395135141909122467041015625">
        <ele>837.4000244140625</ele>
        <time>2020-08-09T10:04:25.000Z</time>
        <extensions>
          <ns3:TrackPointExtension>
            <ns3:hr>97</ns3:hr>
          </ns3:TrackPointExtension>
        </extensions>
      </trkpt>
      <trkpt lat="46.707916371524333953857421875" lon="22.839513681828975677490234375">
        <ele>837.5999755859375</ele>
        <time>2020-08-09T10:04:27.000Z</time>
        <extensions>
          <ns3:TrackPointExtension>
            <ns3:hr>100</ns3:hr>
          </ns3:TrackPointExtension>
        </extensions>
      </trkpt>
      <trkpt lat="46.70793422497808933258056640625" lon="22.83951343037188053131103515625">
        <ele>837.5999755859375</ele>
        <time>2020-08-09T10:04:28.000Z</time>
        <extensions>
          <ns3:TrackPointExtension>
            <ns3:hr>102</ns3:hr>
          </ns3:TrackPointExtension>
        </extensions>
      </trkpt>
      <trkpt lat="46.70796808786690235137939453125" lon="22.8395126760005950927734375">
        <ele>837.79998779296875</ele>
        <time>2020-08-09T10:04:30.000Z</time>
        <extensions>
          <ns3:TrackPointExtension>
            <ns3:hr>99</ns3:hr>
          </ns3:TrackPointExtension>
        </extensions>
      </trkpt>
      <trkpt lat="46.70798904262483119964599609375" lon="22.83951393328607082366943359375">
        <ele>837.79998779296875</ele>
        <time>2020-08-09T10:04:31.000Z</time>
        <extensions>
          <ns3:TrackPointExtension>
            <ns3:hr>99</ns3:hr>
          </ns3:TrackPointExtension>
        </extensions>
      </trkpt>
      <trkpt lat="46.708115525543689727783203125" lon="22.8395064733922481536865234375">
        <ele>838.4000244140625</ele>
        <time>2020-08-09T10:04:39.000Z</time>
        <extensions>
          <ns3:TrackPointExtension>
            <ns3:hr>98</ns3:hr>
          </ns3:TrackPointExtension>
        </extensions>
      </trkpt>
      <trkpt lat="46.70812801457941532135009765625" lon="22.8394954092800617218017578125">
        <ele>838.5999755859375</ele>
        <time>2020-08-09T10:04:40.000Z</time>
        <extensions>
          <ns3:TrackPointExtension>
            <ns3:hr>98</ns3:hr>
          </ns3:TrackPointExtension>
        </extensions>
      </trkpt>
      <trkpt lat="46.70817176811397075653076171875" lon="22.8394590318202972412109375">
        <ele>839.5999755859375</ele>
        <time>2020-08-09T10:04:46.000Z</time>
        <extensions>
          <ns3:TrackPointExtension>
            <ns3:hr>99</ns3:hr>
          </ns3:TrackPointExtension>
        </extensions>
      </trkpt>
      <trkpt lat="46.70815399847924709320068359375" lon="22.83945039846003055572509765625">
        <ele>839.5999755859375</ele>
        <time>2020-08-09T10:04:47.000Z</time>
        <extensions>
          <ns3:TrackPointExtension>
            <ns3:hr>99</ns3:hr>
          </ns3:TrackPointExtension>
        </extensions>
      </trkpt>
      <trkpt lat="46.7081780545413494110107421875" lon="22.839424498379230499267578125">
        <ele>840.20001220703125</ele>
        <time>2020-08-09T10:04:50.000Z</time>
        <extensions>
          <ns3:TrackPointExtension>
            <ns3:hr>103</ns3:hr>
          </ns3:TrackPointExtension>
        </extensions>
      </trkpt>
      <trkpt lat="46.70819255523383617401123046875" lon="22.83941276371479034423828125">
        <ele>840.4000244140625</ele>
        <time>2020-08-09T10:04:51.000Z</time>
        <extensions>
          <ns3:TrackPointExtension>
            <ns3:hr>101</ns3:hr>
          </ns3:TrackPointExtension>
        </extensions>
      </trkpt>
      <trkpt lat="46.708216108381748199462890625" lon="22.8393951617181301116943359375">
        <ele>840.5999755859375</ele>
        <time>2020-08-09T10:04:53.000Z</time>
        <extensions>
          <ns3:TrackPointExtension>
            <ns3:hr>99</ns3:hr>
          </ns3:TrackPointExtension>
        </extensions>
      </trkpt>
      <trkpt lat="46.70823060907423496246337890625" lon="22.8393555991351604461669921875">
        <ele>841</ele>
        <time>2020-08-09T10:04:56.000Z</time>
        <extensions>
          <ns3:TrackPointExtension>
            <ns3:hr>100</ns3:hr>
          </ns3:TrackPointExtension>
        </extensions>
      </trkpt>
      <trkpt lat="46.70824888162314891815185546875" lon="22.839335314929485321044921875">
        <ele>841.20001220703125</ele>
        <time>2020-08-09T10:04:58.000Z</time>
        <extensions>
          <ns3:TrackPointExtension>
            <ns3:hr>97</ns3:hr>
          </ns3:TrackPointExtension>
        </extensions>
      </trkpt>
      <trkpt lat="46.70827318914234638214111328125" lon="22.83927940763533115386962890625">
        <ele>841.4000244140625</ele>
        <time>2020-08-09T10:05:02.000Z</time>
        <extensions>
          <ns3:TrackPointExtension>
            <ns3:hr>104</ns3:hr>
          </ns3:TrackPointExtension>
        </extensions>
      </trkpt>
      <trkpt lat="46.70829556882381439208984375" lon="22.83924504183232784271240234375">
        <ele>841.79998779296875</ele>
        <time>2020-08-09T10:05:05.000Z</time>
        <extensions>
          <ns3:TrackPointExtension>
            <ns3:hr>106</ns3:hr>
          </ns3:TrackPointExtension>
        </extensions>
      </trkpt>
      <trkpt lat="46.708306968212127685546875" lon="22.83924303017556667327880859375">
        <ele>841.79998779296875</ele>
        <time>2020-08-09T10:05:06.000Z</time>
        <extensions>
          <ns3:TrackPointExtension>
            <ns3:hr>107</ns3:hr>
          </ns3:TrackPointExtension>
        </extensions>
      </trkpt>
      <trkpt lat="46.7083788849413394927978515625" lon="22.839221656322479248046875">
        <ele>842.79998779296875</ele>
        <time>2020-08-09T10:05:14.000Z</time>
        <extensions>
          <ns3:TrackPointExtension>
            <ns3:hr>109</ns3:hr>
          </ns3:TrackPointExtension>
        </extensions>
      </trkpt>
      <trkpt lat="46.70838550664484500885009765625" lon="22.83921268768608570098876953125">
        <ele>842.79998779296875</ele>
        <time>2020-08-09T10:05:15.000Z</time>
        <extensions>
          <ns3:TrackPointExtension>
            <ns3:hr>110</ns3:hr>
          </ns3:TrackPointExtension>
        </extensions>
      </trkpt>
      <trkpt lat="46.7084102332592010498046875" lon="22.839097939431667327880859375">
        <ele>843.4000244140625</ele>
        <time>2020-08-09T10:05:22.000Z</time>
        <extensions>
          <ns3:TrackPointExtension>
            <ns3:hr>109</ns3:hr>
          </ns3:TrackPointExtension>
        </extensions>
      </trkpt>
      <trkpt lat="46.70845893211662769317626953125" lon="22.8390092588961124420166015625">
        <ele>843.79998779296875</ele>
        <time>2020-08-09T10:05:28.000Z</time>
        <extensions>
          <ns3:TrackPointExtension>
            <ns3:hr>110</ns3:hr>
          </ns3:TrackPointExtension>
        </extensions>
      </trkpt>
      <trkpt lat="46.70846228487789630889892578125" lon="22.83899559639394283294677734375">
        <ele>843.79998779296875</ele>
        <time>2020-08-09T10:05:29.000Z</time>
        <extensions>
          <ns3:TrackPointExtension>
            <ns3:hr>109</ns3:hr>
          </ns3:TrackPointExtension>
        </extensions>
      </trkpt>
      <trkpt lat="46.70850880444049835205078125" lon="22.8389572910964488983154296875">
        <ele>844.20001220703125</ele>
        <time>2020-08-09T10:05:34.000Z</time>
        <extensions>
          <ns3:TrackPointExtension>
            <ns3:hr>106</ns3:hr>
          </ns3:TrackPointExtension>
        </extensions>
      </trkpt>
      <trkpt lat="46.70851819217205047607421875" lon="22.83895687200129032135009765625">
        <ele>844.20001220703125</ele>
        <time>2020-08-09T10:05:35.000Z</time>
        <extensions>
          <ns3:TrackPointExtension>
            <ns3:hr>107</ns3:hr>
          </ns3:TrackPointExtension>
        </extensions>
      </trkpt>
      <trkpt lat="46.708603017032146453857421875" lon="22.83888512291014194488525390625">
        <ele>845</ele>
        <time>2020-08-09T10:05:43.000Z</time>
        <extensions>
          <ns3:TrackPointExtension>
            <ns3:hr>108</ns3:hr>
          </ns3:TrackPointExtension>
        </extensions>
      </trkpt>
      <trkpt lat="46.70862472616136074066162109375" lon="22.8387108631432056427001953125">
        <ele>845.79998779296875</ele>
        <time>2020-08-09T10:05:50.000Z</time>
        <extensions>
          <ns3:TrackPointExtension>
            <ns3:hr>110</ns3:hr>
          </ns3:TrackPointExtension>
        </extensions>
      </trkpt>
      <trkpt lat="46.7086199484765529632568359375" lon="22.8385606594383716583251953125">
        <ele>846</ele>
        <time>2020-08-09T10:05:56.000Z</time>
        <extensions>
          <ns3:TrackPointExtension>
            <ns3:hr>112</ns3:hr>
          </ns3:TrackPointExtension>
        </extensions>
      </trkpt>
      <trkpt lat="46.7086273245513439178466796875" lon="22.83855705522000789642333984375">
        <ele>846.20001220703125</ele>
        <time>2020-08-09T10:05:57.000Z</time>
        <extensions>
          <ns3:TrackPointExtension>
            <ns3:hr>111</ns3:hr>
          </ns3:TrackPointExtension>
        </extensions>
      </trkpt>
      <trkpt lat="46.70867376029491424560546875" lon="22.83848748542368412017822265625">
        <ele>846.5999755859375</ele>
        <time>2020-08-09T10:06:04.000Z</time>
        <extensions>
          <ns3:TrackPointExtension>
            <ns3:hr>112</ns3:hr>
          </ns3:TrackPointExtension>
        </extensions>
      </trkpt>
      <trkpt lat="46.70867166481912136077880859375" lon="22.83831951208412647247314453125">
        <ele>846.79998779296875</ele>
        <time>2020-08-09T10:06:11.000Z</time>
        <extensions>
          <ns3:TrackPointExtension>
            <ns3:hr>111</ns3:hr>
          </ns3:TrackPointExtension>
        </extensions>
      </trkpt>
      <trkpt lat="46.70868717133998870849609375" lon="22.8382294066250324249267578125">
        <ele>847</ele>
        <time>2020-08-09T10:06:15.000Z</time>
        <extensions>
          <ns3:TrackPointExtension>
            <ns3:hr>110</ns3:hr>
          </ns3:TrackPointExtension>
        </extensions>
      </trkpt>
      <trkpt lat="46.70869362540543079376220703125" lon="22.8381593339145183563232421875">
        <ele>847.20001220703125</ele>
        <time>2020-08-09T10:06:18.000Z</time>
        <extensions>
          <ns3:TrackPointExtension>
            <ns3:hr>107</ns3:hr>
          </ns3:TrackPointExtension>
        </extensions>
      </trkpt>
      <trkpt lat="46.7086953856050968170166015625" lon="22.83812086097896099090576171875">
        <ele>847.4000244140625</ele>
        <time>2020-08-09T10:06:20.000Z</time>
        <extensions>
          <ns3:TrackPointExtension>
            <ns3:hr>108</ns3:hr>
          </ns3:TrackPointExtension>
        </extensions>
      </trkpt>
      <trkpt lat="46.70869630761444568634033203125" lon="22.83800016157329082489013671875">
        <ele>848</ele>
        <time>2020-08-09T10:06:26.000Z</time>
        <extensions>
          <ns3:TrackPointExtension>
            <ns3:hr>107</ns3:hr>
          </ns3:TrackPointExtension>
        </extensions>
      </trkpt>
      <trkpt lat="46.70871265232563018798828125" lon="22.83794802613556385040283203125">
        <ele>848.20001220703125</ele>
        <time>2020-08-09T10:06:29.000Z</time>
        <extensions>
          <ns3:TrackPointExtension>
            <ns3:hr>109</ns3:hr>
          </ns3:TrackPointExtension>
        </extensions>
      </trkpt>
      <trkpt lat="46.7087160050868988037109375" lon="22.837888263165950775146484375">
        <ele>848.4000244140625</ele>
        <time>2020-08-09T10:06:32.000Z</time>
        <extensions>
          <ns3:TrackPointExtension>
            <ns3:hr>106</ns3:hr>
          </ns3:TrackPointExtension>
        </extensions>
      </trkpt>
      <trkpt lat="46.70870787464082241058349609375" lon="22.83782715909183025360107421875">
        <ele>848.5999755859375</ele>
        <time>2020-08-09T10:06:35.000Z</time>
        <extensions>
          <ns3:TrackPointExtension>
            <ns3:hr>105</ns3:hr>
          </ns3:TrackPointExtension>
        </extensions>
      </trkpt>
      <trkpt lat="46.70872044749557971954345703125" lon="22.837795726954936981201171875">
        <ele>849</ele>
        <time>2020-08-09T10:06:37.000Z</time>
        <extensions>
          <ns3:TrackPointExtension>
            <ns3:hr>104</ns3:hr>
          </ns3:TrackPointExtension>
        </extensions>
      </trkpt>
      <trkpt lat="46.7087416537106037139892578125" lon="22.8377290070056915283203125">
        <ele>849.5999755859375</ele>
        <time>2020-08-09T10:06:42.000Z</time>
        <extensions>
          <ns3:TrackPointExtension>
            <ns3:hr>110</ns3:hr>
          </ns3:TrackPointExtension>
        </extensions>
      </trkpt>
      <trkpt lat="46.7087792046368122100830078125" lon="22.83771735616028308868408203125">
        <ele>849.79998779296875</ele>
        <time>2020-08-09T10:06:45.000Z</time>
        <extensions>
          <ns3:TrackPointExtension>
            <ns3:hr>112</ns3:hr>
          </ns3:TrackPointExtension>
        </extensions>
      </trkpt>
      <trkpt lat="46.70879923738539218902587890625" lon="22.83768542110919952392578125">
        <ele>850</ele>
        <time>2020-08-09T10:06:48.000Z</time>
        <extensions>
          <ns3:TrackPointExtension>
            <ns3:hr>115</ns3:hr>
          </ns3:TrackPointExtension>
        </extensions>
      </trkpt>
      <trkpt lat="46.70881415717303752899169921875" lon="22.83765197731554508209228515625">
        <ele>850.20001220703125</ele>
        <time>2020-08-09T10:06:50.000Z</time>
        <extensions>
          <ns3:TrackPointExtension>
            <ns3:hr>110</ns3:hr>
          </ns3:TrackPointExtension>
        </extensions>
      </trkpt>
      <trkpt lat="46.70884835533797740936279296875" lon="22.8376279212534427642822265625">
        <ele>850.20001220703125</ele>
        <time>2020-08-09T10:06:53.000Z</time>
        <extensions>
          <ns3:TrackPointExtension>
            <ns3:hr>107</ns3:hr>
          </ns3:TrackPointExtension>
        </extensions>
      </trkpt>
      <trkpt lat="46.708863861858844757080078125" lon="22.83762448467314243316650390625">
        <ele>850.20001220703125</ele>
        <time>2020-08-09T10:06:54.000Z</time>
        <extensions>
          <ns3:TrackPointExtension>
            <ns3:hr>110</ns3:hr>
          </ns3:TrackPointExtension>
        </extensions>
      </trkpt>
      <trkpt lat="46.70888992957770824432373046875" lon="22.83758022822439670562744140625">
        <ele>850.5999755859375</ele>
        <time>2020-08-09T10:06:57.000Z</time>
        <extensions>
          <ns3:TrackPointExtension>
            <ns3:hr>110</ns3:hr>
          </ns3:TrackPointExtension>
        </extensions>
      </trkpt>
      <trkpt lat="46.70894474722445011138916015625" lon="22.83751619048416614532470703125">
        <ele>850.79998779296875</ele>
        <time>2020-08-09T10:07:03.000Z</time>
        <extensions>
          <ns3:TrackPointExtension>
            <ns3:hr>107</ns3:hr>
          </ns3:TrackPointExtension>
        </extensions>
      </trkpt>
      <trkpt lat="46.7089428193867206573486328125" lon="22.83748291432857513427734375">
        <ele>850.79998779296875</ele>
        <time>2020-08-09T10:07:05.000Z</time>
        <extensions>
          <ns3:TrackPointExtension>
            <ns3:hr>106</ns3:hr>
          </ns3:TrackPointExtension>
        </extensions>
      </trkpt>
      <trkpt lat="46.7089386284351348876953125" lon="22.83746489323675632476806640625">
        <ele>851</ele>
        <time>2020-08-09T10:07:06.000Z</time>
        <extensions>
          <ns3:TrackPointExtension>
            <ns3:hr>109</ns3:hr>
          </ns3:TrackPointExtension>
        </extensions>
      </trkpt>
      <trkpt lat="46.70896687544882297515869140625" lon="22.83737101592123508453369140625">
        <ele>851.20001220703125</ele>
        <time>2020-08-09T10:07:13.000Z</time>
        <extensions>
          <ns3:TrackPointExtension>
            <ns3:hr>110</ns3:hr>
          </ns3:TrackPointExtension>
        </extensions>
      </trkpt>
      <trkpt lat="46.7090182565152645111083984375" lon="22.83722148276865482330322265625">
        <ele>851.20001220703125</ele>
        <time>2020-08-09T10:07:20.000Z</time>
        <extensions>
          <ns3:TrackPointExtension>
            <ns3:hr>108</ns3:hr>
          </ns3:TrackPointExtension>
        </extensions>
      </trkpt>
      <trkpt lat="46.7090239562094211578369140625" lon="22.83701394684612751007080078125">
        <ele>851.5999755859375</ele>
        <time>2020-08-09T10:07:30.000Z</time>
        <extensions>
          <ns3:TrackPointExtension>
            <ns3:hr>110</ns3:hr>
          </ns3:TrackPointExtension>
        </extensions>
      </trkpt>
      <trkpt lat="46.70908858068287372589111328125" lon="22.8369228355586528778076171875">
        <ele>851.5999755859375</ele>
        <time>2020-08-09T10:07:40.000Z</time>
        <extensions>
          <ns3:TrackPointExtension>
            <ns3:hr>110</ns3:hr>
          </ns3:TrackPointExtension>
        </extensions>
      </trkpt>
      <trkpt lat="46.70910417102277278900146484375" lon="22.8368826024234294891357421875">
        <ele>851.5999755859375</ele>
        <time>2020-08-09T10:07:44.000Z</time>
        <extensions>
          <ns3:TrackPointExtension>
            <ns3:hr>107</ns3:hr>
          </ns3:TrackPointExtension>
        </extensions>
      </trkpt>
      <trkpt lat="46.70912629924714565277099609375" lon="22.83688235096633434295654296875">
        <ele>851.79998779296875</ele>
        <time>2020-08-09T10:07:46.000Z</time>
        <extensions>
          <ns3:TrackPointExtension>
            <ns3:hr>106</ns3:hr>
          </ns3:TrackPointExtension>
        </extensions>
      </trkpt>
      <trkpt lat="46.70916619710624217987060546875" lon="22.83681772649288177490234375">
        <ele>852</ele>
        <time>2020-08-09T10:07:53.000Z</time>
        <extensions>
          <ns3:TrackPointExtension>
            <ns3:hr>106</ns3:hr>
          </ns3:TrackPointExtension>
        </extensions>
      </trkpt>
      <trkpt lat="46.7092331685125827789306640625" lon="22.83671186305582523345947265625">
        <ele>852.20001220703125</ele>
        <time>2020-08-09T10:08:02.000Z</time>
        <extensions>
          <ns3:TrackPointExtension>
            <ns3:hr>104</ns3:hr>
          </ns3:TrackPointExtension>
        </extensions>
      </trkpt>
      <trkpt lat="46.70923165977001190185546875" lon="22.8366995416581630706787109375">
        <ele>852.4000244140625</ele>
        <time>2020-08-09T10:08:03.000Z</time>
        <extensions>
          <ns3:TrackPointExtension>
            <ns3:hr>104</ns3:hr>
          </ns3:TrackPointExtension>
        </extensions>
      </trkpt>
      <trkpt lat="46.70929879881441593170166015625" lon="22.8366546146571636199951171875">
        <ele>852.79998779296875</ele>
        <time>2020-08-09T10:08:10.000Z</time>
        <extensions>
          <ns3:TrackPointExtension>
            <ns3:hr>105</ns3:hr>
          </ns3:TrackPointExtension>
        </extensions>
      </trkpt>
      <trkpt lat="46.70937255956232547760009765625" lon="22.836605496704578399658203125">
        <ele>853.20001220703125</ele>
        <time>2020-08-09T10:08:16.000Z</time>
        <extensions>
          <ns3:TrackPointExtension>
            <ns3:hr>107</ns3:hr>
          </ns3:TrackPointExtension>
        </extensions>
      </trkpt>
      <trkpt lat="46.7093981243669986724853515625" lon="22.83659510314464569091796875">
        <ele>853.20001220703125</ele>
        <time>2020-08-09T10:08:18.000Z</time>
        <extensions>
          <ns3:TrackPointExtension>
            <ns3:hr>108</ns3:hr>
          </ns3:TrackPointExtension>
        </extensions>
      </trkpt>
      <trkpt lat="46.7094175703823566436767578125" lon="22.83653466962277889251708984375">
        <ele>853.5999755859375</ele>
        <time>2020-08-09T10:08:24.000Z</time>
        <extensions>
          <ns3:TrackPointExtension>
            <ns3:hr>110</ns3:hr>
          </ns3:TrackPointExtension>
        </extensions>
      </trkpt>
      <trkpt lat="46.709422431886196136474609375" lon="22.83645018003880977630615234375">
        <ele>854</ele>
        <time>2020-08-09T10:08:30.000Z</time>
        <extensions>
          <ns3:TrackPointExtension>
            <ns3:hr>106</ns3:hr>
          </ns3:TrackPointExtension>
        </extensions>
      </trkpt>
      <trkpt lat="46.70942134223878383636474609375" lon="22.8364091925323009490966796875">
        <ele>854.20001220703125</ele>
        <time>2020-08-09T10:08:32.000Z</time>
        <extensions>
          <ns3:TrackPointExtension>
            <ns3:hr>107</ns3:hr>
          </ns3:TrackPointExtension>
        </extensions>
      </trkpt>
      <trkpt lat="46.70942100696265697479248046875" lon="22.8363825380802154541015625">
        <ele>854.20001220703125</ele>
        <time>2020-08-09T10:08:33.000Z</time>
        <extensions>
          <ns3:TrackPointExtension>
            <ns3:hr>106</ns3:hr>
          </ns3:TrackPointExtension>
        </extensions>
      </trkpt>
      <trkpt lat="46.7094348371028900146484375" lon="22.8362871520221233367919921875">
        <ele>854.79998779296875</ele>
        <time>2020-08-09T10:08:39.000Z</time>
        <extensions>
          <ns3:TrackPointExtension>
            <ns3:hr>109</ns3:hr>
          </ns3:TrackPointExtension>
        </extensions>
      </trkpt>
      <trkpt lat="46.7094413749873638153076171875" lon="22.83627466298639774322509765625">
        <ele>854.79998779296875</ele>
        <time>2020-08-09T10:08:40.000Z</time>
        <extensions>
          <ns3:TrackPointExtension>
            <ns3:hr>105</ns3:hr>
          </ns3:TrackPointExtension>
        </extensions>
      </trkpt>
      <trkpt lat="46.70950180850923061370849609375" lon="22.83615681342780590057373046875">
        <ele>855.20001220703125</ele>
        <time>2020-08-09T10:08:47.000Z</time>
        <extensions>
          <ns3:TrackPointExtension>
            <ns3:hr>106</ns3:hr>
          </ns3:TrackPointExtension>
        </extensions>
      </trkpt>
      <trkpt lat="46.70950868166983127593994140625" lon="22.836144827306270599365234375">
        <ele>855.20001220703125</ele>
        <time>2020-08-09T10:08:48.000Z</time>
        <extensions>
          <ns3:TrackPointExtension>
            <ns3:hr>106</ns3:hr>
          </ns3:TrackPointExtension>
        </extensions>
      </trkpt>
      <trkpt lat="46.7095194943249225616455078125" lon="22.83599831163883209228515625">
        <ele>855.4000244140625</ele>
        <time>2020-08-09T10:08:55.000Z</time>
        <extensions>
          <ns3:TrackPointExtension>
            <ns3:hr>107</ns3:hr>
          </ns3:TrackPointExtension>
        </extensions>
      </trkpt>
      <trkpt lat="46.70957875438034534454345703125" lon="22.835917510092258453369140625">
        <ele>855.5999755859375</ele>
        <time>2020-08-09T10:09:02.000Z</time>
        <extensions>
          <ns3:TrackPointExtension>
            <ns3:hr>108</ns3:hr>
          </ns3:TrackPointExtension>
        </extensions>
      </trkpt>
      <trkpt lat="46.70961982570588588714599609375" lon="22.8358110599219799041748046875">
        <ele>855.5999755859375</ele>
        <time>2020-08-09T10:09:09.000Z</time>
        <extensions>
          <ns3:TrackPointExtension>
            <ns3:hr>109</ns3:hr>
          </ns3:TrackPointExtension>
        </extensions>
      </trkpt>
      <trkpt lat="46.7096737213432788848876953125" lon="22.83572279848158359527587890625">
        <ele>855.79998779296875</ele>
        <time>2020-08-09T10:09:17.000Z</time>
        <extensions>
          <ns3:TrackPointExtension>
            <ns3:hr>110</ns3:hr>
          </ns3:TrackPointExtension>
        </extensions>
      </trkpt>
      <trkpt lat="46.709741614758968353271484375" lon="22.835623808205127716064453125">
        <ele>855.4000244140625</ele>
        <time>2020-08-09T10:09:25.000Z</time>
        <extensions>
          <ns3:TrackPointExtension>
            <ns3:hr>109</ns3:hr>
          </ns3:TrackPointExtension>
        </extensions>
      </trkpt>
      <trkpt lat="46.70980506576597690582275390625" lon="22.83561131916940212249755859375">
        <ele>854.79998779296875</ele>
        <time>2020-08-09T10:09:32.000Z</time>
        <extensions>
          <ns3:TrackPointExtension>
            <ns3:hr>109</ns3:hr>
          </ns3:TrackPointExtension>
        </extensions>
      </trkpt>
      <trkpt lat="46.70982308685779571533203125" lon="22.83557108603417873382568359375">
        <ele>854.5999755859375</ele>
        <time>2020-08-09T10:09:37.000Z</time>
        <extensions>
          <ns3:TrackPointExtension>
            <ns3:hr>106</ns3:hr>
          </ns3:TrackPointExtension>
        </extensions>
      </trkpt>
      <trkpt lat="46.70984127558767795562744140625" lon="22.835538648068904876708984375">
        <ele>854.4000244140625</ele>
        <time>2020-08-09T10:09:40.000Z</time>
        <extensions>
          <ns3:TrackPointExtension>
            <ns3:hr>104</ns3:hr>
          </ns3:TrackPointExtension>
        </extensions>
      </trkpt>
      <trkpt lat="46.70984446071088314056396484375" lon="22.835489027202129364013671875">
        <ele>854.20001220703125</ele>
        <time>2020-08-09T10:09:44.000Z</time>
        <extensions>
          <ns3:TrackPointExtension>
            <ns3:hr>101</ns3:hr>
          </ns3:TrackPointExtension>
        </extensions>
      </trkpt>
      <trkpt lat="46.70986524783074855804443359375" lon="22.835482992231845855712890625">
        <ele>854.20001220703125</ele>
        <time>2020-08-09T10:09:47.000Z</time>
        <extensions>
          <ns3:TrackPointExtension>
            <ns3:hr>100</ns3:hr>
          </ns3:TrackPointExtension>
        </extensions>
      </trkpt>
      <trkpt lat="46.70987295918166637420654296875" lon="22.8354871831834316253662109375">
        <ele>854.20001220703125</ele>
        <time>2020-08-09T10:09:48.000Z</time>
        <extensions>
          <ns3:TrackPointExtension>
            <ns3:hr>100</ns3:hr>
          </ns3:TrackPointExtension>
        </extensions>
      </trkpt>
      <trkpt lat="46.7099003680050373077392578125" lon="22.83548559062182903289794921875">
        <ele>854</ele>
        <time>2020-08-09T10:09:57.000Z</time>
        <extensions>
          <ns3:TrackPointExtension>
            <ns3:hr>99</ns3:hr>
          </ns3:TrackPointExtension>
        </extensions>
      </trkpt>
      <trkpt lat="46.7099013738334178924560546875" lon="22.83537360839545726776123046875">
        <ele>853.79998779296875</ele>
        <time>2020-08-09T10:10:04.000Z</time>
        <extensions>
          <ns3:TrackPointExtension>
            <ns3:hr>101</ns3:hr>
          </ns3:TrackPointExtension>
        </extensions>
      </trkpt>
      <trkpt lat="46.70990489423274993896484375" lon="22.83532214350998401641845703125">
        <ele>853.79998779296875</ele>
        <time>2020-08-09T10:10:07.000Z</time>
        <extensions>
          <ns3:TrackPointExtension>
            <ns3:hr>104</ns3:hr>
          </ns3:TrackPointExtension>
        </extensions>
      </trkpt>
      <trkpt lat="46.70989927835762500762939453125" lon="22.8352749533951282501220703125">
        <ele>853.79998779296875</ele>
        <time>2020-08-09T10:10:09.000Z</time>
        <extensions>
          <ns3:TrackPointExtension>
            <ns3:hr>107</ns3:hr>
          </ns3:TrackPointExtension>
        </extensions>
      </trkpt>
      <trkpt lat="46.7098946683108806610107421875" lon="22.835182249546051025390625">
        <ele>853.79998779296875</ele>
        <time>2020-08-09T10:10:13.000Z</time>
        <extensions>
          <ns3:TrackPointExtension>
            <ns3:hr>108</ns3:hr>
          </ns3:TrackPointExtension>
        </extensions>
      </trkpt>
      <trkpt lat="46.709868349134922027587890625" lon="22.8349906392395496368408203125">
        <ele>853.79998779296875</ele>
        <time>2020-08-09T10:10:22.000Z</time>
        <extensions>
          <ns3:TrackPointExtension>
            <ns3:hr>108</ns3:hr>
          </ns3:TrackPointExtension>
        </extensions>
      </trkpt>
      <trkpt lat="46.70986407436430454254150390625" lon="22.83497496508061885833740234375">
        <ele>853.79998779296875</ele>
        <time>2020-08-09T10:10:23.000Z</time>
        <extensions>
          <ns3:TrackPointExtension>
            <ns3:hr>107</ns3:hr>
          </ns3:TrackPointExtension>
        </extensions>
      </trkpt>
      <trkpt lat="46.70984244905412197113037109375" lon="22.834855020046234130859375">
        <ele>853.5999755859375</ele>
        <time>2020-08-09T10:10:29.000Z</time>
        <extensions>
          <ns3:TrackPointExtension>
            <ns3:hr>108</ns3:hr>
          </ns3:TrackPointExtension>
        </extensions>
      </trkpt>
      <trkpt lat="46.709818728268146514892578125" lon="22.83469970338046550750732421875">
        <ele>853.4000244140625</ele>
        <time>2020-08-09T10:10:38.000Z</time>
        <extensions>
          <ns3:TrackPointExtension>
            <ns3:hr>108</ns3:hr>
          </ns3:TrackPointExtension>
        </extensions>
      </trkpt>
      <trkpt lat="46.70982618816196918487548828125" lon="22.83464589156210422515869140625">
        <ele>853.4000244140625</ele>
        <time>2020-08-09T10:10:41.000Z</time>
        <extensions>
          <ns3:TrackPointExtension>
            <ns3:hr>107</ns3:hr>
          </ns3:TrackPointExtension>
        </extensions>
      </trkpt>
      <trkpt lat="46.70984630472958087921142578125" lon="22.8345836140215396881103515625">
        <ele>853.4000244140625</ele>
        <time>2020-08-09T10:10:45.000Z</time>
        <extensions>
          <ns3:TrackPointExtension>
            <ns3:hr>104</ns3:hr>
          </ns3:TrackPointExtension>
        </extensions>
      </trkpt>
      <trkpt lat="46.7098467238247394561767578125" lon="22.83452150411903858184814453125">
        <ele>853.4000244140625</ele>
        <time>2020-08-09T10:10:50.000Z</time>
        <extensions>
          <ns3:TrackPointExtension>
            <ns3:hr>108</ns3:hr>
          </ns3:TrackPointExtension>
        </extensions>
      </trkpt>
      <trkpt lat="46.70985870994627475738525390625" lon="22.83446618355810642242431640625">
        <ele>853.4000244140625</ele>
        <time>2020-08-09T10:10:53.000Z</time>
        <extensions>
          <ns3:TrackPointExtension>
            <ns3:hr>110</ns3:hr>
          </ns3:TrackPointExtension>
        </extensions>
      </trkpt>
      <trkpt lat="46.7098400183022022247314453125" lon="22.83433961682021617889404296875">
        <ele>853.4000244140625</ele>
        <time>2020-08-09T10:10:59.000Z</time>
        <extensions>
          <ns3:TrackPointExtension>
            <ns3:hr>109</ns3:hr>
          </ns3:TrackPointExtension>
        </extensions>
      </trkpt>
      <trkpt lat="46.70983490534126758575439453125" lon="22.8343127109110355377197265625">
        <ele>853.5999755859375</ele>
        <time>2020-08-09T10:11:00.000Z</time>
        <extensions>
          <ns3:TrackPointExtension>
            <ns3:hr>107</ns3:hr>
          </ns3:TrackPointExtension>
        </extensions>
      </trkpt>
      <trkpt lat="46.70986692421138286590576171875" lon="22.83418790437281131744384765625">
        <ele>854</ele>
        <time>2020-08-09T10:11:08.000Z</time>
        <extensions>
          <ns3:TrackPointExtension>
            <ns3:hr>107</ns3:hr>
          </ns3:TrackPointExtension>
        </extensions>
      </trkpt>
      <trkpt lat="46.70988553203642368316650390625" lon="22.834166027605533599853515625">
        <ele>854.20001220703125</ele>
        <time>2020-08-09T10:11:10.000Z</time>
        <extensions>
          <ns3:TrackPointExtension>
            <ns3:hr>108</ns3:hr>
          </ns3:TrackPointExtension>
        </extensions>
      </trkpt>
      <trkpt lat="46.70988142490386962890625" lon="22.83406485803425312042236328125">
        <ele>854.4000244140625</ele>
        <time>2020-08-09T10:11:14.000Z</time>
        <extensions>
          <ns3:TrackPointExtension>
            <ns3:hr>110</ns3:hr>
          </ns3:TrackPointExtension>
        </extensions>
      </trkpt>
      <trkpt lat="46.70971990562975406646728515625" lon="22.8336974792182445526123046875">
        <ele>855</ele>
        <time>2020-08-09T10:11:21.000Z</time>
        <extensions>
          <ns3:TrackPointExtension>
            <ns3:hr>108</ns3:hr>
          </ns3:TrackPointExtension>
        </extensions>
      </trkpt>
      <trkpt lat="46.70970498584210872650146484375" lon="22.83365674316883087158203125">
        <ele>855</ele>
        <time>2020-08-09T10:11:22.000Z</time>
        <extensions>
          <ns3:TrackPointExtension>
            <ns3:hr>109</ns3:hr>
          </ns3:TrackPointExtension>
        </extensions>
      </trkpt>
      <trkpt lat="46.7096440494060516357421875" lon="22.8335043601691722869873046875">
        <ele>855.20001220703125</ele>
        <time>2020-08-09T10:11:27.000Z</time>
        <extensions>
          <ns3:TrackPointExtension>
            <ns3:hr>109</ns3:hr>
          </ns3:TrackPointExtension>
        </extensions>
      </trkpt>
      <trkpt lat="46.70962451957166194915771484375" lon="22.833460606634616851806640625">
        <ele>855.4000244140625</ele>
        <time>2020-08-09T10:11:30.000Z</time>
        <extensions>
          <ns3:TrackPointExtension>
            <ns3:hr>109</ns3:hr>
          </ns3:TrackPointExtension>
        </extensions>
      </trkpt>
      <trkpt lat="46.7095878906548023223876953125" lon="22.83333429135382175445556640625">
        <ele>855.20001220703125</ele>
        <time>2020-08-09T10:11:38.000Z</time>
        <extensions>
          <ns3:TrackPointExtension>
            <ns3:hr>106</ns3:hr>
          </ns3:TrackPointExtension>
        </extensions>
      </trkpt>
      <trkpt lat="46.70961697585880756378173828125" lon="22.83318878151476383209228515625">
        <ele>855.20001220703125</ele>
        <time>2020-08-09T10:11:47.000Z</time>
        <extensions>
          <ns3:TrackPointExtension>
            <ns3:hr>107</ns3:hr>
          </ns3:TrackPointExtension>
        </extensions>
      </trkpt>
      <trkpt lat="46.70963935554027557373046875" lon="22.83308199606835842132568359375">
        <ele>855.5999755859375</ele>
        <time>2020-08-09T10:11:55.000Z</time>
        <extensions>
          <ns3:TrackPointExtension>
            <ns3:hr>107</ns3:hr>
          </ns3:TrackPointExtension>
        </extensions>
      </trkpt>
      <trkpt lat="46.70963893644511699676513671875" lon="22.832983173429965972900390625">
        <ele>856</ele>
        <time>2020-08-09T10:12:01.000Z</time>
        <extensions>
          <ns3:TrackPointExtension>
            <ns3:hr>108</ns3:hr>
          </ns3:TrackPointExtension>
        </extensions>
      </trkpt>
      <trkpt lat="46.7096338234841823577880859375" lon="22.83294620923697948455810546875">
        <ele>856.4000244140625</ele>
        <time>2020-08-09T10:12:03.000Z</time>
        <extensions>
          <ns3:TrackPointExtension>
            <ns3:hr>109</ns3:hr>
          </ns3:TrackPointExtension>
        </extensions>
      </trkpt>
      <trkpt lat="46.70967615209519863128662109375" lon="22.8328297846019268035888671875">
        <ele>857</ele>
        <time>2020-08-09T10:12:12.000Z</time>
        <extensions>
          <ns3:TrackPointExtension>
            <ns3:hr>112</ns3:hr>
          </ns3:TrackPointExtension>
        </extensions>
      </trkpt>
      <trkpt lat="46.70973331667482852935791015625" lon="22.83274210989475250244140625">
        <ele>857.4000244140625</ele>
        <time>2020-08-09T10:12:18.000Z</time>
        <extensions>
          <ns3:TrackPointExtension>
            <ns3:hr>110</ns3:hr>
          </ns3:TrackPointExtension>
        </extensions>
      </trkpt>
      <trkpt lat="46.70976365916430950164794921875" lon="22.83271218650043010711669921875">
        <ele>857.5999755859375</ele>
        <time>2020-08-09T10:12:21.000Z</time>
        <extensions>
          <ns3:TrackPointExtension>
            <ns3:hr>111</ns3:hr>
          </ns3:TrackPointExtension>
        </extensions>
      </trkpt>
      <trkpt lat="46.70978059060871601104736328125" lon="22.8326162137091159820556640625">
        <ele>858.20001220703125</ele>
        <time>2020-08-09T10:12:28.000Z</time>
        <extensions>
          <ns3:TrackPointExtension>
            <ns3:hr>113</ns3:hr>
          </ns3:TrackPointExtension>
        </extensions>
      </trkpt>
      <trkpt lat="46.70984647236764430999755859375" lon="22.8324569575488567352294921875">
        <ele>858.4000244140625</ele>
        <time>2020-08-09T10:12:35.000Z</time>
        <extensions>
          <ns3:TrackPointExtension>
            <ns3:hr>114</ns3:hr>
          </ns3:TrackPointExtension>
        </extensions>
      </trkpt>
      <trkpt lat="46.70984764583408832550048828125" lon="22.83238939940929412841796875">
        <ele>859</ele>
        <time>2020-08-09T10:12:42.000Z</time>
        <extensions>
          <ns3:TrackPointExtension>
            <ns3:hr>113</ns3:hr>
          </ns3:TrackPointExtension>
        </extensions>
      </trkpt>
      <trkpt lat="46.70986063778400421142578125" lon="22.83226593397557735443115234375">
        <ele>859.4000244140625</ele>
        <time>2020-08-09T10:12:50.000Z</time>
        <extensions>
          <ns3:TrackPointExtension>
            <ns3:hr>113</ns3:hr>
          </ns3:TrackPointExtension>
        </extensions>
      </trkpt>
      <trkpt lat="46.70986373908817768096923828125" lon="22.83225453458726406097412109375">
        <ele>859.4000244140625</ele>
        <time>2020-08-09T10:12:51.000Z</time>
        <extensions>
          <ns3:TrackPointExtension>
            <ns3:hr>112</ns3:hr>
          </ns3:TrackPointExtension>
        </extensions>
      </trkpt>
      <trkpt lat="46.70990355312824249267578125" lon="22.832125537097454071044921875">
        <ele>859.5999755859375</ele>
        <time>2020-08-09T10:12:58.000Z</time>
        <extensions>
          <ns3:TrackPointExtension>
            <ns3:hr>111</ns3:hr>
          </ns3:TrackPointExtension>
        </extensions>
      </trkpt>
      <trkpt lat="46.709931381046772003173828125" lon="22.832018919289112091064453125">
        <ele>860.4000244140625</ele>
        <time>2020-08-09T10:13:05.000Z</time>
        <extensions>
          <ns3:TrackPointExtension>
            <ns3:hr>110</ns3:hr>
          </ns3:TrackPointExtension>
        </extensions>
      </trkpt>
      <trkpt lat="46.70993984676897525787353515625" lon="22.83200693316757678985595703125">
        <ele>860.5999755859375</ele>
        <time>2020-08-09T10:13:06.000Z</time>
        <extensions>
          <ns3:TrackPointExtension>
            <ns3:hr>111</ns3:hr>
          </ns3:TrackPointExtension>
        </extensions>
      </trkpt>
      <trkpt lat="46.7099493183195590972900390625" lon="22.83188422210514545440673828125">
        <ele>861.20001220703125</ele>
        <time>2020-08-09T10:13:12.000Z</time>
        <extensions>
          <ns3:TrackPointExtension>
            <ns3:hr>111</ns3:hr>
          </ns3:TrackPointExtension>
        </extensions>
      </trkpt>
      <trkpt lat="46.70997052453458309173583984375" lon="22.83181666396558284759521484375">
        <ele>861.5999755859375</ele>
        <time>2020-08-09T10:13:17.000Z</time>
        <extensions>
          <ns3:TrackPointExtension>
            <ns3:hr>113</ns3:hr>
          </ns3:TrackPointExtension>
        </extensions>
      </trkpt>
      <trkpt lat="46.7099868692457675933837890625" lon="22.831786908209323883056640625">
        <ele>861.5999755859375</ele>
        <time>2020-08-09T10:13:19.000Z</time>
        <extensions>
          <ns3:TrackPointExtension>
            <ns3:hr>113</ns3:hr>
          </ns3:TrackPointExtension>
        </extensions>
      </trkpt>
      <trkpt lat="46.7100240848958492279052734375" lon="22.83170032314956188201904296875">
        <ele>862.20001220703125</ele>
        <time>2020-08-09T10:13:26.000Z</time>
        <extensions>
          <ns3:TrackPointExtension>
            <ns3:hr>112</ns3:hr>
          </ns3:TrackPointExtension>
        </extensions>
      </trkpt>
      <trkpt lat="46.71003171242773532867431640625" lon="22.8316591680049896240234375">
        <ele>862.5999755859375</ele>
        <time>2020-08-09T10:13:30.000Z</time>
        <extensions>
          <ns3:TrackPointExtension>
            <ns3:hr>109</ns3:hr>
          </ns3:TrackPointExtension>
        </extensions>
      </trkpt>
      <trkpt lat="46.71003942377865314483642578125" lon="22.83161784522235393524169921875">
        <ele>863</ele>
        <time>2020-08-09T10:13:35.000Z</time>
        <extensions>
          <ns3:TrackPointExtension>
            <ns3:hr>110</ns3:hr>
          </ns3:TrackPointExtension>
        </extensions>
      </trkpt>
      <trkpt lat="46.71011838130652904510498046875" lon="22.83153377473354339599609375">
        <ele>863.5999755859375</ele>
        <time>2020-08-09T10:13:43.000Z</time>
        <extensions>
          <ns3:TrackPointExtension>
            <ns3:hr>111</ns3:hr>
          </ns3:TrackPointExtension>
        </extensions>
      </trkpt>
      <trkpt lat="46.710134558379650115966796875" lon="22.8314990736544132232666015625">
        <ele>863.79998779296875</ele>
        <time>2020-08-09T10:13:46.000Z</time>
        <extensions>
          <ns3:TrackPointExtension>
            <ns3:hr>110</ns3:hr>
          </ns3:TrackPointExtension>
        </extensions>
      </trkpt>
      <trkpt lat="46.71018728055059909820556640625" lon="22.8313882648944854736328125">
        <ele>864.4000244140625</ele>
        <time>2020-08-09T10:13:53.000Z</time>
        <extensions>
          <ns3:TrackPointExtension>
            <ns3:hr>112</ns3:hr>
          </ns3:TrackPointExtension>
        </extensions>
      </trkpt>
      <trkpt lat="46.71025701798498630523681640625" lon="22.83128541894257068634033203125">
        <ele>864.5999755859375</ele>
        <time>2020-08-09T10:14:00.000Z</time>
        <extensions>
          <ns3:TrackPointExtension>
            <ns3:hr>109</ns3:hr>
          </ns3:TrackPointExtension>
        </extensions>
      </trkpt>
      <trkpt lat="46.7102668248116970062255859375" lon="22.83126127906143665313720703125">
        <ele>864.5999755859375</ele>
        <time>2020-08-09T10:14:02.000Z</time>
        <extensions>
          <ns3:TrackPointExtension>
            <ns3:hr>109</ns3:hr>
          </ns3:TrackPointExtension>
        </extensions>
      </trkpt>
      <trkpt lat="46.7103161104023456573486328125" lon="22.83116740174591541290283203125">
        <ele>864.5999755859375</ele>
        <time>2020-08-09T10:14:10.000Z</time>
        <extensions>
          <ns3:TrackPointExtension>
            <ns3:hr>109</ns3:hr>
          </ns3:TrackPointExtension>
        </extensions>
      </trkpt>
      <trkpt lat="46.71033362857997417449951171875" lon="22.83113806508481502532958984375">
        <ele>864.5999755859375</ele>
        <time>2020-08-09T10:14:12.000Z</time>
        <extensions>
          <ns3:TrackPointExtension>
            <ns3:hr>110</ns3:hr>
          </ns3:TrackPointExtension>
        </extensions>
      </trkpt>
      <trkpt lat="46.71039883978664875030517578125" lon="22.83104888163506984710693359375">
        <ele>864.79998779296875</ele>
        <time>2020-08-09T10:14:18.000Z</time>
        <extensions>
          <ns3:TrackPointExtension>
            <ns3:hr>107</ns3:hr>
          </ns3:TrackPointExtension>
        </extensions>
      </trkpt>
      <trkpt lat="46.710405461490154266357421875" lon="22.8310370631515979766845703125">
        <ele>865</ele>
        <time>2020-08-09T10:14:19.000Z</time>
        <extensions>
          <ns3:TrackPointExtension>
            <ns3:hr>107</ns3:hr>
          </ns3:TrackPointExtension>
        </extensions>
      </trkpt>
      <trkpt lat="46.7104425095021724700927734375" lon="22.83093170262873172760009765625">
        <ele>865.4000244140625</ele>
        <time>2020-08-09T10:14:29.000Z</time>
        <extensions>
          <ns3:TrackPointExtension>
            <ns3:hr>107</ns3:hr>
          </ns3:TrackPointExtension>
        </extensions>
      </trkpt>
      <trkpt lat="46.7104632966220378875732421875" lon="22.83088861964643001556396484375">
        <ele>865.5999755859375</ele>
        <time>2020-08-09T10:14:32.000Z</time>
        <extensions>
          <ns3:TrackPointExtension>
            <ns3:hr>109</ns3:hr>
          </ns3:TrackPointExtension>
        </extensions>
      </trkpt>
      <trkpt lat="46.710481904447078704833984375" lon="22.83076624386012554168701171875">
        <ele>866</ele>
        <time>2020-08-09T10:14:37.000Z</time>
        <extensions>
          <ns3:TrackPointExtension>
            <ns3:hr>109</ns3:hr>
          </ns3:TrackPointExtension>
        </extensions>
      </trkpt>
      <trkpt lat="46.71051937155425548553466796875" lon="22.8306407667696475982666015625">
        <ele>866</ele>
        <time>2020-08-09T10:14:46.000Z</time>
        <extensions>
          <ns3:TrackPointExtension>
            <ns3:hr>111</ns3:hr>
          </ns3:TrackPointExtension>
        </extensions>
      </trkpt>
      <trkpt lat="46.71058215200901031494140625" lon="22.83048075623810291290283203125">
        <ele>866</ele>
        <time>2020-08-09T10:14:54.000Z</time>
        <extensions>
          <ns3:TrackPointExtension>
            <ns3:hr>110</ns3:hr>
          </ns3:TrackPointExtension>
        </extensions>
      </trkpt>
      <trkpt lat="46.71065079979598522186279296875" lon="22.8303515911102294921875">
        <ele>866.79998779296875</ele>
        <time>2020-08-09T10:15:03.000Z</time>
        <extensions>
          <ns3:TrackPointExtension>
            <ns3:hr>107</ns3:hr>
          </ns3:TrackPointExtension>
        </extensions>
      </trkpt>
      <trkpt lat="46.71071894466876983642578125" lon="22.83025779761373996734619140625">
        <ele>867.20001220703125</ele>
        <time>2020-08-09T10:15:09.000Z</time>
        <extensions>
          <ns3:TrackPointExtension>
            <ns3:hr>109</ns3:hr>
          </ns3:TrackPointExtension>
        </extensions>
      </trkpt>
      <trkpt lat="46.710731685161590576171875" lon="22.830243296921253204345703125">
        <ele>867.20001220703125</ele>
        <time>2020-08-09T10:15:10.000Z</time>
        <extensions>
          <ns3:TrackPointExtension>
            <ns3:hr>110</ns3:hr>
          </ns3:TrackPointExtension>
        </extensions>
      </trkpt>
      <trkpt lat="46.71080100350081920623779296875" lon="22.8301190771162509918212890625">
        <ele>867.5999755859375</ele>
        <time>2020-08-09T10:15:17.000Z</time>
        <extensions>
          <ns3:TrackPointExtension>
            <ns3:hr>111</ns3:hr>
          </ns3:TrackPointExtension>
        </extensions>
      </trkpt>
      <trkpt lat="46.71081525273621082305908203125" lon="22.8300885669887065887451171875">
        <ele>867.79998779296875</ele>
        <time>2020-08-09T10:15:20.000Z</time>
        <extensions>
          <ns3:TrackPointExtension>
            <ns3:hr>112</ns3:hr>
          </ns3:TrackPointExtension>
        </extensions>
      </trkpt>
      <trkpt lat="46.7108508758246898651123046875" lon="22.830069623887538909912109375">
        <ele>867.79998779296875</ele>
        <time>2020-08-09T10:15:24.000Z</time>
        <extensions>
          <ns3:TrackPointExtension>
            <ns3:hr>113</ns3:hr>
          </ns3:TrackPointExtension>
        </extensions>
      </trkpt>
      <trkpt lat="46.7108622752130031585693359375" lon="22.83005361445248126983642578125">
        <ele>867.79998779296875</ele>
        <time>2020-08-09T10:15:26.000Z</time>
        <extensions>
          <ns3:TrackPointExtension>
            <ns3:hr>113</ns3:hr>
          </ns3:TrackPointExtension>
        </extensions>
      </trkpt>
      <trkpt lat="46.71090460382401943206787109375" lon="22.82996778376400470733642578125">
        <ele>867.79998779296875</ele>
        <time>2020-08-09T10:15:35.000Z</time>
        <extensions>
          <ns3:TrackPointExtension>
            <ns3:hr>113</ns3:hr>
          </ns3:TrackPointExtension>
        </extensions>
      </trkpt>
      <trkpt lat="46.71094215475022792816162109375" lon="22.829852364957332611083984375">
        <ele>868</ele>
        <time>2020-08-09T10:15:42.000Z</time>
        <extensions>
          <ns3:TrackPointExtension>
            <ns3:hr>110</ns3:hr>
          </ns3:TrackPointExtension>
        </extensions>
      </trkpt>
      <trkpt lat="46.710957996547222137451171875" lon="22.82982881180942058563232421875">
        <ele>868.20001220703125</ele>
        <time>2020-08-09T10:15:44.000Z</time>
        <extensions>
          <ns3:TrackPointExtension>
            <ns3:hr>110</ns3:hr>
          </ns3:TrackPointExtension>
        </extensions>
      </trkpt>
      <trkpt lat="46.71099378727376461029052734375" lon="22.82976527698338031768798828125">
        <ele>868.5999755859375</ele>
        <time>2020-08-09T10:15:51.000Z</time>
        <extensions>
          <ns3:TrackPointExtension>
            <ns3:hr>111</ns3:hr>
          </ns3:TrackPointExtension>
        </extensions>
      </trkpt>
      <trkpt lat="46.7110037617385387420654296875" lon="22.829761505126953125">
        <ele>868.5999755859375</ele>
        <time>2020-08-09T10:15:53.000Z</time>
        <extensions>
          <ns3:TrackPointExtension>
            <ns3:hr>110</ns3:hr>
          </ns3:TrackPointExtension>
        </extensions>
      </trkpt>
      <trkpt lat="46.7110092937946319580078125" lon="22.8297440707683563232421875">
        <ele>868.79998779296875</ele>
        <time>2020-08-09T10:15:56.000Z</time>
        <extensions>
          <ns3:TrackPointExtension>
            <ns3:hr>111</ns3:hr>
          </ns3:TrackPointExtension>
        </extensions>
      </trkpt>
      <trkpt lat="46.711041145026683807373046875" lon="22.8297335095703601837158203125">
        <ele>869.20001220703125</ele>
        <time>2020-08-09T10:15:59.000Z</time>
        <extensions>
          <ns3:TrackPointExtension>
            <ns3:hr>115</ns3:hr>
          </ns3:TrackPointExtension>
        </extensions>
      </trkpt>
      <trkpt lat="46.71109587885439395904541015625" lon="22.8296771831810474395751953125">
        <ele>869.5999755859375</ele>
        <time>2020-08-09T10:16:06.000Z</time>
        <extensions>
          <ns3:TrackPointExtension>
            <ns3:hr>115</ns3:hr>
          </ns3:TrackPointExtension>
        </extensions>
      </trkpt>
      <trkpt lat="46.71104525215923786163330078125" lon="22.8296128101646900177001953125">
        <ele>869.5999755859375</ele>
        <time>2020-08-09T10:16:12.000Z</time>
        <extensions>
          <ns3:TrackPointExtension>
            <ns3:hr>119</ns3:hr>
          </ns3:TrackPointExtension>
        </extensions>
      </trkpt>
      <trkpt lat="46.71105665154755115509033203125" lon="22.82961457036435604095458984375">
        <ele>869.5999755859375</ele>
        <time>2020-08-09T10:16:18.000Z</time>
        <extensions>
          <ns3:TrackPointExtension>
            <ns3:hr>119</ns3:hr>
          </ns3:TrackPointExtension>
        </extensions>
      </trkpt>
      <trkpt lat="46.7110610939562320709228515625" lon="22.82961624674499034881591796875">
        <ele>869.4000244140625</ele>
        <time>2020-08-09T10:16:20.000Z</time>
        <extensions>
          <ns3:TrackPointExtension>
            <ns3:hr>116</ns3:hr>
          </ns3:TrackPointExtension>
        </extensions>
      </trkpt>
      <trkpt lat="46.711074672639369964599609375" lon="22.829619348049163818359375">
        <ele>869.4000244140625</ele>
        <time>2020-08-09T10:16:22.000Z</time>
        <extensions>
          <ns3:TrackPointExtension>
            <ns3:hr>113</ns3:hr>
          </ns3:TrackPointExtension>
        </extensions>
      </trkpt>
      <trkpt lat="46.71108330599963665008544921875" lon="22.82960526645183563232421875">
        <ele>869.4000244140625</ele>
        <time>2020-08-09T10:16:24.000Z</time>
        <extensions>
          <ns3:TrackPointExtension>
            <ns3:hr>109</ns3:hr>
          </ns3:TrackPointExtension>
        </extensions>
      </trkpt>
      <trkpt lat="46.711092777550220489501953125" lon="22.82960199750959873199462890625">
        <ele>869.4000244140625</ele>
        <time>2020-08-09T10:16:26.000Z</time>
        <extensions>
          <ns3:TrackPointExtension>
            <ns3:hr>105</ns3:hr>
          </ns3:TrackPointExtension>
        </extensions>
      </trkpt>
      <trkpt lat="46.71110794879496097564697265625" lon="22.829581461846828460693359375">
        <ele>869</ele>
        <time>2020-08-09T10:16:28.000Z</time>
        <extensions>
          <ns3:TrackPointExtension>
            <ns3:hr>102</ns3:hr>
          </ns3:TrackPointExtension>
        </extensions>
      </trkpt>
      <trkpt lat="46.71112689189612865447998046875" lon="22.82953343354165554046630859375">
        <ele>868.4000244140625</ele>
        <time>2020-08-09T10:16:36.000Z</time>
        <extensions>
          <ns3:TrackPointExtension>
            <ns3:hr>99</ns3:hr>
          </ns3:TrackPointExtension>
        </extensions>
      </trkpt>
      <trkpt lat="46.71112571842968463897705078125" lon="22.82953083515167236328125">
        <ele>868.4000244140625</ele>
        <time>2020-08-09T10:16:37.000Z</time>
        <extensions>
          <ns3:TrackPointExtension>
            <ns3:hr>99</ns3:hr>
          </ns3:TrackPointExtension>
        </extensions>
      </trkpt>
      <trkpt lat="46.71109638176858425140380859375" lon="22.8295239619910717010498046875">
        <ele>868</ele>
        <time>2020-08-09T10:16:43.000Z</time>
        <extensions>
          <ns3:TrackPointExtension>
            <ns3:hr>96</ns3:hr>
          </ns3:TrackPointExtension>
        </extensions>
      </trkpt>
      <trkpt lat="46.71109177172183990478515625" lon="22.829543240368366241455078125">
        <ele>868</ele>
        <time>2020-08-09T10:16:47.000Z</time>
        <extensions>
          <ns3:TrackPointExtension>
            <ns3:hr>94</ns3:hr>
          </ns3:TrackPointExtension>
        </extensions>
      </trkpt>
      <trkpt lat="46.71110660769045352935791015625" lon="22.82955137081444263458251953125">
        <ele>868</ele>
        <time>2020-08-09T10:16:49.000Z</time>
        <extensions>
          <ns3:TrackPointExtension>
            <ns3:hr>90</ns3:hr>
          </ns3:TrackPointExtension>
        </extensions>
      </trkpt>
      <trkpt lat="46.7111070267856121063232421875" lon="22.82957081682980060577392578125">
        <ele>867.79998779296875</ele>
        <time>2020-08-09T10:16:51.000Z</time>
        <extensions>
          <ns3:TrackPointExtension>
            <ns3:hr>87</ns3:hr>
          </ns3:TrackPointExtension>
        </extensions>
      </trkpt>
      <trkpt lat="46.71110878698527812957763671875" lon="22.82957115210592746734619140625">
        <ele>867.79998779296875</ele>
        <time>2020-08-09T10:16:52.000Z</time>
        <extensions>
          <ns3:TrackPointExtension>
            <ns3:hr>87</ns3:hr>
          </ns3:TrackPointExtension>
        </extensions>
      </trkpt>
      <trkpt lat="46.71109453774988651275634765625" lon="22.82957517541944980621337890625">
        <ele>867.79998779296875</ele>
        <time>2020-08-09T10:16:55.000Z</time>
        <extensions>
          <ns3:TrackPointExtension>
            <ns3:hr>89</ns3:hr>
          </ns3:TrackPointExtension>
        </extensions>
      </trkpt>
      <trkpt lat="46.7110875807702541351318359375" lon="22.82958657480776309967041015625">
        <ele>867.5999755859375</ele>
        <time>2020-08-09T10:17:03.000Z</time>
        <extensions>
          <ns3:TrackPointExtension>
            <ns3:hr>88</ns3:hr>
          </ns3:TrackPointExtension>
        </extensions>
      </trkpt>
      <trkpt lat="46.71113527379930019378662109375" lon="22.829570733010768890380859375">
        <ele>867.20001220703125</ele>
        <time>2020-08-09T10:17:11.000Z</time>
        <extensions>
          <ns3:TrackPointExtension>
            <ns3:hr>89</ns3:hr>
          </ns3:TrackPointExtension>
        </extensions>
      </trkpt>
      <trkpt lat="46.71118430793285369873046875" lon="22.829606272280216217041015625">
        <ele>867</ele>
        <time>2020-08-09T10:17:20.000Z</time>
        <extensions>
          <ns3:TrackPointExtension>
            <ns3:hr>88</ns3:hr>
          </ns3:TrackPointExtension>
        </extensions>
      </trkpt>
      <trkpt lat="46.71116997487843036651611328125" lon="22.82959847711026668548583984375">
        <ele>867</ele>
        <time>2020-08-09T10:17:23.000Z</time>
        <extensions>
          <ns3:TrackPointExtension>
            <ns3:hr>87</ns3:hr>
          </ns3:TrackPointExtension>
        </extensions>
      </trkpt>
      <trkpt lat="46.7109449207782745361328125" lon="22.8296027518808841705322265625">
        <ele>865.20001220703125</ele>
        <time>2020-08-09T10:19:05.000Z</time>
        <extensions>
          <ns3:TrackPointExtension>
            <ns3:hr>80</ns3:hr>
          </ns3:TrackPointExtension>
        </extensions>
      </trkpt>
      <trkpt lat="46.710940562188625335693359375" lon="22.82960518263280391693115234375">
        <ele>865.20001220703125</ele>
        <time>2020-08-09T10:19:06.000Z</time>
        <extensions>
          <ns3:TrackPointExtension>
            <ns3:hr>80</ns3:hr>
          </ns3:TrackPointExtension>
        </extensions>
      </trkpt>
      <trkpt lat="46.710943244397640228271484375" lon="22.8296111337840557098388671875">
        <ele>865.20001220703125</ele>
        <time>2020-08-09T10:19:07.000Z</time>
        <extensions>
          <ns3:TrackPointExtension>
            <ns3:hr>81</ns3:hr>
          </ns3:TrackPointExtension>
        </extensions>
      </trkpt>
      <trkpt lat="46.710935197770595550537109375" lon="22.8296265564858913421630859375">
        <ele>865.4000244140625</ele>
        <time>2020-08-09T10:19:10.000Z</time>
        <extensions>
          <ns3:TrackPointExtension>
            <ns3:hr>85</ns3:hr>
          </ns3:TrackPointExtension>
        </extensions>
      </trkpt>
      <trkpt lat="46.710915081202983856201171875" lon="22.8296543844044208526611328125">
        <ele>865.4000244140625</ele>
        <time>2020-08-09T10:19:14.000Z</time>
        <extensions>
          <ns3:TrackPointExtension>
            <ns3:hr>88</ns3:hr>
          </ns3:TrackPointExtension>
        </extensions>
      </trkpt>
      <trkpt lat="46.710910387337207794189453125" lon="22.8296584077179431915283203125">
        <ele>865.4000244140625</ele>
        <time>2020-08-09T10:19:15.000Z</time>
        <extensions>
          <ns3:TrackPointExtension>
            <ns3:hr>89</ns3:hr>
          </ns3:TrackPointExtension>
        </extensions>
      </trkpt>
      <trkpt lat="46.71091650612652301788330078125" lon="22.8296959586441516876220703125">
        <ele>865.20001220703125</ele>
        <time>2020-08-09T10:19:22.000Z</time>
        <extensions>
          <ns3:TrackPointExtension>
            <ns3:hr>92</ns3:hr>
          </ns3:TrackPointExtension>
        </extensions>
      </trkpt>
      <trkpt lat="46.71089018695056438446044921875" lon="22.82975538633763790130615234375">
        <ele>864.79998779296875</ele>
        <time>2020-08-09T10:19:31.000Z</time>
        <extensions>
          <ns3:TrackPointExtension>
            <ns3:hr>95</ns3:hr>
          </ns3:TrackPointExtension>
        </extensions>
      </trkpt>
      <trkpt lat="46.71088197268545627593994140625" lon="22.8297613374888896942138671875">
        <ele>864.79998779296875</ele>
        <time>2020-08-09T10:19:32.000Z</time>
        <extensions>
          <ns3:TrackPointExtension>
            <ns3:hr>94</ns3:hr>
          </ns3:TrackPointExtension>
        </extensions>
      </trkpt>
      <trkpt lat="46.71086487360298633575439453125" lon="22.8297834657132625579833984375">
        <ele>864</ele>
        <time>2020-08-09T10:19:35.000Z</time>
        <extensions>
          <ns3:TrackPointExtension>
            <ns3:hr>93</ns3:hr>
          </ns3:TrackPointExtension>
        </extensions>
      </trkpt>
      <trkpt lat="46.71085598878562450408935546875" lon="22.82979813404381275177001953125">
        <ele>864</ele>
        <time>2020-08-09T10:19:37.000Z</time>
        <extensions>
          <ns3:TrackPointExtension>
            <ns3:hr>93</ns3:hr>
          </ns3:TrackPointExtension>
        </extensions>
      </trkpt>
      <trkpt lat="46.71084676869213581085205078125" lon="22.82981313765048980712890625">
        <ele>863.79998779296875</ele>
        <time>2020-08-09T10:19:39.000Z</time>
        <extensions>
          <ns3:TrackPointExtension>
            <ns3:hr>91</ns3:hr>
          </ns3:TrackPointExtension>
        </extensions>
      </trkpt>
      <trkpt lat="46.7108126543462276458740234375" lon="22.8298459947109222412109375">
        <ele>863.5999755859375</ele>
        <time>2020-08-09T10:19:44.000Z</time>
        <extensions>
          <ns3:TrackPointExtension>
            <ns3:hr>92</ns3:hr>
          </ns3:TrackPointExtension>
        </extensions>
      </trkpt>
      <trkpt lat="46.7107556574046611785888671875" lon="22.829901985824108123779296875">
        <ele>863.79998779296875</ele>
        <time>2020-08-09T10:19:51.000Z</time>
        <extensions>
          <ns3:TrackPointExtension>
            <ns3:hr>93</ns3:hr>
          </ns3:TrackPointExtension>
        </extensions>
      </trkpt>
      <trkpt lat="46.7106711678206920623779296875" lon="22.829938195645809173583984375">
        <ele>864</ele>
        <time>2020-08-09T10:20:00.000Z</time>
        <extensions>
          <ns3:TrackPointExtension>
            <ns3:hr>91</ns3:hr>
          </ns3:TrackPointExtension>
        </extensions>
      </trkpt>
      <trkpt lat="46.7106517218053340911865234375" lon="22.82994196750223636627197265625">
        <ele>864</ele>
        <time>2020-08-09T10:20:03.000Z</time>
        <extensions>
          <ns3:TrackPointExtension>
            <ns3:hr>94</ns3:hr>
          </ns3:TrackPointExtension>
        </extensions>
      </trkpt>
      <trkpt lat="46.710600592195987701416015625" lon="22.829950265586376190185546875">
        <ele>864.5999755859375</ele>
        <time>2020-08-09T10:20:08.000Z</time>
        <extensions>
          <ns3:TrackPointExtension>
            <ns3:hr>96</ns3:hr>
          </ns3:TrackPointExtension>
        </extensions>
      </trkpt>
      <trkpt lat="46.71054191887378692626953125" lon="22.829966358840465545654296875">
        <ele>864.79998779296875</ele>
        <time>2020-08-09T10:20:12.000Z</time>
        <extensions>
          <ns3:TrackPointExtension>
            <ns3:hr>92</ns3:hr>
          </ns3:TrackPointExtension>
        </extensions>
      </trkpt>
      <trkpt lat="46.7105031944811344146728515625" lon="22.8299779258668422698974609375">
        <ele>865.4000244140625</ele>
        <time>2020-08-09T10:20:15.000Z</time>
        <extensions>
          <ns3:TrackPointExtension>
            <ns3:hr>95</ns3:hr>
          </ns3:TrackPointExtension>
        </extensions>
      </trkpt>
      <trkpt lat="46.710442341864109039306640625" lon="22.82998287118971347808837890625">
        <ele>865.5999755859375</ele>
        <time>2020-08-09T10:20:17.000Z</time>
        <extensions>
          <ns3:TrackPointExtension>
            <ns3:hr>95</ns3:hr>
          </ns3:TrackPointExtension>
        </extensions>
      </trkpt>
      <trkpt lat="46.7103747837245464324951171875" lon="22.83000466413795948028564453125">
        <ele>866</ele>
        <time>2020-08-09T10:20:24.000Z</time>
        <extensions>
          <ns3:TrackPointExtension>
            <ns3:hr>94</ns3:hr>
          </ns3:TrackPointExtension>
        </extensions>
      </trkpt>
      <trkpt lat="46.71033346094191074371337890625" lon="22.83000701107084751129150390625">
        <ele>866.20001220703125</ele>
        <time>2020-08-09T10:20:27.000Z</time>
        <extensions>
          <ns3:TrackPointExtension>
            <ns3:hr>98</ns3:hr>
          </ns3:TrackPointExtension>
        </extensions>
      </trkpt>
      <trkpt lat="46.71032122336328029632568359375" lon="22.8300097770988941192626953125">
        <ele>866.4000244140625</ele>
        <time>2020-08-09T10:20:28.000Z</time>
        <extensions>
          <ns3:TrackPointExtension>
            <ns3:hr>100</ns3:hr>
          </ns3:TrackPointExtension>
        </extensions>
      </trkpt>
      <trkpt lat="46.71028048731386661529541015625" lon="22.83003039658069610595703125">
        <ele>866.79998779296875</ele>
        <time>2020-08-09T10:20:31.000Z</time>
        <extensions>
          <ns3:TrackPointExtension>
            <ns3:hr>101</ns3:hr>
          </ns3:TrackPointExtension>
        </extensions>
      </trkpt>
      <trkpt lat="46.71024595387279987335205078125" lon="22.83006015233695507049560546875">
        <ele>867</ele>
        <time>2020-08-09T10:20:36.000Z</time>
        <extensions>
          <ns3:TrackPointExtension>
            <ns3:hr>102</ns3:hr>
          </ns3:TrackPointExtension>
        </extensions>
      </trkpt>
      <trkpt lat="46.7102207243442535400390625" lon="22.83007037825882434844970703125">
        <ele>867.20001220703125</ele>
        <time>2020-08-09T10:20:38.000Z</time>
        <extensions>
          <ns3:TrackPointExtension>
            <ns3:hr>101</ns3:hr>
          </ns3:TrackPointExtension>
        </extensions>
      </trkpt>
      <trkpt lat="46.7102019488811492919921875" lon="22.83010155893862247467041015625">
        <ele>867.4000244140625</ele>
        <time>2020-08-09T10:20:41.000Z</time>
        <extensions>
          <ns3:TrackPointExtension>
            <ns3:hr>98</ns3:hr>
          </ns3:TrackPointExtension>
        </extensions>
      </trkpt>
      <trkpt lat="46.71020588837563991546630859375" lon="22.83011329360306262969970703125">
        <ele>867.4000244140625</ele>
        <time>2020-08-09T10:20:42.000Z</time>
        <extensions>
          <ns3:TrackPointExtension>
            <ns3:hr>101</ns3:hr>
          </ns3:TrackPointExtension>
        </extensions>
      </trkpt>
      <trkpt lat="46.71020622365176677703857421875" lon="22.83012301661074161529541015625">
        <ele>867.4000244140625</ele>
        <time>2020-08-09T10:20:43.000Z</time>
        <extensions>
          <ns3:TrackPointExtension>
            <ns3:hr>100</ns3:hr>
          </ns3:TrackPointExtension>
        </extensions>
      </trkpt>
      <trkpt lat="46.710203625261783599853515625" lon="22.83012695610523223876953125">
        <ele>867.4000244140625</ele>
        <time>2020-08-09T10:20:44.000Z</time>
        <extensions>
          <ns3:TrackPointExtension>
            <ns3:hr>99</ns3:hr>
          </ns3:TrackPointExtension>
        </extensions>
      </trkpt>
      <trkpt lat="46.7101295292377471923828125" lon="22.83012603409588336944580078125">
        <ele>868</ele>
        <time>2020-08-09T10:20:50.000Z</time>
        <extensions>
          <ns3:TrackPointExtension>
            <ns3:hr>102</ns3:hr>
          </ns3:TrackPointExtension>
        </extensions>
      </trkpt>
      <trkpt lat="46.71011419035494327545166015625" lon="22.83012502826750278472900390625">
        <ele>868.20001220703125</ele>
        <time>2020-08-09T10:20:51.000Z</time>
        <extensions>
          <ns3:TrackPointExtension>
            <ns3:hr>103</ns3:hr>
          </ns3:TrackPointExtension>
        </extensions>
      </trkpt>
      <trkpt lat="46.7100680060684680938720703125" lon="22.83013139851391315460205078125">
        <ele>868.4000244140625</ele>
        <time>2020-08-09T10:20:55.000Z</time>
        <extensions>
          <ns3:TrackPointExtension>
            <ns3:hr>106</ns3:hr>
          </ns3:TrackPointExtension>
        </extensions>
      </trkpt>
      <trkpt lat="46.7100177146494388580322265625" lon="22.830159477889537811279296875">
        <ele>869</ele>
        <time>2020-08-09T10:20:59.000Z</time>
        <extensions>
          <ns3:TrackPointExtension>
            <ns3:hr>107</ns3:hr>
          </ns3:TrackPointExtension>
        </extensions>
      </trkpt>
      <trkpt lat="46.71000639908015727996826171875" lon="22.830204069614410400390625">
        <ele>869</ele>
        <time>2020-08-09T10:21:02.000Z</time>
        <extensions>
          <ns3:TrackPointExtension>
            <ns3:hr>104</ns3:hr>
          </ns3:TrackPointExtension>
        </extensions>
      </trkpt>
      <trkpt lat="46.709991060197353363037109375" lon="22.8302629105746746063232421875">
        <ele>869.4000244140625</ele>
        <time>2020-08-09T10:21:07.000Z</time>
        <extensions>
          <ns3:TrackPointExtension>
            <ns3:hr>104</ns3:hr>
          </ns3:TrackPointExtension>
        </extensions>
      </trkpt>
      <trkpt lat="46.7099811695516109466552734375" lon="22.83026685006916522979736328125">
        <ele>869.5999755859375</ele>
        <time>2020-08-09T10:21:08.000Z</time>
        <extensions>
          <ns3:TrackPointExtension>
            <ns3:hr>102</ns3:hr>
          </ns3:TrackPointExtension>
        </extensions>
      </trkpt>
      <trkpt lat="46.70992073602974414825439453125" lon="22.83032434992492198944091796875">
        <ele>870</ele>
        <time>2020-08-09T10:21:14.000Z</time>
        <extensions>
          <ns3:TrackPointExtension>
            <ns3:hr>100</ns3:hr>
          </ns3:TrackPointExtension>
        </extensions>
      </trkpt>
      <trkpt lat="46.7099020443856716156005859375" lon="22.83033750951290130615234375">
        <ele>870.20001220703125</ele>
        <time>2020-08-09T10:21:16.000Z</time>
        <extensions>
          <ns3:TrackPointExtension>
            <ns3:hr>103</ns3:hr>
          </ns3:TrackPointExtension>
        </extensions>
      </trkpt>
      <trkpt lat="46.70989391393959522247314453125" lon="22.830341868102550506591796875">
        <ele>870.5999755859375</ele>
        <time>2020-08-09T10:21:17.000Z</time>
        <extensions>
          <ns3:TrackPointExtension>
            <ns3:hr>106</ns3:hr>
          </ns3:TrackPointExtension>
        </extensions>
      </trkpt>
      <trkpt lat="46.70988469384610652923583984375" lon="22.830346561968326568603515625">
        <ele>870.79998779296875</ele>
        <time>2020-08-09T10:21:18.000Z</time>
        <extensions>
          <ns3:TrackPointExtension>
            <ns3:hr>112</ns3:hr>
          </ns3:TrackPointExtension>
        </extensions>
      </trkpt>
      <trkpt lat="46.70985250733792781829833984375" lon="22.8303906507790088653564453125">
        <ele>871.20001220703125</ele>
        <time>2020-08-09T10:21:22.000Z</time>
        <extensions>
          <ns3:TrackPointExtension>
            <ns3:hr>114</ns3:hr>
          </ns3:TrackPointExtension>
        </extensions>
      </trkpt>
      <trkpt lat="46.7098264396190643310546875" lon="22.830431722104549407958984375">
        <ele>871.4000244140625</ele>
        <time>2020-08-09T10:21:26.000Z</time>
        <extensions>
          <ns3:TrackPointExtension>
            <ns3:hr>117</ns3:hr>
          </ns3:TrackPointExtension>
        </extensions>
      </trkpt>
      <trkpt lat="46.7098272778093814849853515625" lon="22.8304520063102245330810546875">
        <ele>871.5999755859375</ele>
        <time>2020-08-09T10:21:28.000Z</time>
        <extensions>
          <ns3:TrackPointExtension>
            <ns3:hr>115</ns3:hr>
          </ns3:TrackPointExtension>
        </extensions>
      </trkpt>
      <trkpt lat="46.70980271883308887481689453125" lon="22.83048427663743495941162109375">
        <ele>871.79998779296875</ele>
        <time>2020-08-09T10:21:31.000Z</time>
        <extensions>
          <ns3:TrackPointExtension>
            <ns3:hr>113</ns3:hr>
          </ns3:TrackPointExtension>
        </extensions>
      </trkpt>
      <trkpt lat="46.7097379267215728759765625" lon="22.830534316599369049072265625">
        <ele>872.5999755859375</ele>
        <time>2020-08-09T10:21:38.000Z</time>
        <extensions>
          <ns3:TrackPointExtension>
            <ns3:hr>112</ns3:hr>
          </ns3:TrackPointExtension>
        </extensions>
      </trkpt>
      <trkpt lat="46.709689982235431671142578125" lon="22.83053205348551273345947265625">
        <ele>873.4000244140625</ele>
        <time>2020-08-09T10:21:45.000Z</time>
        <extensions>
          <ns3:TrackPointExtension>
            <ns3:hr>110</ns3:hr>
          </ns3:TrackPointExtension>
        </extensions>
      </trkpt>
      <trkpt lat="46.70967648737132549285888671875" lon="22.83054001629352569580078125">
        <ele>873.79998779296875</ele>
        <time>2020-08-09T10:21:48.000Z</time>
        <extensions>
          <ns3:TrackPointExtension>
            <ns3:hr>108</ns3:hr>
          </ns3:TrackPointExtension>
        </extensions>
      </trkpt>
      <trkpt lat="46.7096485756337642669677734375" lon="22.830517552793025970458984375">
        <ele>874</ele>
        <time>2020-08-09T10:21:50.000Z</time>
        <extensions>
          <ns3:TrackPointExtension>
            <ns3:hr>108</ns3:hr>
          </ns3:TrackPointExtension>
        </extensions>
      </trkpt>
      <trkpt lat="46.70962468720972537994384765625" lon="22.83051780425012111663818359375">
        <ele>874.4000244140625</ele>
        <time>2020-08-09T10:21:52.000Z</time>
        <extensions>
          <ns3:TrackPointExtension>
            <ns3:hr>109</ns3:hr>
          </ns3:TrackPointExtension>
        </extensions>
      </trkpt>
      <trkpt lat="46.709600128233432769775390625" lon="22.8305271081626415252685546875">
        <ele>874.5999755859375</ele>
        <time>2020-08-09T10:21:55.000Z</time>
        <extensions>
          <ns3:TrackPointExtension>
            <ns3:hr>109</ns3:hr>
          </ns3:TrackPointExtension>
        </extensions>
      </trkpt>
      <trkpt lat="46.7095952667295932769775390625" lon="22.83052082173526287078857421875">
        <ele>874.79998779296875</ele>
        <time>2020-08-09T10:21:56.000Z</time>
        <extensions>
          <ns3:TrackPointExtension>
            <ns3:hr>110</ns3:hr>
          </ns3:TrackPointExtension>
        </extensions>
      </trkpt>
      <trkpt lat="46.70960037969052791595458984375" lon="22.83052283339202404022216796875">
        <ele>874.79998779296875</ele>
        <time>2020-08-09T10:21:57.000Z</time>
        <extensions>
          <ns3:TrackPointExtension>
            <ns3:hr>110</ns3:hr>
          </ns3:TrackPointExtension>
        </extensions>
      </trkpt>
      <trkpt lat="46.70960473828017711639404296875" lon="22.8305193968117237091064453125">
        <ele>875</ele>
        <time>2020-08-09T10:21:59.000Z</time>
        <extensions>
          <ns3:TrackPointExtension>
            <ns3:hr>109</ns3:hr>
          </ns3:TrackPointExtension>
        </extensions>
      </trkpt>
      <trkpt lat="46.70959836803376674652099609375" lon="22.8305210731923580169677734375">
        <ele>875.4000244140625</ele>
        <time>2020-08-09T10:22:02.000Z</time>
        <extensions>
          <ns3:TrackPointExtension>
            <ns3:hr>113</ns3:hr>
          </ns3:TrackPointExtension>
        </extensions>
      </trkpt>
      <trkpt lat="46.70957406051456928253173828125" lon="22.8305170498788356781005859375">
        <ele>875.79998779296875</ele>
        <time>2020-08-09T10:22:05.000Z</time>
        <extensions>
          <ns3:TrackPointExtension>
            <ns3:hr>109</ns3:hr>
          </ns3:TrackPointExtension>
        </extensions>
      </trkpt>
      <trkpt lat="46.70956903137266635894775390625" lon="22.83050958998501300811767578125">
        <ele>876</ele>
        <time>2020-08-09T10:22:06.000Z</time>
        <extensions>
          <ns3:TrackPointExtension>
            <ns3:hr>109</ns3:hr>
          </ns3:TrackPointExtension>
        </extensions>
      </trkpt>
      <trkpt lat="46.7095717974007129669189453125" lon="22.83049986697733402252197265625">
        <ele>876.20001220703125</ele>
        <time>2020-08-09T10:22:07.000Z</time>
        <extensions>
          <ns3:TrackPointExtension>
            <ns3:hr>108</ns3:hr>
          </ns3:TrackPointExtension>
        </extensions>
      </trkpt>
      <trkpt lat="46.70955109409987926483154296875" lon="22.83050246536731719970703125">
        <ele>877</ele>
        <time>2020-08-09T10:22:11.000Z</time>
        <extensions>
          <ns3:TrackPointExtension>
            <ns3:hr>110</ns3:hr>
          </ns3:TrackPointExtension>
        </extensions>
      </trkpt>
      <trkpt lat="46.70955142937600612640380859375" lon="22.83050380647182464599609375">
        <ele>877</ele>
        <time>2020-08-09T10:22:12.000Z</time>
        <extensions>
          <ns3:TrackPointExtension>
            <ns3:hr>110</ns3:hr>
          </ns3:TrackPointExtension>
        </extensions>
      </trkpt>
      <trkpt lat="46.70960624702274799346923828125" lon="22.83049366436898708343505859375">
        <ele>877.4000244140625</ele>
        <time>2020-08-09T10:22:22.000Z</time>
        <extensions>
          <ns3:TrackPointExtension>
            <ns3:hr>110</ns3:hr>
          </ns3:TrackPointExtension>
        </extensions>
      </trkpt>
      <trkpt lat="46.7096281237900257110595703125" lon="22.83048394136130809783935546875">
        <ele>877.4000244140625</ele>
        <time>2020-08-09T10:22:23.000Z</time>
        <extensions>
          <ns3:TrackPointExtension>
            <ns3:hr>108</ns3:hr>
          </ns3:TrackPointExtension>
        </extensions>
      </trkpt>
      <trkpt lat="46.70968771912157535552978515625" lon="22.83045393414795398712158203125">
        <ele>877.4000244140625</ele>
        <time>2020-08-09T10:22:28.000Z</time>
        <extensions>
          <ns3:TrackPointExtension>
            <ns3:hr>111</ns3:hr>
          </ns3:TrackPointExtension>
        </extensions>
      </trkpt>
      <trkpt lat="46.7096998728811740875244140625" lon="22.83044370822608470916748046875">
        <ele>877.4000244140625</ele>
        <time>2020-08-09T10:22:29.000Z</time>
        <extensions>
          <ns3:TrackPointExtension>
            <ns3:hr>112</ns3:hr>
          </ns3:TrackPointExtension>
        </extensions>
      </trkpt>
      <trkpt lat="46.709713451564311981201171875" lon="22.83042979426681995391845703125">
        <ele>877.5999755859375</ele>
        <time>2020-08-09T10:22:30.000Z</time>
        <extensions>
          <ns3:TrackPointExtension>
            <ns3:hr>109</ns3:hr>
          </ns3:TrackPointExtension>
        </extensions>
      </trkpt>
      <trkpt lat="46.70976734720170497894287109375" lon="22.83038268797099590301513671875">
        <ele>877.79998779296875</ele>
        <time>2020-08-09T10:22:34.000Z</time>
        <extensions>
          <ns3:TrackPointExtension>
            <ns3:hr>112</ns3:hr>
          </ns3:TrackPointExtension>
        </extensions>
      </trkpt>
      <trkpt lat="46.70979517512023448944091796875" lon="22.8303554467856884002685546875">
        <ele>878</ele>
        <time>2020-08-09T10:22:37.000Z</time>
        <extensions>
          <ns3:TrackPointExtension>
            <ns3:hr>114</ns3:hr>
          </ns3:TrackPointExtension>
        </extensions>
      </trkpt>
      <trkpt lat="46.70982015319168567657470703125" lon="22.83034580759704113006591796875">
        <ele>878.20001220703125</ele>
        <time>2020-08-09T10:22:38.000Z</time>
        <extensions>
          <ns3:TrackPointExtension>
            <ns3:hr>114</ns3:hr>
          </ns3:TrackPointExtension>
        </extensions>
      </trkpt>
      <trkpt lat="46.709868349134922027587890625" lon="22.830245979130268096923828125">
        <ele>878.5999755859375</ele>
        <time>2020-08-09T10:22:45.000Z</time>
        <extensions>
          <ns3:TrackPointExtension>
            <ns3:hr>112</ns3:hr>
          </ns3:TrackPointExtension>
        </extensions>
      </trkpt>
      <trkpt lat="46.70990682207047939300537109375" lon="22.8302310593426227569580078125">
        <ele>879</ele>
        <time>2020-08-09T10:22:48.000Z</time>
        <extensions>
          <ns3:TrackPointExtension>
            <ns3:hr>116</ns3:hr>
          </ns3:TrackPointExtension>
        </extensions>
      </trkpt>
      <trkpt lat="46.7099040560424327850341796875" lon="22.83022359944880008697509765625">
        <ele>879</ele>
        <time>2020-08-09T10:22:49.000Z</time>
        <extensions>
          <ns3:TrackPointExtension>
            <ns3:hr>116</ns3:hr>
          </ns3:TrackPointExtension>
        </extensions>
      </trkpt>
      <trkpt lat="46.70993716455996036529541015625" lon="22.83018822781741619110107421875">
        <ele>879.4000244140625</ele>
        <time>2020-08-09T10:22:52.000Z</time>
        <extensions>
          <ns3:TrackPointExtension>
            <ns3:hr>112</ns3:hr>
          </ns3:TrackPointExtension>
        </extensions>
      </trkpt>
      <trkpt lat="46.709964573383331298828125" lon="22.83014397136867046356201171875">
        <ele>880</ele>
        <time>2020-08-09T10:22:56.000Z</time>
        <extensions>
          <ns3:TrackPointExtension>
            <ns3:hr>110</ns3:hr>
          </ns3:TrackPointExtension>
        </extensions>
      </trkpt>
      <trkpt lat="46.70999835245311260223388671875" lon="22.83008404076099395751953125">
        <ele>880.5999755859375</ele>
        <time>2020-08-09T10:23:01.000Z</time>
        <extensions>
          <ns3:TrackPointExtension>
            <ns3:hr>112</ns3:hr>
          </ns3:TrackPointExtension>
        </extensions>
      </trkpt>
      <trkpt lat="46.7100301198661327362060546875" lon="22.8300443105399608612060546875">
        <ele>881.20001220703125</ele>
        <time>2020-08-09T10:23:06.000Z</time>
        <extensions>
          <ns3:TrackPointExtension>
            <ns3:hr>112</ns3:hr>
          </ns3:TrackPointExtension>
        </extensions>
      </trkpt>
      <trkpt lat="46.71004847623407840728759765625" lon="22.83002930693328380584716796875">
        <ele>881.4000244140625</ele>
        <time>2020-08-09T10:23:08.000Z</time>
        <extensions>
          <ns3:TrackPointExtension>
            <ns3:hr>113</ns3:hr>
          </ns3:TrackPointExtension>
        </extensions>
      </trkpt>
      <trkpt lat="46.71005166135728359222412109375" lon="22.8299785964190959930419921875">
        <ele>881.79998779296875</ele>
        <time>2020-08-09T10:23:12.000Z</time>
        <extensions>
          <ns3:TrackPointExtension>
            <ns3:hr>116</ns3:hr>
          </ns3:TrackPointExtension>
        </extensions>
      </trkpt>
      <trkpt lat="46.71010161750018596649169921875" lon="22.82996292226016521453857421875">
        <ele>882.20001220703125</ele>
        <time>2020-08-09T10:23:16.000Z</time>
        <extensions>
          <ns3:TrackPointExtension>
            <ns3:hr>115</ns3:hr>
          </ns3:TrackPointExtension>
        </extensions>
      </trkpt>
      <trkpt lat="46.71018510125577449798583984375" lon="22.82988899387419223785400390625">
        <ele>883</ele>
        <time>2020-08-09T10:23:25.000Z</time>
        <extensions>
          <ns3:TrackPointExtension>
            <ns3:hr>114</ns3:hr>
          </ns3:TrackPointExtension>
        </extensions>
      </trkpt>
      <trkpt lat="46.71020588837563991546630859375" lon="22.82987105660140514373779296875">
        <ele>883.4000244140625</ele>
        <time>2020-08-09T10:23:29.000Z</time>
        <extensions>
          <ns3:TrackPointExtension>
            <ns3:hr>115</ns3:hr>
          </ns3:TrackPointExtension>
        </extensions>
      </trkpt>
      <trkpt lat="46.7102534137666225433349609375" lon="22.8298350982367992401123046875">
        <ele>884</ele>
        <time>2020-08-09T10:23:33.000Z</time>
        <extensions>
          <ns3:TrackPointExtension>
            <ns3:hr>112</ns3:hr>
          </ns3:TrackPointExtension>
        </extensions>
      </trkpt>
      <trkpt lat="46.7102889530360698699951171875" lon="22.8298327513039112091064453125">
        <ele>884.5999755859375</ele>
        <time>2020-08-09T10:23:35.000Z</time>
        <extensions>
          <ns3:TrackPointExtension>
            <ns3:hr>115</ns3:hr>
          </ns3:TrackPointExtension>
        </extensions>
      </trkpt>
      <trkpt lat="46.7103365622460842132568359375" lon="22.8297816216945648193359375">
        <ele>885</ele>
        <time>2020-08-09T10:23:40.000Z</time>
        <extensions>
          <ns3:TrackPointExtension>
            <ns3:hr>117</ns3:hr>
          </ns3:TrackPointExtension>
        </extensions>
      </trkpt>
      <trkpt lat="46.71035843901336193084716796875" lon="22.82974214293062686920166015625">
        <ele>885.4000244140625</ele>
        <time>2020-08-09T10:23:44.000Z</time>
        <extensions>
          <ns3:TrackPointExtension>
            <ns3:hr>116</ns3:hr>
          </ns3:TrackPointExtension>
        </extensions>
      </trkpt>
      <trkpt lat="46.710357181727886199951171875" lon="22.8297056816518306732177734375">
        <ele>885.5999755859375</ele>
        <time>2020-08-09T10:23:46.000Z</time>
        <extensions>
          <ns3:TrackPointExtension>
            <ns3:hr>116</ns3:hr>
          </ns3:TrackPointExtension>
        </extensions>
      </trkpt>
      <trkpt lat="46.7103687487542629241943359375" lon="22.829665280878543853759765625">
        <ele>886</ele>
        <time>2020-08-09T10:23:49.000Z</time>
        <extensions>
          <ns3:TrackPointExtension>
            <ns3:hr>114</ns3:hr>
          </ns3:TrackPointExtension>
        </extensions>
      </trkpt>
      <trkpt lat="46.71045399270951747894287109375" lon="22.82959361560642719268798828125">
        <ele>886.5999755859375</ele>
        <time>2020-08-09T10:23:56.000Z</time>
        <extensions>
          <ns3:TrackPointExtension>
            <ns3:hr>113</ns3:hr>
          </ns3:TrackPointExtension>
        </extensions>
      </trkpt>
      <trkpt lat="46.71046555973589420318603515625" lon="22.8295682184398174285888671875">
        <ele>886.79998779296875</ele>
        <time>2020-08-09T10:23:58.000Z</time>
        <extensions>
          <ns3:TrackPointExtension>
            <ns3:hr>114</ns3:hr>
          </ns3:TrackPointExtension>
        </extensions>
      </trkpt>
      <trkpt lat="46.7105065472424030303955078125" lon="22.829512059688568115234375">
        <ele>887.5999755859375</ele>
        <time>2020-08-09T10:24:05.000Z</time>
        <extensions>
          <ns3:TrackPointExtension>
            <ns3:hr>116</ns3:hr>
          </ns3:TrackPointExtension>
        </extensions>
      </trkpt>
      <trkpt lat="46.710515432059764862060546875" lon="22.829508371651172637939453125">
        <ele>887.79998779296875</ele>
        <time>2020-08-09T10:24:06.000Z</time>
        <extensions>
          <ns3:TrackPointExtension>
            <ns3:hr>117</ns3:hr>
          </ns3:TrackPointExtension>
        </extensions>
      </trkpt>
      <trkpt lat="46.710571087896823883056640625" lon="22.82948649488389492034912109375">
        <ele>888.79998779296875</ele>
        <time>2020-08-09T10:24:13.000Z</time>
        <extensions>
          <ns3:TrackPointExtension>
            <ns3:hr>116</ns3:hr>
          </ns3:TrackPointExtension>
        </extensions>
      </trkpt>
      <trkpt lat="46.71061475761234760284423828125" lon="22.8294693119823932647705078125">
        <ele>889.4000244140625</ele>
        <time>2020-08-09T10:24:20.000Z</time>
        <extensions>
          <ns3:TrackPointExtension>
            <ns3:hr>118</ns3:hr>
          </ns3:TrackPointExtension>
        </extensions>
      </trkpt>
      <trkpt lat="46.71062297187745571136474609375" lon="22.8294267319142818450927734375">
        <ele>889.5999755859375</ele>
        <time>2020-08-09T10:24:28.000Z</time>
        <extensions>
          <ns3:TrackPointExtension>
            <ns3:hr>115</ns3:hr>
          </ns3:TrackPointExtension>
        </extensions>
      </trkpt>
      <trkpt lat="46.710638813674449920654296875" lon="22.82941373996436595916748046875">
        <ele>889.5999755859375</ele>
        <time>2020-08-09T10:24:30.000Z</time>
        <extensions>
          <ns3:TrackPointExtension>
            <ns3:hr>115</ns3:hr>
          </ns3:TrackPointExtension>
        </extensions>
      </trkpt>
      <trkpt lat="46.7106500454246997833251953125" lon="22.8293807990849018096923828125">
        <ele>889.79998779296875</ele>
        <time>2020-08-09T10:24:34.000Z</time>
        <extensions>
          <ns3:TrackPointExtension>
            <ns3:hr>113</ns3:hr>
          </ns3:TrackPointExtension>
        </extensions>
      </trkpt>
      <trkpt lat="46.71066773124039173126220703125" lon="22.8293417394161224365234375">
        <ele>889.79998779296875</ele>
        <time>2020-08-09T10:24:37.000Z</time>
        <extensions>
          <ns3:TrackPointExtension>
            <ns3:hr>114</ns3:hr>
          </ns3:TrackPointExtension>
        </extensions>
      </trkpt>
      <trkpt lat="46.71068768016993999481201171875" lon="22.8293341957032680511474609375">
        <ele>890</ele>
        <time>2020-08-09T10:24:40.000Z</time>
        <extensions>
          <ns3:TrackPointExtension>
            <ns3:hr>111</ns3:hr>
          </ns3:TrackPointExtension>
        </extensions>
      </trkpt>
      <trkpt lat="46.710691787302494049072265625" lon="22.829345427453517913818359375">
        <ele>890.5999755859375</ele>
        <time>2020-08-09T10:24:45.000Z</time>
        <extensions>
          <ns3:TrackPointExtension>
            <ns3:hr>112</ns3:hr>
          </ns3:TrackPointExtension>
        </extensions>
      </trkpt>
      <trkpt lat="46.71070310287177562713623046875" lon="22.82935892231762409210205078125">
        <ele>890.5999755859375</ele>
        <time>2020-08-09T10:24:50.000Z</time>
        <extensions>
          <ns3:TrackPointExtension>
            <ns3:hr>115</ns3:hr>
          </ns3:TrackPointExtension>
        </extensions>
      </trkpt>
      <trkpt lat="46.7107073776423931121826171875" lon="22.8293496184051036834716796875">
        <ele>890.5999755859375</ele>
        <time>2020-08-09T10:24:53.000Z</time>
        <extensions>
          <ns3:TrackPointExtension>
            <ns3:hr>114</ns3:hr>
          </ns3:TrackPointExtension>
        </extensions>
      </trkpt>
      <trkpt lat="46.71071031130850315093994140625" lon="22.8293124027550220489501953125">
        <ele>890.5999755859375</ele>
        <time>2020-08-09T10:24:57.000Z</time>
        <extensions>
          <ns3:TrackPointExtension>
            <ns3:hr>111</ns3:hr>
          </ns3:TrackPointExtension>
        </extensions>
      </trkpt>
      <trkpt lat="46.71071232296526432037353515625" lon="22.8292906098067760467529296875">
        <ele>890.79998779296875</ele>
        <time>2020-08-09T10:24:59.000Z</time>
        <extensions>
          <ns3:TrackPointExtension>
            <ns3:hr>116</ns3:hr>
          </ns3:TrackPointExtension>
        </extensions>
      </trkpt>
      <trkpt lat="46.71071534045040607452392578125" lon="22.82927895896136760711669921875">
        <ele>890.79998779296875</ele>
        <time>2020-08-09T10:25:00.000Z</time>
        <extensions>
          <ns3:TrackPointExtension>
            <ns3:hr>118</ns3:hr>
          </ns3:TrackPointExtension>
        </extensions>
      </trkpt>
      <trkpt lat="46.7107187770307064056396484375" lon="22.82925867475569248199462890625">
        <ele>890.79998779296875</ele>
        <time>2020-08-09T10:25:02.000Z</time>
        <extensions>
          <ns3:TrackPointExtension>
            <ns3:hr>122</ns3:hr>
          </ns3:TrackPointExtension>
        </extensions>
      </trkpt>
      <trkpt lat="46.71071567572653293609619140625" lon="22.82921969890594482421875">
        <ele>890.79998779296875</ele>
        <time>2020-08-09T10:25:06.000Z</time>
        <extensions>
          <ns3:TrackPointExtension>
            <ns3:hr>123</ns3:hr>
          </ns3:TrackPointExtension>
        </extensions>
      </trkpt>
      <trkpt lat="46.71071735210716724395751953125" lon="22.829211987555027008056640625">
        <ele>891</ele>
        <time>2020-08-09T10:25:09.000Z</time>
        <extensions>
          <ns3:TrackPointExtension>
            <ns3:hr>122</ns3:hr>
          </ns3:TrackPointExtension>
        </extensions>
      </trkpt>
      <trkpt lat="46.71073176898062229156494140625" lon="22.829212658107280731201171875">
        <ele>891.20001220703125</ele>
        <time>2020-08-09T10:25:11.000Z</time>
        <extensions>
          <ns3:TrackPointExtension>
            <ns3:hr>119</ns3:hr>
          </ns3:TrackPointExtension>
        </extensions>
      </trkpt>
      <trkpt lat="46.710734702646732330322265625" lon="22.82921500504016876220703125">
        <ele>891.4000244140625</ele>
        <time>2020-08-09T10:25:12.000Z</time>
        <extensions>
          <ns3:TrackPointExtension>
            <ns3:hr>116</ns3:hr>
          </ns3:TrackPointExtension>
        </extensions>
      </trkpt>
      <trkpt lat="46.7107442580163478851318359375" lon="22.829207293689250946044921875">
        <ele>891.4000244140625</ele>
        <time>2020-08-09T10:25:14.000Z</time>
        <extensions>
          <ns3:TrackPointExtension>
            <ns3:hr>113</ns3:hr>
          </ns3:TrackPointExtension>
        </extensions>
      </trkpt>
      <trkpt lat="46.71074040234088897705078125" lon="22.82919949851930141448974609375">
        <ele>891.4000244140625</ele>
        <time>2020-08-09T10:25:15.000Z</time>
        <extensions>
          <ns3:TrackPointExtension>
            <ns3:hr>109</ns3:hr>
          </ns3:TrackPointExtension>
        </extensions>
      </trkpt>
      <trkpt lat="46.71074769459664821624755859375" lon="22.8291930444538593292236328125">
        <ele>891.5999755859375</ele>
        <time>2020-08-09T10:25:16.000Z</time>
        <extensions>
          <ns3:TrackPointExtension>
            <ns3:hr>109</ns3:hr>
          </ns3:TrackPointExtension>
        </extensions>
      </trkpt>
      <trkpt lat="46.71074216254055500030517578125" lon="22.82918692566454410552978515625">
        <ele>891.5999755859375</ele>
        <time>2020-08-09T10:25:17.000Z</time>
        <extensions>
          <ns3:TrackPointExtension>
            <ns3:hr>108</ns3:hr>
          </ns3:TrackPointExtension>
        </extensions>
      </trkpt>
      <trkpt lat="46.710782311856746673583984375" lon="22.829179130494594573974609375">
        <ele>892</ele>
        <time>2020-08-09T10:25:23.000Z</time>
        <extensions>
          <ns3:TrackPointExtension>
            <ns3:hr>106</ns3:hr>
          </ns3:TrackPointExtension>
        </extensions>
      </trkpt>
      <trkpt lat="46.710790358483791351318359375" lon="22.8291781246662139892578125">
        <ele>892</ele>
        <time>2020-08-09T10:25:25.000Z</time>
        <extensions>
          <ns3:TrackPointExtension>
            <ns3:hr>105</ns3:hr>
          </ns3:TrackPointExtension>
        </extensions>
      </trkpt>
      <trkpt lat="46.71075456775724887847900390625" lon="22.82917384989559650421142578125">
        <ele>892.20001220703125</ele>
        <time>2020-08-09T10:25:31.000Z</time>
        <extensions>
          <ns3:TrackPointExtension>
            <ns3:hr>103</ns3:hr>
          </ns3:TrackPointExtension>
        </extensions>
      </trkpt>
      <trkpt lat="46.710723303258419036865234375" lon="22.82917452044785022735595703125">
        <ele>892.79998779296875</ele>
        <time>2020-08-09T10:25:46.000Z</time>
        <extensions>
          <ns3:TrackPointExtension>
            <ns3:hr>104</ns3:hr>
          </ns3:TrackPointExtension>
        </extensions>
      </trkpt>
      <trkpt lat="46.710705868899822235107421875" lon="22.8291917033493518829345703125">
        <ele>892.5999755859375</ele>
        <time>2020-08-09T10:25:59.000Z</time>
        <extensions>
          <ns3:TrackPointExtension>
            <ns3:hr>105</ns3:hr>
          </ns3:TrackPointExtension>
        </extensions>
      </trkpt>
      <trkpt lat="46.71071785502135753631591796875" lon="22.82917334698140621185302734375">
        <ele>891.79998779296875</ele>
        <time>2020-08-09T10:26:07.000Z</time>
        <extensions>
          <ns3:TrackPointExtension>
            <ns3:hr>100</ns3:hr>
          </ns3:TrackPointExtension>
        </extensions>
      </trkpt>
      <trkpt lat="46.71071466989815235137939453125" lon="22.82917066477239131927490234375">
        <ele>891.5999755859375</ele>
        <time>2020-08-09T10:26:09.000Z</time>
        <extensions>
          <ns3:TrackPointExtension>
            <ns3:hr>97</ns3:hr>
          </ns3:TrackPointExtension>
        </extensions>
      </trkpt>
      <trkpt lat="46.71070151031017303466796875" lon="22.82917016185820102691650390625">
        <ele>891.5999755859375</ele>
        <time>2020-08-09T10:26:12.000Z</time>
        <extensions>
          <ns3:TrackPointExtension>
            <ns3:hr>94</ns3:hr>
          </ns3:TrackPointExtension>
        </extensions>
      </trkpt>
      <trkpt lat="46.7106929607689380645751953125" lon="22.82915641553699970245361328125">
        <ele>891.5999755859375</ele>
        <time>2020-08-09T10:26:16.000Z</time>
        <extensions>
          <ns3:TrackPointExtension>
            <ns3:hr>93</ns3:hr>
          </ns3:TrackPointExtension>
        </extensions>
      </trkpt>
      <trkpt lat="46.7106976546347141265869140625" lon="22.82917183823883533477783203125">
        <ele>891.4000244140625</ele>
        <time>2020-08-09T10:26:21.000Z</time>
        <extensions>
          <ns3:TrackPointExtension>
            <ns3:hr>96</ns3:hr>
          </ns3:TrackPointExtension>
        </extensions>
      </trkpt>
      <trkpt lat="46.71070360578596591949462890625" lon="22.82920033670961856842041015625">
        <ele>891.4000244140625</ele>
        <time>2020-08-09T10:26:28.000Z</time>
        <extensions>
          <ns3:TrackPointExtension>
            <ns3:hr>93</ns3:hr>
          </ns3:TrackPointExtension>
        </extensions>
      </trkpt>
      <trkpt lat="46.71069757081568241119384765625" lon="22.829198576509952545166015625">
        <ele>891.4000244140625</ele>
        <time>2020-08-09T10:26:29.000Z</time>
        <extensions>
          <ns3:TrackPointExtension>
            <ns3:hr>93</ns3:hr>
          </ns3:TrackPointExtension>
        </extensions>
      </trkpt>
      <trkpt lat="46.71068315394222736358642578125" lon="22.82916404306888580322265625">
        <ele>891.4000244140625</ele>
        <time>2020-08-09T10:26:35.000Z</time>
        <extensions>
          <ns3:TrackPointExtension>
            <ns3:hr>90</ns3:hr>
          </ns3:TrackPointExtension>
        </extensions>
      </trkpt>
      <trkpt lat="46.71068139374256134033203125" lon="22.829161025583744049072265625">
        <ele>891.4000244140625</ele>
        <time>2020-08-09T10:26:37.000Z</time>
        <extensions>
          <ns3:TrackPointExtension>
            <ns3:hr>93</ns3:hr>
          </ns3:TrackPointExtension>
        </extensions>
      </trkpt>
      <trkpt lat="46.7106859199702739715576171875" lon="22.82916563563048839569091796875">
        <ele>891.4000244140625</ele>
        <time>2020-08-09T10:26:40.000Z</time>
        <extensions>
          <ns3:TrackPointExtension>
            <ns3:hr>89</ns3:hr>
          </ns3:TrackPointExtension>
        </extensions>
      </trkpt>
      <trkpt lat="46.7107036896049976348876953125" lon="22.82917804084718227386474609375">
        <ele>891.5999755859375</ele>
        <time>2020-08-09T10:26:49.000Z</time>
        <extensions>
          <ns3:TrackPointExtension>
            <ns3:hr>92</ns3:hr>
          </ns3:TrackPointExtension>
        </extensions>
      </trkpt>
      <trkpt lat="46.71070259995758533477783203125" lon="22.829183824360370635986328125">
        <ele>892.20001220703125</ele>
        <time>2020-08-09T10:26:53.000Z</time>
        <extensions>
          <ns3:TrackPointExtension>
            <ns3:hr>87</ns3:hr>
          </ns3:TrackPointExtension>
        </extensions>
      </trkpt>
      <trkpt lat="46.71070863492786884307861328125" lon="22.82918139360845088958740234375">
        <ele>892</ele>
        <time>2020-08-09T10:26:54.000Z</time>
        <extensions>
          <ns3:TrackPointExtension>
            <ns3:hr>83</ns3:hr>
          </ns3:TrackPointExtension>
        </extensions>
      </trkpt>
      <trkpt lat="46.71071399934589862823486328125" lon="22.82918910495936870574951171875">
        <ele>892.20001220703125</ele>
        <time>2020-08-09T10:26:57.000Z</time>
        <extensions>
          <ns3:TrackPointExtension>
            <ns3:hr>80</ns3:hr>
          </ns3:TrackPointExtension>
        </extensions>
      </trkpt>
      <trkpt lat="46.7107144184410572052001953125" lon="22.8292010910809040069580078125">
        <ele>892.20001220703125</ele>
        <time>2020-08-09T10:26:59.000Z</time>
        <extensions>
          <ns3:TrackPointExtension>
            <ns3:hr>79</ns3:hr>
          </ns3:TrackPointExtension>
        </extensions>
      </trkpt>
      <trkpt lat="46.71066186390817165374755859375" lon="22.8292929567396640777587890625">
        <ele>892.20001220703125</ele>
        <time>2020-08-09T10:27:08.000Z</time>
        <extensions>
          <ns3:TrackPointExtension>
            <ns3:hr>82</ns3:hr>
          </ns3:TrackPointExtension>
        </extensions>
      </trkpt>
      <trkpt lat="46.7106473632156848907470703125" lon="22.82930376939475536346435546875">
        <ele>892</ele>
        <time>2020-08-09T10:27:12.000Z</time>
        <extensions>
          <ns3:TrackPointExtension>
            <ns3:hr>85</ns3:hr>
          </ns3:TrackPointExtension>
        </extensions>
      </trkpt>
      <trkpt lat="46.710647530853748321533203125" lon="22.82929144799709320068359375">
        <ele>892</ele>
        <time>2020-08-09T10:27:15.000Z</time>
        <extensions>
          <ns3:TrackPointExtension>
            <ns3:hr>87</ns3:hr>
          </ns3:TrackPointExtension>
        </extensions>
      </trkpt>
      <trkpt lat="46.710679717361927032470703125" lon="22.82919933088123798370361328125">
        <ele>892</ele>
        <time>2020-08-09T10:27:22.000Z</time>
        <extensions>
          <ns3:TrackPointExtension>
            <ns3:hr>90</ns3:hr>
          </ns3:TrackPointExtension>
        </extensions>
      </trkpt>
      <trkpt lat="46.71069773845374584197998046875" lon="22.8291430883109569549560546875">
        <ele>891.4000244140625</ele>
        <time>2020-08-09T10:27:26.000Z</time>
        <extensions>
          <ns3:TrackPointExtension>
            <ns3:hr>92</ns3:hr>
          </ns3:TrackPointExtension>
        </extensions>
      </trkpt>
      <trkpt lat="46.7107680626213550567626953125" lon="22.82902934588491916656494140625">
        <ele>891.79998779296875</ele>
        <time>2020-08-09T10:27:38.000Z</time>
        <extensions>
          <ns3:TrackPointExtension>
            <ns3:hr>95</ns3:hr>
          </ns3:TrackPointExtension>
        </extensions>
      </trkpt>
      <trkpt lat="46.71076579950749874114990234375" lon="22.8290213830769062042236328125">
        <ele>891.5999755859375</ele>
        <time>2020-08-09T10:27:41.000Z</time>
        <extensions>
          <ns3:TrackPointExtension>
            <ns3:hr>98</ns3:hr>
          </ns3:TrackPointExtension>
        </extensions>
      </trkpt>
      <trkpt lat="46.71077250503003597259521484375" lon="22.82901844941079616546630859375">
        <ele>891.5999755859375</ele>
        <time>2020-08-09T10:27:42.000Z</time>
        <extensions>
          <ns3:TrackPointExtension>
            <ns3:hr>98</ns3:hr>
          </ns3:TrackPointExtension>
        </extensions>
      </trkpt>
      <trkpt lat="46.71086956746876239776611328125" lon="22.82900185324251651763916015625">
        <ele>891.5999755859375</ele>
        <time>2020-08-09T10:27:53.000Z</time>
        <extensions>
          <ns3:TrackPointExtension>
            <ns3:hr>94</ns3:hr>
          </ns3:TrackPointExtension>
        </extensions>
      </trkpt>
      <trkpt lat="46.71088046394288539886474609375" lon="22.82900671474635601043701171875">
        <ele>891.5999755859375</ele>
        <time>2020-08-09T10:27:54.000Z</time>
        <extensions>
          <ns3:TrackPointExtension>
            <ns3:hr>99</ns3:hr>
          </ns3:TrackPointExtension>
        </extensions>
      </trkpt>
      <trkpt lat="46.7108787037432193756103515625" lon="22.82900839112699031829833984375">
        <ele>891.5999755859375</ele>
        <time>2020-08-09T10:27:56.000Z</time>
        <extensions>
          <ns3:TrackPointExtension>
            <ns3:hr>103</ns3:hr>
          </ns3:TrackPointExtension>
        </extensions>
      </trkpt>
      <trkpt lat="46.7108434997498989105224609375" lon="22.82899129204452037811279296875">
        <ele>891.5999755859375</ele>
        <time>2020-08-09T10:28:03.000Z</time>
        <extensions>
          <ns3:TrackPointExtension>
            <ns3:hr>100</ns3:hr>
          </ns3:TrackPointExtension>
        </extensions>
      </trkpt>
      <trkpt lat="46.7107945494353771209716796875" lon="22.8289637155830860137939453125">
        <ele>891.5999755859375</ele>
        <time>2020-08-09T10:28:10.000Z</time>
        <extensions>
          <ns3:TrackPointExtension>
            <ns3:hr>99</ns3:hr>
          </ns3:TrackPointExtension>
        </extensions>
      </trkpt>
      <trkpt lat="46.7107757739722728729248046875" lon="22.82891191542148590087890625">
        <ele>891.5999755859375</ele>
        <time>2020-08-09T10:28:23.000Z</time>
        <extensions>
          <ns3:TrackPointExtension>
            <ns3:hr>96</ns3:hr>
          </ns3:TrackPointExtension>
        </extensions>
      </trkpt>
      <trkpt lat="46.710759513080120086669921875" lon="22.82887210138142108917236328125">
        <ele>891.5999755859375</ele>
        <time>2020-08-09T10:28:26.000Z</time>
        <extensions>
          <ns3:TrackPointExtension>
            <ns3:hr>94</ns3:hr>
          </ns3:TrackPointExtension>
        </extensions>
      </trkpt>
      <trkpt lat="46.710700504481792449951171875" lon="22.8287199698388576507568359375">
        <ele>892.4000244140625</ele>
        <time>2020-08-09T10:28:39.000Z</time>
        <extensions>
          <ns3:TrackPointExtension>
            <ns3:hr>97</ns3:hr>
          </ns3:TrackPointExtension>
        </extensions>
      </trkpt>
      <trkpt lat="46.710699833929538726806640625" lon="22.82870764844119548797607421875">
        <ele>892.4000244140625</ele>
        <time>2020-08-09T10:28:40.000Z</time>
        <extensions>
          <ns3:TrackPointExtension>
            <ns3:hr>101</ns3:hr>
          </ns3:TrackPointExtension>
        </extensions>
      </trkpt>
      <trkpt lat="46.71068935655057430267333984375" lon="22.8286807425320148468017578125">
        <ele>892.5999755859375</ele>
        <time>2020-08-09T10:28:42.000Z</time>
        <extensions>
          <ns3:TrackPointExtension>
            <ns3:hr>104</ns3:hr>
          </ns3:TrackPointExtension>
        </extensions>
      </trkpt>
      <trkpt lat="46.71065725386142730712890625" lon="22.828632295131683349609375">
        <ele>893</ele>
        <time>2020-08-09T10:28:45.000Z</time>
        <extensions>
          <ns3:TrackPointExtension>
            <ns3:hr>105</ns3:hr>
          </ns3:TrackPointExtension>
        </extensions>
      </trkpt>
      <trkpt lat="46.7105776257812976837158203125" lon="22.82852525822818279266357421875">
        <ele>893.5999755859375</ele>
        <time>2020-08-09T10:28:52.000Z</time>
        <extensions>
          <ns3:TrackPointExtension>
            <ns3:hr>104</ns3:hr>
          </ns3:TrackPointExtension>
        </extensions>
      </trkpt>
      <trkpt lat="46.7105699144303798675537109375" lon="22.82851226627826690673828125">
        <ele>894</ele>
        <time>2020-08-09T10:28:55.000Z</time>
        <extensions>
          <ns3:TrackPointExtension>
            <ns3:hr>104</ns3:hr>
          </ns3:TrackPointExtension>
        </extensions>
      </trkpt>
      <trkpt lat="46.71056480146944522857666015625" lon="22.82847614027559757232666015625">
        <ele>894.20001220703125</ele>
        <time>2020-08-09T10:28:59.000Z</time>
        <extensions>
          <ns3:TrackPointExtension>
            <ns3:hr>108</ns3:hr>
          </ns3:TrackPointExtension>
        </extensions>
      </trkpt>
      <trkpt lat="46.71054418198764324188232421875" lon="22.8283682651817798614501953125">
        <ele>894.5999755859375</ele>
        <time>2020-08-09T10:29:06.000Z</time>
        <extensions>
          <ns3:TrackPointExtension>
            <ns3:hr>108</ns3:hr>
          </ns3:TrackPointExtension>
        </extensions>
      </trkpt>
      <trkpt lat="46.71052842400968074798583984375" lon="22.8283219970762729644775390625">
        <ele>894.79998779296875</ele>
        <time>2020-08-09T10:29:08.000Z</time>
        <extensions>
          <ns3:TrackPointExtension>
            <ns3:hr>108</ns3:hr>
          </ns3:TrackPointExtension>
        </extensions>
      </trkpt>
      <trkpt lat="46.7105018533766269683837890625" lon="22.82826910726726055145263671875">
        <ele>895</ele>
        <time>2020-08-09T10:29:11.000Z</time>
        <extensions>
          <ns3:TrackPointExtension>
            <ns3:hr>113</ns3:hr>
          </ns3:TrackPointExtension>
        </extensions>
      </trkpt>
      <trkpt lat="46.7105048708617687225341796875" lon="22.8282137028872966766357421875">
        <ele>895.20001220703125</ele>
        <time>2020-08-09T10:29:14.000Z</time>
        <extensions>
          <ns3:TrackPointExtension>
            <ns3:hr>116</ns3:hr>
          </ns3:TrackPointExtension>
        </extensions>
      </trkpt>
      <trkpt lat="46.7105015181005001068115234375" lon="22.828147150576114654541015625">
        <ele>895.4000244140625</ele>
        <time>2020-08-09T10:29:18.000Z</time>
        <extensions>
          <ns3:TrackPointExtension>
            <ns3:hr>116</ns3:hr>
          </ns3:TrackPointExtension>
        </extensions>
      </trkpt>
      <trkpt lat="46.71053295023739337921142578125" lon="22.82805855385959148406982421875">
        <ele>895.79998779296875</ele>
        <time>2020-08-09T10:29:22.000Z</time>
        <extensions>
          <ns3:TrackPointExtension>
            <ns3:hr>119</ns3:hr>
          </ns3:TrackPointExtension>
        </extensions>
      </trkpt>
      <trkpt lat="46.71051534824073314666748046875" lon="22.82797641120851039886474609375">
        <ele>896.20001220703125</ele>
        <time>2020-08-09T10:29:28.000Z</time>
        <extensions>
          <ns3:TrackPointExtension>
            <ns3:hr>116</ns3:hr>
          </ns3:TrackPointExtension>
        </extensions>
      </trkpt>
      <trkpt lat="46.71052456833422183990478515625" lon="22.82790742814540863037109375">
        <ele>896.4000244140625</ele>
        <time>2020-08-09T10:29:32.000Z</time>
        <extensions>
          <ns3:TrackPointExtension>
            <ns3:hr>113</ns3:hr>
          </ns3:TrackPointExtension>
        </extensions>
      </trkpt>
      <trkpt lat="46.710528172552585601806640625" lon="22.8278690390288829803466796875">
        <ele>896.4000244140625</ele>
        <time>2020-08-09T10:29:35.000Z</time>
        <extensions>
          <ns3:TrackPointExtension>
            <ns3:hr>109</ns3:hr>
          </ns3:TrackPointExtension>
        </extensions>
      </trkpt>
      <trkpt lat="46.71054552309215068817138671875" lon="22.82784816808998584747314453125">
        <ele>896.4000244140625</ele>
        <time>2020-08-09T10:29:36.000Z</time>
        <extensions>
          <ns3:TrackPointExtension>
            <ns3:hr>113</ns3:hr>
          </ns3:TrackPointExtension>
        </extensions>
      </trkpt>
      <trkpt lat="46.7105491273105144500732421875" lon="22.82774993218481540679931640625">
        <ele>897</ele>
        <time>2020-08-09T10:29:42.000Z</time>
        <extensions>
          <ns3:TrackPointExtension>
            <ns3:hr>110</ns3:hr>
          </ns3:TrackPointExtension>
        </extensions>
      </trkpt>
      <trkpt lat="46.71054334379732608795166015625" lon="22.8277252055704593658447265625">
        <ele>897.4000244140625</ele>
        <time>2020-08-09T10:29:44.000Z</time>
        <extensions>
          <ns3:TrackPointExtension>
            <ns3:hr>110</ns3:hr>
          </ns3:TrackPointExtension>
        </extensions>
      </trkpt>
      <trkpt lat="46.7105497978627681732177734375" lon="22.8276997245848178863525390625">
        <ele>897.4000244140625</ele>
        <time>2020-08-09T10:29:46.000Z</time>
        <extensions>
          <ns3:TrackPointExtension>
            <ns3:hr>109</ns3:hr>
          </ns3:TrackPointExtension>
        </extensions>
      </trkpt>
      <trkpt lat="46.7105387337505817413330078125" lon="22.82750568352639675140380859375">
        <ele>898.4000244140625</ele>
        <time>2020-08-09T10:30:00.000Z</time>
        <extensions>
          <ns3:TrackPointExtension>
            <ns3:hr>111</ns3:hr>
          </ns3:TrackPointExtension>
        </extensions>
      </trkpt>
      <trkpt lat="46.71056597493588924407958984375" lon="22.82746511511504650115966796875">
        <ele>898.5999755859375</ele>
        <time>2020-08-09T10:30:03.000Z</time>
        <extensions>
          <ns3:TrackPointExtension>
            <ns3:hr>111</ns3:hr>
          </ns3:TrackPointExtension>
        </extensions>
      </trkpt>
      <trkpt lat="46.71059413813054561614990234375" lon="22.82737643457949161529541015625">
        <ele>898.79998779296875</ele>
        <time>2020-08-09T10:30:10.000Z</time>
        <extensions>
          <ns3:TrackPointExtension>
            <ns3:hr>107</ns3:hr>
          </ns3:TrackPointExtension>
        </extensions>
      </trkpt>
      <trkpt lat="46.7106084711849689483642578125" lon="22.82728339545428752899169921875">
        <ele>899.20001220703125</ele>
        <time>2020-08-09T10:30:16.000Z</time>
        <extensions>
          <ns3:TrackPointExtension>
            <ns3:hr>113</ns3:hr>
          </ns3:TrackPointExtension>
        </extensions>
      </trkpt>
      <trkpt lat="46.71061526052653789520263671875" lon="22.82727484591305255889892578125">
        <ele>899.20001220703125</ele>
        <time>2020-08-09T10:30:17.000Z</time>
        <extensions>
          <ns3:TrackPointExtension>
            <ns3:hr>113</ns3:hr>
          </ns3:TrackPointExtension>
        </extensions>
      </trkpt>
      <trkpt lat="46.7106168530881404876708984375" lon="22.82724182121455669403076171875">
        <ele>899.20001220703125</ele>
        <time>2020-08-09T10:30:19.000Z</time>
        <extensions>
          <ns3:TrackPointExtension>
            <ns3:hr>113</ns3:hr>
          </ns3:TrackPointExtension>
        </extensions>
      </trkpt>
      <trkpt lat="46.710621379315853118896484375" lon="22.82720737159252166748046875">
        <ele>899.4000244140625</ele>
        <time>2020-08-09T10:30:24.000Z</time>
        <extensions>
          <ns3:TrackPointExtension>
            <ns3:hr>117</ns3:hr>
          </ns3:TrackPointExtension>
        </extensions>
      </trkpt>
      <trkpt lat="46.710611321032047271728515625" lon="22.827122211456298828125">
        <ele>899.4000244140625</ele>
        <time>2020-08-09T10:30:31.000Z</time>
        <extensions>
          <ns3:TrackPointExtension>
            <ns3:hr>114</ns3:hr>
          </ns3:TrackPointExtension>
        </extensions>
      </trkpt>
      <trkpt lat="46.71061391942203044891357421875" lon="22.82710184343159198760986328125">
        <ele>899.4000244140625</ele>
        <time>2020-08-09T10:30:32.000Z</time>
        <extensions>
          <ns3:TrackPointExtension>
            <ns3:hr>114</ns3:hr>
          </ns3:TrackPointExtension>
        </extensions>
      </trkpt>
      <trkpt lat="46.71056329272687435150146484375" lon="22.8269912861287593841552734375">
        <ele>899.4000244140625</ele>
        <time>2020-08-09T10:30:40.000Z</time>
        <extensions>
          <ns3:TrackPointExtension>
            <ns3:hr>106</ns3:hr>
          </ns3:TrackPointExtension>
        </extensions>
      </trkpt>
      <trkpt lat="46.71055122278630733489990234375" lon="22.82696119509637355804443359375">
        <ele>899.4000244140625</ele>
        <time>2020-08-09T10:30:42.000Z</time>
        <extensions>
          <ns3:TrackPointExtension>
            <ns3:hr>102</ns3:hr>
          </ns3:TrackPointExtension>
        </extensions>
      </trkpt>
      <trkpt lat="46.71052389778196811676025390625" lon="22.826909311115741729736328125">
        <ele>899.5999755859375</ele>
        <time>2020-08-09T10:30:45.000Z</time>
        <extensions>
          <ns3:TrackPointExtension>
            <ns3:hr>99</ns3:hr>
          </ns3:TrackPointExtension>
        </extensions>
      </trkpt>
      <trkpt lat="46.710498668253421783447265625" lon="22.8268538229167461395263671875">
        <ele>899.5999755859375</ele>
        <time>2020-08-09T10:30:48.000Z</time>
        <extensions>
          <ns3:TrackPointExtension>
            <ns3:hr>98</ns3:hr>
          </ns3:TrackPointExtension>
        </extensions>
      </trkpt>
      <trkpt lat="46.7105211317539215087890625" lon="22.82662977464497089385986328125">
        <ele>899.5999755859375</ele>
        <time>2020-08-09T10:31:03.000Z</time>
        <extensions>
          <ns3:TrackPointExtension>
            <ns3:hr>100</ns3:hr>
          </ns3:TrackPointExtension>
        </extensions>
      </trkpt>
      <trkpt lat="46.71053999103605747222900390625" lon="22.8265745379030704498291015625">
        <ele>899.5999755859375</ele>
        <time>2020-08-09T10:31:07.000Z</time>
        <extensions>
          <ns3:TrackPointExtension>
            <ns3:hr>95</ns3:hr>
          </ns3:TrackPointExtension>
        </extensions>
      </trkpt>
      <trkpt lat="46.7105752788484096527099609375" lon="22.82650572247803211212158203125">
        <ele>899.5999755859375</ele>
        <time>2020-08-09T10:31:15.000Z</time>
        <extensions>
          <ns3:TrackPointExtension>
            <ns3:hr>91</ns3:hr>
          </ns3:TrackPointExtension>
        </extensions>
      </trkpt>
      <trkpt lat="46.7105853371322154998779296875" lon="22.82649750821292400360107421875">
        <ele>899.5999755859375</ele>
        <time>2020-08-09T10:31:16.000Z</time>
        <extensions>
          <ns3:TrackPointExtension>
            <ns3:hr>89</ns3:hr>
          </ns3:TrackPointExtension>
        </extensions>
      </trkpt>
      <trkpt lat="46.7106269113719463348388671875" lon="22.82642978243529796600341796875">
        <ele>899.79998779296875</ele>
        <time>2020-08-09T10:31:22.000Z</time>
        <extensions>
          <ns3:TrackPointExtension>
            <ns3:hr>86</ns3:hr>
          </ns3:TrackPointExtension>
        </extensions>
      </trkpt>
      <trkpt lat="46.7106389813125133514404296875" lon="22.82641435973346233367919921875">
        <ele>899.79998779296875</ele>
        <time>2020-08-09T10:31:23.000Z</time>
        <extensions>
          <ns3:TrackPointExtension>
            <ns3:hr>87</ns3:hr>
          </ns3:TrackPointExtension>
        </extensions>
      </trkpt>
      <trkpt lat="46.7106802202761173248291015625" lon="22.82635509967803955078125">
        <ele>900</ele>
        <time>2020-08-09T10:31:27.000Z</time>
        <extensions>
          <ns3:TrackPointExtension>
            <ns3:hr>91</ns3:hr>
          </ns3:TrackPointExtension>
        </extensions>
      </trkpt>
      <trkpt lat="46.71069212257862091064453125" lon="22.82632249407470226287841796875">
        <ele>900.4000244140625</ele>
        <time>2020-08-09T10:31:30.000Z</time>
        <extensions>
          <ns3:TrackPointExtension>
            <ns3:hr>96</ns3:hr>
          </ns3:TrackPointExtension>
        </extensions>
      </trkpt>
      <trkpt lat="46.71069170348346233367919921875" lon="22.82631377689540386199951171875">
        <ele>900.4000244140625</ele>
        <time>2020-08-09T10:31:31.000Z</time>
        <extensions>
          <ns3:TrackPointExtension>
            <ns3:hr>96</ns3:hr>
          </ns3:TrackPointExtension>
        </extensions>
      </trkpt>
      <trkpt lat="46.71069622971117496490478515625" lon="22.82627019099891185760498046875">
        <ele>900.5999755859375</ele>
        <time>2020-08-09T10:31:37.000Z</time>
        <extensions>
          <ns3:TrackPointExtension>
            <ns3:hr>99</ns3:hr>
          </ns3:TrackPointExtension>
        </extensions>
      </trkpt>
      <trkpt lat="46.7107328586280345916748046875" lon="22.82620196230709552764892578125">
        <ele>900.5999755859375</ele>
        <time>2020-08-09T10:31:44.000Z</time>
        <extensions>
          <ns3:TrackPointExtension>
            <ns3:hr>101</ns3:hr>
          </ns3:TrackPointExtension>
        </extensions>
      </trkpt>
      <trkpt lat="46.7107576690614223480224609375" lon="22.82604622654616832733154296875">
        <ele>901</ele>
        <time>2020-08-09T10:31:53.000Z</time>
        <extensions>
          <ns3:TrackPointExtension>
            <ns3:hr>99</ns3:hr>
          </ns3:TrackPointExtension>
        </extensions>
      </trkpt>
      <trkpt lat="46.71075473539531230926513671875" lon="22.8259210847318172454833984375">
        <ele>901.20001220703125</ele>
        <time>2020-08-09T10:32:00.000Z</time>
        <extensions>
          <ns3:TrackPointExtension>
            <ns3:hr>100</ns3:hr>
          </ns3:TrackPointExtension>
        </extensions>
      </trkpt>
      <trkpt lat="46.71074417419731616973876953125" lon="22.82571447081863880157470703125">
        <ele>901.4000244140625</ele>
        <time>2020-08-09T10:32:12.000Z</time>
        <extensions>
          <ns3:TrackPointExtension>
            <ns3:hr>102</ns3:hr>
          </ns3:TrackPointExtension>
        </extensions>
      </trkpt>
      <trkpt lat="46.710715927183628082275390625" lon="22.82563132233917713165283203125">
        <ele>901.5999755859375</ele>
        <time>2020-08-09T10:32:17.000Z</time>
        <extensions>
          <ns3:TrackPointExtension>
            <ns3:hr>102</ns3:hr>
          </ns3:TrackPointExtension>
        </extensions>
      </trkpt>
      <trkpt lat="46.71070125885307788848876953125" lon="22.8255651891231536865234375">
        <ele>901.79998779296875</ele>
        <time>2020-08-09T10:32:21.000Z</time>
        <extensions>
          <ns3:TrackPointExtension>
            <ns3:hr>99</ns3:hr>
          </ns3:TrackPointExtension>
        </extensions>
      </trkpt>
      <trkpt lat="46.71065381728112697601318359375" lon="22.8253801167011260986328125">
        <ele>902.4000244140625</ele>
        <time>2020-08-09T10:32:32.000Z</time>
        <extensions>
          <ns3:TrackPointExtension>
            <ns3:hr>100</ns3:hr>
          </ns3:TrackPointExtension>
        </extensions>
      </trkpt>
      <trkpt lat="46.71063906513154506683349609375" lon="22.8253249637782573699951171875">
        <ele>902.4000244140625</ele>
        <time>2020-08-09T10:32:36.000Z</time>
        <extensions>
          <ns3:TrackPointExtension>
            <ns3:hr>99</ns3:hr>
          </ns3:TrackPointExtension>
        </extensions>
      </trkpt>
      <trkpt lat="46.7106248997151851654052734375" lon="22.8252916038036346435546875">
        <ele>902.5999755859375</ele>
        <time>2020-08-09T10:32:39.000Z</time>
        <extensions>
          <ns3:TrackPointExtension>
            <ns3:hr>103</ns3:hr>
          </ns3:TrackPointExtension>
        </extensions>
      </trkpt>
      <trkpt lat="46.710622049868106842041015625" lon="22.8252790309488773345947265625">
        <ele>902.5999755859375</ele>
        <time>2020-08-09T10:32:40.000Z</time>
        <extensions>
          <ns3:TrackPointExtension>
            <ns3:hr>100</ns3:hr>
          </ns3:TrackPointExtension>
        </extensions>
      </trkpt>
      <trkpt lat="46.71059288084506988525390625" lon="22.82521759159862995147705078125">
        <ele>903</ele>
        <time>2020-08-09T10:32:46.000Z</time>
        <extensions>
          <ns3:TrackPointExtension>
            <ns3:hr>101</ns3:hr>
          </ns3:TrackPointExtension>
        </extensions>
      </trkpt>
      <trkpt lat="46.710572429001331329345703125" lon="22.82512756995856761932373046875">
        <ele>903.4000244140625</ele>
        <time>2020-08-09T10:32:53.000Z</time>
        <extensions>
          <ns3:TrackPointExtension>
            <ns3:hr>103</ns3:hr>
          </ns3:TrackPointExtension>
        </extensions>
      </trkpt>
      <trkpt lat="46.71055105514824390411376953125" lon="22.82502413727343082427978515625">
        <ele>903.79998779296875</ele>
        <time>2020-08-09T10:33:01.000Z</time>
        <extensions>
          <ns3:TrackPointExtension>
            <ns3:hr>105</ns3:hr>
          </ns3:TrackPointExtension>
        </extensions>
      </trkpt>
      <trkpt lat="46.71055507846176624298095703125" lon="22.82490243203938007354736328125">
        <ele>904</ele>
        <time>2020-08-09T10:33:08.000Z</time>
        <extensions>
          <ns3:TrackPointExtension>
            <ns3:hr>108</ns3:hr>
          </ns3:TrackPointExtension>
        </extensions>
      </trkpt>
      <trkpt lat="46.71057268045842647552490234375" lon="22.8248596005141735076904296875">
        <ele>904.5999755859375</ele>
        <time>2020-08-09T10:33:11.000Z</time>
        <extensions>
          <ns3:TrackPointExtension>
            <ns3:hr>108</ns3:hr>
          </ns3:TrackPointExtension>
        </extensions>
      </trkpt>
      <trkpt lat="46.71060092747211456298828125" lon="22.8248307667672634124755859375">
        <ele>905</ele>
        <time>2020-08-09T10:33:14.000Z</time>
        <extensions>
          <ns3:TrackPointExtension>
            <ns3:hr>107</ns3:hr>
          </ns3:TrackPointExtension>
        </extensions>
      </trkpt>
      <trkpt lat="46.7106242291629314422607421875" lon="22.82478273846209049224853515625">
        <ele>905.5999755859375</ele>
        <time>2020-08-09T10:33:20.000Z</time>
        <extensions>
          <ns3:TrackPointExtension>
            <ns3:hr>108</ns3:hr>
          </ns3:TrackPointExtension>
        </extensions>
      </trkpt>
      <trkpt lat="46.7106741853058338165283203125" lon="22.8247003443539142608642578125">
        <ele>906.4000244140625</ele>
        <time>2020-08-09T10:33:27.000Z</time>
        <extensions>
          <ns3:TrackPointExtension>
            <ns3:hr>109</ns3:hr>
          </ns3:TrackPointExtension>
        </extensions>
      </trkpt>
      <trkpt lat="46.71067728661000728607177734375" lon="22.8246798925101757049560546875">
        <ele>906.79998779296875</ele>
        <time>2020-08-09T10:33:29.000Z</time>
        <extensions>
          <ns3:TrackPointExtension>
            <ns3:hr>109</ns3:hr>
          </ns3:TrackPointExtension>
        </extensions>
      </trkpt>
      <trkpt lat="46.7106872610747814178466796875" lon="22.82463303767144680023193359375">
        <ele>907.79998779296875</ele>
        <time>2020-08-09T10:33:33.000Z</time>
        <extensions>
          <ns3:TrackPointExtension>
            <ns3:hr>110</ns3:hr>
          </ns3:TrackPointExtension>
        </extensions>
      </trkpt>
      <trkpt lat="46.7106882669031620025634765625" lon="22.8246265836060047149658203125">
        <ele>908</ele>
        <time>2020-08-09T10:33:34.000Z</time>
        <extensions>
          <ns3:TrackPointExtension>
            <ns3:hr>107</ns3:hr>
          </ns3:TrackPointExtension>
        </extensions>
      </trkpt>
      <trkpt lat="46.71069354750216007232666015625" lon="22.82461560331284999847412109375">
        <ele>908.20001220703125</ele>
        <time>2020-08-09T10:33:36.000Z</time>
        <extensions>
          <ns3:TrackPointExtension>
            <ns3:hr>110</ns3:hr>
          </ns3:TrackPointExtension>
        </extensions>
      </trkpt>
      <trkpt lat="46.7106979899108409881591796875" lon="22.82460453920066356658935546875">
        <ele>908.4000244140625</ele>
        <time>2020-08-09T10:33:37.000Z</time>
        <extensions>
          <ns3:TrackPointExtension>
            <ns3:hr>113</ns3:hr>
          </ns3:TrackPointExtension>
        </extensions>
      </trkpt>
      <trkpt lat="46.71071014367043972015380859375" lon="22.8245781362056732177734375">
        <ele>909</ele>
        <time>2020-08-09T10:33:40.000Z</time>
        <extensions>
          <ns3:TrackPointExtension>
            <ns3:hr>115</ns3:hr>
          </ns3:TrackPointExtension>
        </extensions>
      </trkpt>
      <trkpt lat="46.7107321880757808685302734375" lon="22.8245266713201999664306640625">
        <ele>909.5999755859375</ele>
        <time>2020-08-09T10:33:44.000Z</time>
        <extensions>
          <ns3:TrackPointExtension>
            <ns3:hr>113</ns3:hr>
          </ns3:TrackPointExtension>
        </extensions>
      </trkpt>
      <trkpt lat="46.7107362113893032073974609375" lon="22.824507392942905426025390625">
        <ele>910</ele>
        <time>2020-08-09T10:33:46.000Z</time>
        <extensions>
          <ns3:TrackPointExtension>
            <ns3:hr>113</ns3:hr>
          </ns3:TrackPointExtension>
        </extensions>
      </trkpt>
      <trkpt lat="46.71072707511484622955322265625" lon="22.82446724362671375274658203125">
        <ele>910.20001220703125</ele>
        <time>2020-08-09T10:33:51.000Z</time>
        <extensions>
          <ns3:TrackPointExtension>
            <ns3:hr>116</ns3:hr>
          </ns3:TrackPointExtension>
        </extensions>
      </trkpt>
      <trkpt lat="46.710736714303493499755859375" lon="22.824414856731891632080078125">
        <ele>911</ele>
        <time>2020-08-09T10:33:56.000Z</time>
        <extensions>
          <ns3:TrackPointExtension>
            <ns3:hr>117</ns3:hr>
          </ns3:TrackPointExtension>
        </extensions>
      </trkpt>
      <trkpt lat="46.7107450962066650390625" lon="22.82438702881336212158203125">
        <ele>911.20001220703125</ele>
        <time>2020-08-09T10:33:59.000Z</time>
        <extensions>
          <ns3:TrackPointExtension>
            <ns3:hr>117</ns3:hr>
          </ns3:TrackPointExtension>
        </extensions>
      </trkpt>
      <trkpt lat="46.7107881791889667510986328125" lon="22.82429181039333343505859375">
        <ele>912</ele>
        <time>2020-08-09T10:34:13.000Z</time>
        <extensions>
          <ns3:TrackPointExtension>
            <ns3:hr>117</ns3:hr>
          </ns3:TrackPointExtension>
        </extensions>
      </trkpt>
      <trkpt lat="46.7107968963682651519775390625" lon="22.82426624558866024017333984375">
        <ele>912.5999755859375</ele>
        <time>2020-08-09T10:34:17.000Z</time>
        <extensions>
          <ns3:TrackPointExtension>
            <ns3:hr>116</ns3:hr>
          </ns3:TrackPointExtension>
        </extensions>
      </trkpt>
      <trkpt lat="46.7107911966741085052490234375" lon="22.82421176321804523468017578125">
        <ele>913.20001220703125</ele>
        <time>2020-08-09T10:34:22.000Z</time>
        <extensions>
          <ns3:TrackPointExtension>
            <ns3:hr>117</ns3:hr>
          </ns3:TrackPointExtension>
        </extensions>
      </trkpt>
      <trkpt lat="46.7108005844056606292724609375" lon="22.82417287118732929229736328125">
        <ele>913.5999755859375</ele>
        <time>2020-08-09T10:34:26.000Z</time>
        <extensions>
          <ns3:TrackPointExtension>
            <ns3:hr>120</ns3:hr>
          </ns3:TrackPointExtension>
        </extensions>
      </trkpt>
      <trkpt lat="46.7108039371669292449951171875" lon="22.824115455150604248046875">
        <ele>914.20001220703125</ele>
        <time>2020-08-09T10:34:30.000Z</time>
        <extensions>
          <ns3:TrackPointExtension>
            <ns3:hr>119</ns3:hr>
          </ns3:TrackPointExtension>
        </extensions>
      </trkpt>
      <trkpt lat="46.71082162298262119293212890625" lon="22.82407312653958797454833984375">
        <ele>914.79998779296875</ele>
        <time>2020-08-09T10:34:33.000Z</time>
        <extensions>
          <ns3:TrackPointExtension>
            <ns3:hr>118</ns3:hr>
          </ns3:TrackPointExtension>
        </extensions>
      </trkpt>
      <trkpt lat="46.71082782559096813201904296875" lon="22.824019901454448699951171875">
        <ele>915.20001220703125</ele>
        <time>2020-08-09T10:34:36.000Z</time>
        <extensions>
          <ns3:TrackPointExtension>
            <ns3:hr>117</ns3:hr>
          </ns3:TrackPointExtension>
        </extensions>
      </trkpt>
      <trkpt lat="46.710854060947895050048828125" lon="22.823913954198360443115234375">
        <ele>916.20001220703125</ele>
        <time>2020-08-09T10:34:44.000Z</time>
        <extensions>
          <ns3:TrackPointExtension>
            <ns3:hr>118</ns3:hr>
          </ns3:TrackPointExtension>
        </extensions>
      </trkpt>
      <trkpt lat="46.710894964635372161865234375" lon="22.82387430779635906219482421875">
        <ele>916.79998779296875</ele>
        <time>2020-08-09T10:34:49.000Z</time>
        <extensions>
          <ns3:TrackPointExtension>
            <ns3:hr>116</ns3:hr>
          </ns3:TrackPointExtension>
        </extensions>
      </trkpt>
      <trkpt lat="46.710951291024684906005859375" lon="22.82383977435529232025146484375">
        <ele>917.4000244140625</ele>
        <time>2020-08-09T10:34:55.000Z</time>
        <extensions>
          <ns3:TrackPointExtension>
            <ns3:hr>115</ns3:hr>
          </ns3:TrackPointExtension>
        </extensions>
      </trkpt>
      <trkpt lat="46.7110361158847808837890625" lon="22.82376735471189022064208984375">
        <ele>918</ele>
        <time>2020-08-09T10:35:06.000Z</time>
        <extensions>
          <ns3:TrackPointExtension>
            <ns3:hr>117</ns3:hr>
          </ns3:TrackPointExtension>
        </extensions>
      </trkpt>
      <trkpt lat="46.711057908833026885986328125" lon="22.82373919151723384857177734375">
        <ele>918.4000244140625</ele>
        <time>2020-08-09T10:35:10.000Z</time>
        <extensions>
          <ns3:TrackPointExtension>
            <ns3:hr>117</ns3:hr>
          </ns3:TrackPointExtension>
        </extensions>
      </trkpt>
      <trkpt lat="46.71113762073218822479248046875" lon="22.823718488216400146484375">
        <ele>919.5999755859375</ele>
        <time>2020-08-09T10:35:24.000Z</time>
        <extensions>
          <ns3:TrackPointExtension>
            <ns3:hr>117</ns3:hr>
          </ns3:TrackPointExtension>
        </extensions>
      </trkpt>
      <trkpt lat="46.71114264987409114837646484375" lon="22.82371672801673412322998046875">
        <ele>919.79998779296875</ele>
        <time>2020-08-09T10:35:25.000Z</time>
        <extensions>
          <ns3:TrackPointExtension>
            <ns3:hr>118</ns3:hr>
          </ns3:TrackPointExtension>
        </extensions>
      </trkpt>
      <trkpt lat="46.7111905105412006378173828125" lon="22.82370650209486484527587890625">
        <ele>920.5999755859375</ele>
        <time>2020-08-09T10:35:30.000Z</time>
        <extensions>
          <ns3:TrackPointExtension>
            <ns3:hr>116</ns3:hr>
          </ns3:TrackPointExtension>
        </extensions>
      </trkpt>
      <trkpt lat="46.7113004811108112335205078125" lon="22.82370482571423053741455078125">
        <ele>921.5999755859375</ele>
        <time>2020-08-09T10:35:41.000Z</time>
        <extensions>
          <ns3:TrackPointExtension>
            <ns3:hr>116</ns3:hr>
          </ns3:TrackPointExtension>
        </extensions>
      </trkpt>
      <trkpt lat="46.711309365928173065185546875" lon="22.82370449043810367584228515625">
        <ele>921.5999755859375</ele>
        <time>2020-08-09T10:35:42.000Z</time>
        <extensions>
          <ns3:TrackPointExtension>
            <ns3:hr>116</ns3:hr>
          </ns3:TrackPointExtension>
        </extensions>
      </trkpt>
      <trkpt lat="46.7113799415528774261474609375" lon="22.8237495012581348419189453125">
        <ele>922.79998779296875</ele>
        <time>2020-08-09T10:35:50.000Z</time>
        <extensions>
          <ns3:TrackPointExtension>
            <ns3:hr>118</ns3:hr>
          </ns3:TrackPointExtension>
        </extensions>
      </trkpt>
      <trkpt lat="46.71138907782733440399169921875" lon="22.82379535026848316192626953125">
        <ele>923.20001220703125</ele>
        <time>2020-08-09T10:35:53.000Z</time>
        <extensions>
          <ns3:TrackPointExtension>
            <ns3:hr>114</ns3:hr>
          </ns3:TrackPointExtension>
        </extensions>
      </trkpt>
      <trkpt lat="46.71138740144670009613037109375" lon="22.8238276205956935882568359375">
        <ele>923.4000244140625</ele>
        <time>2020-08-09T10:35:55.000Z</time>
        <extensions>
          <ns3:TrackPointExtension>
            <ns3:hr>113</ns3:hr>
          </ns3:TrackPointExtension>
        </extensions>
      </trkpt>
      <trkpt lat="46.7113886587321758270263671875" lon="22.82387212850153446197509765625">
        <ele>923.5999755859375</ele>
        <time>2020-08-09T10:35:58.000Z</time>
        <extensions>
          <ns3:TrackPointExtension>
            <ns3:hr>117</ns3:hr>
          </ns3:TrackPointExtension>
        </extensions>
      </trkpt>
      <trkpt lat="46.71139595098793506622314453125" lon="22.82389819622039794921875">
        <ele>923.79998779296875</ele>
        <time>2020-08-09T10:36:00.000Z</time>
        <extensions>
          <ns3:TrackPointExtension>
            <ns3:hr>117</ns3:hr>
          </ns3:TrackPointExtension>
        </extensions>
      </trkpt>
      <trkpt lat="46.71140014193952083587646484375" lon="22.82399819232523441314697265625">
        <ele>924.4000244140625</ele>
        <time>2020-08-09T10:36:08.000Z</time>
        <extensions>
          <ns3:TrackPointExtension>
            <ns3:hr>119</ns3:hr>
          </ns3:TrackPointExtension>
        </extensions>
      </trkpt>
      <trkpt lat="46.7114081047475337982177734375" lon="22.8240750543773174285888671875">
        <ele>924.79998779296875</ele>
        <time>2020-08-09T10:36:14.000Z</time>
        <extensions>
          <ns3:TrackPointExtension>
            <ns3:hr>118</ns3:hr>
          </ns3:TrackPointExtension>
        </extensions>
      </trkpt>
      <trkpt lat="46.7114050872623920440673828125" lon="22.8240948356688022613525390625">
        <ele>924.79998779296875</ele>
        <time>2020-08-09T10:36:16.000Z</time>
        <extensions>
          <ns3:TrackPointExtension>
            <ns3:hr>117</ns3:hr>
          </ns3:TrackPointExtension>
        </extensions>
      </trkpt>
      <trkpt lat="46.71139947138726711273193359375" lon="22.82413129694759845733642578125">
        <ele>925</ele>
        <time>2020-08-09T10:36:19.000Z</time>
        <extensions>
          <ns3:TrackPointExtension>
            <ns3:hr>114</ns3:hr>
          </ns3:TrackPointExtension>
        </extensions>
      </trkpt>
      <trkpt lat="46.71140693128108978271484375" lon="22.824168764054775238037109375">
        <ele>925.20001220703125</ele>
        <time>2020-08-09T10:36:23.000Z</time>
        <extensions>
          <ns3:TrackPointExtension>
            <ns3:hr>113</ns3:hr>
          </ns3:TrackPointExtension>
        </extensions>
      </trkpt>
      <trkpt lat="46.71143132261931896209716796875" lon="22.8242058120667934417724609375">
        <ele>926</ele>
        <time>2020-08-09T10:36:31.000Z</time>
        <extensions>
          <ns3:TrackPointExtension>
            <ns3:hr>114</ns3:hr>
          </ns3:TrackPointExtension>
        </extensions>
      </trkpt>
      <trkpt lat="46.71143568120896816253662109375" lon="22.82425451092422008514404296875">
        <ele>926.5999755859375</ele>
        <time>2020-08-09T10:36:37.000Z</time>
        <extensions>
          <ns3:TrackPointExtension>
            <ns3:hr>116</ns3:hr>
          </ns3:TrackPointExtension>
        </extensions>
      </trkpt>
      <trkpt lat="46.7114362679421901702880859375" lon="22.8242755495011806488037109375">
        <ele>927</ele>
        <time>2020-08-09T10:36:40.000Z</time>
        <extensions>
          <ns3:TrackPointExtension>
            <ns3:hr>116</ns3:hr>
          </ns3:TrackPointExtension>
        </extensions>
      </trkpt>
      <trkpt lat="46.711420677602291107177734375" lon="22.82435995526611804962158203125">
        <ele>928.20001220703125</ele>
        <time>2020-08-09T10:36:45.000Z</time>
        <extensions>
          <ns3:TrackPointExtension>
            <ns3:hr>113</ns3:hr>
          </ns3:TrackPointExtension>
        </extensions>
      </trkpt>
      <trkpt lat="46.71139393933117389678955078125" lon="22.82439708709716796875">
        <ele>928.5999755859375</ele>
        <time>2020-08-09T10:36:50.000Z</time>
        <extensions>
          <ns3:TrackPointExtension>
            <ns3:hr>111</ns3:hr>
          </ns3:TrackPointExtension>
        </extensions>
      </trkpt>
      <trkpt lat="46.711402237415313720703125" lon="22.82443262636661529541015625">
        <ele>929.20001220703125</ele>
        <time>2020-08-09T10:36:55.000Z</time>
        <extensions>
          <ns3:TrackPointExtension>
            <ns3:hr>111</ns3:hr>
          </ns3:TrackPointExtension>
        </extensions>
      </trkpt>
      <trkpt lat="46.71144045889377593994140625" lon="22.82454217784106731414794921875">
        <ele>930</ele>
        <time>2020-08-09T10:37:02.000Z</time>
        <extensions>
          <ns3:TrackPointExtension>
            <ns3:hr>108</ns3:hr>
          </ns3:TrackPointExtension>
        </extensions>
      </trkpt>
      <trkpt lat="46.7114322446286678314208984375" lon="22.82455944456160068511962890625">
        <ele>930</ele>
        <time>2020-08-09T10:37:04.000Z</time>
        <extensions>
          <ns3:TrackPointExtension>
            <ns3:hr>109</ns3:hr>
          </ns3:TrackPointExtension>
        </extensions>
      </trkpt>
      <trkpt lat="46.71138974837958812713623046875" lon="22.82466941513121128082275390625">
        <ele>930.20001220703125</ele>
        <time>2020-08-09T10:37:11.000Z</time>
        <extensions>
          <ns3:TrackPointExtension>
            <ns3:hr>111</ns3:hr>
          </ns3:TrackPointExtension>
        </extensions>
      </trkpt>
      <trkpt lat="46.71138606034219264984130859375" lon="22.8247003443539142608642578125">
        <ele>930.20001220703125</ele>
        <time>2020-08-09T10:37:13.000Z</time>
        <extensions>
          <ns3:TrackPointExtension>
            <ns3:hr>112</ns3:hr>
          </ns3:TrackPointExtension>
        </extensions>
      </trkpt>
      <trkpt lat="46.71137876808643341064453125" lon="22.82473579980432987213134765625">
        <ele>930.5999755859375</ele>
        <time>2020-08-09T10:37:18.000Z</time>
        <extensions>
          <ns3:TrackPointExtension>
            <ns3:hr>112</ns3:hr>
          </ns3:TrackPointExtension>
        </extensions>
      </trkpt>
      <trkpt lat="46.71138321049511432647705078125" lon="22.82478692941367626190185546875">
        <ele>930.4000244140625</ele>
        <time>2020-08-09T10:37:29.000Z</time>
        <extensions>
          <ns3:TrackPointExtension>
            <ns3:hr>108</ns3:hr>
          </ns3:TrackPointExtension>
        </extensions>
      </trkpt>
      <trkpt lat="46.71138471923768520355224609375" lon="22.8248275816440582275390625">
        <ele>930.20001220703125</ele>
        <time>2020-08-09T10:37:33.000Z</time>
        <extensions>
          <ns3:TrackPointExtension>
            <ns3:hr>105</ns3:hr>
          </ns3:TrackPointExtension>
        </extensions>
      </trkpt>
      <trkpt lat="46.71135655604302883148193359375" lon="22.8249474428594112396240234375">
        <ele>930.20001220703125</ele>
        <time>2020-08-09T10:37:41.000Z</time>
        <extensions>
          <ns3:TrackPointExtension>
            <ns3:hr>102</ns3:hr>
          </ns3:TrackPointExtension>
        </extensions>
      </trkpt>
      <trkpt lat="46.71134247444570064544677734375" lon="22.8250406496226787567138671875">
        <ele>930.4000244140625</ele>
        <time>2020-08-09T10:37:46.000Z</time>
        <extensions>
          <ns3:TrackPointExtension>
            <ns3:hr>99</ns3:hr>
          </ns3:TrackPointExtension>
        </extensions>
      </trkpt>
      <trkpt lat="46.7113346792757511138916015625" lon="22.82507945783436298370361328125">
        <ele>930.4000244140625</ele>
        <time>2020-08-09T10:37:48.000Z</time>
        <extensions>
          <ns3:TrackPointExtension>
            <ns3:hr>98</ns3:hr>
          </ns3:TrackPointExtension>
        </extensions>
      </trkpt>
      <trkpt lat="46.7113460786640644073486328125" lon="22.8252059407532215118408203125">
        <ele>930.5999755859375</ele>
        <time>2020-08-09T10:37:55.000Z</time>
        <extensions>
          <ns3:TrackPointExtension>
            <ns3:hr>100</ns3:hr>
          </ns3:TrackPointExtension>
        </extensions>
      </trkpt>
      <trkpt lat="46.71135999262332916259765625" lon="22.825284898281097412109375">
        <ele>930.79998779296875</ele>
        <time>2020-08-09T10:38:01.000Z</time>
        <extensions>
          <ns3:TrackPointExtension>
            <ns3:hr>102</ns3:hr>
          </ns3:TrackPointExtension>
        </extensions>
      </trkpt>
      <trkpt lat="46.7113608308136463165283203125" lon="22.82537500374019145965576171875">
        <ele>931.20001220703125</ele>
        <time>2020-08-09T10:38:09.000Z</time>
        <extensions>
          <ns3:TrackPointExtension>
            <ns3:hr>104</ns3:hr>
          </ns3:TrackPointExtension>
        </extensions>
      </trkpt>
      <trkpt lat="46.71137499623000621795654296875" lon="22.825507186353206634521484375">
        <ele>932</ele>
        <time>2020-08-09T10:38:19.000Z</time>
        <extensions>
          <ns3:TrackPointExtension>
            <ns3:hr>103</ns3:hr>
          </ns3:TrackPointExtension>
        </extensions>
      </trkpt>
      <trkpt lat="46.71138773672282695770263671875" lon="22.8255683742463588714599609375">
        <ele>932.4000244140625</ele>
        <time>2020-08-09T10:38:23.000Z</time>
        <extensions>
          <ns3:TrackPointExtension>
            <ns3:hr>104</ns3:hr>
          </ns3:TrackPointExtension>
        </extensions>
      </trkpt>
      <trkpt lat="46.7114449851214885711669921875" lon="22.82565571367740631103515625">
        <ele>933.4000244140625</ele>
        <time>2020-08-09T10:38:34.000Z</time>
        <extensions>
          <ns3:TrackPointExtension>
            <ns3:hr>105</ns3:hr>
          </ns3:TrackPointExtension>
        </extensions>
      </trkpt>
      <trkpt lat="46.71146862208843231201171875" lon="22.82571380026638507843017578125">
        <ele>933.79998779296875</ele>
        <time>2020-08-09T10:38:40.000Z</time>
        <extensions>
          <ns3:TrackPointExtension>
            <ns3:hr>108</ns3:hr>
          </ns3:TrackPointExtension>
        </extensions>
      </trkpt>
      <trkpt lat="46.711493097245693206787109375" lon="22.8258265368640422821044921875">
        <ele>934</ele>
        <time>2020-08-09T10:38:52.000Z</time>
        <extensions>
          <ns3:TrackPointExtension>
            <ns3:hr>107</ns3:hr>
          </ns3:TrackPointExtension>
        </extensions>
      </trkpt>
      <trkpt lat="46.71152184717357158660888671875" lon="22.82589686103165149688720703125">
        <ele>934.4000244140625</ele>
        <time>2020-08-09T10:38:58.000Z</time>
        <extensions>
          <ns3:TrackPointExtension>
            <ns3:hr>109</ns3:hr>
          </ns3:TrackPointExtension>
        </extensions>
      </trkpt>
      <trkpt lat="46.71160549856722354888916015625" lon="22.8260357491672039031982421875">
        <ele>935.5999755859375</ele>
        <time>2020-08-09T10:39:07.000Z</time>
        <extensions>
          <ns3:TrackPointExtension>
            <ns3:hr>108</ns3:hr>
          </ns3:TrackPointExtension>
        </extensions>
      </trkpt>
      <trkpt lat="46.711611449718475341796875" lon="22.82605008222162723541259765625">
        <ele>935.5999755859375</ele>
        <time>2020-08-09T10:39:08.000Z</time>
        <extensions>
          <ns3:TrackPointExtension>
            <ns3:hr>111</ns3:hr>
          </ns3:TrackPointExtension>
        </extensions>
      </trkpt>
      <trkpt lat="46.71161991544067859649658203125" lon="22.82607925124466419219970703125">
        <ele>935.79998779296875</ele>
        <time>2020-08-09T10:39:10.000Z</time>
        <extensions>
          <ns3:TrackPointExtension>
            <ns3:hr>109</ns3:hr>
          </ns3:TrackPointExtension>
        </extensions>
      </trkpt>
      <trkpt lat="46.71161639504134654998779296875" lon="22.82610255293548107147216796875">
        <ele>936.5999755859375</ele>
        <time>2020-08-09T10:39:18.000Z</time>
        <extensions>
          <ns3:TrackPointExtension>
            <ns3:hr>111</ns3:hr>
          </ns3:TrackPointExtension>
        </extensions>
      </trkpt>
      <trkpt lat="46.711652018129825592041015625" lon="22.82614781521260738372802734375">
        <ele>937.4000244140625</ele>
        <time>2020-08-09T10:39:24.000Z</time>
        <extensions>
          <ns3:TrackPointExtension>
            <ns3:hr>111</ns3:hr>
          </ns3:TrackPointExtension>
        </extensions>
      </trkpt>
      <trkpt lat="46.7116615734994411468505859375" lon="22.82616407610476016998291015625">
        <ele>937.5999755859375</ele>
        <time>2020-08-09T10:39:26.000Z</time>
        <extensions>
          <ns3:TrackPointExtension>
            <ns3:hr>110</ns3:hr>
          </ns3:TrackPointExtension>
        </extensions>
      </trkpt>
      <trkpt lat="46.71168780885636806488037109375" lon="22.826198525726795196533203125">
        <ele>938.5999755859375</ele>
        <time>2020-08-09T10:39:31.000Z</time>
        <extensions>
          <ns3:TrackPointExtension>
            <ns3:hr>114</ns3:hr>
          </ns3:TrackPointExtension>
        </extensions>
      </trkpt>
      <trkpt lat="46.71169870533049106597900390625" lon="22.8262121044099330902099609375">
        <ele>938.79998779296875</ele>
        <time>2020-08-09T10:39:33.000Z</time>
        <extensions>
          <ns3:TrackPointExtension>
            <ns3:hr>117</ns3:hr>
          </ns3:TrackPointExtension>
        </extensions>
      </trkpt>
      <trkpt lat="46.71172502450644969940185546875" lon="22.826323918998241424560546875">
        <ele>939.79998779296875</ele>
        <time>2020-08-09T10:39:42.000Z</time>
        <extensions>
          <ns3:TrackPointExtension>
            <ns3:hr>118</ns3:hr>
          </ns3:TrackPointExtension>
        </extensions>
      </trkpt>
      <trkpt lat="46.71174078248441219329833984375" lon="22.8263676725327968597412109375">
        <ele>940.4000244140625</ele>
        <time>2020-08-09T10:39:46.000Z</time>
        <extensions>
          <ns3:TrackPointExtension>
            <ns3:hr>121</ns3:hr>
          </ns3:TrackPointExtension>
        </extensions>
      </trkpt>
      <trkpt lat="46.71174824237823486328125" lon="22.8264122642576694488525390625">
        <ele>941</ele>
        <time>2020-08-09T10:39:49.000Z</time>
        <extensions>
          <ns3:TrackPointExtension>
            <ns3:hr>121</ns3:hr>
          </ns3:TrackPointExtension>
        </extensions>
      </trkpt>
      <trkpt lat="46.711772382259368896484375" lon="22.82648996450006961822509765625">
        <ele>942</ele>
        <time>2020-08-09T10:39:56.000Z</time>
        <extensions>
          <ns3:TrackPointExtension>
            <ns3:hr>123</ns3:hr>
          </ns3:TrackPointExtension>
        </extensions>
      </trkpt>
      <trkpt lat="46.71178990043699741363525390625" lon="22.8265312872827053070068359375">
        <ele>942.4000244140625</ele>
        <time>2020-08-09T10:40:01.000Z</time>
        <extensions>
          <ns3:TrackPointExtension>
            <ns3:hr>123</ns3:hr>
          </ns3:TrackPointExtension>
        </extensions>
      </trkpt>
      <trkpt lat="46.71181286685168743133544921875" lon="22.82656003721058368682861328125">
        <ele>943</ele>
        <time>2020-08-09T10:40:06.000Z</time>
        <extensions>
          <ns3:TrackPointExtension>
            <ns3:hr>125</ns3:hr>
          </ns3:TrackPointExtension>
        </extensions>
      </trkpt>
      <trkpt lat="46.71180347912013530731201171875" lon="22.8266338817775249481201171875">
        <ele>944.20001220703125</ele>
        <time>2020-08-09T10:40:11.000Z</time>
        <extensions>
          <ns3:TrackPointExtension>
            <ns3:hr>125</ns3:hr>
          </ns3:TrackPointExtension>
        </extensions>
      </trkpt>
      <trkpt lat="46.71181605197489261627197265625" lon="22.82667092978954315185546875">
        <ele>944.5999755859375</ele>
        <time>2020-08-09T10:40:16.000Z</time>
        <extensions>
          <ns3:TrackPointExtension>
            <ns3:hr>124</ns3:hr>
          </ns3:TrackPointExtension>
        </extensions>
      </trkpt>
      <trkpt lat="46.7118246853351593017578125" lon="22.8267408348619937896728515625">
        <ele>945.4000244140625</ele>
        <time>2020-08-09T10:40:23.000Z</time>
        <extensions>
          <ns3:TrackPointExtension>
            <ns3:hr>123</ns3:hr>
          </ns3:TrackPointExtension>
        </extensions>
      </trkpt>
      <trkpt lat="46.711823679506778717041015625" lon="22.826760113239288330078125">
        <ele>945.5999755859375</ele>
        <time>2020-08-09T10:40:25.000Z</time>
        <extensions>
          <ns3:TrackPointExtension>
            <ns3:hr>126</ns3:hr>
          </ns3:TrackPointExtension>
        </extensions>
      </trkpt>
      <trkpt lat="46.711843796074390411376953125" lon="22.82682859338819980621337890625">
        <ele>946.20001220703125</ele>
        <time>2020-08-09T10:40:30.000Z</time>
        <extensions>
          <ns3:TrackPointExtension>
            <ns3:hr>129</ns3:hr>
          </ns3:TrackPointExtension>
        </extensions>
      </trkpt>
      <trkpt lat="46.71185947023332118988037109375" lon="22.826858349144458770751953125">
        <ele>946.4000244140625</ele>
        <time>2020-08-09T10:40:32.000Z</time>
        <extensions>
          <ns3:TrackPointExtension>
            <ns3:hr>127</ns3:hr>
          </ns3:TrackPointExtension>
        </extensions>
      </trkpt>
      <trkpt lat="46.7118687741458415985107421875" lon="22.8269195370376110076904296875">
        <ele>947</ele>
        <time>2020-08-09T10:40:36.000Z</time>
        <extensions>
          <ns3:TrackPointExtension>
            <ns3:hr>126</ns3:hr>
          </ns3:TrackPointExtension>
        </extensions>
      </trkpt>
      <trkpt lat="46.71188277192413806915283203125" lon="22.8269626200199127197265625">
        <ele>947.5999755859375</ele>
        <time>2020-08-09T10:40:40.000Z</time>
        <extensions>
          <ns3:TrackPointExtension>
            <ns3:hr>124</ns3:hr>
          </ns3:TrackPointExtension>
        </extensions>
      </trkpt>
      <trkpt lat="46.711907498538494110107421875" lon="22.827001176774501800537109375">
        <ele>948</ele>
        <time>2020-08-09T10:40:44.000Z</time>
        <extensions>
          <ns3:TrackPointExtension>
            <ns3:hr>127</ns3:hr>
          </ns3:TrackPointExtension>
        </extensions>
      </trkpt>
      <trkpt lat="46.7119240947067737579345703125" lon="22.82703897915780544281005859375">
        <ele>948.79998779296875</ele>
        <time>2020-08-09T10:40:47.000Z</time>
        <extensions>
          <ns3:TrackPointExtension>
            <ns3:hr>127</ns3:hr>
          </ns3:TrackPointExtension>
        </extensions>
      </trkpt>
      <trkpt lat="46.7119319736957550048828125" lon="22.82711978070437908172607421875">
        <ele>949.79998779296875</ele>
        <time>2020-08-09T10:40:52.000Z</time>
        <extensions>
          <ns3:TrackPointExtension>
            <ns3:hr>128</ns3:hr>
          </ns3:TrackPointExtension>
        </extensions>
      </trkpt>
      <trkpt lat="46.71193574555218219757080078125" lon="22.82713687978684902191162109375">
        <ele>950</ele>
        <time>2020-08-09T10:40:53.000Z</time>
        <extensions>
          <ns3:TrackPointExtension>
            <ns3:hr>128</ns3:hr>
          </ns3:TrackPointExtension>
        </extensions>
      </trkpt>
      <trkpt lat="46.71194898895919322967529296875" lon="22.82715163193643093109130859375">
        <ele>950.5999755859375</ele>
        <time>2020-08-09T10:40:58.000Z</time>
        <extensions>
          <ns3:TrackPointExtension>
            <ns3:hr>131</ns3:hr>
          </ns3:TrackPointExtension>
        </extensions>
      </trkpt>
      <trkpt lat="46.71195141971111297607421875" lon="22.827158086001873016357421875">
        <ele>951</ele>
        <time>2020-08-09T10:41:00.000Z</time>
        <extensions>
          <ns3:TrackPointExtension>
            <ns3:hr>130</ns3:hr>
          </ns3:TrackPointExtension>
        </extensions>
      </trkpt>
      <trkpt lat="46.71198536641895771026611328125" lon="22.8272444196045398712158203125">
        <ele>952.20001220703125</ele>
        <time>2020-08-09T10:41:08.000Z</time>
        <extensions>
          <ns3:TrackPointExtension>
            <ns3:hr>131</ns3:hr>
          </ns3:TrackPointExtension>
        </extensions>
      </trkpt>
      <trkpt lat="46.71198922209441661834716796875" lon="22.8272581659257411956787109375">
        <ele>952.20001220703125</ele>
        <time>2020-08-09T10:41:09.000Z</time>
        <extensions>
          <ns3:TrackPointExtension>
            <ns3:hr>131</ns3:hr>
          </ns3:TrackPointExtension>
        </extensions>
      </trkpt>
      <trkpt lat="46.71201520599424839019775390625" lon="22.82729060389101505279541015625">
        <ele>953.20001220703125</ele>
        <time>2020-08-09T10:41:14.000Z</time>
        <extensions>
          <ns3:TrackPointExtension>
            <ns3:hr>131</ns3:hr>
          </ns3:TrackPointExtension>
        </extensions>
      </trkpt>
      <trkpt lat="46.7120595462620258331298828125" lon="22.82731868326663970947265625">
        <ele>954.4000244140625</ele>
        <time>2020-08-09T10:41:20.000Z</time>
        <extensions>
          <ns3:TrackPointExtension>
            <ns3:hr>132</ns3:hr>
          </ns3:TrackPointExtension>
        </extensions>
      </trkpt>
      <trkpt lat="46.71205795370042324066162109375" lon="22.8274425677955150604248046875">
        <ele>955.4000244140625</ele>
        <time>2020-08-09T10:41:26.000Z</time>
        <extensions>
          <ns3:TrackPointExtension>
            <ns3:hr>131</ns3:hr>
          </ns3:TrackPointExtension>
        </extensions>
      </trkpt>
      <trkpt lat="46.71204932034015655517578125" lon="22.82752445898950099945068359375">
        <ele>955.79998779296875</ele>
        <time>2020-08-09T10:41:28.000Z</time>
        <extensions>
          <ns3:TrackPointExtension>
            <ns3:hr>131</ns3:hr>
          </ns3:TrackPointExtension>
        </extensions>
      </trkpt>
      <trkpt lat="46.712059713900089263916015625" lon="22.82760308124125003814697265625">
        <ele>956.5999755859375</ele>
        <time>2020-08-09T10:41:33.000Z</time>
        <extensions>
          <ns3:TrackPointExtension>
            <ns3:hr>131</ns3:hr>
          </ns3:TrackPointExtension>
        </extensions>
      </trkpt>
      <trkpt lat="46.712089218199253082275390625" lon="22.827663682401180267333984375">
        <ele>957.5999755859375</ele>
        <time>2020-08-09T10:41:39.000Z</time>
        <extensions>
          <ns3:TrackPointExtension>
            <ns3:hr>129</ns3:hr>
          </ns3:TrackPointExtension>
        </extensions>
      </trkpt>
      <trkpt lat="46.71212484128773212432861328125" lon="22.82770165242254734039306640625">
        <ele>958.5999755859375</ele>
        <time>2020-08-09T10:41:45.000Z</time>
        <extensions>
          <ns3:TrackPointExtension>
            <ns3:hr>129</ns3:hr>
          </ns3:TrackPointExtension>
        </extensions>
      </trkpt>
      <trkpt lat="46.71214722096920013427734375" lon="22.82774322666227817535400390625">
        <ele>959.5999755859375</ele>
        <time>2020-08-09T10:41:50.000Z</time>
        <extensions>
          <ns3:TrackPointExtension>
            <ns3:hr>129</ns3:hr>
          </ns3:TrackPointExtension>
        </extensions>
      </trkpt>
      <trkpt lat="46.7121561057865619659423828125" lon="22.8277818672358989715576171875">
        <ele>960.20001220703125</ele>
        <time>2020-08-09T10:41:55.000Z</time>
        <extensions>
          <ns3:TrackPointExtension>
            <ns3:hr>133</ns3:hr>
          </ns3:TrackPointExtension>
        </extensions>
      </trkpt>
      <trkpt lat="46.712175719439983367919921875" lon="22.82778480090200901031494140625">
        <ele>960.79998779296875</ele>
        <time>2020-08-09T10:41:58.000Z</time>
        <extensions>
          <ns3:TrackPointExtension>
            <ns3:hr>134</ns3:hr>
          </ns3:TrackPointExtension>
        </extensions>
      </trkpt>
      <trkpt lat="46.71220765449106693267822265625" lon="22.82782034017145633697509765625">
        <ele>961</ele>
        <time>2020-08-09T10:42:04.000Z</time>
        <extensions>
          <ns3:TrackPointExtension>
            <ns3:hr>129</ns3:hr>
          </ns3:TrackPointExtension>
        </extensions>
      </trkpt>
      <trkpt lat="46.7122167907655239105224609375" lon="22.82782964408397674560546875">
        <ele>961</ele>
        <time>2020-08-09T10:42:05.000Z</time>
        <extensions>
          <ns3:TrackPointExtension>
            <ns3:hr>129</ns3:hr>
          </ns3:TrackPointExtension>
        </extensions>
      </trkpt>
      <trkpt lat="46.71224621124565601348876953125" lon="22.8278505988419055938720703125">
        <ele>960.5999755859375</ele>
        <time>2020-08-09T10:42:09.000Z</time>
        <extensions>
          <ns3:TrackPointExtension>
            <ns3:hr>132</ns3:hr>
          </ns3:TrackPointExtension>
        </extensions>
      </trkpt>
      <trkpt lat="46.71226146630942821502685546875" lon="22.82785604707896709442138671875">
        <ele>960</ele>
        <time>2020-08-09T10:42:11.000Z</time>
        <extensions>
          <ns3:TrackPointExtension>
            <ns3:hr>129</ns3:hr>
          </ns3:TrackPointExtension>
        </extensions>
      </trkpt>
      <trkpt lat="46.71227973885834217071533203125" lon="22.8278707154095172882080078125">
        <ele>959.79998779296875</ele>
        <time>2020-08-09T10:42:13.000Z</time>
        <extensions>
          <ns3:TrackPointExtension>
            <ns3:hr>128</ns3:hr>
          </ns3:TrackPointExtension>
        </extensions>
      </trkpt>
      <trkpt lat="46.71232248656451702117919921875" lon="22.82789594493806362152099609375">
        <ele>959.20001220703125</ele>
        <time>2020-08-09T10:42:17.000Z</time>
        <extensions>
          <ns3:TrackPointExtension>
            <ns3:hr>124</ns3:hr>
          </ns3:TrackPointExtension>
        </extensions>
      </trkpt>
      <trkpt lat="46.71234779991209506988525390625" lon="22.827908433973789215087890625">
        <ele>958.5999755859375</ele>
        <time>2020-08-09T10:42:19.000Z</time>
        <extensions>
          <ns3:TrackPointExtension>
            <ns3:hr>125</ns3:hr>
          </ns3:TrackPointExtension>
        </extensions>
      </trkpt>
      <trkpt lat="46.7124129272997379302978515625" lon="22.8279496729373931884765625">
        <ele>958</ele>
        <time>2020-08-09T10:42:23.000Z</time>
        <extensions>
          <ns3:TrackPointExtension>
            <ns3:hr>125</ns3:hr>
          </ns3:TrackPointExtension>
        </extensions>
      </trkpt>
      <trkpt lat="46.71245567500591278076171875" lon="22.8279961086809635162353515625">
        <ele>957.5999755859375</ele>
        <time>2020-08-09T10:42:28.000Z</time>
        <extensions>
          <ns3:TrackPointExtension>
            <ns3:hr>123</ns3:hr>
          </ns3:TrackPointExtension>
        </extensions>
      </trkpt>
      <trkpt lat="46.7124692536890506744384765625" lon="22.82802033238112926483154296875">
        <ele>957.20001220703125</ele>
        <time>2020-08-09T10:42:32.000Z</time>
        <extensions>
          <ns3:TrackPointExtension>
            <ns3:hr>120</ns3:hr>
          </ns3:TrackPointExtension>
        </extensions>
      </trkpt>
      <trkpt lat="46.712474115192890167236328125" lon="22.82802133820950984954833984375">
        <ele>957.20001220703125</ele>
        <time>2020-08-09T10:42:33.000Z</time>
        <extensions>
          <ns3:TrackPointExtension>
            <ns3:hr>123</ns3:hr>
          </ns3:TrackPointExtension>
        </extensions>
      </trkpt>
      <trkpt lat="46.712491549551486968994140625" lon="22.82804422080516815185546875">
        <ele>957</ele>
        <time>2020-08-09T10:42:37.000Z</time>
        <extensions>
          <ns3:TrackPointExtension>
            <ns3:hr>122</ns3:hr>
          </ns3:TrackPointExtension>
        </extensions>
      </trkpt>
      <trkpt lat="46.71250118874013423919677734375" lon="22.8280537761747837066650390625">
        <ele>957</ele>
        <time>2020-08-09T10:42:39.000Z</time>
        <extensions>
          <ns3:TrackPointExtension>
            <ns3:hr>119</ns3:hr>
          </ns3:TrackPointExtension>
        </extensions>
      </trkpt>
      <trkpt lat="46.7124994285404682159423828125" lon="22.82804564572870731353759765625">
        <ele>956.79998779296875</ele>
        <time>2020-08-09T10:42:48.000Z</time>
        <extensions>
          <ns3:TrackPointExtension>
            <ns3:hr>116</ns3:hr>
          </ns3:TrackPointExtension>
        </extensions>
      </trkpt>
      <trkpt lat="46.712512336671352386474609375" lon="22.82807447947561740875244140625">
        <ele>956.5999755859375</ele>
        <time>2020-08-09T10:42:51.000Z</time>
        <extensions>
          <ns3:TrackPointExtension>
            <ns3:hr>116</ns3:hr>
          </ns3:TrackPointExtension>
        </extensions>
      </trkpt>
      <trkpt lat="46.7125450260937213897705078125" lon="22.82815393991768360137939453125">
        <ele>956.79998779296875</ele>
        <time>2020-08-09T10:43:04.000Z</time>
        <extensions>
          <ns3:TrackPointExtension>
            <ns3:hr>119</ns3:hr>
          </ns3:TrackPointExtension>
        </extensions>
      </trkpt>
      <trkpt lat="46.71254762448370456695556640625" lon="22.82815796323120594024658203125">
        <ele>956.79998779296875</ele>
        <time>2020-08-09T10:43:06.000Z</time>
        <extensions>
          <ns3:TrackPointExtension>
            <ns3:hr>123</ns3:hr>
          </ns3:TrackPointExtension>
        </extensions>
      </trkpt>
      <trkpt lat="46.7125440202653408050537109375" lon="22.82816316001117229461669921875">
        <ele>956.5999755859375</ele>
        <time>2020-08-09T10:43:08.000Z</time>
        <extensions>
          <ns3:TrackPointExtension>
            <ns3:hr>123</ns3:hr>
          </ns3:TrackPointExtension>
        </extensions>
      </trkpt>
      <trkpt lat="46.71255223453044891357421875" lon="22.8281570412218570709228515625">
        <ele>956.4000244140625</ele>
        <time>2020-08-09T10:43:10.000Z</time>
        <extensions>
          <ns3:TrackPointExtension>
            <ns3:hr>122</ns3:hr>
          </ns3:TrackPointExtension>
        </extensions>
      </trkpt>
      <trkpt lat="46.71255751512944698333740234375" lon="22.8281453065574169158935546875">
        <ele>956.4000244140625</ele>
        <time>2020-08-09T10:43:13.000Z</time>
        <extensions>
          <ns3:TrackPointExtension>
            <ns3:hr>119</ns3:hr>
          </ns3:TrackPointExtension>
        </extensions>
      </trkpt>
      <trkpt lat="46.712557934224605560302734375" lon="22.82813918776810169219970703125">
        <ele>956.4000244140625</ele>
        <time>2020-08-09T10:43:15.000Z</time>
        <extensions>
          <ns3:TrackPointExtension>
            <ns3:hr>116</ns3:hr>
          </ns3:TrackPointExtension>
        </extensions>
      </trkpt>
      <trkpt lat="46.7125621251761913299560546875" lon="22.8281751461327075958251953125">
        <ele>956.20001220703125</ele>
        <time>2020-08-09T10:43:23.000Z</time>
        <extensions>
          <ns3:TrackPointExtension>
            <ns3:hr>115</ns3:hr>
          </ns3:TrackPointExtension>
        </extensions>
      </trkpt>
      <trkpt lat="46.7125748656690120697021484375" lon="22.8283380903303623199462890625">
        <ele>955.5999755859375</ele>
        <time>2020-08-09T10:43:38.000Z</time>
        <extensions>
          <ns3:TrackPointExtension>
            <ns3:hr>115</ns3:hr>
          </ns3:TrackPointExtension>
        </extensions>
      </trkpt>
      <trkpt lat="46.712545864284038543701171875" lon="22.8284110128879547119140625">
        <ele>955.4000244140625</ele>
        <time>2020-08-09T10:43:42.000Z</time>
        <extensions>
          <ns3:TrackPointExtension>
            <ns3:hr>116</ns3:hr>
          </ns3:TrackPointExtension>
        </extensions>
      </trkpt>
      <trkpt lat="46.71253773383796215057373046875" lon="22.82845635898411273956298828125">
        <ele>955.4000244140625</ele>
        <time>2020-08-09T10:43:45.000Z</time>
        <extensions>
          <ns3:TrackPointExtension>
            <ns3:hr>111</ns3:hr>
          </ns3:TrackPointExtension>
        </extensions>
      </trkpt>
      <trkpt lat="46.712537817656993865966796875" lon="22.82848603092133998870849609375">
        <ele>955.20001220703125</ele>
        <time>2020-08-09T10:43:47.000Z</time>
        <extensions>
          <ns3:TrackPointExtension>
            <ns3:hr>108</ns3:hr>
          </ns3:TrackPointExtension>
        </extensions>
      </trkpt>
      <trkpt lat="46.71255768276751041412353515625" lon="22.82853908836841583251953125">
        <ele>955.20001220703125</ele>
        <time>2020-08-09T10:43:51.000Z</time>
        <extensions>
          <ns3:TrackPointExtension>
            <ns3:hr>106</ns3:hr>
          </ns3:TrackPointExtension>
        </extensions>
      </trkpt>
      <trkpt lat="46.7126197926700115203857421875" lon="22.828648723661899566650390625">
        <ele>955.5999755859375</ele>
        <time>2020-08-09T10:44:02.000Z</time>
        <extensions>
          <ns3:TrackPointExtension>
            <ns3:hr>103</ns3:hr>
          </ns3:TrackPointExtension>
        </extensions>
      </trkpt>
      <trkpt lat="46.71262356452643871307373046875" lon="22.828674204647541046142578125">
        <ele>956</ele>
        <time>2020-08-09T10:44:04.000Z</time>
        <extensions>
          <ns3:TrackPointExtension>
            <ns3:hr>106</ns3:hr>
          </ns3:TrackPointExtension>
        </extensions>
      </trkpt>
      <trkpt lat="46.71262524090707302093505859375" lon="22.82868619076907634735107421875">
        <ele>956</ele>
        <time>2020-08-09T10:44:05.000Z</time>
        <extensions>
          <ns3:TrackPointExtension>
            <ns3:hr>109</ns3:hr>
          </ns3:TrackPointExtension>
        </extensions>
      </trkpt>
      <trkpt lat="46.712639741599559783935546875" lon="22.82873312942683696746826171875">
        <ele>956.5999755859375</ele>
        <time>2020-08-09T10:44:07.000Z</time>
        <extensions>
          <ns3:TrackPointExtension>
            <ns3:hr>111</ns3:hr>
          </ns3:TrackPointExtension>
        </extensions>
      </trkpt>
      <trkpt lat="46.7126486264169216156005859375" lon="22.8287625499069690704345703125">
        <ele>956.79998779296875</ele>
        <time>2020-08-09T10:44:09.000Z</time>
        <extensions>
          <ns3:TrackPointExtension>
            <ns3:hr>112</ns3:hr>
          </ns3:TrackPointExtension>
        </extensions>
      </trkpt>
      <trkpt lat="46.71267720870673656463623046875" lon="22.828857935965061187744140625">
        <ele>957.5999755859375</ele>
        <time>2020-08-09T10:44:16.000Z</time>
        <extensions>
          <ns3:TrackPointExtension>
            <ns3:hr>111</ns3:hr>
          </ns3:TrackPointExtension>
        </extensions>
      </trkpt>
      <trkpt lat="46.71268106438219547271728515625" lon="22.8289248235523700714111328125">
        <ele>958.5999755859375</ele>
        <time>2020-08-09T10:44:20.000Z</time>
        <extensions>
          <ns3:TrackPointExtension>
            <ns3:hr>115</ns3:hr>
          </ns3:TrackPointExtension>
        </extensions>
      </trkpt>
      <trkpt lat="46.71268341131508350372314453125" lon="22.8289503045380115509033203125">
        <ele>958.79998779296875</ele>
        <time>2020-08-09T10:44:22.000Z</time>
        <extensions>
          <ns3:TrackPointExtension>
            <ns3:hr>116</ns3:hr>
          </ns3:TrackPointExtension>
        </extensions>
      </trkpt>
      <trkpt lat="46.71268709935247898101806640625" lon="22.82899129204452037811279296875">
        <ele>959.79998779296875</ele>
        <time>2020-08-09T10:44:25.000Z</time>
        <extensions>
          <ns3:TrackPointExtension>
            <ns3:hr>115</ns3:hr>
          </ns3:TrackPointExtension>
        </extensions>
      </trkpt>
      <trkpt lat="46.7126865126192569732666015625" lon="22.82900369726121425628662109375">
        <ele>959.79998779296875</ele>
        <time>2020-08-09T10:44:26.000Z</time>
        <extensions>
          <ns3:TrackPointExtension>
            <ns3:hr>114</ns3:hr>
          </ns3:TrackPointExtension>
        </extensions>
      </trkpt>
      <trkpt lat="46.71269170939922332763671875" lon="22.82911266200244426727294921875">
        <ele>960.5999755859375</ele>
        <time>2020-08-09T10:44:32.000Z</time>
        <extensions>
          <ns3:TrackPointExtension>
            <ns3:hr>117</ns3:hr>
          </ns3:TrackPointExtension>
        </extensions>
      </trkpt>
      <trkpt lat="46.71269179321825504302978515625" lon="22.82913051545619964599609375">
        <ele>960.79998779296875</ele>
        <time>2020-08-09T10:44:33.000Z</time>
        <extensions>
          <ns3:TrackPointExtension>
            <ns3:hr>117</ns3:hr>
          </ns3:TrackPointExtension>
        </extensions>
      </trkpt>
      <trkpt lat="46.71269397251307964324951171875" lon="22.82915197312831878662109375">
        <ele>961</ele>
        <time>2020-08-09T10:44:34.000Z</time>
        <extensions>
          <ns3:TrackPointExtension>
            <ns3:hr>117</ns3:hr>
          </ns3:TrackPointExtension>
        </extensions>
      </trkpt>
      <trkpt lat="46.71265977434813976287841796875" lon="22.8292326070368289947509765625">
        <ele>962.20001220703125</ele>
        <time>2020-08-09T10:44:41.000Z</time>
        <extensions>
          <ns3:TrackPointExtension>
            <ns3:hr>116</ns3:hr>
          </ns3:TrackPointExtension>
        </extensions>
      </trkpt>
      <trkpt lat="46.7126588523387908935546875" lon="22.8292409889400005340576171875">
        <ele>962.4000244140625</ele>
        <time>2020-08-09T10:44:42.000Z</time>
        <extensions>
          <ns3:TrackPointExtension>
            <ns3:hr>114</ns3:hr>
          </ns3:TrackPointExtension>
        </extensions>
      </trkpt>
      <trkpt lat="46.71266580931842327117919921875" lon="22.8292741812765598297119140625">
        <ele>963</ele>
        <time>2020-08-09T10:44:45.000Z</time>
        <extensions>
          <ns3:TrackPointExtension>
            <ns3:hr>117</ns3:hr>
          </ns3:TrackPointExtension>
        </extensions>
      </trkpt>
      <trkpt lat="46.7126720957458019256591796875" lon="22.8293122351169586181640625">
        <ele>963.20001220703125</ele>
        <time>2020-08-09T10:44:48.000Z</time>
        <extensions>
          <ns3:TrackPointExtension>
            <ns3:hr>114</ns3:hr>
          </ns3:TrackPointExtension>
        </extensions>
      </trkpt>
      <trkpt lat="46.7126757837831974029541015625" lon="22.82933997921645641326904296875">
        <ele>963.4000244140625</ele>
        <time>2020-08-09T10:44:50.000Z</time>
        <extensions>
          <ns3:TrackPointExtension>
            <ns3:hr>117</ns3:hr>
          </ns3:TrackPointExtension>
        </extensions>
      </trkpt>
      <trkpt lat="46.71266312710940837860107421875" lon="22.829397730529308319091796875">
        <ele>963.79998779296875</ele>
        <time>2020-08-09T10:44:55.000Z</time>
        <extensions>
          <ns3:TrackPointExtension>
            <ns3:hr>120</ns3:hr>
          </ns3:TrackPointExtension>
        </extensions>
      </trkpt>
      <trkpt lat="46.7126570083200931549072265625" lon="22.82945497892796993255615234375">
        <ele>964</ele>
        <time>2020-08-09T10:44:59.000Z</time>
        <extensions>
          <ns3:TrackPointExtension>
            <ns3:hr>123</ns3:hr>
          </ns3:TrackPointExtension>
        </extensions>
      </trkpt>
      <trkpt lat="46.71266446821391582489013671875" lon="22.829488255083560943603515625">
        <ele>964.20001220703125</ele>
        <time>2020-08-09T10:45:02.000Z</time>
        <extensions>
          <ns3:TrackPointExtension>
            <ns3:hr>124</ns3:hr>
          </ns3:TrackPointExtension>
        </extensions>
      </trkpt>
      <trkpt lat="46.71264770440757274627685546875" lon="22.82952723093330860137939453125">
        <ele>965.4000244140625</ele>
        <time>2020-08-09T10:45:11.000Z</time>
        <extensions>
          <ns3:TrackPointExtension>
            <ns3:hr>124</ns3:hr>
          </ns3:TrackPointExtension>
        </extensions>
      </trkpt>
      <trkpt lat="46.7126476205885410308837890625" lon="22.82954357564449310302734375">
        <ele>965.4000244140625</ele>
        <time>2020-08-09T10:45:13.000Z</time>
        <extensions>
          <ns3:TrackPointExtension>
            <ns3:hr>121</ns3:hr>
          </ns3:TrackPointExtension>
        </extensions>
      </trkpt>
      <trkpt lat="46.71264736913144588470458984375" lon="22.829575426876544952392578125">
        <ele>965.5999755859375</ele>
        <time>2020-08-09T10:45:16.000Z</time>
        <extensions>
          <ns3:TrackPointExtension>
            <ns3:hr>120</ns3:hr>
          </ns3:TrackPointExtension>
        </extensions>
      </trkpt>
      <trkpt lat="46.71271073631942272186279296875" lon="22.82973828725516796112060546875">
        <ele>966.4000244140625</ele>
        <time>2020-08-09T10:45:25.000Z</time>
        <extensions>
          <ns3:TrackPointExtension>
            <ns3:hr>120</ns3:hr>
          </ns3:TrackPointExtension>
        </extensions>
      </trkpt>
      <trkpt lat="46.71271911822259426116943359375" lon="22.8297992236912250518798828125">
        <ele>967.20001220703125</ele>
        <time>2020-08-09T10:45:30.000Z</time>
        <extensions>
          <ns3:TrackPointExtension>
            <ns3:hr>122</ns3:hr>
          </ns3:TrackPointExtension>
        </extensions>
      </trkpt>
      <trkpt lat="46.712718196213245391845703125" lon="22.829842306673526763916015625">
        <ele>967.4000244140625</ele>
        <time>2020-08-09T10:45:33.000Z</time>
        <extensions>
          <ns3:TrackPointExtension>
            <ns3:hr>122</ns3:hr>
          </ns3:TrackPointExtension>
        </extensions>
      </trkpt>
      <trkpt lat="46.71270822174847126007080078125" lon="22.82996359281241893768310546875">
        <ele>968.5999755859375</ele>
        <time>2020-08-09T10:45:40.000Z</time>
        <extensions>
          <ns3:TrackPointExtension>
            <ns3:hr>124</ns3:hr>
          </ns3:TrackPointExtension>
        </extensions>
      </trkpt>
      <trkpt lat="46.7127143405377864837646484375" lon="22.83002343960106372833251953125">
        <ele>969.4000244140625</ele>
        <time>2020-08-09T10:45:45.000Z</time>
        <extensions>
          <ns3:TrackPointExtension>
            <ns3:hr>121</ns3:hr>
          </ns3:TrackPointExtension>
        </extensions>
      </trkpt>
      <trkpt lat="46.71271543018519878387451171875" lon="22.83003316260874271392822265625">
        <ele>969.5999755859375</ele>
        <time>2020-08-09T10:45:46.000Z</time>
        <extensions>
          <ns3:TrackPointExtension>
            <ns3:hr>121</ns3:hr>
          </ns3:TrackPointExtension>
        </extensions>
      </trkpt>
      <trkpt lat="46.71271308325231075286865234375" lon="22.830065600574016571044921875">
        <ele>970.20001220703125</ele>
        <time>2020-08-09T10:45:49.000Z</time>
        <extensions>
          <ns3:TrackPointExtension>
            <ns3:hr>118</ns3:hr>
          </ns3:TrackPointExtension>
        </extensions>
      </trkpt>
      <trkpt lat="46.71271090395748615264892578125" lon="22.83008546568453311920166015625">
        <ele>970.20001220703125</ele>
        <time>2020-08-09T10:45:51.000Z</time>
        <extensions>
          <ns3:TrackPointExtension>
            <ns3:hr>123</ns3:hr>
          </ns3:TrackPointExtension>
        </extensions>
      </trkpt>
      <trkpt lat="46.71270780265331268310546875" lon="22.8301006369292736053466796875">
        <ele>970.4000244140625</ele>
        <time>2020-08-09T10:45:52.000Z</time>
        <extensions>
          <ns3:TrackPointExtension>
            <ns3:hr>123</ns3:hr>
          </ns3:TrackPointExtension>
        </extensions>
      </trkpt>
      <trkpt lat="46.71270553953945636749267578125" lon="22.8301220946013927459716796875">
        <ele>970.5999755859375</ele>
        <time>2020-08-09T10:45:55.000Z</time>
        <extensions>
          <ns3:TrackPointExtension>
            <ns3:hr>122</ns3:hr>
          </ns3:TrackPointExtension>
        </extensions>
      </trkpt>
      <trkpt lat="46.712698079645633697509765625" lon="22.830243967473506927490234375">
        <ele>971.4000244140625</ele>
        <time>2020-08-09T10:46:05.000Z</time>
        <extensions>
          <ns3:TrackPointExtension>
            <ns3:hr>121</ns3:hr>
          </ns3:TrackPointExtension>
        </extensions>
      </trkpt>
      <trkpt lat="46.71268357895314693450927734375" lon="22.83025997690856456756591796875">
        <ele>971.79998779296875</ele>
        <time>2020-08-09T10:46:07.000Z</time>
        <extensions>
          <ns3:TrackPointExtension>
            <ns3:hr>121</ns3:hr>
          </ns3:TrackPointExtension>
        </extensions>
      </trkpt>
      <trkpt lat="46.712642423808574676513671875" lon="22.8303182311356067657470703125">
        <ele>972.79998779296875</ele>
        <time>2020-08-09T10:46:14.000Z</time>
        <extensions>
          <ns3:TrackPointExtension>
            <ns3:hr>122</ns3:hr>
          </ns3:TrackPointExtension>
        </extensions>
      </trkpt>
      <trkpt lat="46.712623648345470428466796875" lon="22.83035519532859325408935546875">
        <ele>973.20001220703125</ele>
        <time>2020-08-09T10:46:20.000Z</time>
        <extensions>
          <ns3:TrackPointExtension>
            <ns3:hr>122</ns3:hr>
          </ns3:TrackPointExtension>
        </extensions>
      </trkpt>
      <trkpt lat="46.71262574382126331329345703125" lon="22.83038889057934284210205078125">
        <ele>973.4000244140625</ele>
        <time>2020-08-09T10:46:25.000Z</time>
        <extensions>
          <ns3:TrackPointExtension>
            <ns3:hr>118</ns3:hr>
          </ns3:TrackPointExtension>
        </extensions>
      </trkpt>
      <trkpt lat="46.7126668989658355712890625" lon="22.830383442342281341552734375">
        <ele>973.4000244140625</ele>
        <time>2020-08-09T10:46:38.000Z</time>
        <extensions>
          <ns3:TrackPointExtension>
            <ns3:hr>117</ns3:hr>
          </ns3:TrackPointExtension>
        </extensions>
      </trkpt>
      <trkpt lat="46.71267184428870677947998046875" lon="22.83036567270755767822265625">
        <ele>973.4000244140625</ele>
        <time>2020-08-09T10:46:40.000Z</time>
        <extensions>
          <ns3:TrackPointExtension>
            <ns3:hr>113</ns3:hr>
          </ns3:TrackPointExtension>
        </extensions>
      </trkpt>
      <trkpt lat="46.712686009705066680908203125" lon="22.8303631581366062164306640625">
        <ele>973.4000244140625</ele>
        <time>2020-08-09T10:46:42.000Z</time>
        <extensions>
          <ns3:TrackPointExtension>
            <ns3:hr>110</ns3:hr>
          </ns3:TrackPointExtension>
        </extensions>
      </trkpt>
      <trkpt lat="46.71271576546132564544677734375" lon="22.830363325774669647216796875">
        <ele>973.20001220703125</ele>
        <time>2020-08-09T10:46:46.000Z</time>
        <extensions>
          <ns3:TrackPointExtension>
            <ns3:hr>107</ns3:hr>
          </ns3:TrackPointExtension>
        </extensions>
      </trkpt>
      <trkpt lat="46.71274577267467975616455078125" lon="22.830388806760311126708984375">
        <ele>973.20001220703125</ele>
        <time>2020-08-09T10:46:51.000Z</time>
        <extensions>
          <ns3:TrackPointExtension>
            <ns3:hr>104</ns3:hr>
          </ns3:TrackPointExtension>
        </extensions>
      </trkpt>
      <trkpt lat="46.7127183638513088226318359375" lon="22.83040733076632022857666015625">
        <ele>973.4000244140625</ele>
        <time>2020-08-09T10:46:56.000Z</time>
        <extensions>
          <ns3:TrackPointExtension>
            <ns3:hr>107</ns3:hr>
          </ns3:TrackPointExtension>
        </extensions>
      </trkpt>
      <trkpt lat="46.71267402358353137969970703125" lon="22.8304360806941986083984375">
        <ele>973.4000244140625</ele>
        <time>2020-08-09T10:47:05.000Z</time>
        <extensions>
          <ns3:TrackPointExtension>
            <ns3:hr>110</ns3:hr>
          </ns3:TrackPointExtension>
        </extensions>
      </trkpt>
      <trkpt lat="46.71269497834146022796630859375" lon="22.8304912336170673370361328125">
        <ele>973.5999755859375</ele>
        <time>2020-08-09T10:47:07.000Z</time>
        <extensions>
          <ns3:TrackPointExtension>
            <ns3:hr>110</ns3:hr>
          </ns3:TrackPointExtension>
        </extensions>
      </trkpt>
      <trkpt lat="46.71271861530840396881103515625" lon="22.830565162003040313720703125">
        <ele>973.79998779296875</ele>
        <time>2020-08-09T10:47:11.000Z</time>
        <extensions>
          <ns3:TrackPointExtension>
            <ns3:hr>113</ns3:hr>
          </ns3:TrackPointExtension>
        </extensions>
      </trkpt>
      <trkpt lat="46.71272951178252696990966796875" lon="22.830590307712554931640625">
        <ele>974</ele>
        <time>2020-08-09T10:47:13.000Z</time>
        <extensions>
          <ns3:TrackPointExtension>
            <ns3:hr>113</ns3:hr>
          </ns3:TrackPointExtension>
        </extensions>
      </trkpt>
      <trkpt lat="46.71277561224997043609619140625" lon="22.83063297159969806671142578125">
        <ele>975</ele>
        <time>2020-08-09T10:47:19.000Z</time>
        <extensions>
          <ns3:TrackPointExtension>
            <ns3:hr>113</ns3:hr>
          </ns3:TrackPointExtension>
        </extensions>
      </trkpt>
      <trkpt lat="46.71278290450572967529296875" lon="22.8306397609412670135498046875">
        <ele>975.20001220703125</ele>
        <time>2020-08-09T10:47:20.000Z</time>
        <extensions>
          <ns3:TrackPointExtension>
            <ns3:hr>115</ns3:hr>
          </ns3:TrackPointExtension>
        </extensions>
      </trkpt>
      <trkpt lat="46.71280964277684688568115234375" lon="22.83066264353692531585693359375">
        <ele>975.5999755859375</ele>
        <time>2020-08-09T10:47:23.000Z</time>
        <extensions>
          <ns3:TrackPointExtension>
            <ns3:hr>118</ns3:hr>
          </ns3:TrackPointExtension>
        </extensions>
      </trkpt>
      <trkpt lat="46.71282908879220485687255859375" lon="22.83068745397031307220458984375">
        <ele>976</ele>
        <time>2020-08-09T10:47:25.000Z</time>
        <extensions>
          <ns3:TrackPointExtension>
            <ns3:hr>120</ns3:hr>
          </ns3:TrackPointExtension>
        </extensions>
      </trkpt>
      <trkpt lat="46.71287451870739459991455078125" lon="22.83074948005378246307373046875">
        <ele>977.20001220703125</ele>
        <time>2020-08-09T10:47:30.000Z</time>
        <extensions>
          <ns3:TrackPointExtension>
            <ns3:hr>122</ns3:hr>
          </ns3:TrackPointExtension>
        </extensions>
      </trkpt>
      <trkpt lat="46.712901927530765533447265625" lon="22.83079775981605052947998046875">
        <ele>978.20001220703125</ele>
        <time>2020-08-09T10:47:34.000Z</time>
        <extensions>
          <ns3:TrackPointExtension>
            <ns3:hr>123</ns3:hr>
          </ns3:TrackPointExtension>
        </extensions>
      </trkpt>
      <trkpt lat="46.7129232175648212432861328125" lon="22.8308382444083690643310546875">
        <ele>979</ele>
        <time>2020-08-09T10:47:37.000Z</time>
        <extensions>
          <ns3:TrackPointExtension>
            <ns3:hr>125</ns3:hr>
          </ns3:TrackPointExtension>
        </extensions>
      </trkpt>
      <trkpt lat="46.71294073574244976043701171875" lon="22.8308566845953464508056640625">
        <ele>979.4000244140625</ele>
        <time>2020-08-09T10:47:39.000Z</time>
        <extensions>
          <ns3:TrackPointExtension>
            <ns3:hr>127</ns3:hr>
          </ns3:TrackPointExtension>
        </extensions>
      </trkpt>
      <trkpt lat="46.712964959442615509033203125" lon="22.83090479671955108642578125">
        <ele>980.5999755859375</ele>
        <time>2020-08-09T10:47:44.000Z</time>
        <extensions>
          <ns3:TrackPointExtension>
            <ns3:hr>128</ns3:hr>
          </ns3:TrackPointExtension>
        </extensions>
      </trkpt>
      <trkpt lat="46.71301382593810558319091796875" lon="22.83094980753958225250244140625">
        <ele>981.5999755859375</ele>
        <time>2020-08-09T10:47:54.000Z</time>
        <extensions>
          <ns3:TrackPointExtension>
            <ns3:hr>129</ns3:hr>
          </ns3:TrackPointExtension>
        </extensions>
      </trkpt>
      <trkpt lat="46.71301466412842273712158203125" lon="22.830946706235408782958984375">
        <ele>981.79998779296875</ele>
        <time>2020-08-09T10:47:55.000Z</time>
        <extensions>
          <ns3:TrackPointExtension>
            <ns3:hr>129</ns3:hr>
          </ns3:TrackPointExtension>
        </extensions>
      </trkpt>
      <trkpt lat="46.71298230998218059539794921875" lon="22.83102415502071380615234375">
        <ele>982.5999755859375</ele>
        <time>2020-08-09T10:48:04.000Z</time>
        <extensions>
          <ns3:TrackPointExtension>
            <ns3:hr>130</ns3:hr>
          </ns3:TrackPointExtension>
        </extensions>
      </trkpt>
      <trkpt lat="46.712914668023586273193359375" lon="22.83115751110017299652099609375">
        <ele>982.79998779296875</ele>
        <time>2020-08-09T10:48:08.000Z</time>
        <extensions>
          <ns3:TrackPointExtension>
            <ns3:hr>133</ns3:hr>
          </ns3:TrackPointExtension>
        </extensions>
      </trkpt>
      <trkpt lat="46.712834537029266357421875" lon="22.831269241869449615478515625">
        <ele>982.79998779296875</ele>
        <time>2020-08-09T10:48:23.000Z</time>
        <extensions>
          <ns3:TrackPointExtension>
            <ns3:hr>131</ns3:hr>
          </ns3:TrackPointExtension>
        </extensions>
      </trkpt>
      <trkpt lat="46.71280696056783199310302734375" lon="22.83127737231552600860595703125">
        <ele>982.79998779296875</ele>
        <time>2020-08-09T10:48:29.000Z</time>
        <extensions>
          <ns3:TrackPointExtension>
            <ns3:hr>128</ns3:hr>
          </ns3:TrackPointExtension>
        </extensions>
      </trkpt>
      <trkpt lat="46.71281534247100353240966796875" lon="22.83127988688647747039794921875">
        <ele>982.5999755859375</ele>
        <time>2020-08-09T10:48:38.000Z</time>
        <extensions>
          <ns3:TrackPointExtension>
            <ns3:hr>125</ns3:hr>
          </ns3:TrackPointExtension>
        </extensions>
      </trkpt>
      <trkpt lat="46.71281936578452587127685546875" lon="22.83128055743873119354248046875">
        <ele>982.5999755859375</ele>
        <time>2020-08-09T10:48:39.000Z</time>
        <extensions>
          <ns3:TrackPointExtension>
            <ns3:hr>125</ns3:hr>
          </ns3:TrackPointExtension>
        </extensions>
      </trkpt>
      <trkpt lat="46.71284015290439128875732421875" lon="22.83128432929515838623046875">
        <ele>982.5999755859375</ele>
        <time>2020-08-09T10:48:43.000Z</time>
        <extensions>
          <ns3:TrackPointExtension>
            <ns3:hr>122</ns3:hr>
          </ns3:TrackPointExtension>
        </extensions>
      </trkpt>
      <trkpt lat="46.712848283350467681884765625" lon="22.83128391019999980926513671875">
        <ele>982.5999755859375</ele>
        <time>2020-08-09T10:48:47.000Z</time>
        <extensions>
          <ns3:TrackPointExtension>
            <ns3:hr>119</ns3:hr>
          </ns3:TrackPointExtension>
        </extensions>
      </trkpt>
      <trkpt lat="46.7128546535968780517578125" lon="22.8312670625746250152587890625">
        <ele>982.20001220703125</ele>
        <time>2020-08-09T10:48:58.000Z</time>
        <extensions>
          <ns3:TrackPointExtension>
            <ns3:hr>115</ns3:hr>
          </ns3:TrackPointExtension>
        </extensions>
      </trkpt>
      <trkpt lat="46.7128632031381130218505859375" lon="22.8312724269926548004150390625">
        <ele>982.20001220703125</ele>
        <time>2020-08-09T10:49:00.000Z</time>
        <extensions>
          <ns3:TrackPointExtension>
            <ns3:hr>113</ns3:hr>
          </ns3:TrackPointExtension>
        </extensions>
      </trkpt>
      <trkpt lat="46.71289421617984771728515625" lon="22.8313284181058406829833984375">
        <ele>982.20001220703125</ele>
        <time>2020-08-09T10:49:08.000Z</time>
        <extensions>
          <ns3:TrackPointExtension>
            <ns3:hr>116</ns3:hr>
          </ns3:TrackPointExtension>
        </extensions>
      </trkpt>
      <trkpt lat="46.71290502883493900299072265625" lon="22.8313346207141876220703125">
        <ele>982.4000244140625</ele>
        <time>2020-08-09T10:49:12.000Z</time>
        <extensions>
          <ns3:TrackPointExtension>
            <ns3:hr>119</ns3:hr>
          </ns3:TrackPointExtension>
        </extensions>
      </trkpt>
      <trkpt lat="46.7129198648035526275634765625" lon="22.8313391469419002532958984375">
        <ele>982.5999755859375</ele>
        <time>2020-08-09T10:49:16.000Z</time>
        <extensions>
          <ns3:TrackPointExtension>
            <ns3:hr>122</ns3:hr>
          </ns3:TrackPointExtension>
        </extensions>
      </trkpt>
      <trkpt lat="46.7129230499267578125" lon="22.83134090714156627655029296875">
        <ele>982.5999755859375</ele>
        <time>2020-08-09T10:49:17.000Z</time>
        <extensions>
          <ns3:TrackPointExtension>
            <ns3:hr>123</ns3:hr>
          </ns3:TrackPointExtension>
        </extensions>
      </trkpt>
      <trkpt lat="46.712944172322750091552734375" lon="22.83135599456727504730224609375">
        <ele>982.79998779296875</ele>
        <time>2020-08-09T10:49:19.000Z</time>
        <extensions>
          <ns3:TrackPointExtension>
            <ns3:hr>126</ns3:hr>
          </ns3:TrackPointExtension>
        </extensions>
      </trkpt>
      <trkpt lat="46.71297292225062847137451171875" lon="22.83138549886643886566162109375">
        <ele>983.20001220703125</ele>
        <time>2020-08-09T10:49:22.000Z</time>
        <extensions>
          <ns3:TrackPointExtension>
            <ns3:hr>123</ns3:hr>
          </ns3:TrackPointExtension>
        </extensions>
      </trkpt>
      <trkpt lat="46.71298566274344921112060546875" lon="22.8314015083014965057373046875">
        <ele>983.20001220703125</ele>
        <time>2020-08-09T10:49:23.000Z</time>
        <extensions>
          <ns3:TrackPointExtension>
            <ns3:hr>114</ns3:hr>
          </ns3:TrackPointExtension>
        </extensions>
      </trkpt>
      <trkpt lat="46.7130021750926971435546875" lon="22.8314370475709438323974609375">
        <ele>983.20001220703125</ele>
        <time>2020-08-09T10:49:25.000Z</time>
        <extensions>
          <ns3:TrackPointExtension>
            <ns3:hr>111</ns3:hr>
          </ns3:TrackPointExtension>
        </extensions>
      </trkpt>
      <trkpt lat="46.71303980983793735504150390625" lon="22.831454314291477203369140625">
        <ele>983.5999755859375</ele>
        <time>2020-08-09T10:49:30.000Z</time>
        <extensions>
          <ns3:TrackPointExtension>
            <ns3:hr>111</ns3:hr>
          </ns3:TrackPointExtension>
        </extensions>
      </trkpt>
      <trkpt lat="46.71305741183459758758544921875" lon="22.831463702023029327392578125">
        <ele>983.79998779296875</ele>
        <time>2020-08-09T10:49:32.000Z</time>
        <extensions>
          <ns3:TrackPointExtension>
            <ns3:hr>117</ns3:hr>
          </ns3:TrackPointExtension>
        </extensions>
      </trkpt>
      <trkpt lat="46.7130593396723270416259765625" lon="22.83149563707411289215087890625">
        <ele>983.79998779296875</ele>
        <time>2020-08-09T10:49:34.000Z</time>
        <extensions>
          <ns3:TrackPointExtension>
            <ns3:hr>120</ns3:hr>
          </ns3:TrackPointExtension>
        </extensions>
      </trkpt>
      <trkpt lat="46.7130968905985355377197265625" lon="22.83155816607177257537841796875">
        <ele>984.79998779296875</ele>
        <time>2020-08-09T10:49:42.000Z</time>
        <extensions>
          <ns3:TrackPointExtension>
            <ns3:hr>120</ns3:hr>
          </ns3:TrackPointExtension>
        </extensions>
      </trkpt>
      <trkpt lat="46.71309940516948699951171875" lon="22.8316613472998142242431640625">
        <ele>985.4000244140625</ele>
        <time>2020-08-09T10:49:50.000Z</time>
        <extensions>
          <ns3:TrackPointExtension>
            <ns3:hr>117</ns3:hr>
          </ns3:TrackPointExtension>
        </extensions>
      </trkpt>
      <trkpt lat="46.71309898607432842254638671875" lon="22.831674925982952117919921875">
        <ele>985.5999755859375</ele>
        <time>2020-08-09T10:49:51.000Z</time>
        <extensions>
          <ns3:TrackPointExtension>
            <ns3:hr>117</ns3:hr>
          </ns3:TrackPointExtension>
        </extensions>
      </trkpt>
      <trkpt lat="46.71310384757816791534423828125" lon="22.831693030893802642822265625">
        <ele>985.79998779296875</ele>
        <time>2020-08-09T10:49:53.000Z</time>
        <extensions>
          <ns3:TrackPointExtension>
            <ns3:hr>117</ns3:hr>
          </ns3:TrackPointExtension>
        </extensions>
      </trkpt>
      <trkpt lat="46.71311692334711551666259765625" lon="22.831731252372264862060546875">
        <ele>986.5999755859375</ele>
        <time>2020-08-09T10:49:58.000Z</time>
        <extensions>
          <ns3:TrackPointExtension>
            <ns3:hr>120</ns3:hr>
          </ns3:TrackPointExtension>
        </extensions>
      </trkpt>
      <trkpt lat="46.71312329359352588653564453125" lon="22.8317508660256862640380859375">
        <ele>986.79998779296875</ele>
        <time>2020-08-09T10:50:00.000Z</time>
        <extensions>
          <ns3:TrackPointExtension>
            <ns3:hr>122</ns3:hr>
          </ns3:TrackPointExtension>
        </extensions>
      </trkpt>
      <trkpt lat="46.713167130947113037109375" lon="22.83184985630214214324951171875">
        <ele>987.4000244140625</ele>
        <time>2020-08-09T10:50:07.000Z</time>
        <extensions>
          <ns3:TrackPointExtension>
            <ns3:hr>126</ns3:hr>
          </ns3:TrackPointExtension>
        </extensions>
      </trkpt>
      <trkpt lat="46.7131736688315868377685546875" lon="22.83187441527843475341796875">
        <ele>988</ele>
        <time>2020-08-09T10:50:10.000Z</time>
        <extensions>
          <ns3:TrackPointExtension>
            <ns3:hr>124</ns3:hr>
          </ns3:TrackPointExtension>
        </extensions>
      </trkpt>
      <trkpt lat="46.71317827887833118438720703125" lon="22.8318873234093189239501953125">
        <ele>988</ele>
        <time>2020-08-09T10:50:11.000Z</time>
        <extensions>
          <ns3:TrackPointExtension>
            <ns3:hr>124</ns3:hr>
          </ns3:TrackPointExtension>
        </extensions>
      </trkpt>
      <trkpt lat="46.713220775127410888671875" lon="22.83199167810380458831787109375">
        <ele>989</ele>
        <time>2020-08-09T10:50:20.000Z</time>
        <extensions>
          <ns3:TrackPointExtension>
            <ns3:hr>125</ns3:hr>
          </ns3:TrackPointExtension>
        </extensions>
      </trkpt>
      <trkpt lat="46.71324550174176692962646484375" lon="22.8320534527301788330078125">
        <ele>990</ele>
        <time>2020-08-09T10:50:26.000Z</time>
        <extensions>
          <ns3:TrackPointExtension>
            <ns3:hr>127</ns3:hr>
          </ns3:TrackPointExtension>
        </extensions>
      </trkpt>
      <trkpt lat="46.71325254254043102264404296875" lon="22.83206359483301639556884765625">
        <ele>990.4000244140625</ele>
        <time>2020-08-09T10:50:28.000Z</time>
        <extensions>
          <ns3:TrackPointExtension>
            <ns3:hr>128</ns3:hr>
          </ns3:TrackPointExtension>
        </extensions>
      </trkpt>
      <trkpt lat="46.71325773932039737701416015625" lon="22.8320794366300106048583984375">
        <ele>990.79998779296875</ele>
        <time>2020-08-09T10:50:32.000Z</time>
        <extensions>
          <ns3:TrackPointExtension>
            <ns3:hr>131</ns3:hr>
          </ns3:TrackPointExtension>
        </extensions>
      </trkpt>
      <trkpt lat="46.71325094997882843017578125" lon="22.83210550434887409210205078125">
        <ele>991.4000244140625</ele>
        <time>2020-08-09T10:50:34.000Z</time>
        <extensions>
          <ns3:TrackPointExtension>
            <ns3:hr>131</ns3:hr>
          </ns3:TrackPointExtension>
        </extensions>
      </trkpt>
      <trkpt lat="46.7132886685431003570556640625" lon="22.83223517239093780517578125">
        <ele>992.5999755859375</ele>
        <time>2020-08-09T10:50:42.000Z</time>
        <extensions>
          <ns3:TrackPointExtension>
            <ns3:hr>129</ns3:hr>
          </ns3:TrackPointExtension>
        </extensions>
      </trkpt>
      <trkpt lat="46.71329193748533725738525390625" lon="22.83224187791347503662109375">
        <ele>992.5999755859375</ele>
        <time>2020-08-09T10:50:43.000Z</time>
        <extensions>
          <ns3:TrackPointExtension>
            <ns3:hr>129</ns3:hr>
          </ns3:TrackPointExtension>
        </extensions>
      </trkpt>
      <trkpt lat="46.71330803073942661285400390625" lon="22.83232209272682666778564453125">
        <ele>993.4000244140625</ele>
        <time>2020-08-09T10:50:51.000Z</time>
        <extensions>
          <ns3:TrackPointExtension>
            <ns3:hr>126</ns3:hr>
          </ns3:TrackPointExtension>
        </extensions>
      </trkpt>
      <trkpt lat="46.7133252136409282684326171875" lon="22.8323473222553730010986328125">
        <ele>993.5999755859375</ele>
        <time>2020-08-09T10:50:55.000Z</time>
        <extensions>
          <ns3:TrackPointExtension>
            <ns3:hr>126</ns3:hr>
          </ns3:TrackPointExtension>
        </extensions>
      </trkpt>
      <trkpt lat="46.71337089501321315765380859375" lon="22.8324090130627155303955078125">
        <ele>994</ele>
        <time>2020-08-09T10:51:01.000Z</time>
        <extensions>
          <ns3:TrackPointExtension>
            <ns3:hr>124</ns3:hr>
          </ns3:TrackPointExtension>
        </extensions>
      </trkpt>
      <trkpt lat="46.7134086973965167999267578125" lon="22.832441367208957672119140625">
        <ele>994.5999755859375</ele>
        <time>2020-08-09T10:51:06.000Z</time>
        <extensions>
          <ns3:TrackPointExtension>
            <ns3:hr>125</ns3:hr>
          </ns3:TrackPointExtension>
        </extensions>
      </trkpt>
      <trkpt lat="46.7134298197925090789794921875" lon="22.832502387464046478271484375">
        <ele>995.4000244140625</ele>
        <time>2020-08-09T10:51:13.000Z</time>
        <extensions>
          <ns3:TrackPointExtension>
            <ns3:hr>128</ns3:hr>
          </ns3:TrackPointExtension>
        </extensions>
      </trkpt>
      <trkpt lat="46.71343795023858547210693359375" lon="22.83249828033149242401123046875">
        <ele>995.5999755859375</ele>
        <time>2020-08-09T10:51:15.000Z</time>
        <extensions>
          <ns3:TrackPointExtension>
            <ns3:hr>129</ns3:hr>
          </ns3:TrackPointExtension>
        </extensions>
      </trkpt>
      <trkpt lat="46.71344339847564697265625" lon="22.8325119428336620330810546875">
        <ele>996.20001220703125</ele>
        <time>2020-08-09T10:51:19.000Z</time>
        <extensions>
          <ns3:TrackPointExtension>
            <ns3:hr>130</ns3:hr>
          </ns3:TrackPointExtension>
        </extensions>
      </trkpt>
      <trkpt lat="46.71344733797013759613037109375" lon="22.83253968693315982818603515625">
        <ele>996.79998779296875</ele>
        <time>2020-08-09T10:51:22.000Z</time>
        <extensions>
          <ns3:TrackPointExtension>
            <ns3:hr>131</ns3:hr>
          </ns3:TrackPointExtension>
        </extensions>
      </trkpt>
      <trkpt lat="46.71350668184459209442138671875" lon="22.8325615637004375457763671875">
        <ele>997.20001220703125</ele>
        <time>2020-08-09T10:51:31.000Z</time>
        <extensions>
          <ns3:TrackPointExtension>
            <ns3:hr>128</ns3:hr>
          </ns3:TrackPointExtension>
        </extensions>
      </trkpt>
      <trkpt lat="46.7134957015514373779296875" lon="22.8326440416276454925537109375">
        <ele>997.5999755859375</ele>
        <time>2020-08-09T10:51:36.000Z</time>
        <extensions>
          <ns3:TrackPointExtension>
            <ns3:hr>126</ns3:hr>
          </ns3:TrackPointExtension>
        </extensions>
      </trkpt>
      <trkpt lat="46.7134918458759784698486328125" lon="22.83272358588874340057373046875">
        <ele>997.79998779296875</ele>
        <time>2020-08-09T10:51:40.000Z</time>
        <extensions>
          <ns3:TrackPointExtension>
            <ns3:hr>123</ns3:hr>
          </ns3:TrackPointExtension>
        </extensions>
      </trkpt>
      <trkpt lat="46.71349368989467620849609375" lon="22.8327285312116146087646484375">
        <ele>997.79998779296875</ele>
        <time>2020-08-09T10:51:41.000Z</time>
        <extensions>
          <ns3:TrackPointExtension>
            <ns3:hr>123</ns3:hr>
          </ns3:TrackPointExtension>
        </extensions>
      </trkpt>
      <trkpt lat="46.71351648867130279541015625" lon="22.83286473713815212249755859375">
        <ele>997.79998779296875</ele>
        <time>2020-08-09T10:51:52.000Z</time>
        <extensions>
          <ns3:TrackPointExtension>
            <ns3:hr>120</ns3:hr>
          </ns3:TrackPointExtension>
        </extensions>
      </trkpt>
      <trkpt lat="46.71362377703189849853515625" lon="22.833056934177875518798828125">
        <ele>997</ele>
        <time>2020-08-09T10:52:07.000Z</time>
        <extensions>
          <ns3:TrackPointExtension>
            <ns3:hr>120</ns3:hr>
          </ns3:TrackPointExtension>
        </extensions>
      </trkpt>
      <trkpt lat="46.71363241039216518402099609375" lon="22.83308006823062896728515625">
        <ele>997</ele>
        <time>2020-08-09T10:52:09.000Z</time>
        <extensions>
          <ns3:TrackPointExtension>
            <ns3:hr>117</ns3:hr>
          </ns3:TrackPointExtension>
        </extensions>
      </trkpt>
      <trkpt lat="46.71366845257580280303955078125" lon="22.83330646343529224395751953125">
        <ele>998</ele>
        <time>2020-08-09T10:52:28.000Z</time>
        <extensions>
          <ns3:TrackPointExtension>
            <ns3:hr>117</ns3:hr>
          </ns3:TrackPointExtension>
        </extensions>
      </trkpt>
      <trkpt lat="46.71361112035810947418212890625" lon="22.8335130773484706878662109375">
        <ele>998.79998779296875</ele>
        <time>2020-08-09T10:52:38.000Z</time>
        <extensions>
          <ns3:TrackPointExtension>
            <ns3:hr>116</ns3:hr>
          </ns3:TrackPointExtension>
        </extensions>
      </trkpt>
      <trkpt lat="46.713624112308025360107421875" lon="22.8335395641624927520751953125">
        <ele>999</ele>
        <time>2020-08-09T10:52:40.000Z</time>
        <extensions>
          <ns3:TrackPointExtension>
            <ns3:hr>117</ns3:hr>
          </ns3:TrackPointExtension>
        </extensions>
      </trkpt>
      <trkpt lat="46.71367130242288112640380859375" lon="22.83371499739587306976318359375">
        <ele>999.5999755859375</ele>
        <time>2020-08-09T10:52:54.000Z</time>
        <extensions>
          <ns3:TrackPointExtension>
            <ns3:hr>114</ns3:hr>
          </ns3:TrackPointExtension>
        </extensions>
      </trkpt>
      <trkpt lat="46.71367616392672061920166015625" lon="22.833722122013568878173828125">
        <ele>999.5999755859375</ele>
        <time>2020-08-09T10:52:55.000Z</time>
        <extensions>
          <ns3:TrackPointExtension>
            <ns3:hr>114</ns3:hr>
          </ns3:TrackPointExtension>
        </extensions>
      </trkpt>
      <trkpt lat="46.7137044109404087066650390625" lon="22.83381164073944091796875">
        <ele>1000</ele>
        <time>2020-08-09T10:53:02.000Z</time>
        <extensions>
          <ns3:TrackPointExtension>
            <ns3:hr>116</ns3:hr>
          </ns3:TrackPointExtension>
        </extensions>
      </trkpt>
      <trkpt lat="46.7136886529624462127685546875" lon="22.83394617028534412384033203125">
        <ele>1000.20001220703125</ele>
        <time>2020-08-09T10:53:10.000Z</time>
        <extensions>
          <ns3:TrackPointExtension>
            <ns3:hr>118</ns3:hr>
          </ns3:TrackPointExtension>
        </extensions>
      </trkpt>
      <trkpt lat="46.7136593163013458251953125" lon="22.83416904509067535400390625">
        <ele>1000.79998779296875</ele>
        <time>2020-08-09T10:53:23.000Z</time>
        <extensions>
          <ns3:TrackPointExtension>
            <ns3:hr>115</ns3:hr>
          </ns3:TrackPointExtension>
        </extensions>
      </trkpt>
      <trkpt lat="46.71364548616111278533935546875" lon="22.834196202456951141357421875">
        <ele>1001</ele>
        <time>2020-08-09T10:53:25.000Z</time>
        <extensions>
          <ns3:TrackPointExtension>
            <ns3:hr>116</ns3:hr>
          </ns3:TrackPointExtension>
        </extensions>
      </trkpt>
      <trkpt lat="46.71363676898181438446044921875" lon="22.8342298977077007293701171875">
        <ele>1001.20001220703125</ele>
        <time>2020-08-09T10:53:28.000Z</time>
        <extensions>
          <ns3:TrackPointExtension>
            <ns3:hr>115</ns3:hr>
          </ns3:TrackPointExtension>
        </extensions>
      </trkpt>
      <trkpt lat="46.7136437259614467620849609375" lon="22.83426820300519466400146484375">
        <ele>1002</ele>
        <time>2020-08-09T10:53:32.000Z</time>
        <extensions>
          <ns3:TrackPointExtension>
            <ns3:hr>117</ns3:hr>
          </ns3:TrackPointExtension>
        </extensions>
      </trkpt>
      <trkpt lat="46.7136164009571075439453125" lon="22.83431044779717922210693359375">
        <ele>1002.79998779296875</ele>
        <time>2020-08-09T10:53:39.000Z</time>
        <extensions>
          <ns3:TrackPointExtension>
            <ns3:hr>120</ns3:hr>
          </ns3:TrackPointExtension>
        </extensions>
      </trkpt>
      <trkpt lat="46.7136158980429172515869140625" lon="22.8343314863741397857666015625">
        <ele>1003.20001220703125</ele>
        <time>2020-08-09T10:53:41.000Z</time>
        <extensions>
          <ns3:TrackPointExtension>
            <ns3:hr>120</ns3:hr>
          </ns3:TrackPointExtension>
        </extensions>
      </trkpt>
      <trkpt lat="46.71361095272004604339599609375" lon="22.83436073921620845794677734375">
        <ele>1003.4000244140625</ele>
        <time>2020-08-09T10:53:44.000Z</time>
        <extensions>
          <ns3:TrackPointExtension>
            <ns3:hr>121</ns3:hr>
          </ns3:TrackPointExtension>
        </extensions>
      </trkpt>
      <trkpt lat="46.71358781866729259490966796875" lon="22.83443734981119632720947265625">
        <ele>1004.20001220703125</ele>
        <time>2020-08-09T10:53:50.000Z</time>
        <extensions>
          <ns3:TrackPointExtension>
            <ns3:hr>120</ns3:hr>
          </ns3:TrackPointExtension>
        </extensions>
      </trkpt>
      <trkpt lat="46.71354875899851322174072265625" lon="22.8345601446926593780517578125">
        <ele>1005.4000244140625</ele>
        <time>2020-08-09T10:53:58.000Z</time>
        <extensions>
          <ns3:TrackPointExtension>
            <ns3:hr>119</ns3:hr>
          </ns3:TrackPointExtension>
        </extensions>
      </trkpt>
      <trkpt lat="46.71355010010302066802978515625" lon="22.834573052823543548583984375">
        <ele>1005.5999755859375</ele>
        <time>2020-08-09T10:53:59.000Z</time>
        <extensions>
          <ns3:TrackPointExtension>
            <ns3:hr>119</ns3:hr>
          </ns3:TrackPointExtension>
        </extensions>
      </trkpt>
      <trkpt lat="46.71357172541320323944091796875" lon="22.83467506058514118194580078125">
        <ele>1006.4000244140625</ele>
        <time>2020-08-09T10:54:06.000Z</time>
        <extensions>
          <ns3:TrackPointExtension>
            <ns3:hr>121</ns3:hr>
          </ns3:TrackPointExtension>
        </extensions>
      </trkpt>
      <trkpt lat="46.71358287334442138671875" lon="22.8347183950245380401611328125">
        <ele>1007</ele>
        <time>2020-08-09T10:54:10.000Z</time>
        <extensions>
          <ns3:TrackPointExtension>
            <ns3:hr>122</ns3:hr>
          </ns3:TrackPointExtension>
        </extensions>
      </trkpt>
      <trkpt lat="46.71359821222722530364990234375" lon="22.8347490727901458740234375">
        <ele>1007.4000244140625</ele>
        <time>2020-08-09T10:54:13.000Z</time>
        <extensions>
          <ns3:TrackPointExtension>
            <ns3:hr>121</ns3:hr>
          </ns3:TrackPointExtension>
        </extensions>
      </trkpt>
      <trkpt lat="46.7136271297931671142578125" lon="22.83483096398413181304931640625">
        <ele>1008.5999755859375</ele>
        <time>2020-08-09T10:54:20.000Z</time>
        <extensions>
          <ns3:TrackPointExtension>
            <ns3:hr>123</ns3:hr>
          </ns3:TrackPointExtension>
        </extensions>
      </trkpt>
      <trkpt lat="46.713685132563114166259765625" lon="22.8348887152969837188720703125">
        <ele>1009.4000244140625</ele>
        <time>2020-08-09T10:54:27.000Z</time>
        <extensions>
          <ns3:TrackPointExtension>
            <ns3:hr>123</ns3:hr>
          </ns3:TrackPointExtension>
        </extensions>
      </trkpt>
      <trkpt lat="46.7136899940669536590576171875" lon="22.83489525318145751953125">
        <ele>1009.5999755859375</ele>
        <time>2020-08-09T10:54:28.000Z</time>
        <extensions>
          <ns3:TrackPointExtension>
            <ns3:hr>123</ns3:hr>
          </ns3:TrackPointExtension>
        </extensions>
      </trkpt>
      <trkpt lat="46.713761575520038604736328125" lon="22.83494948409497737884521484375">
        <ele>1010.5999755859375</ele>
        <time>2020-08-09T10:54:37.000Z</time>
        <extensions>
          <ns3:TrackPointExtension>
            <ns3:hr>123</ns3:hr>
          </ns3:TrackPointExtension>
        </extensions>
      </trkpt>
      <trkpt lat="46.7137781716883182525634765625" lon="22.83499005250632762908935546875">
        <ele>1011.20001220703125</ele>
        <time>2020-08-09T10:54:44.000Z</time>
        <extensions>
          <ns3:TrackPointExtension>
            <ns3:hr>124</ns3:hr>
          </ns3:TrackPointExtension>
        </extensions>
      </trkpt>
      <trkpt lat="46.71378814615309238433837890625" lon="22.8350124321877956390380859375">
        <ele>1011.5999755859375</ele>
        <time>2020-08-09T10:54:47.000Z</time>
        <extensions>
          <ns3:TrackPointExtension>
            <ns3:hr>122</ns3:hr>
          </ns3:TrackPointExtension>
        </extensions>
      </trkpt>
      <trkpt lat="46.71380356885492801666259765625" lon="22.83505962230265140533447265625">
        <ele>1012.5999755859375</ele>
        <time>2020-08-09T10:54:53.000Z</time>
        <extensions>
          <ns3:TrackPointExtension>
            <ns3:hr>125</ns3:hr>
          </ns3:TrackPointExtension>
        </extensions>
      </trkpt>
      <trkpt lat="46.713800132274627685546875" lon="22.8350690938532352447509765625">
        <ele>1012.79998779296875</ele>
        <time>2020-08-09T10:54:54.000Z</time>
        <extensions>
          <ns3:TrackPointExtension>
            <ns3:hr>125</ns3:hr>
          </ns3:TrackPointExtension>
        </extensions>
      </trkpt>
      <trkpt lat="46.7138187400996685028076171875" lon="22.8351287730038166046142578125">
        <ele>1013.79998779296875</ele>
        <time>2020-08-09T10:55:01.000Z</time>
        <extensions>
          <ns3:TrackPointExtension>
            <ns3:hr>125</ns3:hr>
          </ns3:TrackPointExtension>
        </extensions>
      </trkpt>
      <trkpt lat="46.713819243013858795166015625" lon="22.83513623289763927459716796875">
        <ele>1013.79998779296875</ele>
        <time>2020-08-09T10:55:02.000Z</time>
        <extensions>
          <ns3:TrackPointExtension>
            <ns3:hr>125</ns3:hr>
          </ns3:TrackPointExtension>
        </extensions>
      </trkpt>
      <trkpt lat="46.71382603235542774200439453125" lon="22.83517613075673580169677734375">
        <ele>1014.79998779296875</ele>
        <time>2020-08-09T10:55:06.000Z</time>
        <extensions>
          <ns3:TrackPointExtension>
            <ns3:hr>125</ns3:hr>
          </ns3:TrackPointExtension>
        </extensions>
      </trkpt>
      <trkpt lat="46.7138204164803028106689453125" lon="22.83523111604154109954833984375">
        <ele>1016</ele>
        <time>2020-08-09T10:55:13.000Z</time>
        <extensions>
          <ns3:TrackPointExtension>
            <ns3:hr>126</ns3:hr>
          </ns3:TrackPointExtension>
        </extensions>
      </trkpt>
      <trkpt lat="46.71381597407162189483642578125" lon="22.8352451138198375701904296875">
        <ele>1016.20001220703125</ele>
        <time>2020-08-09T10:55:15.000Z</time>
        <extensions>
          <ns3:TrackPointExtension>
            <ns3:hr>126</ns3:hr>
          </ns3:TrackPointExtension>
        </extensions>
      </trkpt>
      <trkpt lat="46.71379602514207363128662109375" lon="22.83536254428327083587646484375">
        <ele>1017</ele>
        <time>2020-08-09T10:55:29.000Z</time>
        <extensions>
          <ns3:TrackPointExtension>
            <ns3:hr>126</ns3:hr>
          </ns3:TrackPointExtension>
        </extensions>
      </trkpt>
      <trkpt lat="46.71378663741052150726318359375" lon="22.8353949822485446929931640625">
        <ele>1017.20001220703125</ele>
        <time>2020-08-09T10:55:31.000Z</time>
        <extensions>
          <ns3:TrackPointExtension>
            <ns3:hr>125</ns3:hr>
          </ns3:TrackPointExtension>
        </extensions>
      </trkpt>
      <trkpt lat="46.71378848142921924591064453125" lon="22.83541333861649036407470703125">
        <ele>1017.20001220703125</ele>
        <time>2020-08-09T10:55:32.000Z</time>
        <extensions>
          <ns3:TrackPointExtension>
            <ns3:hr>125</ns3:hr>
          </ns3:TrackPointExtension>
        </extensions>
      </trkpt>
      <trkpt lat="46.71380256302654743194580078125" lon="22.83550285734236240386962890625">
        <ele>1018.20001220703125</ele>
        <time>2020-08-09T10:55:39.000Z</time>
        <extensions>
          <ns3:TrackPointExtension>
            <ns3:hr>124</ns3:hr>
          </ns3:TrackPointExtension>
        </extensions>
      </trkpt>
      <trkpt lat="46.7137880623340606689453125" lon="22.8355522267520427703857421875">
        <ele>1019.20001220703125</ele>
        <time>2020-08-09T10:55:46.000Z</time>
        <extensions>
          <ns3:TrackPointExtension>
            <ns3:hr>122</ns3:hr>
          </ns3:TrackPointExtension>
        </extensions>
      </trkpt>
      <trkpt lat="46.71378873288631439208984375" lon="22.8355642966926097869873046875">
        <ele>1019.20001220703125</ele>
        <time>2020-08-09T10:55:47.000Z</time>
        <extensions>
          <ns3:TrackPointExtension>
            <ns3:hr>122</ns3:hr>
          </ns3:TrackPointExtension>
        </extensions>
      </trkpt>
      <trkpt lat="46.71373307704925537109375" lon="22.83565540798008441925048828125">
        <ele>1020.4000244140625</ele>
        <time>2020-08-09T10:55:59.000Z</time>
        <extensions>
          <ns3:TrackPointExtension>
            <ns3:hr>119</ns3:hr>
          </ns3:TrackPointExtension>
        </extensions>
      </trkpt>
      <trkpt lat="46.713720001280307769775390625" lon="22.83567384816706180572509765625">
        <ele>1020.5999755859375</ele>
        <time>2020-08-09T10:56:01.000Z</time>
        <extensions>
          <ns3:TrackPointExtension>
            <ns3:hr>118</ns3:hr>
          </ns3:TrackPointExtension>
        </extensions>
      </trkpt>
      <trkpt lat="46.71364816837012767791748046875" lon="22.83565976656973361968994140625">
        <ele>1021.20001220703125</ele>
        <time>2020-08-09T10:56:13.000Z</time>
        <extensions>
          <ns3:TrackPointExtension>
            <ns3:hr>117</ns3:hr>
          </ns3:TrackPointExtension>
        </extensions>
      </trkpt>
      <trkpt lat="46.71358563937246799468994140625" lon="22.8356652148067951202392578125">
        <ele>1021.4000244140625</ele>
        <time>2020-08-09T10:56:18.000Z</time>
        <extensions>
          <ns3:TrackPointExtension>
            <ns3:hr>116</ns3:hr>
          </ns3:TrackPointExtension>
        </extensions>
      </trkpt>
      <trkpt lat="46.71350131742656230926513671875" lon="22.83566731028258800506591796875">
        <ele>1021.4000244140625</ele>
        <time>2020-08-09T10:56:26.000Z</time>
        <extensions>
          <ns3:TrackPointExtension>
            <ns3:hr>114</ns3:hr>
          </ns3:TrackPointExtension>
        </extensions>
      </trkpt>
      <trkpt lat="46.71335580758750438690185546875" lon="22.83569597639143466949462890625">
        <ele>1022.4000244140625</ele>
        <time>2020-08-09T10:56:39.000Z</time>
        <extensions>
          <ns3:TrackPointExtension>
            <ns3:hr>112</ns3:hr>
          </ns3:TrackPointExtension>
        </extensions>
      </trkpt>
      <trkpt lat="46.71331792138516902923583984375" lon="22.835692204535007476806640625">
        <ele>1022.5999755859375</ele>
        <time>2020-08-09T10:56:44.000Z</time>
        <extensions>
          <ns3:TrackPointExtension>
            <ns3:hr>114</ns3:hr>
          </ns3:TrackPointExtension>
        </extensions>
      </trkpt>
      <trkpt lat="46.71326193027198314666748046875" lon="22.8356719203293323516845703125">
        <ele>1023.20001220703125</ele>
        <time>2020-08-09T10:56:52.000Z</time>
        <extensions>
          <ns3:TrackPointExtension>
            <ns3:hr>117</ns3:hr>
          </ns3:TrackPointExtension>
        </extensions>
      </trkpt>
      <trkpt lat="46.7132504470646381378173828125" lon="22.8356638737022876739501953125">
        <ele>1023.4000244140625</ele>
        <time>2020-08-09T10:56:54.000Z</time>
        <extensions>
          <ns3:TrackPointExtension>
            <ns3:hr>118</ns3:hr>
          </ns3:TrackPointExtension>
        </extensions>
      </trkpt>
      <trkpt lat="46.71323996968567371368408203125" lon="22.83564954064786434173583984375">
        <ele>1024.4000244140625</ele>
        <time>2020-08-09T10:57:01.000Z</time>
        <extensions>
          <ns3:TrackPointExtension>
            <ns3:hr>117</ns3:hr>
          </ns3:TrackPointExtension>
        </extensions>
      </trkpt>
      <trkpt lat="46.7132397182285785675048828125" lon="22.835645265877246856689453125">
        <ele>1024.5999755859375</ele>
        <time>2020-08-09T10:57:02.000Z</time>
        <extensions>
          <ns3:TrackPointExtension>
            <ns3:hr>116</ns3:hr>
          </ns3:TrackPointExtension>
        </extensions>
      </trkpt>
      <trkpt lat="46.71321683563292026519775390625" lon="22.8356256522238254547119140625">
        <ele>1025.5999755859375</ele>
        <time>2020-08-09T10:57:09.000Z</time>
        <extensions>
          <ns3:TrackPointExtension>
            <ns3:hr>116</ns3:hr>
          </ns3:TrackPointExtension>
        </extensions>
      </trkpt>
      <trkpt lat="46.7132088728249073028564453125" lon="22.83561483956873416900634765625">
        <ele>1026.199951171875</ele>
        <time>2020-08-09T10:57:13.000Z</time>
        <extensions>
          <ns3:TrackPointExtension>
            <ns3:hr>121</ns3:hr>
          </ns3:TrackPointExtension>
        </extensions>
      </trkpt>
      <trkpt lat="46.71320744790136814117431640625" lon="22.83561064861714839935302734375">
        <ele>1026.4000244140625</ele>
        <time>2020-08-09T10:57:15.000Z</time>
        <extensions>
          <ns3:TrackPointExtension>
            <ns3:hr>124</ns3:hr>
          </ns3:TrackPointExtension>
        </extensions>
      </trkpt>
      <trkpt lat="46.71320535242557525634765625" lon="22.8356087207794189453125">
        <ele>1026.5999755859375</ele>
        <time>2020-08-09T10:57:16.000Z</time>
        <extensions>
          <ns3:TrackPointExtension>
            <ns3:hr>125</ns3:hr>
          </ns3:TrackPointExtension>
        </extensions>
      </trkpt>
      <trkpt lat="46.71319705434143543243408203125" lon="22.83560075797140598297119140625">
        <ele>1027.4000244140625</ele>
        <time>2020-08-09T10:57:21.000Z</time>
        <extensions>
          <ns3:TrackPointExtension>
            <ns3:hr>126</ns3:hr>
          </ns3:TrackPointExtension>
        </extensions>
      </trkpt>
      <trkpt lat="46.7131911031901836395263671875" lon="22.83559438772499561309814453125">
        <ele>1027.5999755859375</ele>
        <time>2020-08-09T10:57:22.000Z</time>
        <extensions>
          <ns3:TrackPointExtension>
            <ns3:hr>126</ns3:hr>
          </ns3:TrackPointExtension>
        </extensions>
      </trkpt>
      <trkpt lat="46.7131545580923557281494140625" lon="22.83559086732566356658935546875">
        <ele>1028.800048828125</ele>
        <time>2020-08-09T10:57:28.000Z</time>
        <extensions>
          <ns3:TrackPointExtension>
            <ns3:hr>128</ns3:hr>
          </ns3:TrackPointExtension>
        </extensions>
      </trkpt>
      <trkpt lat="46.71312111429870128631591796875" lon="22.83559137023985385894775390625">
        <ele>1029.800048828125</ele>
        <time>2020-08-09T10:57:35.000Z</time>
        <extensions>
          <ns3:TrackPointExtension>
            <ns3:hr>128</ns3:hr>
          </ns3:TrackPointExtension>
        </extensions>
      </trkpt>
      <trkpt lat="46.71310250647366046905517578125" lon="22.8355912864208221435546875">
        <ele>1029.800048828125</ele>
        <time>2020-08-09T10:57:37.000Z</time>
        <extensions>
          <ns3:TrackPointExtension>
            <ns3:hr>128</ns3:hr>
          </ns3:TrackPointExtension>
        </extensions>
      </trkpt>
      <trkpt lat="46.71308121643960475921630859375" lon="22.835557758808135986328125">
        <ele>1030.800048828125</ele>
        <time>2020-08-09T10:57:45.000Z</time>
        <extensions>
          <ns3:TrackPointExtension>
            <ns3:hr>129</ns3:hr>
          </ns3:TrackPointExtension>
        </extensions>
      </trkpt>
      <trkpt lat="46.7130585014820098876953125" lon="22.8355461917817592620849609375">
        <ele>1031.800048828125</ele>
        <time>2020-08-09T10:57:51.000Z</time>
        <extensions>
          <ns3:TrackPointExtension>
            <ns3:hr>131</ns3:hr>
          </ns3:TrackPointExtension>
        </extensions>
      </trkpt>
      <trkpt lat="46.71305657364428043365478515625" lon="22.83554141409695148468017578125">
        <ele>1032.199951171875</ele>
        <time>2020-08-09T10:57:52.000Z</time>
        <extensions>
          <ns3:TrackPointExtension>
            <ns3:hr>131</ns3:hr>
          </ns3:TrackPointExtension>
        </extensions>
      </trkpt>
      <trkpt lat="46.7130358703434467315673828125" lon="22.83551895059645175933837890625">
        <ele>1033</ele>
        <time>2020-08-09T10:57:57.000Z</time>
        <extensions>
          <ns3:TrackPointExtension>
            <ns3:hr>131</ns3:hr>
          </ns3:TrackPointExtension>
        </extensions>
      </trkpt>
      <trkpt lat="46.71300510875880718231201171875" lon="22.8354942239820957183837890625">
        <ele>1034</ele>
        <time>2020-08-09T10:58:02.000Z</time>
        <extensions>
          <ns3:TrackPointExtension>
            <ns3:hr>134</ns3:hr>
          </ns3:TrackPointExtension>
        </extensions>
      </trkpt>
      <trkpt lat="46.71301047317683696746826171875" lon="22.83547234721481800079345703125">
        <ele>1035.199951171875</ele>
        <time>2020-08-09T10:58:09.000Z</time>
        <extensions>
          <ns3:TrackPointExtension>
            <ns3:hr>135</ns3:hr>
          </ns3:TrackPointExtension>
        </extensions>
      </trkpt>
      <trkpt lat="46.71302036382257938385009765625" lon="22.83546530641615390777587890625">
        <ele>1035.199951171875</ele>
        <time>2020-08-09T10:58:10.000Z</time>
        <extensions>
          <ns3:TrackPointExtension>
            <ns3:hr>135</ns3:hr>
          </ns3:TrackPointExtension>
        </extensions>
      </trkpt>
      <trkpt lat="46.71303159557282924652099609375" lon="22.83544351346790790557861328125">
        <ele>1036.199951171875</ele>
        <time>2020-08-09T10:58:15.000Z</time>
        <extensions>
          <ns3:TrackPointExtension>
            <ns3:hr>134</ns3:hr>
          </ns3:TrackPointExtension>
        </extensions>
      </trkpt>
      <trkpt lat="46.71302455477416515350341796875" lon="22.83543295226991176605224609375">
        <ele>1037</ele>
        <time>2020-08-09T10:58:21.000Z</time>
        <extensions>
          <ns3:TrackPointExtension>
            <ns3:hr>137</ns3:hr>
          </ns3:TrackPointExtension>
        </extensions>
      </trkpt>
      <trkpt lat="46.71301784925162792205810546875" lon="22.83542758785188198089599609375">
        <ele>1037.4000244140625</ele>
        <time>2020-08-09T10:58:23.000Z</time>
        <extensions>
          <ns3:TrackPointExtension>
            <ns3:hr>137</ns3:hr>
          </ns3:TrackPointExtension>
        </extensions>
      </trkpt>
      <trkpt lat="46.71300862915813922882080078125" lon="22.83539121039211750030517578125">
        <ele>1038</ele>
        <time>2020-08-09T10:58:27.000Z</time>
        <extensions>
          <ns3:TrackPointExtension>
            <ns3:hr>135</ns3:hr>
          </ns3:TrackPointExtension>
        </extensions>
      </trkpt>
      <trkpt lat="46.7130030132830142974853515625" lon="22.83536673523485660552978515625">
        <ele>1038.4000244140625</ele>
        <time>2020-08-09T10:58:30.000Z</time>
        <extensions>
          <ns3:TrackPointExtension>
            <ns3:hr>136</ns3:hr>
          </ns3:TrackPointExtension>
        </extensions>
      </trkpt>
      <trkpt lat="46.71299614012241363525390625" lon="22.83531040884554386138916015625">
        <ele>1039.5999755859375</ele>
        <time>2020-08-09T10:58:36.000Z</time>
        <extensions>
          <ns3:TrackPointExtension>
            <ns3:hr>138</ns3:hr>
          </ns3:TrackPointExtension>
        </extensions>
      </trkpt>
      <trkpt lat="46.71299404464662075042724609375" lon="22.83525944687426090240478515625">
        <ele>1040.4000244140625</ele>
        <time>2020-08-09T10:58:43.000Z</time>
        <extensions>
          <ns3:TrackPointExtension>
            <ns3:hr>141</ns3:hr>
          </ns3:TrackPointExtension>
        </extensions>
      </trkpt>
      <trkpt lat="46.7129902727901935577392578125" lon="22.83525961451232433319091796875">
        <ele>1040.5999755859375</ele>
        <time>2020-08-09T10:58:44.000Z</time>
        <extensions>
          <ns3:TrackPointExtension>
            <ns3:hr>137</ns3:hr>
          </ns3:TrackPointExtension>
        </extensions>
      </trkpt>
      <trkpt lat="46.712987758219242095947265625" lon="22.8352586925029754638671875">
        <ele>1040.5999755859375</ele>
        <time>2020-08-09T10:58:45.000Z</time>
        <extensions>
          <ns3:TrackPointExtension>
            <ns3:hr>137</ns3:hr>
          </ns3:TrackPointExtension>
        </extensions>
      </trkpt>
      <trkpt lat="46.71296395361423492431640625" lon="22.8352424316108226776123046875">
        <ele>1041.5999755859375</ele>
        <time>2020-08-09T10:58:50.000Z</time>
        <extensions>
          <ns3:TrackPointExtension>
            <ns3:hr>136</ns3:hr>
          </ns3:TrackPointExtension>
        </extensions>
      </trkpt>
      <trkpt lat="46.71297174878418445587158203125" lon="22.83516548573970794677734375">
        <ele>1042.4000244140625</ele>
        <time>2020-08-09T10:59:01.000Z</time>
        <extensions>
          <ns3:TrackPointExtension>
            <ns3:hr>135</ns3:hr>
          </ns3:TrackPointExtension>
        </extensions>
      </trkpt>
      <trkpt lat="46.712979711592197418212890625" lon="22.835159115493297576904296875">
        <ele>1042.5999755859375</ele>
        <time>2020-08-09T10:59:03.000Z</time>
        <extensions>
          <ns3:TrackPointExtension>
            <ns3:hr>135</ns3:hr>
          </ns3:TrackPointExtension>
        </extensions>
      </trkpt>
      <trkpt lat="46.7129805497825145721435546875" lon="22.83513388596475124359130859375">
        <ele>1043</ele>
        <time>2020-08-09T10:59:07.000Z</time>
        <extensions>
          <ns3:TrackPointExtension>
            <ns3:hr>138</ns3:hr>
          </ns3:TrackPointExtension>
        </extensions>
      </trkpt>
      <trkpt lat="46.71296454034745693206787109375" lon="22.83509465865790843963623046875">
        <ele>1043.800048828125</ele>
        <time>2020-08-09T10:59:12.000Z</time>
        <extensions>
          <ns3:TrackPointExtension>
            <ns3:hr>140</ns3:hr>
          </ns3:TrackPointExtension>
        </extensions>
      </trkpt>
      <trkpt lat="46.712953560054302215576171875" lon="22.83507320098578929901123046875">
        <ele>1044.800048828125</ele>
        <time>2020-08-09T10:59:17.000Z</time>
        <extensions>
          <ns3:TrackPointExtension>
            <ns3:hr>139</ns3:hr>
          </ns3:TrackPointExtension>
        </extensions>
      </trkpt>
      <trkpt lat="46.71295397914946079254150390625" lon="22.83507035113871097564697265625">
        <ele>1045</ele>
        <time>2020-08-09T10:59:18.000Z</time>
        <extensions>
          <ns3:TrackPointExtension>
            <ns3:hr>138</ns3:hr>
          </ns3:TrackPointExtension>
        </extensions>
      </trkpt>
      <trkpt lat="46.7129513807594776153564453125" lon="22.83507026731967926025390625">
        <ele>1046.199951171875</ele>
        <time>2020-08-09T10:59:24.000Z</time>
        <extensions>
          <ns3:TrackPointExtension>
            <ns3:hr>136</ns3:hr>
          </ns3:TrackPointExtension>
        </extensions>
      </trkpt>
      <trkpt lat="46.712943501770496368408203125" lon="22.8350476361811161041259765625">
        <ele>1046.800048828125</ele>
        <time>2020-08-09T10:59:29.000Z</time>
        <extensions>
          <ns3:TrackPointExtension>
            <ns3:hr>136</ns3:hr>
          </ns3:TrackPointExtension>
        </extensions>
      </trkpt>
      <trkpt lat="46.71293470077216625213623046875" lon="22.835048474371433258056640625">
        <ele>1047.5999755859375</ele>
        <time>2020-08-09T10:59:32.000Z</time>
        <extensions>
          <ns3:TrackPointExtension>
            <ns3:hr>137</ns3:hr>
          </ns3:TrackPointExtension>
        </extensions>
      </trkpt>
      <trkpt lat="46.7129403166472911834716796875" lon="22.8350573591887950897216796875">
        <ele>1048.800048828125</ele>
        <time>2020-08-09T10:59:38.000Z</time>
        <extensions>
          <ns3:TrackPointExtension>
            <ns3:hr>138</ns3:hr>
          </ns3:TrackPointExtension>
        </extensions>
      </trkpt>
      <trkpt lat="46.71292933635413646697998046875" lon="22.8350731171667575836181640625">
        <ele>1049.5999755859375</ele>
        <time>2020-08-09T10:59:42.000Z</time>
        <extensions>
          <ns3:TrackPointExtension>
            <ns3:hr>137</ns3:hr>
          </ns3:TrackPointExtension>
        </extensions>
      </trkpt>
      <trkpt lat="46.71292330138385295867919921875" lon="22.83507454209029674530029296875">
        <ele>1049.800048828125</ele>
        <time>2020-08-09T10:59:43.000Z</time>
        <extensions>
          <ns3:TrackPointExtension>
            <ns3:hr>137</ns3:hr>
          </ns3:TrackPointExtension>
        </extensions>
      </trkpt>
      <trkpt lat="46.71289111487567424774169921875" lon="22.83506163395941257476806640625">
        <ele>1050.800048828125</ele>
        <time>2020-08-09T10:59:51.000Z</time>
        <extensions>
          <ns3:TrackPointExtension>
            <ns3:hr>135</ns3:hr>
          </ns3:TrackPointExtension>
        </extensions>
      </trkpt>
      <trkpt lat="46.7128627002239227294921875" lon="22.8350395895540714263916015625">
        <ele>1051.800048828125</ele>
        <time>2020-08-09T10:59:58.000Z</time>
        <extensions>
          <ns3:TrackPointExtension>
            <ns3:hr>134</ns3:hr>
          </ns3:TrackPointExtension>
        </extensions>
      </trkpt>
      <trkpt lat="46.7128564976155757904052734375" lon="22.835037745535373687744140625">
        <ele>1052</ele>
        <time>2020-08-09T10:59:59.000Z</time>
        <extensions>
          <ns3:TrackPointExtension>
            <ns3:hr>134</ns3:hr>
          </ns3:TrackPointExtension>
        </extensions>
      </trkpt>
      <trkpt lat="46.71284635551273822784423828125" lon="22.8350245021283626556396484375">
        <ele>1053</ele>
        <time>2020-08-09T11:00:06.000Z</time>
        <extensions>
          <ns3:TrackPointExtension>
            <ns3:hr>133</ns3:hr>
          </ns3:TrackPointExtension>
        </extensions>
      </trkpt>
      <trkpt lat="46.71283042989671230316162109375" lon="22.83500681631267070770263671875">
        <ele>1054</ele>
        <time>2020-08-09T11:00:11.000Z</time>
        <extensions>
          <ns3:TrackPointExtension>
            <ns3:hr>135</ns3:hr>
          </ns3:TrackPointExtension>
        </extensions>
      </trkpt>
      <trkpt lat="46.7128152586519718170166015625" lon="22.83499340526759624481201171875">
        <ele>1054.199951171875</ele>
        <time>2020-08-09T11:00:14.000Z</time>
        <extensions>
          <ns3:TrackPointExtension>
            <ns3:hr>135</ns3:hr>
          </ns3:TrackPointExtension>
        </extensions>
      </trkpt>
      <trkpt lat="46.71280377544462680816650390625" lon="22.8349770605564117431640625">
        <ele>1054.800048828125</ele>
        <time>2020-08-09T11:00:17.000Z</time>
        <extensions>
          <ns3:TrackPointExtension>
            <ns3:hr>132</ns3:hr>
          </ns3:TrackPointExtension>
        </extensions>
      </trkpt>
      <trkpt lat="46.712783239781856536865234375" lon="22.83494411967694759368896484375">
        <ele>1055.199951171875</ele>
        <time>2020-08-09T11:00:20.000Z</time>
        <extensions>
          <ns3:TrackPointExtension>
            <ns3:hr>135</ns3:hr>
          </ns3:TrackPointExtension>
        </extensions>
      </trkpt>
      <trkpt lat="46.7127699963748455047607421875" lon="22.8349165432155132293701171875">
        <ele>1056.199951171875</ele>
        <time>2020-08-09T11:00:24.000Z</time>
        <extensions>
          <ns3:TrackPointExtension>
            <ns3:hr>137</ns3:hr>
          </ns3:TrackPointExtension>
        </extensions>
      </trkpt>
      <trkpt lat="46.71275700442492961883544921875" lon="22.83487153239548206329345703125">
        <ele>1057.199951171875</ele>
        <time>2020-08-09T11:00:31.000Z</time>
        <extensions>
          <ns3:TrackPointExtension>
            <ns3:hr>137</ns3:hr>
          </ns3:TrackPointExtension>
        </extensions>
      </trkpt>
      <trkpt lat="46.71273688785731792449951171875" lon="22.83483825623989105224609375">
        <ele>1058.4000244140625</ele>
        <time>2020-08-09T11:00:36.000Z</time>
        <extensions>
          <ns3:TrackPointExtension>
            <ns3:hr>137</ns3:hr>
          </ns3:TrackPointExtension>
        </extensions>
      </trkpt>
      <trkpt lat="46.71273034997284412384033203125" lon="22.83484068699181079864501953125">
        <ele>1058.5999755859375</ele>
        <time>2020-08-09T11:00:39.000Z</time>
        <extensions>
          <ns3:TrackPointExtension>
            <ns3:hr>140</ns3:hr>
          </ns3:TrackPointExtension>
        </extensions>
      </trkpt>
      <trkpt lat="46.71271157450973987579345703125" lon="22.83484688960015773773193359375">
        <ele>1059.5999755859375</ele>
        <time>2020-08-09T11:00:45.000Z</time>
        <extensions>
          <ns3:TrackPointExtension>
            <ns3:hr>141</ns3:hr>
          </ns3:TrackPointExtension>
        </extensions>
      </trkpt>
      <trkpt lat="46.7126990854740142822265625" lon="22.83485946245491504669189453125">
        <ele>1060.199951171875</ele>
        <time>2020-08-09T11:00:50.000Z</time>
        <extensions>
          <ns3:TrackPointExtension>
            <ns3:hr>138</ns3:hr>
          </ns3:TrackPointExtension>
        </extensions>
      </trkpt>
      <trkpt lat="46.71269112266600131988525390625" lon="22.83486868254840373992919921875">
        <ele>1060.4000244140625</ele>
        <time>2020-08-09T11:00:53.000Z</time>
        <extensions>
          <ns3:TrackPointExtension>
            <ns3:hr>135</ns3:hr>
          </ns3:TrackPointExtension>
        </extensions>
      </trkpt>
      <trkpt lat="46.71267871744930744171142578125" lon="22.834876812994480133056640625">
        <ele>1060.5999755859375</ele>
        <time>2020-08-09T11:00:59.000Z</time>
        <extensions>
          <ns3:TrackPointExtension>
            <ns3:hr>135</ns3:hr>
          </ns3:TrackPointExtension>
        </extensions>
      </trkpt>
      <trkpt lat="46.7126821540296077728271484375" lon="22.83487580716609954833984375">
        <ele>1060.5999755859375</ele>
        <time>2020-08-09T11:01:00.000Z</time>
        <extensions>
          <ns3:TrackPointExtension>
            <ns3:hr>135</ns3:hr>
          </ns3:TrackPointExtension>
        </extensions>
      </trkpt>
      <trkpt lat="46.7126788012683391571044921875" lon="22.8348810039460659027099609375">
        <ele>1061.5999755859375</ele>
        <time>2020-08-09T11:01:06.000Z</time>
        <extensions>
          <ns3:TrackPointExtension>
            <ns3:hr>137</ns3:hr>
          </ns3:TrackPointExtension>
        </extensions>
      </trkpt>
      <trkpt lat="46.7126402445137500762939453125" lon="22.834855355322360992431640625">
        <ele>1062.5999755859375</ele>
        <time>2020-08-09T11:01:15.000Z</time>
        <extensions>
          <ns3:TrackPointExtension>
            <ns3:hr>137</ns3:hr>
          </ns3:TrackPointExtension>
        </extensions>
      </trkpt>
      <trkpt lat="46.7126412503421306610107421875" lon="22.83483398146927356719970703125">
        <ele>1063.199951171875</ele>
        <time>2020-08-09T11:01:18.000Z</time>
        <extensions>
          <ns3:TrackPointExtension>
            <ns3:hr>138</ns3:hr>
          </ns3:TrackPointExtension>
        </extensions>
      </trkpt>
      <trkpt lat="46.71264468692243099212646484375" lon="22.8348241746425628662109375">
        <ele>1063.5999755859375</ele>
        <time>2020-08-09T11:01:20.000Z</time>
        <extensions>
          <ns3:TrackPointExtension>
            <ns3:hr>138</ns3:hr>
          </ns3:TrackPointExtension>
        </extensions>
      </trkpt>
      <trkpt lat="46.71262188814580440521240234375" lon="22.83478771336376667022705078125">
        <ele>1064.800048828125</ele>
        <time>2020-08-09T11:01:26.000Z</time>
        <extensions>
          <ns3:TrackPointExtension>
            <ns3:hr>138</ns3:hr>
          </ns3:TrackPointExtension>
        </extensions>
      </trkpt>
      <trkpt lat="46.7126036994159221649169921875" lon="22.834735997021198272705078125">
        <ele>1066.199951171875</ele>
        <time>2020-08-09T11:01:34.000Z</time>
        <extensions>
          <ns3:TrackPointExtension>
            <ns3:hr>140</ns3:hr>
          </ns3:TrackPointExtension>
        </extensions>
      </trkpt>
      <trkpt lat="46.71260361559689044952392578125" lon="22.8347314707934856414794921875">
        <ele>1066.4000244140625</ele>
        <time>2020-08-09T11:01:35.000Z</time>
        <extensions>
          <ns3:TrackPointExtension>
            <ns3:hr>140</ns3:hr>
          </ns3:TrackPointExtension>
        </extensions>
      </trkpt>
      <trkpt lat="46.71259573660790920257568359375" lon="22.8347261063754558563232421875">
        <ele>1067.199951171875</ele>
        <time>2020-08-09T11:01:39.000Z</time>
        <extensions>
          <ns3:TrackPointExtension>
            <ns3:hr>140</ns3:hr>
          </ns3:TrackPointExtension>
        </extensions>
      </trkpt>
      <trkpt lat="46.7125852592289447784423828125" lon="22.83471613191068172454833984375">
        <ele>1068.199951171875</ele>
        <time>2020-08-09T11:01:45.000Z</time>
        <extensions>
          <ns3:TrackPointExtension>
            <ns3:hr>140</ns3:hr>
          </ns3:TrackPointExtension>
        </extensions>
      </trkpt>
      <trkpt lat="46.71258299611508846282958984375" lon="22.83471529372036457061767578125">
        <ele>1068.4000244140625</ele>
        <time>2020-08-09T11:01:46.000Z</time>
        <extensions>
          <ns3:TrackPointExtension>
            <ns3:hr>139</ns3:hr>
          </ns3:TrackPointExtension>
        </extensions>
      </trkpt>
      <trkpt lat="46.71256723813712596893310546875" lon="22.83471596427261829376220703125">
        <ele>1068.5999755859375</ele>
        <time>2020-08-09T11:01:52.000Z</time>
        <extensions>
          <ns3:TrackPointExtension>
            <ns3:hr>136</ns3:hr>
          </ns3:TrackPointExtension>
        </extensions>
      </trkpt>
      <trkpt lat="46.712545864284038543701171875" lon="22.83471948467195034027099609375">
        <ele>1068.4000244140625</ele>
        <time>2020-08-09T11:01:58.000Z</time>
        <extensions>
          <ns3:TrackPointExtension>
            <ns3:hr>133</ns3:hr>
          </ns3:TrackPointExtension>
        </extensions>
      </trkpt>
      <trkpt lat="46.71254443936049938201904296875" lon="22.83471898175776004791259765625">
        <ele>1068.199951171875</ele>
        <time>2020-08-09T11:02:05.000Z</time>
        <extensions>
          <ns3:TrackPointExtension>
            <ns3:hr>130</ns3:hr>
          </ns3:TrackPointExtension>
        </extensions>
      </trkpt>
      <trkpt lat="46.71254108659923076629638671875" lon="22.834716551005840301513671875">
        <ele>1068.199951171875</ele>
        <time>2020-08-09T11:02:09.000Z</time>
        <extensions>
          <ns3:TrackPointExtension>
            <ns3:hr>127</ns3:hr>
          </ns3:TrackPointExtension>
        </extensions>
      </trkpt>
      <trkpt lat="46.7125342972576618194580078125" lon="22.8347137011587619781494140625">
        <ele>1068.199951171875</ele>
        <time>2020-08-09T11:02:13.000Z</time>
        <extensions>
          <ns3:TrackPointExtension>
            <ns3:hr>124</ns3:hr>
          </ns3:TrackPointExtension>
        </extensions>
      </trkpt>
      <trkpt lat="46.71253605745732784271240234375" lon="22.83470154739916324615478515625">
        <ele>1068.4000244140625</ele>
        <time>2020-08-09T11:02:17.000Z</time>
        <extensions>
          <ns3:TrackPointExtension>
            <ns3:hr>122</ns3:hr>
          </ns3:TrackPointExtension>
        </extensions>
      </trkpt>
      <trkpt lat="46.7125220596790313720703125" lon="22.83469081856310367584228515625">
        <ele>1068.4000244140625</ele>
        <time>2020-08-09T11:02:26.000Z</time>
        <extensions>
          <ns3:TrackPointExtension>
            <ns3:hr>119</ns3:hr>
          </ns3:TrackPointExtension>
        </extensions>
      </trkpt>
      <trkpt lat="46.7125168628990650177001953125" lon="22.83468746580183506011962890625">
        <ele>1068.4000244140625</ele>
        <time>2020-08-09T11:02:31.000Z</time>
        <extensions>
          <ns3:TrackPointExtension>
            <ns3:hr>116</ns3:hr>
          </ns3:TrackPointExtension>
        </extensions>
      </trkpt>
      <trkpt lat="46.71251174993813037872314453125" lon="22.83468293957412242889404296875">
        <ele>1068.4000244140625</ele>
        <time>2020-08-09T11:02:35.000Z</time>
        <extensions>
          <ns3:TrackPointExtension>
            <ns3:hr>113</ns3:hr>
          </ns3:TrackPointExtension>
        </extensions>
      </trkpt>
      <trkpt lat="46.71248895116150379180908203125" lon="22.83462711609899997711181640625">
        <ele>1068.199951171875</ele>
        <time>2020-08-09T11:02:44.000Z</time>
        <extensions>
          <ns3:TrackPointExtension>
            <ns3:hr>114</ns3:hr>
          </ns3:TrackPointExtension>
        </extensions>
      </trkpt>
      <trkpt lat="46.7124826647341251373291015625" lon="22.83454262651503086090087890625">
        <ele>1068.4000244140625</ele>
        <time>2020-08-09T11:02:53.000Z</time>
        <extensions>
          <ns3:TrackPointExtension>
            <ns3:hr>111</ns3:hr>
          </ns3:TrackPointExtension>
        </extensions>
      </trkpt>
      <trkpt lat="46.71248056925833225250244140625" lon="22.834538519382476806640625">
        <ele>1068.4000244140625</ele>
        <time>2020-08-09T11:02:55.000Z</time>
        <extensions>
          <ns3:TrackPointExtension>
            <ns3:hr>110</ns3:hr>
          </ns3:TrackPointExtension>
        </extensions>
      </trkpt>
      <trkpt lat="46.71250638552010059356689453125" lon="22.8345738910138607025146484375">
        <ele>1068.5999755859375</ele>
        <time>2020-08-09T11:03:04.000Z</time>
        <extensions>
          <ns3:TrackPointExtension>
            <ns3:hr>110</ns3:hr>
          </ns3:TrackPointExtension>
        </extensions>
      </trkpt>
      <trkpt lat="46.712506972253322601318359375" lon="22.834575064480304718017578125">
        <ele>1068.5999755859375</ele>
        <time>2020-08-09T11:03:08.000Z</time>
        <extensions>
          <ns3:TrackPointExtension>
            <ns3:hr>113</ns3:hr>
          </ns3:TrackPointExtension>
        </extensions>
      </trkpt>
      <trkpt lat="46.71250940300524234771728515625" lon="22.83457330428063869476318359375">
        <ele>1068.5999755859375</ele>
        <time>2020-08-09T11:03:16.000Z</time>
        <extensions>
          <ns3:TrackPointExtension>
            <ns3:hr>112</ns3:hr>
          </ns3:TrackPointExtension>
        </extensions>
      </trkpt>
      <trkpt lat="46.71251200139522552490234375" lon="22.8345695324242115020751953125">
        <ele>1068.5999755859375</ele>
        <time>2020-08-09T11:03:23.000Z</time>
        <extensions>
          <ns3:TrackPointExtension>
            <ns3:hr>109</ns3:hr>
          </ns3:TrackPointExtension>
        </extensions>
      </trkpt>
      <trkpt lat="46.7125185392796993255615234375" lon="22.834583111107349395751953125">
        <ele>1068.800048828125</ele>
        <time>2020-08-09T11:03:26.000Z</time>
        <extensions>
          <ns3:TrackPointExtension>
            <ns3:hr>106</ns3:hr>
          </ns3:TrackPointExtension>
        </extensions>
      </trkpt>
      <trkpt lat="46.71252566389739513397216796875" lon="22.83459627069532871246337890625">
        <ele>1068.800048828125</ele>
        <time>2020-08-09T11:03:31.000Z</time>
        <extensions>
          <ns3:TrackPointExtension>
            <ns3:hr>105</ns3:hr>
          </ns3:TrackPointExtension>
        </extensions>
      </trkpt>
      <trkpt lat="46.712534129619598388671875" lon="22.83459006808698177337646484375">
        <ele>1069.199951171875</ele>
        <time>2020-08-09T11:03:44.000Z</time>
        <extensions>
          <ns3:TrackPointExtension>
            <ns3:hr>105</ns3:hr>
          </ns3:TrackPointExtension>
        </extensions>
      </trkpt>
      <trkpt lat="46.7125316150486469268798828125" lon="22.83458855934441089630126953125">
        <ele>1069.4000244140625</ele>
        <time>2020-08-09T11:03:47.000Z</time>
        <extensions>
          <ns3:TrackPointExtension>
            <ns3:hr>102</ns3:hr>
          </ns3:TrackPointExtension>
        </extensions>
      </trkpt>
      <trkpt lat="46.71253119595348834991455078125" lon="22.83458822406828403472900390625">
        <ele>1069.5999755859375</ele>
        <time>2020-08-09T11:03:53.000Z</time>
        <extensions>
          <ns3:TrackPointExtension>
            <ns3:hr>99</ns3:hr>
          </ns3:TrackPointExtension>
        </extensions>
      </trkpt>
      <trkpt lat="46.71252884902060031890869140625" lon="22.834580428898334503173828125">
        <ele>1069.5999755859375</ele>
        <time>2020-08-09T11:04:03.000Z</time>
        <extensions>
          <ns3:TrackPointExtension>
            <ns3:hr>103</ns3:hr>
          </ns3:TrackPointExtension>
        </extensions>
      </trkpt>
      <trkpt lat="46.71252851374447345733642578125" lon="22.83457347191870212554931640625">
        <ele>1069.5999755859375</ele>
        <time>2020-08-09T11:04:04.000Z</time>
        <extensions>
          <ns3:TrackPointExtension>
            <ns3:hr>104</ns3:hr>
          </ns3:TrackPointExtension>
        </extensions>
      </trkpt>
      <trkpt lat="46.71251091174781322479248046875" lon="22.834469787776470184326171875">
        <ele>1070</ele>
        <time>2020-08-09T11:04:14.000Z</time>
        <extensions>
          <ns3:TrackPointExtension>
            <ns3:hr>102</ns3:hr>
          </ns3:TrackPointExtension>
        </extensions>
      </trkpt>
      <trkpt lat="46.71249733306467533111572265625" lon="22.83435755409300327301025390625">
        <ele>1070.199951171875</ele>
        <time>2020-08-09T11:04:25.000Z</time>
        <extensions>
          <ns3:TrackPointExtension>
            <ns3:hr>105</ns3:hr>
          </ns3:TrackPointExtension>
        </extensions>
      </trkpt>
      <trkpt lat="46.71249565668404102325439453125" lon="22.83434883691370487213134765625">
        <ele>1070.199951171875</ele>
        <time>2020-08-09T11:04:26.000Z</time>
        <extensions>
          <ns3:TrackPointExtension>
            <ns3:hr>103</ns3:hr>
          </ns3:TrackPointExtension>
        </extensions>
      </trkpt>
      <trkpt lat="46.7124920524656772613525390625" lon="22.8343288041651248931884765625">
        <ele>1070.4000244140625</ele>
        <time>2020-08-09T11:04:28.000Z</time>
        <extensions>
          <ns3:TrackPointExtension>
            <ns3:hr>103</ns3:hr>
          </ns3:TrackPointExtension>
        </extensions>
      </trkpt>
      <trkpt lat="46.71248308382928371429443359375" lon="22.83430743031203746795654296875">
        <ele>1070.4000244140625</ele>
        <time>2020-08-09T11:04:30.000Z</time>
        <extensions>
          <ns3:TrackPointExtension>
            <ns3:hr>106</ns3:hr>
          </ns3:TrackPointExtension>
        </extensions>
      </trkpt>
      <trkpt lat="46.71247310936450958251953125" lon="22.83428706228733062744140625">
        <ele>1070.5999755859375</ele>
        <time>2020-08-09T11:04:32.000Z</time>
        <extensions>
          <ns3:TrackPointExtension>
            <ns3:hr>111</ns3:hr>
          </ns3:TrackPointExtension>
        </extensions>
      </trkpt>
      <trkpt lat="46.712464392185211181640625" lon="22.8342721424996852874755859375">
        <ele>1070.5999755859375</ele>
        <time>2020-08-09T11:04:35.000Z</time>
        <extensions>
          <ns3:TrackPointExtension>
            <ns3:hr>114</ns3:hr>
          </ns3:TrackPointExtension>
        </extensions>
      </trkpt>
      <trkpt lat="46.71246196143329143524169921875" lon="22.83424817025661468505859375">
        <ele>1070.5999755859375</ele>
        <time>2020-08-09T11:04:37.000Z</time>
        <extensions>
          <ns3:TrackPointExtension>
            <ns3:hr>116</ns3:hr>
          </ns3:TrackPointExtension>
        </extensions>
      </trkpt>
      <trkpt lat="46.71249733306467533111572265625" lon="22.8341348469257354736328125">
        <ele>1070.5999755859375</ele>
        <time>2020-08-09T11:04:47.000Z</time>
        <extensions>
          <ns3:TrackPointExtension>
            <ns3:hr>119</ns3:hr>
          </ns3:TrackPointExtension>
        </extensions>
      </trkpt>
      <trkpt lat="46.7124900408089160919189453125" lon="22.83408028073608875274658203125">
        <ele>1071.4000244140625</ele>
        <time>2020-08-09T11:04:55.000Z</time>
        <extensions>
          <ns3:TrackPointExtension>
            <ns3:hr>120</ns3:hr>
          </ns3:TrackPointExtension>
        </extensions>
      </trkpt>
      <trkpt lat="46.71248308382928371429443359375" lon="22.834071479737758636474609375">
        <ele>1071.800048828125</ele>
        <time>2020-08-09T11:04:57.000Z</time>
        <extensions>
          <ns3:TrackPointExtension>
            <ns3:hr>120</ns3:hr>
          </ns3:TrackPointExtension>
        </extensions>
      </trkpt>
      <trkpt lat="46.71247084625065326690673828125" lon="22.83403568901121616363525390625">
        <ele>1072.4000244140625</ele>
        <time>2020-08-09T11:05:01.000Z</time>
        <extensions>
          <ns3:TrackPointExtension>
            <ns3:hr>120</ns3:hr>
          </ns3:TrackPointExtension>
        </extensions>
      </trkpt>
      <trkpt lat="46.71246481128036975860595703125" lon="22.83402177505195140838623046875">
        <ele>1072.5999755859375</ele>
        <time>2020-08-09T11:05:03.000Z</time>
        <extensions>
          <ns3:TrackPointExtension>
            <ns3:hr>120</ns3:hr>
          </ns3:TrackPointExtension>
        </extensions>
      </trkpt>
    </trkseg>
  </trk>
</gpx>
