<?xml version="1.0" encoding="UTF-8"?>
<gpx creator="StravaGPX" version="1.1" xmlns="http://www.topografix.com/GPX/1/1" xmlns:xsi="http://www.w3.org/2001/XMLSchema-instance" xsi:schemaLocation="http://www.topografix.com/GPX/1/1 http://www.topografix.com/GPX/1/1/gpx.xsd">
 <trk>
  <name>Morning Hike</name>
  <type>hiking</type>
  <trkseg>
   <trkpt lat="45.6101560" lon="24.6875800">
    <ele>2089.2</ele>
   </trkpt>
   <trkpt lat="45.6101480" lon="24.6875930">
    <ele>2089.2</ele>
   </trkpt>
   <trkpt lat="45.6101460" lon="24.6875860">
    <ele>2089.2</ele>
   </trkpt>
   <trkpt lat="45.6101410" lon="24.6875730">
    <ele>2089.0</ele>
   </trkpt>
   <trkpt lat="45.6101360" lon="24.6875790">
    <ele>2088.6</ele>
   </trkpt>
   <trkpt lat="45.6101230" lon="24.6875890">
    <ele>2088.6</ele>
   </trkpt>
   <trkpt lat="45.6100940" lon="24.6875740">
    <ele>2089.0</ele>
   </trkpt>
   <trkpt lat="45.6101110" lon="24.6875150">
    <ele>2090.0</ele>
   </trkpt>
   <trkpt lat="45.6101310" lon="24.6874950">
    <ele>2090.4</ele>
   </trkpt>
   <trkpt lat="45.6101710" lon="24.6874590">
    <ele>2091.2</ele>
   </trkpt>
   <trkpt lat="45.6101740" lon="24.6874370">
    <ele>2091.6</ele>
   </trkpt>
   <trkpt lat="45.6101740" lon="24.6874310">
    <ele>2091.6</ele>
   </trkpt>
   <trkpt lat="45.6101730" lon="24.6874190">
    <ele>2091.8</ele>
   </trkpt>
   <trkpt lat="45.6102050" lon="24.6873490">
    <ele>2092.8</ele>
   </trkpt>
   <trkpt lat="45.6102110" lon="24.6873390">
    <ele>2093.0</ele>
   </trkpt>
   <trkpt lat="45.6102160" lon="24.6873130">
    <ele>2093.0</ele>
   </trkpt>
   <trkpt lat="45.6102210" lon="24.6872970">
    <ele>2093.2</ele>
   </trkpt>
   <trkpt lat="45.6102200" lon="24.6872910">
    <ele>2093.6</ele>
   </trkpt>
   <trkpt lat="45.6102180" lon="24.6872860">
    <ele>2093.6</ele>
   </trkpt>
   <trkpt lat="45.6102270" lon="24.6872600">
    <ele>2093.8</ele>
   </trkpt>
   <trkpt lat="45.6102460" lon="24.6872130">
    <ele>2094.2</ele>
   </trkpt>
   <trkpt lat="45.6102540" lon="24.6872120">
    <ele>2094.4</ele>
   </trkpt>
   <trkpt lat="45.6102780" lon="24.6872290">
    <ele>2094.6</ele>
   </trkpt>
   <trkpt lat="45.6102830" lon="24.6872290">
    <ele>2094.8</ele>
   </trkpt>
   <trkpt lat="45.6102660" lon="24.6872720">
    <ele>2094.6</ele>
   </trkpt>
   <trkpt lat="45.6102220" lon="24.6873810">
    <ele>2094.6</ele>
   </trkpt>
   <trkpt lat="45.6102120" lon="24.6874010">
    <ele>2094.8</ele>
   </trkpt>
   <trkpt lat="45.6101430" lon="24.6875160">
    <ele>2094.8</ele>
   </trkpt>
   <trkpt lat="45.6101600" lon="24.6874760">
    <ele>2094.8</ele>
   </trkpt>
   <trkpt lat="45.6101880" lon="24.6874300">
    <ele>2094.8</ele>
   </trkpt>
   <trkpt lat="45.6102260" lon="24.6873540">
    <ele>2094.8</ele>
   </trkpt>
   <trkpt lat="45.6102290" lon="24.6873440">
    <ele>2095.0</ele>
   </trkpt>
   <trkpt lat="45.6102450" lon="24.6873170">
    <ele>2094.8</ele>
   </trkpt>
   <trkpt lat="45.6102420" lon="24.6873170">
    <ele>2094.8</ele>
   </trkpt>
   <trkpt lat="45.6102420" lon="24.6873170">
    <ele>2094.8</ele>
   </trkpt>
   <trkpt lat="45.6102420" lon="24.6873170">
    <ele>2094.8</ele>
   </trkpt>
   <trkpt lat="45.6102420" lon="24.6873170">
    <ele>2094.8</ele>
   </trkpt>
   <trkpt lat="45.6102400" lon="24.6873170">
    <ele>2094.8</ele>
   </trkpt>
   <trkpt lat="45.6102390" lon="24.6873170">
    <ele>2094.8</ele>
   </trkpt>
   <trkpt lat="45.6102370" lon="24.6873130">
    <ele>2094.6</ele>
   </trkpt>
   <trkpt lat="45.6102350" lon="24.6873120">
    <ele>2094.6</ele>
   </trkpt>
   <trkpt lat="45.6102350" lon="24.6873110">
    <ele>2094.6</ele>
   </trkpt>
   <trkpt lat="45.6102550" lon="24.6872840">
    <ele>2094.6</ele>
   </trkpt>
   <trkpt lat="45.6102650" lon="24.6872690">
    <ele>2094.6</ele>
   </trkpt>
   <trkpt lat="45.6102650" lon="24.6872690">
    <ele>2094.6</ele>
   </trkpt>
   <trkpt lat="45.6102650" lon="24.6872690">
    <ele>2094.6</ele>
   </trkpt>
   <trkpt lat="45.6102650" lon="24.6872690">
    <ele>2094.6</ele>
   </trkpt>
   <trkpt lat="45.6102850" lon="24.6872710">
    <ele>2094.6</ele>
   </trkpt>
   <trkpt lat="45.6102850" lon="24.6872710">
    <ele>2094.6</ele>
   </trkpt>
   <trkpt lat="45.6102850" lon="24.6872710">
    <ele>2094.6</ele>
   </trkpt>
   <trkpt lat="45.6102900" lon="24.6872710">
    <ele>2094.6</ele>
   </trkpt>
   <trkpt lat="45.6103000" lon="24.6872560">
    <ele>2094.6</ele>
   </trkpt>
   <trkpt lat="45.6102960" lon="24.6872640">
    <ele>2094.6</ele>
   </trkpt>
   <trkpt lat="45.6102940" lon="24.6872640">
    <ele>2094.6</ele>
   </trkpt>
   <trkpt lat="45.6102900" lon="24.6872690">
    <ele>2094.6</ele>
   </trkpt>
   <trkpt lat="45.6102890" lon="24.6872710">
    <ele>2094.6</ele>
   </trkpt>
   <trkpt lat="45.6102830" lon="24.6872780">
    <ele>2094.6</ele>
   </trkpt>
   <trkpt lat="45.6102830" lon="24.6872780">
    <ele>2094.6</ele>
   </trkpt>
   <trkpt lat="45.6102740" lon="24.6872810">
    <ele>2094.6</ele>
   </trkpt>
   <trkpt lat="45.6102470" lon="24.6873420">
    <ele>2094.6</ele>
   </trkpt>
   <trkpt lat="45.6102110" lon="24.6874050">
    <ele>2094.8</ele>
   </trkpt>
   <trkpt lat="45.6101920" lon="24.6874420">
    <ele>2094.8</ele>
   </trkpt>
   <trkpt lat="45.6101870" lon="24.6874520">
    <ele>2094.8</ele>
   </trkpt>
   <trkpt lat="45.6101750" lon="24.6874610">
    <ele>2094.8</ele>
   </trkpt>
   <trkpt lat="45.6101670" lon="24.6875030">
    <ele>2094.4</ele>
   </trkpt>
   <trkpt lat="45.6101560" lon="24.6875270">
    <ele>2091.2</ele>
   </trkpt>
   <trkpt lat="45.6101480" lon="24.6875380">
    <ele>2091.2</ele>
   </trkpt>
   <trkpt lat="45.6101190" lon="24.6875760">
    <ele>2090.8</ele>
   </trkpt>
   <trkpt lat="45.6100940" lon="24.6876200">
    <ele>2089.8</ele>
   </trkpt>
   <trkpt lat="45.6101000" lon="24.6876270">
    <ele>2089.8</ele>
   </trkpt>
   <trkpt lat="45.6101170" lon="24.6876410">
    <ele>2089.6</ele>
   </trkpt>
   <trkpt lat="45.6101290" lon="24.6876330">
    <ele>2089.2</ele>
   </trkpt>
   <trkpt lat="45.6101330" lon="24.6876290">
    <ele>2088.8</ele>
   </trkpt>
   <trkpt lat="45.6101260" lon="24.6876240">
    <ele>2090.0</ele>
   </trkpt>
   <trkpt lat="45.6101440" lon="24.6875680">
    <ele>2089.2</ele>
   </trkpt>
   <trkpt lat="45.6101710" lon="24.6874720">
    <ele>2091.8</ele>
   </trkpt>
   <trkpt lat="45.6101840" lon="24.6874330">
    <ele>2091.8</ele>
   </trkpt>
   <trkpt lat="45.6101940" lon="24.6874060">
    <ele>2094.8</ele>
   </trkpt>
   <trkpt lat="45.6102050" lon="24.6873860">
    <ele>2094.8</ele>
   </trkpt>
   <trkpt lat="45.6102290" lon="24.6873130">
    <ele>2095.6</ele>
   </trkpt>
   <trkpt lat="45.6102300" lon="24.6873050">
    <ele>2095.8</ele>
   </trkpt>
   <trkpt lat="45.6102330" lon="24.6872900">
    <ele>2095.8</ele>
   </trkpt>
   <trkpt lat="45.6102500" lon="24.6872590">
    <ele>2094.8</ele>
   </trkpt>
   <trkpt lat="45.6102730" lon="24.6872570">
    <ele>2095.0</ele>
   </trkpt>
   <trkpt lat="45.6102760" lon="24.6872590">
    <ele>2095.4</ele>
   </trkpt>
   <trkpt lat="45.6102750" lon="24.6872570">
    <ele>2095.4</ele>
   </trkpt>
   <trkpt lat="45.6102840" lon="24.6872570">
    <ele>2095.8</ele>
   </trkpt>
   <trkpt lat="45.6102680" lon="24.6872420">
    <ele>2095.2</ele>
   </trkpt>
   <trkpt lat="45.6102610" lon="24.6871930">
    <ele>2095.4</ele>
   </trkpt>
   <trkpt lat="45.6102710" lon="24.6871980">
    <ele>2095.8</ele>
   </trkpt>
   <trkpt lat="45.6102710" lon="24.6871980">
    <ele>2096.0</ele>
   </trkpt>
   <trkpt lat="45.6102700" lon="24.6871940">
    <ele>2095.8</ele>
   </trkpt>
   <trkpt lat="45.6102700" lon="24.6871940">
    <ele>2095.8</ele>
   </trkpt>
   <trkpt lat="45.6102660" lon="24.6871940">
    <ele>2096.6</ele>
   </trkpt>
   <trkpt lat="45.6102660" lon="24.6871910">
    <ele>2097.0</ele>
   </trkpt>
   <trkpt lat="45.6102430" lon="24.6871900">
    <ele>2097.4</ele>
   </trkpt>
   <trkpt lat="45.6102220" lon="24.6871860">
    <ele>2098.0</ele>
   </trkpt>
   <trkpt lat="45.6101820" lon="24.6871270">
    <ele>2098.2</ele>
   </trkpt>
   <trkpt lat="45.6101810" lon="24.6871260">
    <ele>2098.4</ele>
   </trkpt>
   <trkpt lat="45.6101800" lon="24.6871250">
    <ele>2098.4</ele>
   </trkpt>
   <trkpt lat="45.6101790" lon="24.6871200">
    <ele>2098.6</ele>
   </trkpt>
   <trkpt lat="45.6101790" lon="24.6871130">
    <ele>2099.2</ele>
   </trkpt>
   <trkpt lat="45.6101620" lon="24.6871220">
    <ele>2099.6</ele>
   </trkpt>
   <trkpt lat="45.6101390" lon="24.6871190">
    <ele>2100.2</ele>
   </trkpt>
   <trkpt lat="45.6101240" lon="24.6871160">
    <ele>2100.4</ele>
   </trkpt>
   <trkpt lat="45.6100860" lon="24.6871420">
    <ele>2101.4</ele>
   </trkpt>
   <trkpt lat="45.6100400" lon="24.6871820">
    <ele>2102.4</ele>
   </trkpt>
   <trkpt lat="45.6100320" lon="24.6871880">
    <ele>2103.0</ele>
   </trkpt>
   <trkpt lat="45.6100200" lon="24.6872040">
    <ele>2103.0</ele>
   </trkpt>
   <trkpt lat="45.6099940" lon="24.6872140">
    <ele>2103.6</ele>
   </trkpt>
   <trkpt lat="45.6099870" lon="24.6872150">
    <ele>2104.0</ele>
   </trkpt>
   <trkpt lat="45.6099790" lon="24.6872130">
    <ele>2104.2</ele>
   </trkpt>
   <trkpt lat="45.6099670" lon="24.6872020">
    <ele>2104.6</ele>
   </trkpt>
   <trkpt lat="45.6099500" lon="24.6871940">
    <ele>2105.2</ele>
   </trkpt>
   <trkpt lat="45.6099450" lon="24.6871910">
    <ele>2105.2</ele>
   </trkpt>
   <trkpt lat="45.6099410" lon="24.6871870">
    <ele>2105.4</ele>
   </trkpt>
   <trkpt lat="45.6099350" lon="24.6871750">
    <ele>2106.0</ele>
   </trkpt>
   <trkpt lat="45.6099240" lon="24.6871630">
    <ele>2106.0</ele>
   </trkpt>
   <trkpt lat="45.6099200" lon="24.6871580">
    <ele>2106.2</ele>
   </trkpt>
   <trkpt lat="45.6099040" lon="24.6871330">
    <ele>2106.4</ele>
   </trkpt>
   <trkpt lat="45.6098980" lon="24.6871140">
    <ele>2106.8</ele>
   </trkpt>
   <trkpt lat="45.6098940" lon="24.6871020">
    <ele>2107.0</ele>
   </trkpt>
   <trkpt lat="45.6098900" lon="24.6870930">
    <ele>2107.2</ele>
   </trkpt>
   <trkpt lat="45.6098880" lon="24.6870860">
    <ele>2107.4</ele>
   </trkpt>
   <trkpt lat="45.6098860" lon="24.6870760">
    <ele>2107.4</ele>
   </trkpt>
   <trkpt lat="45.6098800" lon="24.6870580">
    <ele>2107.8</ele>
   </trkpt>
   <trkpt lat="45.6098800" lon="24.6870390">
    <ele>2108.0</ele>
   </trkpt>
   <trkpt lat="45.6098740" lon="24.6870280">
    <ele>2108.0</ele>
   </trkpt>
   <trkpt lat="45.6098710" lon="24.6870220">
    <ele>2108.2</ele>
   </trkpt>
   <trkpt lat="45.6098660" lon="24.6870160">
    <ele>2108.4</ele>
   </trkpt>
   <trkpt lat="45.6098620" lon="24.6870140">
    <ele>2108.4</ele>
   </trkpt>
   <trkpt lat="45.6098550" lon="24.6870020">
    <ele>2108.6</ele>
   </trkpt>
   <trkpt lat="45.6098470" lon="24.6869800">
    <ele>2109.2</ele>
   </trkpt>
   <trkpt lat="45.6098440" lon="24.6869740">
    <ele>2109.2</ele>
   </trkpt>
   <trkpt lat="45.6098430" lon="24.6869680">
    <ele>2109.2</ele>
   </trkpt>
   <trkpt lat="45.6098360" lon="24.6869640">
    <ele>2109.4</ele>
   </trkpt>
   <trkpt lat="45.6098250" lon="24.6869620">
    <ele>2108.6</ele>
   </trkpt>
   <trkpt lat="45.6098140" lon="24.6869660">
    <ele>2108.8</ele>
   </trkpt>
   <trkpt lat="45.6098070" lon="24.6869650">
    <ele>2109.0</ele>
   </trkpt>
   <trkpt lat="45.6098010" lon="24.6869670">
    <ele>2110.0</ele>
   </trkpt>
   <trkpt lat="45.6097860" lon="24.6869560">
    <ele>2110.4</ele>
   </trkpt>
   <trkpt lat="45.6097650" lon="24.6869150">
    <ele>2111.0</ele>
   </trkpt>
   <trkpt lat="45.6097640" lon="24.6869080">
    <ele>2111.0</ele>
   </trkpt>
   <trkpt lat="45.6097610" lon="24.6868980">
    <ele>2111.2</ele>
   </trkpt>
   <trkpt lat="45.6097580" lon="24.6868900">
    <ele>2111.2</ele>
   </trkpt>
   <trkpt lat="45.6097540" lon="24.6868830">
    <ele>2111.6</ele>
   </trkpt>
   <trkpt lat="45.6097310" lon="24.6868910">
    <ele>2112.0</ele>
   </trkpt>
   <trkpt lat="45.6097280" lon="24.6868940">
    <ele>2112.2</ele>
   </trkpt>
   <trkpt lat="45.6096910" lon="24.6868790">
    <ele>2111.2</ele>
   </trkpt>
   <trkpt lat="45.6096680" lon="24.6868250">
    <ele>2111.2</ele>
   </trkpt>
   <trkpt lat="45.6096520" lon="24.6868400">
    <ele>2112.2</ele>
   </trkpt>
   <trkpt lat="45.6096120" lon="24.6867980">
    <ele>2112.2</ele>
   </trkpt>
   <trkpt lat="45.6096000" lon="24.6867830">
    <ele>2113.0</ele>
   </trkpt>
   <trkpt lat="45.6095570" lon="24.6867490">
    <ele>2113.8</ele>
   </trkpt>
   <trkpt lat="45.6095540" lon="24.6867220">
    <ele>2114.2</ele>
   </trkpt>
   <trkpt lat="45.6095580" lon="24.6867020">
    <ele>2114.4</ele>
   </trkpt>
   <trkpt lat="45.6095660" lon="24.6867100">
    <ele>2114.0</ele>
   </trkpt>
   <trkpt lat="45.6095660" lon="24.6867110">
    <ele>2114.2</ele>
   </trkpt>
   <trkpt lat="45.6095660" lon="24.6867110">
    <ele>2114.2</ele>
   </trkpt>
   <trkpt lat="45.6095650" lon="24.6867110">
    <ele>2114.2</ele>
   </trkpt>
   <trkpt lat="45.6095640" lon="24.6867110">
    <ele>2114.2</ele>
   </trkpt>
   <trkpt lat="45.6095600" lon="24.6867110">
    <ele>2114.6</ele>
   </trkpt>
   <trkpt lat="45.6095460" lon="24.6867050">
    <ele>2114.4</ele>
   </trkpt>
   <trkpt lat="45.6095430" lon="24.6866880">
    <ele>2114.4</ele>
   </trkpt>
   <trkpt lat="45.6095410" lon="24.6866730">
    <ele>2114.6</ele>
   </trkpt>
   <trkpt lat="45.6095410" lon="24.6866680">
    <ele>2114.6</ele>
   </trkpt>
   <trkpt lat="45.6095420" lon="24.6866560">
    <ele>2114.6</ele>
   </trkpt>
   <trkpt lat="45.6095420" lon="24.6866520">
    <ele>2114.6</ele>
   </trkpt>
   <trkpt lat="45.6095430" lon="24.6866510">
    <ele>2114.6</ele>
   </trkpt>
   <trkpt lat="45.6095450" lon="24.6866470">
    <ele>2114.8</ele>
   </trkpt>
   <trkpt lat="45.6095490" lon="24.6866450">
    <ele>2114.8</ele>
   </trkpt>
   <trkpt lat="45.6095550" lon="24.6866240">
    <ele>2115.2</ele>
   </trkpt>
   <trkpt lat="45.6095520" lon="24.6865800">
    <ele>2116.0</ele>
   </trkpt>
   <trkpt lat="45.6095470" lon="24.6865550">
    <ele>2116.2</ele>
   </trkpt>
   <trkpt lat="45.6095410" lon="24.6864860">
    <ele>2117.2</ele>
   </trkpt>
   <trkpt lat="45.6095120" lon="24.6864290">
    <ele>2118.0</ele>
   </trkpt>
   <trkpt lat="45.6095020" lon="24.6864060">
    <ele>2118.6</ele>
   </trkpt>
   <trkpt lat="45.6094950" lon="24.6863830">
    <ele>2118.6</ele>
   </trkpt>
   <trkpt lat="45.6094920" lon="24.6863740">
    <ele>2118.6</ele>
   </trkpt>
   <trkpt lat="45.6094880" lon="24.6863500">
    <ele>2119.0</ele>
   </trkpt>
   <trkpt lat="45.6094860" lon="24.6863390">
    <ele>2119.2</ele>
   </trkpt>
   <trkpt lat="45.6094840" lon="24.6863270">
    <ele>2119.2</ele>
   </trkpt>
   <trkpt lat="45.6094800" lon="24.6863140">
    <ele>2119.6</ele>
   </trkpt>
   <trkpt lat="45.6094740" lon="24.6863030">
    <ele>2118.6</ele>
   </trkpt>
   <trkpt lat="45.6094630" lon="24.6862920">
    <ele>2118.0</ele>
   </trkpt>
   <trkpt lat="45.6094500" lon="24.6862890">
    <ele>2118.0</ele>
   </trkpt>
   <trkpt lat="45.6094390" lon="24.6862920">
    <ele>2118.2</ele>
   </trkpt>
   <trkpt lat="45.6094240" lon="24.6863020">
    <ele>2118.4</ele>
   </trkpt>
   <trkpt lat="45.6093850" lon="24.6863710">
    <ele>2119.2</ele>
   </trkpt>
   <trkpt lat="45.6093810" lon="24.6863790">
    <ele>2119.4</ele>
   </trkpt>
   <trkpt lat="45.6093760" lon="24.6863850">
    <ele>2119.6</ele>
   </trkpt>
   <trkpt lat="45.6093680" lon="24.6863990">
    <ele>2120.4</ele>
   </trkpt>
   <trkpt lat="45.6093520" lon="24.6864210">
    <ele>2120.6</ele>
   </trkpt>
   <trkpt lat="45.6093300" lon="24.6864240">
    <ele>2121.2</ele>
   </trkpt>
   <trkpt lat="45.6093200" lon="24.6864100">
    <ele>2121.8</ele>
   </trkpt>
   <trkpt lat="45.6093160" lon="24.6864030">
    <ele>2121.8</ele>
   </trkpt>
   <trkpt lat="45.6093000" lon="24.6864140">
    <ele>2122.4</ele>
   </trkpt>
   <trkpt lat="45.6092970" lon="24.6864280">
    <ele>2122.4</ele>
   </trkpt>
   <trkpt lat="45.6092920" lon="24.6864350">
    <ele>2122.8</ele>
   </trkpt>
   <trkpt lat="45.6092850" lon="24.6864390">
    <ele>2123.0</ele>
   </trkpt>
   <trkpt lat="45.6092760" lon="24.6864260">
    <ele>2123.4</ele>
   </trkpt>
   <trkpt lat="45.6092690" lon="24.6863920">
    <ele>2123.8</ele>
   </trkpt>
   <trkpt lat="45.6092660" lon="24.6863810">
    <ele>2124.2</ele>
   </trkpt>
   <trkpt lat="45.6092660" lon="24.6863690">
    <ele>2124.8</ele>
   </trkpt>
   <trkpt lat="45.6092660" lon="24.6863670">
    <ele>2125.4</ele>
   </trkpt>
   <trkpt lat="45.6092580" lon="24.6863680">
    <ele>2125.6</ele>
   </trkpt>
   <trkpt lat="45.6092530" lon="24.6863650">
    <ele>2126.0</ele>
   </trkpt>
   <trkpt lat="45.6092350" lon="24.6863330">
    <ele>2126.8</ele>
   </trkpt>
   <trkpt lat="45.6092100" lon="24.6863290">
    <ele>2127.0</ele>
   </trkpt>
   <trkpt lat="45.6092010" lon="24.6863370">
    <ele>2128.0</ele>
   </trkpt>
   <trkpt lat="45.6091890" lon="24.6863530">
    <ele>2128.6</ele>
   </trkpt>
   <trkpt lat="45.6091820" lon="24.6863590">
    <ele>2129.2</ele>
   </trkpt>
   <trkpt lat="45.6091740" lon="24.6863710">
    <ele>2129.2</ele>
   </trkpt>
   <trkpt lat="45.6091660" lon="24.6863780">
    <ele>2129.4</ele>
   </trkpt>
   <trkpt lat="45.6091300" lon="24.6863850">
    <ele>2129.8</ele>
   </trkpt>
   <trkpt lat="45.6091090" lon="24.6863840">
    <ele>2130.2</ele>
   </trkpt>
   <trkpt lat="45.6091030" lon="24.6863840">
    <ele>2130.4</ele>
   </trkpt>
   <trkpt lat="45.6090790" lon="24.6863760">
    <ele>2131.0</ele>
   </trkpt>
   <trkpt lat="45.6090670" lon="24.6863770">
    <ele>2131.4</ele>
   </trkpt>
   <trkpt lat="45.6090650" lon="24.6863790">
    <ele>2131.6</ele>
   </trkpt>
   <trkpt lat="45.6090470" lon="24.6863990">
    <ele>2132.4</ele>
   </trkpt>
   <trkpt lat="45.6090360" lon="24.6864220">
    <ele>2132.8</ele>
   </trkpt>
   <trkpt lat="45.6090210" lon="24.6864310">
    <ele>2133.4</ele>
   </trkpt>
   <trkpt lat="45.6089950" lon="24.6864360">
    <ele>2134.6</ele>
   </trkpt>
   <trkpt lat="45.6089640" lon="24.6864180">
    <ele>2135.2</ele>
   </trkpt>
   <trkpt lat="45.6089460" lon="24.6864030">
    <ele>2135.6</ele>
   </trkpt>
   <trkpt lat="45.6089170" lon="24.6863980">
    <ele>2136.6</ele>
   </trkpt>
   <trkpt lat="45.6089110" lon="24.6864030">
    <ele>2136.8</ele>
   </trkpt>
   <trkpt lat="45.6088820" lon="24.6864050">
    <ele>2137.8</ele>
   </trkpt>
   <trkpt lat="45.6088730" lon="24.6863920">
    <ele>2138.0</ele>
   </trkpt>
   <trkpt lat="45.6088580" lon="24.6863730">
    <ele>2139.2</ele>
   </trkpt>
   <trkpt lat="45.6088510" lon="24.6863690">
    <ele>2139.4</ele>
   </trkpt>
   <trkpt lat="45.6088470" lon="24.6863640">
    <ele>2139.6</ele>
   </trkpt>
   <trkpt lat="45.6088140" lon="24.6863690">
    <ele>2140.4</ele>
   </trkpt>
   <trkpt lat="45.6087990" lon="24.6863740">
    <ele>2140.6</ele>
   </trkpt>
   <trkpt lat="45.6087910" lon="24.6863380">
    <ele>2141.6</ele>
   </trkpt>
   <trkpt lat="45.6087870" lon="24.6863320">
    <ele>2141.6</ele>
   </trkpt>
   <trkpt lat="45.6087460" lon="24.6863330">
    <ele>2142.6</ele>
   </trkpt>
   <trkpt lat="45.6087420" lon="24.6863300">
    <ele>2142.6</ele>
   </trkpt>
   <trkpt lat="45.6087240" lon="24.6863000">
    <ele>2143.2</ele>
   </trkpt>
   <trkpt lat="45.6087270" lon="24.6862850">
    <ele>2143.6</ele>
   </trkpt>
   <trkpt lat="45.6087240" lon="24.6862810">
    <ele>2143.8</ele>
   </trkpt>
   <trkpt lat="45.6087100" lon="24.6862470">
    <ele>2144.4</ele>
   </trkpt>
   <trkpt lat="45.6087010" lon="24.6862230">
    <ele>2145.0</ele>
   </trkpt>
   <trkpt lat="45.6086950" lon="24.6861880">
    <ele>2145.4</ele>
   </trkpt>
   <trkpt lat="45.6086880" lon="24.6861770">
    <ele>2146.0</ele>
   </trkpt>
   <trkpt lat="45.6086350" lon="24.6861440">
    <ele>2146.8</ele>
   </trkpt>
   <trkpt lat="45.6086170" lon="24.6861430">
    <ele>2147.2</ele>
   </trkpt>
   <trkpt lat="45.6085650" lon="24.6861180">
    <ele>2148.2</ele>
   </trkpt>
   <trkpt lat="45.6085590" lon="24.6861080">
    <ele>2148.4</ele>
   </trkpt>
   <trkpt lat="45.6085250" lon="24.6860830">
    <ele>2149.4</ele>
   </trkpt>
   <trkpt lat="45.6085190" lon="24.6860830">
    <ele>2149.8</ele>
   </trkpt>
   <trkpt lat="45.6084890" lon="24.6860610">
    <ele>2150.4</ele>
   </trkpt>
   <trkpt lat="45.6084790" lon="24.6860440">
    <ele>2150.6</ele>
   </trkpt>
   <trkpt lat="45.6084730" lon="24.6860400">
    <ele>2150.6</ele>
   </trkpt>
   <trkpt lat="45.6084600" lon="24.6860370">
    <ele>2151.0</ele>
   </trkpt>
   <trkpt lat="45.6084320" lon="24.6860020">
    <ele>2152.0</ele>
   </trkpt>
   <trkpt lat="45.6084310" lon="24.6859850">
    <ele>2152.4</ele>
   </trkpt>
   <trkpt lat="45.6083880" lon="24.6859650">
    <ele>2153.0</ele>
   </trkpt>
   <trkpt lat="45.6083650" lon="24.6859720">
    <ele>2153.2</ele>
   </trkpt>
   <trkpt lat="45.6082990" lon="24.6860010">
    <ele>2154.0</ele>
   </trkpt>
   <trkpt lat="45.6082840" lon="24.6860070">
    <ele>2154.6</ele>
   </trkpt>
   <trkpt lat="45.6082580" lon="24.6860350">
    <ele>2155.2</ele>
   </trkpt>
   <trkpt lat="45.6082360" lon="24.6860380">
    <ele>2155.6</ele>
   </trkpt>
   <trkpt lat="45.6082300" lon="24.6860420">
    <ele>2156.0</ele>
   </trkpt>
   <trkpt lat="45.6082190" lon="24.6860490">
    <ele>2156.4</ele>
   </trkpt>
   <trkpt lat="45.6081740" lon="24.6860520">
    <ele>2157.2</ele>
   </trkpt>
   <trkpt lat="45.6081700" lon="24.6860600">
    <ele>2157.4</ele>
   </trkpt>
   <trkpt lat="45.6081520" lon="24.6860830">
    <ele>2157.8</ele>
   </trkpt>
   <trkpt lat="45.6081210" lon="24.6860930">
    <ele>2158.4</ele>
   </trkpt>
   <trkpt lat="45.6081170" lon="24.6860940">
    <ele>2158.4</ele>
   </trkpt>
   <trkpt lat="45.6080540" lon="24.6861660">
    <ele>2159.6</ele>
   </trkpt>
   <trkpt lat="45.6080540" lon="24.6861720">
    <ele>2159.6</ele>
   </trkpt>
   <trkpt lat="45.6080420" lon="24.6861830">
    <ele>2159.4</ele>
   </trkpt>
   <trkpt lat="45.6079850" lon="24.6861950">
    <ele>2159.8</ele>
   </trkpt>
   <trkpt lat="45.6079640" lon="24.6862020">
    <ele>2160.2</ele>
   </trkpt>
   <trkpt lat="45.6079400" lon="24.6862110">
    <ele>2160.8</ele>
   </trkpt>
   <trkpt lat="45.6079290" lon="24.6862240">
    <ele>2161.0</ele>
   </trkpt>
   <trkpt lat="45.6079200" lon="24.6862350">
    <ele>2161.2</ele>
   </trkpt>
   <trkpt lat="45.6078900" lon="24.6862590">
    <ele>2161.8</ele>
   </trkpt>
   <trkpt lat="45.6078830" lon="24.6862660">
    <ele>2162.2</ele>
   </trkpt>
   <trkpt lat="45.6078790" lon="24.6862820">
    <ele>2163.0</ele>
   </trkpt>
   <trkpt lat="45.6078560" lon="24.6862870">
    <ele>2163.0</ele>
   </trkpt>
   <trkpt lat="45.6078600" lon="24.6862930">
    <ele>2163.0</ele>
   </trkpt>
   <trkpt lat="45.6078600" lon="24.6862930">
    <ele>2163.0</ele>
   </trkpt>
   <trkpt lat="45.6078600" lon="24.6862930">
    <ele>2163.0</ele>
   </trkpt>
   <trkpt lat="45.6078570" lon="24.6862930">
    <ele>2163.0</ele>
   </trkpt>
   <trkpt lat="45.6078560" lon="24.6862930">
    <ele>2163.0</ele>
   </trkpt>
   <trkpt lat="45.6078550" lon="24.6862930">
    <ele>2163.0</ele>
   </trkpt>
   <trkpt lat="45.6078540" lon="24.6862910">
    <ele>2163.0</ele>
   </trkpt>
   <trkpt lat="45.6078530" lon="24.6862910">
    <ele>2163.0</ele>
   </trkpt>
   <trkpt lat="45.6078530" lon="24.6862910">
    <ele>2163.0</ele>
   </trkpt>
   <trkpt lat="45.6078500" lon="24.6862910">
    <ele>2163.0</ele>
   </trkpt>
   <trkpt lat="45.6078340" lon="24.6862840">
    <ele>2163.0</ele>
   </trkpt>
   <trkpt lat="45.6078340" lon="24.6862830">
    <ele>2162.8</ele>
   </trkpt>
   <trkpt lat="45.6078270" lon="24.6862790">
    <ele>2163.0</ele>
   </trkpt>
   <trkpt lat="45.6077730" lon="24.6862660">
    <ele>2163.2</ele>
   </trkpt>
   <trkpt lat="45.6076900" lon="24.6862430">
    <ele>2163.4</ele>
   </trkpt>
   <trkpt lat="45.6076450" lon="24.6862500">
    <ele>2163.6</ele>
   </trkpt>
   <trkpt lat="45.6076390" lon="24.6862490">
    <ele>2163.6</ele>
   </trkpt>
   <trkpt lat="45.6076210" lon="24.6862520">
    <ele>2163.8</ele>
   </trkpt>
   <trkpt lat="45.6076150" lon="24.6862560">
    <ele>2164.0</ele>
   </trkpt>
   <trkpt lat="45.6075920" lon="24.6862770">
    <ele>2164.2</ele>
   </trkpt>
   <trkpt lat="45.6075810" lon="24.6862770">
    <ele>2164.4</ele>
   </trkpt>
   <trkpt lat="45.6075690" lon="24.6862790">
    <ele>2164.6</ele>
   </trkpt>
   <trkpt lat="45.6075480" lon="24.6862900">
    <ele>2164.8</ele>
   </trkpt>
   <trkpt lat="45.6075330" lon="24.6862870">
    <ele>2165.6</ele>
   </trkpt>
   <trkpt lat="45.6075020" lon="24.6862950">
    <ele>2166.2</ele>
   </trkpt>
   <trkpt lat="45.6074940" lon="24.6862950">
    <ele>2166.4</ele>
   </trkpt>
   <trkpt lat="45.6074830" lon="24.6862900">
    <ele>2166.6</ele>
   </trkpt>
   <trkpt lat="45.6074620" lon="24.6863110">
    <ele>2167.0</ele>
   </trkpt>
   <trkpt lat="45.6074430" lon="24.6863260">
    <ele>2167.4</ele>
   </trkpt>
   <trkpt lat="45.6074550" lon="24.6863200">
    <ele>2167.6</ele>
   </trkpt>
   <trkpt lat="45.6074610" lon="24.6863170">
    <ele>2167.6</ele>
   </trkpt>
   <trkpt lat="45.6074710" lon="24.6863050">
    <ele>2167.4</ele>
   </trkpt>
   <trkpt lat="45.6074710" lon="24.6863050">
    <ele>2167.4</ele>
   </trkpt>
   <trkpt lat="45.6074710" lon="24.6863050">
    <ele>2167.4</ele>
   </trkpt>
   <trkpt lat="45.6074710" lon="24.6863050">
    <ele>2167.2</ele>
   </trkpt>
   <trkpt lat="45.6074680" lon="24.6863050">
    <ele>2167.4</ele>
   </trkpt>
   <trkpt lat="45.6074310" lon="24.6863220">
    <ele>2168.6</ele>
   </trkpt>
   <trkpt lat="45.6074110" lon="24.6863250">
    <ele>2168.8</ele>
   </trkpt>
   <trkpt lat="45.6073760" lon="24.6863520">
    <ele>2169.6</ele>
   </trkpt>
   <trkpt lat="45.6073730" lon="24.6863680">
    <ele>2169.8</ele>
   </trkpt>
   <trkpt lat="45.6073550" lon="24.6863730">
    <ele>2170.4</ele>
   </trkpt>
   <trkpt lat="45.6073260" lon="24.6863830">
    <ele>2170.6</ele>
   </trkpt>
   <trkpt lat="45.6073000" lon="24.6863800">
    <ele>2171.2</ele>
   </trkpt>
   <trkpt lat="45.6072780" lon="24.6864080">
    <ele>2171.8</ele>
   </trkpt>
   <trkpt lat="45.6072560" lon="24.6864460">
    <ele>2172.2</ele>
   </trkpt>
   <trkpt lat="45.6072530" lon="24.6864500">
    <ele>2172.2</ele>
   </trkpt>
   <trkpt lat="45.6072410" lon="24.6864660">
    <ele>2172.4</ele>
   </trkpt>
   <trkpt lat="45.6072220" lon="24.6865060">
    <ele>2173.0</ele>
   </trkpt>
   <trkpt lat="45.6072150" lon="24.6865070">
    <ele>2173.2</ele>
   </trkpt>
   <trkpt lat="45.6071890" lon="24.6865130">
    <ele>2174.2</ele>
   </trkpt>
   <trkpt lat="45.6071890" lon="24.6865220">
    <ele>2174.4</ele>
   </trkpt>
   <trkpt lat="45.6071850" lon="24.6865230">
    <ele>2174.6</ele>
   </trkpt>
   <trkpt lat="45.6071810" lon="24.6865260">
    <ele>2174.8</ele>
   </trkpt>
   <trkpt lat="45.6071700" lon="24.6865390">
    <ele>2175.4</ele>
   </trkpt>
   <trkpt lat="45.6071510" lon="24.6865650">
    <ele>2176.4</ele>
   </trkpt>
   <trkpt lat="45.6071430" lon="24.6865790">
    <ele>2176.6</ele>
   </trkpt>
   <trkpt lat="45.6071370" lon="24.6865930">
    <ele>2177.0</ele>
   </trkpt>
   <trkpt lat="45.6071310" lon="24.6866110">
    <ele>2177.8</ele>
   </trkpt>
   <trkpt lat="45.6071210" lon="24.6866340">
    <ele>2177.8</ele>
   </trkpt>
   <trkpt lat="45.6070860" lon="24.6866610">
    <ele>2179.0</ele>
   </trkpt>
   <trkpt lat="45.6070840" lon="24.6866690">
    <ele>2179.0</ele>
   </trkpt>
   <trkpt lat="45.6070580" lon="24.6867010">
    <ele>2180.0</ele>
   </trkpt>
   <trkpt lat="45.6070530" lon="24.6867060">
    <ele>2180.0</ele>
   </trkpt>
   <trkpt lat="45.6070370" lon="24.6867410">
    <ele>2181.2</ele>
   </trkpt>
   <trkpt lat="45.6070350" lon="24.6867520">
    <ele>2181.6</ele>
   </trkpt>
   <trkpt lat="45.6070170" lon="24.6868320">
    <ele>2181.6</ele>
   </trkpt>
   <trkpt lat="45.6069990" lon="24.6868910">
    <ele>2182.4</ele>
   </trkpt>
   <trkpt lat="45.6069880" lon="24.6869190">
    <ele>2183.4</ele>
   </trkpt>
   <trkpt lat="45.6069820" lon="24.6869380">
    <ele>2183.6</ele>
   </trkpt>
   <trkpt lat="45.6069780" lon="24.6869850">
    <ele>2184.6</ele>
   </trkpt>
   <trkpt lat="45.6069570" lon="24.6870430">
    <ele>2185.2</ele>
   </trkpt>
   <trkpt lat="45.6069440" lon="24.6870610">
    <ele>2185.8</ele>
   </trkpt>
   <trkpt lat="45.6069430" lon="24.6871320">
    <ele>2186.8</ele>
   </trkpt>
   <trkpt lat="45.6069420" lon="24.6871350">
    <ele>2187.2</ele>
   </trkpt>
   <trkpt lat="45.6069700" lon="24.6871500">
    <ele>2187.8</ele>
   </trkpt>
   <trkpt lat="45.6069690" lon="24.6871440">
    <ele>2187.6</ele>
   </trkpt>
   <trkpt lat="45.6069660" lon="24.6871420">
    <ele>2188.0</ele>
   </trkpt>
   <trkpt lat="45.6069650" lon="24.6871420">
    <ele>2188.0</ele>
   </trkpt>
   <trkpt lat="45.6069650" lon="24.6871400">
    <ele>2188.0</ele>
   </trkpt>
   <trkpt lat="45.6069610" lon="24.6871400">
    <ele>2188.0</ele>
   </trkpt>
   <trkpt lat="45.6069590" lon="24.6871410">
    <ele>2188.0</ele>
   </trkpt>
   <trkpt lat="45.6069570" lon="24.6871460">
    <ele>2188.0</ele>
   </trkpt>
   <trkpt lat="45.6069570" lon="24.6871510">
    <ele>2188.2</ele>
   </trkpt>
   <trkpt lat="45.6069590" lon="24.6871550">
    <ele>2189.0</ele>
   </trkpt>
   <trkpt lat="45.6069480" lon="24.6872350">
    <ele>2189.8</ele>
   </trkpt>
   <trkpt lat="45.6069480" lon="24.6872500">
    <ele>2190.0</ele>
   </trkpt>
   <trkpt lat="45.6069460" lon="24.6872890">
    <ele>2190.0</ele>
   </trkpt>
   <trkpt lat="45.6069260" lon="24.6874030">
    <ele>2190.4</ele>
   </trkpt>
   <trkpt lat="45.6068970" lon="24.6874420">
    <ele>2191.0</ele>
   </trkpt>
   <trkpt lat="45.6068820" lon="24.6874520">
    <ele>2191.0</ele>
   </trkpt>
   <trkpt lat="45.6068530" lon="24.6875180">
    <ele>2191.6</ele>
   </trkpt>
   <trkpt lat="45.6068310" lon="24.6875310">
    <ele>2192.2</ele>
   </trkpt>
   <trkpt lat="45.6068050" lon="24.6875420">
    <ele>2192.4</ele>
   </trkpt>
   <trkpt lat="45.6067470" lon="24.6875450">
    <ele>2192.4</ele>
   </trkpt>
   <trkpt lat="45.6067320" lon="24.6875440">
    <ele>2192.6</ele>
   </trkpt>
   <trkpt lat="45.6066970" lon="24.6875690">
    <ele>2192.6</ele>
   </trkpt>
   <trkpt lat="45.6067110" lon="24.6876290">
    <ele>2193.0</ele>
   </trkpt>
   <trkpt lat="45.6067040" lon="24.6876770">
    <ele>2193.0</ele>
   </trkpt>
   <trkpt lat="45.6067200" lon="24.6877600">
    <ele>2193.2</ele>
   </trkpt>
   <trkpt lat="45.6067460" lon="24.6878070">
    <ele>2193.2</ele>
   </trkpt>
   <trkpt lat="45.6067510" lon="24.6878230">
    <ele>2193.4</ele>
   </trkpt>
   <trkpt lat="45.6067870" lon="24.6879210">
    <ele>2194.0</ele>
   </trkpt>
   <trkpt lat="45.6067860" lon="24.6879470">
    <ele>2194.0</ele>
   </trkpt>
   <trkpt lat="45.6068060" lon="24.6879900">
    <ele>2194.0</ele>
   </trkpt>
   <trkpt lat="45.6068080" lon="24.6879750">
    <ele>2194.2</ele>
   </trkpt>
   <trkpt lat="45.6068110" lon="24.6879640">
    <ele>2193.8</ele>
   </trkpt>
   <trkpt lat="45.6067970" lon="24.6879780">
    <ele>2193.6</ele>
   </trkpt>
   <trkpt lat="45.6067300" lon="24.6880500">
    <ele>2193.8</ele>
   </trkpt>
   <trkpt lat="45.6067240" lon="24.6880710">
    <ele>2194.2</ele>
   </trkpt>
   <trkpt lat="45.6067190" lon="24.6880920">
    <ele>2194.6</ele>
   </trkpt>
   <trkpt lat="45.6067120" lon="24.6881000">
    <ele>2194.6</ele>
   </trkpt>
   <trkpt lat="45.6066950" lon="24.6881120">
    <ele>2194.8</ele>
   </trkpt>
   <trkpt lat="45.6066930" lon="24.6881250">
    <ele>2194.8</ele>
   </trkpt>
   <trkpt lat="45.6066820" lon="24.6881510">
    <ele>2195.6</ele>
   </trkpt>
   <trkpt lat="45.6066700" lon="24.6881600">
    <ele>2195.8</ele>
   </trkpt>
   <trkpt lat="45.6066680" lon="24.6881960">
    <ele>2195.4</ele>
   </trkpt>
   <trkpt lat="45.6066450" lon="24.6882720">
    <ele>2194.8</ele>
   </trkpt>
   <trkpt lat="45.6066430" lon="24.6882770">
    <ele>2194.6</ele>
   </trkpt>
   <trkpt lat="45.6066390" lon="24.6882850">
    <ele>2194.6</ele>
   </trkpt>
   <trkpt lat="45.6066220" lon="24.6883410">
    <ele>2194.2</ele>
   </trkpt>
   <trkpt lat="45.6065640" lon="24.6884440">
    <ele>2194.4</ele>
   </trkpt>
   <trkpt lat="45.6065330" lon="24.6884840">
    <ele>2194.0</ele>
   </trkpt>
   <trkpt lat="45.6065180" lon="24.6885180">
    <ele>2193.8</ele>
   </trkpt>
   <trkpt lat="45.6065200" lon="24.6885310">
    <ele>2193.8</ele>
   </trkpt>
   <trkpt lat="45.6065190" lon="24.6885440">
    <ele>2193.6</ele>
   </trkpt>
   <trkpt lat="45.6065230" lon="24.6885700">
    <ele>2193.6</ele>
   </trkpt>
   <trkpt lat="45.6065270" lon="24.6886130">
    <ele>2193.0</ele>
   </trkpt>
   <trkpt lat="45.6065200" lon="24.6886430">
    <ele>2193.0</ele>
   </trkpt>
   <trkpt lat="45.6065000" lon="24.6887080">
    <ele>2193.4</ele>
   </trkpt>
   <trkpt lat="45.6064730" lon="24.6887800">
    <ele>2193.4</ele>
   </trkpt>
   <trkpt lat="45.6064560" lon="24.6888200">
    <ele>2192.8</ele>
   </trkpt>
   <trkpt lat="45.6064530" lon="24.6888440">
    <ele>2192.6</ele>
   </trkpt>
   <trkpt lat="45.6064550" lon="24.6888750">
    <ele>2192.4</ele>
   </trkpt>
   <trkpt lat="45.6064570" lon="24.6889070">
    <ele>2192.4</ele>
   </trkpt>
   <trkpt lat="45.6064650" lon="24.6889560">
    <ele>2191.6</ele>
   </trkpt>
   <trkpt lat="45.6064560" lon="24.6889850">
    <ele>2191.4</ele>
   </trkpt>
   <trkpt lat="45.6064480" lon="24.6890180">
    <ele>2191.6</ele>
   </trkpt>
   <trkpt lat="45.6063990" lon="24.6890210">
    <ele>2192.0</ele>
   </trkpt>
   <trkpt lat="45.6063940" lon="24.6890220">
    <ele>2192.0</ele>
   </trkpt>
   <trkpt lat="45.6063740" lon="24.6890520">
    <ele>2192.2</ele>
   </trkpt>
   <trkpt lat="45.6063650" lon="24.6890670">
    <ele>2192.4</ele>
   </trkpt>
   <trkpt lat="45.6063130" lon="24.6890910">
    <ele>2192.8</ele>
   </trkpt>
   <trkpt lat="45.6062580" lon="24.6891020">
    <ele>2192.6</ele>
   </trkpt>
   <trkpt lat="45.6062350" lon="24.6891630">
    <ele>2192.4</ele>
   </trkpt>
   <trkpt lat="45.6062270" lon="24.6891840">
    <ele>2192.4</ele>
   </trkpt>
   <trkpt lat="45.6062150" lon="24.6892100">
    <ele>2192.0</ele>
   </trkpt>
   <trkpt lat="45.6062150" lon="24.6892200">
    <ele>2192.0</ele>
   </trkpt>
   <trkpt lat="45.6061940" lon="24.6892810">
    <ele>2192.8</ele>
   </trkpt>
   <trkpt lat="45.6061840" lon="24.6892990">
    <ele>2192.8</ele>
   </trkpt>
   <trkpt lat="45.6061790" lon="24.6893090">
    <ele>2192.8</ele>
   </trkpt>
   <trkpt lat="45.6061560" lon="24.6893170">
    <ele>2193.2</ele>
   </trkpt>
   <trkpt lat="45.6061100" lon="24.6892890">
    <ele>2192.8</ele>
   </trkpt>
   <trkpt lat="45.6061030" lon="24.6892930">
    <ele>2193.0</ele>
   </trkpt>
   <trkpt lat="45.6060650" lon="24.6893020">
    <ele>2193.0</ele>
   </trkpt>
   <trkpt lat="45.6059770" lon="24.6893400">
    <ele>2193.2</ele>
   </trkpt>
   <trkpt lat="45.6059650" lon="24.6893540">
    <ele>2193.6</ele>
   </trkpt>
   <trkpt lat="45.6059040" lon="24.6893600">
    <ele>2193.6</ele>
   </trkpt>
   <trkpt lat="45.6058470" lon="24.6893300">
    <ele>2193.4</ele>
   </trkpt>
   <trkpt lat="45.6058020" lon="24.6893190">
    <ele>2192.6</ele>
   </trkpt>
   <trkpt lat="45.6057940" lon="24.6893150">
    <ele>2192.6</ele>
   </trkpt>
   <trkpt lat="45.6057460" lon="24.6892970">
    <ele>2193.2</ele>
   </trkpt>
   <trkpt lat="45.6057350" lon="24.6892990">
    <ele>2193.6</ele>
   </trkpt>
   <trkpt lat="45.6057080" lon="24.6893130">
    <ele>2194.4</ele>
   </trkpt>
   <trkpt lat="45.6057010" lon="24.6893290">
    <ele>2194.8</ele>
   </trkpt>
   <trkpt lat="45.6057010" lon="24.6893380">
    <ele>2195.2</ele>
   </trkpt>
   <trkpt lat="45.6057020" lon="24.6893280">
    <ele>2196.2</ele>
   </trkpt>
   <trkpt lat="45.6056950" lon="24.6893200">
    <ele>2196.2</ele>
   </trkpt>
   <trkpt lat="45.6056670" lon="24.6893360">
    <ele>2197.0</ele>
   </trkpt>
   <trkpt lat="45.6056430" lon="24.6893390">
    <ele>2197.0</ele>
   </trkpt>
   <trkpt lat="45.6056320" lon="24.6893440">
    <ele>2197.2</ele>
   </trkpt>
   <trkpt lat="45.6056160" lon="24.6893590">
    <ele>2197.4</ele>
   </trkpt>
   <trkpt lat="45.6056000" lon="24.6893700">
    <ele>2197.8</ele>
   </trkpt>
   <trkpt lat="45.6055860" lon="24.6893670">
    <ele>2198.4</ele>
   </trkpt>
   <trkpt lat="45.6055610" lon="24.6893770">
    <ele>2198.4</ele>
   </trkpt>
   <trkpt lat="45.6055120" lon="24.6893710">
    <ele>2198.8</ele>
   </trkpt>
   <trkpt lat="45.6055040" lon="24.6893710">
    <ele>2198.8</ele>
   </trkpt>
   <trkpt lat="45.6055040" lon="24.6893590">
    <ele>2199.0</ele>
   </trkpt>
   <trkpt lat="45.6054960" lon="24.6893230">
    <ele>2198.8</ele>
   </trkpt>
   <trkpt lat="45.6054890" lon="24.6893160">
    <ele>2198.8</ele>
   </trkpt>
   <trkpt lat="45.6054850" lon="24.6893000">
    <ele>2198.8</ele>
   </trkpt>
   <trkpt lat="45.6054710" lon="24.6892820">
    <ele>2198.8</ele>
   </trkpt>
   <trkpt lat="45.6054670" lon="24.6892540">
    <ele>2199.2</ele>
   </trkpt>
   <trkpt lat="45.6054670" lon="24.6892440">
    <ele>2199.4</ele>
   </trkpt>
   <trkpt lat="45.6054740" lon="24.6892440">
    <ele>2199.2</ele>
   </trkpt>
   <trkpt lat="45.6054750" lon="24.6892420">
    <ele>2199.4</ele>
   </trkpt>
   <trkpt lat="45.6054750" lon="24.6892420">
    <ele>2199.4</ele>
   </trkpt>
   <trkpt lat="45.6054740" lon="24.6892410">
    <ele>2199.8</ele>
   </trkpt>
   <trkpt lat="45.6054740" lon="24.6892380">
    <ele>2199.6</ele>
   </trkpt>
   <trkpt lat="45.6054730" lon="24.6892380">
    <ele>2199.8</ele>
   </trkpt>
   <trkpt lat="45.6054730" lon="24.6892370">
    <ele>2199.8</ele>
   </trkpt>
   <trkpt lat="45.6054730" lon="24.6892370">
    <ele>2199.8</ele>
   </trkpt>
   <trkpt lat="45.6054730" lon="24.6892370">
    <ele>2199.8</ele>
   </trkpt>
   <trkpt lat="45.6054730" lon="24.6892370">
    <ele>2199.8</ele>
   </trkpt>
   <trkpt lat="45.6054710" lon="24.6892340">
    <ele>2199.8</ele>
   </trkpt>
   <trkpt lat="45.6054710" lon="24.6892330">
    <ele>2199.8</ele>
   </trkpt>
   <trkpt lat="45.6054700" lon="24.6892320">
    <ele>2200.4</ele>
   </trkpt>
   <trkpt lat="45.6054480" lon="24.6892210">
    <ele>2200.4</ele>
   </trkpt>
   <trkpt lat="45.6054340" lon="24.6891990">
    <ele>2201.4</ele>
   </trkpt>
   <trkpt lat="45.6054240" lon="24.6891860">
    <ele>2201.4</ele>
   </trkpt>
   <trkpt lat="45.6054000" lon="24.6891520">
    <ele>2201.8</ele>
   </trkpt>
   <trkpt lat="45.6053740" lon="24.6891320">
    <ele>2202.2</ele>
   </trkpt>
   <trkpt lat="45.6053710" lon="24.6891250">
    <ele>2202.4</ele>
   </trkpt>
   <trkpt lat="45.6053760" lon="24.6891000">
    <ele>2202.8</ele>
   </trkpt>
   <trkpt lat="45.6053690" lon="24.6890990">
    <ele>2203.4</ele>
   </trkpt>
   <trkpt lat="45.6053650" lon="24.6890990">
    <ele>2203.6</ele>
   </trkpt>
   <trkpt lat="45.6053350" lon="24.6890790">
    <ele>2204.2</ele>
   </trkpt>
   <trkpt lat="45.6053340" lon="24.6890520">
    <ele>2205.0</ele>
   </trkpt>
   <trkpt lat="45.6053310" lon="24.6890480">
    <ele>2205.2</ele>
   </trkpt>
   <trkpt lat="45.6053180" lon="24.6890610">
    <ele>2205.8</ele>
   </trkpt>
   <trkpt lat="45.6053210" lon="24.6890460">
    <ele>2206.2</ele>
   </trkpt>
   <trkpt lat="45.6053110" lon="24.6890370">
    <ele>2206.6</ele>
   </trkpt>
   <trkpt lat="45.6053120" lon="24.6890210">
    <ele>2207.2</ele>
   </trkpt>
   <trkpt lat="45.6053140" lon="24.6889820">
    <ele>2208.0</ele>
   </trkpt>
   <trkpt lat="45.6053160" lon="24.6889760">
    <ele>2208.6</ele>
   </trkpt>
   <trkpt lat="45.6053190" lon="24.6889650">
    <ele>2208.6</ele>
   </trkpt>
   <trkpt lat="45.6053330" lon="24.6889450">
    <ele>2209.2</ele>
   </trkpt>
   <trkpt lat="45.6053130" lon="24.6889270">
    <ele>2209.4</ele>
   </trkpt>
   <trkpt lat="45.6053110" lon="24.6889220">
    <ele>2209.6</ele>
   </trkpt>
   <trkpt lat="45.6052870" lon="24.6889140">
    <ele>2210.6</ele>
   </trkpt>
   <trkpt lat="45.6052800" lon="24.6889050">
    <ele>2210.8</ele>
   </trkpt>
   <trkpt lat="45.6052820" lon="24.6888720">
    <ele>2211.8</ele>
   </trkpt>
   <trkpt lat="45.6052770" lon="24.6888610">
    <ele>2211.8</ele>
   </trkpt>
   <trkpt lat="45.6052610" lon="24.6888590">
    <ele>2212.2</ele>
   </trkpt>
   <trkpt lat="45.6052530" lon="24.6888590">
    <ele>2212.6</ele>
   </trkpt>
   <trkpt lat="45.6052390" lon="24.6888690">
    <ele>2212.8</ele>
   </trkpt>
   <trkpt lat="45.6052360" lon="24.6888630">
    <ele>2213.0</ele>
   </trkpt>
   <trkpt lat="45.6052260" lon="24.6888540">
    <ele>2213.4</ele>
   </trkpt>
   <trkpt lat="45.6052310" lon="24.6888340">
    <ele>2213.4</ele>
   </trkpt>
   <trkpt lat="45.6052300" lon="24.6888140">
    <ele>2214.0</ele>
   </trkpt>
   <trkpt lat="45.6052300" lon="24.6887950">
    <ele>2214.2</ele>
   </trkpt>
   <trkpt lat="45.6052300" lon="24.6887890">
    <ele>2214.2</ele>
   </trkpt>
   <trkpt lat="45.6052270" lon="24.6887810">
    <ele>2215.0</ele>
   </trkpt>
   <trkpt lat="45.6052230" lon="24.6887810">
    <ele>2215.2</ele>
   </trkpt>
   <trkpt lat="45.6052160" lon="24.6887840">
    <ele>2215.2</ele>
   </trkpt>
   <trkpt lat="45.6052020" lon="24.6887850">
    <ele>2215.6</ele>
   </trkpt>
   <trkpt lat="45.6052020" lon="24.6887910">
    <ele>2216.2</ele>
   </trkpt>
   <trkpt lat="45.6051970" lon="24.6887920">
    <ele>2216.2</ele>
   </trkpt>
   <trkpt lat="45.6051970" lon="24.6887920">
    <ele>2216.6</ele>
   </trkpt>
   <trkpt lat="45.6052020" lon="24.6887890">
    <ele>2216.4</ele>
   </trkpt>
   <trkpt lat="45.6052090" lon="24.6887750">
    <ele>2216.6</ele>
   </trkpt>
   <trkpt lat="45.6052090" lon="24.6887750">
    <ele>2217.2</ele>
   </trkpt>
   <trkpt lat="45.6051920" lon="24.6887740">
    <ele>2217.6</ele>
   </trkpt>
   <trkpt lat="45.6051540" lon="24.6887670">
    <ele>2218.2</ele>
   </trkpt>
   <trkpt lat="45.6051350" lon="24.6887520">
    <ele>2218.4</ele>
   </trkpt>
   <trkpt lat="45.6051010" lon="24.6887750">
    <ele>2219.2</ele>
   </trkpt>
   <trkpt lat="45.6050910" lon="24.6887890">
    <ele>2219.4</ele>
   </trkpt>
   <trkpt lat="45.6050800" lon="24.6887910">
    <ele>2219.6</ele>
   </trkpt>
   <trkpt lat="45.6050720" lon="24.6887940">
    <ele>2219.6</ele>
   </trkpt>
   <trkpt lat="45.6050540" lon="24.6888010">
    <ele>2220.2</ele>
   </trkpt>
   <trkpt lat="45.6050440" lon="24.6888010">
    <ele>2220.2</ele>
   </trkpt>
   <trkpt lat="45.6050360" lon="24.6887890">
    <ele>2220.6</ele>
   </trkpt>
   <trkpt lat="45.6050230" lon="24.6887920">
    <ele>2221.0</ele>
   </trkpt>
   <trkpt lat="45.6050210" lon="24.6887760">
    <ele>2221.2</ele>
   </trkpt>
   <trkpt lat="45.6050240" lon="24.6887400">
    <ele>2221.8</ele>
   </trkpt>
   <trkpt lat="45.6050240" lon="24.6887150">
    <ele>2222.2</ele>
   </trkpt>
   <trkpt lat="45.6050230" lon="24.6886960">
    <ele>2222.8</ele>
   </trkpt>
   <trkpt lat="45.6050130" lon="24.6886860">
    <ele>2223.8</ele>
   </trkpt>
   <trkpt lat="45.6050090" lon="24.6886920">
    <ele>2223.8</ele>
   </trkpt>
   <trkpt lat="45.6049940" lon="24.6886700">
    <ele>2224.6</ele>
   </trkpt>
   <trkpt lat="45.6049940" lon="24.6886600">
    <ele>2224.8</ele>
   </trkpt>
   <trkpt lat="45.6050000" lon="24.6886090">
    <ele>2225.6</ele>
   </trkpt>
   <trkpt lat="45.6050090" lon="24.6886060">
    <ele>2225.6</ele>
   </trkpt>
   <trkpt lat="45.6050240" lon="24.6886010">
    <ele>2225.8</ele>
   </trkpt>
   <trkpt lat="45.6050230" lon="24.6886010">
    <ele>2225.8</ele>
   </trkpt>
   <trkpt lat="45.6050230" lon="24.6886010">
    <ele>2226.0</ele>
   </trkpt>
   <trkpt lat="45.6050160" lon="24.6886010">
    <ele>2227.2</ele>
   </trkpt>
   <trkpt lat="45.6050120" lon="24.6886010">
    <ele>2228.2</ele>
   </trkpt>
   <trkpt lat="45.6050090" lon="24.6885710">
    <ele>2228.4</ele>
   </trkpt>
   <trkpt lat="45.6050080" lon="24.6885690">
    <ele>2228.6</ele>
   </trkpt>
   <trkpt lat="45.6049950" lon="24.6885660">
    <ele>2229.2</ele>
   </trkpt>
   <trkpt lat="45.6049920" lon="24.6885210">
    <ele>2230.0</ele>
   </trkpt>
   <trkpt lat="45.6049870" lon="24.6885160">
    <ele>2230.4</ele>
   </trkpt>
   <trkpt lat="45.6049650" lon="24.6885160">
    <ele>2231.4</ele>
   </trkpt>
   <trkpt lat="45.6049380" lon="24.6885180">
    <ele>2232.4</ele>
   </trkpt>
   <trkpt lat="45.6048620" lon="24.6885420">
    <ele>2233.8</ele>
   </trkpt>
   <trkpt lat="45.6048390" lon="24.6885160">
    <ele>2233.8</ele>
   </trkpt>
   <trkpt lat="45.6048020" lon="24.6885020">
    <ele>2234.6</ele>
   </trkpt>
   <trkpt lat="45.6047870" lon="24.6885080">
    <ele>2234.8</ele>
   </trkpt>
   <trkpt lat="45.6047560" lon="24.6885040">
    <ele>2235.6</ele>
   </trkpt>
   <trkpt lat="45.6047430" lon="24.6885010">
    <ele>2235.6</ele>
   </trkpt>
   <trkpt lat="45.6047390" lon="24.6884970">
    <ele>2236.0</ele>
   </trkpt>
   <trkpt lat="45.6047360" lon="24.6885140">
    <ele>2236.8</ele>
   </trkpt>
   <trkpt lat="45.6047360" lon="24.6885260">
    <ele>2236.8</ele>
   </trkpt>
   <trkpt lat="45.6047350" lon="24.6885300">
    <ele>2237.4</ele>
   </trkpt>
   <trkpt lat="45.6047350" lon="24.6885360">
    <ele>2237.4</ele>
   </trkpt>
   <trkpt lat="45.6047480" lon="24.6885550">
    <ele>2238.4</ele>
   </trkpt>
   <trkpt lat="45.6047530" lon="24.6885520">
    <ele>2238.4</ele>
   </trkpt>
   <trkpt lat="45.6047310" lon="24.6885370">
    <ele>2239.0</ele>
   </trkpt>
   <trkpt lat="45.6047310" lon="24.6885370">
    <ele>2239.0</ele>
   </trkpt>
   <trkpt lat="45.6047290" lon="24.6885370">
    <ele>2239.0</ele>
   </trkpt>
   <trkpt lat="45.6047200" lon="24.6885370">
    <ele>2239.4</ele>
   </trkpt>
   <trkpt lat="45.6046990" lon="24.6885370">
    <ele>2240.2</ele>
   </trkpt>
   <trkpt lat="45.6046950" lon="24.6885370">
    <ele>2240.6</ele>
   </trkpt>
   <trkpt lat="45.6046940" lon="24.6885390">
    <ele>2240.6</ele>
   </trkpt>
   <trkpt lat="45.6046800" lon="24.6885560">
    <ele>2241.6</ele>
   </trkpt>
   <trkpt lat="45.6046340" lon="24.6886000">
    <ele>2242.0</ele>
   </trkpt>
   <trkpt lat="45.6046220" lon="24.6886000">
    <ele>2241.8</ele>
   </trkpt>
   <trkpt lat="45.6046070" lon="24.6885920">
    <ele>2242.8</ele>
   </trkpt>
   <trkpt lat="45.6046050" lon="24.6885860">
    <ele>2242.6</ele>
   </trkpt>
   <trkpt lat="45.6046030" lon="24.6885820">
    <ele>2244.0</ele>
   </trkpt>
   <trkpt lat="45.6045880" lon="24.6885550">
    <ele>2244.6</ele>
   </trkpt>
   <trkpt lat="45.6045790" lon="24.6885030">
    <ele>2244.4</ele>
   </trkpt>
   <trkpt lat="45.6045680" lon="24.6884920">
    <ele>2244.6</ele>
   </trkpt>
   <trkpt lat="45.6045610" lon="24.6884870">
    <ele>2244.2</ele>
   </trkpt>
   <trkpt lat="45.6045610" lon="24.6884840">
    <ele>2244.2</ele>
   </trkpt>
   <trkpt lat="45.6045620" lon="24.6884830">
    <ele>2244.2</ele>
   </trkpt>
   <trkpt lat="45.6045650" lon="24.6884870">
    <ele>2244.4</ele>
   </trkpt>
   <trkpt lat="45.6045670" lon="24.6884890">
    <ele>2244.2</ele>
   </trkpt>
   <trkpt lat="45.6045690" lon="24.6884900">
    <ele>2244.4</ele>
   </trkpt>
   <trkpt lat="45.6045730" lon="24.6884980">
    <ele>2244.4</ele>
   </trkpt>
   <trkpt lat="45.6045770" lon="24.6885080">
    <ele>2244.4</ele>
   </trkpt>
   <trkpt lat="45.6045790" lon="24.6885160">
    <ele>2244.2</ele>
   </trkpt>
   <trkpt lat="45.6045930" lon="24.6885520">
    <ele>2244.2</ele>
   </trkpt>
   <trkpt lat="45.6045960" lon="24.6885530">
    <ele>2244.4</ele>
   </trkpt>
   <trkpt lat="45.6046070" lon="24.6885440">
    <ele>2244.2</ele>
   </trkpt>
   <trkpt lat="45.6046130" lon="24.6885350">
    <ele>2244.2</ele>
   </trkpt>
   <trkpt lat="45.6046170" lon="24.6885290">
    <ele>2244.4</ele>
   </trkpt>
   <trkpt lat="45.6046180" lon="24.6885240">
    <ele>2244.4</ele>
   </trkpt>
   <trkpt lat="45.6046180" lon="24.6885230">
    <ele>2244.4</ele>
   </trkpt>
   <trkpt lat="45.6046170" lon="24.6885210">
    <ele>2244.4</ele>
   </trkpt>
   <trkpt lat="45.6046160" lon="24.6885200">
    <ele>2244.4</ele>
   </trkpt>
   <trkpt lat="45.6046160" lon="24.6885200">
    <ele>2244.4</ele>
   </trkpt>
   <trkpt lat="45.6046160" lon="24.6885200">
    <ele>2244.4</ele>
   </trkpt>
   <trkpt lat="45.6046140" lon="24.6885200">
    <ele>2244.4</ele>
   </trkpt>
   <trkpt lat="45.6046130" lon="24.6885200">
    <ele>2244.4</ele>
   </trkpt>
   <trkpt lat="45.6046110" lon="24.6885190">
    <ele>2244.4</ele>
   </trkpt>
   <trkpt lat="45.6046110" lon="24.6885190">
    <ele>2244.4</ele>
   </trkpt>
   <trkpt lat="45.6046100" lon="24.6885190">
    <ele>2244.4</ele>
   </trkpt>
   <trkpt lat="45.6046090" lon="24.6885190">
    <ele>2252.8</ele>
   </trkpt>
   <trkpt lat="45.6046070" lon="24.6885180">
    <ele>2253.2</ele>
   </trkpt>
   <trkpt lat="45.6046050" lon="24.6885180">
    <ele>2254.0</ele>
   </trkpt>
   <trkpt lat="45.6046030" lon="24.6885180">
    <ele>2255.0</ele>
   </trkpt>
   <trkpt lat="45.6046000" lon="24.6885170">
    <ele>2255.8</ele>
   </trkpt>
   <trkpt lat="45.6046000" lon="24.6885170">
    <ele>2256.0</ele>
   </trkpt>
   <trkpt lat="45.6045970" lon="24.6885170">
    <ele>2257.0</ele>
   </trkpt>
   <trkpt lat="45.6045950" lon="24.6885170">
    <ele>2258.2</ele>
   </trkpt>
   <trkpt lat="45.6045920" lon="24.6885160">
    <ele>2259.2</ele>
   </trkpt>
   <trkpt lat="45.6045910" lon="24.6885160">
    <ele>2259.6</ele>
   </trkpt>
   <trkpt lat="45.6045890" lon="24.6885160">
    <ele>2260.4</ele>
   </trkpt>
   <trkpt lat="45.6045870" lon="24.6885160">
    <ele>2261.0</ele>
   </trkpt>
   <trkpt lat="45.6045790" lon="24.6885160">
    <ele>2261.6</ele>
   </trkpt>
   <trkpt lat="45.6045750" lon="24.6885160">
    <ele>2262.2</ele>
   </trkpt>
   <trkpt lat="45.6045750" lon="24.6885160">
    <ele>2262.6</ele>
   </trkpt>
   <trkpt lat="45.6045710" lon="24.6885170">
    <ele>2263.8</ele>
   </trkpt>
   <trkpt lat="45.6045670" lon="24.6885170">
    <ele>2264.8</ele>
   </trkpt>
   <trkpt lat="45.6045650" lon="24.6885170">
    <ele>2264.8</ele>
   </trkpt>
   <trkpt lat="45.6045630" lon="24.6885170">
    <ele>2264.8</ele>
   </trkpt>
   <trkpt lat="45.6045570" lon="24.6885180">
    <ele>2264.8</ele>
   </trkpt>
   <trkpt lat="45.6045470" lon="24.6885190">
    <ele>2264.8</ele>
   </trkpt>
   <trkpt lat="45.6045410" lon="24.6885200">
    <ele>2264.8</ele>
   </trkpt>
   <trkpt lat="45.6045390" lon="24.6885210">
    <ele>2264.8</ele>
   </trkpt>
   <trkpt lat="45.6045320" lon="24.6885220">
    <ele>2264.8</ele>
   </trkpt>
   <trkpt lat="45.6045290" lon="24.6885220">
    <ele>2264.8</ele>
   </trkpt>
   <trkpt lat="45.6045260" lon="24.6885230">
    <ele>2265.0</ele>
   </trkpt>
   <trkpt lat="45.6044340" lon="24.6885560">
    <ele>2265.6</ele>
   </trkpt>
   <trkpt lat="45.6043380" lon="24.6885980">
    <ele>2265.6</ele>
   </trkpt>
   <trkpt lat="45.6042860" lon="24.6886190">
    <ele>2265.8</ele>
   </trkpt>
   <trkpt lat="45.6042420" lon="24.6886450">
    <ele>2265.8</ele>
   </trkpt>
   <trkpt lat="45.6040900" lon="24.6886980">
    <ele>2266.2</ele>
   </trkpt>
   <trkpt lat="45.6040280" lon="24.6887240">
    <ele>2266.8</ele>
   </trkpt>
   <trkpt lat="45.6040240" lon="24.6887300">
    <ele>2267.0</ele>
   </trkpt>
   <trkpt lat="45.6040170" lon="24.6887790">
    <ele>2268.2</ele>
   </trkpt>
   <trkpt lat="45.6040040" lon="24.6888180">
    <ele>2268.6</ele>
   </trkpt>
   <trkpt lat="45.6040040" lon="24.6888240">
    <ele>2268.6</ele>
   </trkpt>
   <trkpt lat="45.6040000" lon="24.6888320">
    <ele>2268.8</ele>
   </trkpt>
   <trkpt lat="45.6039890" lon="24.6888440">
    <ele>2269.2</ele>
   </trkpt>
   <trkpt lat="45.6039730" lon="24.6888590">
    <ele>2269.8</ele>
   </trkpt>
   <trkpt lat="45.6039650" lon="24.6888640">
    <ele>2270.2</ele>
   </trkpt>
   <trkpt lat="45.6039610" lon="24.6888720">
    <ele>2270.4</ele>
   </trkpt>
   <trkpt lat="45.6039610" lon="24.6888830">
    <ele>2271.2</ele>
   </trkpt>
   <trkpt lat="45.6039810" lon="24.6889260">
    <ele>2271.6</ele>
   </trkpt>
   <trkpt lat="45.6039910" lon="24.6889190">
    <ele>2271.6</ele>
   </trkpt>
   <trkpt lat="45.6039730" lon="24.6889460">
    <ele>2272.6</ele>
   </trkpt>
   <trkpt lat="45.6039890" lon="24.6889890">
    <ele>2273.2</ele>
   </trkpt>
   <trkpt lat="45.6039920" lon="24.6890360">
    <ele>2273.0</ele>
   </trkpt>
   <trkpt lat="45.6040170" lon="24.6891680">
    <ele>2273.4</ele>
   </trkpt>
   <trkpt lat="45.6040210" lon="24.6891970">
    <ele>2273.6</ele>
   </trkpt>
   <trkpt lat="45.6040180" lon="24.6892160">
    <ele>2274.0</ele>
   </trkpt>
   <trkpt lat="45.6040200" lon="24.6892280">
    <ele>2274.0</ele>
   </trkpt>
   <trkpt lat="45.6040100" lon="24.6892550">
    <ele>2274.4</ele>
   </trkpt>
   <trkpt lat="45.6040110" lon="24.6892730">
    <ele>2275.0</ele>
   </trkpt>
   <trkpt lat="45.6039980" lon="24.6893090">
    <ele>2275.8</ele>
   </trkpt>
   <trkpt lat="45.6040000" lon="24.6893050">
    <ele>2276.0</ele>
   </trkpt>
   <trkpt lat="45.6040190" lon="24.6893330">
    <ele>2276.4</ele>
   </trkpt>
   <trkpt lat="45.6040280" lon="24.6893710">
    <ele>2277.2</ele>
   </trkpt>
   <trkpt lat="45.6040370" lon="24.6893700">
    <ele>2277.4</ele>
   </trkpt>
   <trkpt lat="45.6040410" lon="24.6893730">
    <ele>2277.4</ele>
   </trkpt>
   <trkpt lat="45.6040460" lon="24.6894000">
    <ele>2278.0</ele>
   </trkpt>
   <trkpt lat="45.6040480" lon="24.6894030">
    <ele>2278.0</ele>
   </trkpt>
   <trkpt lat="45.6040590" lon="24.6894350">
    <ele>2278.6</ele>
   </trkpt>
   <trkpt lat="45.6040540" lon="24.6895060">
    <ele>2279.8</ele>
   </trkpt>
   <trkpt lat="45.6040490" lon="24.6895720">
    <ele>2281.0</ele>
   </trkpt>
   <trkpt lat="45.6040700" lon="24.6895850">
    <ele>2282.2</ele>
   </trkpt>
   <trkpt lat="45.6040740" lon="24.6895850">
    <ele>2282.6</ele>
   </trkpt>
   <trkpt lat="45.6040790" lon="24.6896150">
    <ele>2283.4</ele>
   </trkpt>
   <trkpt lat="45.6040840" lon="24.6896110">
    <ele>2283.6</ele>
   </trkpt>
   <trkpt lat="45.6040840" lon="24.6896110">
    <ele>2284.8</ele>
   </trkpt>
   <trkpt lat="45.6040810" lon="24.6896110">
    <ele>2285.8</ele>
   </trkpt>
   <trkpt lat="45.6040810" lon="24.6896150">
    <ele>2287.0</ele>
   </trkpt>
   <trkpt lat="45.6040810" lon="24.6896240">
    <ele>2287.2</ele>
   </trkpt>
   <trkpt lat="45.6040810" lon="24.6896380">
    <ele>2287.8</ele>
   </trkpt>
   <trkpt lat="45.6040810" lon="24.6896400">
    <ele>2288.2</ele>
   </trkpt>
   <trkpt lat="45.6040850" lon="24.6896610">
    <ele>2288.4</ele>
   </trkpt>
   <trkpt lat="45.6040890" lon="24.6896770">
    <ele>2288.2</ele>
   </trkpt>
   <trkpt lat="45.6041140" lon="24.6897110">
    <ele>2288.2</ele>
   </trkpt>
   <trkpt lat="45.6041140" lon="24.6897120">
    <ele>2289.4</ele>
   </trkpt>
   <trkpt lat="45.6041140" lon="24.6897110">
    <ele>2289.8</ele>
   </trkpt>
   <trkpt lat="45.6041130" lon="24.6897100">
    <ele>2291.0</ele>
   </trkpt>
   <trkpt lat="45.6040980" lon="24.6897120">
    <ele>2292.0</ele>
   </trkpt>
   <trkpt lat="45.6040900" lon="24.6897380">
    <ele>2293.2</ele>
   </trkpt>
   <trkpt lat="45.6040870" lon="24.6897470">
    <ele>2294.0</ele>
   </trkpt>
   <trkpt lat="45.6040800" lon="24.6897480">
    <ele>2294.4</ele>
   </trkpt>
   <trkpt lat="45.6040740" lon="24.6897480">
    <ele>2295.4</ele>
   </trkpt>
   <trkpt lat="45.6040530" lon="24.6897510">
    <ele>2296.6</ele>
   </trkpt>
   <trkpt lat="45.6040310" lon="24.6897560">
    <ele>2296.4</ele>
   </trkpt>
   <trkpt lat="45.6040260" lon="24.6897910">
    <ele>2296.6</ele>
   </trkpt>
   <trkpt lat="45.6040210" lon="24.6897980">
    <ele>2296.6</ele>
   </trkpt>
   <trkpt lat="45.6040190" lon="24.6898010">
    <ele>2296.6</ele>
   </trkpt>
   <trkpt lat="45.6040160" lon="24.6898040">
    <ele>2296.6</ele>
   </trkpt>
   <trkpt lat="45.6040010" lon="24.6898240">
    <ele>2295.8</ele>
   </trkpt>
   <trkpt lat="45.6040000" lon="24.6898260">
    <ele>2295.8</ele>
   </trkpt>
   <trkpt lat="45.6040000" lon="24.6898270">
    <ele>2295.8</ele>
   </trkpt>
   <trkpt lat="45.6040000" lon="24.6898290">
    <ele>2295.8</ele>
   </trkpt>
   <trkpt lat="45.6040000" lon="24.6898300">
    <ele>2296.2</ele>
   </trkpt>
   <trkpt lat="45.6040050" lon="24.6898310">
    <ele>2295.8</ele>
   </trkpt>
   <trkpt lat="45.6040060" lon="24.6898320">
    <ele>2296.0</ele>
   </trkpt>
   <trkpt lat="45.6040060" lon="24.6898320">
    <ele>2295.6</ele>
   </trkpt>
   <trkpt lat="45.6040070" lon="24.6898320">
    <ele>2295.6</ele>
   </trkpt>
   <trkpt lat="45.6040070" lon="24.6898320">
    <ele>2295.6</ele>
   </trkpt>
   <trkpt lat="45.6040070" lon="24.6898320">
    <ele>2295.6</ele>
   </trkpt>
   <trkpt lat="45.6040070" lon="24.6898320">
    <ele>2295.6</ele>
   </trkpt>
   <trkpt lat="45.6040070" lon="24.6898320">
    <ele>2295.6</ele>
   </trkpt>
   <trkpt lat="45.6040080" lon="24.6898320">
    <ele>2295.6</ele>
   </trkpt>
   <trkpt lat="45.6040080" lon="24.6898320">
    <ele>2295.6</ele>
   </trkpt>
   <trkpt lat="45.6040100" lon="24.6898310">
    <ele>2295.6</ele>
   </trkpt>
   <trkpt lat="45.6040130" lon="24.6898300">
    <ele>2295.6</ele>
   </trkpt>
   <trkpt lat="45.6040120" lon="24.6898320">
    <ele>2295.6</ele>
   </trkpt>
   <trkpt lat="45.6040120" lon="24.6898320">
    <ele>2295.6</ele>
   </trkpt>
   <trkpt lat="45.6040140" lon="24.6898300">
    <ele>2295.6</ele>
   </trkpt>
   <trkpt lat="45.6040140" lon="24.6898300">
    <ele>2295.6</ele>
   </trkpt>
   <trkpt lat="45.6040140" lon="24.6898300">
    <ele>2295.6</ele>
   </trkpt>
   <trkpt lat="45.6040140" lon="24.6898300">
    <ele>2295.6</ele>
   </trkpt>
   <trkpt lat="45.6040140" lon="24.6898290">
    <ele>2295.6</ele>
   </trkpt>
   <trkpt lat="45.6040150" lon="24.6898290">
    <ele>2295.6</ele>
   </trkpt>
   <trkpt lat="45.6040150" lon="24.6898290">
    <ele>2295.6</ele>
   </trkpt>
   <trkpt lat="45.6040150" lon="24.6898280">
    <ele>2295.6</ele>
   </trkpt>
   <trkpt lat="45.6040150" lon="24.6898280">
    <ele>2295.6</ele>
   </trkpt>
   <trkpt lat="45.6040150" lon="24.6898280">
    <ele>2295.6</ele>
   </trkpt>
   <trkpt lat="45.6040160" lon="24.6898280">
    <ele>2295.6</ele>
   </trkpt>
   <trkpt lat="45.6040160" lon="24.6898270">
    <ele>2295.6</ele>
   </trkpt>
   <trkpt lat="45.6040160" lon="24.6898270">
    <ele>2295.6</ele>
   </trkpt>
   <trkpt lat="45.6040170" lon="24.6898270">
    <ele>2295.6</ele>
   </trkpt>
   <trkpt lat="45.6040170" lon="24.6898260">
    <ele>2295.6</ele>
   </trkpt>
   <trkpt lat="45.6040170" lon="24.6898260">
    <ele>2295.6</ele>
   </trkpt>
   <trkpt lat="45.6040170" lon="24.6898260">
    <ele>2295.6</ele>
   </trkpt>
   <trkpt lat="45.6040170" lon="24.6898260">
    <ele>2295.6</ele>
   </trkpt>
   <trkpt lat="45.6040170" lon="24.6898250">
    <ele>2295.6</ele>
   </trkpt>
   <trkpt lat="45.6040170" lon="24.6898250">
    <ele>2295.6</ele>
   </trkpt>
   <trkpt lat="45.6040160" lon="24.6898250">
    <ele>2295.6</ele>
   </trkpt>
   <trkpt lat="45.6040160" lon="24.6898240">
    <ele>2295.6</ele>
   </trkpt>
   <trkpt lat="45.6040160" lon="24.6898240">
    <ele>2295.6</ele>
   </trkpt>
   <trkpt lat="45.6040170" lon="24.6898240">
    <ele>2295.6</ele>
   </trkpt>
   <trkpt lat="45.6040170" lon="24.6898240">
    <ele>2295.6</ele>
   </trkpt>
   <trkpt lat="45.6040170" lon="24.6898230">
    <ele>2295.6</ele>
   </trkpt>
   <trkpt lat="45.6040170" lon="24.6898230">
    <ele>2295.6</ele>
   </trkpt>
   <trkpt lat="45.6040170" lon="24.6898230">
    <ele>2295.6</ele>
   </trkpt>
   <trkpt lat="45.6040180" lon="24.6898220">
    <ele>2295.6</ele>
   </trkpt>
   <trkpt lat="45.6040180" lon="24.6898220">
    <ele>2295.6</ele>
   </trkpt>
   <trkpt lat="45.6040180" lon="24.6898220">
    <ele>2295.6</ele>
   </trkpt>
   <trkpt lat="45.6040180" lon="24.6898220">
    <ele>2295.6</ele>
   </trkpt>
   <trkpt lat="45.6040180" lon="24.6898220">
    <ele>2295.6</ele>
   </trkpt>
   <trkpt lat="45.6040170" lon="24.6898220">
    <ele>2295.6</ele>
   </trkpt>
   <trkpt lat="45.6040170" lon="24.6898210">
    <ele>2295.6</ele>
   </trkpt>
   <trkpt lat="45.6040170" lon="24.6898210">
    <ele>2295.6</ele>
   </trkpt>
   <trkpt lat="45.6040170" lon="24.6898210">
    <ele>2295.6</ele>
   </trkpt>
   <trkpt lat="45.6040170" lon="24.6898210">
    <ele>2295.6</ele>
   </trkpt>
   <trkpt lat="45.6040170" lon="24.6898210">
    <ele>2295.6</ele>
   </trkpt>
   <trkpt lat="45.6040170" lon="24.6898200">
    <ele>2295.6</ele>
   </trkpt>
   <trkpt lat="45.6040180" lon="24.6898200">
    <ele>2295.6</ele>
   </trkpt>
   <trkpt lat="45.6040180" lon="24.6898200">
    <ele>2295.6</ele>
   </trkpt>
   <trkpt lat="45.6040180" lon="24.6898200">
    <ele>2295.6</ele>
   </trkpt>
   <trkpt lat="45.6040230" lon="24.6898200">
    <ele>2295.6</ele>
   </trkpt>
   <trkpt lat="45.6040460" lon="24.6898350">
    <ele>2295.6</ele>
   </trkpt>
   <trkpt lat="45.6040610" lon="24.6898520">
    <ele>2295.6</ele>
   </trkpt>
   <trkpt lat="45.6040990" lon="24.6898860">
    <ele>2297.8</ele>
   </trkpt>
   <trkpt lat="45.6041080" lon="24.6899030">
    <ele>2298.2</ele>
   </trkpt>
   <trkpt lat="45.6041150" lon="24.6899070">
    <ele>2298.2</ele>
   </trkpt>
   <trkpt lat="45.6041260" lon="24.6899280">
    <ele>2297.8</ele>
   </trkpt>
   <trkpt lat="45.6041400" lon="24.6899610">
    <ele>2297.0</ele>
   </trkpt>
   <trkpt lat="45.6041430" lon="24.6899720">
    <ele>2296.4</ele>
   </trkpt>
   <trkpt lat="45.6041660" lon="24.6900150">
    <ele>2297.8</ele>
   </trkpt>
   <trkpt lat="45.6041740" lon="24.6900200">
    <ele>2298.4</ele>
   </trkpt>
   <trkpt lat="45.6041770" lon="24.6900310">
    <ele>2297.8</ele>
   </trkpt>
   <trkpt lat="45.6041880" lon="24.6900480">
    <ele>2297.6</ele>
   </trkpt>
   <trkpt lat="45.6042040" lon="24.6900700">
    <ele>2297.2</ele>
   </trkpt>
   <trkpt lat="45.6042110" lon="24.6900790">
    <ele>2297.2</ele>
   </trkpt>
   <trkpt lat="45.6042690" lon="24.6901220">
    <ele>2298.8</ele>
   </trkpt>
   <trkpt lat="45.6042800" lon="24.6901330">
    <ele>2298.6</ele>
   </trkpt>
   <trkpt lat="45.6042830" lon="24.6901450">
    <ele>2298.6</ele>
   </trkpt>
   <trkpt lat="45.6043200" lon="24.6901600">
    <ele>2298.8</ele>
   </trkpt>
   <trkpt lat="45.6043270" lon="24.6901650">
    <ele>2299.0</ele>
   </trkpt>
   <trkpt lat="45.6043430" lon="24.6901770">
    <ele>2299.2</ele>
   </trkpt>
   <trkpt lat="45.6043520" lon="24.6902080">
    <ele>2299.2</ele>
   </trkpt>
   <trkpt lat="45.6043630" lon="24.6902240">
    <ele>2299.0</ele>
   </trkpt>
   <trkpt lat="45.6043740" lon="24.6902390">
    <ele>2299.0</ele>
   </trkpt>
   <trkpt lat="45.6044210" lon="24.6903170">
    <ele>2298.8</ele>
   </trkpt>
   <trkpt lat="45.6044360" lon="24.6903370">
    <ele>2298.8</ele>
   </trkpt>
   <trkpt lat="45.6044530" lon="24.6903720">
    <ele>2298.8</ele>
   </trkpt>
   <trkpt lat="45.6044700" lon="24.6903920">
    <ele>2298.8</ele>
   </trkpt>
   <trkpt lat="45.6045410" lon="24.6904610">
    <ele>2299.4</ele>
   </trkpt>
   <trkpt lat="45.6045410" lon="24.6904600">
    <ele>2299.6</ele>
   </trkpt>
   <trkpt lat="45.6045370" lon="24.6904560">
    <ele>2299.2</ele>
   </trkpt>
   <trkpt lat="45.6045370" lon="24.6904560">
    <ele>2299.2</ele>
   </trkpt>
   <trkpt lat="45.6045370" lon="24.6904560">
    <ele>2299.2</ele>
   </trkpt>
   <trkpt lat="45.6045370" lon="24.6904560">
    <ele>2299.2</ele>
   </trkpt>
   <trkpt lat="45.6045370" lon="24.6904560">
    <ele>2299.0</ele>
   </trkpt>
   <trkpt lat="45.6045380" lon="24.6904570">
    <ele>2299.0</ele>
   </trkpt>
   <trkpt lat="45.6045700" lon="24.6905180">
    <ele>2298.0</ele>
   </trkpt>
   <trkpt lat="45.6045720" lon="24.6905250">
    <ele>2297.8</ele>
   </trkpt>
   <trkpt lat="45.6045740" lon="24.6905610">
    <ele>2298.2</ele>
   </trkpt>
   <trkpt lat="45.6045750" lon="24.6905590">
    <ele>2298.2</ele>
   </trkpt>
   <trkpt lat="45.6045750" lon="24.6905590">
    <ele>2298.2</ele>
   </trkpt>
   <trkpt lat="45.6045740" lon="24.6905550">
    <ele>2298.8</ele>
   </trkpt>
   <trkpt lat="45.6045700" lon="24.6905490">
    <ele>2299.0</ele>
   </trkpt>
   <trkpt lat="45.6045700" lon="24.6905420">
    <ele>2299.0</ele>
   </trkpt>
   <trkpt lat="45.6045730" lon="24.6905410">
    <ele>2298.2</ele>
   </trkpt>
   <trkpt lat="45.6045730" lon="24.6905410">
    <ele>2297.8</ele>
   </trkpt>
   <trkpt lat="45.6045750" lon="24.6905410">
    <ele>2297.4</ele>
   </trkpt>
   <trkpt lat="45.6045820" lon="24.6905690">
    <ele>2297.4</ele>
   </trkpt>
   <trkpt lat="45.6046110" lon="24.6906380">
    <ele>2297.0</ele>
   </trkpt>
   <trkpt lat="45.6046560" lon="24.6907290">
    <ele>2297.2</ele>
   </trkpt>
   <trkpt lat="45.6046610" lon="24.6907400">
    <ele>2297.2</ele>
   </trkpt>
   <trkpt lat="45.6046650" lon="24.6907520">
    <ele>2297.4</ele>
   </trkpt>
   <trkpt lat="45.6046620" lon="24.6907540">
    <ele>2297.4</ele>
   </trkpt>
   <trkpt lat="45.6046630" lon="24.6907510">
    <ele>2297.4</ele>
   </trkpt>
   <trkpt lat="45.6046700" lon="24.6907440">
    <ele>2297.6</ele>
   </trkpt>
   <trkpt lat="45.6046660" lon="24.6907350">
    <ele>2297.4</ele>
   </trkpt>
   <trkpt lat="45.6047330" lon="24.6908590">
    <ele>2297.4</ele>
   </trkpt>
   <trkpt lat="45.6047640" lon="24.6909450">
    <ele>2297.2</ele>
   </trkpt>
   <trkpt lat="45.6047660" lon="24.6909600">
    <ele>2297.2</ele>
   </trkpt>
   <trkpt lat="45.6047720" lon="24.6910410">
    <ele>2297.0</ele>
   </trkpt>
   <trkpt lat="45.6047840" lon="24.6911090">
    <ele>2297.2</ele>
   </trkpt>
   <trkpt lat="45.6047940" lon="24.6911280">
    <ele>2297.2</ele>
   </trkpt>
   <trkpt lat="45.6047950" lon="24.6911420">
    <ele>2297.2</ele>
   </trkpt>
   <trkpt lat="45.6047940" lon="24.6911940">
    <ele>2296.6</ele>
   </trkpt>
   <trkpt lat="45.6048190" lon="24.6912850">
    <ele>2296.4</ele>
   </trkpt>
   <trkpt lat="45.6048270" lon="24.6913150">
    <ele>2296.4</ele>
   </trkpt>
   <trkpt lat="45.6048460" lon="24.6913880">
    <ele>2297.6</ele>
   </trkpt>
   <trkpt lat="45.6048490" lon="24.6913970">
    <ele>2297.6</ele>
   </trkpt>
   <trkpt lat="45.6048560" lon="24.6914660">
    <ele>2298.2</ele>
   </trkpt>
   <trkpt lat="45.6048560" lon="24.6914940">
    <ele>2298.2</ele>
   </trkpt>
   <trkpt lat="45.6048630" lon="24.6915210">
    <ele>2298.2</ele>
   </trkpt>
   <trkpt lat="45.6048810" lon="24.6915850">
    <ele>2298.8</ele>
   </trkpt>
   <trkpt lat="45.6048860" lon="24.6916280">
    <ele>2299.2</ele>
   </trkpt>
   <trkpt lat="45.6048850" lon="24.6916420">
    <ele>2299.2</ele>
   </trkpt>
   <trkpt lat="45.6048910" lon="24.6916690">
    <ele>2299.2</ele>
   </trkpt>
   <trkpt lat="45.6049140" lon="24.6917230">
    <ele>2300.0</ele>
   </trkpt>
   <trkpt lat="45.6049140" lon="24.6917390">
    <ele>2300.0</ele>
   </trkpt>
   <trkpt lat="45.6049070" lon="24.6918010">
    <ele>2300.4</ele>
   </trkpt>
   <trkpt lat="45.6049140" lon="24.6918660">
    <ele>2301.0</ele>
   </trkpt>
   <trkpt lat="45.6049140" lon="24.6918770">
    <ele>2301.0</ele>
   </trkpt>
   <trkpt lat="45.6049150" lon="24.6919440">
    <ele>2302.2</ele>
   </trkpt>
   <trkpt lat="45.6049120" lon="24.6920080">
    <ele>2302.4</ele>
   </trkpt>
   <trkpt lat="45.6049150" lon="24.6920450">
    <ele>2302.4</ele>
   </trkpt>
   <trkpt lat="45.6049140" lon="24.6920860">
    <ele>2303.2</ele>
   </trkpt>
   <trkpt lat="45.6049150" lon="24.6920930">
    <ele>2303.6</ele>
   </trkpt>
   <trkpt lat="45.6049250" lon="24.6921190">
    <ele>2304.2</ele>
   </trkpt>
   <trkpt lat="45.6049230" lon="24.6921450">
    <ele>2304.4</ele>
   </trkpt>
   <trkpt lat="45.6049140" lon="24.6921760">
    <ele>2304.8</ele>
   </trkpt>
   <trkpt lat="45.6049200" lon="24.6922360">
    <ele>2305.2</ele>
   </trkpt>
   <trkpt lat="45.6049210" lon="24.6922450">
    <ele>2305.2</ele>
   </trkpt>
   <trkpt lat="45.6049270" lon="24.6922520">
    <ele>2305.6</ele>
   </trkpt>
   <trkpt lat="45.6049330" lon="24.6922700">
    <ele>2306.2</ele>
   </trkpt>
   <trkpt lat="45.6049330" lon="24.6922810">
    <ele>2306.6</ele>
   </trkpt>
   <trkpt lat="45.6049390" lon="24.6922980">
    <ele>2306.8</ele>
   </trkpt>
   <trkpt lat="45.6049500" lon="24.6923250">
    <ele>2307.8</ele>
   </trkpt>
   <trkpt lat="45.6049460" lon="24.6923510">
    <ele>2307.8</ele>
   </trkpt>
   <trkpt lat="45.6049400" lon="24.6923740">
    <ele>2308.2</ele>
   </trkpt>
   <trkpt lat="45.6049380" lon="24.6923940">
    <ele>2308.4</ele>
   </trkpt>
   <trkpt lat="45.6049370" lon="24.6924020">
    <ele>2308.6</ele>
   </trkpt>
   <trkpt lat="45.6049430" lon="24.6924140">
    <ele>2308.8</ele>
   </trkpt>
   <trkpt lat="45.6049430" lon="24.6924260">
    <ele>2309.0</ele>
   </trkpt>
   <trkpt lat="45.6049410" lon="24.6924580">
    <ele>2309.8</ele>
   </trkpt>
   <trkpt lat="45.6049340" lon="24.6924800">
    <ele>2310.2</ele>
   </trkpt>
   <trkpt lat="45.6049270" lon="24.6925220">
    <ele>2310.8</ele>
   </trkpt>
   <trkpt lat="45.6049190" lon="24.6925440">
    <ele>2311.2</ele>
   </trkpt>
   <trkpt lat="45.6049220" lon="24.6925700">
    <ele>2312.0</ele>
   </trkpt>
   <trkpt lat="45.6049270" lon="24.6926180">
    <ele>2312.8</ele>
   </trkpt>
   <trkpt lat="45.6049280" lon="24.6926250">
    <ele>2313.0</ele>
   </trkpt>
   <trkpt lat="45.6049350" lon="24.6926670">
    <ele>2313.8</ele>
   </trkpt>
   <trkpt lat="45.6049350" lon="24.6926820">
    <ele>2314.0</ele>
   </trkpt>
   <trkpt lat="45.6049220" lon="24.6927300">
    <ele>2315.0</ele>
   </trkpt>
   <trkpt lat="45.6049080" lon="24.6928060">
    <ele>2316.2</ele>
   </trkpt>
   <trkpt lat="45.6049050" lon="24.6928130">
    <ele>2316.4</ele>
   </trkpt>
   <trkpt lat="45.6048660" lon="24.6929070">
    <ele>2317.2</ele>
   </trkpt>
   <trkpt lat="45.6048400" lon="24.6929860">
    <ele>2318.0</ele>
   </trkpt>
   <trkpt lat="45.6048360" lon="24.6930070">
    <ele>2318.2</ele>
   </trkpt>
   <trkpt lat="45.6048300" lon="24.6930250">
    <ele>2318.6</ele>
   </trkpt>
   <trkpt lat="45.6048160" lon="24.6930670">
    <ele>2319.4</ele>
   </trkpt>
   <trkpt lat="45.6048180" lon="24.6931240">
    <ele>2319.6</ele>
   </trkpt>
   <trkpt lat="45.6048180" lon="24.6931340">
    <ele>2319.6</ele>
   </trkpt>
   <trkpt lat="45.6047990" lon="24.6932130">
    <ele>2319.8</ele>
   </trkpt>
   <trkpt lat="45.6047810" lon="24.6932870">
    <ele>2320.0</ele>
   </trkpt>
   <trkpt lat="45.6047660" lon="24.6933420">
    <ele>2320.2</ele>
   </trkpt>
   <trkpt lat="45.6047700" lon="24.6933560">
    <ele>2320.4</ele>
   </trkpt>
   <trkpt lat="45.6047710" lon="24.6933770">
    <ele>2320.8</ele>
   </trkpt>
   <trkpt lat="45.6047720" lon="24.6933880">
    <ele>2320.8</ele>
   </trkpt>
   <trkpt lat="45.6047760" lon="24.6934490">
    <ele>2322.0</ele>
   </trkpt>
   <trkpt lat="45.6047700" lon="24.6934570">
    <ele>2322.6</ele>
   </trkpt>
   <trkpt lat="45.6047480" lon="24.6935320">
    <ele>2322.0</ele>
   </trkpt>
   <trkpt lat="45.6047430" lon="24.6935750">
    <ele>2322.2</ele>
   </trkpt>
   <trkpt lat="45.6047430" lon="24.6935970">
    <ele>2322.6</ele>
   </trkpt>
   <trkpt lat="45.6047480" lon="24.6936250">
    <ele>2323.2</ele>
   </trkpt>
   <trkpt lat="45.6047370" lon="24.6936890">
    <ele>2324.2</ele>
   </trkpt>
   <trkpt lat="45.6047330" lon="24.6937200">
    <ele>2324.2</ele>
   </trkpt>
   <trkpt lat="45.6047270" lon="24.6938370">
    <ele>2325.0</ele>
   </trkpt>
   <trkpt lat="45.6047290" lon="24.6938440">
    <ele>2325.0</ele>
   </trkpt>
   <trkpt lat="45.6047330" lon="24.6938490">
    <ele>2325.2</ele>
   </trkpt>
   <trkpt lat="45.6047350" lon="24.6939050">
    <ele>2326.0</ele>
   </trkpt>
   <trkpt lat="45.6047320" lon="24.6939170">
    <ele>2326.4</ele>
   </trkpt>
   <trkpt lat="45.6047180" lon="24.6940180">
    <ele>2327.4</ele>
   </trkpt>
   <trkpt lat="45.6047110" lon="24.6940480">
    <ele>2327.4</ele>
   </trkpt>
   <trkpt lat="45.6047080" lon="24.6941160">
    <ele>2327.6</ele>
   </trkpt>
   <trkpt lat="45.6046990" lon="24.6942110">
    <ele>2327.8</ele>
   </trkpt>
   <trkpt lat="45.6046990" lon="24.6942220">
    <ele>2328.0</ele>
   </trkpt>
   <trkpt lat="45.6046920" lon="24.6942510">
    <ele>2328.4</ele>
   </trkpt>
   <trkpt lat="45.6046840" lon="24.6943080">
    <ele>2328.8</ele>
   </trkpt>
   <trkpt lat="45.6046830" lon="24.6943150">
    <ele>2328.8</ele>
   </trkpt>
   <trkpt lat="45.6046830" lon="24.6943230">
    <ele>2328.8</ele>
   </trkpt>
   <trkpt lat="45.6046860" lon="24.6943300">
    <ele>2328.8</ele>
   </trkpt>
   <trkpt lat="45.6046940" lon="24.6943690">
    <ele>2329.0</ele>
   </trkpt>
   <trkpt lat="45.6046880" lon="24.6943930">
    <ele>2329.6</ele>
   </trkpt>
   <trkpt lat="45.6046880" lon="24.6944070">
    <ele>2329.8</ele>
   </trkpt>
   <trkpt lat="45.6046900" lon="24.6945260">
    <ele>2330.0</ele>
   </trkpt>
   <trkpt lat="45.6047000" lon="24.6945570">
    <ele>2330.8</ele>
   </trkpt>
   <trkpt lat="45.6046930" lon="24.6945720">
    <ele>2331.2</ele>
   </trkpt>
   <trkpt lat="45.6046950" lon="24.6945890">
    <ele>2331.8</ele>
   </trkpt>
   <trkpt lat="45.6046920" lon="24.6945890">
    <ele>2331.6</ele>
   </trkpt>
   <trkpt lat="45.6046870" lon="24.6945930">
    <ele>2331.8</ele>
   </trkpt>
   <trkpt lat="45.6046690" lon="24.6946080">
    <ele>2331.8</ele>
   </trkpt>
   <trkpt lat="45.6046640" lon="24.6946160">
    <ele>2331.8</ele>
   </trkpt>
   <trkpt lat="45.6046580" lon="24.6946260">
    <ele>2331.6</ele>
   </trkpt>
   <trkpt lat="45.6046570" lon="24.6946300">
    <ele>2331.8</ele>
   </trkpt>
   <trkpt lat="45.6046630" lon="24.6946330">
    <ele>2331.8</ele>
   </trkpt>
   <trkpt lat="45.6046880" lon="24.6947010">
    <ele>2331.8</ele>
   </trkpt>
   <trkpt lat="45.6046950" lon="24.6947290">
    <ele>2331.8</ele>
   </trkpt>
   <trkpt lat="45.6046980" lon="24.6947440">
    <ele>2331.8</ele>
   </trkpt>
   <trkpt lat="45.6047010" lon="24.6947650">
    <ele>2331.8</ele>
   </trkpt>
   <trkpt lat="45.6046980" lon="24.6948100">
    <ele>2331.8</ele>
   </trkpt>
   <trkpt lat="45.6046990" lon="24.6948430">
    <ele>2331.8</ele>
   </trkpt>
   <trkpt lat="45.6047070" lon="24.6949010">
    <ele>2331.8</ele>
   </trkpt>
   <trkpt lat="45.6047100" lon="24.6949620">
    <ele>2331.8</ele>
   </trkpt>
   <trkpt lat="45.6047050" lon="24.6950150">
    <ele>2332.2</ele>
   </trkpt>
   <trkpt lat="45.6047040" lon="24.6950220">
    <ele>2332.2</ele>
   </trkpt>
   <trkpt lat="45.6047220" lon="24.6950510">
    <ele>2332.6</ele>
   </trkpt>
   <trkpt lat="45.6047240" lon="24.6950730">
    <ele>2332.6</ele>
   </trkpt>
   <trkpt lat="45.6047250" lon="24.6950870">
    <ele>2333.0</ele>
   </trkpt>
   <trkpt lat="45.6047230" lon="24.6951510">
    <ele>2333.2</ele>
   </trkpt>
   <trkpt lat="45.6047210" lon="24.6951860">
    <ele>2333.6</ele>
   </trkpt>
   <trkpt lat="45.6047150" lon="24.6952400">
    <ele>2333.8</ele>
   </trkpt>
   <trkpt lat="45.6047120" lon="24.6952530">
    <ele>2334.0</ele>
   </trkpt>
   <trkpt lat="45.6046960" lon="24.6952900">
    <ele>2334.0</ele>
   </trkpt>
   <trkpt lat="45.6046810" lon="24.6953590">
    <ele>2334.8</ele>
   </trkpt>
   <trkpt lat="45.6046800" lon="24.6953710">
    <ele>2335.0</ele>
   </trkpt>
   <trkpt lat="45.6046750" lon="24.6953910">
    <ele>2335.2</ele>
   </trkpt>
   <trkpt lat="45.6046700" lon="24.6954250">
    <ele>2335.6</ele>
   </trkpt>
   <trkpt lat="45.6046690" lon="24.6954370">
    <ele>2335.8</ele>
   </trkpt>
   <trkpt lat="45.6046680" lon="24.6954470">
    <ele>2336.0</ele>
   </trkpt>
   <trkpt lat="45.6046660" lon="24.6954580">
    <ele>2336.0</ele>
   </trkpt>
   <trkpt lat="45.6046450" lon="24.6955110">
    <ele>2336.6</ele>
   </trkpt>
   <trkpt lat="45.6046380" lon="24.6955310">
    <ele>2336.6</ele>
   </trkpt>
   <trkpt lat="45.6046360" lon="24.6955440">
    <ele>2336.6</ele>
   </trkpt>
   <trkpt lat="45.6046320" lon="24.6955540">
    <ele>2336.6</ele>
   </trkpt>
   <trkpt lat="45.6045970" lon="24.6956210">
    <ele>2336.8</ele>
   </trkpt>
   <trkpt lat="45.6045950" lon="24.6956300">
    <ele>2337.2</ele>
   </trkpt>
   <trkpt lat="45.6045820" lon="24.6956760">
    <ele>2338.0</ele>
   </trkpt>
   <trkpt lat="45.6045740" lon="24.6957120">
    <ele>2338.2</ele>
   </trkpt>
   <trkpt lat="45.6045630" lon="24.6957520">
    <ele>2338.4</ele>
   </trkpt>
   <trkpt lat="45.6045550" lon="24.6957710">
    <ele>2338.8</ele>
   </trkpt>
   <trkpt lat="45.6045510" lon="24.6957740">
    <ele>2338.8</ele>
   </trkpt>
   <trkpt lat="45.6045510" lon="24.6957740">
    <ele>2338.8</ele>
   </trkpt>
   <trkpt lat="45.6045510" lon="24.6957740">
    <ele>2339.0</ele>
   </trkpt>
   <trkpt lat="45.6045510" lon="24.6957710">
    <ele>2339.0</ele>
   </trkpt>
   <trkpt lat="45.6045510" lon="24.6957710">
    <ele>2339.2</ele>
   </trkpt>
   <trkpt lat="45.6045220" lon="24.6958550">
    <ele>2339.6</ele>
   </trkpt>
   <trkpt lat="45.6044850" lon="24.6959870">
    <ele>2340.0</ele>
   </trkpt>
   <trkpt lat="45.6044440" lon="24.6961080">
    <ele>2339.6</ele>
   </trkpt>
   <trkpt lat="45.6044260" lon="24.6961750">
    <ele>2339.4</ele>
   </trkpt>
   <trkpt lat="45.6044240" lon="24.6961860">
    <ele>2339.4</ele>
   </trkpt>
   <trkpt lat="45.6044120" lon="24.6962290">
    <ele>2338.8</ele>
   </trkpt>
   <trkpt lat="45.6044090" lon="24.6962320">
    <ele>2338.8</ele>
   </trkpt>
   <trkpt lat="45.6044060" lon="24.6962350">
    <ele>2338.8</ele>
   </trkpt>
   <trkpt lat="45.6044010" lon="24.6962390">
    <ele>2338.6</ele>
   </trkpt>
   <trkpt lat="45.6043820" lon="24.6962580">
    <ele>2338.4</ele>
   </trkpt>
   <trkpt lat="45.6043800" lon="24.6962670">
    <ele>2338.2</ele>
   </trkpt>
   <trkpt lat="45.6043760" lon="24.6962820">
    <ele>2338.0</ele>
   </trkpt>
   <trkpt lat="45.6043820" lon="24.6963170">
    <ele>2337.6</ele>
   </trkpt>
   <trkpt lat="45.6043500" lon="24.6963490">
    <ele>2337.2</ele>
   </trkpt>
   <trkpt lat="45.6043470" lon="24.6963550">
    <ele>2337.0</ele>
   </trkpt>
   <trkpt lat="45.6043180" lon="24.6963910">
    <ele>2336.2</ele>
   </trkpt>
   <trkpt lat="45.6043120" lon="24.6964010">
    <ele>2336.0</ele>
   </trkpt>
   <trkpt lat="45.6043050" lon="24.6964490">
    <ele>2335.2</ele>
   </trkpt>
   <trkpt lat="45.6043040" lon="24.6964620">
    <ele>2335.0</ele>
   </trkpt>
   <trkpt lat="45.6042900" lon="24.6964840">
    <ele>2335.0</ele>
   </trkpt>
   <trkpt lat="45.6042780" lon="24.6965050">
    <ele>2335.0</ele>
   </trkpt>
   <trkpt lat="45.6042740" lon="24.6965180">
    <ele>2334.8</ele>
   </trkpt>
   <trkpt lat="45.6042710" lon="24.6965340">
    <ele>2334.8</ele>
   </trkpt>
   <trkpt lat="45.6042430" lon="24.6965890">
    <ele>2333.6</ele>
   </trkpt>
   <trkpt lat="45.6042320" lon="24.6966390">
    <ele>2332.8</ele>
   </trkpt>
   <trkpt lat="45.6042260" lon="24.6966620">
    <ele>2332.6</ele>
   </trkpt>
   <trkpt lat="45.6042210" lon="24.6966810">
    <ele>2332.4</ele>
   </trkpt>
   <trkpt lat="45.6042250" lon="24.6966860">
    <ele>2332.2</ele>
   </trkpt>
   <trkpt lat="45.6042240" lon="24.6966850">
    <ele>2332.4</ele>
   </trkpt>
   <trkpt lat="45.6042220" lon="24.6966810">
    <ele>2332.2</ele>
   </trkpt>
   <trkpt lat="45.6042210" lon="24.6966720">
    <ele>2331.4</ele>
   </trkpt>
   <trkpt lat="45.6042160" lon="24.6966880">
    <ele>2332.6</ele>
   </trkpt>
   <trkpt lat="45.6042200" lon="24.6966890">
    <ele>2332.6</ele>
   </trkpt>
   <trkpt lat="45.6042210" lon="24.6966890">
    <ele>2332.6</ele>
   </trkpt>
   <trkpt lat="45.6042250" lon="24.6966930">
    <ele>2331.6</ele>
   </trkpt>
   <trkpt lat="45.6042150" lon="24.6966990">
    <ele>2331.2</ele>
   </trkpt>
   <trkpt lat="45.6042150" lon="24.6966990">
    <ele>2331.2</ele>
   </trkpt>
   <trkpt lat="45.6041970" lon="24.6967240">
    <ele>2331.2</ele>
   </trkpt>
   <trkpt lat="45.6041920" lon="24.6967260">
    <ele>2331.2</ele>
   </trkpt>
   <trkpt lat="45.6041920" lon="24.6967260">
    <ele>2331.2</ele>
   </trkpt>
   <trkpt lat="45.6041280" lon="24.6967800">
    <ele>2331.8</ele>
   </trkpt>
   <trkpt lat="45.6041120" lon="24.6967960">
    <ele>2331.8</ele>
   </trkpt>
   <trkpt lat="45.6040950" lon="24.6968170">
    <ele>2332.2</ele>
   </trkpt>
   <trkpt lat="45.6040840" lon="24.6968310">
    <ele>2332.2</ele>
   </trkpt>
   <trkpt lat="45.6040750" lon="24.6968400">
    <ele>2333.2</ele>
   </trkpt>
   <trkpt lat="45.6040650" lon="24.6968410">
    <ele>2333.4</ele>
   </trkpt>
   <trkpt lat="45.6040530" lon="24.6968510">
    <ele>2333.6</ele>
   </trkpt>
   <trkpt lat="45.6040400" lon="24.6968640">
    <ele>2333.6</ele>
   </trkpt>
   <trkpt lat="45.6040170" lon="24.6968860">
    <ele>2333.8</ele>
   </trkpt>
   <trkpt lat="45.6040060" lon="24.6969050">
    <ele>2334.0</ele>
   </trkpt>
   <trkpt lat="45.6039990" lon="24.6969130">
    <ele>2334.0</ele>
   </trkpt>
   <trkpt lat="45.6039630" lon="24.6969480">
    <ele>2334.4</ele>
   </trkpt>
   <trkpt lat="45.6039580" lon="24.6969590">
    <ele>2334.4</ele>
   </trkpt>
   <trkpt lat="45.6039560" lon="24.6969680">
    <ele>2334.4</ele>
   </trkpt>
   <trkpt lat="45.6039550" lon="24.6969910">
    <ele>2334.6</ele>
   </trkpt>
   <trkpt lat="45.6039490" lon="24.6970070">
    <ele>2334.6</ele>
   </trkpt>
   <trkpt lat="45.6039430" lon="24.6970120">
    <ele>2334.8</ele>
   </trkpt>
   <trkpt lat="45.6039330" lon="24.6970160">
    <ele>2335.0</ele>
   </trkpt>
   <trkpt lat="45.6039240" lon="24.6970230">
    <ele>2335.2</ele>
   </trkpt>
   <trkpt lat="45.6039000" lon="24.6970390">
    <ele>2335.2</ele>
   </trkpt>
   <trkpt lat="45.6038920" lon="24.6970420">
    <ele>2335.2</ele>
   </trkpt>
   <trkpt lat="45.6038480" lon="24.6970690">
    <ele>2334.8</ele>
   </trkpt>
   <trkpt lat="45.6038420" lon="24.6970720">
    <ele>2334.8</ele>
   </trkpt>
   <trkpt lat="45.6038250" lon="24.6970860">
    <ele>2334.8</ele>
   </trkpt>
   <trkpt lat="45.6038240" lon="24.6970870">
    <ele>2334.8</ele>
   </trkpt>
   <trkpt lat="45.6038140" lon="24.6970850">
    <ele>2334.2</ele>
   </trkpt>
   <trkpt lat="45.6037880" lon="24.6971120">
    <ele>2334.2</ele>
   </trkpt>
   <trkpt lat="45.6037700" lon="24.6971310">
    <ele>2333.8</ele>
   </trkpt>
   <trkpt lat="45.6037660" lon="24.6971380">
    <ele>2333.8</ele>
   </trkpt>
   <trkpt lat="45.6037530" lon="24.6971550">
    <ele>2333.8</ele>
   </trkpt>
   <trkpt lat="45.6037290" lon="24.6971760">
    <ele>2334.0</ele>
   </trkpt>
   <trkpt lat="45.6037010" lon="24.6972020">
    <ele>2333.6</ele>
   </trkpt>
   <trkpt lat="45.6036830" lon="24.6972060">
    <ele>2333.2</ele>
   </trkpt>
   <trkpt lat="45.6036580" lon="24.6972270">
    <ele>2332.4</ele>
   </trkpt>
   <trkpt lat="45.6036060" lon="24.6972950">
    <ele>2332.4</ele>
   </trkpt>
   <trkpt lat="45.6035780" lon="24.6973270">
    <ele>2332.0</ele>
   </trkpt>
   <trkpt lat="45.6035340" lon="24.6973710">
    <ele>2331.0</ele>
   </trkpt>
   <trkpt lat="45.6035270" lon="24.6973820">
    <ele>2330.6</ele>
   </trkpt>
   <trkpt lat="45.6034720" lon="24.6974330">
    <ele>2330.0</ele>
   </trkpt>
   <trkpt lat="45.6034560" lon="24.6974440">
    <ele>2329.8</ele>
   </trkpt>
   <trkpt lat="45.6034170" lon="24.6974650">
    <ele>2329.4</ele>
   </trkpt>
   <trkpt lat="45.6034140" lon="24.6974700">
    <ele>2329.4</ele>
   </trkpt>
   <trkpt lat="45.6033920" lon="24.6974800">
    <ele>2329.0</ele>
   </trkpt>
   <trkpt lat="45.6033880" lon="24.6974800">
    <ele>2328.8</ele>
   </trkpt>
   <trkpt lat="45.6033860" lon="24.6974810">
    <ele>2328.6</ele>
   </trkpt>
   <trkpt lat="45.6033700" lon="24.6974940">
    <ele>2328.2</ele>
   </trkpt>
   <trkpt lat="45.6033490" lon="24.6975120">
    <ele>2327.8</ele>
   </trkpt>
   <trkpt lat="45.6033340" lon="24.6975260">
    <ele>2327.4</ele>
   </trkpt>
   <trkpt lat="45.6033140" lon="24.6975470">
    <ele>2326.8</ele>
   </trkpt>
   <trkpt lat="45.6033070" lon="24.6975560">
    <ele>2326.6</ele>
   </trkpt>
   <trkpt lat="45.6033040" lon="24.6975580">
    <ele>2326.6</ele>
   </trkpt>
   <trkpt lat="45.6032940" lon="24.6975720">
    <ele>2326.8</ele>
   </trkpt>
   <trkpt lat="45.6032870" lon="24.6975830">
    <ele>2327.0</ele>
   </trkpt>
   <trkpt lat="45.6032860" lon="24.6975910">
    <ele>2327.0</ele>
   </trkpt>
   <trkpt lat="45.6032840" lon="24.6976010">
    <ele>2326.8</ele>
   </trkpt>
   <trkpt lat="45.6032740" lon="24.6976070">
    <ele>2326.4</ele>
   </trkpt>
   <trkpt lat="45.6032510" lon="24.6976290">
    <ele>2325.6</ele>
   </trkpt>
   <trkpt lat="45.6032500" lon="24.6976310">
    <ele>2325.2</ele>
   </trkpt>
   <trkpt lat="45.6032210" lon="24.6976840">
    <ele>2325.4</ele>
   </trkpt>
   <trkpt lat="45.6032030" lon="24.6977050">
    <ele>2325.4</ele>
   </trkpt>
   <trkpt lat="45.6031950" lon="24.6977170">
    <ele>2324.8</ele>
   </trkpt>
   <trkpt lat="45.6031800" lon="24.6977420">
    <ele>2324.4</ele>
   </trkpt>
   <trkpt lat="45.6031650" lon="24.6977740">
    <ele>2324.0</ele>
   </trkpt>
   <trkpt lat="45.6031640" lon="24.6977840">
    <ele>2324.0</ele>
   </trkpt>
   <trkpt lat="45.6031600" lon="24.6977850">
    <ele>2324.0</ele>
   </trkpt>
   <trkpt lat="45.6031600" lon="24.6977850">
    <ele>2324.0</ele>
   </trkpt>
   <trkpt lat="45.6031600" lon="24.6977850">
    <ele>2324.0</ele>
   </trkpt>
   <trkpt lat="45.6031600" lon="24.6977850">
    <ele>2323.0</ele>
   </trkpt>
   <trkpt lat="45.6031600" lon="24.6977850">
    <ele>2323.0</ele>
   </trkpt>
   <trkpt lat="45.6031410" lon="24.6978130">
    <ele>2321.8</ele>
   </trkpt>
   <trkpt lat="45.6031020" lon="24.6978630">
    <ele>2321.6</ele>
   </trkpt>
   <trkpt lat="45.6030650" lon="24.6979120">
    <ele>2321.6</ele>
   </trkpt>
   <trkpt lat="45.6030450" lon="24.6979520">
    <ele>2321.6</ele>
   </trkpt>
   <trkpt lat="45.6030290" lon="24.6979900">
    <ele>2320.8</ele>
   </trkpt>
   <trkpt lat="45.6029860" lon="24.6980600">
    <ele>2320.6</ele>
   </trkpt>
   <trkpt lat="45.6029670" lon="24.6980730">
    <ele>2320.6</ele>
   </trkpt>
   <trkpt lat="45.6029490" lon="24.6980970">
    <ele>2319.8</ele>
   </trkpt>
   <trkpt lat="45.6029170" lon="24.6981270">
    <ele>2319.6</ele>
   </trkpt>
   <trkpt lat="45.6029010" lon="24.6981450">
    <ele>2319.2</ele>
   </trkpt>
   <trkpt lat="45.6028840" lon="24.6981560">
    <ele>2318.8</ele>
   </trkpt>
   <trkpt lat="45.6028780" lon="24.6981660">
    <ele>2318.8</ele>
   </trkpt>
   <trkpt lat="45.6028660" lon="24.6981620">
    <ele>2318.2</ele>
   </trkpt>
   <trkpt lat="45.6028710" lon="24.6981370">
    <ele>2317.6</ele>
   </trkpt>
   <trkpt lat="45.6028760" lon="24.6981360">
    <ele>2317.4</ele>
   </trkpt>
   <trkpt lat="45.6028760" lon="24.6981360">
    <ele>2317.4</ele>
   </trkpt>
   <trkpt lat="45.6028760" lon="24.6981360">
    <ele>2317.4</ele>
   </trkpt>
   <trkpt lat="45.6028760" lon="24.6981360">
    <ele>2317.4</ele>
   </trkpt>
   <trkpt lat="45.6028760" lon="24.6981360">
    <ele>2317.2</ele>
   </trkpt>
   <trkpt lat="45.6028760" lon="24.6981370">
    <ele>2317.2</ele>
   </trkpt>
   <trkpt lat="45.6028740" lon="24.6981380">
    <ele>2316.8</ele>
   </trkpt>
   <trkpt lat="45.6028730" lon="24.6981390">
    <ele>2316.6</ele>
   </trkpt>
   <trkpt lat="45.6028720" lon="24.6981420">
    <ele>2316.6</ele>
   </trkpt>
   <trkpt lat="45.6028690" lon="24.6981480">
    <ele>2315.8</ele>
   </trkpt>
   <trkpt lat="45.6028690" lon="24.6981490">
    <ele>2315.4</ele>
   </trkpt>
   <trkpt lat="45.6028320" lon="24.6982150">
    <ele>2315.2</ele>
   </trkpt>
   <trkpt lat="45.6027820" lon="24.6982710">
    <ele>2315.2</ele>
   </trkpt>
   <trkpt lat="45.6027780" lon="24.6982900">
    <ele>2315.2</ele>
   </trkpt>
   <trkpt lat="45.6027770" lon="24.6982970">
    <ele>2315.0</ele>
   </trkpt>
   <trkpt lat="45.6027650" lon="24.6983200">
    <ele>2315.2</ele>
   </trkpt>
   <trkpt lat="45.6027640" lon="24.6983260">
    <ele>2315.4</ele>
   </trkpt>
   <trkpt lat="45.6027510" lon="24.6983610">
    <ele>2316.0</ele>
   </trkpt>
   <trkpt lat="45.6027220" lon="24.6984190">
    <ele>2316.4</ele>
   </trkpt>
   <trkpt lat="45.6026960" lon="24.6984570">
    <ele>2316.6</ele>
   </trkpt>
   <trkpt lat="45.6026710" lon="24.6984990">
    <ele>2316.8</ele>
   </trkpt>
   <trkpt lat="45.6026460" lon="24.6985550">
    <ele>2317.0</ele>
   </trkpt>
   <trkpt lat="45.6026140" lon="24.6986050">
    <ele>2317.0</ele>
   </trkpt>
   <trkpt lat="45.6026010" lon="24.6986250">
    <ele>2317.0</ele>
   </trkpt>
   <trkpt lat="45.6025360" lon="24.6986900">
    <ele>2317.4</ele>
   </trkpt>
   <trkpt lat="45.6025010" lon="24.6987300">
    <ele>2317.6</ele>
   </trkpt>
   <trkpt lat="45.6024700" lon="24.6987600">
    <ele>2317.8</ele>
   </trkpt>
   <trkpt lat="45.6024610" lon="24.6987680">
    <ele>2317.8</ele>
   </trkpt>
   <trkpt lat="45.6024530" lon="24.6987790">
    <ele>2317.8</ele>
   </trkpt>
   <trkpt lat="45.6023920" lon="24.6988600">
    <ele>2318.4</ele>
   </trkpt>
   <trkpt lat="45.6022830" lon="24.6989600">
    <ele>2318.2</ele>
   </trkpt>
   <trkpt lat="45.6022170" lon="24.6990120">
    <ele>2317.8</ele>
   </trkpt>
   <trkpt lat="45.6021700" lon="24.6990490">
    <ele>2317.8</ele>
   </trkpt>
   <trkpt lat="45.6020890" lon="24.6991370">
    <ele>2317.0</ele>
   </trkpt>
   <trkpt lat="45.6020400" lon="24.6991840">
    <ele>2316.8</ele>
   </trkpt>
   <trkpt lat="45.6020210" lon="24.6992000">
    <ele>2316.6</ele>
   </trkpt>
   <trkpt lat="45.6020140" lon="24.6992060">
    <ele>2316.2</ele>
   </trkpt>
   <trkpt lat="45.6019600" lon="24.6992650">
    <ele>2315.6</ele>
   </trkpt>
   <trkpt lat="45.6019560" lon="24.6992750">
    <ele>2315.6</ele>
   </trkpt>
   <trkpt lat="45.6019200" lon="24.6993320">
    <ele>2315.6</ele>
   </trkpt>
   <trkpt lat="45.6019170" lon="24.6993450">
    <ele>2315.6</ele>
   </trkpt>
   <trkpt lat="45.6018670" lon="24.6994090">
    <ele>2316.4</ele>
   </trkpt>
   <trkpt lat="45.6018630" lon="24.6994160">
    <ele>2316.4</ele>
   </trkpt>
   <trkpt lat="45.6018570" lon="24.6994320">
    <ele>2316.6</ele>
   </trkpt>
   <trkpt lat="45.6018430" lon="24.6994530">
    <ele>2316.8</ele>
   </trkpt>
   <trkpt lat="45.6018370" lon="24.6994560">
    <ele>2317.0</ele>
   </trkpt>
   <trkpt lat="45.6018230" lon="24.6994620">
    <ele>2316.2</ele>
   </trkpt>
   <trkpt lat="45.6018080" lon="24.6994750">
    <ele>2316.2</ele>
   </trkpt>
   <trkpt lat="45.6017470" lon="24.6995220">
    <ele>2316.2</ele>
   </trkpt>
   <trkpt lat="45.6017100" lon="24.6995440">
    <ele>2316.2</ele>
   </trkpt>
   <trkpt lat="45.6016730" lon="24.6995840">
    <ele>2316.2</ele>
   </trkpt>
   <trkpt lat="45.6016590" lon="24.6996000">
    <ele>2316.2</ele>
   </trkpt>
   <trkpt lat="45.6016370" lon="24.6996420">
    <ele>2316.4</ele>
   </trkpt>
   <trkpt lat="45.6015830" lon="24.6997100">
    <ele>2317.0</ele>
   </trkpt>
   <trkpt lat="45.6015300" lon="24.6997570">
    <ele>2317.4</ele>
   </trkpt>
   <trkpt lat="45.6015130" lon="24.6997760">
    <ele>2317.6</ele>
   </trkpt>
   <trkpt lat="45.6015050" lon="24.6997850">
    <ele>2317.8</ele>
   </trkpt>
   <trkpt lat="45.6014710" lon="24.6998430">
    <ele>2318.4</ele>
   </trkpt>
   <trkpt lat="45.6014550" lon="24.6998780">
    <ele>2318.4</ele>
   </trkpt>
   <trkpt lat="45.6014500" lon="24.6998830">
    <ele>2318.6</ele>
   </trkpt>
   <trkpt lat="45.6014460" lon="24.6998850">
    <ele>2318.8</ele>
   </trkpt>
   <trkpt lat="45.6014350" lon="24.6998980">
    <ele>2319.0</ele>
   </trkpt>
   <trkpt lat="45.6014290" lon="24.6999020">
    <ele>2319.0</ele>
   </trkpt>
   <trkpt lat="45.6014310" lon="24.6998980">
    <ele>2318.8</ele>
   </trkpt>
   <trkpt lat="45.6014300" lon="24.6998990">
    <ele>2318.8</ele>
   </trkpt>
   <trkpt lat="45.6014330" lon="24.6999010">
    <ele>2319.2</ele>
   </trkpt>
   <trkpt lat="45.6014410" lon="24.6998980">
    <ele>2319.0</ele>
   </trkpt>
   <trkpt lat="45.6014430" lon="24.6998940">
    <ele>2319.4</ele>
   </trkpt>
   <trkpt lat="45.6014440" lon="24.6998920">
    <ele>2319.4</ele>
   </trkpt>
   <trkpt lat="45.6014450" lon="24.6998940">
    <ele>2318.8</ele>
   </trkpt>
   <trkpt lat="45.6014450" lon="24.6998920">
    <ele>2318.8</ele>
   </trkpt>
   <trkpt lat="45.6014450" lon="24.6998940">
    <ele>2318.8</ele>
   </trkpt>
   <trkpt lat="45.6014450" lon="24.6998940">
    <ele>2318.8</ele>
   </trkpt>
   <trkpt lat="45.6014440" lon="24.6998950">
    <ele>2318.8</ele>
   </trkpt>
   <trkpt lat="45.6014440" lon="24.6998960">
    <ele>2318.8</ele>
   </trkpt>
   <trkpt lat="45.6014430" lon="24.6998980">
    <ele>2318.8</ele>
   </trkpt>
   <trkpt lat="45.6014420" lon="24.6999000">
    <ele>2318.8</ele>
   </trkpt>
   <trkpt lat="45.6014420" lon="24.6999010">
    <ele>2318.8</ele>
   </trkpt>
   <trkpt lat="45.6014250" lon="24.6999040">
    <ele>2318.8</ele>
   </trkpt>
   <trkpt lat="45.6014280" lon="24.6999040">
    <ele>2318.8</ele>
   </trkpt>
   <trkpt lat="45.6014310" lon="24.6999030">
    <ele>2318.8</ele>
   </trkpt>
   <trkpt lat="45.6014300" lon="24.6999020">
    <ele>2318.8</ele>
   </trkpt>
   <trkpt lat="45.6014290" lon="24.6998990">
    <ele>2318.8</ele>
   </trkpt>
   <trkpt lat="45.6014300" lon="24.6998990">
    <ele>2318.8</ele>
   </trkpt>
   <trkpt lat="45.6014320" lon="24.6998990">
    <ele>2318.8</ele>
   </trkpt>
   <trkpt lat="45.6014320" lon="24.6998990">
    <ele>2318.8</ele>
   </trkpt>
   <trkpt lat="45.6014320" lon="24.6998990">
    <ele>2318.8</ele>
   </trkpt>
   <trkpt lat="45.6014320" lon="24.6998990">
    <ele>2318.8</ele>
   </trkpt>
   <trkpt lat="45.6014320" lon="24.6998990">
    <ele>2318.8</ele>
   </trkpt>
   <trkpt lat="45.6014320" lon="24.6998990">
    <ele>2318.8</ele>
   </trkpt>
   <trkpt lat="45.6014320" lon="24.6998990">
    <ele>2318.8</ele>
   </trkpt>
   <trkpt lat="45.6014320" lon="24.6998990">
    <ele>2318.8</ele>
   </trkpt>
   <trkpt lat="45.6014330" lon="24.6999000">
    <ele>2318.8</ele>
   </trkpt>
   <trkpt lat="45.6014330" lon="24.6999000">
    <ele>2318.8</ele>
   </trkpt>
   <trkpt lat="45.6014330" lon="24.6999000">
    <ele>2318.8</ele>
   </trkpt>
   <trkpt lat="45.6014320" lon="24.6999020">
    <ele>2318.8</ele>
   </trkpt>
   <trkpt lat="45.6014320" lon="24.6999020">
    <ele>2318.8</ele>
   </trkpt>
   <trkpt lat="45.6014320" lon="24.6999040">
    <ele>2318.8</ele>
   </trkpt>
   <trkpt lat="45.6014320" lon="24.6999040">
    <ele>2318.8</ele>
   </trkpt>
   <trkpt lat="45.6014320" lon="24.6999050">
    <ele>2318.8</ele>
   </trkpt>
   <trkpt lat="45.6014320" lon="24.6999050">
    <ele>2318.8</ele>
   </trkpt>
   <trkpt lat="45.6014320" lon="24.6999060">
    <ele>2318.8</ele>
   </trkpt>
   <trkpt lat="45.6014320" lon="24.6999060">
    <ele>2318.8</ele>
   </trkpt>
   <trkpt lat="45.6014320" lon="24.6999060">
    <ele>2318.8</ele>
   </trkpt>
   <trkpt lat="45.6014320" lon="24.6999070">
    <ele>2318.8</ele>
   </trkpt>
   <trkpt lat="45.6014320" lon="24.6999070">
    <ele>2318.8</ele>
   </trkpt>
   <trkpt lat="45.6014320" lon="24.6999070">
    <ele>2318.8</ele>
   </trkpt>
   <trkpt lat="45.6014320" lon="24.6999080">
    <ele>2318.8</ele>
   </trkpt>
   <trkpt lat="45.6014320" lon="24.6999080">
    <ele>2318.8</ele>
   </trkpt>
   <trkpt lat="45.6014320" lon="24.6999090">
    <ele>2318.8</ele>
   </trkpt>
   <trkpt lat="45.6014320" lon="24.6999100">
    <ele>2318.8</ele>
   </trkpt>
   <trkpt lat="45.6014320" lon="24.6999110">
    <ele>2318.8</ele>
   </trkpt>
   <trkpt lat="45.6014310" lon="24.6999130">
    <ele>2318.8</ele>
   </trkpt>
   <trkpt lat="45.6014310" lon="24.6999130">
    <ele>2318.8</ele>
   </trkpt>
   <trkpt lat="45.6014310" lon="24.6999140">
    <ele>2318.8</ele>
   </trkpt>
   <trkpt lat="45.6014310" lon="24.6999140">
    <ele>2318.8</ele>
   </trkpt>
   <trkpt lat="45.6014300" lon="24.6999150">
    <ele>2318.8</ele>
   </trkpt>
   <trkpt lat="45.6014300" lon="24.6999150">
    <ele>2318.8</ele>
   </trkpt>
   <trkpt lat="45.6014300" lon="24.6999140">
    <ele>2318.8</ele>
   </trkpt>
   <trkpt lat="45.6014300" lon="24.6999140">
    <ele>2318.8</ele>
   </trkpt>
   <trkpt lat="45.6014300" lon="24.6999140">
    <ele>2318.8</ele>
   </trkpt>
   <trkpt lat="45.6014560" lon="24.6999450">
    <ele>2318.8</ele>
   </trkpt>
   <trkpt lat="45.6014770" lon="24.6999610">
    <ele>2318.8</ele>
   </trkpt>
   <trkpt lat="45.6015150" lon="24.6999830">
    <ele>2318.8</ele>
   </trkpt>
   <trkpt lat="45.6015460" lon="24.7000100">
    <ele>2318.8</ele>
   </trkpt>
   <trkpt lat="45.6015740" lon="24.7000240">
    <ele>2318.6</ele>
   </trkpt>
   <trkpt lat="45.6015840" lon="24.7000370">
    <ele>2317.8</ele>
   </trkpt>
   <trkpt lat="45.6016110" lon="24.7000450">
    <ele>2317.4</ele>
   </trkpt>
   <trkpt lat="45.6016200" lon="24.7000490">
    <ele>2317.4</ele>
   </trkpt>
   <trkpt lat="45.6016330" lon="24.7000550">
    <ele>2317.2</ele>
   </trkpt>
   <trkpt lat="45.6016580" lon="24.7000880">
    <ele>2316.6</ele>
   </trkpt>
   <trkpt lat="45.6016990" lon="24.7001350">
    <ele>2316.0</ele>
   </trkpt>
   <trkpt lat="45.6017180" lon="24.7001290">
    <ele>2316.0</ele>
   </trkpt>
   <trkpt lat="45.6017700" lon="24.7001210">
    <ele>2315.4</ele>
   </trkpt>
   <trkpt lat="45.6017780" lon="24.7001350">
    <ele>2315.2</ele>
   </trkpt>
   <trkpt lat="45.6018030" lon="24.7001410">
    <ele>2314.6</ele>
   </trkpt>
   <trkpt lat="45.6018130" lon="24.7001390">
    <ele>2314.2</ele>
   </trkpt>
   <trkpt lat="45.6018210" lon="24.7001410">
    <ele>2313.8</ele>
   </trkpt>
   <trkpt lat="45.6018390" lon="24.7001580">
    <ele>2313.6</ele>
   </trkpt>
   <trkpt lat="45.6018650" lon="24.7001820">
    <ele>2313.0</ele>
   </trkpt>
   <trkpt lat="45.6018750" lon="24.7001920">
    <ele>2312.8</ele>
   </trkpt>
   <trkpt lat="45.6018970" lon="24.7002070">
    <ele>2312.0</ele>
   </trkpt>
   <trkpt lat="45.6019200" lon="24.7002360">
    <ele>2311.6</ele>
   </trkpt>
   <trkpt lat="45.6019260" lon="24.7002410">
    <ele>2311.0</ele>
   </trkpt>
   <trkpt lat="45.6019380" lon="24.7002470">
    <ele>2310.8</ele>
   </trkpt>
   <trkpt lat="45.6019540" lon="24.7002710">
    <ele>2310.0</ele>
   </trkpt>
   <trkpt lat="45.6019710" lon="24.7002710">
    <ele>2309.8</ele>
   </trkpt>
   <trkpt lat="45.6019790" lon="24.7002840">
    <ele>2309.8</ele>
   </trkpt>
   <trkpt lat="45.6019840" lon="24.7002920">
    <ele>2309.6</ele>
   </trkpt>
   <trkpt lat="45.6019850" lon="24.7003000">
    <ele>2309.2</ele>
   </trkpt>
   <trkpt lat="45.6019970" lon="24.7003210">
    <ele>2308.6</ele>
   </trkpt>
   <trkpt lat="45.6019970" lon="24.7003370">
    <ele>2308.2</ele>
   </trkpt>
   <trkpt lat="45.6020140" lon="24.7003540">
    <ele>2307.4</ele>
   </trkpt>
   <trkpt lat="45.6020420" lon="24.7003900">
    <ele>2306.2</ele>
   </trkpt>
   <trkpt lat="45.6020500" lon="24.7003950">
    <ele>2305.8</ele>
   </trkpt>
   <trkpt lat="45.6020610" lon="24.7004030">
    <ele>2305.4</ele>
   </trkpt>
   <trkpt lat="45.6020690" lon="24.7004080">
    <ele>2305.2</ele>
   </trkpt>
   <trkpt lat="45.6020900" lon="24.7004350">
    <ele>2304.6</ele>
   </trkpt>
   <trkpt lat="45.6020920" lon="24.7004430">
    <ele>2304.0</ele>
   </trkpt>
   <trkpt lat="45.6021140" lon="24.7004920">
    <ele>2302.8</ele>
   </trkpt>
   <trkpt lat="45.6021550" lon="24.7005400">
    <ele>2301.6</ele>
   </trkpt>
   <trkpt lat="45.6021610" lon="24.7005490">
    <ele>2301.4</ele>
   </trkpt>
   <trkpt lat="45.6022170" lon="24.7005910">
    <ele>2300.6</ele>
   </trkpt>
   <trkpt lat="45.6022250" lon="24.7005970">
    <ele>2300.6</ele>
   </trkpt>
   <trkpt lat="45.6022400" lon="24.7006060">
    <ele>2300.2</ele>
   </trkpt>
   <trkpt lat="45.6022460" lon="24.7006120">
    <ele>2300.0</ele>
   </trkpt>
   <trkpt lat="45.6022570" lon="24.7006290">
    <ele>2299.4</ele>
   </trkpt>
   <trkpt lat="45.6022630" lon="24.7006340">
    <ele>2299.4</ele>
   </trkpt>
   <trkpt lat="45.6022740" lon="24.7006490">
    <ele>2299.0</ele>
   </trkpt>
   <trkpt lat="45.6022820" lon="24.7006630">
    <ele>2299.0</ele>
   </trkpt>
   <trkpt lat="45.6022900" lon="24.7006590">
    <ele>2299.0</ele>
   </trkpt>
   <trkpt lat="45.6022990" lon="24.7006720">
    <ele>2298.2</ele>
   </trkpt>
   <trkpt lat="45.6023040" lon="24.7006800">
    <ele>2298.2</ele>
   </trkpt>
   <trkpt lat="45.6023150" lon="24.7007040">
    <ele>2297.8</ele>
   </trkpt>
   <trkpt lat="45.6023280" lon="24.7007190">
    <ele>2297.0</ele>
   </trkpt>
   <trkpt lat="45.6023390" lon="24.7007450">
    <ele>2296.2</ele>
   </trkpt>
   <trkpt lat="45.6023490" lon="24.7007540">
    <ele>2295.8</ele>
   </trkpt>
   <trkpt lat="45.6023910" lon="24.7007900">
    <ele>2295.0</ele>
   </trkpt>
   <trkpt lat="45.6024030" lon="24.7008090">
    <ele>2294.6</ele>
   </trkpt>
   <trkpt lat="45.6024120" lon="24.7008160">
    <ele>2294.4</ele>
   </trkpt>
   <trkpt lat="45.6024350" lon="24.7008320">
    <ele>2294.0</ele>
   </trkpt>
   <trkpt lat="45.6024460" lon="24.7008450">
    <ele>2293.6</ele>
   </trkpt>
   <trkpt lat="45.6024720" lon="24.7008790">
    <ele>2292.8</ele>
   </trkpt>
   <trkpt lat="45.6024770" lon="24.7008880">
    <ele>2292.6</ele>
   </trkpt>
   <trkpt lat="45.6024810" lon="24.7009060">
    <ele>2292.2</ele>
   </trkpt>
   <trkpt lat="45.6024840" lon="24.7009130">
    <ele>2291.6</ele>
   </trkpt>
   <trkpt lat="45.6024870" lon="24.7009340">
    <ele>2291.4</ele>
   </trkpt>
   <trkpt lat="45.6024930" lon="24.7009450">
    <ele>2291.4</ele>
   </trkpt>
   <trkpt lat="45.6025090" lon="24.7009640">
    <ele>2290.6</ele>
   </trkpt>
   <trkpt lat="45.6025110" lon="24.7009700">
    <ele>2290.4</ele>
   </trkpt>
   <trkpt lat="45.6025180" lon="24.7009790">
    <ele>2290.4</ele>
   </trkpt>
   <trkpt lat="45.6025230" lon="24.7009850">
    <ele>2290.2</ele>
   </trkpt>
   <trkpt lat="45.6025310" lon="24.7009890">
    <ele>2290.2</ele>
   </trkpt>
   <trkpt lat="45.6025340" lon="24.7010250">
    <ele>2289.0</ele>
   </trkpt>
   <trkpt lat="45.6025470" lon="24.7010410">
    <ele>2288.6</ele>
   </trkpt>
   <trkpt lat="45.6025720" lon="24.7010420">
    <ele>2288.0</ele>
   </trkpt>
   <trkpt lat="45.6025730" lon="24.7010440">
    <ele>2287.8</ele>
   </trkpt>
   <trkpt lat="45.6025610" lon="24.7010490">
    <ele>2287.6</ele>
   </trkpt>
   <trkpt lat="45.6025610" lon="24.7010490">
    <ele>2286.8</ele>
   </trkpt>
   <trkpt lat="45.6025740" lon="24.7010640">
    <ele>2286.0</ele>
   </trkpt>
   <trkpt lat="45.6025820" lon="24.7010770">
    <ele>2285.8</ele>
   </trkpt>
   <trkpt lat="45.6026060" lon="24.7011010">
    <ele>2285.4</ele>
   </trkpt>
   <trkpt lat="45.6026350" lon="24.7011220">
    <ele>2285.0</ele>
   </trkpt>
   <trkpt lat="45.6026520" lon="24.7011450">
    <ele>2285.0</ele>
   </trkpt>
   <trkpt lat="45.6026700" lon="24.7011640">
    <ele>2284.8</ele>
   </trkpt>
   <trkpt lat="45.6026970" lon="24.7011860">
    <ele>2284.0</ele>
   </trkpt>
   <trkpt lat="45.6027020" lon="24.7011910">
    <ele>2284.0</ele>
   </trkpt>
   <trkpt lat="45.6027110" lon="24.7012060">
    <ele>2283.8</ele>
   </trkpt>
   <trkpt lat="45.6027170" lon="24.7012120">
    <ele>2283.8</ele>
   </trkpt>
   <trkpt lat="45.6027260" lon="24.7012250">
    <ele>2283.6</ele>
   </trkpt>
   <trkpt lat="45.6027360" lon="24.7012620">
    <ele>2283.2</ele>
   </trkpt>
   <trkpt lat="45.6027520" lon="24.7012670">
    <ele>2282.8</ele>
   </trkpt>
   <trkpt lat="45.6027600" lon="24.7012720">
    <ele>2282.6</ele>
   </trkpt>
   <trkpt lat="45.6027900" lon="24.7013120">
    <ele>2282.2</ele>
   </trkpt>
   <trkpt lat="45.6028080" lon="24.7013420">
    <ele>2281.6</ele>
   </trkpt>
   <trkpt lat="45.6028160" lon="24.7013460">
    <ele>2281.6</ele>
   </trkpt>
   <trkpt lat="45.6028270" lon="24.7013460">
    <ele>2281.4</ele>
   </trkpt>
   <trkpt lat="45.6028410" lon="24.7013660">
    <ele>2281.0</ele>
   </trkpt>
   <trkpt lat="45.6028460" lon="24.7013790">
    <ele>2280.6</ele>
   </trkpt>
   <trkpt lat="45.6028470" lon="24.7013810">
    <ele>2280.4</ele>
   </trkpt>
   <trkpt lat="45.6028510" lon="24.7014190">
    <ele>2279.6</ele>
   </trkpt>
   <trkpt lat="45.6028500" lon="24.7014190">
    <ele>2279.6</ele>
   </trkpt>
   <trkpt lat="45.6028520" lon="24.7014220">
    <ele>2279.4</ele>
   </trkpt>
   <trkpt lat="45.6028490" lon="24.7014400">
    <ele>2279.2</ele>
   </trkpt>
   <trkpt lat="45.6028460" lon="24.7014540">
    <ele>2278.6</ele>
   </trkpt>
   <trkpt lat="45.6028410" lon="24.7014570">
    <ele>2278.4</ele>
   </trkpt>
   <trkpt lat="45.6028710" lon="24.7014960">
    <ele>2277.8</ele>
   </trkpt>
   <trkpt lat="45.6028800" lon="24.7014980">
    <ele>2277.6</ele>
   </trkpt>
   <trkpt lat="45.6028870" lon="24.7015110">
    <ele>2277.4</ele>
   </trkpt>
   <trkpt lat="45.6028890" lon="24.7015210">
    <ele>2277.0</ele>
   </trkpt>
   <trkpt lat="45.6028930" lon="24.7015370">
    <ele>2276.8</ele>
   </trkpt>
   <trkpt lat="45.6029020" lon="24.7015470">
    <ele>2276.6</ele>
   </trkpt>
   <trkpt lat="45.6029310" lon="24.7015690">
    <ele>2276.2</ele>
   </trkpt>
   <trkpt lat="45.6029400" lon="24.7015860">
    <ele>2276.0</ele>
   </trkpt>
   <trkpt lat="45.6029490" lon="24.7016000">
    <ele>2275.8</ele>
   </trkpt>
   <trkpt lat="45.6029600" lon="24.7016290">
    <ele>2275.0</ele>
   </trkpt>
   <trkpt lat="45.6029730" lon="24.7016470">
    <ele>2274.6</ele>
   </trkpt>
   <trkpt lat="45.6029760" lon="24.7016710">
    <ele>2274.4</ele>
   </trkpt>
   <trkpt lat="45.6029790" lon="24.7016760">
    <ele>2274.0</ele>
   </trkpt>
   <trkpt lat="45.6029870" lon="24.7016860">
    <ele>2273.6</ele>
   </trkpt>
   <trkpt lat="45.6029940" lon="24.7016930">
    <ele>2273.4</ele>
   </trkpt>
   <trkpt lat="45.6029980" lon="24.7016990">
    <ele>2273.2</ele>
   </trkpt>
   <trkpt lat="45.6030170" lon="24.7017350">
    <ele>2272.6</ele>
   </trkpt>
   <trkpt lat="45.6030170" lon="24.7017580">
    <ele>2272.6</ele>
   </trkpt>
   <trkpt lat="45.6030170" lon="24.7017670">
    <ele>2272.2</ele>
   </trkpt>
   <trkpt lat="45.6030280" lon="24.7017920">
    <ele>2271.2</ele>
   </trkpt>
   <trkpt lat="45.6030450" lon="24.7018200">
    <ele>2270.8</ele>
   </trkpt>
   <trkpt lat="45.6030740" lon="24.7018650">
    <ele>2270.0</ele>
   </trkpt>
   <trkpt lat="45.6030770" lon="24.7018880">
    <ele>2269.4</ele>
   </trkpt>
   <trkpt lat="45.6030880" lon="24.7019150">
    <ele>2268.8</ele>
   </trkpt>
   <trkpt lat="45.6030950" lon="24.7019400">
    <ele>2268.8</ele>
   </trkpt>
   <trkpt lat="45.6030950" lon="24.7019520">
    <ele>2268.6</ele>
   </trkpt>
   <trkpt lat="45.6030910" lon="24.7019680">
    <ele>2268.2</ele>
   </trkpt>
   <trkpt lat="45.6030930" lon="24.7019780">
    <ele>2267.6</ele>
   </trkpt>
   <trkpt lat="45.6031150" lon="24.7020340">
    <ele>2266.4</ele>
   </trkpt>
   <trkpt lat="45.6031130" lon="24.7020420">
    <ele>2266.0</ele>
   </trkpt>
   <trkpt lat="45.6031160" lon="24.7020790">
    <ele>2265.2</ele>
   </trkpt>
   <trkpt lat="45.6031300" lon="24.7021050">
    <ele>2264.6</ele>
   </trkpt>
   <trkpt lat="45.6031500" lon="24.7021350">
    <ele>2264.2</ele>
   </trkpt>
   <trkpt lat="45.6031490" lon="24.7021420">
    <ele>2264.0</ele>
   </trkpt>
   <trkpt lat="45.6031550" lon="24.7021740">
    <ele>2263.4</ele>
   </trkpt>
   <trkpt lat="45.6031510" lon="24.7022010">
    <ele>2263.0</ele>
   </trkpt>
   <trkpt lat="45.6031610" lon="24.7022260">
    <ele>2261.8</ele>
   </trkpt>
   <trkpt lat="45.6031680" lon="24.7022510">
    <ele>2261.6</ele>
   </trkpt>
   <trkpt lat="45.6031740" lon="24.7022700">
    <ele>2261.0</ele>
   </trkpt>
   <trkpt lat="45.6031800" lon="24.7022850">
    <ele>2260.8</ele>
   </trkpt>
   <trkpt lat="45.6031830" lon="24.7022950">
    <ele>2260.6</ele>
   </trkpt>
   <trkpt lat="45.6031920" lon="24.7023240">
    <ele>2259.8</ele>
   </trkpt>
   <trkpt lat="45.6031830" lon="24.7023470">
    <ele>2259.4</ele>
   </trkpt>
   <trkpt lat="45.6031730" lon="24.7023760">
    <ele>2258.6</ele>
   </trkpt>
   <trkpt lat="45.6031730" lon="24.7023850">
    <ele>2258.4</ele>
   </trkpt>
   <trkpt lat="45.6031710" lon="24.7024100">
    <ele>2257.2</ele>
   </trkpt>
   <trkpt lat="45.6031710" lon="24.7024180">
    <ele>2256.8</ele>
   </trkpt>
   <trkpt lat="45.6031840" lon="24.7024460">
    <ele>2256.0</ele>
   </trkpt>
   <trkpt lat="45.6031860" lon="24.7024780">
    <ele>2255.4</ele>
   </trkpt>
   <trkpt lat="45.6031850" lon="24.7024960">
    <ele>2254.6</ele>
   </trkpt>
   <trkpt lat="45.6031980" lon="24.7025400">
    <ele>2254.0</ele>
   </trkpt>
   <trkpt lat="45.6031980" lon="24.7025470">
    <ele>2253.6</ele>
   </trkpt>
   <trkpt lat="45.6032210" lon="24.7025790">
    <ele>2252.4</ele>
   </trkpt>
   <trkpt lat="45.6032260" lon="24.7025830">
    <ele>2252.0</ele>
   </trkpt>
   <trkpt lat="45.6032330" lon="24.7025860">
    <ele>2251.8</ele>
   </trkpt>
   <trkpt lat="45.6032310" lon="24.7026080">
    <ele>2251.6</ele>
   </trkpt>
   <trkpt lat="45.6032110" lon="24.7026470">
    <ele>2251.2</ele>
   </trkpt>
   <trkpt lat="45.6032140" lon="24.7026650">
    <ele>2250.6</ele>
   </trkpt>
   <trkpt lat="45.6032170" lon="24.7026750">
    <ele>2250.6</ele>
   </trkpt>
   <trkpt lat="45.6032240" lon="24.7026870">
    <ele>2250.2</ele>
   </trkpt>
   <trkpt lat="45.6032270" lon="24.7026910">
    <ele>2250.0</ele>
   </trkpt>
   <trkpt lat="45.6032380" lon="24.7027110">
    <ele>2249.6</ele>
   </trkpt>
   <trkpt lat="45.6032450" lon="24.7027340">
    <ele>2249.2</ele>
   </trkpt>
   <trkpt lat="45.6032430" lon="24.7027420">
    <ele>2249.2</ele>
   </trkpt>
   <trkpt lat="45.6032410" lon="24.7027520">
    <ele>2249.0</ele>
   </trkpt>
   <trkpt lat="45.6032430" lon="24.7027540">
    <ele>2249.0</ele>
   </trkpt>
   <trkpt lat="45.6032430" lon="24.7027580">
    <ele>2249.0</ele>
   </trkpt>
   <trkpt lat="45.6032460" lon="24.7027580">
    <ele>2248.8</ele>
   </trkpt>
   <trkpt lat="45.6032440" lon="24.7027610">
    <ele>2248.6</ele>
   </trkpt>
   <trkpt lat="45.6032390" lon="24.7027840">
    <ele>2248.6</ele>
   </trkpt>
   <trkpt lat="45.6032370" lon="24.7027900">
    <ele>2248.6</ele>
   </trkpt>
   <trkpt lat="45.6032500" lon="24.7028270">
    <ele>2247.8</ele>
   </trkpt>
   <trkpt lat="45.6032380" lon="24.7028800">
    <ele>2247.0</ele>
   </trkpt>
   <trkpt lat="45.6032420" lon="24.7029060">
    <ele>2246.6</ele>
   </trkpt>
   <trkpt lat="45.6032490" lon="24.7029300">
    <ele>2246.4</ele>
   </trkpt>
   <trkpt lat="45.6032520" lon="24.7029400">
    <ele>2246.0</ele>
   </trkpt>
   <trkpt lat="45.6032520" lon="24.7029590">
    <ele>2245.6</ele>
   </trkpt>
   <trkpt lat="45.6032450" lon="24.7029710">
    <ele>2245.4</ele>
   </trkpt>
   <trkpt lat="45.6032380" lon="24.7029940">
    <ele>2244.4</ele>
   </trkpt>
   <trkpt lat="45.6032300" lon="24.7030010">
    <ele>2244.2</ele>
   </trkpt>
   <trkpt lat="45.6032310" lon="24.7030010">
    <ele>2244.0</ele>
   </trkpt>
   <trkpt lat="45.6032310" lon="24.7030010">
    <ele>2244.0</ele>
   </trkpt>
   <trkpt lat="45.6032320" lon="24.7030020">
    <ele>2243.6</ele>
   </trkpt>
   <trkpt lat="45.6032320" lon="24.7030030">
    <ele>2243.8</ele>
   </trkpt>
   <trkpt lat="45.6032320" lon="24.7030040">
    <ele>2243.4</ele>
   </trkpt>
   <trkpt lat="45.6032310" lon="24.7030070">
    <ele>2242.2</ele>
   </trkpt>
   <trkpt lat="45.6032300" lon="24.7030120">
    <ele>2241.6</ele>
   </trkpt>
   <trkpt lat="45.6032280" lon="24.7030240">
    <ele>2240.8</ele>
   </trkpt>
   <trkpt lat="45.6032260" lon="24.7030590">
    <ele>2239.6</ele>
   </trkpt>
   <trkpt lat="45.6032260" lon="24.7030750">
    <ele>2239.6</ele>
   </trkpt>
   <trkpt lat="45.6032260" lon="24.7030860">
    <ele>2239.2</ele>
   </trkpt>
   <trkpt lat="45.6032270" lon="24.7031140">
    <ele>2238.4</ele>
   </trkpt>
   <trkpt lat="45.6032270" lon="24.7031610">
    <ele>2237.6</ele>
   </trkpt>
   <trkpt lat="45.6032280" lon="24.7031760">
    <ele>2237.4</ele>
   </trkpt>
   <trkpt lat="45.6032300" lon="24.7032230">
    <ele>2236.6</ele>
   </trkpt>
   <trkpt lat="45.6032300" lon="24.7032350">
    <ele>2236.2</ele>
   </trkpt>
   <trkpt lat="45.6032300" lon="24.7032510">
    <ele>2235.4</ele>
   </trkpt>
   <trkpt lat="45.6032300" lon="24.7032580">
    <ele>2234.6</ele>
   </trkpt>
   <trkpt lat="45.6032060" lon="24.7032940">
    <ele>2233.6</ele>
   </trkpt>
   <trkpt lat="45.6032020" lon="24.7033200">
    <ele>2232.4</ele>
   </trkpt>
   <trkpt lat="45.6032000" lon="24.7033390">
    <ele>2231.6</ele>
   </trkpt>
   <trkpt lat="45.6032000" lon="24.7033500">
    <ele>2231.2</ele>
   </trkpt>
   <trkpt lat="45.6031960" lon="24.7033670">
    <ele>2230.4</ele>
   </trkpt>
   <trkpt lat="45.6031920" lon="24.7033680">
    <ele>2230.0</ele>
   </trkpt>
   <trkpt lat="45.6031700" lon="24.7033790">
    <ele>2229.0</ele>
   </trkpt>
   <trkpt lat="45.6031550" lon="24.7033890">
    <ele>2228.2</ele>
   </trkpt>
   <trkpt lat="45.6031550" lon="24.7033910">
    <ele>2228.0</ele>
   </trkpt>
   <trkpt lat="45.6031550" lon="24.7034400">
    <ele>2226.8</ele>
   </trkpt>
   <trkpt lat="45.6031720" lon="24.7034590">
    <ele>2225.8</ele>
   </trkpt>
   <trkpt lat="45.6031830" lon="24.7035010">
    <ele>2224.6</ele>
   </trkpt>
   <trkpt lat="45.6031890" lon="24.7035140">
    <ele>2223.6</ele>
   </trkpt>
   <trkpt lat="45.6031890" lon="24.7035230">
    <ele>2223.4</ele>
   </trkpt>
   <trkpt lat="45.6031880" lon="24.7035330">
    <ele>2222.8</ele>
   </trkpt>
   <trkpt lat="45.6031880" lon="24.7035400">
    <ele>2222.4</ele>
   </trkpt>
   <trkpt lat="45.6031820" lon="24.7035610">
    <ele>2221.6</ele>
   </trkpt>
   <trkpt lat="45.6031790" lon="24.7035640">
    <ele>2221.4</ele>
   </trkpt>
   <trkpt lat="45.6031600" lon="24.7035870">
    <ele>2220.4</ele>
   </trkpt>
   <trkpt lat="45.6031560" lon="24.7035970">
    <ele>2219.2</ele>
   </trkpt>
   <trkpt lat="45.6031530" lon="24.7036090">
    <ele>2218.0</ele>
   </trkpt>
   <trkpt lat="45.6031530" lon="24.7036300">
    <ele>2216.6</ele>
   </trkpt>
   <trkpt lat="45.6031540" lon="24.7036320">
    <ele>2216.4</ele>
   </trkpt>
   <trkpt lat="45.6031540" lon="24.7036340">
    <ele>2215.8</ele>
   </trkpt>
   <trkpt lat="45.6031540" lon="24.7036340">
    <ele>2215.8</ele>
   </trkpt>
   <trkpt lat="45.6031550" lon="24.7036360">
    <ele>2215.8</ele>
   </trkpt>
   <trkpt lat="45.6031550" lon="24.7036370">
    <ele>2215.8</ele>
   </trkpt>
   <trkpt lat="45.6031640" lon="24.7036630">
    <ele>2215.4</ele>
   </trkpt>
   <trkpt lat="45.6032110" lon="24.7038360">
    <ele>2214.6</ele>
   </trkpt>
   <trkpt lat="45.6032210" lon="24.7038720">
    <ele>2214.6</ele>
   </trkpt>
   <trkpt lat="45.6032270" lon="24.7039020">
    <ele>2214.6</ele>
   </trkpt>
   <trkpt lat="45.6032480" lon="24.7039720">
    <ele>2214.6</ele>
   </trkpt>
   <trkpt lat="45.6032510" lon="24.7039820">
    <ele>2214.4</ele>
   </trkpt>
   <trkpt lat="45.6032580" lon="24.7040310">
    <ele>2214.4</ele>
   </trkpt>
   <trkpt lat="45.6032660" lon="24.7040560">
    <ele>2214.2</ele>
   </trkpt>
   <trkpt lat="45.6032760" lon="24.7040980">
    <ele>2215.0</ele>
   </trkpt>
   <trkpt lat="45.6032480" lon="24.7041370">
    <ele>2215.4</ele>
   </trkpt>
   <trkpt lat="45.6032700" lon="24.7041410">
    <ele>2214.4</ele>
   </trkpt>
   <trkpt lat="45.6032850" lon="24.7041810">
    <ele>2214.2</ele>
   </trkpt>
   <trkpt lat="45.6033040" lon="24.7042350">
    <ele>2214.4</ele>
   </trkpt>
   <trkpt lat="45.6033150" lon="24.7042610">
    <ele>2215.0</ele>
   </trkpt>
   <trkpt lat="45.6033040" lon="24.7042900">
    <ele>2215.0</ele>
   </trkpt>
   <trkpt lat="45.6033000" lon="24.7043110">
    <ele>2214.2</ele>
   </trkpt>
   <trkpt lat="45.6033040" lon="24.7043290">
    <ele>2214.0</ele>
   </trkpt>
   <trkpt lat="45.6033080" lon="24.7043420">
    <ele>2214.0</ele>
   </trkpt>
   <trkpt lat="45.6033070" lon="24.7043780">
    <ele>2214.0</ele>
   </trkpt>
   <trkpt lat="45.6033080" lon="24.7044460">
    <ele>2214.0</ele>
   </trkpt>
   <trkpt lat="45.6033250" lon="24.7045320">
    <ele>2213.6</ele>
   </trkpt>
   <trkpt lat="45.6033280" lon="24.7045450">
    <ele>2213.4</ele>
   </trkpt>
   <trkpt lat="45.6033260" lon="24.7045910">
    <ele>2213.4</ele>
   </trkpt>
   <trkpt lat="45.6033270" lon="24.7046030">
    <ele>2213.2</ele>
   </trkpt>
   <trkpt lat="45.6033390" lon="24.7047260">
    <ele>2212.6</ele>
   </trkpt>
   <trkpt lat="45.6033310" lon="24.7048610">
    <ele>2212.2</ele>
   </trkpt>
   <trkpt lat="45.6033320" lon="24.7048780">
    <ele>2212.2</ele>
   </trkpt>
   <trkpt lat="45.6033400" lon="24.7049350">
    <ele>2212.4</ele>
   </trkpt>
   <trkpt lat="45.6033600" lon="24.7049940">
    <ele>2212.8</ele>
   </trkpt>
   <trkpt lat="45.6033740" lon="24.7050410">
    <ele>2213.2</ele>
   </trkpt>
   <trkpt lat="45.6033840" lon="24.7050670">
    <ele>2214.0</ele>
   </trkpt>
   <trkpt lat="45.6033860" lon="24.7050750">
    <ele>2214.4</ele>
   </trkpt>
   <trkpt lat="45.6033850" lon="24.7050840">
    <ele>2214.4</ele>
   </trkpt>
   <trkpt lat="45.6033830" lon="24.7050970">
    <ele>2214.4</ele>
   </trkpt>
   <trkpt lat="45.6033940" lon="24.7051680">
    <ele>2214.8</ele>
   </trkpt>
   <trkpt lat="45.6033940" lon="24.7052060">
    <ele>2215.4</ele>
   </trkpt>
   <trkpt lat="45.6033990" lon="24.7052160">
    <ele>2215.6</ele>
   </trkpt>
   <trkpt lat="45.6034030" lon="24.7052530">
    <ele>2215.8</ele>
   </trkpt>
   <trkpt lat="45.6034030" lon="24.7053100">
    <ele>2216.2</ele>
   </trkpt>
   <trkpt lat="45.6034070" lon="24.7053280">
    <ele>2216.4</ele>
   </trkpt>
   <trkpt lat="45.6034130" lon="24.7053780">
    <ele>2217.8</ele>
   </trkpt>
   <trkpt lat="45.6034120" lon="24.7053970">
    <ele>2217.8</ele>
   </trkpt>
   <trkpt lat="45.6034250" lon="24.7054380">
    <ele>2218.4</ele>
   </trkpt>
   <trkpt lat="45.6034250" lon="24.7054550">
    <ele>2218.6</ele>
   </trkpt>
   <trkpt lat="45.6034250" lon="24.7054630">
    <ele>2218.8</ele>
   </trkpt>
   <trkpt lat="45.6034290" lon="24.7054700">
    <ele>2218.8</ele>
   </trkpt>
   <trkpt lat="45.6034310" lon="24.7054900">
    <ele>2219.0</ele>
   </trkpt>
   <trkpt lat="45.6034320" lon="24.7055010">
    <ele>2219.2</ele>
   </trkpt>
   <trkpt lat="45.6034350" lon="24.7055210">
    <ele>2219.4</ele>
   </trkpt>
   <trkpt lat="45.6034360" lon="24.7055350">
    <ele>2219.4</ele>
   </trkpt>
   <trkpt lat="45.6034100" lon="24.7056230">
    <ele>2219.8</ele>
   </trkpt>
   <trkpt lat="45.6034050" lon="24.7056450">
    <ele>2220.0</ele>
   </trkpt>
   <trkpt lat="45.6033930" lon="24.7056720">
    <ele>2220.2</ele>
   </trkpt>
   <trkpt lat="45.6033950" lon="24.7056880">
    <ele>2220.4</ele>
   </trkpt>
   <trkpt lat="45.6033930" lon="24.7056930">
    <ele>2220.4</ele>
   </trkpt>
   <trkpt lat="45.6033940" lon="24.7057010">
    <ele>2220.6</ele>
   </trkpt>
   <trkpt lat="45.6033960" lon="24.7057090">
    <ele>2220.6</ele>
   </trkpt>
   <trkpt lat="45.6033930" lon="24.7057140">
    <ele>2220.8</ele>
   </trkpt>
   <trkpt lat="45.6033940" lon="24.7057290">
    <ele>2221.2</ele>
   </trkpt>
   <trkpt lat="45.6033850" lon="24.7057600">
    <ele>2222.0</ele>
   </trkpt>
   <trkpt lat="45.6033790" lon="24.7057870">
    <ele>2222.4</ele>
   </trkpt>
   <trkpt lat="45.6033670" lon="24.7058630">
    <ele>2223.4</ele>
   </trkpt>
   <trkpt lat="45.6033640" lon="24.7058720">
    <ele>2223.4</ele>
   </trkpt>
   <trkpt lat="45.6033710" lon="24.7058790">
    <ele>2223.4</ele>
   </trkpt>
   <trkpt lat="45.6033730" lon="24.7058960">
    <ele>2224.0</ele>
   </trkpt>
   <trkpt lat="45.6033720" lon="24.7059080">
    <ele>2224.0</ele>
   </trkpt>
   <trkpt lat="45.6033700" lon="24.7059230">
    <ele>2224.2</ele>
   </trkpt>
   <trkpt lat="45.6033630" lon="24.7059880">
    <ele>2224.4</ele>
   </trkpt>
   <trkpt lat="45.6033590" lon="24.7059920">
    <ele>2224.6</ele>
   </trkpt>
   <trkpt lat="45.6033500" lon="24.7060010">
    <ele>2224.8</ele>
   </trkpt>
   <trkpt lat="45.6033490" lon="24.7060010">
    <ele>2224.8</ele>
   </trkpt>
   <trkpt lat="45.6033310" lon="24.7060220">
    <ele>2224.8</ele>
   </trkpt>
   <trkpt lat="45.6033300" lon="24.7060220">
    <ele>2225.2</ele>
   </trkpt>
   <trkpt lat="45.6033300" lon="24.7060220">
    <ele>2225.6</ele>
   </trkpt>
   <trkpt lat="45.6033330" lon="24.7060220">
    <ele>2226.2</ele>
   </trkpt>
   <trkpt lat="45.6033370" lon="24.7060270">
    <ele>2226.6</ele>
   </trkpt>
   <trkpt lat="45.6033370" lon="24.7060280">
    <ele>2226.6</ele>
   </trkpt>
   <trkpt lat="45.6033370" lon="24.7060300">
    <ele>2227.0</ele>
   </trkpt>
   <trkpt lat="45.6033380" lon="24.7060320">
    <ele>2227.2</ele>
   </trkpt>
   <trkpt lat="45.6033380" lon="24.7060520">
    <ele>2227.8</ele>
   </trkpt>
   <trkpt lat="45.6033410" lon="24.7060670">
    <ele>2228.2</ele>
   </trkpt>
   <trkpt lat="45.6033330" lon="24.7061530">
    <ele>2228.6</ele>
   </trkpt>
   <trkpt lat="45.6033250" lon="24.7061960">
    <ele>2229.0</ele>
   </trkpt>
   <trkpt lat="45.6032990" lon="24.7062730">
    <ele>2229.6</ele>
   </trkpt>
   <trkpt lat="45.6032990" lon="24.7063090">
    <ele>2229.6</ele>
   </trkpt>
   <trkpt lat="45.6032990" lon="24.7063340">
    <ele>2229.6</ele>
   </trkpt>
   <trkpt lat="45.6032970" lon="24.7063540">
    <ele>2230.2</ele>
   </trkpt>
   <trkpt lat="45.6032780" lon="24.7064140">
    <ele>2231.8</ele>
   </trkpt>
   <trkpt lat="45.6032650" lon="24.7064250">
    <ele>2231.8</ele>
   </trkpt>
   <trkpt lat="45.6032640" lon="24.7064450">
    <ele>2232.2</ele>
   </trkpt>
   <trkpt lat="45.6032580" lon="24.7064670">
    <ele>2232.4</ele>
   </trkpt>
   <trkpt lat="45.6032540" lon="24.7064720">
    <ele>2232.6</ele>
   </trkpt>
   <trkpt lat="45.6032510" lon="24.7064790">
    <ele>2232.8</ele>
   </trkpt>
   <trkpt lat="45.6032600" lon="24.7065170">
    <ele>2233.6</ele>
   </trkpt>
   <trkpt lat="45.6032570" lon="24.7065370">
    <ele>2234.0</ele>
   </trkpt>
   <trkpt lat="45.6032590" lon="24.7065360">
    <ele>2234.2</ele>
   </trkpt>
   <trkpt lat="45.6032590" lon="24.7065370">
    <ele>2234.2</ele>
   </trkpt>
   <trkpt lat="45.6032600" lon="24.7065690">
    <ele>2235.0</ele>
   </trkpt>
   <trkpt lat="45.6032560" lon="24.7066110">
    <ele>2236.0</ele>
   </trkpt>
   <trkpt lat="45.6032530" lon="24.7066180">
    <ele>2236.0</ele>
   </trkpt>
   <trkpt lat="45.6032440" lon="24.7066560">
    <ele>2236.8</ele>
   </trkpt>
   <trkpt lat="45.6032420" lon="24.7066710">
    <ele>2237.0</ele>
   </trkpt>
   <trkpt lat="45.6032360" lon="24.7066820">
    <ele>2237.0</ele>
   </trkpt>
   <trkpt lat="45.6032370" lon="24.7066910">
    <ele>2237.2</ele>
   </trkpt>
   <trkpt lat="45.6032370" lon="24.7066980">
    <ele>2237.6</ele>
   </trkpt>
   <trkpt lat="45.6032340" lon="24.7067180">
    <ele>2237.6</ele>
   </trkpt>
   <trkpt lat="45.6032390" lon="24.7067460">
    <ele>2238.0</ele>
   </trkpt>
   <trkpt lat="45.6032400" lon="24.7067500">
    <ele>2238.2</ele>
   </trkpt>
   <trkpt lat="45.6032420" lon="24.7067650">
    <ele>2238.4</ele>
   </trkpt>
   <trkpt lat="45.6032490" lon="24.7067950">
    <ele>2239.0</ele>
   </trkpt>
   <trkpt lat="45.6032450" lon="24.7068160">
    <ele>2239.4</ele>
   </trkpt>
   <trkpt lat="45.6032220" lon="24.7068880">
    <ele>2240.4</ele>
   </trkpt>
   <trkpt lat="45.6032210" lon="24.7069000">
    <ele>2240.6</ele>
   </trkpt>
   <trkpt lat="45.6032240" lon="24.7069450">
    <ele>2240.8</ele>
   </trkpt>
   <trkpt lat="45.6032160" lon="24.7069910">
    <ele>2241.4</ele>
   </trkpt>
   <trkpt lat="45.6032160" lon="24.7069990">
    <ele>2241.6</ele>
   </trkpt>
   <trkpt lat="45.6032110" lon="24.7070490">
    <ele>2242.2</ele>
   </trkpt>
   <trkpt lat="45.6032080" lon="24.7070600">
    <ele>2242.8</ele>
   </trkpt>
   <trkpt lat="45.6032070" lon="24.7070650">
    <ele>2242.8</ele>
   </trkpt>
   <trkpt lat="45.6032090" lon="24.7070780">
    <ele>2243.2</ele>
   </trkpt>
   <trkpt lat="45.6032110" lon="24.7070970">
    <ele>2243.8</ele>
   </trkpt>
   <trkpt lat="45.6032160" lon="24.7071530">
    <ele>2244.8</ele>
   </trkpt>
   <trkpt lat="45.6032130" lon="24.7071790">
    <ele>2245.2</ele>
   </trkpt>
   <trkpt lat="45.6032020" lon="24.7072190">
    <ele>2246.0</ele>
   </trkpt>
   <trkpt lat="45.6031980" lon="24.7072280">
    <ele>2246.2</ele>
   </trkpt>
   <trkpt lat="45.6031960" lon="24.7073020">
    <ele>2247.2</ele>
   </trkpt>
   <trkpt lat="45.6031940" lon="24.7073110">
    <ele>2247.2</ele>
   </trkpt>
   <trkpt lat="45.6031850" lon="24.7073590">
    <ele>2248.0</ele>
   </trkpt>
   <trkpt lat="45.6031820" lon="24.7073630">
    <ele>2248.2</ele>
   </trkpt>
   <trkpt lat="45.6031780" lon="24.7073880">
    <ele>2248.8</ele>
   </trkpt>
   <trkpt lat="45.6031620" lon="24.7074630">
    <ele>2249.0</ele>
   </trkpt>
   <trkpt lat="45.6031530" lon="24.7074750">
    <ele>2249.2</ele>
   </trkpt>
   <trkpt lat="45.6031440" lon="24.7075090">
    <ele>2249.8</ele>
   </trkpt>
   <trkpt lat="45.6031500" lon="24.7075650">
    <ele>2250.4</ele>
   </trkpt>
   <trkpt lat="45.6031430" lon="24.7075820">
    <ele>2250.4</ele>
   </trkpt>
   <trkpt lat="45.6031200" lon="24.7076500">
    <ele>2251.0</ele>
   </trkpt>
   <trkpt lat="45.6031110" lon="24.7076700">
    <ele>2251.4</ele>
   </trkpt>
   <trkpt lat="45.6030930" lon="24.7076970">
    <ele>2251.8</ele>
   </trkpt>
   <trkpt lat="45.6030870" lon="24.7077080">
    <ele>2251.8</ele>
   </trkpt>
   <trkpt lat="45.6030830" lon="24.7077400">
    <ele>2252.4</ele>
   </trkpt>
   <trkpt lat="45.6030890" lon="24.7077550">
    <ele>2252.8</ele>
   </trkpt>
   <trkpt lat="45.6030810" lon="24.7078080">
    <ele>2253.6</ele>
   </trkpt>
   <trkpt lat="45.6030620" lon="24.7078530">
    <ele>2254.0</ele>
   </trkpt>
   <trkpt lat="45.6030460" lon="24.7078810">
    <ele>2254.0</ele>
   </trkpt>
   <trkpt lat="45.6030620" lon="24.7079060">
    <ele>2254.2</ele>
   </trkpt>
   <trkpt lat="45.6030690" lon="24.7079210">
    <ele>2254.8</ele>
   </trkpt>
   <trkpt lat="45.6030510" lon="24.7079590">
    <ele>2255.6</ele>
   </trkpt>
   <trkpt lat="45.6030460" lon="24.7079710">
    <ele>2255.8</ele>
   </trkpt>
   <trkpt lat="45.6030270" lon="24.7080020">
    <ele>2257.2</ele>
   </trkpt>
   <trkpt lat="45.6030300" lon="24.7080080">
    <ele>2257.2</ele>
   </trkpt>
   <trkpt lat="45.6030360" lon="24.7080920">
    <ele>2258.6</ele>
   </trkpt>
   <trkpt lat="45.6030150" lon="24.7081500">
    <ele>2259.2</ele>
   </trkpt>
   <trkpt lat="45.6030070" lon="24.7081650">
    <ele>2259.6</ele>
   </trkpt>
   <trkpt lat="45.6030060" lon="24.7082030">
    <ele>2259.6</ele>
   </trkpt>
   <trkpt lat="45.6030010" lon="24.7082200">
    <ele>2260.2</ele>
   </trkpt>
   <trkpt lat="45.6029970" lon="24.7082440">
    <ele>2260.6</ele>
   </trkpt>
   <trkpt lat="45.6029930" lon="24.7082870">
    <ele>2261.6</ele>
   </trkpt>
   <trkpt lat="45.6029870" lon="24.7083130">
    <ele>2262.0</ele>
   </trkpt>
   <trkpt lat="45.6029940" lon="24.7083360">
    <ele>2262.8</ele>
   </trkpt>
   <trkpt lat="45.6029890" lon="24.7083730">
    <ele>2263.4</ele>
   </trkpt>
   <trkpt lat="45.6029850" lon="24.7083820">
    <ele>2263.4</ele>
   </trkpt>
   <trkpt lat="45.6029820" lon="24.7083970">
    <ele>2263.8</ele>
   </trkpt>
   <trkpt lat="45.6029800" lon="24.7084050">
    <ele>2264.0</ele>
   </trkpt>
   <trkpt lat="45.6029700" lon="24.7084480">
    <ele>2264.6</ele>
   </trkpt>
   <trkpt lat="45.6029670" lon="24.7084540">
    <ele>2264.6</ele>
   </trkpt>
   <trkpt lat="45.6029630" lon="24.7084790">
    <ele>2265.0</ele>
   </trkpt>
   <trkpt lat="45.6029740" lon="24.7085030">
    <ele>2265.8</ele>
   </trkpt>
   <trkpt lat="45.6029670" lon="24.7085260">
    <ele>2266.4</ele>
   </trkpt>
   <trkpt lat="45.6029670" lon="24.7085570">
    <ele>2267.0</ele>
   </trkpt>
   <trkpt lat="45.6029660" lon="24.7085720">
    <ele>2267.4</ele>
   </trkpt>
   <trkpt lat="45.6029720" lon="24.7086080">
    <ele>2268.2</ele>
   </trkpt>
   <trkpt lat="45.6029670" lon="24.7086260">
    <ele>2268.4</ele>
   </trkpt>
   <trkpt lat="45.6029600" lon="24.7086520">
    <ele>2269.2</ele>
   </trkpt>
   <trkpt lat="45.6029500" lon="24.7086680">
    <ele>2269.4</ele>
   </trkpt>
   <trkpt lat="45.6029410" lon="24.7087030">
    <ele>2270.2</ele>
   </trkpt>
   <trkpt lat="45.6029340" lon="24.7087200">
    <ele>2270.6</ele>
   </trkpt>
   <trkpt lat="45.6029200" lon="24.7087390">
    <ele>2271.6</ele>
   </trkpt>
   <trkpt lat="45.6029230" lon="24.7087690">
    <ele>2272.4</ele>
   </trkpt>
   <trkpt lat="45.6029150" lon="24.7087930">
    <ele>2272.6</ele>
   </trkpt>
   <trkpt lat="45.6029050" lon="24.7088680">
    <ele>2273.0</ele>
   </trkpt>
   <trkpt lat="45.6028890" lon="24.7089620">
    <ele>2273.2</ele>
   </trkpt>
   <trkpt lat="45.6028670" lon="24.7090370">
    <ele>2273.6</ele>
   </trkpt>
   <trkpt lat="45.6028470" lon="24.7090700">
    <ele>2273.8</ele>
   </trkpt>
   <trkpt lat="45.6028440" lon="24.7090780">
    <ele>2273.8</ele>
   </trkpt>
   <trkpt lat="45.6028400" lon="24.7091020">
    <ele>2274.0</ele>
   </trkpt>
   <trkpt lat="45.6028360" lon="24.7091220">
    <ele>2274.0</ele>
   </trkpt>
   <trkpt lat="45.6028260" lon="24.7091700">
    <ele>2274.8</ele>
   </trkpt>
   <trkpt lat="45.6028250" lon="24.7091860">
    <ele>2274.8</ele>
   </trkpt>
   <trkpt lat="45.6028320" lon="24.7092150">
    <ele>2275.6</ele>
   </trkpt>
   <trkpt lat="45.6028320" lon="24.7092220">
    <ele>2275.6</ele>
   </trkpt>
   <trkpt lat="45.6028330" lon="24.7092530">
    <ele>2276.0</ele>
   </trkpt>
   <trkpt lat="45.6028280" lon="24.7092780">
    <ele>2276.4</ele>
   </trkpt>
   <trkpt lat="45.6028200" lon="24.7092940">
    <ele>2276.6</ele>
   </trkpt>
   <trkpt lat="45.6028060" lon="24.7093330">
    <ele>2276.8</ele>
   </trkpt>
   <trkpt lat="45.6027960" lon="24.7093490">
    <ele>2276.8</ele>
   </trkpt>
   <trkpt lat="45.6027890" lon="24.7093650">
    <ele>2276.8</ele>
   </trkpt>
   <trkpt lat="45.6027830" lon="24.7093970">
    <ele>2276.8</ele>
   </trkpt>
   <trkpt lat="45.6027720" lon="24.7094150">
    <ele>2277.0</ele>
   </trkpt>
   <trkpt lat="45.6027580" lon="24.7094400">
    <ele>2277.2</ele>
   </trkpt>
   <trkpt lat="45.6027400" lon="24.7095100">
    <ele>2278.0</ele>
   </trkpt>
   <trkpt lat="45.6027430" lon="24.7095230">
    <ele>2278.2</ele>
   </trkpt>
   <trkpt lat="45.6027460" lon="24.7095490">
    <ele>2278.2</ele>
   </trkpt>
   <trkpt lat="45.6027490" lon="24.7095680">
    <ele>2278.8</ele>
   </trkpt>
   <trkpt lat="45.6027400" lon="24.7095940">
    <ele>2279.0</ele>
   </trkpt>
   <trkpt lat="45.6027360" lon="24.7095990">
    <ele>2279.2</ele>
   </trkpt>
   <trkpt lat="45.6027090" lon="24.7096700">
    <ele>2279.4</ele>
   </trkpt>
   <trkpt lat="45.6026970" lon="24.7096890">
    <ele>2279.6</ele>
   </trkpt>
   <trkpt lat="45.6026460" lon="24.7097450">
    <ele>2279.8</ele>
   </trkpt>
   <trkpt lat="45.6026170" lon="24.7097990">
    <ele>2280.4</ele>
   </trkpt>
   <trkpt lat="45.6026020" lon="24.7098300">
    <ele>2280.8</ele>
   </trkpt>
   <trkpt lat="45.6025950" lon="24.7098550">
    <ele>2280.8</ele>
   </trkpt>
   <trkpt lat="45.6025840" lon="24.7098720">
    <ele>2280.8</ele>
   </trkpt>
   <trkpt lat="45.6025710" lon="24.7099010">
    <ele>2280.8</ele>
   </trkpt>
   <trkpt lat="45.6025540" lon="24.7099430">
    <ele>2281.2</ele>
   </trkpt>
   <trkpt lat="45.6025470" lon="24.7099590">
    <ele>2281.4</ele>
   </trkpt>
   <trkpt lat="45.6025430" lon="24.7099760">
    <ele>2281.4</ele>
   </trkpt>
   <trkpt lat="45.6025300" lon="24.7100050">
    <ele>2281.8</ele>
   </trkpt>
   <trkpt lat="45.6024900" lon="24.7101050">
    <ele>2282.4</ele>
   </trkpt>
   <trkpt lat="45.6024530" lon="24.7101810">
    <ele>2283.2</ele>
   </trkpt>
   <trkpt lat="45.6024440" lon="24.7102030">
    <ele>2283.6</ele>
   </trkpt>
   <trkpt lat="45.6024250" lon="24.7102650">
    <ele>2284.6</ele>
   </trkpt>
   <trkpt lat="45.6024230" lon="24.7102770">
    <ele>2284.8</ele>
   </trkpt>
   <trkpt lat="45.6023920" lon="24.7103190">
    <ele>2285.0</ele>
   </trkpt>
   <trkpt lat="45.6023650" lon="24.7104080">
    <ele>2286.0</ele>
   </trkpt>
   <trkpt lat="45.6023610" lon="24.7104170">
    <ele>2286.0</ele>
   </trkpt>
   <trkpt lat="45.6023490" lon="24.7104680">
    <ele>2286.6</ele>
   </trkpt>
   <trkpt lat="45.6023430" lon="24.7105170">
    <ele>2287.2</ele>
   </trkpt>
   <trkpt lat="45.6023390" lon="24.7105470">
    <ele>2287.6</ele>
   </trkpt>
   <trkpt lat="45.6023290" lon="24.7105910">
    <ele>2288.4</ele>
   </trkpt>
   <trkpt lat="45.6023090" lon="24.7106480">
    <ele>2289.4</ele>
   </trkpt>
   <trkpt lat="45.6023000" lon="24.7106640">
    <ele>2289.6</ele>
   </trkpt>
   <trkpt lat="45.6022900" lon="24.7106750">
    <ele>2289.8</ele>
   </trkpt>
   <trkpt lat="45.6022750" lon="24.7107010">
    <ele>2290.4</ele>
   </trkpt>
   <trkpt lat="45.6022710" lon="24.7107260">
    <ele>2290.8</ele>
   </trkpt>
   <trkpt lat="45.6022700" lon="24.7107590">
    <ele>2291.8</ele>
   </trkpt>
   <trkpt lat="45.6022610" lon="24.7108340">
    <ele>2292.8</ele>
   </trkpt>
   <trkpt lat="45.6022350" lon="24.7109080">
    <ele>2293.6</ele>
   </trkpt>
   <trkpt lat="45.6022330" lon="24.7109060">
    <ele>2294.2</ele>
   </trkpt>
   <trkpt lat="45.6022220" lon="24.7109180">
    <ele>2294.2</ele>
   </trkpt>
   <trkpt lat="45.6022180" lon="24.7109250">
    <ele>2294.2</ele>
   </trkpt>
   <trkpt lat="45.6022100" lon="24.7109220">
    <ele>2294.2</ele>
   </trkpt>
   <trkpt lat="45.6022120" lon="24.7109190">
    <ele>2294.4</ele>
   </trkpt>
   <trkpt lat="45.6022120" lon="24.7109190">
    <ele>2294.0</ele>
   </trkpt>
   <trkpt lat="45.6022110" lon="24.7109180">
    <ele>2294.4</ele>
   </trkpt>
   <trkpt lat="45.6022100" lon="24.7109170">
    <ele>2294.4</ele>
   </trkpt>
   <trkpt lat="45.6022090" lon="24.7109110">
    <ele>2294.2</ele>
   </trkpt>
   <trkpt lat="45.6022000" lon="24.7108920">
    <ele>2294.2</ele>
   </trkpt>
   <trkpt lat="45.6021940" lon="24.7108810">
    <ele>2294.0</ele>
   </trkpt>
   <trkpt lat="45.6021920" lon="24.7108790">
    <ele>2294.4</ele>
   </trkpt>
   <trkpt lat="45.6021910" lon="24.7108790">
    <ele>2294.4</ele>
   </trkpt>
   <trkpt lat="45.6021890" lon="24.7108790">
    <ele>2294.2</ele>
   </trkpt>
   <trkpt lat="45.6021930" lon="24.7108870">
    <ele>2294.4</ele>
   </trkpt>
   <trkpt lat="45.6021920" lon="24.7108870">
    <ele>2294.4</ele>
   </trkpt>
   <trkpt lat="45.6021930" lon="24.7108960">
    <ele>2294.4</ele>
   </trkpt>
   <trkpt lat="45.6021900" lon="24.7108970">
    <ele>2294.4</ele>
   </trkpt>
   <trkpt lat="45.6021930" lon="24.7108980">
    <ele>2294.4</ele>
   </trkpt>
   <trkpt lat="45.6021940" lon="24.7108980">
    <ele>2294.4</ele>
   </trkpt>
   <trkpt lat="45.6021940" lon="24.7109000">
    <ele>2294.4</ele>
   </trkpt>
   <trkpt lat="45.6021970" lon="24.7109010">
    <ele>2294.4</ele>
   </trkpt>
   <trkpt lat="45.6022010" lon="24.7108980">
    <ele>2294.4</ele>
   </trkpt>
   <trkpt lat="45.6022010" lon="24.7108950">
    <ele>2294.4</ele>
   </trkpt>
   <trkpt lat="45.6022020" lon="24.7108940">
    <ele>2294.4</ele>
   </trkpt>
   <trkpt lat="45.6022030" lon="24.7108920">
    <ele>2294.4</ele>
   </trkpt>
   <trkpt lat="45.6022030" lon="24.7108920">
    <ele>2294.4</ele>
   </trkpt>
   <trkpt lat="45.6022030" lon="24.7108920">
    <ele>2294.4</ele>
   </trkpt>
   <trkpt lat="45.6022030" lon="24.7108920">
    <ele>2294.4</ele>
   </trkpt>
   <trkpt lat="45.6022030" lon="24.7108920">
    <ele>2294.4</ele>
   </trkpt>
   <trkpt lat="45.6022040" lon="24.7108920">
    <ele>2294.4</ele>
   </trkpt>
   <trkpt lat="45.6022040" lon="24.7108930">
    <ele>2294.4</ele>
   </trkpt>
   <trkpt lat="45.6022040" lon="24.7108930">
    <ele>2294.4</ele>
   </trkpt>
   <trkpt lat="45.6022040" lon="24.7108930">
    <ele>2294.4</ele>
   </trkpt>
   <trkpt lat="45.6022040" lon="24.7108930">
    <ele>2294.4</ele>
   </trkpt>
   <trkpt lat="45.6022040" lon="24.7108930">
    <ele>2294.4</ele>
   </trkpt>
   <trkpt lat="45.6022050" lon="24.7108940">
    <ele>2294.4</ele>
   </trkpt>
   <trkpt lat="45.6022060" lon="24.7108940">
    <ele>2294.4</ele>
   </trkpt>
   <trkpt lat="45.6022060" lon="24.7108940">
    <ele>2294.4</ele>
   </trkpt>
   <trkpt lat="45.6022060" lon="24.7108950">
    <ele>2294.4</ele>
   </trkpt>
   <trkpt lat="45.6022070" lon="24.7108950">
    <ele>2294.4</ele>
   </trkpt>
   <trkpt lat="45.6022070" lon="24.7108960">
    <ele>2294.4</ele>
   </trkpt>
   <trkpt lat="45.6022070" lon="24.7108960">
    <ele>2294.4</ele>
   </trkpt>
   <trkpt lat="45.6022070" lon="24.7108960">
    <ele>2294.4</ele>
   </trkpt>
   <trkpt lat="45.6022070" lon="24.7108960">
    <ele>2294.4</ele>
   </trkpt>
   <trkpt lat="45.6022070" lon="24.7108960">
    <ele>2294.4</ele>
   </trkpt>
   <trkpt lat="45.6022070" lon="24.7108960">
    <ele>2294.4</ele>
   </trkpt>
   <trkpt lat="45.6022070" lon="24.7108960">
    <ele>2294.4</ele>
   </trkpt>
   <trkpt lat="45.6022070" lon="24.7108960">
    <ele>2294.4</ele>
   </trkpt>
   <trkpt lat="45.6022070" lon="24.7108960">
    <ele>2294.4</ele>
   </trkpt>
   <trkpt lat="45.6022070" lon="24.7108960">
    <ele>2294.4</ele>
   </trkpt>
   <trkpt lat="45.6022070" lon="24.7108960">
    <ele>2294.4</ele>
   </trkpt>
   <trkpt lat="45.6022070" lon="24.7108960">
    <ele>2294.4</ele>
   </trkpt>
   <trkpt lat="45.6022070" lon="24.7108960">
    <ele>2294.4</ele>
   </trkpt>
   <trkpt lat="45.6022070" lon="24.7108960">
    <ele>2294.4</ele>
   </trkpt>
   <trkpt lat="45.6022070" lon="24.7108960">
    <ele>2294.4</ele>
   </trkpt>
   <trkpt lat="45.6022070" lon="24.7108960">
    <ele>2294.4</ele>
   </trkpt>
   <trkpt lat="45.6022070" lon="24.7108960">
    <ele>2294.4</ele>
   </trkpt>
   <trkpt lat="45.6022070" lon="24.7108970">
    <ele>2294.4</ele>
   </trkpt>
   <trkpt lat="45.6022080" lon="24.7108970">
    <ele>2294.4</ele>
   </trkpt>
   <trkpt lat="45.6022080" lon="24.7108970">
    <ele>2294.4</ele>
   </trkpt>
   <trkpt lat="45.6022080" lon="24.7108970">
    <ele>2294.4</ele>
   </trkpt>
   <trkpt lat="45.6022080" lon="24.7108970">
    <ele>2294.4</ele>
   </trkpt>
   <trkpt lat="45.6022080" lon="24.7108980">
    <ele>2294.4</ele>
   </trkpt>
   <trkpt lat="45.6022080" lon="24.7108980">
    <ele>2294.4</ele>
   </trkpt>
   <trkpt lat="45.6022080" lon="24.7108980">
    <ele>2294.4</ele>
   </trkpt>
   <trkpt lat="45.6022090" lon="24.7108990">
    <ele>2294.4</ele>
   </trkpt>
   <trkpt lat="45.6022090" lon="24.7108990">
    <ele>2294.4</ele>
   </trkpt>
   <trkpt lat="45.6022090" lon="24.7108990">
    <ele>2294.4</ele>
   </trkpt>
   <trkpt lat="45.6022090" lon="24.7108990">
    <ele>2294.4</ele>
   </trkpt>
   <trkpt lat="45.6022090" lon="24.7108990">
    <ele>2294.4</ele>
   </trkpt>
   <trkpt lat="45.6022100" lon="24.7108990">
    <ele>2294.4</ele>
   </trkpt>
   <trkpt lat="45.6022100" lon="24.7108990">
    <ele>2294.4</ele>
   </trkpt>
   <trkpt lat="45.6022100" lon="24.7108990">
    <ele>2294.4</ele>
   </trkpt>
   <trkpt lat="45.6022100" lon="24.7108990">
    <ele>2294.4</ele>
   </trkpt>
   <trkpt lat="45.6022100" lon="24.7108990">
    <ele>2294.4</ele>
   </trkpt>
   <trkpt lat="45.6022100" lon="24.7108990">
    <ele>2294.4</ele>
   </trkpt>
   <trkpt lat="45.6022100" lon="24.7108990">
    <ele>2294.4</ele>
   </trkpt>
   <trkpt lat="45.6022100" lon="24.7108990">
    <ele>2294.4</ele>
   </trkpt>
   <trkpt lat="45.6022100" lon="24.7108990">
    <ele>2294.4</ele>
   </trkpt>
   <trkpt lat="45.6022100" lon="24.7108990">
    <ele>2294.4</ele>
   </trkpt>
   <trkpt lat="45.6022100" lon="24.7108990">
    <ele>2294.4</ele>
   </trkpt>
   <trkpt lat="45.6022100" lon="24.7108990">
    <ele>2294.4</ele>
   </trkpt>
   <trkpt lat="45.6022100" lon="24.7108990">
    <ele>2294.4</ele>
   </trkpt>
   <trkpt lat="45.6022100" lon="24.7108990">
    <ele>2294.4</ele>
   </trkpt>
   <trkpt lat="45.6022100" lon="24.7108990">
    <ele>2294.4</ele>
   </trkpt>
   <trkpt lat="45.6022110" lon="24.7108990">
    <ele>2294.4</ele>
   </trkpt>
   <trkpt lat="45.6022110" lon="24.7108990">
    <ele>2294.4</ele>
   </trkpt>
   <trkpt lat="45.6022110" lon="24.7108990">
    <ele>2294.4</ele>
   </trkpt>
   <trkpt lat="45.6022110" lon="24.7108990">
    <ele>2294.4</ele>
   </trkpt>
   <trkpt lat="45.6022110" lon="24.7108990">
    <ele>2294.4</ele>
   </trkpt>
   <trkpt lat="45.6022110" lon="24.7108990">
    <ele>2294.4</ele>
   </trkpt>
   <trkpt lat="45.6022110" lon="24.7109000">
    <ele>2294.4</ele>
   </trkpt>
   <trkpt lat="45.6022110" lon="24.7109000">
    <ele>2294.4</ele>
   </trkpt>
   <trkpt lat="45.6022110" lon="24.7109000">
    <ele>2294.4</ele>
   </trkpt>
   <trkpt lat="45.6022110" lon="24.7109000">
    <ele>2294.4</ele>
   </trkpt>
   <trkpt lat="45.6022120" lon="24.7109000">
    <ele>2294.4</ele>
   </trkpt>
   <trkpt lat="45.6022120" lon="24.7109000">
    <ele>2294.4</ele>
   </trkpt>
   <trkpt lat="45.6022120" lon="24.7109000">
    <ele>2294.4</ele>
   </trkpt>
   <trkpt lat="45.6022130" lon="24.7109000">
    <ele>2294.4</ele>
   </trkpt>
   <trkpt lat="45.6022130" lon="24.7109000">
    <ele>2294.4</ele>
   </trkpt>
   <trkpt lat="45.6022130" lon="24.7109000">
    <ele>2294.4</ele>
   </trkpt>
   <trkpt lat="45.6022130" lon="24.7109000">
    <ele>2294.4</ele>
   </trkpt>
   <trkpt lat="45.6022130" lon="24.7109000">
    <ele>2294.4</ele>
   </trkpt>
   <trkpt lat="45.6022130" lon="24.7109000">
    <ele>2294.4</ele>
   </trkpt>
   <trkpt lat="45.6022130" lon="24.7109000">
    <ele>2294.4</ele>
   </trkpt>
   <trkpt lat="45.6022140" lon="24.7109000">
    <ele>2294.4</ele>
   </trkpt>
   <trkpt lat="45.6022140" lon="24.7109000">
    <ele>2294.4</ele>
   </trkpt>
   <trkpt lat="45.6022140" lon="24.7109000">
    <ele>2294.4</ele>
   </trkpt>
   <trkpt lat="45.6022140" lon="24.7109000">
    <ele>2294.4</ele>
   </trkpt>
   <trkpt lat="45.6022140" lon="24.7109000">
    <ele>2294.4</ele>
   </trkpt>
   <trkpt lat="45.6022150" lon="24.7109000">
    <ele>2294.4</ele>
   </trkpt>
   <trkpt lat="45.6022150" lon="24.7109000">
    <ele>2294.4</ele>
   </trkpt>
   <trkpt lat="45.6022150" lon="24.7109000">
    <ele>2294.4</ele>
   </trkpt>
   <trkpt lat="45.6022150" lon="24.7109000">
    <ele>2294.4</ele>
   </trkpt>
   <trkpt lat="45.6022150" lon="24.7109000">
    <ele>2294.4</ele>
   </trkpt>
   <trkpt lat="45.6022150" lon="24.7109000">
    <ele>2294.4</ele>
   </trkpt>
   <trkpt lat="45.6022150" lon="24.7109000">
    <ele>2294.4</ele>
   </trkpt>
   <trkpt lat="45.6022150" lon="24.7109000">
    <ele>2294.4</ele>
   </trkpt>
   <trkpt lat="45.6022150" lon="24.7109000">
    <ele>2294.4</ele>
   </trkpt>
   <trkpt lat="45.6022150" lon="24.7109000">
    <ele>2294.4</ele>
   </trkpt>
   <trkpt lat="45.6022150" lon="24.7109000">
    <ele>2294.4</ele>
   </trkpt>
   <trkpt lat="45.6022150" lon="24.7109000">
    <ele>2294.4</ele>
   </trkpt>
   <trkpt lat="45.6022150" lon="24.7108990">
    <ele>2294.4</ele>
   </trkpt>
   <trkpt lat="45.6022150" lon="24.7108990">
    <ele>2294.4</ele>
   </trkpt>
   <trkpt lat="45.6022150" lon="24.7108990">
    <ele>2294.4</ele>
   </trkpt>
   <trkpt lat="45.6022230" lon="24.7110050">
    <ele>2294.4</ele>
   </trkpt>
   <trkpt lat="45.6022290" lon="24.7111040">
    <ele>2294.4</ele>
   </trkpt>
   <trkpt lat="45.6022270" lon="24.7111280">
    <ele>2294.4</ele>
   </trkpt>
   <trkpt lat="45.6022180" lon="24.7111580">
    <ele>2294.4</ele>
   </trkpt>
   <trkpt lat="45.6022120" lon="24.7112210">
    <ele>2294.0</ele>
   </trkpt>
   <trkpt lat="45.6022040" lon="24.7112660">
    <ele>2294.0</ele>
   </trkpt>
   <trkpt lat="45.6021910" lon="24.7113080">
    <ele>2294.0</ele>
   </trkpt>
   <trkpt lat="45.6021890" lon="24.7113180">
    <ele>2294.0</ele>
   </trkpt>
   <trkpt lat="45.6021820" lon="24.7113570">
    <ele>2293.6</ele>
   </trkpt>
   <trkpt lat="45.6021840" lon="24.7114090">
    <ele>2293.2</ele>
   </trkpt>
   <trkpt lat="45.6021850" lon="24.7114250">
    <ele>2293.2</ele>
   </trkpt>
   <trkpt lat="45.6021780" lon="24.7115390">
    <ele>2292.6</ele>
   </trkpt>
   <trkpt lat="45.6021880" lon="24.7116070">
    <ele>2292.6</ele>
   </trkpt>
   <trkpt lat="45.6021920" lon="24.7116210">
    <ele>2292.4</ele>
   </trkpt>
   <trkpt lat="45.6022130" lon="24.7117110">
    <ele>2292.4</ele>
   </trkpt>
   <trkpt lat="45.6022080" lon="24.7117220">
    <ele>2292.4</ele>
   </trkpt>
   <trkpt lat="45.6021990" lon="24.7117470">
    <ele>2292.4</ele>
   </trkpt>
   <trkpt lat="45.6022000" lon="24.7117780">
    <ele>2292.6</ele>
   </trkpt>
   <trkpt lat="45.6021990" lon="24.7117880">
    <ele>2292.8</ele>
   </trkpt>
   <trkpt lat="45.6022100" lon="24.7118770">
    <ele>2293.0</ele>
   </trkpt>
   <trkpt lat="45.6022120" lon="24.7118970">
    <ele>2293.0</ele>
   </trkpt>
   <trkpt lat="45.6022270" lon="24.7119590">
    <ele>2293.2</ele>
   </trkpt>
   <trkpt lat="45.6022250" lon="24.7120380">
    <ele>2292.8</ele>
   </trkpt>
   <trkpt lat="45.6022180" lon="24.7120790">
    <ele>2293.2</ele>
   </trkpt>
   <trkpt lat="45.6022150" lon="24.7121070">
    <ele>2293.8</ele>
   </trkpt>
   <trkpt lat="45.6022140" lon="24.7121170">
    <ele>2293.8</ele>
   </trkpt>
   <trkpt lat="45.6022120" lon="24.7121540">
    <ele>2294.2</ele>
   </trkpt>
   <trkpt lat="45.6022130" lon="24.7121940">
    <ele>2294.0</ele>
   </trkpt>
   <trkpt lat="45.6022130" lon="24.7122020">
    <ele>2294.0</ele>
   </trkpt>
   <trkpt lat="45.6022110" lon="24.7122100">
    <ele>2293.8</ele>
   </trkpt>
   <trkpt lat="45.6022020" lon="24.7122390">
    <ele>2293.6</ele>
   </trkpt>
   <trkpt lat="45.6022050" lon="24.7122910">
    <ele>2293.2</ele>
   </trkpt>
   <trkpt lat="45.6022080" lon="24.7123030">
    <ele>2293.2</ele>
   </trkpt>
   <trkpt lat="45.6022340" lon="24.7123500">
    <ele>2292.8</ele>
   </trkpt>
   <trkpt lat="45.6022490" lon="24.7123670">
    <ele>2292.8</ele>
   </trkpt>
   <trkpt lat="45.6022620" lon="24.7123940">
    <ele>2292.8</ele>
   </trkpt>
   <trkpt lat="45.6022820" lon="24.7124360">
    <ele>2292.8</ele>
   </trkpt>
   <trkpt lat="45.6022760" lon="24.7124580">
    <ele>2292.4</ele>
   </trkpt>
   <trkpt lat="45.6022720" lon="24.7124680">
    <ele>2292.2</ele>
   </trkpt>
   <trkpt lat="45.6022730" lon="24.7124870">
    <ele>2292.2</ele>
   </trkpt>
   <trkpt lat="45.6022720" lon="24.7125010">
    <ele>2292.0</ele>
   </trkpt>
   <trkpt lat="45.6022800" lon="24.7125290">
    <ele>2291.8</ele>
   </trkpt>
   <trkpt lat="45.6022970" lon="24.7125970">
    <ele>2291.8</ele>
   </trkpt>
   <trkpt lat="45.6023070" lon="24.7126370">
    <ele>2291.8</ele>
   </trkpt>
   <trkpt lat="45.6023230" lon="24.7127070">
    <ele>2291.4</ele>
   </trkpt>
   <trkpt lat="45.6023310" lon="24.7127310">
    <ele>2291.4</ele>
   </trkpt>
   <trkpt lat="45.6023420" lon="24.7127690">
    <ele>2291.2</ele>
   </trkpt>
   <trkpt lat="45.6023600" lon="24.7128030">
    <ele>2291.4</ele>
   </trkpt>
   <trkpt lat="45.6023750" lon="24.7128190">
    <ele>2291.4</ele>
   </trkpt>
   <trkpt lat="45.6023790" lon="24.7128560">
    <ele>2291.4</ele>
   </trkpt>
   <trkpt lat="45.6023790" lon="24.7128620">
    <ele>2291.4</ele>
   </trkpt>
   <trkpt lat="45.6023800" lon="24.7128720">
    <ele>2291.4</ele>
   </trkpt>
   <trkpt lat="45.6023820" lon="24.7128810">
    <ele>2291.4</ele>
   </trkpt>
   <trkpt lat="45.6023920" lon="24.7129110">
    <ele>2291.2</ele>
   </trkpt>
   <trkpt lat="45.6024060" lon="24.7129390">
    <ele>2291.2</ele>
   </trkpt>
   <trkpt lat="45.6024080" lon="24.7129650">
    <ele>2291.0</ele>
   </trkpt>
   <trkpt lat="45.6024090" lon="24.7129740">
    <ele>2290.8</ele>
   </trkpt>
   <trkpt lat="45.6024130" lon="24.7129930">
    <ele>2290.8</ele>
   </trkpt>
   <trkpt lat="45.6024100" lon="24.7130360">
    <ele>2289.8</ele>
   </trkpt>
   <trkpt lat="45.6024120" lon="24.7130530">
    <ele>2289.6</ele>
   </trkpt>
   <trkpt lat="45.6024170" lon="24.7130650">
    <ele>2289.6</ele>
   </trkpt>
   <trkpt lat="45.6024170" lon="24.7130850">
    <ele>2289.4</ele>
   </trkpt>
   <trkpt lat="45.6024190" lon="24.7130990">
    <ele>2289.4</ele>
   </trkpt>
   <trkpt lat="45.6024200" lon="24.7131150">
    <ele>2289.4</ele>
   </trkpt>
   <trkpt lat="45.6024240" lon="24.7131340">
    <ele>2289.4</ele>
   </trkpt>
   <trkpt lat="45.6024360" lon="24.7131840">
    <ele>2289.4</ele>
   </trkpt>
   <trkpt lat="45.6024450" lon="24.7131970">
    <ele>2289.4</ele>
   </trkpt>
   <trkpt lat="45.6024770" lon="24.7133160">
    <ele>2289.8</ele>
   </trkpt>
   <trkpt lat="45.6025030" lon="24.7134100">
    <ele>2289.2</ele>
   </trkpt>
   <trkpt lat="45.6025380" lon="24.7134940">
    <ele>2289.4</ele>
   </trkpt>
   <trkpt lat="45.6025380" lon="24.7135020">
    <ele>2289.6</ele>
   </trkpt>
   <trkpt lat="45.6025440" lon="24.7135240">
    <ele>2290.0</ele>
   </trkpt>
   <trkpt lat="45.6025490" lon="24.7135470">
    <ele>2290.8</ele>
   </trkpt>
   <trkpt lat="45.6025500" lon="24.7135540">
    <ele>2290.8</ele>
   </trkpt>
   <trkpt lat="45.6025500" lon="24.7135600">
    <ele>2290.8</ele>
   </trkpt>
   <trkpt lat="45.6025510" lon="24.7135730">
    <ele>2291.4</ele>
   </trkpt>
   <trkpt lat="45.6025540" lon="24.7135900">
    <ele>2291.6</ele>
   </trkpt>
   <trkpt lat="45.6025550" lon="24.7135990">
    <ele>2292.0</ele>
   </trkpt>
   <trkpt lat="45.6025590" lon="24.7136110">
    <ele>2292.2</ele>
   </trkpt>
   <trkpt lat="45.6025760" lon="24.7136360">
    <ele>2292.6</ele>
   </trkpt>
   <trkpt lat="45.6025840" lon="24.7136580">
    <ele>2292.6</ele>
   </trkpt>
   <trkpt lat="45.6025860" lon="24.7136700">
    <ele>2292.6</ele>
   </trkpt>
   <trkpt lat="45.6025890" lon="24.7136840">
    <ele>2292.6</ele>
   </trkpt>
   <trkpt lat="45.6026240" lon="24.7137560">
    <ele>2293.0</ele>
   </trkpt>
   <trkpt lat="45.6026530" lon="24.7137960">
    <ele>2293.0</ele>
   </trkpt>
   <trkpt lat="45.6026790" lon="24.7138550">
    <ele>2293.2</ele>
   </trkpt>
   <trkpt lat="45.6026920" lon="24.7138820">
    <ele>2293.2</ele>
   </trkpt>
   <trkpt lat="45.6027130" lon="24.7139100">
    <ele>2293.8</ele>
   </trkpt>
   <trkpt lat="45.6027320" lon="24.7139560">
    <ele>2294.0</ele>
   </trkpt>
   <trkpt lat="45.6027340" lon="24.7139690">
    <ele>2294.0</ele>
   </trkpt>
   <trkpt lat="45.6027400" lon="24.7139960">
    <ele>2294.2</ele>
   </trkpt>
   <trkpt lat="45.6027850" lon="24.7140820">
    <ele>2293.8</ele>
   </trkpt>
   <trkpt lat="45.6027950" lon="24.7141090">
    <ele>2293.8</ele>
   </trkpt>
   <trkpt lat="45.6028010" lon="24.7141180">
    <ele>2293.8</ele>
   </trkpt>
   <trkpt lat="45.6028200" lon="24.7141370">
    <ele>2294.2</ele>
   </trkpt>
   <trkpt lat="45.6028310" lon="24.7141590">
    <ele>2294.2</ele>
   </trkpt>
   <trkpt lat="45.6028480" lon="24.7141880">
    <ele>2294.2</ele>
   </trkpt>
   <trkpt lat="45.6028680" lon="24.7142290">
    <ele>2295.0</ele>
   </trkpt>
   <trkpt lat="45.6028710" lon="24.7142360">
    <ele>2295.2</ele>
   </trkpt>
   <trkpt lat="45.6028750" lon="24.7142410">
    <ele>2295.2</ele>
   </trkpt>
   <trkpt lat="45.6028780" lon="24.7142460">
    <ele>2295.2</ele>
   </trkpt>
   <trkpt lat="45.6028890" lon="24.7142630">
    <ele>2295.4</ele>
   </trkpt>
   <trkpt lat="45.6028960" lon="24.7142890">
    <ele>2295.6</ele>
   </trkpt>
   <trkpt lat="45.6029120" lon="24.7143130">
    <ele>2295.8</ele>
   </trkpt>
   <trkpt lat="45.6029240" lon="24.7143230">
    <ele>2295.8</ele>
   </trkpt>
   <trkpt lat="45.6029320" lon="24.7143370">
    <ele>2296.2</ele>
   </trkpt>
   <trkpt lat="45.6029420" lon="24.7143510">
    <ele>2296.4</ele>
   </trkpt>
   <trkpt lat="45.6029680" lon="24.7144010">
    <ele>2297.4</ele>
   </trkpt>
   <trkpt lat="45.6029720" lon="24.7144100">
    <ele>2297.4</ele>
   </trkpt>
   <trkpt lat="45.6029920" lon="24.7144680">
    <ele>2297.8</ele>
   </trkpt>
   <trkpt lat="45.6029920" lon="24.7144780">
    <ele>2297.8</ele>
   </trkpt>
   <trkpt lat="45.6030050" lon="24.7145610">
    <ele>2297.6</ele>
   </trkpt>
   <trkpt lat="45.6030210" lon="24.7146450">
    <ele>2297.8</ele>
   </trkpt>
   <trkpt lat="45.6030230" lon="24.7146590">
    <ele>2298.0</ele>
   </trkpt>
   <trkpt lat="45.6030390" lon="24.7146870">
    <ele>2298.4</ele>
   </trkpt>
   <trkpt lat="45.6030550" lon="24.7147260">
    <ele>2299.2</ele>
   </trkpt>
   <trkpt lat="45.6030610" lon="24.7147340">
    <ele>2299.2</ele>
   </trkpt>
   <trkpt lat="45.6030660" lon="24.7147410">
    <ele>2299.2</ele>
   </trkpt>
   <trkpt lat="45.6030730" lon="24.7147500">
    <ele>2299.6</ele>
   </trkpt>
   <trkpt lat="45.6030910" lon="24.7148410">
    <ele>2300.0</ele>
   </trkpt>
   <trkpt lat="45.6030950" lon="24.7148700">
    <ele>2300.0</ele>
   </trkpt>
   <trkpt lat="45.6031240" lon="24.7149360">
    <ele>2300.6</ele>
   </trkpt>
   <trkpt lat="45.6031560" lon="24.7150250">
    <ele>2301.4</ele>
   </trkpt>
   <trkpt lat="45.6031610" lon="24.7150330">
    <ele>2301.6</ele>
   </trkpt>
   <trkpt lat="45.6031650" lon="24.7150400">
    <ele>2301.6</ele>
   </trkpt>
   <trkpt lat="45.6031770" lon="24.7151070">
    <ele>2302.0</ele>
   </trkpt>
   <trkpt lat="45.6031770" lon="24.7151180">
    <ele>2301.8</ele>
   </trkpt>
   <trkpt lat="45.6032000" lon="24.7152260">
    <ele>2301.8</ele>
   </trkpt>
   <trkpt lat="45.6032220" lon="24.7152890">
    <ele>2303.0</ele>
   </trkpt>
   <trkpt lat="45.6032400" lon="24.7153280">
    <ele>2303.2</ele>
   </trkpt>
   <trkpt lat="45.6032700" lon="24.7154280">
    <ele>2304.0</ele>
   </trkpt>
   <trkpt lat="45.6032720" lon="24.7154350">
    <ele>2304.6</ele>
   </trkpt>
   <trkpt lat="45.6032910" lon="24.7155100">
    <ele>2305.0</ele>
   </trkpt>
   <trkpt lat="45.6032910" lon="24.7155190">
    <ele>2305.0</ele>
   </trkpt>
   <trkpt lat="45.6032840" lon="24.7155910">
    <ele>2304.0</ele>
   </trkpt>
   <trkpt lat="45.6033080" lon="24.7156870">
    <ele>2304.0</ele>
   </trkpt>
   <trkpt lat="45.6033070" lon="24.7156990">
    <ele>2304.0</ele>
   </trkpt>
   <trkpt lat="45.6033070" lon="24.7157390">
    <ele>2304.0</ele>
   </trkpt>
   <trkpt lat="45.6033150" lon="24.7157790">
    <ele>2303.6</ele>
   </trkpt>
   <trkpt lat="45.6033400" lon="24.7158680">
    <ele>2304.0</ele>
   </trkpt>
   <trkpt lat="45.6033440" lon="24.7158790">
    <ele>2304.0</ele>
   </trkpt>
   <trkpt lat="45.6033470" lon="24.7159880">
    <ele>2303.6</ele>
   </trkpt>
   <trkpt lat="45.6033460" lon="24.7160010">
    <ele>2303.4</ele>
   </trkpt>
   <trkpt lat="45.6033500" lon="24.7160310">
    <ele>2303.2</ele>
   </trkpt>
   <trkpt lat="45.6033610" lon="24.7161150">
    <ele>2303.0</ele>
   </trkpt>
   <trkpt lat="45.6033670" lon="24.7161390">
    <ele>2303.0</ele>
   </trkpt>
   <trkpt lat="45.6033760" lon="24.7162370">
    <ele>2302.8</ele>
   </trkpt>
   <trkpt lat="45.6033770" lon="24.7163570">
    <ele>2302.6</ele>
   </trkpt>
   <trkpt lat="45.6034050" lon="24.7165080">
    <ele>2302.8</ele>
   </trkpt>
   <trkpt lat="45.6034280" lon="24.7165670">
    <ele>2303.2</ele>
   </trkpt>
   <trkpt lat="45.6034570" lon="24.7166110">
    <ele>2303.6</ele>
   </trkpt>
   <trkpt lat="45.6035020" lon="24.7166900">
    <ele>2304.2</ele>
   </trkpt>
   <trkpt lat="45.6035200" lon="24.7167190">
    <ele>2304.6</ele>
   </trkpt>
   <trkpt lat="45.6035260" lon="24.7167260">
    <ele>2304.6</ele>
   </trkpt>
   <trkpt lat="45.6035690" lon="24.7167730">
    <ele>2305.0</ele>
   </trkpt>
   <trkpt lat="45.6036070" lon="24.7167940">
    <ele>2305.6</ele>
   </trkpt>
   <trkpt lat="45.6036130" lon="24.7168010">
    <ele>2305.6</ele>
   </trkpt>
   <trkpt lat="45.6036360" lon="24.7168070">
    <ele>2306.0</ele>
   </trkpt>
   <trkpt lat="45.6036540" lon="24.7168110">
    <ele>2306.2</ele>
   </trkpt>
   <trkpt lat="45.6036700" lon="24.7168190">
    <ele>2306.6</ele>
   </trkpt>
   <trkpt lat="45.6036950" lon="24.7168450">
    <ele>2307.8</ele>
   </trkpt>
   <trkpt lat="45.6037050" lon="24.7168770">
    <ele>2307.8</ele>
   </trkpt>
   <trkpt lat="45.6037220" lon="24.7168880">
    <ele>2307.6</ele>
   </trkpt>
   <trkpt lat="45.6037650" lon="24.7169400">
    <ele>2307.8</ele>
   </trkpt>
   <trkpt lat="45.6037940" lon="24.7169820">
    <ele>2308.0</ele>
   </trkpt>
   <trkpt lat="45.6038070" lon="24.7169970">
    <ele>2307.8</ele>
   </trkpt>
   <trkpt lat="45.6038190" lon="24.7170090">
    <ele>2308.0</ele>
   </trkpt>
   <trkpt lat="45.6038270" lon="24.7170140">
    <ele>2308.0</ele>
   </trkpt>
   <trkpt lat="45.6038460" lon="24.7170270">
    <ele>2308.0</ele>
   </trkpt>
   <trkpt lat="45.6038520" lon="24.7170320">
    <ele>2308.0</ele>
   </trkpt>
   <trkpt lat="45.6039170" lon="24.7170730">
    <ele>2308.8</ele>
   </trkpt>
   <trkpt lat="45.6039230" lon="24.7170760">
    <ele>2308.8</ele>
   </trkpt>
   <trkpt lat="45.6039520" lon="24.7170860">
    <ele>2309.4</ele>
   </trkpt>
   <trkpt lat="45.6039650" lon="24.7170920">
    <ele>2309.4</ele>
   </trkpt>
   <trkpt lat="45.6039940" lon="24.7171220">
    <ele>2310.2</ele>
   </trkpt>
   <trkpt lat="45.6040220" lon="24.7171350">
    <ele>2310.8</ele>
   </trkpt>
   <trkpt lat="45.6040390" lon="24.7171450">
    <ele>2311.2</ele>
   </trkpt>
   <trkpt lat="45.6040740" lon="24.7171330">
    <ele>2312.0</ele>
   </trkpt>
   <trkpt lat="45.6040780" lon="24.7171300">
    <ele>2312.4</ele>
   </trkpt>
   <trkpt lat="45.6040890" lon="24.7171190">
    <ele>2312.6</ele>
   </trkpt>
   <trkpt lat="45.6041000" lon="24.7171130">
    <ele>2313.0</ele>
   </trkpt>
   <trkpt lat="45.6041180" lon="24.7171030">
    <ele>2313.6</ele>
   </trkpt>
   <trkpt lat="45.6041460" lon="24.7171200">
    <ele>2314.2</ele>
   </trkpt>
   <trkpt lat="45.6041480" lon="24.7171250">
    <ele>2314.6</ele>
   </trkpt>
   <trkpt lat="45.6041510" lon="24.7171290">
    <ele>2314.8</ele>
   </trkpt>
   <trkpt lat="45.6041610" lon="24.7171190">
    <ele>2315.2</ele>
   </trkpt>
   <trkpt lat="45.6041650" lon="24.7171130">
    <ele>2315.8</ele>
   </trkpt>
   <trkpt lat="45.6041890" lon="24.7171170">
    <ele>2316.2</ele>
   </trkpt>
   <trkpt lat="45.6042160" lon="24.7171200">
    <ele>2316.8</ele>
   </trkpt>
   <trkpt lat="45.6042210" lon="24.7171190">
    <ele>2316.8</ele>
   </trkpt>
   <trkpt lat="45.6042520" lon="24.7171060">
    <ele>2317.4</ele>
   </trkpt>
   <trkpt lat="45.6042730" lon="24.7171160">
    <ele>2317.8</ele>
   </trkpt>
   <trkpt lat="45.6042820" lon="24.7171170">
    <ele>2318.0</ele>
   </trkpt>
   <trkpt lat="45.6043130" lon="24.7171260">
    <ele>2318.8</ele>
   </trkpt>
   <trkpt lat="45.6043340" lon="24.7171350">
    <ele>2319.0</ele>
   </trkpt>
   <trkpt lat="45.6043430" lon="24.7171270">
    <ele>2319.4</ele>
   </trkpt>
   <trkpt lat="45.6043670" lon="24.7171210">
    <ele>2320.0</ele>
   </trkpt>
   <trkpt lat="45.6043800" lon="24.7171280">
    <ele>2320.4</ele>
   </trkpt>
   <trkpt lat="45.6043860" lon="24.7171350">
    <ele>2320.6</ele>
   </trkpt>
   <trkpt lat="45.6043940" lon="24.7171270">
    <ele>2321.0</ele>
   </trkpt>
   <trkpt lat="45.6043990" lon="24.7171290">
    <ele>2321.0</ele>
   </trkpt>
   <trkpt lat="45.6044030" lon="24.7171350">
    <ele>2321.2</ele>
   </trkpt>
   <trkpt lat="45.6044320" lon="24.7171330">
    <ele>2321.8</ele>
   </trkpt>
   <trkpt lat="45.6044540" lon="24.7171270">
    <ele>2322.4</ele>
   </trkpt>
   <trkpt lat="45.6044860" lon="24.7171300">
    <ele>2322.6</ele>
   </trkpt>
   <trkpt lat="45.6044890" lon="24.7171300">
    <ele>2322.8</ele>
   </trkpt>
   <trkpt lat="45.6045100" lon="24.7171350">
    <ele>2323.4</ele>
   </trkpt>
   <trkpt lat="45.6045150" lon="24.7171340">
    <ele>2323.4</ele>
   </trkpt>
   <trkpt lat="45.6045200" lon="24.7171350">
    <ele>2323.6</ele>
   </trkpt>
   <trkpt lat="45.6045380" lon="24.7171380">
    <ele>2324.6</ele>
   </trkpt>
   <trkpt lat="45.6045560" lon="24.7171490">
    <ele>2325.4</ele>
   </trkpt>
   <trkpt lat="45.6045650" lon="24.7171470">
    <ele>2325.6</ele>
   </trkpt>
   <trkpt lat="45.6045770" lon="24.7171510">
    <ele>2325.8</ele>
   </trkpt>
   <trkpt lat="45.6045790" lon="24.7171560">
    <ele>2325.8</ele>
   </trkpt>
   <trkpt lat="45.6045810" lon="24.7171460">
    <ele>2326.6</ele>
   </trkpt>
   <trkpt lat="45.6045900" lon="24.7171350">
    <ele>2326.8</ele>
   </trkpt>
   <trkpt lat="45.6046210" lon="24.7171360">
    <ele>2328.0</ele>
   </trkpt>
   <trkpt lat="45.6046280" lon="24.7171320">
    <ele>2328.2</ele>
   </trkpt>
   <trkpt lat="45.6046440" lon="24.7171040">
    <ele>2329.0</ele>
   </trkpt>
   <trkpt lat="45.6046610" lon="24.7170990">
    <ele>2329.6</ele>
   </trkpt>
   <trkpt lat="45.6046640" lon="24.7170980">
    <ele>2329.8</ele>
   </trkpt>
   <trkpt lat="45.6046720" lon="24.7170920">
    <ele>2330.2</ele>
   </trkpt>
   <trkpt lat="45.6046800" lon="24.7170900">
    <ele>2330.6</ele>
   </trkpt>
   <trkpt lat="45.6046890" lon="24.7170910">
    <ele>2330.8</ele>
   </trkpt>
   <trkpt lat="45.6046920" lon="24.7170870">
    <ele>2331.4</ele>
   </trkpt>
   <trkpt lat="45.6046990" lon="24.7170810">
    <ele>2331.6</ele>
   </trkpt>
   <trkpt lat="45.6047250" lon="24.7170830">
    <ele>2332.6</ele>
   </trkpt>
   <trkpt lat="45.6047430" lon="24.7170910">
    <ele>2333.2</ele>
   </trkpt>
   <trkpt lat="45.6047790" lon="24.7170850">
    <ele>2333.8</ele>
   </trkpt>
   <trkpt lat="45.6047920" lon="24.7170960">
    <ele>2334.0</ele>
   </trkpt>
   <trkpt lat="45.6048150" lon="24.7171110">
    <ele>2334.2</ele>
   </trkpt>
   <trkpt lat="45.6048430" lon="24.7171150">
    <ele>2334.8</ele>
   </trkpt>
   <trkpt lat="45.6048810" lon="24.7171270">
    <ele>2336.0</ele>
   </trkpt>
   <trkpt lat="45.6048870" lon="24.7171300">
    <ele>2336.2</ele>
   </trkpt>
   <trkpt lat="45.6049160" lon="24.7171430">
    <ele>2337.2</ele>
   </trkpt>
   <trkpt lat="45.6049450" lon="24.7171370">
    <ele>2337.6</ele>
   </trkpt>
   <trkpt lat="45.6049650" lon="24.7171450">
    <ele>2338.2</ele>
   </trkpt>
   <trkpt lat="45.6049670" lon="24.7171450">
    <ele>2338.4</ele>
   </trkpt>
   <trkpt lat="45.6049810" lon="24.7171380">
    <ele>2338.8</ele>
   </trkpt>
   <trkpt lat="45.6049860" lon="24.7171350">
    <ele>2339.2</ele>
   </trkpt>
   <trkpt lat="45.6050010" lon="24.7171300">
    <ele>2339.4</ele>
   </trkpt>
   <trkpt lat="45.6050200" lon="24.7171250">
    <ele>2339.8</ele>
   </trkpt>
   <trkpt lat="45.6050490" lon="24.7171230">
    <ele>2340.6</ele>
   </trkpt>
   <trkpt lat="45.6050700" lon="24.7171110">
    <ele>2341.4</ele>
   </trkpt>
   <trkpt lat="45.6050760" lon="24.7171150">
    <ele>2341.6</ele>
   </trkpt>
   <trkpt lat="45.6050860" lon="24.7171100">
    <ele>2342.2</ele>
   </trkpt>
   <trkpt lat="45.6050910" lon="24.7171100">
    <ele>2342.6</ele>
   </trkpt>
   <trkpt lat="45.6050960" lon="24.7171130">
    <ele>2342.6</ele>
   </trkpt>
   <trkpt lat="45.6051380" lon="24.7171100">
    <ele>2344.0</ele>
   </trkpt>
   <trkpt lat="45.6051450" lon="24.7171070">
    <ele>2344.0</ele>
   </trkpt>
   <trkpt lat="45.6051770" lon="24.7171060">
    <ele>2344.4</ele>
   </trkpt>
   <trkpt lat="45.6051810" lon="24.7171100">
    <ele>2345.2</ele>
   </trkpt>
   <trkpt lat="45.6051830" lon="24.7171120">
    <ele>2345.4</ele>
   </trkpt>
   <trkpt lat="45.6051850" lon="24.7171170">
    <ele>2345.2</ele>
   </trkpt>
   <trkpt lat="45.6051830" lon="24.7171170">
    <ele>2345.0</ele>
   </trkpt>
   <trkpt lat="45.6052410" lon="24.7171300">
    <ele>2345.8</ele>
   </trkpt>
   <trkpt lat="45.6052950" lon="24.7171340">
    <ele>2345.8</ele>
   </trkpt>
   <trkpt lat="45.6053000" lon="24.7171290">
    <ele>2345.8</ele>
   </trkpt>
   <trkpt lat="45.6053190" lon="24.7171160">
    <ele>2346.4</ele>
   </trkpt>
   <trkpt lat="45.6053300" lon="24.7171160">
    <ele>2346.6</ele>
   </trkpt>
   <trkpt lat="45.6053820" lon="24.7171390">
    <ele>2346.8</ele>
   </trkpt>
   <trkpt lat="45.6054160" lon="24.7171160">
    <ele>2347.6</ele>
   </trkpt>
   <trkpt lat="45.6054230" lon="24.7171100">
    <ele>2347.6</ele>
   </trkpt>
   <trkpt lat="45.6054500" lon="24.7171100">
    <ele>2348.6</ele>
   </trkpt>
   <trkpt lat="45.6054830" lon="24.7171080">
    <ele>2348.4</ele>
   </trkpt>
   <trkpt lat="45.6055540" lon="24.7171060">
    <ele>2348.2</ele>
   </trkpt>
   <trkpt lat="45.6055650" lon="24.7171060">
    <ele>2348.2</ele>
   </trkpt>
   <trkpt lat="45.6056030" lon="24.7171070">
    <ele>2348.0</ele>
   </trkpt>
   <trkpt lat="45.6056300" lon="24.7171020">
    <ele>2347.4</ele>
   </trkpt>
   <trkpt lat="45.6056410" lon="24.7171060">
    <ele>2347.6</ele>
   </trkpt>
   <trkpt lat="45.6057020" lon="24.7171680">
    <ele>2347.2</ele>
   </trkpt>
   <trkpt lat="45.6057360" lon="24.7172210">
    <ele>2347.8</ele>
   </trkpt>
   <trkpt lat="45.6057600" lon="24.7172730">
    <ele>2348.2</ele>
   </trkpt>
   <trkpt lat="45.6058210" lon="24.7173250">
    <ele>2348.2</ele>
   </trkpt>
   <trkpt lat="45.6058290" lon="24.7173340">
    <ele>2348.2</ele>
   </trkpt>
   <trkpt lat="45.6058440" lon="24.7173520">
    <ele>2348.8</ele>
   </trkpt>
   <trkpt lat="45.6058900" lon="24.7173960">
    <ele>2348.8</ele>
   </trkpt>
   <trkpt lat="45.6059220" lon="24.7174200">
    <ele>2348.8</ele>
   </trkpt>
   <trkpt lat="45.6059510" lon="24.7174570">
    <ele>2348.0</ele>
   </trkpt>
   <trkpt lat="45.6059770" lon="24.7175030">
    <ele>2347.8</ele>
   </trkpt>
   <trkpt lat="45.6060290" lon="24.7175490">
    <ele>2347.8</ele>
   </trkpt>
   <trkpt lat="45.6060840" lon="24.7176080">
    <ele>2348.0</ele>
   </trkpt>
   <trkpt lat="45.6060910" lon="24.7176170">
    <ele>2347.8</ele>
   </trkpt>
   <trkpt lat="45.6060950" lon="24.7176250">
    <ele>2347.8</ele>
   </trkpt>
   <trkpt lat="45.6061050" lon="24.7176380">
    <ele>2347.8</ele>
   </trkpt>
   <trkpt lat="45.6061140" lon="24.7176470">
    <ele>2347.8</ele>
   </trkpt>
   <trkpt lat="45.6061240" lon="24.7176630">
    <ele>2347.8</ele>
   </trkpt>
   <trkpt lat="45.6061360" lon="24.7176900">
    <ele>2347.6</ele>
   </trkpt>
   <trkpt lat="45.6061360" lon="24.7176880">
    <ele>2347.2</ele>
   </trkpt>
   <trkpt lat="45.6061290" lon="24.7176900">
    <ele>2347.4</ele>
   </trkpt>
   <trkpt lat="45.6061280" lon="24.7176950">
    <ele>2347.4</ele>
   </trkpt>
   <trkpt lat="45.6061410" lon="24.7177270">
    <ele>2347.4</ele>
   </trkpt>
   <trkpt lat="45.6061460" lon="24.7177390">
    <ele>2347.4</ele>
   </trkpt>
   <trkpt lat="45.6061720" lon="24.7178010">
    <ele>2347.4</ele>
   </trkpt>
   <trkpt lat="45.6061810" lon="24.7178160">
    <ele>2347.4</ele>
   </trkpt>
   <trkpt lat="45.6061840" lon="24.7178260">
    <ele>2347.4</ele>
   </trkpt>
   <trkpt lat="45.6062050" lon="24.7178600">
    <ele>2347.4</ele>
   </trkpt>
   <trkpt lat="45.6062110" lon="24.7178640">
    <ele>2347.4</ele>
   </trkpt>
   <trkpt lat="45.6062430" lon="24.7178990">
    <ele>2347.8</ele>
   </trkpt>
   <trkpt lat="45.6062460" lon="24.7179080">
    <ele>2347.8</ele>
   </trkpt>
   <trkpt lat="45.6062520" lon="24.7179360">
    <ele>2347.8</ele>
   </trkpt>
   <trkpt lat="45.6062760" lon="24.7180150">
    <ele>2347.8</ele>
   </trkpt>
   <trkpt lat="45.6062760" lon="24.7180360">
    <ele>2347.0</ele>
   </trkpt>
   <trkpt lat="45.6062810" lon="24.7180620">
    <ele>2346.4</ele>
   </trkpt>
   <trkpt lat="45.6062960" lon="24.7181450">
    <ele>2345.6</ele>
   </trkpt>
   <trkpt lat="45.6063010" lon="24.7181590">
    <ele>2345.4</ele>
   </trkpt>
   <trkpt lat="45.6063370" lon="24.7182330">
    <ele>2344.6</ele>
   </trkpt>
   <trkpt lat="45.6063430" lon="24.7182630">
    <ele>2344.4</ele>
   </trkpt>
   <trkpt lat="45.6063680" lon="24.7183170">
    <ele>2343.8</ele>
   </trkpt>
   <trkpt lat="45.6063860" lon="24.7183540">
    <ele>2343.4</ele>
   </trkpt>
   <trkpt lat="45.6063880" lon="24.7183800">
    <ele>2343.0</ele>
   </trkpt>
   <trkpt lat="45.6063900" lon="24.7183950">
    <ele>2342.8</ele>
   </trkpt>
   <trkpt lat="45.6064070" lon="24.7184260">
    <ele>2342.8</ele>
   </trkpt>
   <trkpt lat="45.6064200" lon="24.7184500">
    <ele>2342.8</ele>
   </trkpt>
   <trkpt lat="45.6064330" lon="24.7184670">
    <ele>2342.8</ele>
   </trkpt>
   <trkpt lat="45.6064590" lon="24.7185130">
    <ele>2342.8</ele>
   </trkpt>
   <trkpt lat="45.6064790" lon="24.7185490">
    <ele>2342.4</ele>
   </trkpt>
   <trkpt lat="45.6064830" lon="24.7185660">
    <ele>2342.2</ele>
   </trkpt>
   <trkpt lat="45.6065090" lon="24.7186130">
    <ele>2342.2</ele>
   </trkpt>
   <trkpt lat="45.6065140" lon="24.7186200">
    <ele>2342.2</ele>
   </trkpt>
   <trkpt lat="45.6065480" lon="24.7186960">
    <ele>2342.0</ele>
   </trkpt>
   <trkpt lat="45.6065720" lon="24.7187330">
    <ele>2342.4</ele>
   </trkpt>
   <trkpt lat="45.6065710" lon="24.7187340">
    <ele>2342.4</ele>
   </trkpt>
   <trkpt lat="45.6065940" lon="24.7187860">
    <ele>2342.2</ele>
   </trkpt>
   <trkpt lat="45.6066090" lon="24.7188310">
    <ele>2341.8</ele>
   </trkpt>
   <trkpt lat="45.6066160" lon="24.7188650">
    <ele>2342.6</ele>
   </trkpt>
   <trkpt lat="45.6066270" lon="24.7189210">
    <ele>2341.6</ele>
   </trkpt>
   <trkpt lat="45.6066280" lon="24.7189250">
    <ele>2341.2</ele>
   </trkpt>
   <trkpt lat="45.6066300" lon="24.7189550">
    <ele>2341.0</ele>
   </trkpt>
   <trkpt lat="45.6066430" lon="24.7189870">
    <ele>2341.0</ele>
   </trkpt>
   <trkpt lat="45.6066440" lon="24.7189870">
    <ele>2340.6</ele>
   </trkpt>
   <trkpt lat="45.6066460" lon="24.7189940">
    <ele>2340.6</ele>
   </trkpt>
   <trkpt lat="45.6066460" lon="24.7189940">
    <ele>2340.6</ele>
   </trkpt>
   <trkpt lat="45.6066460" lon="24.7189940">
    <ele>2340.0</ele>
   </trkpt>
   <trkpt lat="45.6066460" lon="24.7189990">
    <ele>2339.0</ele>
   </trkpt>
   <trkpt lat="45.6066810" lon="24.7191130">
    <ele>2338.8</ele>
   </trkpt>
   <trkpt lat="45.6067110" lon="24.7192130">
    <ele>2338.6</ele>
   </trkpt>
   <trkpt lat="45.6067200" lon="24.7192320">
    <ele>2338.8</ele>
   </trkpt>
   <trkpt lat="45.6067260" lon="24.7192390">
    <ele>2338.8</ele>
   </trkpt>
   <trkpt lat="45.6067310" lon="24.7192510">
    <ele>2338.8</ele>
   </trkpt>
   <trkpt lat="45.6067440" lon="24.7193250">
    <ele>2338.8</ele>
   </trkpt>
   <trkpt lat="45.6067530" lon="24.7193440">
    <ele>2338.8</ele>
   </trkpt>
   <trkpt lat="45.6067650" lon="24.7193710">
    <ele>2339.0</ele>
   </trkpt>
   <trkpt lat="45.6067670" lon="24.7193900">
    <ele>2339.0</ele>
   </trkpt>
   <trkpt lat="45.6067710" lon="24.7194040">
    <ele>2339.2</ele>
   </trkpt>
   <trkpt lat="45.6067820" lon="24.7194560">
    <ele>2339.6</ele>
   </trkpt>
   <trkpt lat="45.6067790" lon="24.7194630">
    <ele>2339.6</ele>
   </trkpt>
   <trkpt lat="45.6067770" lon="24.7194690">
    <ele>2339.4</ele>
   </trkpt>
   <trkpt lat="45.6067790" lon="24.7194900">
    <ele>2339.0</ele>
   </trkpt>
   <trkpt lat="45.6067790" lon="24.7195430">
    <ele>2338.0</ele>
   </trkpt>
   <trkpt lat="45.6067860" lon="24.7195700">
    <ele>2337.6</ele>
   </trkpt>
   <trkpt lat="45.6067930" lon="24.7196160">
    <ele>2337.0</ele>
   </trkpt>
   <trkpt lat="45.6067950" lon="24.7196250">
    <ele>2336.6</ele>
   </trkpt>
   <trkpt lat="45.6067970" lon="24.7196690">
    <ele>2335.8</ele>
   </trkpt>
   <trkpt lat="45.6067980" lon="24.7196810">
    <ele>2335.4</ele>
   </trkpt>
   <trkpt lat="45.6067970" lon="24.7196820">
    <ele>2335.4</ele>
   </trkpt>
   <trkpt lat="45.6067990" lon="24.7196820">
    <ele>2335.2</ele>
   </trkpt>
   <trkpt lat="45.6067990" lon="24.7196820">
    <ele>2335.4</ele>
   </trkpt>
   <trkpt lat="45.6068050" lon="24.7196730">
    <ele>2335.4</ele>
   </trkpt>
   <trkpt lat="45.6068060" lon="24.7196720">
    <ele>2335.2</ele>
   </trkpt>
   <trkpt lat="45.6068060" lon="24.7196710">
    <ele>2335.2</ele>
   </trkpt>
   <trkpt lat="45.6068060" lon="24.7196690">
    <ele>2335.2</ele>
   </trkpt>
   <trkpt lat="45.6068010" lon="24.7196600">
    <ele>2334.8</ele>
   </trkpt>
   <trkpt lat="45.6067990" lon="24.7196580">
    <ele>2334.6</ele>
   </trkpt>
   <trkpt lat="45.6067990" lon="24.7196580">
    <ele>2334.2</ele>
   </trkpt>
   <trkpt lat="45.6068000" lon="24.7196590">
    <ele>2333.8</ele>
   </trkpt>
   <trkpt lat="45.6068130" lon="24.7197360">
    <ele>2334.0</ele>
   </trkpt>
   <trkpt lat="45.6068130" lon="24.7197370">
    <ele>2334.0</ele>
   </trkpt>
   <trkpt lat="45.6068140" lon="24.7197400">
    <ele>2334.0</ele>
   </trkpt>
   <trkpt lat="45.6068140" lon="24.7197420">
    <ele>2334.0</ele>
   </trkpt>
   <trkpt lat="45.6068150" lon="24.7197430">
    <ele>2334.0</ele>
   </trkpt>
   <trkpt lat="45.6068150" lon="24.7197780">
    <ele>2334.0</ele>
   </trkpt>
   <trkpt lat="45.6068110" lon="24.7198520">
    <ele>2334.0</ele>
   </trkpt>
   <trkpt lat="45.6068080" lon="24.7199860">
    <ele>2334.0</ele>
   </trkpt>
   <trkpt lat="45.6068070" lon="24.7199890">
    <ele>2334.0</ele>
   </trkpt>
   <trkpt lat="45.6068100" lon="24.7199860">
    <ele>2334.4</ele>
   </trkpt>
   <trkpt lat="45.6068110" lon="24.7199880">
    <ele>2334.6</ele>
   </trkpt>
   <trkpt lat="45.6068090" lon="24.7199900">
    <ele>2334.4</ele>
   </trkpt>
   <trkpt lat="45.6068040" lon="24.7199860">
    <ele>2333.6</ele>
   </trkpt>
   <trkpt lat="45.6068020" lon="24.7199870">
    <ele>2333.4</ele>
   </trkpt>
   <trkpt lat="45.6068020" lon="24.7199870">
    <ele>2333.2</ele>
   </trkpt>
   <trkpt lat="45.6068010" lon="24.7199940">
    <ele>2332.6</ele>
   </trkpt>
   <trkpt lat="45.6068020" lon="24.7199950">
    <ele>2332.2</ele>
   </trkpt>
   <trkpt lat="45.6068020" lon="24.7199940">
    <ele>2331.6</ele>
   </trkpt>
   <trkpt lat="45.6068020" lon="24.7199910">
    <ele>2331.6</ele>
   </trkpt>
   <trkpt lat="45.6068020" lon="24.7199900">
    <ele>2331.6</ele>
   </trkpt>
   <trkpt lat="45.6068020" lon="24.7199890">
    <ele>2331.6</ele>
   </trkpt>
   <trkpt lat="45.6068010" lon="24.7199810">
    <ele>2331.0</ele>
   </trkpt>
   <trkpt lat="45.6068010" lon="24.7199800">
    <ele>2331.0</ele>
   </trkpt>
   <trkpt lat="45.6068000" lon="24.7199710">
    <ele>2330.8</ele>
   </trkpt>
   <trkpt lat="45.6068000" lon="24.7199650">
    <ele>2330.6</ele>
   </trkpt>
   <trkpt lat="45.6067990" lon="24.7199620">
    <ele>2330.2</ele>
   </trkpt>
   <trkpt lat="45.6067990" lon="24.7199620">
    <ele>2330.2</ele>
   </trkpt>
   <trkpt lat="45.6067990" lon="24.7199620">
    <ele>2330.2</ele>
   </trkpt>
   <trkpt lat="45.6067990" lon="24.7199620">
    <ele>2330.2</ele>
   </trkpt>
   <trkpt lat="45.6067990" lon="24.7199620">
    <ele>2330.2</ele>
   </trkpt>
   <trkpt lat="45.6067990" lon="24.7199620">
    <ele>2330.2</ele>
   </trkpt>
   <trkpt lat="45.6067980" lon="24.7199670">
    <ele>2329.8</ele>
   </trkpt>
   <trkpt lat="45.6067970" lon="24.7199700">
    <ele>2330.0</ele>
   </trkpt>
   <trkpt lat="45.6067970" lon="24.7199710">
    <ele>2330.0</ele>
   </trkpt>
   <trkpt lat="45.6067980" lon="24.7199770">
    <ele>2329.6</ele>
   </trkpt>
   <trkpt lat="45.6067960" lon="24.7199800">
    <ele>2329.0</ele>
   </trkpt>
   <trkpt lat="45.6067960" lon="24.7199820">
    <ele>2329.0</ele>
   </trkpt>
   <trkpt lat="45.6067800" lon="24.7200000">
    <ele>2328.8</ele>
   </trkpt>
   <trkpt lat="45.6067760" lon="24.7200080">
    <ele>2328.8</ele>
   </trkpt>
   <trkpt lat="45.6067770" lon="24.7200090">
    <ele>2328.4</ele>
   </trkpt>
   <trkpt lat="45.6067810" lon="24.7199970">
    <ele>2328.4</ele>
   </trkpt>
   <trkpt lat="45.6067810" lon="24.7199950">
    <ele>2328.4</ele>
   </trkpt>
   <trkpt lat="45.6067820" lon="24.7199910">
    <ele>2328.4</ele>
   </trkpt>
   <trkpt lat="45.6067820" lon="24.7199910">
    <ele>2328.4</ele>
   </trkpt>
   <trkpt lat="45.6067820" lon="24.7199900">
    <ele>2328.4</ele>
   </trkpt>
   <trkpt lat="45.6067830" lon="24.7199900">
    <ele>2328.4</ele>
   </trkpt>
   <trkpt lat="45.6067830" lon="24.7199920">
    <ele>2328.4</ele>
   </trkpt>
   <trkpt lat="45.6067830" lon="24.7199930">
    <ele>2328.4</ele>
   </trkpt>
   <trkpt lat="45.6067590" lon="24.7201300">
    <ele>2328.4</ele>
   </trkpt>
   <trkpt lat="45.6067500" lon="24.7201630">
    <ele>2328.4</ele>
   </trkpt>
   <trkpt lat="45.6067400" lon="24.7201920">
    <ele>2328.4</ele>
   </trkpt>
   <trkpt lat="45.6067250" lon="24.7203230">
    <ele>2328.4</ele>
   </trkpt>
   <trkpt lat="45.6067210" lon="24.7203860">
    <ele>2327.2</ele>
   </trkpt>
   <trkpt lat="45.6067100" lon="24.7204670">
    <ele>2326.4</ele>
   </trkpt>
   <trkpt lat="45.6067140" lon="24.7205050">
    <ele>2326.2</ele>
   </trkpt>
   <trkpt lat="45.6067140" lon="24.7205180">
    <ele>2326.0</ele>
   </trkpt>
   <trkpt lat="45.6067140" lon="24.7205350">
    <ele>2325.8</ele>
   </trkpt>
   <trkpt lat="45.6067070" lon="24.7205430">
    <ele>2325.8</ele>
   </trkpt>
   <trkpt lat="45.6067000" lon="24.7205610">
    <ele>2325.8</ele>
   </trkpt>
   <trkpt lat="45.6067010" lon="24.7205970">
    <ele>2325.2</ele>
   </trkpt>
   <trkpt lat="45.6067030" lon="24.7206140">
    <ele>2324.8</ele>
   </trkpt>
   <trkpt lat="45.6066990" lon="24.7206310">
    <ele>2324.6</ele>
   </trkpt>
   <trkpt lat="45.6067110" lon="24.7207650">
    <ele>2323.8</ele>
   </trkpt>
   <trkpt lat="45.6067100" lon="24.7208030">
    <ele>2323.8</ele>
   </trkpt>
   <trkpt lat="45.6067090" lon="24.7208450">
    <ele>2323.8</ele>
   </trkpt>
   <trkpt lat="45.6067110" lon="24.7208560">
    <ele>2324.2</ele>
   </trkpt>
   <trkpt lat="45.6067160" lon="24.7209060">
    <ele>2324.2</ele>
   </trkpt>
   <trkpt lat="45.6067130" lon="24.7209300">
    <ele>2324.2</ele>
   </trkpt>
   <trkpt lat="45.6067130" lon="24.7209670">
    <ele>2323.6</ele>
   </trkpt>
   <trkpt lat="45.6067120" lon="24.7209870">
    <ele>2323.4</ele>
   </trkpt>
   <trkpt lat="45.6067110" lon="24.7210010">
    <ele>2323.4</ele>
   </trkpt>
   <trkpt lat="45.6067040" lon="24.7210480">
    <ele>2323.2</ele>
   </trkpt>
   <trkpt lat="45.6067040" lon="24.7211040">
    <ele>2322.6</ele>
   </trkpt>
   <trkpt lat="45.6067010" lon="24.7211250">
    <ele>2322.4</ele>
   </trkpt>
   <trkpt lat="45.6067010" lon="24.7211300">
    <ele>2322.2</ele>
   </trkpt>
   <trkpt lat="45.6067060" lon="24.7211390">
    <ele>2322.0</ele>
   </trkpt>
   <trkpt lat="45.6067070" lon="24.7211560">
    <ele>2321.8</ele>
   </trkpt>
   <trkpt lat="45.6067070" lon="24.7211720">
    <ele>2321.2</ele>
   </trkpt>
   <trkpt lat="45.6067040" lon="24.7211800">
    <ele>2321.2</ele>
   </trkpt>
   <trkpt lat="45.6067030" lon="24.7211980">
    <ele>2320.8</ele>
   </trkpt>
   <trkpt lat="45.6067040" lon="24.7212340">
    <ele>2320.2</ele>
   </trkpt>
   <trkpt lat="45.6067160" lon="24.7212580">
    <ele>2319.6</ele>
   </trkpt>
   <trkpt lat="45.6067180" lon="24.7212760">
    <ele>2319.2</ele>
   </trkpt>
   <trkpt lat="45.6067190" lon="24.7212840">
    <ele>2319.0</ele>
   </trkpt>
   <trkpt lat="45.6067200" lon="24.7212910">
    <ele>2318.0</ele>
   </trkpt>
   <trkpt lat="45.6066970" lon="24.7212760">
    <ele>2317.8</ele>
   </trkpt>
   <trkpt lat="45.6066810" lon="24.7212610">
    <ele>2317.2</ele>
   </trkpt>
   <trkpt lat="45.6066770" lon="24.7212620">
    <ele>2316.6</ele>
   </trkpt>
   <trkpt lat="45.6066760" lon="24.7212610">
    <ele>2316.4</ele>
   </trkpt>
   <trkpt lat="45.6066860" lon="24.7212960">
    <ele>2315.4</ele>
   </trkpt>
   <trkpt lat="45.6066890" lon="24.7213120">
    <ele>2315.4</ele>
   </trkpt>
   <trkpt lat="45.6066980" lon="24.7213810">
    <ele>2314.2</ele>
   </trkpt>
   <trkpt lat="45.6066920" lon="24.7214600">
    <ele>2314.2</ele>
   </trkpt>
   <trkpt lat="45.6066880" lon="24.7215460">
    <ele>2314.2</ele>
   </trkpt>
   <trkpt lat="45.6066910" lon="24.7215700">
    <ele>2314.0</ele>
   </trkpt>
   <trkpt lat="45.6066750" lon="24.7216300">
    <ele>2313.4</ele>
   </trkpt>
   <trkpt lat="45.6066590" lon="24.7216710">
    <ele>2313.2</ele>
   </trkpt>
   <trkpt lat="45.6066390" lon="24.7217400">
    <ele>2312.6</ele>
   </trkpt>
   <trkpt lat="45.6066390" lon="24.7217700">
    <ele>2312.6</ele>
   </trkpt>
   <trkpt lat="45.6066340" lon="24.7218090">
    <ele>2312.0</ele>
   </trkpt>
   <trkpt lat="45.6066260" lon="24.7218490">
    <ele>2311.0</ele>
   </trkpt>
   <trkpt lat="45.6066220" lon="24.7218560">
    <ele>2310.8</ele>
   </trkpt>
   <trkpt lat="45.6066180" lon="24.7218720">
    <ele>2310.8</ele>
   </trkpt>
   <trkpt lat="45.6066170" lon="24.7218920">
    <ele>2310.4</ele>
   </trkpt>
   <trkpt lat="45.6066180" lon="24.7218930">
    <ele>2310.4</ele>
   </trkpt>
   <trkpt lat="45.6066190" lon="24.7218950">
    <ele>2310.4</ele>
   </trkpt>
   <trkpt lat="45.6066160" lon="24.7219000">
    <ele>2310.4</ele>
   </trkpt>
   <trkpt lat="45.6066130" lon="24.7219080">
    <ele>2309.6</ele>
   </trkpt>
   <trkpt lat="45.6066120" lon="24.7219170">
    <ele>2309.4</ele>
   </trkpt>
   <trkpt lat="45.6066030" lon="24.7219650">
    <ele>2308.8</ele>
   </trkpt>
   <trkpt lat="45.6065990" lon="24.7219750">
    <ele>2308.4</ele>
   </trkpt>
   <trkpt lat="45.6065970" lon="24.7219920">
    <ele>2308.2</ele>
   </trkpt>
   <trkpt lat="45.6065960" lon="24.7220180">
    <ele>2307.6</ele>
   </trkpt>
   <trkpt lat="45.6065970" lon="24.7220310">
    <ele>2307.6</ele>
   </trkpt>
   <trkpt lat="45.6065970" lon="24.7220430">
    <ele>2307.6</ele>
   </trkpt>
   <trkpt lat="45.6066000" lon="24.7220560">
    <ele>2307.2</ele>
   </trkpt>
   <trkpt lat="45.6066070" lon="24.7220970">
    <ele>2306.0</ele>
   </trkpt>
   <trkpt lat="45.6066100" lon="24.7221070">
    <ele>2306.0</ele>
   </trkpt>
   <trkpt lat="45.6066390" lon="24.7221950">
    <ele>2305.0</ele>
   </trkpt>
   <trkpt lat="45.6066440" lon="24.7222270">
    <ele>2305.0</ele>
   </trkpt>
   <trkpt lat="45.6066370" lon="24.7223850">
    <ele>2304.6</ele>
   </trkpt>
   <trkpt lat="45.6066650" lon="24.7225020">
    <ele>2304.0</ele>
   </trkpt>
   <trkpt lat="45.6066700" lon="24.7225200">
    <ele>2304.0</ele>
   </trkpt>
   <trkpt lat="45.6066810" lon="24.7226040">
    <ele>2303.6</ele>
   </trkpt>
   <trkpt lat="45.6066840" lon="24.7226260">
    <ele>2303.4</ele>
   </trkpt>
   <trkpt lat="45.6067090" lon="24.7227510">
    <ele>2303.4</ele>
   </trkpt>
   <trkpt lat="45.6067150" lon="24.7227900">
    <ele>2303.4</ele>
   </trkpt>
   <trkpt lat="45.6067120" lon="24.7228730">
    <ele>2304.0</ele>
   </trkpt>
   <trkpt lat="45.6067030" lon="24.7229490">
    <ele>2305.0</ele>
   </trkpt>
   <trkpt lat="45.6067000" lon="24.7229580">
    <ele>2305.2</ele>
   </trkpt>
   <trkpt lat="45.6066960" lon="24.7229700">
    <ele>2305.6</ele>
   </trkpt>
   <trkpt lat="45.6066940" lon="24.7229760">
    <ele>2305.6</ele>
   </trkpt>
   <trkpt lat="45.6066930" lon="24.7230040">
    <ele>2305.2</ele>
   </trkpt>
   <trkpt lat="45.6066940" lon="24.7230140">
    <ele>2304.8</ele>
   </trkpt>
   <trkpt lat="45.6066930" lon="24.7230150">
    <ele>2304.8</ele>
   </trkpt>
   <trkpt lat="45.6066820" lon="24.7230400">
    <ele>2304.4</ele>
   </trkpt>
   <trkpt lat="45.6066790" lon="24.7230460">
    <ele>2304.0</ele>
   </trkpt>
   <trkpt lat="45.6066790" lon="24.7230460">
    <ele>2304.0</ele>
   </trkpt>
   <trkpt lat="45.6066800" lon="24.7230490">
    <ele>2303.4</ele>
   </trkpt>
   <trkpt lat="45.6066830" lon="24.7230570">
    <ele>2303.0</ele>
   </trkpt>
   <trkpt lat="45.6066830" lon="24.7230680">
    <ele>2301.2</ele>
   </trkpt>
   <trkpt lat="45.6066750" lon="24.7231260">
    <ele>2300.4</ele>
   </trkpt>
   <trkpt lat="45.6066800" lon="24.7231950">
    <ele>2300.4</ele>
   </trkpt>
   <trkpt lat="45.6066880" lon="24.7231930">
    <ele>2300.2</ele>
   </trkpt>
   <trkpt lat="45.6066720" lon="24.7232110">
    <ele>2300.2</ele>
   </trkpt>
   <trkpt lat="45.6066720" lon="24.7232170">
    <ele>2299.6</ele>
   </trkpt>
   <trkpt lat="45.6066720" lon="24.7232190">
    <ele>2299.0</ele>
   </trkpt>
   <trkpt lat="45.6066680" lon="24.7232600">
    <ele>2297.8</ele>
   </trkpt>
   <trkpt lat="45.6066670" lon="24.7232710">
    <ele>2297.6</ele>
   </trkpt>
   <trkpt lat="45.6066650" lon="24.7232800">
    <ele>2297.4</ele>
   </trkpt>
   <trkpt lat="45.6066600" lon="24.7232820">
    <ele>2296.8</ele>
   </trkpt>
   <trkpt lat="45.6066440" lon="24.7232980">
    <ele>2295.6</ele>
   </trkpt>
   <trkpt lat="45.6066470" lon="24.7233270">
    <ele>2294.8</ele>
   </trkpt>
   <trkpt lat="45.6066460" lon="24.7233450">
    <ele>2294.8</ele>
   </trkpt>
   <trkpt lat="45.6066460" lon="24.7233450">
    <ele>2295.0</ele>
   </trkpt>
   <trkpt lat="45.6066450" lon="24.7233990">
    <ele>2295.6</ele>
   </trkpt>
   <trkpt lat="45.6066420" lon="24.7234360">
    <ele>2296.4</ele>
   </trkpt>
   <trkpt lat="45.6066410" lon="24.7234570">
    <ele>2296.4</ele>
   </trkpt>
   <trkpt lat="45.6066400" lon="24.7234740">
    <ele>2297.0</ele>
   </trkpt>
   <trkpt lat="45.6066340" lon="24.7235290">
    <ele>2297.4</ele>
   </trkpt>
   <trkpt lat="45.6066250" lon="24.7235560">
    <ele>2298.0</ele>
   </trkpt>
   <trkpt lat="45.6066160" lon="24.7235910">
    <ele>2298.4</ele>
   </trkpt>
   <trkpt lat="45.6066050" lon="24.7236080">
    <ele>2298.4</ele>
   </trkpt>
   <trkpt lat="45.6065960" lon="24.7236200">
    <ele>2298.4</ele>
   </trkpt>
   <trkpt lat="45.6065940" lon="24.7236320">
    <ele>2298.6</ele>
   </trkpt>
   <trkpt lat="45.6065810" lon="24.7236440">
    <ele>2299.2</ele>
   </trkpt>
   <trkpt lat="45.6065720" lon="24.7236640">
    <ele>2299.4</ele>
   </trkpt>
   <trkpt lat="45.6065660" lon="24.7237090">
    <ele>2300.4</ele>
   </trkpt>
   <trkpt lat="45.6065660" lon="24.7237140">
    <ele>2300.4</ele>
   </trkpt>
   <trkpt lat="45.6065660" lon="24.7237170">
    <ele>2300.4</ele>
   </trkpt>
   <trkpt lat="45.6065660" lon="24.7237220">
    <ele>2300.4</ele>
   </trkpt>
   <trkpt lat="45.6065670" lon="24.7237260">
    <ele>2300.6</ele>
   </trkpt>
   <trkpt lat="45.6065750" lon="24.7238080">
    <ele>2300.6</ele>
   </trkpt>
   <trkpt lat="45.6065800" lon="24.7238200">
    <ele>2301.2</ele>
   </trkpt>
   <trkpt lat="45.6065820" lon="24.7238320">
    <ele>2301.2</ele>
   </trkpt>
   <trkpt lat="45.6065850" lon="24.7238420">
    <ele>2301.2</ele>
   </trkpt>
   <trkpt lat="45.6065890" lon="24.7238530">
    <ele>2301.4</ele>
   </trkpt>
   <trkpt lat="45.6065860" lon="24.7238780">
    <ele>2301.6</ele>
   </trkpt>
   <trkpt lat="45.6065880" lon="24.7238990">
    <ele>2301.4</ele>
   </trkpt>
   <trkpt lat="45.6065900" lon="24.7239050">
    <ele>2301.2</ele>
   </trkpt>
   <trkpt lat="45.6065870" lon="24.7239140">
    <ele>2301.0</ele>
   </trkpt>
   <trkpt lat="45.6065860" lon="24.7239220">
    <ele>2301.0</ele>
   </trkpt>
   <trkpt lat="45.6065840" lon="24.7239460">
    <ele>2300.8</ele>
   </trkpt>
   <trkpt lat="45.6065840" lon="24.7239460">
    <ele>2300.6</ele>
   </trkpt>
   <trkpt lat="45.6065840" lon="24.7239460">
    <ele>2300.6</ele>
   </trkpt>
   <trkpt lat="45.6065840" lon="24.7239460">
    <ele>2300.8</ele>
   </trkpt>
   <trkpt lat="45.6065880" lon="24.7239670">
    <ele>2300.6</ele>
   </trkpt>
   <trkpt lat="45.6065910" lon="24.7239670">
    <ele>2300.8</ele>
   </trkpt>
   <trkpt lat="45.6065910" lon="24.7239670">
    <ele>2300.8</ele>
   </trkpt>
   <trkpt lat="45.6065780" lon="24.7239640">
    <ele>2301.0</ele>
   </trkpt>
   <trkpt lat="45.6065760" lon="24.7239640">
    <ele>2300.8</ele>
   </trkpt>
   <trkpt lat="45.6065760" lon="24.7239640">
    <ele>2300.8</ele>
   </trkpt>
   <trkpt lat="45.6065760" lon="24.7239640">
    <ele>2300.8</ele>
   </trkpt>
   <trkpt lat="45.6065760" lon="24.7239650">
    <ele>2300.4</ele>
   </trkpt>
   <trkpt lat="45.6065760" lon="24.7239650">
    <ele>2300.4</ele>
   </trkpt>
   <trkpt lat="45.6065790" lon="24.7240220">
    <ele>2300.6</ele>
   </trkpt>
   <trkpt lat="45.6065690" lon="24.7240490">
    <ele>2301.0</ele>
   </trkpt>
   <trkpt lat="45.6065690" lon="24.7240490">
    <ele>2301.0</ele>
   </trkpt>
   <trkpt lat="45.6065690" lon="24.7240490">
    <ele>2301.0</ele>
   </trkpt>
   <trkpt lat="45.6065690" lon="24.7240490">
    <ele>2301.0</ele>
   </trkpt>
   <trkpt lat="45.6065690" lon="24.7240490">
    <ele>2301.0</ele>
   </trkpt>
   <trkpt lat="45.6065690" lon="24.7240490">
    <ele>2301.0</ele>
   </trkpt>
   <trkpt lat="45.6065620" lon="24.7240530">
    <ele>2301.0</ele>
   </trkpt>
   <trkpt lat="45.6065590" lon="24.7240540">
    <ele>2301.0</ele>
   </trkpt>
   <trkpt lat="45.6065590" lon="24.7240570">
    <ele>2301.0</ele>
   </trkpt>
   <trkpt lat="45.6065590" lon="24.7240680">
    <ele>2301.0</ele>
   </trkpt>
   <trkpt lat="45.6065580" lon="24.7240840">
    <ele>2301.0</ele>
   </trkpt>
   <trkpt lat="45.6065640" lon="24.7241030">
    <ele>2301.0</ele>
   </trkpt>
   <trkpt lat="45.6065650" lon="24.7241120">
    <ele>2301.0</ele>
   </trkpt>
   <trkpt lat="45.6065680" lon="24.7241270">
    <ele>2301.0</ele>
   </trkpt>
   <trkpt lat="45.6065760" lon="24.7241320">
    <ele>2301.0</ele>
   </trkpt>
   <trkpt lat="45.6065790" lon="24.7241310">
    <ele>2301.0</ele>
   </trkpt>
   <trkpt lat="45.6065710" lon="24.7241830">
    <ele>2301.0</ele>
   </trkpt>
   <trkpt lat="45.6065620" lon="24.7242260">
    <ele>2301.0</ele>
   </trkpt>
   <trkpt lat="45.6065470" lon="24.7243180">
    <ele>2301.0</ele>
   </trkpt>
   <trkpt lat="45.6065470" lon="24.7243300">
    <ele>2301.0</ele>
   </trkpt>
   <trkpt lat="45.6065430" lon="24.7243370">
    <ele>2301.2</ele>
   </trkpt>
   <trkpt lat="45.6065400" lon="24.7243470">
    <ele>2301.6</ele>
   </trkpt>
   <trkpt lat="45.6065340" lon="24.7243770">
    <ele>2301.8</ele>
   </trkpt>
   <trkpt lat="45.6065340" lon="24.7243990">
    <ele>2301.8</ele>
   </trkpt>
   <trkpt lat="45.6065340" lon="24.7244090">
    <ele>2301.8</ele>
   </trkpt>
   <trkpt lat="45.6065300" lon="24.7244170">
    <ele>2301.8</ele>
   </trkpt>
   <trkpt lat="45.6065290" lon="24.7244270">
    <ele>2301.8</ele>
   </trkpt>
   <trkpt lat="45.6065240" lon="24.7244530">
    <ele>2302.4</ele>
   </trkpt>
   <trkpt lat="45.6065220" lon="24.7244670">
    <ele>2303.0</ele>
   </trkpt>
   <trkpt lat="45.6065210" lon="24.7244930">
    <ele>2303.4</ele>
   </trkpt>
   <trkpt lat="45.6065110" lon="24.7245590">
    <ele>2304.2</ele>
   </trkpt>
   <trkpt lat="45.6065100" lon="24.7245840">
    <ele>2304.8</ele>
   </trkpt>
   <trkpt lat="45.6065090" lon="24.7245900">
    <ele>2305.0</ele>
   </trkpt>
   <trkpt lat="45.6065080" lon="24.7245940">
    <ele>2305.2</ele>
   </trkpt>
   <trkpt lat="45.6065090" lon="24.7246170">
    <ele>2305.4</ele>
   </trkpt>
   <trkpt lat="45.6065120" lon="24.7246830">
    <ele>2306.6</ele>
   </trkpt>
   <trkpt lat="45.6065170" lon="24.7246940">
    <ele>2306.6</ele>
   </trkpt>
   <trkpt lat="45.6065370" lon="24.7247550">
    <ele>2306.8</ele>
   </trkpt>
   <trkpt lat="45.6065470" lon="24.7248030">
    <ele>2306.6</ele>
   </trkpt>
   <trkpt lat="45.6065560" lon="24.7248230">
    <ele>2306.6</ele>
   </trkpt>
   <trkpt lat="45.6065580" lon="24.7248340">
    <ele>2306.6</ele>
   </trkpt>
   <trkpt lat="45.6065620" lon="24.7248750">
    <ele>2304.0</ele>
   </trkpt>
   <trkpt lat="45.6065620" lon="24.7248790">
    <ele>2304.0</ele>
   </trkpt>
   <trkpt lat="45.6065630" lon="24.7248850">
    <ele>2304.0</ele>
   </trkpt>
   <trkpt lat="45.6065620" lon="24.7248910">
    <ele>2305.6</ele>
   </trkpt>
   <trkpt lat="45.6065720" lon="24.7249490">
    <ele>2305.6</ele>
   </trkpt>
   <trkpt lat="45.6065800" lon="24.7249830">
    <ele>2305.0</ele>
   </trkpt>
   <trkpt lat="45.6065770" lon="24.7250070">
    <ele>2305.0</ele>
   </trkpt>
   <trkpt lat="45.6065750" lon="24.7250490">
    <ele>2304.2</ele>
   </trkpt>
   <trkpt lat="45.6065880" lon="24.7250840">
    <ele>2304.2</ele>
   </trkpt>
   <trkpt lat="45.6065910" lon="24.7251440">
    <ele>2303.4</ele>
   </trkpt>
   <trkpt lat="45.6066250" lon="24.7252540">
    <ele>2304.0</ele>
   </trkpt>
   <trkpt lat="45.6066270" lon="24.7252700">
    <ele>2304.0</ele>
   </trkpt>
   <trkpt lat="45.6066450" lon="24.7253320">
    <ele>2303.6</ele>
   </trkpt>
   <trkpt lat="45.6066550" lon="24.7253540">
    <ele>2303.6</ele>
   </trkpt>
   <trkpt lat="45.6066600" lon="24.7253640">
    <ele>2303.6</ele>
   </trkpt>
   <trkpt lat="45.6066720" lon="24.7253960">
    <ele>2303.6</ele>
   </trkpt>
   <trkpt lat="45.6066740" lon="24.7254090">
    <ele>2303.4</ele>
   </trkpt>
   <trkpt lat="45.6066780" lon="24.7254540">
    <ele>2303.4</ele>
   </trkpt>
   <trkpt lat="45.6066790" lon="24.7254650">
    <ele>2303.2</ele>
   </trkpt>
   <trkpt lat="45.6066790" lon="24.7254730">
    <ele>2303.0</ele>
   </trkpt>
   <trkpt lat="45.6066700" lon="24.7254880">
    <ele>2303.0</ele>
   </trkpt>
   <trkpt lat="45.6066720" lon="24.7254970">
    <ele>2303.0</ele>
   </trkpt>
   <trkpt lat="45.6066800" lon="24.7255190">
    <ele>2302.6</ele>
   </trkpt>
   <trkpt lat="45.6066910" lon="24.7255600">
    <ele>2302.2</ele>
   </trkpt>
   <trkpt lat="45.6066880" lon="24.7255920">
    <ele>2302.2</ele>
   </trkpt>
   <trkpt lat="45.6066960" lon="24.7256360">
    <ele>2301.8</ele>
   </trkpt>
   <trkpt lat="45.6066980" lon="24.7256420">
    <ele>2301.2</ele>
   </trkpt>
   <trkpt lat="45.6066970" lon="24.7256480">
    <ele>2301.0</ele>
   </trkpt>
   <trkpt lat="45.6067000" lon="24.7256620">
    <ele>2301.0</ele>
   </trkpt>
   <trkpt lat="45.6067040" lon="24.7256870">
    <ele>2301.0</ele>
   </trkpt>
   <trkpt lat="45.6067060" lon="24.7257120">
    <ele>2300.4</ele>
   </trkpt>
   <trkpt lat="45.6067100" lon="24.7257210">
    <ele>2300.4</ele>
   </trkpt>
   <trkpt lat="45.6067100" lon="24.7257200">
    <ele>2300.2</ele>
   </trkpt>
   <trkpt lat="45.6067100" lon="24.7257150">
    <ele>2300.0</ele>
   </trkpt>
   <trkpt lat="45.6067080" lon="24.7257180">
    <ele>2299.8</ele>
   </trkpt>
   <trkpt lat="45.6067040" lon="24.7257170">
    <ele>2299.8</ele>
   </trkpt>
   <trkpt lat="45.6067100" lon="24.7257550">
    <ele>2299.8</ele>
   </trkpt>
   <trkpt lat="45.6067120" lon="24.7257680">
    <ele>2299.6</ele>
   </trkpt>
   <trkpt lat="45.6067160" lon="24.7257760">
    <ele>2299.6</ele>
   </trkpt>
   <trkpt lat="45.6067200" lon="24.7257800">
    <ele>2299.6</ele>
   </trkpt>
   <trkpt lat="45.6067240" lon="24.7257840">
    <ele>2299.8</ele>
   </trkpt>
   <trkpt lat="45.6067260" lon="24.7258020">
    <ele>2300.2</ele>
   </trkpt>
   <trkpt lat="45.6067250" lon="24.7258040">
    <ele>2300.2</ele>
   </trkpt>
   <trkpt lat="45.6067250" lon="24.7258040">
    <ele>2300.2</ele>
   </trkpt>
   <trkpt lat="45.6067300" lon="24.7258290">
    <ele>2299.2</ele>
   </trkpt>
   <trkpt lat="45.6067330" lon="24.7258470">
    <ele>2299.2</ele>
   </trkpt>
   <trkpt lat="45.6067330" lon="24.7258470">
    <ele>2299.2</ele>
   </trkpt>
   <trkpt lat="45.6067360" lon="24.7258630">
    <ele>2299.4</ele>
   </trkpt>
   <trkpt lat="45.6067370" lon="24.7258630">
    <ele>2299.4</ele>
   </trkpt>
   <trkpt lat="45.6067510" lon="24.7259020">
    <ele>2299.4</ele>
   </trkpt>
   <trkpt lat="45.6067650" lon="24.7259310">
    <ele>2299.4</ele>
   </trkpt>
   <trkpt lat="45.6068080" lon="24.7260610">
    <ele>2299.6</ele>
   </trkpt>
   <trkpt lat="45.6068370" lon="24.7261230">
    <ele>2300.2</ele>
   </trkpt>
   <trkpt lat="45.6068420" lon="24.7261530">
    <ele>2300.6</ele>
   </trkpt>
   <trkpt lat="45.6068480" lon="24.7261820">
    <ele>2300.8</ele>
   </trkpt>
   <trkpt lat="45.6068550" lon="24.7262060">
    <ele>2301.0</ele>
   </trkpt>
   <trkpt lat="45.6068590" lon="24.7262190">
    <ele>2301.2</ele>
   </trkpt>
   <trkpt lat="45.6068750" lon="24.7262700">
    <ele>2301.8</ele>
   </trkpt>
   <trkpt lat="45.6068770" lon="24.7262820">
    <ele>2302.4</ele>
   </trkpt>
   <trkpt lat="45.6069090" lon="24.7263950">
    <ele>2303.4</ele>
   </trkpt>
   <trkpt lat="45.6069310" lon="24.7264390">
    <ele>2304.0</ele>
   </trkpt>
   <trkpt lat="45.6069440" lon="24.7264880">
    <ele>2304.4</ele>
   </trkpt>
   <trkpt lat="45.6069520" lon="24.7265100">
    <ele>2304.6</ele>
   </trkpt>
   <trkpt lat="45.6069590" lon="24.7265350">
    <ele>2304.8</ele>
   </trkpt>
   <trkpt lat="45.6069600" lon="24.7265440">
    <ele>2305.0</ele>
   </trkpt>
   <trkpt lat="45.6069680" lon="24.7265720">
    <ele>2305.2</ele>
   </trkpt>
   <trkpt lat="45.6069760" lon="24.7265900">
    <ele>2305.2</ele>
   </trkpt>
   <trkpt lat="45.6069820" lon="24.7266080">
    <ele>2305.4</ele>
   </trkpt>
   <trkpt lat="45.6069840" lon="24.7266240">
    <ele>2305.8</ele>
   </trkpt>
   <trkpt lat="45.6069820" lon="24.7266620">
    <ele>2305.8</ele>
   </trkpt>
   <trkpt lat="45.6069800" lon="24.7266770">
    <ele>2305.8</ele>
   </trkpt>
   <trkpt lat="45.6069850" lon="24.7266970">
    <ele>2305.8</ele>
   </trkpt>
   <trkpt lat="45.6069840" lon="24.7267340">
    <ele>2305.8</ele>
   </trkpt>
   <trkpt lat="45.6069850" lon="24.7267560">
    <ele>2305.8</ele>
   </trkpt>
   <trkpt lat="45.6069840" lon="24.7267790">
    <ele>2305.8</ele>
   </trkpt>
   <trkpt lat="45.6069920" lon="24.7268340">
    <ele>2305.2</ele>
   </trkpt>
   <trkpt lat="45.6069930" lon="24.7268450">
    <ele>2305.2</ele>
   </trkpt>
   <trkpt lat="45.6069890" lon="24.7268920">
    <ele>2305.8</ele>
   </trkpt>
   <trkpt lat="45.6069830" lon="24.7269250">
    <ele>2305.8</ele>
   </trkpt>
   <trkpt lat="45.6069840" lon="24.7269700">
    <ele>2305.6</ele>
   </trkpt>
   <trkpt lat="45.6069900" lon="24.7269860">
    <ele>2305.6</ele>
   </trkpt>
   <trkpt lat="45.6070020" lon="24.7270160">
    <ele>2305.4</ele>
   </trkpt>
   <trkpt lat="45.6070000" lon="24.7270340">
    <ele>2305.4</ele>
   </trkpt>
   <trkpt lat="45.6069860" lon="24.7270950">
    <ele>2304.6</ele>
   </trkpt>
   <trkpt lat="45.6069890" lon="24.7271170">
    <ele>2304.6</ele>
   </trkpt>
   <trkpt lat="45.6069950" lon="24.7271290">
    <ele>2304.4</ele>
   </trkpt>
   <trkpt lat="45.6070000" lon="24.7271540">
    <ele>2304.6</ele>
   </trkpt>
   <trkpt lat="45.6070060" lon="24.7271700">
    <ele>2304.6</ele>
   </trkpt>
   <trkpt lat="45.6070190" lon="24.7272050">
    <ele>2305.8</ele>
   </trkpt>
   <trkpt lat="45.6070330" lon="24.7272590">
    <ele>2306.6</ele>
   </trkpt>
   <trkpt lat="45.6070280" lon="24.7272760">
    <ele>2306.8</ele>
   </trkpt>
   <trkpt lat="45.6070220" lon="24.7272880">
    <ele>2306.8</ele>
   </trkpt>
   <trkpt lat="45.6070180" lon="24.7272950">
    <ele>2306.6</ele>
   </trkpt>
   <trkpt lat="45.6070150" lon="24.7273040">
    <ele>2306.6</ele>
   </trkpt>
   <trkpt lat="45.6070160" lon="24.7273600">
    <ele>2306.6</ele>
   </trkpt>
   <trkpt lat="45.6070200" lon="24.7274810">
    <ele>2306.6</ele>
   </trkpt>
   <trkpt lat="45.6070360" lon="24.7275620">
    <ele>2306.6</ele>
   </trkpt>
   <trkpt lat="45.6070410" lon="24.7275750">
    <ele>2306.6</ele>
   </trkpt>
   <trkpt lat="45.6070550" lon="24.7276800">
    <ele>2308.0</ele>
   </trkpt>
   <trkpt lat="45.6070470" lon="24.7278130">
    <ele>2308.6</ele>
   </trkpt>
   <trkpt lat="45.6070530" lon="24.7278680">
    <ele>2309.0</ele>
   </trkpt>
   <trkpt lat="45.6070560" lon="24.7279070">
    <ele>2309.2</ele>
   </trkpt>
   <trkpt lat="45.6070510" lon="24.7279420">
    <ele>2309.4</ele>
   </trkpt>
   <trkpt lat="45.6070480" lon="24.7279650">
    <ele>2309.4</ele>
   </trkpt>
   <trkpt lat="45.6070510" lon="24.7279880">
    <ele>2309.4</ele>
   </trkpt>
   <trkpt lat="45.6070440" lon="24.7280790">
    <ele>2309.0</ele>
   </trkpt>
   <trkpt lat="45.6070420" lon="24.7281070">
    <ele>2308.8</ele>
   </trkpt>
   <trkpt lat="45.6070460" lon="24.7281720">
    <ele>2309.2</ele>
   </trkpt>
   <trkpt lat="45.6070210" lon="24.7282360">
    <ele>2308.8</ele>
   </trkpt>
   <trkpt lat="45.6070130" lon="24.7282590">
    <ele>2308.6</ele>
   </trkpt>
   <trkpt lat="45.6069960" lon="24.7283280">
    <ele>2308.6</ele>
   </trkpt>
   <trkpt lat="45.6069900" lon="24.7284060">
    <ele>2308.6</ele>
   </trkpt>
   <trkpt lat="45.6069880" lon="24.7284200">
    <ele>2308.4</ele>
   </trkpt>
   <trkpt lat="45.6069930" lon="24.7285010">
    <ele>2308.4</ele>
   </trkpt>
   <trkpt lat="45.6069920" lon="24.7285270">
    <ele>2308.8</ele>
   </trkpt>
   <trkpt lat="45.6069940" lon="24.7285670">
    <ele>2309.4</ele>
   </trkpt>
   <trkpt lat="45.6069870" lon="24.7285680">
    <ele>2309.8</ele>
   </trkpt>
   <trkpt lat="45.6069920" lon="24.7286320">
    <ele>2309.8</ele>
   </trkpt>
   <trkpt lat="45.6069920" lon="24.7286490">
    <ele>2309.8</ele>
   </trkpt>
   <trkpt lat="45.6069810" lon="24.7287150">
    <ele>2309.4</ele>
   </trkpt>
   <trkpt lat="45.6069650" lon="24.7287400">
    <ele>2309.4</ele>
   </trkpt>
   <trkpt lat="45.6069470" lon="24.7287810">
    <ele>2309.0</ele>
   </trkpt>
   <trkpt lat="45.6069340" lon="24.7288190">
    <ele>2308.0</ele>
   </trkpt>
   <trkpt lat="45.6069250" lon="24.7288290">
    <ele>2308.0</ele>
   </trkpt>
   <trkpt lat="45.6069210" lon="24.7288360">
    <ele>2307.8</ele>
   </trkpt>
   <trkpt lat="45.6069200" lon="24.7288600">
    <ele>2307.8</ele>
   </trkpt>
   <trkpt lat="45.6069200" lon="24.7289790">
    <ele>2307.8</ele>
   </trkpt>
   <trkpt lat="45.6069060" lon="24.7290580">
    <ele>2307.4</ele>
   </trkpt>
   <trkpt lat="45.6069070" lon="24.7290830">
    <ele>2307.4</ele>
   </trkpt>
   <trkpt lat="45.6069030" lon="24.7291180">
    <ele>2306.6</ele>
   </trkpt>
   <trkpt lat="45.6068960" lon="24.7291550">
    <ele>2306.6</ele>
   </trkpt>
   <trkpt lat="45.6068770" lon="24.7292620">
    <ele>2306.2</ele>
   </trkpt>
   <trkpt lat="45.6068650" lon="24.7293010">
    <ele>2305.8</ele>
   </trkpt>
   <trkpt lat="45.6068640" lon="24.7293150">
    <ele>2305.6</ele>
   </trkpt>
   <trkpt lat="45.6068580" lon="24.7293390">
    <ele>2305.4</ele>
   </trkpt>
   <trkpt lat="45.6068490" lon="24.7293690">
    <ele>2305.4</ele>
   </trkpt>
   <trkpt lat="45.6068350" lon="24.7294790">
    <ele>2304.8</ele>
   </trkpt>
   <trkpt lat="45.6068350" lon="24.7295630">
    <ele>2305.0</ele>
   </trkpt>
   <trkpt lat="45.6068190" lon="24.7296260">
    <ele>2305.0</ele>
   </trkpt>
   <trkpt lat="45.6068120" lon="24.7296820">
    <ele>2304.8</ele>
   </trkpt>
   <trkpt lat="45.6068120" lon="24.7296970">
    <ele>2304.4</ele>
   </trkpt>
   <trkpt lat="45.6068100" lon="24.7297360">
    <ele>2304.4</ele>
   </trkpt>
   <trkpt lat="45.6068040" lon="24.7297430">
    <ele>2304.4</ele>
   </trkpt>
   <trkpt lat="45.6067980" lon="24.7297840">
    <ele>2304.0</ele>
   </trkpt>
   <trkpt lat="45.6067960" lon="24.7298640">
    <ele>2303.8</ele>
   </trkpt>
   <trkpt lat="45.6068000" lon="24.7299940">
    <ele>2303.6</ele>
   </trkpt>
   <trkpt lat="45.6068040" lon="24.7300590">
    <ele>2303.6</ele>
   </trkpt>
   <trkpt lat="45.6068030" lon="24.7300910">
    <ele>2303.6</ele>
   </trkpt>
   <trkpt lat="45.6068030" lon="24.7301030">
    <ele>2303.6</ele>
   </trkpt>
   <trkpt lat="45.6068000" lon="24.7301480">
    <ele>2303.4</ele>
   </trkpt>
   <trkpt lat="45.6068000" lon="24.7301550">
    <ele>2303.4</ele>
   </trkpt>
   <trkpt lat="45.6067980" lon="24.7301640">
    <ele>2303.4</ele>
   </trkpt>
   <trkpt lat="45.6067950" lon="24.7302490">
    <ele>2302.8</ele>
   </trkpt>
   <trkpt lat="45.6067900" lon="24.7302890">
    <ele>2302.4</ele>
   </trkpt>
   <trkpt lat="45.6067840" lon="24.7303330">
    <ele>2302.2</ele>
   </trkpt>
   <trkpt lat="45.6067860" lon="24.7304110">
    <ele>2301.8</ele>
   </trkpt>
   <trkpt lat="45.6067770" lon="24.7305380">
    <ele>2301.6</ele>
   </trkpt>
   <trkpt lat="45.6067740" lon="24.7305630">
    <ele>2301.2</ele>
   </trkpt>
   <trkpt lat="45.6067600" lon="24.7306320">
    <ele>2300.8</ele>
   </trkpt>
   <trkpt lat="45.6067400" lon="24.7306890">
    <ele>2300.4</ele>
   </trkpt>
   <trkpt lat="45.6067320" lon="24.7307350">
    <ele>2300.2</ele>
   </trkpt>
   <trkpt lat="45.6067260" lon="24.7307590">
    <ele>2300.2</ele>
   </trkpt>
   <trkpt lat="45.6067260" lon="24.7307880">
    <ele>2300.2</ele>
   </trkpt>
   <trkpt lat="45.6067230" lon="24.7308010">
    <ele>2300.2</ele>
   </trkpt>
   <trkpt lat="45.6067200" lon="24.7308280">
    <ele>2300.2</ele>
   </trkpt>
   <trkpt lat="45.6067080" lon="24.7308440">
    <ele>2300.2</ele>
   </trkpt>
   <trkpt lat="45.6066980" lon="24.7308570">
    <ele>2300.2</ele>
   </trkpt>
   <trkpt lat="45.6066820" lon="24.7308880">
    <ele>2299.6</ele>
   </trkpt>
   <trkpt lat="45.6066730" lon="24.7309010">
    <ele>2299.6</ele>
   </trkpt>
   <trkpt lat="45.6066690" lon="24.7309050">
    <ele>2299.4</ele>
   </trkpt>
   <trkpt lat="45.6066650" lon="24.7309110">
    <ele>2299.4</ele>
   </trkpt>
   <trkpt lat="45.6066600" lon="24.7309210">
    <ele>2299.4</ele>
   </trkpt>
   <trkpt lat="45.6066560" lon="24.7309360">
    <ele>2299.2</ele>
   </trkpt>
   <trkpt lat="45.6066510" lon="24.7309450">
    <ele>2299.2</ele>
   </trkpt>
   <trkpt lat="45.6066360" lon="24.7309690">
    <ele>2298.2</ele>
   </trkpt>
   <trkpt lat="45.6066300" lon="24.7309780">
    <ele>2298.2</ele>
   </trkpt>
   <trkpt lat="45.6066140" lon="24.7309920">
    <ele>2297.6</ele>
   </trkpt>
   <trkpt lat="45.6066040" lon="24.7309860">
    <ele>2297.4</ele>
   </trkpt>
   <trkpt lat="45.6065960" lon="24.7309950">
    <ele>2297.0</ele>
   </trkpt>
   <trkpt lat="45.6065670" lon="24.7310310">
    <ele>2296.4</ele>
   </trkpt>
   <trkpt lat="45.6065580" lon="24.7310310">
    <ele>2296.0</ele>
   </trkpt>
   <trkpt lat="45.6065390" lon="24.7310380">
    <ele>2295.2</ele>
   </trkpt>
   <trkpt lat="45.6065330" lon="24.7310530">
    <ele>2294.8</ele>
   </trkpt>
   <trkpt lat="45.6065260" lon="24.7310680">
    <ele>2294.6</ele>
   </trkpt>
   <trkpt lat="45.6065250" lon="24.7310780">
    <ele>2294.6</ele>
   </trkpt>
   <trkpt lat="45.6065210" lon="24.7310810">
    <ele>2294.4</ele>
   </trkpt>
   <trkpt lat="45.6065210" lon="24.7310810">
    <ele>2294.2</ele>
   </trkpt>
   <trkpt lat="45.6065210" lon="24.7310810">
    <ele>2294.2</ele>
   </trkpt>
   <trkpt lat="45.6065210" lon="24.7310810">
    <ele>2294.0</ele>
   </trkpt>
   <trkpt lat="45.6065210" lon="24.7310810">
    <ele>2293.6</ele>
   </trkpt>
   <trkpt lat="45.6065160" lon="24.7311030">
    <ele>2292.6</ele>
   </trkpt>
   <trkpt lat="45.6064930" lon="24.7311420">
    <ele>2291.4</ele>
   </trkpt>
   <trkpt lat="45.6064850" lon="24.7311720">
    <ele>2291.4</ele>
   </trkpt>
   <trkpt lat="45.6064750" lon="24.7311930">
    <ele>2291.0</ele>
   </trkpt>
   <trkpt lat="45.6064280" lon="24.7312600">
    <ele>2290.6</ele>
   </trkpt>
   <trkpt lat="45.6064250" lon="24.7312700">
    <ele>2290.6</ele>
   </trkpt>
   <trkpt lat="45.6064080" lon="24.7313300">
    <ele>2290.4</ele>
   </trkpt>
   <trkpt lat="45.6063960" lon="24.7313440">
    <ele>2289.8</ele>
   </trkpt>
   <trkpt lat="45.6063870" lon="24.7313660">
    <ele>2289.8</ele>
   </trkpt>
   <trkpt lat="45.6063930" lon="24.7313740">
    <ele>2289.8</ele>
   </trkpt>
   <trkpt lat="45.6063800" lon="24.7313940">
    <ele>2289.4</ele>
   </trkpt>
   <trkpt lat="45.6063740" lon="24.7313990">
    <ele>2289.0</ele>
   </trkpt>
   <trkpt lat="45.6063450" lon="24.7314620">
    <ele>2288.8</ele>
   </trkpt>
   <trkpt lat="45.6063110" lon="24.7315160">
    <ele>2288.2</ele>
   </trkpt>
   <trkpt lat="45.6063090" lon="24.7315270">
    <ele>2288.0</ele>
   </trkpt>
   <trkpt lat="45.6063050" lon="24.7315660">
    <ele>2288.0</ele>
   </trkpt>
   <trkpt lat="45.6062840" lon="24.7315880">
    <ele>2287.4</ele>
   </trkpt>
   <trkpt lat="45.6062800" lon="24.7316030">
    <ele>2287.0</ele>
   </trkpt>
   <trkpt lat="45.6062760" lon="24.7316150">
    <ele>2287.0</ele>
   </trkpt>
   <trkpt lat="45.6062680" lon="24.7316270">
    <ele>2286.8</ele>
   </trkpt>
   <trkpt lat="45.6062670" lon="24.7316290">
    <ele>2286.8</ele>
   </trkpt>
   <trkpt lat="45.6062680" lon="24.7316290">
    <ele>2286.8</ele>
   </trkpt>
   <trkpt lat="45.6062580" lon="24.7316330">
    <ele>2286.8</ele>
   </trkpt>
   <trkpt lat="45.6062580" lon="24.7316330">
    <ele>2286.8</ele>
   </trkpt>
   <trkpt lat="45.6062580" lon="24.7316330">
    <ele>2287.0</ele>
   </trkpt>
   <trkpt lat="45.6062590" lon="24.7316340">
    <ele>2287.0</ele>
   </trkpt>
   <trkpt lat="45.6062380" lon="24.7316820">
    <ele>2286.8</ele>
   </trkpt>
   <trkpt lat="45.6062050" lon="24.7317560">
    <ele>2286.4</ele>
   </trkpt>
   <trkpt lat="45.6061950" lon="24.7317830">
    <ele>2285.8</ele>
   </trkpt>
   <trkpt lat="45.6061760" lon="24.7318220">
    <ele>2285.8</ele>
   </trkpt>
   <trkpt lat="45.6061760" lon="24.7318270">
    <ele>2286.0</ele>
   </trkpt>
   <trkpt lat="45.6061670" lon="24.7318270">
    <ele>2286.0</ele>
   </trkpt>
   <trkpt lat="45.6061550" lon="24.7318620">
    <ele>2286.8</ele>
   </trkpt>
   <trkpt lat="45.6061540" lon="24.7318700">
    <ele>2286.8</ele>
   </trkpt>
   <trkpt lat="45.6061480" lon="24.7319370">
    <ele>2287.2</ele>
   </trkpt>
   <trkpt lat="45.6061310" lon="24.7319820">
    <ele>2287.6</ele>
   </trkpt>
   <trkpt lat="45.6061290" lon="24.7320160">
    <ele>2288.0</ele>
   </trkpt>
   <trkpt lat="45.6061290" lon="24.7320400">
    <ele>2288.0</ele>
   </trkpt>
   <trkpt lat="45.6061120" lon="24.7320970">
    <ele>2288.6</ele>
   </trkpt>
   <trkpt lat="45.6061050" lon="24.7321400">
    <ele>2288.6</ele>
   </trkpt>
   <trkpt lat="45.6060980" lon="24.7321660">
    <ele>2288.8</ele>
   </trkpt>
   <trkpt lat="45.6060880" lon="24.7321880">
    <ele>2289.2</ele>
   </trkpt>
   <trkpt lat="45.6060770" lon="24.7322060">
    <ele>2289.4</ele>
   </trkpt>
   <trkpt lat="45.6060670" lon="24.7322230">
    <ele>2289.6</ele>
   </trkpt>
   <trkpt lat="45.6060470" lon="24.7322790">
    <ele>2290.4</ele>
   </trkpt>
   <trkpt lat="45.6060420" lon="24.7323030">
    <ele>2290.8</ele>
   </trkpt>
   <trkpt lat="45.6060370" lon="24.7323050">
    <ele>2291.2</ele>
   </trkpt>
   <trkpt lat="45.6060390" lon="24.7323130">
    <ele>2291.4</ele>
   </trkpt>
   <trkpt lat="45.6060410" lon="24.7323280">
    <ele>2291.8</ele>
   </trkpt>
   <trkpt lat="45.6060450" lon="24.7323410">
    <ele>2291.8</ele>
   </trkpt>
   <trkpt lat="45.6060410" lon="24.7323570">
    <ele>2291.8</ele>
   </trkpt>
   <trkpt lat="45.6060360" lon="24.7323750">
    <ele>2291.8</ele>
   </trkpt>
   <trkpt lat="45.6060360" lon="24.7323940">
    <ele>2292.4</ele>
   </trkpt>
   <trkpt lat="45.6060320" lon="24.7324010">
    <ele>2292.6</ele>
   </trkpt>
   <trkpt lat="45.6060310" lon="24.7324040">
    <ele>2293.2</ele>
   </trkpt>
   <trkpt lat="45.6060260" lon="24.7324180">
    <ele>2293.2</ele>
   </trkpt>
   <trkpt lat="45.6060130" lon="24.7324610">
    <ele>2294.0</ele>
   </trkpt>
   <trkpt lat="45.6059920" lon="24.7325120">
    <ele>2294.8</ele>
   </trkpt>
   <trkpt lat="45.6059840" lon="24.7325290">
    <ele>2295.2</ele>
   </trkpt>
   <trkpt lat="45.6059720" lon="24.7325530">
    <ele>2296.0</ele>
   </trkpt>
   <trkpt lat="45.6059710" lon="24.7325620">
    <ele>2296.0</ele>
   </trkpt>
   <trkpt lat="45.6059490" lon="24.7325820">
    <ele>2296.4</ele>
   </trkpt>
   <trkpt lat="45.6059490" lon="24.7325910">
    <ele>2296.8</ele>
   </trkpt>
   <trkpt lat="45.6059510" lon="24.7326100">
    <ele>2297.4</ele>
   </trkpt>
   <trkpt lat="45.6059470" lon="24.7326220">
    <ele>2297.4</ele>
   </trkpt>
   <trkpt lat="45.6059380" lon="24.7326260">
    <ele>2298.2</ele>
   </trkpt>
   <trkpt lat="45.6059090" lon="24.7326730">
    <ele>2298.6</ele>
   </trkpt>
   <trkpt lat="45.6059070" lon="24.7326800">
    <ele>2298.8</ele>
   </trkpt>
   <trkpt lat="45.6058850" lon="24.7327240">
    <ele>2299.6</ele>
   </trkpt>
   <trkpt lat="45.6058850" lon="24.7327300">
    <ele>2299.6</ele>
   </trkpt>
   <trkpt lat="45.6058820" lon="24.7327350">
    <ele>2299.8</ele>
   </trkpt>
   <trkpt lat="45.6058710" lon="24.7327660">
    <ele>2300.6</ele>
   </trkpt>
   <trkpt lat="45.6058750" lon="24.7327730">
    <ele>2300.8</ele>
   </trkpt>
   <trkpt lat="45.6058680" lon="24.7327850">
    <ele>2301.0</ele>
   </trkpt>
   <trkpt lat="45.6058610" lon="24.7327990">
    <ele>2301.4</ele>
   </trkpt>
   <trkpt lat="45.6058590" lon="24.7328020">
    <ele>2301.6</ele>
   </trkpt>
   <trkpt lat="45.6058570" lon="24.7328060">
    <ele>2302.0</ele>
   </trkpt>
   <trkpt lat="45.6058430" lon="24.7328190">
    <ele>2302.2</ele>
   </trkpt>
   <trkpt lat="45.6058340" lon="24.7328240">
    <ele>2302.8</ele>
   </trkpt>
   <trkpt lat="45.6058320" lon="24.7328300">
    <ele>2302.8</ele>
   </trkpt>
   <trkpt lat="45.6058270" lon="24.7328430">
    <ele>2303.2</ele>
   </trkpt>
   <trkpt lat="45.6058030" lon="24.7328840">
    <ele>2303.8</ele>
   </trkpt>
   <trkpt lat="45.6057950" lon="24.7328910">
    <ele>2304.2</ele>
   </trkpt>
   <trkpt lat="45.6057950" lon="24.7329130">
    <ele>2305.0</ele>
   </trkpt>
   <trkpt lat="45.6057860" lon="24.7329280">
    <ele>2305.4</ele>
   </trkpt>
   <trkpt lat="45.6057800" lon="24.7329350">
    <ele>2305.4</ele>
   </trkpt>
   <trkpt lat="45.6057710" lon="24.7329730">
    <ele>2306.6</ele>
   </trkpt>
   <trkpt lat="45.6057640" lon="24.7329840">
    <ele>2306.8</ele>
   </trkpt>
   <trkpt lat="45.6057350" lon="24.7330100">
    <ele>2307.6</ele>
   </trkpt>
   <trkpt lat="45.6057230" lon="24.7330240">
    <ele>2308.2</ele>
   </trkpt>
   <trkpt lat="45.6057080" lon="24.7330460">
    <ele>2308.8</ele>
   </trkpt>
   <trkpt lat="45.6056810" lon="24.7330700">
    <ele>2309.6</ele>
   </trkpt>
   <trkpt lat="45.6056780" lon="24.7330780">
    <ele>2310.2</ele>
   </trkpt>
   <trkpt lat="45.6056640" lon="24.7330820">
    <ele>2310.2</ele>
   </trkpt>
   <trkpt lat="45.6056620" lon="24.7330820">
    <ele>2310.4</ele>
   </trkpt>
   <trkpt lat="45.6056480" lon="24.7330930">
    <ele>2311.2</ele>
   </trkpt>
   <trkpt lat="45.6056310" lon="24.7331150">
    <ele>2311.8</ele>
   </trkpt>
   <trkpt lat="45.6056020" lon="24.7331470">
    <ele>2312.8</ele>
   </trkpt>
   <trkpt lat="45.6055890" lon="24.7331550">
    <ele>2313.0</ele>
   </trkpt>
   <trkpt lat="45.6055860" lon="24.7331600">
    <ele>2313.0</ele>
   </trkpt>
   <trkpt lat="45.6055750" lon="24.7331820">
    <ele>2313.8</ele>
   </trkpt>
   <trkpt lat="45.6055770" lon="24.7332070">
    <ele>2314.2</ele>
   </trkpt>
   <trkpt lat="45.6055540" lon="24.7332310">
    <ele>2315.0</ele>
   </trkpt>
   <trkpt lat="45.6055400" lon="24.7332380">
    <ele>2315.2</ele>
   </trkpt>
   <trkpt lat="45.6055000" lon="24.7332450">
    <ele>2316.2</ele>
   </trkpt>
   <trkpt lat="45.6054900" lon="24.7332600">
    <ele>2316.8</ele>
   </trkpt>
   <trkpt lat="45.6054830" lon="24.7332650">
    <ele>2317.2</ele>
   </trkpt>
   <trkpt lat="45.6054620" lon="24.7332760">
    <ele>2318.2</ele>
   </trkpt>
   <trkpt lat="45.6054460" lon="24.7332840">
    <ele>2318.8</ele>
   </trkpt>
   <trkpt lat="45.6054180" lon="24.7332820">
    <ele>2319.6</ele>
   </trkpt>
   <trkpt lat="45.6054190" lon="24.7332930">
    <ele>2319.8</ele>
   </trkpt>
   <trkpt lat="45.6054210" lon="24.7333270">
    <ele>2320.8</ele>
   </trkpt>
   <trkpt lat="45.6053970" lon="24.7333380">
    <ele>2321.6</ele>
   </trkpt>
   <trkpt lat="45.6053810" lon="24.7333450">
    <ele>2322.0</ele>
   </trkpt>
   <trkpt lat="45.6053320" lon="24.7333640">
    <ele>2323.0</ele>
   </trkpt>
   <trkpt lat="45.6053270" lon="24.7333660">
    <ele>2323.4</ele>
   </trkpt>
   <trkpt lat="45.6053160" lon="24.7333630">
    <ele>2324.0</ele>
   </trkpt>
   <trkpt lat="45.6053000" lon="24.7333660">
    <ele>2324.6</ele>
   </trkpt>
   <trkpt lat="45.6052990" lon="24.7333830">
    <ele>2325.0</ele>
   </trkpt>
   <trkpt lat="45.6053040" lon="24.7334020">
    <ele>2325.8</ele>
   </trkpt>
   <trkpt lat="45.6053130" lon="24.7334400">
    <ele>2327.0</ele>
   </trkpt>
   <trkpt lat="45.6052990" lon="24.7334500">
    <ele>2327.2</ele>
   </trkpt>
   <trkpt lat="45.6052550" lon="24.7334690">
    <ele>2328.6</ele>
   </trkpt>
   <trkpt lat="45.6052520" lon="24.7334760">
    <ele>2328.6</ele>
   </trkpt>
   <trkpt lat="45.6052400" lon="24.7335080">
    <ele>2329.6</ele>
   </trkpt>
   <trkpt lat="45.6052360" lon="24.7335070">
    <ele>2329.6</ele>
   </trkpt>
   <trkpt lat="45.6052130" lon="24.7335080">
    <ele>2330.6</ele>
   </trkpt>
   <trkpt lat="45.6051980" lon="24.7335210">
    <ele>2331.0</ele>
   </trkpt>
   <trkpt lat="45.6051960" lon="24.7335490">
    <ele>2331.8</ele>
   </trkpt>
   <trkpt lat="45.6051920" lon="24.7335510">
    <ele>2331.8</ele>
   </trkpt>
   <trkpt lat="45.6051940" lon="24.7335460">
    <ele>2332.2</ele>
   </trkpt>
   <trkpt lat="45.6051660" lon="24.7335350">
    <ele>2332.8</ele>
   </trkpt>
   <trkpt lat="45.6051560" lon="24.7335360">
    <ele>2333.2</ele>
   </trkpt>
   <trkpt lat="45.6051440" lon="24.7335440">
    <ele>2334.0</ele>
   </trkpt>
   <trkpt lat="45.6051290" lon="24.7335680">
    <ele>2334.8</ele>
   </trkpt>
   <trkpt lat="45.6051350" lon="24.7335720">
    <ele>2335.0</ele>
   </trkpt>
   <trkpt lat="45.6051420" lon="24.7336020">
    <ele>2336.2</ele>
   </trkpt>
   <trkpt lat="45.6051430" lon="24.7336090">
    <ele>2336.2</ele>
   </trkpt>
   <trkpt lat="45.6051340" lon="24.7336460">
    <ele>2337.2</ele>
   </trkpt>
   <trkpt lat="45.6050960" lon="24.7336480">
    <ele>2338.0</ele>
   </trkpt>
   <trkpt lat="45.6050920" lon="24.7336480">
    <ele>2338.4</ele>
   </trkpt>
   <trkpt lat="45.6050800" lon="24.7336670">
    <ele>2339.6</ele>
   </trkpt>
   <trkpt lat="45.6050780" lon="24.7336930">
    <ele>2339.8</ele>
   </trkpt>
   <trkpt lat="45.6050660" lon="24.7337150">
    <ele>2340.6</ele>
   </trkpt>
   <trkpt lat="45.6050560" lon="24.7337100">
    <ele>2341.2</ele>
   </trkpt>
   <trkpt lat="45.6050450" lon="24.7337140">
    <ele>2341.6</ele>
   </trkpt>
   <trkpt lat="45.6050340" lon="24.7337080">
    <ele>2342.2</ele>
   </trkpt>
   <trkpt lat="45.6050310" lon="24.7337090">
    <ele>2342.8</ele>
   </trkpt>
   <trkpt lat="45.6050250" lon="24.7337290">
    <ele>2343.2</ele>
   </trkpt>
   <trkpt lat="45.6050220" lon="24.7337410">
    <ele>2344.0</ele>
   </trkpt>
   <trkpt lat="45.6050260" lon="24.7337520">
    <ele>2344.0</ele>
   </trkpt>
   <trkpt lat="45.6050260" lon="24.7337560">
    <ele>2344.4</ele>
   </trkpt>
   <trkpt lat="45.6050260" lon="24.7337560">
    <ele>2344.8</ele>
   </trkpt>
   <trkpt lat="45.6050260" lon="24.7337560">
    <ele>2345.0</ele>
   </trkpt>
   <trkpt lat="45.6050230" lon="24.7337720">
    <ele>2346.0</ele>
   </trkpt>
   <trkpt lat="45.6050140" lon="24.7338000">
    <ele>2346.2</ele>
   </trkpt>
   <trkpt lat="45.6050000" lon="24.7338060">
    <ele>2347.6</ele>
   </trkpt>
   <trkpt lat="45.6049480" lon="24.7338390">
    <ele>2348.6</ele>
   </trkpt>
   <trkpt lat="45.6049160" lon="24.7338550">
    <ele>2349.4</ele>
   </trkpt>
   <trkpt lat="45.6049020" lon="24.7338720">
    <ele>2349.6</ele>
   </trkpt>
   <trkpt lat="45.6048740" lon="24.7339010">
    <ele>2350.4</ele>
   </trkpt>
   <trkpt lat="45.6048690" lon="24.7338970">
    <ele>2350.8</ele>
   </trkpt>
   <trkpt lat="45.6048410" lon="24.7338990">
    <ele>2351.8</ele>
   </trkpt>
   <trkpt lat="45.6048360" lon="24.7338970">
    <ele>2352.0</ele>
   </trkpt>
   <trkpt lat="45.6048150" lon="24.7338900">
    <ele>2353.0</ele>
   </trkpt>
   <trkpt lat="45.6047850" lon="24.7338820">
    <ele>2353.6</ele>
   </trkpt>
   <trkpt lat="45.6047460" lon="24.7338790">
    <ele>2354.2</ele>
   </trkpt>
   <trkpt lat="45.6047420" lon="24.7338810">
    <ele>2354.6</ele>
   </trkpt>
   <trkpt lat="45.6047370" lon="24.7338900">
    <ele>2355.6</ele>
   </trkpt>
   <trkpt lat="45.6047300" lon="24.7338970">
    <ele>2355.6</ele>
   </trkpt>
   <trkpt lat="45.6047240" lon="24.7339010">
    <ele>2355.6</ele>
   </trkpt>
   <trkpt lat="45.6047130" lon="24.7339170">
    <ele>2356.8</ele>
   </trkpt>
   <trkpt lat="45.6046970" lon="24.7339240">
    <ele>2357.0</ele>
   </trkpt>
   <trkpt lat="45.6046780" lon="24.7339540">
    <ele>2358.2</ele>
   </trkpt>
   <trkpt lat="45.6046910" lon="24.7339730">
    <ele>2359.4</ele>
   </trkpt>
   <trkpt lat="45.6046920" lon="24.7339770">
    <ele>2359.4</ele>
   </trkpt>
   <trkpt lat="45.6046840" lon="24.7339900">
    <ele>2359.8</ele>
   </trkpt>
   <trkpt lat="45.6046840" lon="24.7339900">
    <ele>2360.6</ele>
   </trkpt>
   <trkpt lat="45.6046840" lon="24.7339900">
    <ele>2362.0</ele>
   </trkpt>
   <trkpt lat="45.6046690" lon="24.7339970">
    <ele>2362.6</ele>
   </trkpt>
   <trkpt lat="45.6046670" lon="24.7340050">
    <ele>2363.2</ele>
   </trkpt>
   <trkpt lat="45.6046610" lon="24.7340480">
    <ele>2364.4</ele>
   </trkpt>
   <trkpt lat="45.6046600" lon="24.7340600">
    <ele>2365.6</ele>
   </trkpt>
   <trkpt lat="45.6046600" lon="24.7340920">
    <ele>2366.6</ele>
   </trkpt>
   <trkpt lat="45.6046500" lon="24.7341130">
    <ele>2367.8</ele>
   </trkpt>
   <trkpt lat="45.6046250" lon="24.7341380">
    <ele>2368.8</ele>
   </trkpt>
   <trkpt lat="45.6046150" lon="24.7341610">
    <ele>2370.0</ele>
   </trkpt>
   <trkpt lat="45.6046020" lon="24.7342060">
    <ele>2371.2</ele>
   </trkpt>
   <trkpt lat="45.6045700" lon="24.7342290">
    <ele>2371.8</ele>
   </trkpt>
   <trkpt lat="45.6045570" lon="24.7342320">
    <ele>2372.4</ele>
   </trkpt>
   <trkpt lat="45.6045540" lon="24.7342470">
    <ele>2373.0</ele>
   </trkpt>
   <trkpt lat="45.6045570" lon="24.7342660">
    <ele>2373.4</ele>
   </trkpt>
   <trkpt lat="45.6045370" lon="24.7342880">
    <ele>2373.8</ele>
   </trkpt>
   <trkpt lat="45.6045400" lon="24.7342990">
    <ele>2374.6</ele>
   </trkpt>
   <trkpt lat="45.6045440" lon="24.7343090">
    <ele>2374.8</ele>
   </trkpt>
   <trkpt lat="45.6045440" lon="24.7343090">
    <ele>2375.6</ele>
   </trkpt>
   <trkpt lat="45.6045440" lon="24.7343090">
    <ele>2376.6</ele>
   </trkpt>
   <trkpt lat="45.6045450" lon="24.7343260">
    <ele>2377.8</ele>
   </trkpt>
   <trkpt lat="45.6045450" lon="24.7343680">
    <ele>2378.8</ele>
   </trkpt>
   <trkpt lat="45.6045410" lon="24.7343900">
    <ele>2379.8</ele>
   </trkpt>
   <trkpt lat="45.6045060" lon="24.7344010">
    <ele>2381.0</ele>
   </trkpt>
   <trkpt lat="45.6045030" lon="24.7344160">
    <ele>2382.0</ele>
   </trkpt>
   <trkpt lat="45.6045010" lon="24.7344410">
    <ele>2383.0</ele>
   </trkpt>
   <trkpt lat="45.6044840" lon="24.7344480">
    <ele>2383.6</ele>
   </trkpt>
   <trkpt lat="45.6044650" lon="24.7344520">
    <ele>2384.2</ele>
   </trkpt>
   <trkpt lat="45.6044590" lon="24.7344650">
    <ele>2385.4</ele>
   </trkpt>
   <trkpt lat="45.6044510" lon="24.7344840">
    <ele>2386.6</ele>
   </trkpt>
   <trkpt lat="45.6044290" lon="24.7344890">
    <ele>2387.6</ele>
   </trkpt>
   <trkpt lat="45.6044180" lon="24.7345110">
    <ele>2388.8</ele>
   </trkpt>
   <trkpt lat="45.6043960" lon="24.7345160">
    <ele>2389.6</ele>
   </trkpt>
   <trkpt lat="45.6043940" lon="24.7345160">
    <ele>2389.8</ele>
   </trkpt>
   <trkpt lat="45.6043800" lon="24.7345210">
    <ele>2391.0</ele>
   </trkpt>
   <trkpt lat="45.6043750" lon="24.7345220">
    <ele>2391.2</ele>
   </trkpt>
   <trkpt lat="45.6043660" lon="24.7345280">
    <ele>2391.6</ele>
   </trkpt>
   <trkpt lat="45.6043570" lon="24.7345320">
    <ele>2392.6</ele>
   </trkpt>
   <trkpt lat="45.6043370" lon="24.7345470">
    <ele>2393.6</ele>
   </trkpt>
   <trkpt lat="45.6043170" lon="24.7345550">
    <ele>2394.4</ele>
   </trkpt>
   <trkpt lat="45.6043160" lon="24.7345600">
    <ele>2395.0</ele>
   </trkpt>
   <trkpt lat="45.6043120" lon="24.7346210">
    <ele>2396.0</ele>
   </trkpt>
   <trkpt lat="45.6043040" lon="24.7346280">
    <ele>2397.2</ele>
   </trkpt>
   <trkpt lat="45.6042910" lon="24.7346320">
    <ele>2397.4</ele>
   </trkpt>
   <trkpt lat="45.6042300" lon="24.7346410">
    <ele>2398.4</ele>
   </trkpt>
   <trkpt lat="45.6042010" lon="24.7346480">
    <ele>2398.8</ele>
   </trkpt>
   <trkpt lat="45.6041620" lon="24.7346560">
    <ele>2399.6</ele>
   </trkpt>
   <trkpt lat="45.6041590" lon="24.7346630">
    <ele>2399.8</ele>
   </trkpt>
   <trkpt lat="45.6041590" lon="24.7346650">
    <ele>2399.6</ele>
   </trkpt>
   <trkpt lat="45.6041440" lon="24.7346770">
    <ele>2400.0</ele>
   </trkpt>
   <trkpt lat="45.6041220" lon="24.7346820">
    <ele>2401.2</ele>
   </trkpt>
   <trkpt lat="45.6041060" lon="24.7346900">
    <ele>2401.8</ele>
   </trkpt>
   <trkpt lat="45.6040970" lon="24.7346880">
    <ele>2402.2</ele>
   </trkpt>
   <trkpt lat="45.6040950" lon="24.7346900">
    <ele>2402.2</ele>
   </trkpt>
   <trkpt lat="45.6040950" lon="24.7346940">
    <ele>2402.4</ele>
   </trkpt>
   <trkpt lat="45.6040950" lon="24.7346940">
    <ele>2402.8</ele>
   </trkpt>
   <trkpt lat="45.6040950" lon="24.7346940">
    <ele>2403.0</ele>
   </trkpt>
   <trkpt lat="45.6040950" lon="24.7346940">
    <ele>2403.4</ele>
   </trkpt>
   <trkpt lat="45.6040960" lon="24.7346940">
    <ele>2404.6</ele>
   </trkpt>
   <trkpt lat="45.6040960" lon="24.7347180">
    <ele>2405.8</ele>
   </trkpt>
   <trkpt lat="45.6040960" lon="24.7347460">
    <ele>2406.8</ele>
   </trkpt>
   <trkpt lat="45.6041020" lon="24.7347570">
    <ele>2407.8</ele>
   </trkpt>
   <trkpt lat="45.6041020" lon="24.7347810">
    <ele>2409.0</ele>
   </trkpt>
   <trkpt lat="45.6041010" lon="24.7347940">
    <ele>2410.0</ele>
   </trkpt>
   <trkpt lat="45.6040990" lon="24.7348330">
    <ele>2411.2</ele>
   </trkpt>
   <trkpt lat="45.6040730" lon="24.7348510">
    <ele>2412.4</ele>
   </trkpt>
   <trkpt lat="45.6040570" lon="24.7348540">
    <ele>2412.8</ele>
   </trkpt>
   <trkpt lat="45.6040480" lon="24.7348580">
    <ele>2413.4</ele>
   </trkpt>
   <trkpt lat="45.6040240" lon="24.7348680">
    <ele>2414.6</ele>
   </trkpt>
   <trkpt lat="45.6040220" lon="24.7348820">
    <ele>2414.8</ele>
   </trkpt>
   <trkpt lat="45.6039920" lon="24.7349020">
    <ele>2415.6</ele>
   </trkpt>
   <trkpt lat="45.6039480" lon="24.7349200">
    <ele>2416.2</ele>
   </trkpt>
   <trkpt lat="45.6039170" lon="24.7349270">
    <ele>2416.4</ele>
   </trkpt>
   <trkpt lat="45.6039050" lon="24.7349210">
    <ele>2416.6</ele>
   </trkpt>
   <trkpt lat="45.6038920" lon="24.7349140">
    <ele>2417.0</ele>
   </trkpt>
   <trkpt lat="45.6038830" lon="24.7349130">
    <ele>2417.2</ele>
   </trkpt>
   <trkpt lat="45.6038720" lon="24.7349130">
    <ele>2417.6</ele>
   </trkpt>
   <trkpt lat="45.6038640" lon="24.7349160">
    <ele>2417.8</ele>
   </trkpt>
   <trkpt lat="45.6038550" lon="24.7349120">
    <ele>2418.0</ele>
   </trkpt>
   <trkpt lat="45.6038200" lon="24.7349110">
    <ele>2418.6</ele>
   </trkpt>
   <trkpt lat="45.6037990" lon="24.7349190">
    <ele>2419.0</ele>
   </trkpt>
   <trkpt lat="45.6037910" lon="24.7349290">
    <ele>2419.6</ele>
   </trkpt>
   <trkpt lat="45.6037900" lon="24.7349460">
    <ele>2420.0</ele>
   </trkpt>
   <trkpt lat="45.6038140" lon="24.7349850">
    <ele>2421.2</ele>
   </trkpt>
   <trkpt lat="45.6038020" lon="24.7350020">
    <ele>2422.0</ele>
   </trkpt>
   <trkpt lat="45.6037980" lon="24.7350030">
    <ele>2422.4</ele>
   </trkpt>
   <trkpt lat="45.6037770" lon="24.7350010">
    <ele>2422.6</ele>
   </trkpt>
   <trkpt lat="45.6037540" lon="24.7350120">
    <ele>2424.0</ele>
   </trkpt>
   <trkpt lat="45.6037380" lon="24.7350240">
    <ele>2424.8</ele>
   </trkpt>
   <trkpt lat="45.6037400" lon="24.7350310">
    <ele>2425.0</ele>
   </trkpt>
   <trkpt lat="45.6037400" lon="24.7350340">
    <ele>2425.0</ele>
   </trkpt>
   <trkpt lat="45.6037340" lon="24.7350410">
    <ele>2425.6</ele>
   </trkpt>
   <trkpt lat="45.6037260" lon="24.7350540">
    <ele>2426.2</ele>
   </trkpt>
   <trkpt lat="45.6037300" lon="24.7350670">
    <ele>2426.4</ele>
   </trkpt>
   <trkpt lat="45.6037230" lon="24.7350910">
    <ele>2427.4</ele>
   </trkpt>
   <trkpt lat="45.6037090" lon="24.7350930">
    <ele>2427.4</ele>
   </trkpt>
   <trkpt lat="45.6036950" lon="24.7350960">
    <ele>2428.2</ele>
   </trkpt>
   <trkpt lat="45.6036890" lon="24.7350980">
    <ele>2428.4</ele>
   </trkpt>
   <trkpt lat="45.6036860" lon="24.7351020">
    <ele>2428.4</ele>
   </trkpt>
   <trkpt lat="45.6036880" lon="24.7351110">
    <ele>2428.8</ele>
   </trkpt>
   <trkpt lat="45.6036870" lon="24.7351270">
    <ele>2428.8</ele>
   </trkpt>
   <trkpt lat="45.6036790" lon="24.7351350">
    <ele>2429.4</ele>
   </trkpt>
   <trkpt lat="45.6036710" lon="24.7351320">
    <ele>2430.0</ele>
   </trkpt>
   <trkpt lat="45.6036620" lon="24.7351230">
    <ele>2430.4</ele>
   </trkpt>
   <trkpt lat="45.6036520" lon="24.7351200">
    <ele>2430.6</ele>
   </trkpt>
   <trkpt lat="45.6036370" lon="24.7351230">
    <ele>2430.8</ele>
   </trkpt>
   <trkpt lat="45.6036270" lon="24.7351250">
    <ele>2431.0</ele>
   </trkpt>
   <trkpt lat="45.6036200" lon="24.7351340">
    <ele>2431.6</ele>
   </trkpt>
   <trkpt lat="45.6036290" lon="24.7351420">
    <ele>2432.2</ele>
   </trkpt>
   <trkpt lat="45.6036300" lon="24.7351420">
    <ele>2432.4</ele>
   </trkpt>
   <trkpt lat="45.6036270" lon="24.7351320">
    <ele>2432.8</ele>
   </trkpt>
   <trkpt lat="45.6036290" lon="24.7351280">
    <ele>2432.6</ele>
   </trkpt>
   <trkpt lat="45.6036290" lon="24.7351280">
    <ele>2433.2</ele>
   </trkpt>
   <trkpt lat="45.6036290" lon="24.7351320">
    <ele>2434.0</ele>
   </trkpt>
   <trkpt lat="45.6036280" lon="24.7351420">
    <ele>2435.0</ele>
   </trkpt>
   <trkpt lat="45.6036070" lon="24.7351600">
    <ele>2436.2</ele>
   </trkpt>
   <trkpt lat="45.6036000" lon="24.7351720">
    <ele>2437.4</ele>
   </trkpt>
   <trkpt lat="45.6035900" lon="24.7352050">
    <ele>2438.4</ele>
   </trkpt>
   <trkpt lat="45.6035640" lon="24.7352150">
    <ele>2439.6</ele>
   </trkpt>
   <trkpt lat="45.6035450" lon="24.7352240">
    <ele>2440.6</ele>
   </trkpt>
   <trkpt lat="45.6035210" lon="24.7352250">
    <ele>2441.6</ele>
   </trkpt>
   <trkpt lat="45.6034840" lon="24.7352300">
    <ele>2442.6</ele>
   </trkpt>
   <trkpt lat="45.6034720" lon="24.7352330">
    <ele>2443.8</ele>
   </trkpt>
   <trkpt lat="45.6034690" lon="24.7352620">
    <ele>2445.0</ele>
   </trkpt>
   <trkpt lat="45.6034660" lon="24.7352690">
    <ele>2446.0</ele>
   </trkpt>
   <trkpt lat="45.6034540" lon="24.7353020">
    <ele>2446.0</ele>
   </trkpt>
   <trkpt lat="45.6034530" lon="24.7353050">
    <ele>2446.0</ele>
   </trkpt>
   <trkpt lat="45.6034530" lon="24.7353070">
    <ele>2446.2</ele>
   </trkpt>
   <trkpt lat="45.6034530" lon="24.7353080">
    <ele>2446.2</ele>
   </trkpt>
   <trkpt lat="45.6034230" lon="24.7353220">
    <ele>2447.2</ele>
   </trkpt>
   <trkpt lat="45.6034060" lon="24.7353320">
    <ele>2447.6</ele>
   </trkpt>
   <trkpt lat="45.6033880" lon="24.7353380">
    <ele>2448.2</ele>
   </trkpt>
   <trkpt lat="45.6033830" lon="24.7353380">
    <ele>2448.8</ele>
   </trkpt>
   <trkpt lat="45.6033830" lon="24.7353420">
    <ele>2448.8</ele>
   </trkpt>
   <trkpt lat="45.6033890" lon="24.7353570">
    <ele>2449.8</ele>
   </trkpt>
   <trkpt lat="45.6033730" lon="24.7353660">
    <ele>2450.0</ele>
   </trkpt>
   <trkpt lat="45.6033690" lon="24.7353730">
    <ele>2450.2</ele>
   </trkpt>
   <trkpt lat="45.6033580" lon="24.7353760">
    <ele>2450.8</ele>
   </trkpt>
   <trkpt lat="45.6033550" lon="24.7353760">
    <ele>2451.4</ele>
   </trkpt>
   <trkpt lat="45.6033540" lon="24.7353760">
    <ele>2451.4</ele>
   </trkpt>
   <trkpt lat="45.6033500" lon="24.7353780">
    <ele>2452.0</ele>
   </trkpt>
   <trkpt lat="45.6033430" lon="24.7353880">
    <ele>2452.2</ele>
   </trkpt>
   <trkpt lat="45.6033400" lon="24.7353860">
    <ele>2453.0</ele>
   </trkpt>
   <trkpt lat="45.6033040" lon="24.7353660">
    <ele>2454.2</ele>
   </trkpt>
   <trkpt lat="45.6032670" lon="24.7353740">
    <ele>2456.0</ele>
   </trkpt>
   <trkpt lat="45.6032570" lon="24.7353730">
    <ele>2456.8</ele>
   </trkpt>
   <trkpt lat="45.6032520" lon="24.7353810">
    <ele>2457.0</ele>
   </trkpt>
   <trkpt lat="45.6032330" lon="24.7353820">
    <ele>2457.4</ele>
   </trkpt>
   <trkpt lat="45.6032170" lon="24.7353790">
    <ele>2458.4</ele>
   </trkpt>
   <trkpt lat="45.6031910" lon="24.7353850">
    <ele>2459.8</ele>
   </trkpt>
   <trkpt lat="45.6031700" lon="24.7353740">
    <ele>2460.2</ele>
   </trkpt>
   <trkpt lat="45.6031560" lon="24.7353670">
    <ele>2460.4</ele>
   </trkpt>
   <trkpt lat="45.6031340" lon="24.7353660">
    <ele>2461.0</ele>
   </trkpt>
   <trkpt lat="45.6031220" lon="24.7353640">
    <ele>2461.2</ele>
   </trkpt>
   <trkpt lat="45.6031130" lon="24.7353580">
    <ele>2461.8</ele>
   </trkpt>
   <trkpt lat="45.6031080" lon="24.7353570">
    <ele>2462.0</ele>
   </trkpt>
   <trkpt lat="45.6031070" lon="24.7353640">
    <ele>2462.4</ele>
   </trkpt>
   <trkpt lat="45.6031050" lon="24.7353710">
    <ele>2462.4</ele>
   </trkpt>
   <trkpt lat="45.6031070" lon="24.7353860">
    <ele>2463.2</ele>
   </trkpt>
   <trkpt lat="45.6031090" lon="24.7353890">
    <ele>2463.4</ele>
   </trkpt>
   <trkpt lat="45.6031130" lon="24.7354010">
    <ele>2464.4</ele>
   </trkpt>
   <trkpt lat="45.6031240" lon="24.7354140">
    <ele>2464.8</ele>
   </trkpt>
   <trkpt lat="45.6031280" lon="24.7354200">
    <ele>2464.8</ele>
   </trkpt>
   <trkpt lat="45.6031310" lon="24.7354360">
    <ele>2465.6</ele>
   </trkpt>
   <trkpt lat="45.6031400" lon="24.7354490">
    <ele>2466.0</ele>
   </trkpt>
   <trkpt lat="45.6031450" lon="24.7354640">
    <ele>2466.8</ele>
   </trkpt>
   <trkpt lat="45.6031450" lon="24.7354930">
    <ele>2467.6</ele>
   </trkpt>
   <trkpt lat="45.6031380" lon="24.7354940">
    <ele>2467.8</ele>
   </trkpt>
   <trkpt lat="45.6031310" lon="24.7354900">
    <ele>2468.0</ele>
   </trkpt>
   <trkpt lat="45.6031290" lon="24.7354900">
    <ele>2468.4</ele>
   </trkpt>
   <trkpt lat="45.6031210" lon="24.7355070">
    <ele>2468.8</ele>
   </trkpt>
   <trkpt lat="45.6031180" lon="24.7355070">
    <ele>2468.8</ele>
   </trkpt>
   <trkpt lat="45.6031130" lon="24.7355020">
    <ele>2469.8</ele>
   </trkpt>
   <trkpt lat="45.6031080" lon="24.7355130">
    <ele>2470.4</ele>
   </trkpt>
   <trkpt lat="45.6031040" lon="24.7355160">
    <ele>2471.0</ele>
   </trkpt>
   <trkpt lat="45.6031000" lon="24.7355230">
    <ele>2472.0</ele>
   </trkpt>
   <trkpt lat="45.6030940" lon="24.7355300">
    <ele>2472.0</ele>
   </trkpt>
   <trkpt lat="45.6030940" lon="24.7355310">
    <ele>2472.0</ele>
   </trkpt>
   <trkpt lat="45.6030850" lon="24.7355380">
    <ele>2473.4</ele>
   </trkpt>
   <trkpt lat="45.6030850" lon="24.7355380">
    <ele>2474.2</ele>
   </trkpt>
   <trkpt lat="45.6030850" lon="24.7355380">
    <ele>2474.4</ele>
   </trkpt>
   <trkpt lat="45.6030850" lon="24.7355400">
    <ele>2475.8</ele>
   </trkpt>
   <trkpt lat="45.6030720" lon="24.7355490">
    <ele>2477.2</ele>
   </trkpt>
   <trkpt lat="45.6030580" lon="24.7355710">
    <ele>2478.6</ele>
   </trkpt>
   <trkpt lat="45.6030540" lon="24.7355900">
    <ele>2479.2</ele>
   </trkpt>
   <trkpt lat="45.6030540" lon="24.7355940">
    <ele>2479.6</ele>
   </trkpt>
   <trkpt lat="45.6030510" lon="24.7356270">
    <ele>2480.8</ele>
   </trkpt>
   <trkpt lat="45.6030410" lon="24.7356570">
    <ele>2481.8</ele>
   </trkpt>
   <trkpt lat="45.6030400" lon="24.7356760">
    <ele>2481.8</ele>
   </trkpt>
   <trkpt lat="45.6030400" lon="24.7356900">
    <ele>2483.0</ele>
   </trkpt>
   <trkpt lat="45.6030590" lon="24.7356950">
    <ele>2484.4</ele>
   </trkpt>
   <trkpt lat="45.6030760" lon="24.7356980">
    <ele>2485.4</ele>
   </trkpt>
   <trkpt lat="45.6030830" lon="24.7357180">
    <ele>2486.0</ele>
   </trkpt>
   <trkpt lat="45.6030840" lon="24.7357180">
    <ele>2486.0</ele>
   </trkpt>
   <trkpt lat="45.6030840" lon="24.7357400">
    <ele>2486.8</ele>
   </trkpt>
   <trkpt lat="45.6030840" lon="24.7357480">
    <ele>2486.8</ele>
   </trkpt>
   <trkpt lat="45.6030840" lon="24.7357500">
    <ele>2487.4</ele>
   </trkpt>
   <trkpt lat="45.6030840" lon="24.7357520">
    <ele>2488.0</ele>
   </trkpt>
   <trkpt lat="45.6030840" lon="24.7357530">
    <ele>2488.2</ele>
   </trkpt>
   <trkpt lat="45.6030840" lon="24.7357550">
    <ele>2488.4</ele>
   </trkpt>
   <trkpt lat="45.6030840" lon="24.7357560">
    <ele>2489.4</ele>
   </trkpt>
   <trkpt lat="45.6030750" lon="24.7357790">
    <ele>2491.0</ele>
   </trkpt>
   <trkpt lat="45.6030710" lon="24.7358110">
    <ele>2492.6</ele>
   </trkpt>
   <trkpt lat="45.6030700" lon="24.7358290">
    <ele>2493.0</ele>
   </trkpt>
   <trkpt lat="45.6030660" lon="24.7358420">
    <ele>2493.8</ele>
   </trkpt>
   <trkpt lat="45.6030530" lon="24.7358730">
    <ele>2495.2</ele>
   </trkpt>
   <trkpt lat="45.6030190" lon="24.7359300">
    <ele>2495.6</ele>
   </trkpt>
   <trkpt lat="45.6030120" lon="24.7359430">
    <ele>2495.8</ele>
   </trkpt>
   <trkpt lat="45.6030000" lon="24.7359680">
    <ele>2496.6</ele>
   </trkpt>
   <trkpt lat="45.6029870" lon="24.7359930">
    <ele>2497.4</ele>
   </trkpt>
   <trkpt lat="45.6029820" lon="24.7359960">
    <ele>2497.6</ele>
   </trkpt>
   <trkpt lat="45.6029800" lon="24.7359970">
    <ele>2497.8</ele>
   </trkpt>
   <trkpt lat="45.6029800" lon="24.7360010">
    <ele>2498.4</ele>
   </trkpt>
   <trkpt lat="45.6029700" lon="24.7360150">
    <ele>2499.2</ele>
   </trkpt>
   <trkpt lat="45.6029450" lon="24.7360230">
    <ele>2499.8</ele>
   </trkpt>
   <trkpt lat="45.6029340" lon="24.7360250">
    <ele>2500.4</ele>
   </trkpt>
   <trkpt lat="45.6029190" lon="24.7360470">
    <ele>2501.6</ele>
   </trkpt>
   <trkpt lat="45.6028910" lon="24.7360480">
    <ele>2502.2</ele>
   </trkpt>
   <trkpt lat="45.6028860" lon="24.7360380">
    <ele>2502.4</ele>
   </trkpt>
   <trkpt lat="45.6028890" lon="24.7360360">
    <ele>2502.6</ele>
   </trkpt>
   <trkpt lat="45.6028880" lon="24.7360360">
    <ele>2502.6</ele>
   </trkpt>
   <trkpt lat="45.6028850" lon="24.7360340">
    <ele>2502.6</ele>
   </trkpt>
   <trkpt lat="45.6028850" lon="24.7360310">
    <ele>2502.8</ele>
   </trkpt>
   <trkpt lat="45.6028850" lon="24.7360310">
    <ele>2502.6</ele>
   </trkpt>
   <trkpt lat="45.6028850" lon="24.7360310">
    <ele>2502.6</ele>
   </trkpt>
   <trkpt lat="45.6028850" lon="24.7360310">
    <ele>2502.2</ele>
   </trkpt>
   <trkpt lat="45.6028870" lon="24.7360320">
    <ele>2502.0</ele>
   </trkpt>
   <trkpt lat="45.6028880" lon="24.7360330">
    <ele>2502.2</ele>
   </trkpt>
   <trkpt lat="45.6028880" lon="24.7360330">
    <ele>2502.4</ele>
   </trkpt>
   <trkpt lat="45.6028930" lon="24.7360360">
    <ele>2502.2</ele>
   </trkpt>
   <trkpt lat="45.6028930" lon="24.7360400">
    <ele>2502.4</ele>
   </trkpt>
   <trkpt lat="45.6028930" lon="24.7360460">
    <ele>2502.4</ele>
   </trkpt>
   <trkpt lat="45.6028930" lon="24.7360490">
    <ele>2502.6</ele>
   </trkpt>
   <trkpt lat="45.6028900" lon="24.7360520">
    <ele>2502.4</ele>
   </trkpt>
   <trkpt lat="45.6028890" lon="24.7360520">
    <ele>2502.2</ele>
   </trkpt>
   <trkpt lat="45.6028870" lon="24.7360510">
    <ele>2502.2</ele>
   </trkpt>
   <trkpt lat="45.6028860" lon="24.7360480">
    <ele>2502.2</ele>
   </trkpt>
   <trkpt lat="45.6028850" lon="24.7360480">
    <ele>2502.2</ele>
   </trkpt>
   <trkpt lat="45.6028850" lon="24.7360470">
    <ele>2502.2</ele>
   </trkpt>
   <trkpt lat="45.6028840" lon="24.7360440">
    <ele>2502.2</ele>
   </trkpt>
   <trkpt lat="45.6028850" lon="24.7360430">
    <ele>2502.2</ele>
   </trkpt>
   <trkpt lat="45.6028850" lon="24.7360400">
    <ele>2502.2</ele>
   </trkpt>
   <trkpt lat="45.6028860" lon="24.7360390">
    <ele>2502.2</ele>
   </trkpt>
   <trkpt lat="45.6028890" lon="24.7360370">
    <ele>2502.2</ele>
   </trkpt>
   <trkpt lat="45.6028920" lon="24.7360360">
    <ele>2502.2</ele>
   </trkpt>
   <trkpt lat="45.6028990" lon="24.7360320">
    <ele>2502.2</ele>
   </trkpt>
   <trkpt lat="45.6028990" lon="24.7360350">
    <ele>2502.2</ele>
   </trkpt>
   <trkpt lat="45.6028970" lon="24.7360360">
    <ele>2502.2</ele>
   </trkpt>
   <trkpt lat="45.6028880" lon="24.7360440">
    <ele>2502.2</ele>
   </trkpt>
   <trkpt lat="45.6028830" lon="24.7360460">
    <ele>2502.2</ele>
   </trkpt>
   <trkpt lat="45.6028820" lon="24.7360460">
    <ele>2502.2</ele>
   </trkpt>
   <trkpt lat="45.6028810" lon="24.7360420">
    <ele>2502.2</ele>
   </trkpt>
   <trkpt lat="45.6028790" lon="24.7360410">
    <ele>2502.2</ele>
   </trkpt>
   <trkpt lat="45.6028780" lon="24.7360420">
    <ele>2502.2</ele>
   </trkpt>
   <trkpt lat="45.6028780" lon="24.7360420">
    <ele>2502.2</ele>
   </trkpt>
   <trkpt lat="45.6028770" lon="24.7360420">
    <ele>2502.2</ele>
   </trkpt>
   <trkpt lat="45.6028770" lon="24.7360430">
    <ele>2502.2</ele>
   </trkpt>
   <trkpt lat="45.6028770" lon="24.7360430">
    <ele>2502.2</ele>
   </trkpt>
   <trkpt lat="45.6028770" lon="24.7360430">
    <ele>2502.2</ele>
   </trkpt>
   <trkpt lat="45.6028770" lon="24.7360430">
    <ele>2502.2</ele>
   </trkpt>
   <trkpt lat="45.6028770" lon="24.7360430">
    <ele>2502.2</ele>
   </trkpt>
   <trkpt lat="45.6028770" lon="24.7360430">
    <ele>2502.2</ele>
   </trkpt>
   <trkpt lat="45.6028770" lon="24.7360430">
    <ele>2502.2</ele>
   </trkpt>
   <trkpt lat="45.6028760" lon="24.7360430">
    <ele>2502.2</ele>
   </trkpt>
   <trkpt lat="45.6028760" lon="24.7360430">
    <ele>2502.2</ele>
   </trkpt>
   <trkpt lat="45.6028760" lon="24.7360430">
    <ele>2502.2</ele>
   </trkpt>
   <trkpt lat="45.6028760" lon="24.7360430">
    <ele>2502.2</ele>
   </trkpt>
   <trkpt lat="45.6028760" lon="24.7360430">
    <ele>2502.2</ele>
   </trkpt>
   <trkpt lat="45.6028750" lon="24.7360430">
    <ele>2502.2</ele>
   </trkpt>
   <trkpt lat="45.6028750" lon="24.7360420">
    <ele>2502.2</ele>
   </trkpt>
   <trkpt lat="45.6028750" lon="24.7360430">
    <ele>2502.2</ele>
   </trkpt>
   <trkpt lat="45.6028750" lon="24.7360430">
    <ele>2502.2</ele>
   </trkpt>
   <trkpt lat="45.6028750" lon="24.7360430">
    <ele>2502.2</ele>
   </trkpt>
   <trkpt lat="45.6028750" lon="24.7360430">
    <ele>2502.2</ele>
   </trkpt>
   <trkpt lat="45.6028750" lon="24.7360430">
    <ele>2502.2</ele>
   </trkpt>
   <trkpt lat="45.6028750" lon="24.7360430">
    <ele>2502.2</ele>
   </trkpt>
   <trkpt lat="45.6028760" lon="24.7360420">
    <ele>2502.2</ele>
   </trkpt>
   <trkpt lat="45.6028760" lon="24.7360420">
    <ele>2502.2</ele>
   </trkpt>
   <trkpt lat="45.6028770" lon="24.7360420">
    <ele>2502.2</ele>
   </trkpt>
   <trkpt lat="45.6028770" lon="24.7360420">
    <ele>2502.2</ele>
   </trkpt>
   <trkpt lat="45.6028770" lon="24.7360420">
    <ele>2502.2</ele>
   </trkpt>
   <trkpt lat="45.6028770" lon="24.7360420">
    <ele>2502.2</ele>
   </trkpt>
   <trkpt lat="45.6028770" lon="24.7360430">
    <ele>2502.2</ele>
   </trkpt>
   <trkpt lat="45.6028760" lon="24.7360430">
    <ele>2502.2</ele>
   </trkpt>
   <trkpt lat="45.6028760" lon="24.7360430">
    <ele>2502.2</ele>
   </trkpt>
   <trkpt lat="45.6028760" lon="24.7360430">
    <ele>2502.2</ele>
   </trkpt>
   <trkpt lat="45.6028760" lon="24.7360430">
    <ele>2502.2</ele>
   </trkpt>
   <trkpt lat="45.6028760" lon="24.7360440">
    <ele>2502.2</ele>
   </trkpt>
   <trkpt lat="45.6028760" lon="24.7360440">
    <ele>2502.2</ele>
   </trkpt>
   <trkpt lat="45.6028760" lon="24.7360440">
    <ele>2502.2</ele>
   </trkpt>
   <trkpt lat="45.6028750" lon="24.7360450">
    <ele>2502.2</ele>
   </trkpt>
   <trkpt lat="45.6028750" lon="24.7360450">
    <ele>2502.2</ele>
   </trkpt>
   <trkpt lat="45.6028750" lon="24.7360450">
    <ele>2502.2</ele>
   </trkpt>
   <trkpt lat="45.6028750" lon="24.7360450">
    <ele>2502.2</ele>
   </trkpt>
   <trkpt lat="45.6028750" lon="24.7360460">
    <ele>2502.2</ele>
   </trkpt>
   <trkpt lat="45.6028740" lon="24.7360460">
    <ele>2502.2</ele>
   </trkpt>
   <trkpt lat="45.6028740" lon="24.7360460">
    <ele>2502.2</ele>
   </trkpt>
   <trkpt lat="45.6028730" lon="24.7360460">
    <ele>2502.2</ele>
   </trkpt>
   <trkpt lat="45.6028730" lon="24.7360460">
    <ele>2502.2</ele>
   </trkpt>
   <trkpt lat="45.6028730" lon="24.7360460">
    <ele>2502.2</ele>
   </trkpt>
   <trkpt lat="45.6028730" lon="24.7360460">
    <ele>2502.2</ele>
   </trkpt>
   <trkpt lat="45.6028730" lon="24.7360460">
    <ele>2502.2</ele>
   </trkpt>
   <trkpt lat="45.6028720" lon="24.7360460">
    <ele>2499.6</ele>
   </trkpt>
   <trkpt lat="45.6028720" lon="24.7360470">
    <ele>2498.6</ele>
   </trkpt>
   <trkpt lat="45.6028720" lon="24.7360470">
    <ele>2498.4</ele>
   </trkpt>
   <trkpt lat="45.6028700" lon="24.7360470">
    <ele>2497.8</ele>
   </trkpt>
   <trkpt lat="45.6028700" lon="24.7360480">
    <ele>2497.8</ele>
   </trkpt>
   <trkpt lat="45.6028690" lon="24.7360480">
    <ele>2497.8</ele>
   </trkpt>
   <trkpt lat="45.6028680" lon="24.7360480">
    <ele>2497.8</ele>
   </trkpt>
   <trkpt lat="45.6028670" lon="24.7360480">
    <ele>2497.8</ele>
   </trkpt>
   <trkpt lat="45.6028660" lon="24.7360480">
    <ele>2497.8</ele>
   </trkpt>
   <trkpt lat="45.6028640" lon="24.7360490">
    <ele>2497.8</ele>
   </trkpt>
   <trkpt lat="45.6028620" lon="24.7360490">
    <ele>2497.6</ele>
   </trkpt>
   <trkpt lat="45.6028610" lon="24.7360490">
    <ele>2497.4</ele>
   </trkpt>
   <trkpt lat="45.6028590" lon="24.7360490">
    <ele>2497.2</ele>
   </trkpt>
   <trkpt lat="45.6028580" lon="24.7360490">
    <ele>2496.6</ele>
   </trkpt>
   <trkpt lat="45.6028560" lon="24.7360490">
    <ele>2496.4</ele>
   </trkpt>
   <trkpt lat="45.6028550" lon="24.7360490">
    <ele>2495.2</ele>
   </trkpt>
   <trkpt lat="45.6028540" lon="24.7360490">
    <ele>2495.0</ele>
   </trkpt>
   <trkpt lat="45.6028540" lon="24.7360500">
    <ele>2494.2</ele>
   </trkpt>
   <trkpt lat="45.6026870" lon="24.7360740">
    <ele>2494.0</ele>
   </trkpt>
   <trkpt lat="45.6025210" lon="24.7360870">
    <ele>2493.4</ele>
   </trkpt>
   <trkpt lat="45.6025200" lon="24.7360880">
    <ele>2493.2</ele>
   </trkpt>
   <trkpt lat="45.6024880" lon="24.7360970">
    <ele>2492.8</ele>
   </trkpt>
   <trkpt lat="45.6024620" lon="24.7360820">
    <ele>2492.6</ele>
   </trkpt>
   <trkpt lat="45.6024430" lon="24.7360610">
    <ele>2492.8</ele>
   </trkpt>
   <trkpt lat="45.6024430" lon="24.7360600">
    <ele>2493.0</ele>
   </trkpt>
   <trkpt lat="45.6024100" lon="24.7360450">
    <ele>2493.6</ele>
   </trkpt>
   <trkpt lat="45.6023900" lon="24.7360430">
    <ele>2494.2</ele>
   </trkpt>
   <trkpt lat="45.6023790" lon="24.7360360">
    <ele>2494.2</ele>
   </trkpt>
   <trkpt lat="45.6023770" lon="24.7360310">
    <ele>2494.6</ele>
   </trkpt>
   <trkpt lat="45.6023800" lon="24.7360350">
    <ele>2494.8</ele>
   </trkpt>
   <trkpt lat="45.6023820" lon="24.7360370">
    <ele>2494.8</ele>
   </trkpt>
   <trkpt lat="45.6023820" lon="24.7360370">
    <ele>2494.8</ele>
   </trkpt>
   <trkpt lat="45.6023490" lon="24.7360300">
    <ele>2494.2</ele>
   </trkpt>
   <trkpt lat="45.6023410" lon="24.7360250">
    <ele>2494.2</ele>
   </trkpt>
   <trkpt lat="45.6023180" lon="24.7360100">
    <ele>2494.4</ele>
   </trkpt>
   <trkpt lat="45.6022920" lon="24.7360050">
    <ele>2494.6</ele>
   </trkpt>
   <trkpt lat="45.6022760" lon="24.7359990">
    <ele>2494.0</ele>
   </trkpt>
   <trkpt lat="45.6022630" lon="24.7360010">
    <ele>2493.4</ele>
   </trkpt>
   <trkpt lat="45.6022530" lon="24.7360040">
    <ele>2493.0</ele>
   </trkpt>
   <trkpt lat="45.6022130" lon="24.7360180">
    <ele>2492.0</ele>
   </trkpt>
   <trkpt lat="45.6022030" lon="24.7360180">
    <ele>2492.0</ele>
   </trkpt>
   <trkpt lat="45.6021540" lon="24.7359990">
    <ele>2492.2</ele>
   </trkpt>
   <trkpt lat="45.6021280" lon="24.7359820">
    <ele>2492.4</ele>
   </trkpt>
   <trkpt lat="45.6021210" lon="24.7359740">
    <ele>2492.4</ele>
   </trkpt>
   <trkpt lat="45.6020790" lon="24.7359640">
    <ele>2492.8</ele>
   </trkpt>
   <trkpt lat="45.6020700" lon="24.7359550">
    <ele>2492.8</ele>
   </trkpt>
   <trkpt lat="45.6020680" lon="24.7359490">
    <ele>2493.0</ele>
   </trkpt>
   <trkpt lat="45.6020650" lon="24.7359490">
    <ele>2493.0</ele>
   </trkpt>
   <trkpt lat="45.6020610" lon="24.7359480">
    <ele>2493.2</ele>
   </trkpt>
   <trkpt lat="45.6020340" lon="24.7359360">
    <ele>2494.0</ele>
   </trkpt>
   <trkpt lat="45.6020290" lon="24.7359340">
    <ele>2494.4</ele>
   </trkpt>
   <trkpt lat="45.6020270" lon="24.7359340">
    <ele>2494.6</ele>
   </trkpt>
   <trkpt lat="45.6020190" lon="24.7359320">
    <ele>2494.6</ele>
   </trkpt>
   <trkpt lat="45.6020150" lon="24.7359280">
    <ele>2495.2</ele>
   </trkpt>
   <trkpt lat="45.6020150" lon="24.7359280">
    <ele>2495.0</ele>
   </trkpt>
   <trkpt lat="45.6020150" lon="24.7359280">
    <ele>2495.2</ele>
   </trkpt>
   <trkpt lat="45.6020150" lon="24.7359280">
    <ele>2495.2</ele>
   </trkpt>
   <trkpt lat="45.6020150" lon="24.7359280">
    <ele>2495.2</ele>
   </trkpt>
   <trkpt lat="45.6020150" lon="24.7359280">
    <ele>2495.2</ele>
   </trkpt>
   <trkpt lat="45.6020150" lon="24.7359280">
    <ele>2494.6</ele>
   </trkpt>
   <trkpt lat="45.6020090" lon="24.7359230">
    <ele>2494.4</ele>
   </trkpt>
   <trkpt lat="45.6020030" lon="24.7359220">
    <ele>2494.4</ele>
   </trkpt>
   <trkpt lat="45.6020030" lon="24.7359220">
    <ele>2494.4</ele>
   </trkpt>
   <trkpt lat="45.6019980" lon="24.7359220">
    <ele>2494.4</ele>
   </trkpt>
   <trkpt lat="45.6019900" lon="24.7359180">
    <ele>2494.2</ele>
   </trkpt>
   <trkpt lat="45.6019850" lon="24.7359130">
    <ele>2494.4</ele>
   </trkpt>
   <trkpt lat="45.6019850" lon="24.7359110">
    <ele>2494.2</ele>
   </trkpt>
   <trkpt lat="45.6019850" lon="24.7359110">
    <ele>2494.2</ele>
   </trkpt>
   <trkpt lat="45.6019860" lon="24.7359100">
    <ele>2494.0</ele>
   </trkpt>
   <trkpt lat="45.6019890" lon="24.7359070">
    <ele>2493.6</ele>
   </trkpt>
   <trkpt lat="45.6020090" lon="24.7358920">
    <ele>2493.4</ele>
   </trkpt>
   <trkpt lat="45.6020090" lon="24.7359060">
    <ele>2493.0</ele>
   </trkpt>
   <trkpt lat="45.6020060" lon="24.7359050">
    <ele>2493.2</ele>
   </trkpt>
   <trkpt lat="45.6019990" lon="24.7359050">
    <ele>2493.2</ele>
   </trkpt>
   <trkpt lat="45.6019930" lon="24.7359050">
    <ele>2493.0</ele>
   </trkpt>
   <trkpt lat="45.6019900" lon="24.7359060">
    <ele>2493.0</ele>
   </trkpt>
   <trkpt lat="45.6019890" lon="24.7359080">
    <ele>2493.0</ele>
   </trkpt>
   <trkpt lat="45.6019840" lon="24.7359120">
    <ele>2492.8</ele>
   </trkpt>
   <trkpt lat="45.6019800" lon="24.7359170">
    <ele>2492.8</ele>
   </trkpt>
   <trkpt lat="45.6019780" lon="24.7359230">
    <ele>2492.8</ele>
   </trkpt>
   <trkpt lat="45.6019770" lon="24.7359270">
    <ele>2493.0</ele>
   </trkpt>
   <trkpt lat="45.6019770" lon="24.7359320">
    <ele>2492.8</ele>
   </trkpt>
   <trkpt lat="45.6019770" lon="24.7359320">
    <ele>2492.8</ele>
   </trkpt>
   <trkpt lat="45.6019770" lon="24.7359320">
    <ele>2492.8</ele>
   </trkpt>
   <trkpt lat="45.6019770" lon="24.7359320">
    <ele>2492.8</ele>
   </trkpt>
   <trkpt lat="45.6019770" lon="24.7359310">
    <ele>2492.8</ele>
   </trkpt>
   <trkpt lat="45.6019770" lon="24.7359310">
    <ele>2492.8</ele>
   </trkpt>
   <trkpt lat="45.6019770" lon="24.7359310">
    <ele>2492.8</ele>
   </trkpt>
   <trkpt lat="45.6019760" lon="24.7359320">
    <ele>2492.8</ele>
   </trkpt>
   <trkpt lat="45.6019750" lon="24.7359320">
    <ele>2492.8</ele>
   </trkpt>
   <trkpt lat="45.6019740" lon="24.7359310">
    <ele>2492.8</ele>
   </trkpt>
   <trkpt lat="45.6019740" lon="24.7359310">
    <ele>2492.8</ele>
   </trkpt>
   <trkpt lat="45.6019740" lon="24.7359310">
    <ele>2489.0</ele>
   </trkpt>
   <trkpt lat="45.6019730" lon="24.7359300">
    <ele>2489.0</ele>
   </trkpt>
   <trkpt lat="45.6019720" lon="24.7359290">
    <ele>2488.8</ele>
   </trkpt>
   <trkpt lat="45.6019720" lon="24.7359280">
    <ele>2488.6</ele>
   </trkpt>
   <trkpt lat="45.6019710" lon="24.7359260">
    <ele>2488.0</ele>
   </trkpt>
   <trkpt lat="45.6019700" lon="24.7359250">
    <ele>2488.2</ele>
   </trkpt>
   <trkpt lat="45.6019690" lon="24.7359240">
    <ele>2488.6</ele>
   </trkpt>
   <trkpt lat="45.6019680" lon="24.7359240">
    <ele>2488.6</ele>
   </trkpt>
   <trkpt lat="45.6019680" lon="24.7359240">
    <ele>2488.6</ele>
   </trkpt>
   <trkpt lat="45.6019680" lon="24.7359240">
    <ele>2488.6</ele>
   </trkpt>
   <trkpt lat="45.6019670" lon="24.7359230">
    <ele>2488.6</ele>
   </trkpt>
   <trkpt lat="45.6019660" lon="24.7359230">
    <ele>2488.6</ele>
   </trkpt>
   <trkpt lat="45.6019650" lon="24.7359220">
    <ele>2488.6</ele>
   </trkpt>
   <trkpt lat="45.6019640" lon="24.7359220">
    <ele>2488.6</ele>
   </trkpt>
   <trkpt lat="45.6019640" lon="24.7359210">
    <ele>2488.6</ele>
   </trkpt>
   <trkpt lat="45.6019640" lon="24.7359210">
    <ele>2488.6</ele>
   </trkpt>
   <trkpt lat="45.6019640" lon="24.7359210">
    <ele>2488.6</ele>
   </trkpt>
   <trkpt lat="45.6019630" lon="24.7359210">
    <ele>2488.6</ele>
   </trkpt>
   <trkpt lat="45.6019610" lon="24.7359190">
    <ele>2488.6</ele>
   </trkpt>
   <trkpt lat="45.6019610" lon="24.7359190">
    <ele>2488.6</ele>
   </trkpt>
   <trkpt lat="45.6019590" lon="24.7359160">
    <ele>2485.6</ele>
   </trkpt>
   <trkpt lat="45.6019580" lon="24.7359150">
    <ele>2485.6</ele>
   </trkpt>
   <trkpt lat="45.6019550" lon="24.7359100">
    <ele>2484.4</ele>
   </trkpt>
   <trkpt lat="45.6019550" lon="24.7359100">
    <ele>2483.8</ele>
   </trkpt>
   <trkpt lat="45.6019550" lon="24.7359100">
    <ele>2483.4</ele>
   </trkpt>
   <trkpt lat="45.6019550" lon="24.7359090">
    <ele>2483.2</ele>
   </trkpt>
   <trkpt lat="45.6019490" lon="24.7359060">
    <ele>2482.4</ele>
   </trkpt>
   <trkpt lat="45.6019490" lon="24.7359050">
    <ele>2482.4</ele>
   </trkpt>
   <trkpt lat="45.6019480" lon="24.7359050">
    <ele>2482.4</ele>
   </trkpt>
   <trkpt lat="45.6019480" lon="24.7359050">
    <ele>2482.6</ele>
   </trkpt>
   <trkpt lat="45.6019470" lon="24.7359040">
    <ele>2482.6</ele>
   </trkpt>
   <trkpt lat="45.6019020" lon="24.7358740">
    <ele>2482.6</ele>
   </trkpt>
   <trkpt lat="45.6018350" lon="24.7358270">
    <ele>2482.8</ele>
   </trkpt>
   <trkpt lat="45.6018340" lon="24.7358270">
    <ele>2482.8</ele>
   </trkpt>
   <trkpt lat="45.6018340" lon="24.7358270">
    <ele>2482.8</ele>
   </trkpt>
   <trkpt lat="45.6018320" lon="24.7358190">
    <ele>2482.8</ele>
   </trkpt>
   <trkpt lat="45.6018320" lon="24.7358190">
    <ele>2482.8</ele>
   </trkpt>
   <trkpt lat="45.6018320" lon="24.7358190">
    <ele>2482.8</ele>
   </trkpt>
   <trkpt lat="45.6018300" lon="24.7358190">
    <ele>2482.8</ele>
   </trkpt>
   <trkpt lat="45.6018270" lon="24.7358280">
    <ele>2482.8</ele>
   </trkpt>
   <trkpt lat="45.6018260" lon="24.7358280">
    <ele>2482.8</ele>
   </trkpt>
   <trkpt lat="45.6018120" lon="24.7358360">
    <ele>2482.8</ele>
   </trkpt>
   <trkpt lat="45.6018120" lon="24.7358390">
    <ele>2482.8</ele>
   </trkpt>
   <trkpt lat="45.6018120" lon="24.7358390">
    <ele>2482.8</ele>
   </trkpt>
   <trkpt lat="45.6018190" lon="24.7358490">
    <ele>2482.8</ele>
   </trkpt>
   <trkpt lat="45.6018200" lon="24.7358630">
    <ele>2482.8</ele>
   </trkpt>
   <trkpt lat="45.6018200" lon="24.7358630">
    <ele>2482.8</ele>
   </trkpt>
   <trkpt lat="45.6018200" lon="24.7358630">
    <ele>2482.8</ele>
   </trkpt>
   <trkpt lat="45.6018070" lon="24.7358550">
    <ele>2482.8</ele>
   </trkpt>
   <trkpt lat="45.6018070" lon="24.7358550">
    <ele>2482.8</ele>
   </trkpt>
   <trkpt lat="45.6018040" lon="24.7358540">
    <ele>2480.2</ele>
   </trkpt>
   <trkpt lat="45.6017970" lon="24.7358530">
    <ele>2480.0</ele>
   </trkpt>
   <trkpt lat="45.6017850" lon="24.7358220">
    <ele>2479.0</ele>
   </trkpt>
   <trkpt lat="45.6017840" lon="24.7358160">
    <ele>2479.0</ele>
   </trkpt>
   <trkpt lat="45.6017780" lon="24.7358040">
    <ele>2479.0</ele>
   </trkpt>
   <trkpt lat="45.6017690" lon="24.7357990">
    <ele>2478.2</ele>
   </trkpt>
   <trkpt lat="45.6017640" lon="24.7357950">
    <ele>2478.6</ele>
   </trkpt>
   <trkpt lat="45.6017640" lon="24.7357950">
    <ele>2477.4</ele>
   </trkpt>
   <trkpt lat="45.6017630" lon="24.7357940">
    <ele>2477.0</ele>
   </trkpt>
   <trkpt lat="45.6017620" lon="24.7357940">
    <ele>2477.0</ele>
   </trkpt>
   <trkpt lat="45.6017620" lon="24.7357940">
    <ele>2477.8</ele>
   </trkpt>
   <trkpt lat="45.6017610" lon="24.7357940">
    <ele>2478.2</ele>
   </trkpt>
   <trkpt lat="45.6017610" lon="24.7357940">
    <ele>2478.2</ele>
   </trkpt>
   <trkpt lat="45.6017600" lon="24.7357940">
    <ele>2478.6</ele>
   </trkpt>
   <trkpt lat="45.6017600" lon="24.7357940">
    <ele>2478.4</ele>
   </trkpt>
   <trkpt lat="45.6017600" lon="24.7357940">
    <ele>2478.4</ele>
   </trkpt>
   <trkpt lat="45.6017600" lon="24.7357940">
    <ele>2478.4</ele>
   </trkpt>
   <trkpt lat="45.6017600" lon="24.7357950">
    <ele>2478.4</ele>
   </trkpt>
   <trkpt lat="45.6017600" lon="24.7357950">
    <ele>2478.4</ele>
   </trkpt>
   <trkpt lat="45.6017600" lon="24.7357960">
    <ele>2478.4</ele>
   </trkpt>
   <trkpt lat="45.6017600" lon="24.7357970">
    <ele>2478.4</ele>
   </trkpt>
   <trkpt lat="45.6017510" lon="24.7358050">
    <ele>2478.4</ele>
   </trkpt>
   <trkpt lat="45.6017110" lon="24.7358120">
    <ele>2478.4</ele>
   </trkpt>
   <trkpt lat="45.6016820" lon="24.7358440">
    <ele>2478.4</ele>
   </trkpt>
   <trkpt lat="45.6016820" lon="24.7358440">
    <ele>2482.0</ele>
   </trkpt>
   <trkpt lat="45.6016820" lon="24.7358440">
    <ele>2483.0</ele>
   </trkpt>
   <trkpt lat="45.6016820" lon="24.7358450">
    <ele>2483.6</ele>
   </trkpt>
   <trkpt lat="45.6016760" lon="24.7358470">
    <ele>2484.2</ele>
   </trkpt>
   <trkpt lat="45.6016700" lon="24.7358470">
    <ele>2485.2</ele>
   </trkpt>
   <trkpt lat="45.6016590" lon="24.7358450">
    <ele>2485.8</ele>
   </trkpt>
   <trkpt lat="45.6016490" lon="24.7358450">
    <ele>2486.2</ele>
   </trkpt>
   <trkpt lat="45.6016240" lon="24.7358420">
    <ele>2486.4</ele>
   </trkpt>
   <trkpt lat="45.6015930" lon="24.7358390">
    <ele>2486.6</ele>
   </trkpt>
   <trkpt lat="45.6015900" lon="24.7358390">
    <ele>2486.8</ele>
   </trkpt>
   <trkpt lat="45.6015870" lon="24.7358390">
    <ele>2487.6</ele>
   </trkpt>
   <trkpt lat="45.6015830" lon="24.7358330">
    <ele>2487.8</ele>
   </trkpt>
   <trkpt lat="45.6015830" lon="24.7358300">
    <ele>2487.8</ele>
   </trkpt>
   <trkpt lat="45.6015790" lon="24.7358260">
    <ele>2488.0</ele>
   </trkpt>
   <trkpt lat="45.6015770" lon="24.7358240">
    <ele>2488.0</ele>
   </trkpt>
   <trkpt lat="45.6015700" lon="24.7357980">
    <ele>2488.8</ele>
   </trkpt>
   <trkpt lat="45.6015640" lon="24.7357930">
    <ele>2489.6</ele>
   </trkpt>
   <trkpt lat="45.6015610" lon="24.7357920">
    <ele>2489.6</ele>
   </trkpt>
   <trkpt lat="45.6015600" lon="24.7357870">
    <ele>2490.0</ele>
   </trkpt>
   <trkpt lat="45.6015590" lon="24.7357800">
    <ele>2490.2</ele>
   </trkpt>
   <trkpt lat="45.6015550" lon="24.7357610">
    <ele>2490.4</ele>
   </trkpt>
   <trkpt lat="45.6015510" lon="24.7357490">
    <ele>2490.6</ele>
   </trkpt>
   <trkpt lat="45.6015480" lon="24.7357480">
    <ele>2491.0</ele>
   </trkpt>
   <trkpt lat="45.6015370" lon="24.7357330">
    <ele>2491.2</ele>
   </trkpt>
   <trkpt lat="45.6015330" lon="24.7357210">
    <ele>2491.4</ele>
   </trkpt>
   <trkpt lat="45.6015300" lon="24.7357130">
    <ele>2490.8</ele>
   </trkpt>
   <trkpt lat="45.6015250" lon="24.7357090">
    <ele>2490.0</ele>
   </trkpt>
   <trkpt lat="45.6015220" lon="24.7357010">
    <ele>2489.0</ele>
   </trkpt>
   <trkpt lat="45.6015210" lon="24.7356980">
    <ele>2487.8</ele>
   </trkpt>
   <trkpt lat="45.6015180" lon="24.7356740">
    <ele>2486.8</ele>
   </trkpt>
   <trkpt lat="45.6015110" lon="24.7356520">
    <ele>2486.6</ele>
   </trkpt>
   <trkpt lat="45.6014990" lon="24.7356360">
    <ele>2486.8</ele>
   </trkpt>
   <trkpt lat="45.6014880" lon="24.7356250">
    <ele>2486.8</ele>
   </trkpt>
   <trkpt lat="45.6014870" lon="24.7356240">
    <ele>2487.0</ele>
   </trkpt>
   <trkpt lat="45.6014860" lon="24.7356240">
    <ele>2487.2</ele>
   </trkpt>
   <trkpt lat="45.6014850" lon="24.7356240">
    <ele>2487.2</ele>
   </trkpt>
   <trkpt lat="45.6014190" lon="24.7356080">
    <ele>2485.8</ele>
   </trkpt>
   <trkpt lat="45.6013630" lon="24.7355780">
    <ele>2486.0</ele>
   </trkpt>
   <trkpt lat="45.6012840" lon="24.7355460">
    <ele>2486.6</ele>
   </trkpt>
   <trkpt lat="45.6012750" lon="24.7355480">
    <ele>2486.8</ele>
   </trkpt>
   <trkpt lat="45.6012760" lon="24.7355580">
    <ele>2487.2</ele>
   </trkpt>
   <trkpt lat="45.6012710" lon="24.7355700">
    <ele>2487.6</ele>
   </trkpt>
   <trkpt lat="45.6012600" lon="24.7355700">
    <ele>2488.2</ele>
   </trkpt>
   <trkpt lat="45.6012560" lon="24.7355670">
    <ele>2488.4</ele>
   </trkpt>
   <trkpt lat="45.6012540" lon="24.7355620">
    <ele>2488.6</ele>
   </trkpt>
   <trkpt lat="45.6012510" lon="24.7355580">
    <ele>2488.6</ele>
   </trkpt>
   <trkpt lat="45.6012510" lon="24.7355560">
    <ele>2488.4</ele>
   </trkpt>
   <trkpt lat="45.6012510" lon="24.7355550">
    <ele>2488.6</ele>
   </trkpt>
   <trkpt lat="45.6012490" lon="24.7355500">
    <ele>2489.0</ele>
   </trkpt>
   <trkpt lat="45.6012490" lon="24.7355400">
    <ele>2489.4</ele>
   </trkpt>
   <trkpt lat="45.6012470" lon="24.7355400">
    <ele>2489.4</ele>
   </trkpt>
   <trkpt lat="45.6012460" lon="24.7355400">
    <ele>2490.0</ele>
   </trkpt>
   <trkpt lat="45.6012450" lon="24.7355400">
    <ele>2490.4</ele>
   </trkpt>
   <trkpt lat="45.6012410" lon="24.7355600">
    <ele>2491.6</ele>
   </trkpt>
   <trkpt lat="45.6011770" lon="24.7355570">
    <ele>2491.2</ele>
   </trkpt>
   <trkpt lat="45.6011080" lon="24.7355670">
    <ele>2491.4</ele>
   </trkpt>
   <trkpt lat="45.6010950" lon="24.7355670">
    <ele>2491.6</ele>
   </trkpt>
   <trkpt lat="45.6010740" lon="24.7355890">
    <ele>2492.4</ele>
   </trkpt>
   <trkpt lat="45.6010710" lon="24.7355900">
    <ele>2492.4</ele>
   </trkpt>
   <trkpt lat="45.6010180" lon="24.7355950">
    <ele>2492.2</ele>
   </trkpt>
   <trkpt lat="45.6010010" lon="24.7356050">
    <ele>2492.4</ele>
   </trkpt>
   <trkpt lat="45.6009930" lon="24.7356140">
    <ele>2492.8</ele>
   </trkpt>
   <trkpt lat="45.6009800" lon="24.7356220">
    <ele>2493.2</ele>
   </trkpt>
   <trkpt lat="45.6009680" lon="24.7356090">
    <ele>2493.8</ele>
   </trkpt>
   <trkpt lat="45.6009580" lon="24.7356060">
    <ele>2494.0</ele>
   </trkpt>
   <trkpt lat="45.6009580" lon="24.7356080">
    <ele>2494.0</ele>
   </trkpt>
   <trkpt lat="45.6009550" lon="24.7356130">
    <ele>2494.2</ele>
   </trkpt>
   <trkpt lat="45.6009430" lon="24.7356210">
    <ele>2494.4</ele>
   </trkpt>
   <trkpt lat="45.6009390" lon="24.7356190">
    <ele>2494.6</ele>
   </trkpt>
   <trkpt lat="45.6009330" lon="24.7356190">
    <ele>2494.6</ele>
   </trkpt>
   <trkpt lat="45.6009220" lon="24.7356250">
    <ele>2495.2</ele>
   </trkpt>
   <trkpt lat="45.6009130" lon="24.7356280">
    <ele>2495.2</ele>
   </trkpt>
   <trkpt lat="45.6009140" lon="24.7356270">
    <ele>2495.2</ele>
   </trkpt>
   <trkpt lat="45.6009140" lon="24.7356290">
    <ele>2495.2</ele>
   </trkpt>
   <trkpt lat="45.6009140" lon="24.7356310">
    <ele>2496.2</ele>
   </trkpt>
   <trkpt lat="45.6009110" lon="24.7356370">
    <ele>2496.8</ele>
   </trkpt>
   <trkpt lat="45.6009060" lon="24.7356420">
    <ele>2496.8</ele>
   </trkpt>
   <trkpt lat="45.6008890" lon="24.7356470">
    <ele>2496.0</ele>
   </trkpt>
   <trkpt lat="45.6008650" lon="24.7356470">
    <ele>2495.2</ele>
   </trkpt>
   <trkpt lat="45.6008610" lon="24.7356480">
    <ele>2494.8</ele>
   </trkpt>
   <trkpt lat="45.6008550" lon="24.7356480">
    <ele>2494.6</ele>
   </trkpt>
   <trkpt lat="45.6008470" lon="24.7356480">
    <ele>2494.2</ele>
   </trkpt>
   <trkpt lat="45.6008220" lon="24.7356690">
    <ele>2493.8</ele>
   </trkpt>
   <trkpt lat="45.6007830" lon="24.7357120">
    <ele>2493.4</ele>
   </trkpt>
   <trkpt lat="45.6007690" lon="24.7357250">
    <ele>2493.6</ele>
   </trkpt>
   <trkpt lat="45.6007500" lon="24.7357430">
    <ele>2493.6</ele>
   </trkpt>
   <trkpt lat="45.6007260" lon="24.7357550">
    <ele>2493.6</ele>
   </trkpt>
   <trkpt lat="45.6007200" lon="24.7357780">
    <ele>2493.6</ele>
   </trkpt>
   <trkpt lat="45.6007090" lon="24.7357900">
    <ele>2494.0</ele>
   </trkpt>
   <trkpt lat="45.6007050" lon="24.7357890">
    <ele>2494.0</ele>
   </trkpt>
   <trkpt lat="45.6007090" lon="24.7357840">
    <ele>2494.4</ele>
   </trkpt>
   <trkpt lat="45.6007060" lon="24.7357850">
    <ele>2494.6</ele>
   </trkpt>
   <trkpt lat="45.6007060" lon="24.7357870">
    <ele>2494.8</ele>
   </trkpt>
   <trkpt lat="45.6006990" lon="24.7357900">
    <ele>2495.4</ele>
   </trkpt>
   <trkpt lat="45.6006930" lon="24.7358060">
    <ele>2495.8</ele>
   </trkpt>
   <trkpt lat="45.6006900" lon="24.7358100">
    <ele>2495.8</ele>
   </trkpt>
   <trkpt lat="45.6006890" lon="24.7358070">
    <ele>2495.8</ele>
   </trkpt>
   <trkpt lat="45.6006920" lon="24.7358070">
    <ele>2497.0</ele>
   </trkpt>
   <trkpt lat="45.6006900" lon="24.7358070">
    <ele>2497.6</ele>
   </trkpt>
   <trkpt lat="45.6006650" lon="24.7358190">
    <ele>2498.4</ele>
   </trkpt>
   <trkpt lat="45.6006530" lon="24.7358260">
    <ele>2498.6</ele>
   </trkpt>
   <trkpt lat="45.6006240" lon="24.7358340">
    <ele>2499.4</ele>
   </trkpt>
   <trkpt lat="45.6005960" lon="24.7358350">
    <ele>2500.4</ele>
   </trkpt>
   <trkpt lat="45.6005950" lon="24.7358350">
    <ele>2500.8</ele>
   </trkpt>
   <trkpt lat="45.6005920" lon="24.7358350">
    <ele>2500.8</ele>
   </trkpt>
   <trkpt lat="45.6005780" lon="24.7358350">
    <ele>2501.6</ele>
   </trkpt>
   <trkpt lat="45.6005720" lon="24.7358350">
    <ele>2501.6</ele>
   </trkpt>
   <trkpt lat="45.6004650" lon="24.7358310">
    <ele>2501.0</ele>
   </trkpt>
   <trkpt lat="45.6003840" lon="24.7358790">
    <ele>2501.0</ele>
   </trkpt>
   <trkpt lat="45.6003780" lon="24.7358870">
    <ele>2501.4</ele>
   </trkpt>
   <trkpt lat="45.6003630" lon="24.7358970">
    <ele>2502.0</ele>
   </trkpt>
   <trkpt lat="45.6003580" lon="24.7358990">
    <ele>2502.0</ele>
   </trkpt>
   <trkpt lat="45.6003580" lon="24.7358990">
    <ele>2502.0</ele>
   </trkpt>
   <trkpt lat="45.6003550" lon="24.7358950">
    <ele>2502.2</ele>
   </trkpt>
   <trkpt lat="45.6003500" lon="24.7358900">
    <ele>2502.4</ele>
   </trkpt>
   <trkpt lat="45.6003500" lon="24.7358860">
    <ele>2503.0</ele>
   </trkpt>
   <trkpt lat="45.6003520" lon="24.7358900">
    <ele>2503.0</ele>
   </trkpt>
   <trkpt lat="45.6003510" lon="24.7358910">
    <ele>2504.0</ele>
   </trkpt>
   <trkpt lat="45.6003410" lon="24.7358980">
    <ele>2505.0</ele>
   </trkpt>
   <trkpt lat="45.6003390" lon="24.7358980">
    <ele>2505.0</ele>
   </trkpt>
   <trkpt lat="45.6003030" lon="24.7359140">
    <ele>2505.4</ele>
   </trkpt>
   <trkpt lat="45.6002830" lon="24.7359140">
    <ele>2505.6</ele>
   </trkpt>
   <trkpt lat="45.6002680" lon="24.7359150">
    <ele>2505.6</ele>
   </trkpt>
   <trkpt lat="45.6002620" lon="24.7359160">
    <ele>2505.6</ele>
   </trkpt>
   <trkpt lat="45.6002330" lon="24.7359270">
    <ele>2505.4</ele>
   </trkpt>
   <trkpt lat="45.6002220" lon="24.7359350">
    <ele>2505.2</ele>
   </trkpt>
   <trkpt lat="45.6002090" lon="24.7359400">
    <ele>2505.0</ele>
   </trkpt>
   <trkpt lat="45.6001840" lon="24.7359650">
    <ele>2504.4</ele>
   </trkpt>
   <trkpt lat="45.6001520" lon="24.7359820">
    <ele>2504.4</ele>
   </trkpt>
   <trkpt lat="45.6001170" lon="24.7359970">
    <ele>2504.4</ele>
   </trkpt>
   <trkpt lat="45.6000890" lon="24.7360070">
    <ele>2504.0</ele>
   </trkpt>
   <trkpt lat="45.6000710" lon="24.7360130">
    <ele>2503.6</ele>
   </trkpt>
   <trkpt lat="45.6000660" lon="24.7360120">
    <ele>2503.6</ele>
   </trkpt>
   <trkpt lat="45.6000370" lon="24.7360020">
    <ele>2503.4</ele>
   </trkpt>
   <trkpt lat="45.6000080" lon="24.7359920">
    <ele>2503.2</ele>
   </trkpt>
   <trkpt lat="45.5999930" lon="24.7359900">
    <ele>2503.2</ele>
   </trkpt>
   <trkpt lat="45.5999750" lon="24.7359860">
    <ele>2503.6</ele>
   </trkpt>
   <trkpt lat="45.5999630" lon="24.7359940">
    <ele>2504.4</ele>
   </trkpt>
   <trkpt lat="45.5999570" lon="24.7359950">
    <ele>2504.4</ele>
   </trkpt>
   <trkpt lat="45.5999470" lon="24.7360070">
    <ele>2504.6</ele>
   </trkpt>
   <trkpt lat="45.5999410" lon="24.7360180">
    <ele>2505.4</ele>
   </trkpt>
   <trkpt lat="45.5999380" lon="24.7360210">
    <ele>2505.8</ele>
   </trkpt>
   <trkpt lat="45.5999260" lon="24.7360260">
    <ele>2506.2</ele>
   </trkpt>
   <trkpt lat="45.5999190" lon="24.7360290">
    <ele>2506.4</ele>
   </trkpt>
   <trkpt lat="45.5999140" lon="24.7360330">
    <ele>2507.0</ele>
   </trkpt>
   <trkpt lat="45.5999070" lon="24.7360360">
    <ele>2507.0</ele>
   </trkpt>
   <trkpt lat="45.5999010" lon="24.7360440">
    <ele>2507.4</ele>
   </trkpt>
   <trkpt lat="45.5998760" lon="24.7360670">
    <ele>2507.8</ele>
   </trkpt>
   <trkpt lat="45.5998670" lon="24.7360640">
    <ele>2508.2</ele>
   </trkpt>
   <trkpt lat="45.5998600" lon="24.7360770">
    <ele>2508.8</ele>
   </trkpt>
   <trkpt lat="45.5998550" lon="24.7360920">
    <ele>2509.2</ele>
   </trkpt>
   <trkpt lat="45.5998440" lon="24.7361020">
    <ele>2509.8</ele>
   </trkpt>
   <trkpt lat="45.5998420" lon="24.7361090">
    <ele>2510.4</ele>
   </trkpt>
   <trkpt lat="45.5998320" lon="24.7361090">
    <ele>2510.6</ele>
   </trkpt>
   <trkpt lat="45.5998260" lon="24.7361080">
    <ele>2510.8</ele>
   </trkpt>
   <trkpt lat="45.5998210" lon="24.7361090">
    <ele>2510.8</ele>
   </trkpt>
   <trkpt lat="45.5998180" lon="24.7361070">
    <ele>2511.0</ele>
   </trkpt>
   <trkpt lat="45.5998110" lon="24.7361040">
    <ele>2511.4</ele>
   </trkpt>
   <trkpt lat="45.5998030" lon="24.7361020">
    <ele>2511.8</ele>
   </trkpt>
   <trkpt lat="45.5997950" lon="24.7361050">
    <ele>2511.8</ele>
   </trkpt>
   <trkpt lat="45.5997820" lon="24.7361110">
    <ele>2512.4</ele>
   </trkpt>
   <trkpt lat="45.5997840" lon="24.7361060">
    <ele>2512.4</ele>
   </trkpt>
   <trkpt lat="45.5997820" lon="24.7361010">
    <ele>2512.6</ele>
   </trkpt>
   <trkpt lat="45.5997750" lon="24.7361000">
    <ele>2512.8</ele>
   </trkpt>
   <trkpt lat="45.5997610" lon="24.7360990">
    <ele>2512.6</ele>
   </trkpt>
   <trkpt lat="45.5997450" lon="24.7360960">
    <ele>2513.0</ele>
   </trkpt>
   <trkpt lat="45.5997440" lon="24.7360930">
    <ele>2513.0</ele>
   </trkpt>
   <trkpt lat="45.5997430" lon="24.7360910">
    <ele>2513.2</ele>
   </trkpt>
   <trkpt lat="45.5997450" lon="24.7360920">
    <ele>2512.8</ele>
   </trkpt>
   <trkpt lat="45.5997450" lon="24.7360920">
    <ele>2513.0</ele>
   </trkpt>
   <trkpt lat="45.5997450" lon="24.7360920">
    <ele>2513.0</ele>
   </trkpt>
   <trkpt lat="45.5997460" lon="24.7360920">
    <ele>2513.0</ele>
   </trkpt>
   <trkpt lat="45.5997460" lon="24.7360920">
    <ele>2513.2</ele>
   </trkpt>
   <trkpt lat="45.5997470" lon="24.7360920">
    <ele>2513.0</ele>
   </trkpt>
   <trkpt lat="45.5997470" lon="24.7360920">
    <ele>2513.2</ele>
   </trkpt>
   <trkpt lat="45.5997480" lon="24.7360930">
    <ele>2512.8</ele>
   </trkpt>
   <trkpt lat="45.5997480" lon="24.7360920">
    <ele>2513.0</ele>
   </trkpt>
   <trkpt lat="45.5997470" lon="24.7360920">
    <ele>2513.0</ele>
   </trkpt>
   <trkpt lat="45.5997460" lon="24.7360860">
    <ele>2513.0</ele>
   </trkpt>
   <trkpt lat="45.5997450" lon="24.7360830">
    <ele>2513.0</ele>
   </trkpt>
   <trkpt lat="45.5997440" lon="24.7360830">
    <ele>2513.0</ele>
   </trkpt>
   <trkpt lat="45.5997360" lon="24.7360840">
    <ele>2512.4</ele>
   </trkpt>
   <trkpt lat="45.5997300" lon="24.7360860">
    <ele>2512.4</ele>
   </trkpt>
   <trkpt lat="45.5997250" lon="24.7360870">
    <ele>2512.4</ele>
   </trkpt>
   <trkpt lat="45.5997090" lon="24.7360930">
    <ele>2512.4</ele>
   </trkpt>
   <trkpt lat="45.5997050" lon="24.7360940">
    <ele>2512.4</ele>
   </trkpt>
   <trkpt lat="45.5997030" lon="24.7360930">
    <ele>2512.4</ele>
   </trkpt>
   <trkpt lat="45.5997030" lon="24.7360910">
    <ele>2512.4</ele>
   </trkpt>
   <trkpt lat="45.5997040" lon="24.7360920">
    <ele>2512.4</ele>
   </trkpt>
   <trkpt lat="45.5997040" lon="24.7360930">
    <ele>2512.4</ele>
   </trkpt>
   <trkpt lat="45.5997040" lon="24.7360930">
    <ele>2512.4</ele>
   </trkpt>
   <trkpt lat="45.5997040" lon="24.7360930">
    <ele>2512.4</ele>
   </trkpt>
   <trkpt lat="45.5997040" lon="24.7360930">
    <ele>2512.4</ele>
   </trkpt>
   <trkpt lat="45.5997040" lon="24.7360930">
    <ele>2512.4</ele>
   </trkpt>
   <trkpt lat="45.5997040" lon="24.7360930">
    <ele>2512.4</ele>
   </trkpt>
   <trkpt lat="45.5997040" lon="24.7360930">
    <ele>2512.4</ele>
   </trkpt>
   <trkpt lat="45.5997030" lon="24.7360920">
    <ele>2512.4</ele>
   </trkpt>
   <trkpt lat="45.5997030" lon="24.7360920">
    <ele>2512.4</ele>
   </trkpt>
   <trkpt lat="45.5997030" lon="24.7360920">
    <ele>2512.4</ele>
   </trkpt>
   <trkpt lat="45.5997030" lon="24.7360920">
    <ele>2512.4</ele>
   </trkpt>
   <trkpt lat="45.5997030" lon="24.7360920">
    <ele>2512.4</ele>
   </trkpt>
   <trkpt lat="45.5997030" lon="24.7360920">
    <ele>2512.4</ele>
   </trkpt>
   <trkpt lat="45.5997020" lon="24.7360920">
    <ele>2512.4</ele>
   </trkpt>
   <trkpt lat="45.5997020" lon="24.7360920">
    <ele>2512.4</ele>
   </trkpt>
   <trkpt lat="45.5997020" lon="24.7360920">
    <ele>2512.4</ele>
   </trkpt>
   <trkpt lat="45.5997010" lon="24.7360930">
    <ele>2512.4</ele>
   </trkpt>
   <trkpt lat="45.5997010" lon="24.7360930">
    <ele>2512.4</ele>
   </trkpt>
   <trkpt lat="45.5997000" lon="24.7360930">
    <ele>2512.4</ele>
   </trkpt>
   <trkpt lat="45.5997000" lon="24.7360930">
    <ele>2512.4</ele>
   </trkpt>
   <trkpt lat="45.5996990" lon="24.7360930">
    <ele>2512.4</ele>
   </trkpt>
   <trkpt lat="45.5996970" lon="24.7360930">
    <ele>2512.4</ele>
   </trkpt>
   <trkpt lat="45.5996930" lon="24.7360940">
    <ele>2512.4</ele>
   </trkpt>
   <trkpt lat="45.5996930" lon="24.7360940">
    <ele>2512.4</ele>
   </trkpt>
   <trkpt lat="45.5996930" lon="24.7360940">
    <ele>2512.4</ele>
   </trkpt>
   <trkpt lat="45.5996910" lon="24.7360950">
    <ele>2512.4</ele>
   </trkpt>
   <trkpt lat="45.5996910" lon="24.7360950">
    <ele>2512.4</ele>
   </trkpt>
   <trkpt lat="45.5996900" lon="24.7360950">
    <ele>2512.4</ele>
   </trkpt>
   <trkpt lat="45.5996900" lon="24.7360950">
    <ele>2512.4</ele>
   </trkpt>
   <trkpt lat="45.5996900" lon="24.7360950">
    <ele>2512.4</ele>
   </trkpt>
   <trkpt lat="45.5996900" lon="24.7360950">
    <ele>2512.4</ele>
   </trkpt>
   <trkpt lat="45.5996880" lon="24.7360960">
    <ele>2512.4</ele>
   </trkpt>
   <trkpt lat="45.5996870" lon="24.7360960">
    <ele>2512.4</ele>
   </trkpt>
   <trkpt lat="45.5996870" lon="24.7360960">
    <ele>2512.4</ele>
   </trkpt>
   <trkpt lat="45.5996870" lon="24.7360960">
    <ele>2512.4</ele>
   </trkpt>
   <trkpt lat="45.5996860" lon="24.7360960">
    <ele>2512.4</ele>
   </trkpt>
   <trkpt lat="45.5996860" lon="24.7360960">
    <ele>2512.4</ele>
   </trkpt>
   <trkpt lat="45.5996850" lon="24.7360960">
    <ele>2512.4</ele>
   </trkpt>
   <trkpt lat="45.5996840" lon="24.7360970">
    <ele>2512.4</ele>
   </trkpt>
   <trkpt lat="45.5996830" lon="24.7360970">
    <ele>2512.4</ele>
   </trkpt>
   <trkpt lat="45.5996830" lon="24.7360970">
    <ele>2512.4</ele>
   </trkpt>
   <trkpt lat="45.5996820" lon="24.7360980">
    <ele>2512.4</ele>
   </trkpt>
   <trkpt lat="45.5996790" lon="24.7360990">
    <ele>2512.4</ele>
   </trkpt>
   <trkpt lat="45.5996790" lon="24.7360990">
    <ele>2512.4</ele>
   </trkpt>
   <trkpt lat="45.5996790" lon="24.7360990">
    <ele>2512.4</ele>
   </trkpt>
   <trkpt lat="45.5996760" lon="24.7361000">
    <ele>2512.4</ele>
   </trkpt>
   <trkpt lat="45.5996750" lon="24.7361000">
    <ele>2512.4</ele>
   </trkpt>
   <trkpt lat="45.5996750" lon="24.7361010">
    <ele>2512.4</ele>
   </trkpt>
   <trkpt lat="45.5996750" lon="24.7361010">
    <ele>2512.4</ele>
   </trkpt>
   <trkpt lat="45.5996740" lon="24.7361010">
    <ele>2512.4</ele>
   </trkpt>
   <trkpt lat="45.5996400" lon="24.7361180">
    <ele>2512.4</ele>
   </trkpt>
   <trkpt lat="45.5995830" lon="24.7361390">
    <ele>2512.4</ele>
   </trkpt>
   <trkpt lat="45.5995870" lon="24.7361290">
    <ele>2512.4</ele>
   </trkpt>
   <trkpt lat="45.5995960" lon="24.7361260">
    <ele>2512.4</ele>
   </trkpt>
   <trkpt lat="45.5995980" lon="24.7361240">
    <ele>2512.4</ele>
   </trkpt>
   <trkpt lat="45.5995980" lon="24.7361240">
    <ele>2512.4</ele>
   </trkpt>
   <trkpt lat="45.5995980" lon="24.7361240">
    <ele>2512.4</ele>
   </trkpt>
   <trkpt lat="45.5995950" lon="24.7361310">
    <ele>2512.4</ele>
   </trkpt>
   <trkpt lat="45.5995950" lon="24.7361310">
    <ele>2512.4</ele>
   </trkpt>
   <trkpt lat="45.5995970" lon="24.7361320">
    <ele>2512.4</ele>
   </trkpt>
   <trkpt lat="45.5995950" lon="24.7361360">
    <ele>2512.4</ele>
   </trkpt>
   <trkpt lat="45.5995950" lon="24.7361360">
    <ele>2512.4</ele>
   </trkpt>
   <trkpt lat="45.5995950" lon="24.7361360">
    <ele>2512.4</ele>
   </trkpt>
   <trkpt lat="45.5995960" lon="24.7361350">
    <ele>2512.4</ele>
   </trkpt>
   <trkpt lat="45.5995960" lon="24.7361350">
    <ele>2512.4</ele>
   </trkpt>
   <trkpt lat="45.5996010" lon="24.7361360">
    <ele>2512.4</ele>
   </trkpt>
   <trkpt lat="45.5996030" lon="24.7361370">
    <ele>2512.4</ele>
   </trkpt>
   <trkpt lat="45.5996040" lon="24.7361370">
    <ele>2512.4</ele>
   </trkpt>
   <trkpt lat="45.5996060" lon="24.7361380">
    <ele>2512.4</ele>
   </trkpt>
   <trkpt lat="45.5996300" lon="24.7361250">
    <ele>2512.4</ele>
   </trkpt>
   <trkpt lat="45.5996340" lon="24.7361160">
    <ele>2512.4</ele>
   </trkpt>
   <trkpt lat="45.5996340" lon="24.7361160">
    <ele>2512.4</ele>
   </trkpt>
   <trkpt lat="45.5996340" lon="24.7361100">
    <ele>2512.4</ele>
   </trkpt>
   <trkpt lat="45.5996340" lon="24.7361090">
    <ele>2512.4</ele>
   </trkpt>
   <trkpt lat="45.5996340" lon="24.7361090">
    <ele>2512.4</ele>
   </trkpt>
   <trkpt lat="45.5996330" lon="24.7361080">
    <ele>2512.4</ele>
   </trkpt>
   <trkpt lat="45.5996330" lon="24.7361080">
    <ele>2512.4</ele>
   </trkpt>
   <trkpt lat="45.5996290" lon="24.7361080">
    <ele>2512.4</ele>
   </trkpt>
   <trkpt lat="45.5996290" lon="24.7361080">
    <ele>2512.4</ele>
   </trkpt>
   <trkpt lat="45.5996290" lon="24.7361090">
    <ele>2512.4</ele>
   </trkpt>
   <trkpt lat="45.5996290" lon="24.7361090">
    <ele>2512.4</ele>
   </trkpt>
   <trkpt lat="45.5996290" lon="24.7361090">
    <ele>2512.4</ele>
   </trkpt>
   <trkpt lat="45.5996290" lon="24.7361100">
    <ele>2512.4</ele>
   </trkpt>
   <trkpt lat="45.5996290" lon="24.7361100">
    <ele>2512.4</ele>
   </trkpt>
   <trkpt lat="45.5996290" lon="24.7361110">
    <ele>2512.4</ele>
   </trkpt>
   <trkpt lat="45.5996290" lon="24.7361110">
    <ele>2512.4</ele>
   </trkpt>
   <trkpt lat="45.5996290" lon="24.7361110">
    <ele>2512.4</ele>
   </trkpt>
   <trkpt lat="45.5996290" lon="24.7361110">
    <ele>2512.4</ele>
   </trkpt>
   <trkpt lat="45.5996290" lon="24.7361120">
    <ele>2512.4</ele>
   </trkpt>
   <trkpt lat="45.5996290" lon="24.7361120">
    <ele>2512.4</ele>
   </trkpt>
   <trkpt lat="45.5996290" lon="24.7361120">
    <ele>2512.4</ele>
   </trkpt>
   <trkpt lat="45.5996280" lon="24.7361130">
    <ele>2512.4</ele>
   </trkpt>
   <trkpt lat="45.5996280" lon="24.7361130">
    <ele>2512.4</ele>
   </trkpt>
   <trkpt lat="45.5996280" lon="24.7361140">
    <ele>2512.4</ele>
   </trkpt>
   <trkpt lat="45.5996280" lon="24.7361140">
    <ele>2512.4</ele>
   </trkpt>
   <trkpt lat="45.5996270" lon="24.7361140">
    <ele>2512.4</ele>
   </trkpt>
   <trkpt lat="45.5996260" lon="24.7361150">
    <ele>2512.4</ele>
   </trkpt>
   <trkpt lat="45.5996240" lon="24.7361160">
    <ele>2512.4</ele>
   </trkpt>
   <trkpt lat="45.5996240" lon="24.7361160">
    <ele>2512.4</ele>
   </trkpt>
   <trkpt lat="45.5996240" lon="24.7361160">
    <ele>2512.4</ele>
   </trkpt>
   <trkpt lat="45.5996230" lon="24.7361170">
    <ele>2512.4</ele>
   </trkpt>
   <trkpt lat="45.5996220" lon="24.7361170">
    <ele>2512.4</ele>
   </trkpt>
   <trkpt lat="45.5996210" lon="24.7361180">
    <ele>2512.4</ele>
   </trkpt>
   <trkpt lat="45.5996200" lon="24.7361190">
    <ele>2512.4</ele>
   </trkpt>
   <trkpt lat="45.5996160" lon="24.7361210">
    <ele>2512.4</ele>
   </trkpt>
   <trkpt lat="45.5996160" lon="24.7361210">
    <ele>2512.4</ele>
   </trkpt>
   <trkpt lat="45.5996150" lon="24.7361210">
    <ele>2512.4</ele>
   </trkpt>
   <trkpt lat="45.5996130" lon="24.7361220">
    <ele>2512.4</ele>
   </trkpt>
   <trkpt lat="45.5996130" lon="24.7361220">
    <ele>2512.4</ele>
   </trkpt>
   <trkpt lat="45.5996110" lon="24.7361240">
    <ele>2512.4</ele>
   </trkpt>
   <trkpt lat="45.5996100" lon="24.7361240">
    <ele>2512.4</ele>
   </trkpt>
   <trkpt lat="45.5996090" lon="24.7361260">
    <ele>2512.4</ele>
   </trkpt>
   <trkpt lat="45.5996070" lon="24.7361280">
    <ele>2512.4</ele>
   </trkpt>
   <trkpt lat="45.5996050" lon="24.7361290">
    <ele>2512.4</ele>
   </trkpt>
   <trkpt lat="45.5996040" lon="24.7361290">
    <ele>2512.4</ele>
   </trkpt>
   <trkpt lat="45.5996020" lon="24.7361300">
    <ele>2512.4</ele>
   </trkpt>
   <trkpt lat="45.5996020" lon="24.7361300">
    <ele>2512.4</ele>
   </trkpt>
   <trkpt lat="45.5996010" lon="24.7361310">
    <ele>2512.4</ele>
   </trkpt>
   <trkpt lat="45.5996000" lon="24.7361310">
    <ele>2512.4</ele>
   </trkpt>
   <trkpt lat="45.5995990" lon="24.7361320">
    <ele>2512.4</ele>
   </trkpt>
   <trkpt lat="45.5995990" lon="24.7361320">
    <ele>2512.4</ele>
   </trkpt>
   <trkpt lat="45.5995970" lon="24.7361330">
    <ele>2512.4</ele>
   </trkpt>
   <trkpt lat="45.5995920" lon="24.7361360">
    <ele>2512.4</ele>
   </trkpt>
   <trkpt lat="45.5995910" lon="24.7361370">
    <ele>2512.4</ele>
   </trkpt>
   <trkpt lat="45.5995900" lon="24.7361370">
    <ele>2512.4</ele>
   </trkpt>
   <trkpt lat="45.5995900" lon="24.7361370">
    <ele>2512.4</ele>
   </trkpt>
   <trkpt lat="45.5995900" lon="24.7361370">
    <ele>2512.4</ele>
   </trkpt>
   <trkpt lat="45.5995890" lon="24.7361380">
    <ele>2512.4</ele>
   </trkpt>
   <trkpt lat="45.5995890" lon="24.7361380">
    <ele>2512.4</ele>
   </trkpt>
   <trkpt lat="45.5995890" lon="24.7361380">
    <ele>2512.4</ele>
   </trkpt>
   <trkpt lat="45.5995880" lon="24.7361380">
    <ele>2512.4</ele>
   </trkpt>
   <trkpt lat="45.5995870" lon="24.7361380">
    <ele>2512.4</ele>
   </trkpt>
   <trkpt lat="45.5995870" lon="24.7361380">
    <ele>2512.4</ele>
   </trkpt>
   <trkpt lat="45.5995870" lon="24.7361380">
    <ele>2512.4</ele>
   </trkpt>
   <trkpt lat="45.5995860" lon="24.7361380">
    <ele>2512.4</ele>
   </trkpt>
   <trkpt lat="45.5995850" lon="24.7361380">
    <ele>2512.4</ele>
   </trkpt>
   <trkpt lat="45.5995850" lon="24.7361380">
    <ele>2512.4</ele>
   </trkpt>
   <trkpt lat="45.5995830" lon="24.7361390">
    <ele>2512.4</ele>
   </trkpt>
   <trkpt lat="45.5995830" lon="24.7361390">
    <ele>2512.4</ele>
   </trkpt>
   <trkpt lat="45.5995820" lon="24.7361390">
    <ele>2512.4</ele>
   </trkpt>
   <trkpt lat="45.5995820" lon="24.7361390">
    <ele>2512.4</ele>
   </trkpt>
   <trkpt lat="45.5995820" lon="24.7361390">
    <ele>2512.4</ele>
   </trkpt>
   <trkpt lat="45.5995820" lon="24.7361390">
    <ele>2512.4</ele>
   </trkpt>
   <trkpt lat="45.5995810" lon="24.7361390">
    <ele>2512.4</ele>
   </trkpt>
   <trkpt lat="45.5995810" lon="24.7361390">
    <ele>2512.4</ele>
   </trkpt>
   <trkpt lat="45.5995810" lon="24.7361390">
    <ele>2512.4</ele>
   </trkpt>
   <trkpt lat="45.5995980" lon="24.7361260">
    <ele>2512.4</ele>
   </trkpt>
   <trkpt lat="45.5996020" lon="24.7361200">
    <ele>2512.4</ele>
   </trkpt>
   <trkpt lat="45.5996070" lon="24.7361090">
    <ele>2512.4</ele>
   </trkpt>
   <trkpt lat="45.5996250" lon="24.7361030">
    <ele>2512.4</ele>
   </trkpt>
   <trkpt lat="45.5996780" lon="24.7360910">
    <ele>2512.4</ele>
   </trkpt>
   <trkpt lat="45.5996820" lon="24.7360900">
    <ele>2512.4</ele>
   </trkpt>
   <trkpt lat="45.5997120" lon="24.7360860">
    <ele>2512.4</ele>
   </trkpt>
   <trkpt lat="45.5997230" lon="24.7360910">
    <ele>2512.4</ele>
   </trkpt>
   <trkpt lat="45.5997220" lon="24.7360940">
    <ele>2512.4</ele>
   </trkpt>
   <trkpt lat="45.5997270" lon="24.7361000">
    <ele>2512.4</ele>
   </trkpt>
   <trkpt lat="45.5997270" lon="24.7361000">
    <ele>2512.4</ele>
   </trkpt>
   <trkpt lat="45.5997270" lon="24.7361000">
    <ele>2512.4</ele>
   </trkpt>
   <trkpt lat="45.5997270" lon="24.7361000">
    <ele>2512.4</ele>
   </trkpt>
   <trkpt lat="45.5997270" lon="24.7360990">
    <ele>2512.4</ele>
   </trkpt>
   <trkpt lat="45.5997290" lon="24.7360990">
    <ele>2512.4</ele>
   </trkpt>
   <trkpt lat="45.5997480" lon="24.7361030">
    <ele>2512.4</ele>
   </trkpt>
   <trkpt lat="45.5997490" lon="24.7361030">
    <ele>2512.4</ele>
   </trkpt>
   <trkpt lat="45.5997570" lon="24.7360940">
    <ele>2512.4</ele>
   </trkpt>
   <trkpt lat="45.5998210" lon="24.7360810">
    <ele>2512.4</ele>
   </trkpt>
   <trkpt lat="45.5998330" lon="24.7360770">
    <ele>2512.4</ele>
   </trkpt>
   <trkpt lat="45.5998340" lon="24.7360770">
    <ele>2512.4</ele>
   </trkpt>
   <trkpt lat="45.5998430" lon="24.7360730">
    <ele>2512.4</ele>
   </trkpt>
   <trkpt lat="45.5998450" lon="24.7360710">
    <ele>2512.4</ele>
   </trkpt>
   <trkpt lat="45.5998760" lon="24.7360410">
    <ele>2512.4</ele>
   </trkpt>
   <trkpt lat="45.5998990" lon="24.7360320">
    <ele>2512.4</ele>
   </trkpt>
   <trkpt lat="45.5999270" lon="24.7360150">
    <ele>2512.4</ele>
   </trkpt>
   <trkpt lat="45.5999300" lon="24.7360120">
    <ele>2503.8</ele>
   </trkpt>
   <trkpt lat="45.5999570" lon="24.7359940">
    <ele>2503.2</ele>
   </trkpt>
   <trkpt lat="45.6000090" lon="24.7359840">
    <ele>2502.4</ele>
   </trkpt>
   <trkpt lat="45.6000390" lon="24.7359890">
    <ele>2502.2</ele>
   </trkpt>
   <trkpt lat="45.6000630" lon="24.7360010">
    <ele>2502.2</ele>
   </trkpt>
   <trkpt lat="45.6001150" lon="24.7360000">
    <ele>2503.2</ele>
   </trkpt>
   <trkpt lat="45.6001200" lon="24.7360080">
    <ele>2504.0</ele>
   </trkpt>
   <trkpt lat="45.6001210" lon="24.7360150">
    <ele>2504.2</ele>
   </trkpt>
   <trkpt lat="45.6001220" lon="24.7360240">
    <ele>2504.2</ele>
   </trkpt>
   <trkpt lat="45.6001180" lon="24.7360310">
    <ele>2504.2</ele>
   </trkpt>
   <trkpt lat="45.6001160" lon="24.7360380">
    <ele>2504.4</ele>
   </trkpt>
   <trkpt lat="45.6001180" lon="24.7360340">
    <ele>2504.2</ele>
   </trkpt>
   <trkpt lat="45.6001180" lon="24.7360340">
    <ele>2504.2</ele>
   </trkpt>
   <trkpt lat="45.6001180" lon="24.7360340">
    <ele>2504.4</ele>
   </trkpt>
   <trkpt lat="45.6001180" lon="24.7360340">
    <ele>2504.4</ele>
   </trkpt>
   <trkpt lat="45.6001180" lon="24.7360340">
    <ele>2504.8</ele>
   </trkpt>
   <trkpt lat="45.6001180" lon="24.7360310">
    <ele>2504.8</ele>
   </trkpt>
   <trkpt lat="45.6001200" lon="24.7360240">
    <ele>2505.2</ele>
   </trkpt>
   <trkpt lat="45.6001890" lon="24.7359880">
    <ele>2506.4</ele>
   </trkpt>
   <trkpt lat="45.6002280" lon="24.7359870">
    <ele>2507.4</ele>
   </trkpt>
   <trkpt lat="45.6002300" lon="24.7359890">
    <ele>2507.4</ele>
   </trkpt>
   <trkpt lat="45.6002280" lon="24.7359880">
    <ele>2507.2</ele>
   </trkpt>
   <trkpt lat="45.6002270" lon="24.7359880">
    <ele>2507.0</ele>
   </trkpt>
   <trkpt lat="45.6002270" lon="24.7359880">
    <ele>2507.8</ele>
   </trkpt>
   <trkpt lat="45.6002290" lon="24.7359880">
    <ele>2507.6</ele>
   </trkpt>
   <trkpt lat="45.6002330" lon="24.7359910">
    <ele>2507.4</ele>
   </trkpt>
   <trkpt lat="45.6002340" lon="24.7359920">
    <ele>2507.2</ele>
   </trkpt>
   <trkpt lat="45.6002340" lon="24.7359930">
    <ele>2507.4</ele>
   </trkpt>
   <trkpt lat="45.6002250" lon="24.7359960">
    <ele>2506.8</ele>
   </trkpt>
   <trkpt lat="45.6002250" lon="24.7359960">
    <ele>2506.8</ele>
   </trkpt>
   <trkpt lat="45.6002250" lon="24.7359960">
    <ele>2506.8</ele>
   </trkpt>
   <trkpt lat="45.6002260" lon="24.7359950">
    <ele>2506.8</ele>
   </trkpt>
   <trkpt lat="45.6002260" lon="24.7359940">
    <ele>2506.8</ele>
   </trkpt>
   <trkpt lat="45.6002260" lon="24.7359940">
    <ele>2506.8</ele>
   </trkpt>
   <trkpt lat="45.6002260" lon="24.7359940">
    <ele>2506.8</ele>
   </trkpt>
   <trkpt lat="45.6002260" lon="24.7359940">
    <ele>2506.8</ele>
   </trkpt>
   <trkpt lat="45.6002260" lon="24.7359950">
    <ele>2506.8</ele>
   </trkpt>
   <trkpt lat="45.6002260" lon="24.7359950">
    <ele>2506.8</ele>
   </trkpt>
   <trkpt lat="45.6002260" lon="24.7359950">
    <ele>2506.8</ele>
   </trkpt>
   <trkpt lat="45.6002260" lon="24.7359960">
    <ele>2506.8</ele>
   </trkpt>
   <trkpt lat="45.6002260" lon="24.7359970">
    <ele>2506.8</ele>
   </trkpt>
   <trkpt lat="45.6002370" lon="24.7359960">
    <ele>2506.8</ele>
   </trkpt>
   <trkpt lat="45.6002370" lon="24.7359960">
    <ele>2506.8</ele>
   </trkpt>
   <trkpt lat="45.6002370" lon="24.7359960">
    <ele>2506.8</ele>
   </trkpt>
   <trkpt lat="45.6002370" lon="24.7359960">
    <ele>2506.8</ele>
   </trkpt>
   <trkpt lat="45.6002370" lon="24.7359960">
    <ele>2506.8</ele>
   </trkpt>
   <trkpt lat="45.6002370" lon="24.7359960">
    <ele>2506.8</ele>
   </trkpt>
   <trkpt lat="45.6002370" lon="24.7359950">
    <ele>2506.8</ele>
   </trkpt>
   <trkpt lat="45.6002370" lon="24.7359950">
    <ele>2506.8</ele>
   </trkpt>
   <trkpt lat="45.6002370" lon="24.7359950">
    <ele>2506.8</ele>
   </trkpt>
   <trkpt lat="45.6002370" lon="24.7359960">
    <ele>2506.8</ele>
   </trkpt>
   <trkpt lat="45.6002370" lon="24.7359960">
    <ele>2506.8</ele>
   </trkpt>
   <trkpt lat="45.6002370" lon="24.7359960">
    <ele>2506.8</ele>
   </trkpt>
   <trkpt lat="45.6002370" lon="24.7359960">
    <ele>2506.8</ele>
   </trkpt>
   <trkpt lat="45.6002380" lon="24.7359960">
    <ele>2506.8</ele>
   </trkpt>
   <trkpt lat="45.6002380" lon="24.7359950">
    <ele>2506.8</ele>
   </trkpt>
   <trkpt lat="45.6002380" lon="24.7359950">
    <ele>2506.8</ele>
   </trkpt>
   <trkpt lat="45.6002380" lon="24.7359950">
    <ele>2506.8</ele>
   </trkpt>
   <trkpt lat="45.6002380" lon="24.7359950">
    <ele>2506.8</ele>
   </trkpt>
   <trkpt lat="45.6002380" lon="24.7359950">
    <ele>2506.8</ele>
   </trkpt>
   <trkpt lat="45.6002380" lon="24.7359950">
    <ele>2506.8</ele>
   </trkpt>
   <trkpt lat="45.6002380" lon="24.7359950">
    <ele>2506.8</ele>
   </trkpt>
   <trkpt lat="45.6002380" lon="24.7359950">
    <ele>2506.8</ele>
   </trkpt>
   <trkpt lat="45.6002380" lon="24.7359950">
    <ele>2506.8</ele>
   </trkpt>
   <trkpt lat="45.6002380" lon="24.7359950">
    <ele>2506.8</ele>
   </trkpt>
   <trkpt lat="45.6002380" lon="24.7359950">
    <ele>2506.8</ele>
   </trkpt>
   <trkpt lat="45.6002380" lon="24.7359950">
    <ele>2506.8</ele>
   </trkpt>
   <trkpt lat="45.6002380" lon="24.7359950">
    <ele>2506.8</ele>
   </trkpt>
   <trkpt lat="45.6002380" lon="24.7359950">
    <ele>2506.8</ele>
   </trkpt>
   <trkpt lat="45.6002380" lon="24.7359940">
    <ele>2506.8</ele>
   </trkpt>
   <trkpt lat="45.6002380" lon="24.7359940">
    <ele>2506.8</ele>
   </trkpt>
   <trkpt lat="45.6002380" lon="24.7359940">
    <ele>2506.8</ele>
   </trkpt>
   <trkpt lat="45.6002370" lon="24.7359930">
    <ele>2506.8</ele>
   </trkpt>
   <trkpt lat="45.6002370" lon="24.7359930">
    <ele>2506.8</ele>
   </trkpt>
   <trkpt lat="45.6002370" lon="24.7359930">
    <ele>2506.8</ele>
   </trkpt>
   <trkpt lat="45.6002370" lon="24.7359930">
    <ele>2506.8</ele>
   </trkpt>
   <trkpt lat="45.6002370" lon="24.7359930">
    <ele>2506.8</ele>
   </trkpt>
   <trkpt lat="45.6002370" lon="24.7359930">
    <ele>2506.8</ele>
   </trkpt>
   <trkpt lat="45.6002360" lon="24.7359920">
    <ele>2506.8</ele>
   </trkpt>
   <trkpt lat="45.6002360" lon="24.7359910">
    <ele>2506.8</ele>
   </trkpt>
   <trkpt lat="45.6002360" lon="24.7359910">
    <ele>2506.8</ele>
   </trkpt>
   <trkpt lat="45.6002360" lon="24.7359910">
    <ele>2506.8</ele>
   </trkpt>
   <trkpt lat="45.6002350" lon="24.7359900">
    <ele>2506.8</ele>
   </trkpt>
   <trkpt lat="45.6002350" lon="24.7359900">
    <ele>2506.8</ele>
   </trkpt>
   <trkpt lat="45.6002350" lon="24.7359900">
    <ele>2506.8</ele>
   </trkpt>
   <trkpt lat="45.6002340" lon="24.7359890">
    <ele>2506.8</ele>
   </trkpt>
   <trkpt lat="45.6002340" lon="24.7359890">
    <ele>2506.8</ele>
   </trkpt>
   <trkpt lat="45.6002340" lon="24.7359890">
    <ele>2506.8</ele>
   </trkpt>
   <trkpt lat="45.6002340" lon="24.7359890">
    <ele>2506.8</ele>
   </trkpt>
   <trkpt lat="45.6002340" lon="24.7359890">
    <ele>2506.8</ele>
   </trkpt>
   <trkpt lat="45.6002340" lon="24.7359890">
    <ele>2506.8</ele>
   </trkpt>
   <trkpt lat="45.6002340" lon="24.7359890">
    <ele>2506.8</ele>
   </trkpt>
   <trkpt lat="45.6002150" lon="24.7359680">
    <ele>2506.8</ele>
   </trkpt>
   <trkpt lat="45.6002200" lon="24.7359050">
    <ele>2506.8</ele>
   </trkpt>
   <trkpt lat="45.6002680" lon="24.7358890">
    <ele>2506.8</ele>
   </trkpt>
   <trkpt lat="45.6002670" lon="24.7358900">
    <ele>2506.8</ele>
   </trkpt>
   <trkpt lat="45.6002750" lon="24.7358870">
    <ele>2506.8</ele>
   </trkpt>
   <trkpt lat="45.6002800" lon="24.7358860">
    <ele>2506.8</ele>
   </trkpt>
   <trkpt lat="45.6002770" lon="24.7358860">
    <ele>2506.8</ele>
   </trkpt>
   <trkpt lat="45.6002770" lon="24.7358860">
    <ele>2506.8</ele>
   </trkpt>
   <trkpt lat="45.6002770" lon="24.7358860">
    <ele>2506.8</ele>
   </trkpt>
   <trkpt lat="45.6002800" lon="24.7358860">
    <ele>2506.8</ele>
   </trkpt>
   <trkpt lat="45.6002820" lon="24.7358850">
    <ele>2506.8</ele>
   </trkpt>
   <trkpt lat="45.6003630" lon="24.7358400">
    <ele>2506.8</ele>
   </trkpt>
   <trkpt lat="45.6004430" lon="24.7358110">
    <ele>2507.0</ele>
   </trkpt>
   <trkpt lat="45.6004450" lon="24.7358160">
    <ele>2507.0</ele>
   </trkpt>
   <trkpt lat="45.6004570" lon="24.7358200">
    <ele>2507.0</ele>
   </trkpt>
   <trkpt lat="45.6004850" lon="24.7358110">
    <ele>2507.0</ele>
   </trkpt>
   <trkpt lat="45.6005200" lon="24.7358220">
    <ele>2506.8</ele>
   </trkpt>
   <trkpt lat="45.6005250" lon="24.7358210">
    <ele>2506.8</ele>
   </trkpt>
   <trkpt lat="45.6005400" lon="24.7358330">
    <ele>2507.0</ele>
   </trkpt>
   <trkpt lat="45.6005400" lon="24.7358330">
    <ele>2507.2</ele>
   </trkpt>
   <trkpt lat="45.6005400" lon="24.7358330">
    <ele>2506.4</ele>
   </trkpt>
   <trkpt lat="45.6005400" lon="24.7358330">
    <ele>2506.0</ele>
   </trkpt>
   <trkpt lat="45.6005400" lon="24.7358330">
    <ele>2506.0</ele>
   </trkpt>
   <trkpt lat="45.6005410" lon="24.7358360">
    <ele>2506.0</ele>
   </trkpt>
   <trkpt lat="45.6005530" lon="24.7358460">
    <ele>2505.8</ele>
   </trkpt>
   <trkpt lat="45.6005530" lon="24.7358460">
    <ele>2505.4</ele>
   </trkpt>
   <trkpt lat="45.6005570" lon="24.7358420">
    <ele>2504.4</ele>
   </trkpt>
   <trkpt lat="45.6005740" lon="24.7358420">
    <ele>2503.6</ele>
   </trkpt>
   <trkpt lat="45.6005830" lon="24.7358420">
    <ele>2503.4</ele>
   </trkpt>
   <trkpt lat="45.6005960" lon="24.7358450">
    <ele>2502.2</ele>
   </trkpt>
   <trkpt lat="45.6006000" lon="24.7358450">
    <ele>2502.0</ele>
   </trkpt>
   <trkpt lat="45.6006020" lon="24.7358450">
    <ele>2501.8</ele>
   </trkpt>
   <trkpt lat="45.6006050" lon="24.7358450">
    <ele>2502.0</ele>
   </trkpt>
   <trkpt lat="45.6006150" lon="24.7358400">
    <ele>2501.8</ele>
   </trkpt>
   <trkpt lat="45.6006300" lon="24.7358380">
    <ele>2501.8</ele>
   </trkpt>
   <trkpt lat="45.6006430" lon="24.7358340">
    <ele>2501.2</ele>
   </trkpt>
   <trkpt lat="45.6006590" lon="24.7358220">
    <ele>2500.6</ele>
   </trkpt>
   <trkpt lat="45.6006790" lon="24.7358020">
    <ele>2500.8</ele>
   </trkpt>
   <trkpt lat="45.6006800" lon="24.7358010">
    <ele>2500.6</ele>
   </trkpt>
   <trkpt lat="45.6006830" lon="24.7357990">
    <ele>2500.6</ele>
   </trkpt>
   <trkpt lat="45.6006850" lon="24.7357970">
    <ele>2499.8</ele>
   </trkpt>
   <trkpt lat="45.6006910" lon="24.7357930">
    <ele>2498.8</ele>
   </trkpt>
   <trkpt lat="45.6007460" lon="24.7357070">
    <ele>2498.4</ele>
   </trkpt>
   <trkpt lat="45.6007840" lon="24.7356440">
    <ele>2498.4</ele>
   </trkpt>
   <trkpt lat="45.6007970" lon="24.7356260">
    <ele>2498.6</ele>
   </trkpt>
   <trkpt lat="45.6008060" lon="24.7356210">
    <ele>2499.2</ele>
   </trkpt>
   <trkpt lat="45.6008140" lon="24.7356140">
    <ele>2499.6</ele>
   </trkpt>
   <trkpt lat="45.6008260" lon="24.7356140">
    <ele>2500.4</ele>
   </trkpt>
   <trkpt lat="45.6008480" lon="24.7356140">
    <ele>2500.6</ele>
   </trkpt>
   <trkpt lat="45.6008540" lon="24.7356180">
    <ele>2500.4</ele>
   </trkpt>
   <trkpt lat="45.6008580" lon="24.7356220">
    <ele>2500.6</ele>
   </trkpt>
   <trkpt lat="45.6008640" lon="24.7356340">
    <ele>2500.8</ele>
   </trkpt>
   <trkpt lat="45.6008740" lon="24.7356330">
    <ele>2500.8</ele>
   </trkpt>
   <trkpt lat="45.6008800" lon="24.7356330">
    <ele>2499.8</ele>
   </trkpt>
   <trkpt lat="45.6008800" lon="24.7356330">
    <ele>2499.8</ele>
   </trkpt>
   <trkpt lat="45.6008950" lon="24.7356350">
    <ele>2499.8</ele>
   </trkpt>
   <trkpt lat="45.6008960" lon="24.7356340">
    <ele>2499.4</ele>
   </trkpt>
   <trkpt lat="45.6008960" lon="24.7356340">
    <ele>2499.2</ele>
   </trkpt>
   <trkpt lat="45.6008960" lon="24.7356330">
    <ele>2499.2</ele>
   </trkpt>
   <trkpt lat="45.6009000" lon="24.7356330">
    <ele>2498.4</ele>
   </trkpt>
   <trkpt lat="45.6009010" lon="24.7356330">
    <ele>2498.2</ele>
   </trkpt>
   <trkpt lat="45.6009220" lon="24.7356290">
    <ele>2498.0</ele>
   </trkpt>
   <trkpt lat="45.6009530" lon="24.7356280">
    <ele>2497.4</ele>
   </trkpt>
   <trkpt lat="45.6009570" lon="24.7356270">
    <ele>2497.0</ele>
   </trkpt>
   <trkpt lat="45.6009620" lon="24.7356220">
    <ele>2497.0</ele>
   </trkpt>
   <trkpt lat="45.6009820" lon="24.7356130">
    <ele>2496.6</ele>
   </trkpt>
   <trkpt lat="45.6009980" lon="24.7356090">
    <ele>2496.0</ele>
   </trkpt>
   <trkpt lat="45.6010320" lon="24.7355930">
    <ele>2495.6</ele>
   </trkpt>
   <trkpt lat="45.6011150" lon="24.7355530">
    <ele>2495.0</ele>
   </trkpt>
   <trkpt lat="45.6011550" lon="24.7355570">
    <ele>2495.0</ele>
   </trkpt>
   <trkpt lat="45.6011670" lon="24.7355600">
    <ele>2494.8</ele>
   </trkpt>
   <trkpt lat="45.6011740" lon="24.7355600">
    <ele>2494.8</ele>
   </trkpt>
   <trkpt lat="45.6011770" lon="24.7355590">
    <ele>2494.8</ele>
   </trkpt>
   <trkpt lat="45.6011850" lon="24.7355610">
    <ele>2494.8</ele>
   </trkpt>
   <trkpt lat="45.6011810" lon="24.7355620">
    <ele>2494.8</ele>
   </trkpt>
   <trkpt lat="45.6011830" lon="24.7355550">
    <ele>2494.6</ele>
   </trkpt>
   <trkpt lat="45.6011830" lon="24.7355550">
    <ele>2495.2</ele>
   </trkpt>
   <trkpt lat="45.6011830" lon="24.7355550">
    <ele>2495.2</ele>
   </trkpt>
   <trkpt lat="45.6012160" lon="24.7355580">
    <ele>2494.6</ele>
   </trkpt>
   <trkpt lat="45.6012180" lon="24.7355590">
    <ele>2494.6</ele>
   </trkpt>
   <trkpt lat="45.6012180" lon="24.7355590">
    <ele>2494.8</ele>
   </trkpt>
   <trkpt lat="45.6012170" lon="24.7355680">
    <ele>2493.6</ele>
   </trkpt>
   <trkpt lat="45.6012230" lon="24.7355590">
    <ele>2492.2</ele>
   </trkpt>
   <trkpt lat="45.6012400" lon="24.7355420">
    <ele>2491.8</ele>
   </trkpt>
   <trkpt lat="45.6012440" lon="24.7355390">
    <ele>2491.8</ele>
   </trkpt>
   <trkpt lat="45.6012480" lon="24.7355310">
    <ele>2491.6</ele>
   </trkpt>
   <trkpt lat="45.6012640" lon="24.7355360">
    <ele>2491.0</ele>
   </trkpt>
   <trkpt lat="45.6012640" lon="24.7355380">
    <ele>2491.0</ele>
   </trkpt>
   <trkpt lat="45.6012640" lon="24.7355380">
    <ele>2490.8</ele>
   </trkpt>
   <trkpt lat="45.6013110" lon="24.7355550">
    <ele>2490.2</ele>
   </trkpt>
   <trkpt lat="45.6013210" lon="24.7355590">
    <ele>2489.8</ele>
   </trkpt>
   <trkpt lat="45.6013410" lon="24.7355690">
    <ele>2489.6</ele>
   </trkpt>
   <trkpt lat="45.6013420" lon="24.7355700">
    <ele>2489.6</ele>
   </trkpt>
   <trkpt lat="45.6013460" lon="24.7355730">
    <ele>2489.4</ele>
   </trkpt>
   <trkpt lat="45.6013470" lon="24.7355730">
    <ele>2489.4</ele>
   </trkpt>
   <trkpt lat="45.6013510" lon="24.7355710">
    <ele>2489.0</ele>
   </trkpt>
   <trkpt lat="45.6013510" lon="24.7355710">
    <ele>2489.0</ele>
   </trkpt>
   <trkpt lat="45.6013850" lon="24.7355980">
    <ele>2488.8</ele>
   </trkpt>
   <trkpt lat="45.6013910" lon="24.7355980">
    <ele>2489.2</ele>
   </trkpt>
   <trkpt lat="45.6013920" lon="24.7355980">
    <ele>2490.0</ele>
   </trkpt>
   <trkpt lat="45.6014040" lon="24.7356000">
    <ele>2490.6</ele>
   </trkpt>
   <trkpt lat="45.6014390" lon="24.7356010">
    <ele>2490.2</ele>
   </trkpt>
   <trkpt lat="45.6014480" lon="24.7356010">
    <ele>2490.2</ele>
   </trkpt>
   <trkpt lat="45.6014880" lon="24.7356010">
    <ele>2490.2</ele>
   </trkpt>
   <trkpt lat="45.6015190" lon="24.7356330">
    <ele>2490.6</ele>
   </trkpt>
   <trkpt lat="45.6015210" lon="24.7356380">
    <ele>2490.8</ele>
   </trkpt>
   <trkpt lat="45.6015230" lon="24.7356420">
    <ele>2491.2</ele>
   </trkpt>
   <trkpt lat="45.6015230" lon="24.7356450">
    <ele>2491.2</ele>
   </trkpt>
   <trkpt lat="45.6015200" lon="24.7356470">
    <ele>2491.2</ele>
   </trkpt>
   <trkpt lat="45.6015150" lon="24.7356390">
    <ele>2491.2</ele>
   </trkpt>
   <trkpt lat="45.6015170" lon="24.7356470">
    <ele>2491.2</ele>
   </trkpt>
   <trkpt lat="45.6015230" lon="24.7356590">
    <ele>2492.4</ele>
   </trkpt>
   <trkpt lat="45.6015230" lon="24.7356590">
    <ele>2492.4</ele>
   </trkpt>
   <trkpt lat="45.6015230" lon="24.7356590">
    <ele>2492.6</ele>
   </trkpt>
   <trkpt lat="45.6015210" lon="24.7356590">
    <ele>2492.8</ele>
   </trkpt>
   <trkpt lat="45.6015210" lon="24.7356590">
    <ele>2493.6</ele>
   </trkpt>
   <trkpt lat="45.6015190" lon="24.7356630">
    <ele>2493.8</ele>
   </trkpt>
   <trkpt lat="45.6015090" lon="24.7356910">
    <ele>2494.0</ele>
   </trkpt>
   <trkpt lat="45.6015130" lon="24.7357090">
    <ele>2492.8</ele>
   </trkpt>
   <trkpt lat="45.6015130" lon="24.7357170">
    <ele>2492.6</ele>
   </trkpt>
   <trkpt lat="45.6015140" lon="24.7357240">
    <ele>2491.4</ele>
   </trkpt>
   <trkpt lat="45.6015160" lon="24.7357270">
    <ele>2490.0</ele>
   </trkpt>
   <trkpt lat="45.6015190" lon="24.7357290">
    <ele>2489.0</ele>
   </trkpt>
   <trkpt lat="45.6015250" lon="24.7357370">
    <ele>2488.2</ele>
   </trkpt>
   <trkpt lat="45.6015440" lon="24.7357660">
    <ele>2488.0</ele>
   </trkpt>
   <trkpt lat="45.6015770" lon="24.7357840">
    <ele>2486.8</ele>
   </trkpt>
   <trkpt lat="45.6016020" lon="24.7357880">
    <ele>2486.4</ele>
   </trkpt>
   <trkpt lat="45.6016070" lon="24.7357900">
    <ele>2485.4</ele>
   </trkpt>
   <trkpt lat="45.6016160" lon="24.7357980">
    <ele>2484.4</ele>
   </trkpt>
   <trkpt lat="45.6016260" lon="24.7358000">
    <ele>2484.2</ele>
   </trkpt>
   <trkpt lat="45.6016270" lon="24.7358010">
    <ele>2483.6</ele>
   </trkpt>
   <trkpt lat="45.6016290" lon="24.7358020">
    <ele>2483.4</ele>
   </trkpt>
   <trkpt lat="45.6016310" lon="24.7358040">
    <ele>2482.2</ele>
   </trkpt>
   <trkpt lat="45.6016320" lon="24.7358050">
    <ele>2481.4</ele>
   </trkpt>
   <trkpt lat="45.6016320" lon="24.7358050">
    <ele>2481.4</ele>
   </trkpt>
   <trkpt lat="45.6016330" lon="24.7358050">
    <ele>2480.8</ele>
   </trkpt>
   <trkpt lat="45.6016330" lon="24.7358060">
    <ele>2480.4</ele>
   </trkpt>
   <trkpt lat="45.6016790" lon="24.7358440">
    <ele>2480.6</ele>
   </trkpt>
   <trkpt lat="45.6017290" lon="24.7358730">
    <ele>2481.6</ele>
   </trkpt>
   <trkpt lat="45.6017290" lon="24.7358730">
    <ele>2481.6</ele>
   </trkpt>
   <trkpt lat="45.6017290" lon="24.7358730">
    <ele>2481.6</ele>
   </trkpt>
   <trkpt lat="45.6017290" lon="24.7358730">
    <ele>2481.6</ele>
   </trkpt>
   <trkpt lat="45.6017300" lon="24.7358570">
    <ele>2480.8</ele>
   </trkpt>
   <trkpt lat="45.6017340" lon="24.7358420">
    <ele>2480.4</ele>
   </trkpt>
   <trkpt lat="45.6017440" lon="24.7358340">
    <ele>2479.8</ele>
   </trkpt>
   <trkpt lat="45.6017520" lon="24.7358340">
    <ele>2479.8</ele>
   </trkpt>
   <trkpt lat="45.6017570" lon="24.7358340">
    <ele>2480.4</ele>
   </trkpt>
   <trkpt lat="45.6017650" lon="24.7358350">
    <ele>2481.0</ele>
   </trkpt>
   <trkpt lat="45.6017690" lon="24.7358360">
    <ele>2481.4</ele>
   </trkpt>
   <trkpt lat="45.6017770" lon="24.7358360">
    <ele>2482.0</ele>
   </trkpt>
   <trkpt lat="45.6017830" lon="24.7358360">
    <ele>2483.0</ele>
   </trkpt>
   <trkpt lat="45.6017880" lon="24.7358430">
    <ele>2484.2</ele>
   </trkpt>
   <trkpt lat="45.6018010" lon="24.7358440">
    <ele>2485.4</ele>
   </trkpt>
   <trkpt lat="45.6018150" lon="24.7358450">
    <ele>2485.8</ele>
   </trkpt>
   <trkpt lat="45.6018290" lon="24.7358520">
    <ele>2486.0</ele>
   </trkpt>
   <trkpt lat="45.6018480" lon="24.7358590">
    <ele>2486.4</ele>
   </trkpt>
   <trkpt lat="45.6018510" lon="24.7358630">
    <ele>2487.0</ele>
   </trkpt>
   <trkpt lat="45.6018530" lon="24.7358650">
    <ele>2487.4</ele>
   </trkpt>
   <trkpt lat="45.6018590" lon="24.7358670">
    <ele>2488.4</ele>
   </trkpt>
   <trkpt lat="45.6018670" lon="24.7358680">
    <ele>2488.8</ele>
   </trkpt>
   <trkpt lat="45.6018720" lon="24.7358670">
    <ele>2489.6</ele>
   </trkpt>
   <trkpt lat="45.6018870" lon="24.7358670">
    <ele>2490.4</ele>
   </trkpt>
   <trkpt lat="45.6018900" lon="24.7358680">
    <ele>2490.6</ele>
   </trkpt>
   <trkpt lat="45.6019100" lon="24.7358680">
    <ele>2491.8</ele>
   </trkpt>
   <trkpt lat="45.6019170" lon="24.7358730">
    <ele>2493.0</ele>
   </trkpt>
   <trkpt lat="45.6019230" lon="24.7358860">
    <ele>2494.0</ele>
   </trkpt>
   <trkpt lat="45.6019300" lon="24.7358970">
    <ele>2495.2</ele>
   </trkpt>
   <trkpt lat="45.6019340" lon="24.7359080">
    <ele>2495.2</ele>
   </trkpt>
   <trkpt lat="45.6019380" lon="24.7359120">
    <ele>2495.4</ele>
   </trkpt>
   <trkpt lat="45.6019590" lon="24.7359250">
    <ele>2496.2</ele>
   </trkpt>
   <trkpt lat="45.6019750" lon="24.7359270">
    <ele>2496.2</ele>
   </trkpt>
   <trkpt lat="45.6019940" lon="24.7359280">
    <ele>2496.0</ele>
   </trkpt>
   <trkpt lat="45.6020070" lon="24.7359280">
    <ele>2495.4</ele>
   </trkpt>
   <trkpt lat="45.6020130" lon="24.7359280">
    <ele>2495.0</ele>
   </trkpt>
   <trkpt lat="45.6020780" lon="24.7359590">
    <ele>2494.0</ele>
   </trkpt>
   <trkpt lat="45.6020990" lon="24.7359670">
    <ele>2494.0</ele>
   </trkpt>
   <trkpt lat="45.6022300" lon="24.7360020">
    <ele>2493.4</ele>
   </trkpt>
   <trkpt lat="45.6022420" lon="24.7359950">
    <ele>2493.6</ele>
   </trkpt>
   <trkpt lat="45.6022440" lon="24.7359980">
    <ele>2493.8</ele>
   </trkpt>
   <trkpt lat="45.6022440" lon="24.7360040">
    <ele>2493.8</ele>
   </trkpt>
   <trkpt lat="45.6022440" lon="24.7360040">
    <ele>2493.6</ele>
   </trkpt>
   <trkpt lat="45.6022440" lon="24.7360030">
    <ele>2494.0</ele>
   </trkpt>
   <trkpt lat="45.6022440" lon="24.7360020">
    <ele>2494.2</ele>
   </trkpt>
   <trkpt lat="45.6022440" lon="24.7359980">
    <ele>2495.0</ele>
   </trkpt>
   <trkpt lat="45.6022960" lon="24.7360070">
    <ele>2495.4</ele>
   </trkpt>
   <trkpt lat="45.6023500" lon="24.7360100">
    <ele>2495.8</ele>
   </trkpt>
   <trkpt lat="45.6023520" lon="24.7360060">
    <ele>2495.6</ele>
   </trkpt>
   <trkpt lat="45.6023530" lon="24.7360090">
    <ele>2495.6</ele>
   </trkpt>
   <trkpt lat="45.6023540" lon="24.7360110">
    <ele>2495.8</ele>
   </trkpt>
   <trkpt lat="45.6023740" lon="24.7360160">
    <ele>2495.6</ele>
   </trkpt>
   <trkpt lat="45.6023950" lon="24.7360210">
    <ele>2494.0</ele>
   </trkpt>
   <trkpt lat="45.6024250" lon="24.7360390">
    <ele>2494.0</ele>
   </trkpt>
   <trkpt lat="45.6024390" lon="24.7360430">
    <ele>2493.8</ele>
   </trkpt>
   <trkpt lat="45.6025500" lon="24.7360710">
    <ele>2494.2</ele>
   </trkpt>
   <trkpt lat="45.6025580" lon="24.7360660">
    <ele>2494.4</ele>
   </trkpt>
   <trkpt lat="45.6025730" lon="24.7360550">
    <ele>2494.6</ele>
   </trkpt>
   <trkpt lat="45.6025720" lon="24.7360520">
    <ele>2494.8</ele>
   </trkpt>
   <trkpt lat="45.6025700" lon="24.7360530">
    <ele>2495.2</ele>
   </trkpt>
   <trkpt lat="45.6026120" lon="24.7360810">
    <ele>2495.0</ele>
   </trkpt>
   <trkpt lat="45.6026640" lon="24.7361140">
    <ele>2494.2</ele>
   </trkpt>
   <trkpt lat="45.6026740" lon="24.7361150">
    <ele>2494.2</ele>
   </trkpt>
   <trkpt lat="45.6027330" lon="24.7361350">
    <ele>2494.4</ele>
   </trkpt>
   <trkpt lat="45.6028160" lon="24.7361810">
    <ele>2494.4</ele>
   </trkpt>
   <trkpt lat="45.6028770" lon="24.7362000">
    <ele>2495.8</ele>
   </trkpt>
   <trkpt lat="45.6028820" lon="24.7361960">
    <ele>2496.2</ele>
   </trkpt>
   <trkpt lat="45.6028880" lon="24.7361920">
    <ele>2496.6</ele>
   </trkpt>
   <trkpt lat="45.6029030" lon="24.7361820">
    <ele>2497.4</ele>
   </trkpt>
   <trkpt lat="45.6029100" lon="24.7361750">
    <ele>2497.4</ele>
   </trkpt>
   <trkpt lat="45.6029130" lon="24.7361720">
    <ele>2497.6</ele>
   </trkpt>
   <trkpt lat="45.6029180" lon="24.7361680">
    <ele>2498.2</ele>
   </trkpt>
   <trkpt lat="45.6029190" lon="24.7361660">
    <ele>2498.2</ele>
   </trkpt>
   <trkpt lat="45.6029240" lon="24.7361700">
    <ele>2498.2</ele>
   </trkpt>
   <trkpt lat="45.6029260" lon="24.7361670">
    <ele>2498.2</ele>
   </trkpt>
   <trkpt lat="45.6029260" lon="24.7361630">
    <ele>2498.4</ele>
   </trkpt>
   <trkpt lat="45.6029120" lon="24.7361490">
    <ele>2499.2</ele>
   </trkpt>
   <trkpt lat="45.6029090" lon="24.7361480">
    <ele>2499.4</ele>
   </trkpt>
   <trkpt lat="45.6029050" lon="24.7361470">
    <ele>2499.4</ele>
   </trkpt>
   <trkpt lat="45.6029060" lon="24.7361380">
    <ele>2499.4</ele>
   </trkpt>
   <trkpt lat="45.6029060" lon="24.7361270">
    <ele>2499.4</ele>
   </trkpt>
   <trkpt lat="45.6029210" lon="24.7361010">
    <ele>2500.6</ele>
   </trkpt>
   <trkpt lat="45.6029290" lon="24.7360930">
    <ele>2501.2</ele>
   </trkpt>
   <trkpt lat="45.6029350" lon="24.7360880">
    <ele>2501.6</ele>
   </trkpt>
   <trkpt lat="45.6029440" lon="24.7360720">
    <ele>2502.0</ele>
   </trkpt>
   <trkpt lat="45.6029540" lon="24.7360710">
    <ele>2502.0</ele>
   </trkpt>
   <trkpt lat="45.6029630" lon="24.7360630">
    <ele>2501.8</ele>
   </trkpt>
   <trkpt lat="45.6029630" lon="24.7360630">
    <ele>2502.0</ele>
   </trkpt>
   <trkpt lat="45.6029630" lon="24.7360630">
    <ele>2501.8</ele>
   </trkpt>
   <trkpt lat="45.6029630" lon="24.7360670">
    <ele>2502.0</ele>
   </trkpt>
   <trkpt lat="45.6029630" lon="24.7360720">
    <ele>2502.0</ele>
   </trkpt>
   <trkpt lat="45.6029660" lon="24.7360740">
    <ele>2502.0</ele>
   </trkpt>
   <trkpt lat="45.6029780" lon="24.7360700">
    <ele>2501.4</ele>
   </trkpt>
   <trkpt lat="45.6029780" lon="24.7360670">
    <ele>2501.4</ele>
   </trkpt>
   <trkpt lat="45.6029780" lon="24.7360670">
    <ele>2501.4</ele>
   </trkpt>
   <trkpt lat="45.6029780" lon="24.7360630">
    <ele>2501.4</ele>
   </trkpt>
   <trkpt lat="45.6029770" lon="24.7360620">
    <ele>2501.4</ele>
   </trkpt>
   <trkpt lat="45.6029740" lon="24.7360620">
    <ele>2501.4</ele>
   </trkpt>
   <trkpt lat="45.6029690" lon="24.7360620">
    <ele>2501.4</ele>
   </trkpt>
   <trkpt lat="45.6029680" lon="24.7360620">
    <ele>2501.4</ele>
   </trkpt>
   <trkpt lat="45.6029680" lon="24.7360590">
    <ele>2501.4</ele>
   </trkpt>
   <trkpt lat="45.6029680" lon="24.7360580">
    <ele>2501.4</ele>
   </trkpt>
   <trkpt lat="45.6029670" lon="24.7360610">
    <ele>2501.4</ele>
   </trkpt>
   <trkpt lat="45.6029570" lon="24.7360580">
    <ele>2501.4</ele>
   </trkpt>
   <trkpt lat="45.6029570" lon="24.7360590">
    <ele>2501.4</ele>
   </trkpt>
   <trkpt lat="45.6029570" lon="24.7360590">
    <ele>2501.4</ele>
   </trkpt>
   <trkpt lat="45.6029530" lon="24.7360580">
    <ele>2501.4</ele>
   </trkpt>
   <trkpt lat="45.6029470" lon="24.7360550">
    <ele>2501.4</ele>
   </trkpt>
   <trkpt lat="45.6029430" lon="24.7360460">
    <ele>2497.2</ele>
   </trkpt>
   <trkpt lat="45.6029420" lon="24.7360200">
    <ele>2496.0</ele>
   </trkpt>
   <trkpt lat="45.6029470" lon="24.7359930">
    <ele>2495.0</ele>
   </trkpt>
   <trkpt lat="45.6029570" lon="24.7359710">
    <ele>2493.6</ele>
   </trkpt>
   <trkpt lat="45.6029710" lon="24.7359420">
    <ele>2492.4</ele>
   </trkpt>
   <trkpt lat="45.6029900" lon="24.7359260">
    <ele>2491.2</ele>
   </trkpt>
   <trkpt lat="45.6029950" lon="24.7359220">
    <ele>2490.4</ele>
   </trkpt>
   <trkpt lat="45.6029980" lon="24.7359190">
    <ele>2490.2</ele>
   </trkpt>
   <trkpt lat="45.6030020" lon="24.7359080">
    <ele>2489.6</ele>
   </trkpt>
   <trkpt lat="45.6030050" lon="24.7358960">
    <ele>2489.0</ele>
   </trkpt>
   <trkpt lat="45.6030070" lon="24.7358830">
    <ele>2489.2</ele>
   </trkpt>
   <trkpt lat="45.6030070" lon="24.7358830">
    <ele>2489.0</ele>
   </trkpt>
   <trkpt lat="45.6030070" lon="24.7358830">
    <ele>2488.6</ele>
   </trkpt>
   <trkpt lat="45.6030070" lon="24.7358820">
    <ele>2488.2</ele>
   </trkpt>
   <trkpt lat="45.6030070" lon="24.7358820">
    <ele>2487.8</ele>
   </trkpt>
   <trkpt lat="45.6030080" lon="24.7358820">
    <ele>2486.8</ele>
   </trkpt>
   <trkpt lat="45.6030080" lon="24.7358810">
    <ele>2485.4</ele>
   </trkpt>
   <trkpt lat="45.6030080" lon="24.7358810">
    <ele>2484.8</ele>
   </trkpt>
   <trkpt lat="45.6030080" lon="24.7358810">
    <ele>2484.4</ele>
   </trkpt>
   <trkpt lat="45.6030080" lon="24.7358800">
    <ele>2483.2</ele>
   </trkpt>
   <trkpt lat="45.6030080" lon="24.7358770">
    <ele>2482.6</ele>
   </trkpt>
   <trkpt lat="45.6030080" lon="24.7358770">
    <ele>2481.8</ele>
   </trkpt>
   <trkpt lat="45.6030090" lon="24.7358750">
    <ele>2480.4</ele>
   </trkpt>
   <trkpt lat="45.6030090" lon="24.7358750">
    <ele>2480.4</ele>
   </trkpt>
   <trkpt lat="45.6030090" lon="24.7358740">
    <ele>2480.0</ele>
   </trkpt>
   <trkpt lat="45.6030090" lon="24.7358740">
    <ele>2479.8</ele>
   </trkpt>
   <trkpt lat="45.6030090" lon="24.7358740">
    <ele>2479.8</ele>
   </trkpt>
   <trkpt lat="45.6030090" lon="24.7358730">
    <ele>2479.8</ele>
   </trkpt>
   <trkpt lat="45.6030090" lon="24.7358720">
    <ele>2479.4</ele>
   </trkpt>
   <trkpt lat="45.6030100" lon="24.7358710">
    <ele>2478.8</ele>
   </trkpt>
   <trkpt lat="45.6030100" lon="24.7358690">
    <ele>2477.8</ele>
   </trkpt>
   <trkpt lat="45.6030100" lon="24.7358680">
    <ele>2476.4</ele>
   </trkpt>
   <trkpt lat="45.6030110" lon="24.7358650">
    <ele>2475.8</ele>
   </trkpt>
   <trkpt lat="45.6030110" lon="24.7358640">
    <ele>2475.2</ele>
   </trkpt>
   <trkpt lat="45.6030110" lon="24.7358610">
    <ele>2474.0</ele>
   </trkpt>
   <trkpt lat="45.6030120" lon="24.7358590">
    <ele>2472.8</ele>
   </trkpt>
   <trkpt lat="45.6030120" lon="24.7358570">
    <ele>2472.6</ele>
   </trkpt>
   <trkpt lat="45.6030120" lon="24.7358570">
    <ele>2472.4</ele>
   </trkpt>
   <trkpt lat="45.6030120" lon="24.7358560">
    <ele>2471.8</ele>
   </trkpt>
   <trkpt lat="45.6030130" lon="24.7358530">
    <ele>2471.2</ele>
   </trkpt>
   <trkpt lat="45.6030130" lon="24.7358520">
    <ele>2470.8</ele>
   </trkpt>
   <trkpt lat="45.6030130" lon="24.7358500">
    <ele>2470.0</ele>
   </trkpt>
   <trkpt lat="45.6030140" lon="24.7358470">
    <ele>2469.6</ele>
   </trkpt>
   <trkpt lat="45.6030140" lon="24.7358440">
    <ele>2468.6</ele>
   </trkpt>
   <trkpt lat="45.6030150" lon="24.7358410">
    <ele>2467.4</ele>
   </trkpt>
   <trkpt lat="45.6030150" lon="24.7358380">
    <ele>2466.8</ele>
   </trkpt>
   <trkpt lat="45.6030150" lon="24.7358380">
    <ele>2466.6</ele>
   </trkpt>
   <trkpt lat="45.6030160" lon="24.7358370">
    <ele>2466.4</ele>
   </trkpt>
   <trkpt lat="45.6030170" lon="24.7358300">
    <ele>2465.4</ele>
   </trkpt>
   <trkpt lat="45.6030190" lon="24.7358240">
    <ele>2464.0</ele>
   </trkpt>
   <trkpt lat="45.6030200" lon="24.7358170">
    <ele>2464.0</ele>
   </trkpt>
   <trkpt lat="45.6030210" lon="24.7358120">
    <ele>2464.2</ele>
   </trkpt>
   <trkpt lat="45.6030210" lon="24.7358100">
    <ele>2463.8</ele>
   </trkpt>
   <trkpt lat="45.6030220" lon="24.7358080">
    <ele>2463.8</ele>
   </trkpt>
   <trkpt lat="45.6030220" lon="24.7358080">
    <ele>2463.6</ele>
   </trkpt>
   <trkpt lat="45.6030220" lon="24.7358070">
    <ele>2463.0</ele>
   </trkpt>
   <trkpt lat="45.6030220" lon="24.7358050">
    <ele>2462.6</ele>
   </trkpt>
   <trkpt lat="45.6030230" lon="24.7358020">
    <ele>2461.8</ele>
   </trkpt>
   <trkpt lat="45.6031030" lon="24.7355520">
    <ele>2461.4</ele>
   </trkpt>
   <trkpt lat="45.6031470" lon="24.7354550">
    <ele>2460.8</ele>
   </trkpt>
   <trkpt lat="45.6031890" lon="24.7353080">
    <ele>2460.2</ele>
   </trkpt>
   <trkpt lat="45.6032000" lon="24.7353140">
    <ele>2459.2</ele>
   </trkpt>
   <trkpt lat="45.6032260" lon="24.7353240">
    <ele>2459.0</ele>
   </trkpt>
   <trkpt lat="45.6032520" lon="24.7353380">
    <ele>2458.0</ele>
   </trkpt>
   <trkpt lat="45.6032750" lon="24.7353500">
    <ele>2457.0</ele>
   </trkpt>
   <trkpt lat="45.6032820" lon="24.7353510">
    <ele>2456.6</ele>
   </trkpt>
   <trkpt lat="45.6033180" lon="24.7353700">
    <ele>2455.4</ele>
   </trkpt>
   <trkpt lat="45.6033280" lon="24.7353750">
    <ele>2455.0</ele>
   </trkpt>
   <trkpt lat="45.6033570" lon="24.7353880">
    <ele>2454.4</ele>
   </trkpt>
   <trkpt lat="45.6033740" lon="24.7353930">
    <ele>2453.8</ele>
   </trkpt>
   <trkpt lat="45.6033750" lon="24.7353910">
    <ele>2453.4</ele>
   </trkpt>
   <trkpt lat="45.6033790" lon="24.7353910">
    <ele>2453.0</ele>
   </trkpt>
   <trkpt lat="45.6033830" lon="24.7353950">
    <ele>2452.4</ele>
   </trkpt>
   <trkpt lat="45.6033870" lon="24.7353880">
    <ele>2452.4</ele>
   </trkpt>
   <trkpt lat="45.6033870" lon="24.7353850">
    <ele>2452.2</ele>
   </trkpt>
   <trkpt lat="45.6033860" lon="24.7353810">
    <ele>2452.0</ele>
   </trkpt>
   <trkpt lat="45.6033680" lon="24.7353500">
    <ele>2450.8</ele>
   </trkpt>
   <trkpt lat="45.6033660" lon="24.7353410">
    <ele>2450.8</ele>
   </trkpt>
   <trkpt lat="45.6033620" lon="24.7353150">
    <ele>2449.6</ele>
   </trkpt>
   <trkpt lat="45.6033810" lon="24.7352990">
    <ele>2448.8</ele>
   </trkpt>
   <trkpt lat="45.6033870" lon="24.7353000">
    <ele>2448.6</ele>
   </trkpt>
   <trkpt lat="45.6034100" lon="24.7352970">
    <ele>2447.2</ele>
   </trkpt>
   <trkpt lat="45.6034160" lon="24.7352990">
    <ele>2447.0</ele>
   </trkpt>
   <trkpt lat="45.6034210" lon="24.7352980">
    <ele>2446.8</ele>
   </trkpt>
   <trkpt lat="45.6034350" lon="24.7352860">
    <ele>2446.0</ele>
   </trkpt>
   <trkpt lat="45.6034430" lon="24.7352790">
    <ele>2445.4</ele>
   </trkpt>
   <trkpt lat="45.6034450" lon="24.7352840">
    <ele>2444.8</ele>
   </trkpt>
   <trkpt lat="45.6034450" lon="24.7352840">
    <ele>2444.6</ele>
   </trkpt>
   <trkpt lat="45.6034450" lon="24.7352840">
    <ele>2444.6</ele>
   </trkpt>
   <trkpt lat="45.6034450" lon="24.7352840">
    <ele>2444.0</ele>
   </trkpt>
   <trkpt lat="45.6034450" lon="24.7352840">
    <ele>2443.6</ele>
   </trkpt>
   <trkpt lat="45.6034450" lon="24.7352770">
    <ele>2442.6</ele>
   </trkpt>
   <trkpt lat="45.6034530" lon="24.7352750">
    <ele>2441.2</ele>
   </trkpt>
   <trkpt lat="45.6034810" lon="24.7352400">
    <ele>2440.2</ele>
   </trkpt>
   <trkpt lat="45.6034920" lon="24.7352340">
    <ele>2439.2</ele>
   </trkpt>
   <trkpt lat="45.6034930" lon="24.7352280">
    <ele>2439.0</ele>
   </trkpt>
   <trkpt lat="45.6034940" lon="24.7352150">
    <ele>2437.6</ele>
   </trkpt>
   <trkpt lat="45.6035500" lon="24.7352000">
    <ele>2437.0</ele>
   </trkpt>
   <trkpt lat="45.6035720" lon="24.7351840">
    <ele>2436.6</ele>
   </trkpt>
   <trkpt lat="45.6035990" lon="24.7351550">
    <ele>2435.0</ele>
   </trkpt>
   <trkpt lat="45.6035960" lon="24.7351350">
    <ele>2435.0</ele>
   </trkpt>
   <trkpt lat="45.6036050" lon="24.7350990">
    <ele>2434.8</ele>
   </trkpt>
   <trkpt lat="45.6036160" lon="24.7351000">
    <ele>2434.4</ele>
   </trkpt>
   <trkpt lat="45.6036230" lon="24.7351160">
    <ele>2434.0</ele>
   </trkpt>
   <trkpt lat="45.6036230" lon="24.7351160">
    <ele>2433.8</ele>
   </trkpt>
   <trkpt lat="45.6036250" lon="24.7350960">
    <ele>2433.0</ele>
   </trkpt>
   <trkpt lat="45.6036210" lon="24.7350880">
    <ele>2432.6</ele>
   </trkpt>
   <trkpt lat="45.6036210" lon="24.7350790">
    <ele>2432.0</ele>
   </trkpt>
   <trkpt lat="45.6036420" lon="24.7350790">
    <ele>2431.6</ele>
   </trkpt>
   <trkpt lat="45.6036560" lon="24.7350860">
    <ele>2431.4</ele>
   </trkpt>
   <trkpt lat="45.6036730" lon="24.7350960">
    <ele>2430.6</ele>
   </trkpt>
   <trkpt lat="45.6036930" lon="24.7350970">
    <ele>2430.0</ele>
   </trkpt>
   <trkpt lat="45.6036960" lon="24.7350950">
    <ele>2429.6</ele>
   </trkpt>
   <trkpt lat="45.6037110" lon="24.7350820">
    <ele>2428.8</ele>
   </trkpt>
   <trkpt lat="45.6037140" lon="24.7350800">
    <ele>2428.4</ele>
   </trkpt>
   <trkpt lat="45.6037180" lon="24.7350790">
    <ele>2428.4</ele>
   </trkpt>
   <trkpt lat="45.6037240" lon="24.7350690">
    <ele>2427.2</ele>
   </trkpt>
   <trkpt lat="45.6037390" lon="24.7350530">
    <ele>2426.0</ele>
   </trkpt>
   <trkpt lat="45.6037440" lon="24.7350130">
    <ele>2424.8</ele>
   </trkpt>
   <trkpt lat="45.6037420" lon="24.7350140">
    <ele>2424.6</ele>
   </trkpt>
   <trkpt lat="45.6037430" lon="24.7349940">
    <ele>2423.8</ele>
   </trkpt>
   <trkpt lat="45.6037510" lon="24.7349870">
    <ele>2423.8</ele>
   </trkpt>
   <trkpt lat="45.6037810" lon="24.7349810">
    <ele>2422.8</ele>
   </trkpt>
   <trkpt lat="45.6037920" lon="24.7349850">
    <ele>2421.8</ele>
   </trkpt>
   <trkpt lat="45.6037910" lon="24.7349850">
    <ele>2421.6</ele>
   </trkpt>
   <trkpt lat="45.6037800" lon="24.7349580">
    <ele>2420.8</ele>
   </trkpt>
   <trkpt lat="45.6037740" lon="24.7349500">
    <ele>2420.8</ele>
   </trkpt>
   <trkpt lat="45.6037680" lon="24.7349310">
    <ele>2420.2</ele>
   </trkpt>
   <trkpt lat="45.6037890" lon="24.7349040">
    <ele>2419.2</ele>
   </trkpt>
   <trkpt lat="45.6038280" lon="24.7348980">
    <ele>2418.2</ele>
   </trkpt>
   <trkpt lat="45.6038430" lon="24.7348980">
    <ele>2418.2</ele>
   </trkpt>
   <trkpt lat="45.6038530" lon="24.7348970">
    <ele>2417.6</ele>
   </trkpt>
   <trkpt lat="45.6038610" lon="24.7348980">
    <ele>2417.2</ele>
   </trkpt>
   <trkpt lat="45.6038770" lon="24.7349050">
    <ele>2416.6</ele>
   </trkpt>
   <trkpt lat="45.6039190" lon="24.7349030">
    <ele>2415.8</ele>
   </trkpt>
   <trkpt lat="45.6039240" lon="24.7349000">
    <ele>2415.8</ele>
   </trkpt>
   <trkpt lat="45.6039290" lon="24.7348950">
    <ele>2415.8</ele>
   </trkpt>
   <trkpt lat="45.6039460" lon="24.7348940">
    <ele>2415.0</ele>
   </trkpt>
   <trkpt lat="45.6039520" lon="24.7348930">
    <ele>2414.8</ele>
   </trkpt>
   <trkpt lat="45.6039580" lon="24.7348900">
    <ele>2414.6</ele>
   </trkpt>
   <trkpt lat="45.6039630" lon="24.7348850">
    <ele>2414.6</ele>
   </trkpt>
   <trkpt lat="45.6039660" lon="24.7348740">
    <ele>2413.6</ele>
   </trkpt>
   <trkpt lat="45.6039670" lon="24.7348720">
    <ele>2413.6</ele>
   </trkpt>
   <trkpt lat="45.6039640" lon="24.7348690">
    <ele>2413.6</ele>
   </trkpt>
   <trkpt lat="45.6039550" lon="24.7348650">
    <ele>2413.4</ele>
   </trkpt>
   <trkpt lat="45.6039500" lon="24.7348510">
    <ele>2413.2</ele>
   </trkpt>
   <trkpt lat="45.6039570" lon="24.7348400">
    <ele>2412.2</ele>
   </trkpt>
   <trkpt lat="45.6039610" lon="24.7348350">
    <ele>2412.2</ele>
   </trkpt>
   <trkpt lat="45.6039700" lon="24.7348250">
    <ele>2411.8</ele>
   </trkpt>
   <trkpt lat="45.6039770" lon="24.7348220">
    <ele>2411.6</ele>
   </trkpt>
   <trkpt lat="45.6039970" lon="24.7348190">
    <ele>2411.0</ele>
   </trkpt>
   <trkpt lat="45.6040250" lon="24.7348130">
    <ele>2411.0</ele>
   </trkpt>
   <trkpt lat="45.6040350" lon="24.7348160">
    <ele>2410.4</ele>
   </trkpt>
   <trkpt lat="45.6040460" lon="24.7348040">
    <ele>2409.4</ele>
   </trkpt>
   <trkpt lat="45.6040510" lon="24.7348040">
    <ele>2409.0</ele>
   </trkpt>
   <trkpt lat="45.6040760" lon="24.7347820">
    <ele>2408.2</ele>
   </trkpt>
   <trkpt lat="45.6040770" lon="24.7347790">
    <ele>2407.6</ele>
   </trkpt>
   <trkpt lat="45.6040850" lon="24.7347690">
    <ele>2407.2</ele>
   </trkpt>
   <trkpt lat="45.6040850" lon="24.7347650">
    <ele>2407.0</ele>
   </trkpt>
   <trkpt lat="45.6040770" lon="24.7347550">
    <ele>2406.6</ele>
   </trkpt>
   <trkpt lat="45.6040630" lon="24.7347260">
    <ele>2405.8</ele>
   </trkpt>
   <trkpt lat="45.6040760" lon="24.7347130">
    <ele>2405.2</ele>
   </trkpt>
   <trkpt lat="45.6040920" lon="24.7347000">
    <ele>2404.6</ele>
   </trkpt>
   <trkpt lat="45.6041000" lon="24.7346930">
    <ele>2404.0</ele>
   </trkpt>
   <trkpt lat="45.6041000" lon="24.7346920">
    <ele>2403.6</ele>
   </trkpt>
   <trkpt lat="45.6040810" lon="24.7346720">
    <ele>2402.6</ele>
   </trkpt>
   <trkpt lat="45.6040790" lon="24.7346630">
    <ele>2402.4</ele>
   </trkpt>
   <trkpt lat="45.6041010" lon="24.7346450">
    <ele>2401.6</ele>
   </trkpt>
   <trkpt lat="45.6041080" lon="24.7346470">
    <ele>2401.6</ele>
   </trkpt>
   <trkpt lat="45.6041150" lon="24.7346510">
    <ele>2401.4</ele>
   </trkpt>
   <trkpt lat="45.6041220" lon="24.7346520">
    <ele>2400.4</ele>
   </trkpt>
   <trkpt lat="45.6041220" lon="24.7346450">
    <ele>2400.2</ele>
   </trkpt>
   <trkpt lat="45.6041330" lon="24.7346280">
    <ele>2399.4</ele>
   </trkpt>
   <trkpt lat="45.6041530" lon="24.7346270">
    <ele>2398.8</ele>
   </trkpt>
   <trkpt lat="45.6041610" lon="24.7346260">
    <ele>2398.4</ele>
   </trkpt>
   <trkpt lat="45.6041900" lon="24.7346290">
    <ele>2398.0</ele>
   </trkpt>
   <trkpt lat="45.6042230" lon="24.7346260">
    <ele>2397.6</ele>
   </trkpt>
   <trkpt lat="45.6042260" lon="24.7346260">
    <ele>2397.2</ele>
   </trkpt>
   <trkpt lat="45.6042370" lon="24.7346270">
    <ele>2396.0</ele>
   </trkpt>
   <trkpt lat="45.6042440" lon="24.7346170">
    <ele>2395.6</ele>
   </trkpt>
   <trkpt lat="45.6042490" lon="24.7346110">
    <ele>2395.6</ele>
   </trkpt>
   <trkpt lat="45.6042680" lon="24.7346180">
    <ele>2394.8</ele>
   </trkpt>
   <trkpt lat="45.6042710" lon="24.7346200">
    <ele>2394.6</ele>
   </trkpt>
   <trkpt lat="45.6042710" lon="24.7346170">
    <ele>2394.6</ele>
   </trkpt>
   <trkpt lat="45.6042710" lon="24.7346120">
    <ele>2393.4</ele>
   </trkpt>
   <trkpt lat="45.6042710" lon="24.7346120">
    <ele>2393.0</ele>
   </trkpt>
   <trkpt lat="45.6042710" lon="24.7346120">
    <ele>2392.4</ele>
   </trkpt>
   <trkpt lat="45.6042710" lon="24.7346120">
    <ele>2392.2</ele>
   </trkpt>
   <trkpt lat="45.6042750" lon="24.7346040">
    <ele>2391.2</ele>
   </trkpt>
   <trkpt lat="45.6042840" lon="24.7345920">
    <ele>2389.8</ele>
   </trkpt>
   <trkpt lat="45.6042960" lon="24.7345790">
    <ele>2389.4</ele>
   </trkpt>
   <trkpt lat="45.6043070" lon="24.7345780">
    <ele>2389.0</ele>
   </trkpt>
   <trkpt lat="45.6043090" lon="24.7345770">
    <ele>2388.6</ele>
   </trkpt>
   <trkpt lat="45.6043150" lon="24.7345750">
    <ele>2388.2</ele>
   </trkpt>
   <trkpt lat="45.6043260" lon="24.7345650">
    <ele>2387.6</ele>
   </trkpt>
   <trkpt lat="45.6043490" lon="24.7345350">
    <ele>2386.2</ele>
   </trkpt>
   <trkpt lat="45.6043540" lon="24.7345300">
    <ele>2385.8</ele>
   </trkpt>
   <trkpt lat="45.6043580" lon="24.7345120">
    <ele>2384.8</ele>
   </trkpt>
   <trkpt lat="45.6043800" lon="24.7344910">
    <ele>2383.8</ele>
   </trkpt>
   <trkpt lat="45.6043840" lon="24.7344900">
    <ele>2383.6</ele>
   </trkpt>
   <trkpt lat="45.6043920" lon="24.7344870">
    <ele>2382.8</ele>
   </trkpt>
   <trkpt lat="45.6044110" lon="24.7344860">
    <ele>2381.8</ele>
   </trkpt>
   <trkpt lat="45.6044340" lon="24.7344550">
    <ele>2380.4</ele>
   </trkpt>
   <trkpt lat="45.6044550" lon="24.7344420">
    <ele>2379.4</ele>
   </trkpt>
   <trkpt lat="45.6044700" lon="24.7344050">
    <ele>2378.2</ele>
   </trkpt>
   <trkpt lat="45.6044950" lon="24.7343960">
    <ele>2377.0</ele>
   </trkpt>
   <trkpt lat="45.6045050" lon="24.7343810">
    <ele>2376.0</ele>
   </trkpt>
   <trkpt lat="45.6045100" lon="24.7343690">
    <ele>2375.0</ele>
   </trkpt>
   <trkpt lat="45.6045210" lon="24.7343480">
    <ele>2373.8</ele>
   </trkpt>
   <trkpt lat="45.6045360" lon="24.7343270">
    <ele>2372.6</ele>
   </trkpt>
   <trkpt lat="45.6045540" lon="24.7343050">
    <ele>2371.6</ele>
   </trkpt>
   <trkpt lat="45.6045590" lon="24.7343020">
    <ele>2370.6</ele>
   </trkpt>
   <trkpt lat="45.6045610" lon="24.7342930">
    <ele>2370.6</ele>
   </trkpt>
   <trkpt lat="45.6045610" lon="24.7342730">
    <ele>2370.6</ele>
   </trkpt>
   <trkpt lat="45.6045610" lon="24.7342670">
    <ele>2370.6</ele>
   </trkpt>
   <trkpt lat="45.6045610" lon="24.7342550">
    <ele>2370.8</ele>
   </trkpt>
   <trkpt lat="45.6045610" lon="24.7342510">
    <ele>2370.8</ele>
   </trkpt>
   <trkpt lat="45.6045540" lon="24.7342380">
    <ele>2370.0</ele>
   </trkpt>
   <trkpt lat="45.6045530" lon="24.7342340">
    <ele>2369.6</ele>
   </trkpt>
   <trkpt lat="45.6045520" lon="24.7342300">
    <ele>2368.4</ele>
   </trkpt>
   <trkpt lat="45.6045580" lon="24.7342260">
    <ele>2367.0</ele>
   </trkpt>
   <trkpt lat="45.6045770" lon="24.7342170">
    <ele>2366.0</ele>
   </trkpt>
   <trkpt lat="45.6046080" lon="24.7341940">
    <ele>2364.4</ele>
   </trkpt>
   <trkpt lat="45.6046300" lon="24.7341800">
    <ele>2362.4</ele>
   </trkpt>
   <trkpt lat="45.6046450" lon="24.7341520">
    <ele>2361.4</ele>
   </trkpt>
   <trkpt lat="45.6046450" lon="24.7341490">
    <ele>2360.4</ele>
   </trkpt>
   <trkpt lat="45.6046470" lon="24.7341410">
    <ele>2360.2</ele>
   </trkpt>
   <trkpt lat="45.6046500" lon="24.7341280">
    <ele>2359.2</ele>
   </trkpt>
   <trkpt lat="45.6046510" lon="24.7341250">
    <ele>2357.4</ele>
   </trkpt>
   <trkpt lat="45.6046510" lon="24.7341230">
    <ele>2356.2</ele>
   </trkpt>
   <trkpt lat="45.6046510" lon="24.7341230">
    <ele>2356.2</ele>
   </trkpt>
   <trkpt lat="45.6046930" lon="24.7340260">
    <ele>2355.0</ele>
   </trkpt>
   <trkpt lat="45.6047030" lon="24.7340040">
    <ele>2355.0</ele>
   </trkpt>
   <trkpt lat="45.6047200" lon="24.7339610">
    <ele>2354.2</ele>
   </trkpt>
   <trkpt lat="45.6047390" lon="24.7339110">
    <ele>2353.8</ele>
   </trkpt>
   <trkpt lat="45.6047520" lon="24.7338900">
    <ele>2353.0</ele>
   </trkpt>
   <trkpt lat="45.6047580" lon="24.7338910">
    <ele>2353.0</ele>
   </trkpt>
   <trkpt lat="45.6047650" lon="24.7338860">
    <ele>2352.8</ele>
   </trkpt>
   <trkpt lat="45.6047680" lon="24.7338810">
    <ele>2352.0</ele>
   </trkpt>
   <trkpt lat="45.6047590" lon="24.7338480">
    <ele>2351.4</ele>
   </trkpt>
   <trkpt lat="45.6047590" lon="24.7338360">
    <ele>2351.4</ele>
   </trkpt>
   <trkpt lat="45.6047630" lon="24.7338260">
    <ele>2350.8</ele>
   </trkpt>
   <trkpt lat="45.6047740" lon="24.7338250">
    <ele>2350.6</ele>
   </trkpt>
   <trkpt lat="45.6047790" lon="24.7338280">
    <ele>2350.6</ele>
   </trkpt>
   <trkpt lat="45.6048100" lon="24.7338430">
    <ele>2349.6</ele>
   </trkpt>
   <trkpt lat="45.6048320" lon="24.7338630">
    <ele>2349.4</ele>
   </trkpt>
   <trkpt lat="45.6048410" lon="24.7338650">
    <ele>2349.0</ele>
   </trkpt>
   <trkpt lat="45.6048630" lon="24.7338600">
    <ele>2348.6</ele>
   </trkpt>
   <trkpt lat="45.6048760" lon="24.7338570">
    <ele>2347.4</ele>
   </trkpt>
   <trkpt lat="45.6048860" lon="24.7338460">
    <ele>2347.0</ele>
   </trkpt>
   <trkpt lat="45.6049140" lon="24.7338590">
    <ele>2345.6</ele>
   </trkpt>
   <trkpt lat="45.6049090" lon="24.7338550">
    <ele>2345.4</ele>
   </trkpt>
   <trkpt lat="45.6049080" lon="24.7338460">
    <ele>2345.4</ele>
   </trkpt>
   <trkpt lat="45.6049110" lon="24.7338230">
    <ele>2344.8</ele>
   </trkpt>
   <trkpt lat="45.6049060" lon="24.7338090">
    <ele>2344.0</ele>
   </trkpt>
   <trkpt lat="45.6049010" lon="24.7337860">
    <ele>2343.6</ele>
   </trkpt>
   <trkpt lat="45.6049330" lon="24.7337640">
    <ele>2343.4</ele>
   </trkpt>
   <trkpt lat="45.6049410" lon="24.7337640">
    <ele>2343.4</ele>
   </trkpt>
   <trkpt lat="45.6049550" lon="24.7337660">
    <ele>2343.0</ele>
   </trkpt>
   <trkpt lat="45.6049780" lon="24.7337530">
    <ele>2341.8</ele>
   </trkpt>
   <trkpt lat="45.6049910" lon="24.7337540">
    <ele>2341.8</ele>
   </trkpt>
   <trkpt lat="45.6050370" lon="24.7337770">
    <ele>2340.6</ele>
   </trkpt>
   <trkpt lat="45.6050470" lon="24.7337740">
    <ele>2339.8</ele>
   </trkpt>
   <trkpt lat="45.6050490" lon="24.7337660">
    <ele>2339.6</ele>
   </trkpt>
   <trkpt lat="45.6050450" lon="24.7337340">
    <ele>2338.8</ele>
   </trkpt>
   <trkpt lat="45.6050420" lon="24.7337220">
    <ele>2338.6</ele>
   </trkpt>
   <trkpt lat="45.6050380" lon="24.7337090">
    <ele>2338.4</ele>
   </trkpt>
   <trkpt lat="45.6050410" lon="24.7337000">
    <ele>2338.2</ele>
   </trkpt>
   <trkpt lat="45.6050570" lon="24.7336760">
    <ele>2337.2</ele>
   </trkpt>
   <trkpt lat="45.6050700" lon="24.7336830">
    <ele>2337.0</ele>
   </trkpt>
   <trkpt lat="45.6050780" lon="24.7336830">
    <ele>2336.4</ele>
   </trkpt>
   <trkpt lat="45.6050820" lon="24.7336840">
    <ele>2336.0</ele>
   </trkpt>
   <trkpt lat="45.6050870" lon="24.7336790">
    <ele>2335.8</ele>
   </trkpt>
   <trkpt lat="45.6050930" lon="24.7336740">
    <ele>2335.8</ele>
   </trkpt>
   <trkpt lat="45.6050970" lon="24.7336730">
    <ele>2335.6</ele>
   </trkpt>
   <trkpt lat="45.6051070" lon="24.7336730">
    <ele>2335.2</ele>
   </trkpt>
   <trkpt lat="45.6051050" lon="24.7336650">
    <ele>2334.2</ele>
   </trkpt>
   <trkpt lat="45.6050990" lon="24.7336420">
    <ele>2334.2</ele>
   </trkpt>
   <trkpt lat="45.6051260" lon="24.7336200">
    <ele>2333.2</ele>
   </trkpt>
   <trkpt lat="45.6051490" lon="24.7336080">
    <ele>2331.8</ele>
   </trkpt>
   <trkpt lat="45.6051590" lon="24.7335980">
    <ele>2330.8</ele>
   </trkpt>
   <trkpt lat="45.6051590" lon="24.7335940">
    <ele>2330.6</ele>
   </trkpt>
   <trkpt lat="45.6051490" lon="24.7335690">
    <ele>2330.4</ele>
   </trkpt>
   <trkpt lat="45.6051450" lon="24.7335620">
    <ele>2330.4</ele>
   </trkpt>
   <trkpt lat="45.6051490" lon="24.7335420">
    <ele>2329.4</ele>
   </trkpt>
   <trkpt lat="45.6051600" lon="24.7335060">
    <ele>2328.2</ele>
   </trkpt>
   <trkpt lat="45.6051730" lon="24.7334880">
    <ele>2326.8</ele>
   </trkpt>
   <trkpt lat="45.6051900" lon="24.7334790">
    <ele>2326.4</ele>
   </trkpt>
   <trkpt lat="45.6051960" lon="24.7334770">
    <ele>2325.8</ele>
   </trkpt>
   <trkpt lat="45.6052090" lon="24.7334480">
    <ele>2324.6</ele>
   </trkpt>
   <trkpt lat="45.6052290" lon="24.7334200">
    <ele>2323.8</ele>
   </trkpt>
   <trkpt lat="45.6052430" lon="24.7334030">
    <ele>2323.0</ele>
   </trkpt>
   <trkpt lat="45.6052690" lon="24.7333640">
    <ele>2322.0</ele>
   </trkpt>
   <trkpt lat="45.6052780" lon="24.7333580">
    <ele>2321.2</ele>
   </trkpt>
   <trkpt lat="45.6052900" lon="24.7333500">
    <ele>2321.0</ele>
   </trkpt>
   <trkpt lat="45.6052930" lon="24.7333480">
    <ele>2320.0</ele>
   </trkpt>
   <trkpt lat="45.6052920" lon="24.7333370">
    <ele>2319.4</ele>
   </trkpt>
   <trkpt lat="45.6052900" lon="24.7333360">
    <ele>2319.4</ele>
   </trkpt>
   <trkpt lat="45.6052870" lon="24.7333270">
    <ele>2318.6</ele>
   </trkpt>
   <trkpt lat="45.6053130" lon="24.7333200">
    <ele>2318.0</ele>
   </trkpt>
   <trkpt lat="45.6053250" lon="24.7333250">
    <ele>2317.4</ele>
   </trkpt>
   <trkpt lat="45.6053330" lon="24.7333230">
    <ele>2317.2</ele>
   </trkpt>
   <trkpt lat="45.6053590" lon="24.7333080">
    <ele>2316.4</ele>
   </trkpt>
   <trkpt lat="45.6053720" lon="24.7332980">
    <ele>2316.4</ele>
   </trkpt>
   <trkpt lat="45.6053990" lon="24.7332790">
    <ele>2316.0</ele>
   </trkpt>
   <trkpt lat="45.6054070" lon="24.7332770">
    <ele>2315.0</ele>
   </trkpt>
   <trkpt lat="45.6054250" lon="24.7332750">
    <ele>2314.6</ele>
   </trkpt>
   <trkpt lat="45.6054240" lon="24.7332690">
    <ele>2314.6</ele>
   </trkpt>
   <trkpt lat="45.6054180" lon="24.7332430">
    <ele>2314.0</ele>
   </trkpt>
   <trkpt lat="45.6054240" lon="24.7332380">
    <ele>2314.0</ele>
   </trkpt>
   <trkpt lat="45.6054370" lon="24.7332360">
    <ele>2313.0</ele>
   </trkpt>
   <trkpt lat="45.6054430" lon="24.7332350">
    <ele>2312.8</ele>
   </trkpt>
   <trkpt lat="45.6054610" lon="24.7332380">
    <ele>2311.6</ele>
   </trkpt>
   <trkpt lat="45.6054700" lon="24.7332370">
    <ele>2311.6</ele>
   </trkpt>
   <trkpt lat="45.6054810" lon="24.7332330">
    <ele>2311.2</ele>
   </trkpt>
   <trkpt lat="45.6055060" lon="24.7332280">
    <ele>2310.6</ele>
   </trkpt>
   <trkpt lat="45.6055150" lon="24.7332230">
    <ele>2310.4</ele>
   </trkpt>
   <trkpt lat="45.6055260" lon="24.7331950">
    <ele>2309.4</ele>
   </trkpt>
   <trkpt lat="45.6055460" lon="24.7331740">
    <ele>2308.6</ele>
   </trkpt>
   <trkpt lat="45.6055540" lon="24.7331730">
    <ele>2308.4</ele>
   </trkpt>
   <trkpt lat="45.6055600" lon="24.7331550">
    <ele>2307.6</ele>
   </trkpt>
   <trkpt lat="45.6055600" lon="24.7331460">
    <ele>2307.2</ele>
   </trkpt>
   <trkpt lat="45.6055650" lon="24.7331390">
    <ele>2307.0</ele>
   </trkpt>
   <trkpt lat="45.6055790" lon="24.7331180">
    <ele>2306.2</ele>
   </trkpt>
   <trkpt lat="45.6056160" lon="24.7330970">
    <ele>2306.0</ele>
   </trkpt>
   <trkpt lat="45.6056230" lon="24.7330910">
    <ele>2305.8</ele>
   </trkpt>
   <trkpt lat="45.6056360" lon="24.7330670">
    <ele>2304.2</ele>
   </trkpt>
   <trkpt lat="45.6056530" lon="24.7330510">
    <ele>2304.0</ele>
   </trkpt>
   <trkpt lat="45.6056600" lon="24.7330440">
    <ele>2303.8</ele>
   </trkpt>
   <trkpt lat="45.6056680" lon="24.7330360">
    <ele>2303.8</ele>
   </trkpt>
   <trkpt lat="45.6056750" lon="24.7330270">
    <ele>2303.8</ele>
   </trkpt>
   <trkpt lat="45.6056900" lon="24.7330110">
    <ele>2302.8</ele>
   </trkpt>
   <trkpt lat="45.6057030" lon="24.7330050">
    <ele>2302.6</ele>
   </trkpt>
   <trkpt lat="45.6057080" lon="24.7329960">
    <ele>2302.4</ele>
   </trkpt>
   <trkpt lat="45.6057130" lon="24.7329910">
    <ele>2301.6</ele>
   </trkpt>
   <trkpt lat="45.6057210" lon="24.7329820">
    <ele>2301.2</ele>
   </trkpt>
   <trkpt lat="45.6057370" lon="24.7329560">
    <ele>2300.4</ele>
   </trkpt>
   <trkpt lat="45.6057460" lon="24.7329300">
    <ele>2300.4</ele>
   </trkpt>
   <trkpt lat="45.6057630" lon="24.7329010">
    <ele>2300.0</ele>
   </trkpt>
   <trkpt lat="45.6057790" lon="24.7328740">
    <ele>2299.4</ele>
   </trkpt>
   <trkpt lat="45.6058050" lon="24.7328470">
    <ele>2298.0</ele>
   </trkpt>
   <trkpt lat="45.6058130" lon="24.7328340">
    <ele>2297.4</ele>
   </trkpt>
   <trkpt lat="45.6058120" lon="24.7328160">
    <ele>2297.2</ele>
   </trkpt>
   <trkpt lat="45.6058090" lon="24.7328100">
    <ele>2297.0</ele>
   </trkpt>
   <trkpt lat="45.6058110" lon="24.7327890">
    <ele>2296.0</ele>
   </trkpt>
   <trkpt lat="45.6058140" lon="24.7327720">
    <ele>2295.4</ele>
   </trkpt>
   <trkpt lat="45.6058190" lon="24.7327610">
    <ele>2295.0</ele>
   </trkpt>
   <trkpt lat="45.6058270" lon="24.7327390">
    <ele>2294.8</ele>
   </trkpt>
   <trkpt lat="45.6058320" lon="24.7327310">
    <ele>2294.6</ele>
   </trkpt>
   <trkpt lat="45.6058580" lon="24.7326980">
    <ele>2293.4</ele>
   </trkpt>
   <trkpt lat="45.6058760" lon="24.7326730">
    <ele>2292.6</ele>
   </trkpt>
   <trkpt lat="45.6058910" lon="24.7326540">
    <ele>2292.0</ele>
   </trkpt>
   <trkpt lat="45.6059140" lon="24.7326140">
    <ele>2291.0</ele>
   </trkpt>
   <trkpt lat="45.6059180" lon="24.7326090">
    <ele>2291.0</ele>
   </trkpt>
   <trkpt lat="45.6059270" lon="24.7325780">
    <ele>2289.6</ele>
   </trkpt>
   <trkpt lat="45.6059290" lon="24.7325720">
    <ele>2289.0</ele>
   </trkpt>
   <trkpt lat="45.6059300" lon="24.7325610">
    <ele>2288.8</ele>
   </trkpt>
   <trkpt lat="45.6059450" lon="24.7325180">
    <ele>2287.8</ele>
   </trkpt>
   <trkpt lat="45.6059520" lon="24.7325130">
    <ele>2287.6</ele>
   </trkpt>
   <trkpt lat="45.6059620" lon="24.7324960">
    <ele>2287.4</ele>
   </trkpt>
   <trkpt lat="45.6059730" lon="24.7324820">
    <ele>2286.4</ele>
   </trkpt>
   <trkpt lat="45.6059810" lon="24.7324700">
    <ele>2285.4</ele>
   </trkpt>
   <trkpt lat="45.6059790" lon="24.7324600">
    <ele>2285.4</ele>
   </trkpt>
   <trkpt lat="45.6059930" lon="24.7324160">
    <ele>2284.8</ele>
   </trkpt>
   <trkpt lat="45.6059960" lon="24.7324090">
    <ele>2285.0</ele>
   </trkpt>
   <trkpt lat="45.6059990" lon="24.7324030">
    <ele>2284.8</ele>
   </trkpt>
   <trkpt lat="45.6060060" lon="24.7323870">
    <ele>2284.2</ele>
   </trkpt>
   <trkpt lat="45.6060230" lon="24.7323460">
    <ele>2284.2</ele>
   </trkpt>
   <trkpt lat="45.6060340" lon="24.7323210">
    <ele>2283.8</ele>
   </trkpt>
   <trkpt lat="45.6060400" lon="24.7323090">
    <ele>2283.6</ele>
   </trkpt>
   <trkpt lat="45.6060710" lon="24.7322530">
    <ele>2283.2</ele>
   </trkpt>
   <trkpt lat="45.6060800" lon="24.7322380">
    <ele>2283.2</ele>
   </trkpt>
   <trkpt lat="45.6061130" lon="24.7321880">
    <ele>2282.2</ele>
   </trkpt>
   <trkpt lat="45.6061260" lon="24.7321540">
    <ele>2281.8</ele>
   </trkpt>
   <trkpt lat="45.6061370" lon="24.7321140">
    <ele>2281.8</ele>
   </trkpt>
   <trkpt lat="45.6061420" lon="24.7320950">
    <ele>2281.6</ele>
   </trkpt>
   <trkpt lat="45.6061650" lon="24.7320440">
    <ele>2280.8</ele>
   </trkpt>
   <trkpt lat="45.6061730" lon="24.7320230">
    <ele>2280.6</ele>
   </trkpt>
   <trkpt lat="45.6061740" lon="24.7320180">
    <ele>2280.6</ele>
   </trkpt>
   <trkpt lat="45.6061750" lon="24.7320150">
    <ele>2280.6</ele>
   </trkpt>
   <trkpt lat="45.6061660" lon="24.7320170">
    <ele>2280.6</ele>
   </trkpt>
   <trkpt lat="45.6061580" lon="24.7320230">
    <ele>2280.6</ele>
   </trkpt>
   <trkpt lat="45.6061450" lon="24.7320360">
    <ele>2280.6</ele>
   </trkpt>
   <trkpt lat="45.6061480" lon="24.7320310">
    <ele>2280.6</ele>
   </trkpt>
   <trkpt lat="45.6061480" lon="24.7320310">
    <ele>2280.4</ele>
   </trkpt>
   <trkpt lat="45.6061510" lon="24.7320270">
    <ele>2279.8</ele>
   </trkpt>
   <trkpt lat="45.6061510" lon="24.7320220">
    <ele>2279.4</ele>
   </trkpt>
   <trkpt lat="45.6061520" lon="24.7320200">
    <ele>2278.6</ele>
   </trkpt>
   <trkpt lat="45.6061530" lon="24.7320170">
    <ele>2278.4</ele>
   </trkpt>
   <trkpt lat="45.6061540" lon="24.7320090">
    <ele>2278.0</ele>
   </trkpt>
   <trkpt lat="45.6061540" lon="24.7320000">
    <ele>2277.2</ele>
   </trkpt>
   <trkpt lat="45.6061530" lon="24.7319470">
    <ele>2276.2</ele>
   </trkpt>
   <trkpt lat="45.6061620" lon="24.7318940">
    <ele>2275.8</ele>
   </trkpt>
   <trkpt lat="45.6061670" lon="24.7318650">
    <ele>2275.8</ele>
   </trkpt>
   <trkpt lat="45.6061790" lon="24.7318100">
    <ele>2275.0</ele>
   </trkpt>
   <trkpt lat="45.6062220" lon="24.7316880">
    <ele>2276.2</ele>
   </trkpt>
   <trkpt lat="45.6062350" lon="24.7316760">
    <ele>2276.4</ele>
   </trkpt>
   <trkpt lat="45.6062440" lon="24.7316720">
    <ele>2276.6</ele>
   </trkpt>
   <trkpt lat="45.6062470" lon="24.7316610">
    <ele>2276.4</ele>
   </trkpt>
   <trkpt lat="45.6062500" lon="24.7316600">
    <ele>2276.4</ele>
   </trkpt>
   <trkpt lat="45.6062680" lon="24.7316330">
    <ele>2276.0</ele>
   </trkpt>
   <trkpt lat="45.6063100" lon="24.7315440">
    <ele>2277.4</ele>
   </trkpt>
   <trkpt lat="45.6063160" lon="24.7315280">
    <ele>2277.4</ele>
   </trkpt>
   <trkpt lat="45.6063400" lon="24.7314510">
    <ele>2277.6</ele>
   </trkpt>
   <trkpt lat="45.6063670" lon="24.7313940">
    <ele>2278.6</ele>
   </trkpt>
   <trkpt lat="45.6063700" lon="24.7313830">
    <ele>2278.8</ele>
   </trkpt>
   <trkpt lat="45.6063790" lon="24.7313500">
    <ele>2278.8</ele>
   </trkpt>
   <trkpt lat="45.6063890" lon="24.7313010">
    <ele>2279.0</ele>
   </trkpt>
   <trkpt lat="45.6064040" lon="24.7312580">
    <ele>2279.4</ele>
   </trkpt>
   <trkpt lat="45.6064150" lon="24.7312230">
    <ele>2279.6</ele>
   </trkpt>
   <trkpt lat="45.6064250" lon="24.7312050">
    <ele>2280.0</ele>
   </trkpt>
   <trkpt lat="45.6064430" lon="24.7311680">
    <ele>2280.0</ele>
   </trkpt>
   <trkpt lat="45.6064610" lon="24.7310930">
    <ele>2279.8</ele>
   </trkpt>
   <trkpt lat="45.6064670" lon="24.7310310">
    <ele>2279.0</ele>
   </trkpt>
   <trkpt lat="45.6064770" lon="24.7309890">
    <ele>2279.2</ele>
   </trkpt>
   <trkpt lat="45.6064820" lon="24.7309590">
    <ele>2279.2</ele>
   </trkpt>
   <trkpt lat="45.6064900" lon="24.7309310">
    <ele>2279.6</ele>
   </trkpt>
   <trkpt lat="45.6064980" lon="24.7309250">
    <ele>2279.6</ele>
   </trkpt>
   <trkpt lat="45.6065050" lon="24.7309250">
    <ele>2279.8</ele>
   </trkpt>
   <trkpt lat="45.6065140" lon="24.7309230">
    <ele>2280.4</ele>
   </trkpt>
   <trkpt lat="45.6065390" lon="24.7308900">
    <ele>2281.4</ele>
   </trkpt>
   <trkpt lat="45.6065440" lon="24.7308670">
    <ele>2281.6</ele>
   </trkpt>
   <trkpt lat="45.6065470" lon="24.7308550">
    <ele>2282.2</ele>
   </trkpt>
   <trkpt lat="45.6065470" lon="24.7308150">
    <ele>2282.6</ele>
   </trkpt>
   <trkpt lat="45.6065710" lon="24.7307720">
    <ele>2283.0</ele>
   </trkpt>
   <trkpt lat="45.6065900" lon="24.7307260">
    <ele>2283.4</ele>
   </trkpt>
   <trkpt lat="45.6065920" lon="24.7307120">
    <ele>2283.6</ele>
   </trkpt>
   <trkpt lat="45.6066030" lon="24.7306890">
    <ele>2284.0</ele>
   </trkpt>
   <trkpt lat="45.6066170" lon="24.7306650">
    <ele>2284.6</ele>
   </trkpt>
   <trkpt lat="45.6066220" lon="24.7306560">
    <ele>2284.8</ele>
   </trkpt>
   <trkpt lat="45.6066340" lon="24.7306350">
    <ele>2285.0</ele>
   </trkpt>
   <trkpt lat="45.6066380" lon="24.7306200">
    <ele>2285.0</ele>
   </trkpt>
   <trkpt lat="45.6066440" lon="24.7306060">
    <ele>2285.0</ele>
   </trkpt>
   <trkpt lat="45.6066500" lon="24.7305960">
    <ele>2285.6</ele>
   </trkpt>
   <trkpt lat="45.6066660" lon="24.7305720">
    <ele>2285.8</ele>
   </trkpt>
   <trkpt lat="45.6066710" lon="24.7305600">
    <ele>2285.8</ele>
   </trkpt>
   <trkpt lat="45.6066750" lon="24.7305510">
    <ele>2286.2</ele>
   </trkpt>
   <trkpt lat="45.6066790" lon="24.7305250">
    <ele>2286.4</ele>
   </trkpt>
   <trkpt lat="45.6066830" lon="24.7304960">
    <ele>2286.6</ele>
   </trkpt>
   <trkpt lat="45.6066900" lon="24.7304720">
    <ele>2286.8</ele>
   </trkpt>
   <trkpt lat="45.6066940" lon="24.7304590">
    <ele>2287.0</ele>
   </trkpt>
   <trkpt lat="45.6067250" lon="24.7303330">
    <ele>2287.8</ele>
   </trkpt>
   <trkpt lat="45.6067310" lon="24.7302600">
    <ele>2288.2</ele>
   </trkpt>
   <trkpt lat="45.6067350" lon="24.7302330">
    <ele>2288.2</ele>
   </trkpt>
   <trkpt lat="45.6067350" lon="24.7302030">
    <ele>2288.8</ele>
   </trkpt>
   <trkpt lat="45.6067450" lon="24.7300710">
    <ele>2289.2</ele>
   </trkpt>
   <trkpt lat="45.6067490" lon="24.7300290">
    <ele>2290.0</ele>
   </trkpt>
   <trkpt lat="45.6067470" lon="24.7299200">
    <ele>2290.6</ele>
   </trkpt>
   <trkpt lat="45.6067490" lon="24.7299090">
    <ele>2290.8</ele>
   </trkpt>
   <trkpt lat="45.6067570" lon="24.7298050">
    <ele>2291.4</ele>
   </trkpt>
   <trkpt lat="45.6067590" lon="24.7297760">
    <ele>2291.6</ele>
   </trkpt>
   <trkpt lat="45.6067580" lon="24.7297650">
    <ele>2291.6</ele>
   </trkpt>
   <trkpt lat="45.6067460" lon="24.7296940">
    <ele>2291.4</ele>
   </trkpt>
   <trkpt lat="45.6067510" lon="24.7296210">
    <ele>2291.4</ele>
   </trkpt>
   <trkpt lat="45.6067640" lon="24.7295330">
    <ele>2291.6</ele>
   </trkpt>
   <trkpt lat="45.6067770" lon="24.7294700">
    <ele>2292.8</ele>
   </trkpt>
   <trkpt lat="45.6067770" lon="24.7294490">
    <ele>2292.8</ele>
   </trkpt>
   <trkpt lat="45.6068060" lon="24.7293220">
    <ele>2293.4</ele>
   </trkpt>
   <trkpt lat="45.6068080" lon="24.7293070">
    <ele>2294.0</ele>
   </trkpt>
   <trkpt lat="45.6068270" lon="24.7292080">
    <ele>2294.6</ele>
   </trkpt>
   <trkpt lat="45.6068350" lon="24.7291750">
    <ele>2295.2</ele>
   </trkpt>
   <trkpt lat="45.6068510" lon="24.7291230">
    <ele>2295.8</ele>
   </trkpt>
   <trkpt lat="45.6068820" lon="24.7289950">
    <ele>2296.4</ele>
   </trkpt>
   <trkpt lat="45.6068920" lon="24.7289670">
    <ele>2296.6</ele>
   </trkpt>
   <trkpt lat="45.6069010" lon="24.7289040">
    <ele>2297.6</ele>
   </trkpt>
   <trkpt lat="45.6069020" lon="24.7288610">
    <ele>2298.0</ele>
   </trkpt>
   <trkpt lat="45.6069080" lon="24.7288430">
    <ele>2298.6</ele>
   </trkpt>
   <trkpt lat="45.6069110" lon="24.7288350">
    <ele>2298.8</ele>
   </trkpt>
   <trkpt lat="45.6069190" lon="24.7288200">
    <ele>2298.8</ele>
   </trkpt>
   <trkpt lat="45.6069270" lon="24.7287910">
    <ele>2298.8</ele>
   </trkpt>
   <trkpt lat="45.6069400" lon="24.7287500">
    <ele>2299.2</ele>
   </trkpt>
   <trkpt lat="45.6069590" lon="24.7287370">
    <ele>2300.2</ele>
   </trkpt>
   <trkpt lat="45.6069600" lon="24.7287280">
    <ele>2300.2</ele>
   </trkpt>
   <trkpt lat="45.6069710" lon="24.7286870">
    <ele>2300.6</ele>
   </trkpt>
   <trkpt lat="45.6069730" lon="24.7286690">
    <ele>2300.6</ele>
   </trkpt>
   <trkpt lat="45.6069710" lon="24.7285830">
    <ele>2300.6</ele>
   </trkpt>
   <trkpt lat="45.6069660" lon="24.7285050">
    <ele>2300.2</ele>
   </trkpt>
   <trkpt lat="45.6069630" lon="24.7284520">
    <ele>2299.6</ele>
   </trkpt>
   <trkpt lat="45.6069700" lon="24.7284070">
    <ele>2299.6</ele>
   </trkpt>
   <trkpt lat="45.6069700" lon="24.7283530">
    <ele>2299.6</ele>
   </trkpt>
   <trkpt lat="45.6069670" lon="24.7283100">
    <ele>2299.8</ele>
   </trkpt>
   <trkpt lat="45.6069710" lon="24.7282920">
    <ele>2299.8</ele>
   </trkpt>
   <trkpt lat="45.6070000" lon="24.7281550">
    <ele>2301.0</ele>
   </trkpt>
   <trkpt lat="45.6070040" lon="24.7281430">
    <ele>2301.2</ele>
   </trkpt>
   <trkpt lat="45.6070030" lon="24.7280540">
    <ele>2300.4</ele>
   </trkpt>
   <trkpt lat="45.6070010" lon="24.7279240">
    <ele>2301.4</ele>
   </trkpt>
   <trkpt lat="45.6070210" lon="24.7278360">
    <ele>2301.2</ele>
   </trkpt>
   <trkpt lat="45.6070250" lon="24.7277980">
    <ele>2301.0</ele>
   </trkpt>
   <trkpt lat="45.6070220" lon="24.7276560">
    <ele>2300.4</ele>
   </trkpt>
   <trkpt lat="45.6070220" lon="24.7275870">
    <ele>2299.8</ele>
   </trkpt>
   <trkpt lat="45.6069930" lon="24.7275170">
    <ele>2298.8</ele>
   </trkpt>
   <trkpt lat="45.6069910" lon="24.7274980">
    <ele>2298.8</ele>
   </trkpt>
   <trkpt lat="45.6069900" lon="24.7274800">
    <ele>2298.8</ele>
   </trkpt>
   <trkpt lat="45.6069900" lon="24.7274230">
    <ele>2298.4</ele>
   </trkpt>
   <trkpt lat="45.6069850" lon="24.7273850">
    <ele>2297.2</ele>
   </trkpt>
   <trkpt lat="45.6069790" lon="24.7272960">
    <ele>2298.2</ele>
   </trkpt>
   <trkpt lat="45.6069910" lon="24.7272250">
    <ele>2298.4</ele>
   </trkpt>
   <trkpt lat="45.6069860" lon="24.7272090">
    <ele>2298.4</ele>
   </trkpt>
   <trkpt lat="45.6069610" lon="24.7271580">
    <ele>2297.4</ele>
   </trkpt>
   <trkpt lat="45.6069540" lon="24.7271030">
    <ele>2297.2</ele>
   </trkpt>
   <trkpt lat="45.6069500" lon="24.7270430">
    <ele>2296.4</ele>
   </trkpt>
   <trkpt lat="45.6069570" lon="24.7270300">
    <ele>2296.4</ele>
   </trkpt>
   <trkpt lat="45.6069590" lon="24.7270090">
    <ele>2296.6</ele>
   </trkpt>
   <trkpt lat="45.6069510" lon="24.7269270">
    <ele>2296.8</ele>
   </trkpt>
   <trkpt lat="45.6069510" lon="24.7269050">
    <ele>2296.8</ele>
   </trkpt>
   <trkpt lat="45.6069640" lon="24.7268000">
    <ele>2297.0</ele>
   </trkpt>
   <trkpt lat="45.6069640" lon="24.7267470">
    <ele>2297.0</ele>
   </trkpt>
   <trkpt lat="45.6069620" lon="24.7267080">
    <ele>2297.4</ele>
   </trkpt>
   <trkpt lat="45.6069590" lon="24.7266730">
    <ele>2297.4</ele>
   </trkpt>
   <trkpt lat="45.6069570" lon="24.7266300">
    <ele>2297.0</ele>
   </trkpt>
   <trkpt lat="45.6069450" lon="24.7265780">
    <ele>2297.2</ele>
   </trkpt>
   <trkpt lat="45.6069430" lon="24.7265380">
    <ele>2297.0</ele>
   </trkpt>
   <trkpt lat="45.6069430" lon="24.7264960">
    <ele>2295.6</ele>
   </trkpt>
   <trkpt lat="45.6069210" lon="24.7264310">
    <ele>2295.6</ele>
   </trkpt>
   <trkpt lat="45.6069160" lon="24.7264150">
    <ele>2295.6</ele>
   </trkpt>
   <trkpt lat="45.6068770" lon="24.7263000">
    <ele>2294.0</ele>
   </trkpt>
   <trkpt lat="45.6068740" lon="24.7262770">
    <ele>2294.0</ele>
   </trkpt>
   <trkpt lat="45.6068440" lon="24.7261950">
    <ele>2293.0</ele>
   </trkpt>
   <trkpt lat="45.6068200" lon="24.7261150">
    <ele>2291.8</ele>
   </trkpt>
   <trkpt lat="45.6067990" lon="24.7260560">
    <ele>2291.6</ele>
   </trkpt>
   <trkpt lat="45.6067910" lon="24.7260320">
    <ele>2290.6</ele>
   </trkpt>
   <trkpt lat="45.6067870" lon="24.7260170">
    <ele>2290.6</ele>
   </trkpt>
   <trkpt lat="45.6067770" lon="24.7259860">
    <ele>2290.6</ele>
   </trkpt>
   <trkpt lat="45.6067490" lon="24.7258900">
    <ele>2289.8</ele>
   </trkpt>
   <trkpt lat="45.6067170" lon="24.7257940">
    <ele>2289.8</ele>
   </trkpt>
   <trkpt lat="45.6067060" lon="24.7257580">
    <ele>2289.2</ele>
   </trkpt>
   <trkpt lat="45.6067050" lon="24.7257400">
    <ele>2289.2</ele>
   </trkpt>
   <trkpt lat="45.6066960" lon="24.7256430">
    <ele>2290.6</ele>
   </trkpt>
   <trkpt lat="45.6066910" lon="24.7256190">
    <ele>2291.2</ele>
   </trkpt>
   <trkpt lat="45.6066870" lon="24.7255810">
    <ele>2291.4</ele>
   </trkpt>
   <trkpt lat="45.6066860" lon="24.7255390">
    <ele>2291.6</ele>
   </trkpt>
   <trkpt lat="45.6066880" lon="24.7255290">
    <ele>2292.0</ele>
   </trkpt>
   <trkpt lat="45.6066870" lon="24.7255280">
    <ele>2292.2</ele>
   </trkpt>
   <trkpt lat="45.6066950" lon="24.7255240">
    <ele>2292.4</ele>
   </trkpt>
   <trkpt lat="45.6066950" lon="24.7255250">
    <ele>2292.2</ele>
   </trkpt>
   <trkpt lat="45.6066950" lon="24.7255240">
    <ele>2292.2</ele>
   </trkpt>
   <trkpt lat="45.6066950" lon="24.7255240">
    <ele>2292.0</ele>
   </trkpt>
   <trkpt lat="45.6066900" lon="24.7255050">
    <ele>2292.2</ele>
   </trkpt>
   <trkpt lat="45.6066850" lon="24.7254620">
    <ele>2292.6</ele>
   </trkpt>
   <trkpt lat="45.6066840" lon="24.7254420">
    <ele>2292.6</ele>
   </trkpt>
   <trkpt lat="45.6066330" lon="24.7252520">
    <ele>2292.8</ele>
   </trkpt>
   <trkpt lat="45.6066030" lon="24.7251320">
    <ele>2293.4</ele>
   </trkpt>
   <trkpt lat="45.6065960" lon="24.7250960">
    <ele>2293.6</ele>
   </trkpt>
   <trkpt lat="45.6065900" lon="24.7250810">
    <ele>2293.6</ele>
   </trkpt>
   <trkpt lat="45.6065750" lon="24.7250330">
    <ele>2293.8</ele>
   </trkpt>
   <trkpt lat="45.6065680" lon="24.7249370">
    <ele>2294.8</ele>
   </trkpt>
   <trkpt lat="45.6065660" lon="24.7249210">
    <ele>2294.8</ele>
   </trkpt>
   <trkpt lat="45.6065660" lon="24.7249100">
    <ele>2295.0</ele>
   </trkpt>
   <trkpt lat="45.6065580" lon="24.7248590">
    <ele>2295.8</ele>
   </trkpt>
   <trkpt lat="45.6065470" lon="24.7247930">
    <ele>2296.2</ele>
   </trkpt>
   <trkpt lat="45.6065410" lon="24.7247570">
    <ele>2296.6</ele>
   </trkpt>
   <trkpt lat="45.6065260" lon="24.7246990">
    <ele>2296.8</ele>
   </trkpt>
   <trkpt lat="45.6065070" lon="24.7246510">
    <ele>2296.2</ele>
   </trkpt>
   <trkpt lat="45.6065080" lon="24.7245920">
    <ele>2294.8</ele>
   </trkpt>
   <trkpt lat="45.6065090" lon="24.7245830">
    <ele>2294.4</ele>
   </trkpt>
   <trkpt lat="45.6065140" lon="24.7245410">
    <ele>2294.4</ele>
   </trkpt>
   <trkpt lat="45.6065290" lon="24.7244910">
    <ele>2293.4</ele>
   </trkpt>
   <trkpt lat="45.6065280" lon="24.7244740">
    <ele>2292.8</ele>
   </trkpt>
   <trkpt lat="45.6065340" lon="24.7244140">
    <ele>2292.4</ele>
   </trkpt>
   <trkpt lat="45.6065410" lon="24.7243680">
    <ele>2292.2</ele>
   </trkpt>
   <trkpt lat="45.6065510" lon="24.7243340">
    <ele>2290.6</ele>
   </trkpt>
   <trkpt lat="45.6065560" lon="24.7242980">
    <ele>2290.0</ele>
   </trkpt>
   <trkpt lat="45.6065540" lon="24.7242570">
    <ele>2289.6</ele>
   </trkpt>
   <trkpt lat="45.6065570" lon="24.7242400">
    <ele>2289.6</ele>
   </trkpt>
   <trkpt lat="45.6065620" lon="24.7241910">
    <ele>2289.4</ele>
   </trkpt>
   <trkpt lat="45.6065650" lon="24.7241760">
    <ele>2289.2</ele>
   </trkpt>
   <trkpt lat="45.6065770" lon="24.7241310">
    <ele>2288.8</ele>
   </trkpt>
   <trkpt lat="45.6065770" lon="24.7241150">
    <ele>2288.6</ele>
   </trkpt>
   <trkpt lat="45.6065770" lon="24.7240980">
    <ele>2288.4</ele>
   </trkpt>
   <trkpt lat="45.6065770" lon="24.7240850">
    <ele>2288.2</ele>
   </trkpt>
   <trkpt lat="45.6065800" lon="24.7240190">
    <ele>2287.6</ele>
   </trkpt>
   <trkpt lat="45.6065800" lon="24.7239990">
    <ele>2287.6</ele>
   </trkpt>
   <trkpt lat="45.6065760" lon="24.7239600">
    <ele>2287.6</ele>
   </trkpt>
   <trkpt lat="45.6065750" lon="24.7239400">
    <ele>2287.6</ele>
   </trkpt>
   <trkpt lat="45.6065750" lon="24.7239240">
    <ele>2287.4</ele>
   </trkpt>
   <trkpt lat="45.6065600" lon="24.7238560">
    <ele>2287.4</ele>
   </trkpt>
   <trkpt lat="45.6065590" lon="24.7238460">
    <ele>2287.6</ele>
   </trkpt>
   <trkpt lat="45.6065490" lon="24.7237680">
    <ele>2287.0</ele>
   </trkpt>
   <trkpt lat="45.6065530" lon="24.7237190">
    <ele>2286.8</ele>
   </trkpt>
   <trkpt lat="45.6065490" lon="24.7237150">
    <ele>2286.8</ele>
   </trkpt>
   <trkpt lat="45.6065520" lon="24.7237040">
    <ele>2286.8</ele>
   </trkpt>
   <trkpt lat="45.6065490" lon="24.7236970">
    <ele>2286.6</ele>
   </trkpt>
   <trkpt lat="45.6065490" lon="24.7236920">
    <ele>2286.4</ele>
   </trkpt>
   <trkpt lat="45.6065480" lon="24.7236730">
    <ele>2286.2</ele>
   </trkpt>
   <trkpt lat="45.6065590" lon="24.7236330">
    <ele>2285.4</ele>
   </trkpt>
   <trkpt lat="45.6065600" lon="24.7236240">
    <ele>2285.2</ele>
   </trkpt>
   <trkpt lat="45.6065730" lon="24.7235820">
    <ele>2284.8</ele>
   </trkpt>
   <trkpt lat="45.6065760" lon="24.7235680">
    <ele>2284.2</ele>
   </trkpt>
   <trkpt lat="45.6065810" lon="24.7235560">
    <ele>2284.2</ele>
   </trkpt>
   <trkpt lat="45.6066020" lon="24.7234640">
    <ele>2283.4</ele>
   </trkpt>
   <trkpt lat="45.6066070" lon="24.7234580">
    <ele>2283.0</ele>
   </trkpt>
   <trkpt lat="45.6066290" lon="24.7234280">
    <ele>2283.4</ele>
   </trkpt>
   <trkpt lat="45.6066200" lon="24.7234530">
    <ele>2283.8</ele>
   </trkpt>
   <trkpt lat="45.6066010" lon="24.7234310">
    <ele>2282.6</ele>
   </trkpt>
   <trkpt lat="45.6066060" lon="24.7233890">
    <ele>2281.8</ele>
   </trkpt>
   <trkpt lat="45.6066200" lon="24.7233320">
    <ele>2281.0</ele>
   </trkpt>
   <trkpt lat="45.6066200" lon="24.7233070">
    <ele>2281.0</ele>
   </trkpt>
   <trkpt lat="45.6066220" lon="24.7232990">
    <ele>2281.0</ele>
   </trkpt>
   <trkpt lat="45.6066230" lon="24.7232930">
    <ele>2280.6</ele>
   </trkpt>
   <trkpt lat="45.6066250" lon="24.7232860">
    <ele>2280.4</ele>
   </trkpt>
   <trkpt lat="45.6066050" lon="24.7232540">
    <ele>2279.4</ele>
   </trkpt>
   <trkpt lat="45.6066050" lon="24.7232390">
    <ele>2279.0</ele>
   </trkpt>
   <trkpt lat="45.6066060" lon="24.7232260">
    <ele>2278.6</ele>
   </trkpt>
   <trkpt lat="45.6066070" lon="24.7232230">
    <ele>2278.2</ele>
   </trkpt>
   <trkpt lat="45.6066010" lon="24.7231980">
    <ele>2278.2</ele>
   </trkpt>
   <trkpt lat="45.6066060" lon="24.7231330">
    <ele>2277.0</ele>
   </trkpt>
   <trkpt lat="45.6066010" lon="24.7231220">
    <ele>2276.4</ele>
   </trkpt>
   <trkpt lat="45.6065880" lon="24.7231080">
    <ele>2275.2</ele>
   </trkpt>
   <trkpt lat="45.6065830" lon="24.7231060">
    <ele>2275.2</ele>
   </trkpt>
   <trkpt lat="45.6065730" lon="24.7230880">
    <ele>2274.6</ele>
   </trkpt>
   <trkpt lat="45.6065690" lon="24.7230580">
    <ele>2274.2</ele>
   </trkpt>
   <trkpt lat="45.6065680" lon="24.7230420">
    <ele>2274.2</ele>
   </trkpt>
   <trkpt lat="45.6065470" lon="24.7229660">
    <ele>2272.8</ele>
   </trkpt>
   <trkpt lat="45.6065300" lon="24.7228940">
    <ele>2272.6</ele>
   </trkpt>
   <trkpt lat="45.6065210" lon="24.7227160">
    <ele>2274.0</ele>
   </trkpt>
   <trkpt lat="45.6065220" lon="24.7226070">
    <ele>2274.6</ele>
   </trkpt>
   <trkpt lat="45.6065260" lon="24.7225970">
    <ele>2274.8</ele>
   </trkpt>
   <trkpt lat="45.6065290" lon="24.7225720">
    <ele>2275.2</ele>
   </trkpt>
   <trkpt lat="45.6065270" lon="24.7225600">
    <ele>2275.6</ele>
   </trkpt>
   <trkpt lat="45.6065270" lon="24.7225470">
    <ele>2276.2</ele>
   </trkpt>
   <trkpt lat="45.6065240" lon="24.7225300">
    <ele>2276.2</ele>
   </trkpt>
   <trkpt lat="45.6065240" lon="24.7224890">
    <ele>2276.4</ele>
   </trkpt>
   <trkpt lat="45.6065300" lon="24.7224750">
    <ele>2277.2</ele>
   </trkpt>
   <trkpt lat="45.6065290" lon="24.7224630">
    <ele>2277.6</ele>
   </trkpt>
   <trkpt lat="45.6065300" lon="24.7224010">
    <ele>2278.6</ele>
   </trkpt>
   <trkpt lat="45.6065320" lon="24.7223830">
    <ele>2278.8</ele>
   </trkpt>
   <trkpt lat="45.6065380" lon="24.7223500">
    <ele>2279.2</ele>
   </trkpt>
   <trkpt lat="45.6065470" lon="24.7223310">
    <ele>2280.4</ele>
   </trkpt>
   <trkpt lat="45.6065520" lon="24.7223170">
    <ele>2280.6</ele>
   </trkpt>
   <trkpt lat="45.6065540" lon="24.7222890">
    <ele>2281.6</ele>
   </trkpt>
   <trkpt lat="45.6065520" lon="24.7222670">
    <ele>2281.6</ele>
   </trkpt>
   <trkpt lat="45.6065480" lon="24.7222540">
    <ele>2282.4</ele>
   </trkpt>
   <trkpt lat="45.6065490" lon="24.7222510">
    <ele>2282.4</ele>
   </trkpt>
   <trkpt lat="45.6065510" lon="24.7222460">
    <ele>2282.8</ele>
   </trkpt>
   <trkpt lat="45.6065520" lon="24.7222420">
    <ele>2283.0</ele>
   </trkpt>
   <trkpt lat="45.6065500" lon="24.7222210">
    <ele>2283.0</ele>
   </trkpt>
   <trkpt lat="45.6065410" lon="24.7221820">
    <ele>2283.2</ele>
   </trkpt>
   <trkpt lat="45.6065360" lon="24.7221700">
    <ele>2283.2</ele>
   </trkpt>
   <trkpt lat="45.6065260" lon="24.7221450">
    <ele>2284.0</ele>
   </trkpt>
   <trkpt lat="45.6065240" lon="24.7221400">
    <ele>2284.0</ele>
   </trkpt>
   <trkpt lat="45.6065240" lon="24.7221350">
    <ele>2284.0</ele>
   </trkpt>
   <trkpt lat="45.6065280" lon="24.7220680">
    <ele>2285.2</ele>
   </trkpt>
   <trkpt lat="45.6065300" lon="24.7220550">
    <ele>2285.4</ele>
   </trkpt>
   <trkpt lat="45.6065330" lon="24.7220250">
    <ele>2286.2</ele>
   </trkpt>
   <trkpt lat="45.6065360" lon="24.7219870">
    <ele>2287.4</ele>
   </trkpt>
   <trkpt lat="45.6065380" lon="24.7219650">
    <ele>2287.8</ele>
   </trkpt>
   <trkpt lat="45.6065380" lon="24.7219510">
    <ele>2287.8</ele>
   </trkpt>
   <trkpt lat="45.6065410" lon="24.7219200">
    <ele>2288.0</ele>
   </trkpt>
   <trkpt lat="45.6065540" lon="24.7218770">
    <ele>2288.8</ele>
   </trkpt>
   <trkpt lat="45.6065620" lon="24.7218570">
    <ele>2289.0</ele>
   </trkpt>
   <trkpt lat="45.6065710" lon="24.7218260">
    <ele>2289.2</ele>
   </trkpt>
   <trkpt lat="45.6065690" lon="24.7217420">
    <ele>2289.4</ele>
   </trkpt>
   <trkpt lat="45.6065710" lon="24.7217160">
    <ele>2289.8</ele>
   </trkpt>
   <trkpt lat="45.6065740" lon="24.7216690">
    <ele>2290.4</ele>
   </trkpt>
   <trkpt lat="45.6065740" lon="24.7216520">
    <ele>2291.0</ele>
   </trkpt>
   <trkpt lat="45.6065760" lon="24.7216140">
    <ele>2291.2</ele>
   </trkpt>
   <trkpt lat="45.6065770" lon="24.7215480">
    <ele>2292.0</ele>
   </trkpt>
   <trkpt lat="45.6065790" lon="24.7215080">
    <ele>2292.6</ele>
   </trkpt>
   <trkpt lat="45.6065870" lon="24.7214900">
    <ele>2293.4</ele>
   </trkpt>
   <trkpt lat="45.6066040" lon="24.7214660">
    <ele>2294.0</ele>
   </trkpt>
   <trkpt lat="45.6066140" lon="24.7214440">
    <ele>2294.2</ele>
   </trkpt>
   <trkpt lat="45.6066250" lon="24.7213470">
    <ele>2293.8</ele>
   </trkpt>
   <trkpt lat="45.6066190" lon="24.7212850">
    <ele>2294.4</ele>
   </trkpt>
   <trkpt lat="45.6066090" lon="24.7212040">
    <ele>2295.6</ele>
   </trkpt>
   <trkpt lat="45.6066060" lon="24.7211410">
    <ele>2296.6</ele>
   </trkpt>
   <trkpt lat="45.6066080" lon="24.7210920">
    <ele>2297.8</ele>
   </trkpt>
   <trkpt lat="45.6066150" lon="24.7210560">
    <ele>2298.0</ele>
   </trkpt>
   <trkpt lat="45.6066280" lon="24.7210460">
    <ele>2299.0</ele>
   </trkpt>
   <trkpt lat="45.6066300" lon="24.7210420">
    <ele>2299.4</ele>
   </trkpt>
   <trkpt lat="45.6066300" lon="24.7210310">
    <ele>2299.8</ele>
   </trkpt>
   <trkpt lat="45.6066320" lon="24.7210040">
    <ele>2300.0</ele>
   </trkpt>
   <trkpt lat="45.6066320" lon="24.7209920">
    <ele>2300.0</ele>
   </trkpt>
   <trkpt lat="45.6066330" lon="24.7209580">
    <ele>2300.6</ele>
   </trkpt>
   <trkpt lat="45.6066420" lon="24.7208930">
    <ele>2301.2</ele>
   </trkpt>
   <trkpt lat="45.6066530" lon="24.7208510">
    <ele>2302.4</ele>
   </trkpt>
   <trkpt lat="45.6066570" lon="24.7208450">
    <ele>2302.8</ele>
   </trkpt>
   <trkpt lat="45.6066580" lon="24.7208250">
    <ele>2303.0</ele>
   </trkpt>
   <trkpt lat="45.6066580" lon="24.7208100">
    <ele>2303.4</ele>
   </trkpt>
   <trkpt lat="45.6066630" lon="24.7207850">
    <ele>2304.0</ele>
   </trkpt>
   <trkpt lat="45.6066640" lon="24.7207650">
    <ele>2304.0</ele>
   </trkpt>
   <trkpt lat="45.6066680" lon="24.7207200">
    <ele>2304.6</ele>
   </trkpt>
   <trkpt lat="45.6066760" lon="24.7206610">
    <ele>2305.8</ele>
   </trkpt>
   <trkpt lat="45.6066770" lon="24.7206500">
    <ele>2306.0</ele>
   </trkpt>
   <trkpt lat="45.6066930" lon="24.7205840">
    <ele>2306.6</ele>
   </trkpt>
   <trkpt lat="45.6066940" lon="24.7205700">
    <ele>2306.6</ele>
   </trkpt>
   <trkpt lat="45.6066920" lon="24.7205540">
    <ele>2306.8</ele>
   </trkpt>
   <trkpt lat="45.6066980" lon="24.7205070">
    <ele>2308.0</ele>
   </trkpt>
   <trkpt lat="45.6067010" lon="24.7204850">
    <ele>2308.0</ele>
   </trkpt>
   <trkpt lat="45.6067090" lon="24.7203700">
    <ele>2308.8</ele>
   </trkpt>
   <trkpt lat="45.6067120" lon="24.7203220">
    <ele>2309.0</ele>
   </trkpt>
   <trkpt lat="45.6067210" lon="24.7202640">
    <ele>2309.6</ele>
   </trkpt>
   <trkpt lat="45.6067290" lon="24.7202530">
    <ele>2310.2</ele>
   </trkpt>
   <trkpt lat="45.6067670" lon="24.7202320">
    <ele>2310.6</ele>
   </trkpt>
   <trkpt lat="45.6067690" lon="24.7202130">
    <ele>2311.4</ele>
   </trkpt>
   <trkpt lat="45.6067790" lon="24.7201720">
    <ele>2312.2</ele>
   </trkpt>
   <trkpt lat="45.6067830" lon="24.7201680">
    <ele>2312.6</ele>
   </trkpt>
   <trkpt lat="45.6067850" lon="24.7201550">
    <ele>2312.4</ele>
   </trkpt>
   <trkpt lat="45.6067890" lon="24.7201510">
    <ele>2312.4</ele>
   </trkpt>
   <trkpt lat="45.6067850" lon="24.7200930">
    <ele>2313.6</ele>
   </trkpt>
   <trkpt lat="45.6067770" lon="24.7199990">
    <ele>2314.4</ele>
   </trkpt>
   <trkpt lat="45.6067840" lon="24.7199870">
    <ele>2314.8</ele>
   </trkpt>
   <trkpt lat="45.6068050" lon="24.7199480">
    <ele>2314.8</ele>
   </trkpt>
   <trkpt lat="45.6068150" lon="24.7198170">
    <ele>2315.4</ele>
   </trkpt>
   <trkpt lat="45.6068190" lon="24.7198130">
    <ele>2315.8</ele>
   </trkpt>
   <trkpt lat="45.6068290" lon="24.7198180">
    <ele>2316.4</ele>
   </trkpt>
   <trkpt lat="45.6068300" lon="24.7198120">
    <ele>2316.8</ele>
   </trkpt>
   <trkpt lat="45.6068360" lon="24.7198000">
    <ele>2317.2</ele>
   </trkpt>
   <trkpt lat="45.6068410" lon="24.7197980">
    <ele>2317.8</ele>
   </trkpt>
   <trkpt lat="45.6068390" lon="24.7197910">
    <ele>2317.6</ele>
   </trkpt>
   <trkpt lat="45.6068390" lon="24.7197910">
    <ele>2317.8</ele>
   </trkpt>
   <trkpt lat="45.6068410" lon="24.7197980">
    <ele>2317.2</ele>
   </trkpt>
   <trkpt lat="45.6068420" lon="24.7197980">
    <ele>2317.0</ele>
   </trkpt>
   <trkpt lat="45.6068420" lon="24.7198000">
    <ele>2316.8</ele>
   </trkpt>
   <trkpt lat="45.6068430" lon="24.7198020">
    <ele>2316.8</ele>
   </trkpt>
   <trkpt lat="45.6068440" lon="24.7198020">
    <ele>2316.8</ele>
   </trkpt>
   <trkpt lat="45.6068450" lon="24.7198020">
    <ele>2316.6</ele>
   </trkpt>
   <trkpt lat="45.6068460" lon="24.7198020">
    <ele>2316.4</ele>
   </trkpt>
   <trkpt lat="45.6068460" lon="24.7198020">
    <ele>2316.6</ele>
   </trkpt>
   <trkpt lat="45.6068420" lon="24.7198030">
    <ele>2316.4</ele>
   </trkpt>
   <trkpt lat="45.6068420" lon="24.7198030">
    <ele>2316.4</ele>
   </trkpt>
   <trkpt lat="45.6068420" lon="24.7198030">
    <ele>2316.2</ele>
   </trkpt>
   <trkpt lat="45.6068370" lon="24.7198040">
    <ele>2316.2</ele>
   </trkpt>
   <trkpt lat="45.6068360" lon="24.7198040">
    <ele>2316.2</ele>
   </trkpt>
   <trkpt lat="45.6068360" lon="24.7198040">
    <ele>2316.2</ele>
   </trkpt>
   <trkpt lat="45.6068350" lon="24.7198030">
    <ele>2316.2</ele>
   </trkpt>
   <trkpt lat="45.6068340" lon="24.7198030">
    <ele>2316.0</ele>
   </trkpt>
   <trkpt lat="45.6068360" lon="24.7198010">
    <ele>2317.4</ele>
   </trkpt>
   <trkpt lat="45.6068370" lon="24.7197990">
    <ele>2317.4</ele>
   </trkpt>
   <trkpt lat="45.6068370" lon="24.7197990">
    <ele>2317.4</ele>
   </trkpt>
   <trkpt lat="45.6068380" lon="24.7197980">
    <ele>2317.4</ele>
   </trkpt>
   <trkpt lat="45.6068410" lon="24.7197700">
    <ele>2317.8</ele>
   </trkpt>
   <trkpt lat="45.6068420" lon="24.7197610">
    <ele>2318.0</ele>
   </trkpt>
   <trkpt lat="45.6068420" lon="24.7197580">
    <ele>2318.0</ele>
   </trkpt>
   <trkpt lat="45.6068420" lon="24.7197570">
    <ele>2318.0</ele>
   </trkpt>
   <trkpt lat="45.6068430" lon="24.7197540">
    <ele>2318.0</ele>
   </trkpt>
   <trkpt lat="45.6068440" lon="24.7197500">
    <ele>2318.0</ele>
   </trkpt>
   <trkpt lat="45.6068450" lon="24.7197470">
    <ele>2318.0</ele>
   </trkpt>
   <trkpt lat="45.6068500" lon="24.7197450">
    <ele>2317.8</ele>
   </trkpt>
   <trkpt lat="45.6068540" lon="24.7197450">
    <ele>2317.0</ele>
   </trkpt>
   <trkpt lat="45.6068550" lon="24.7197460">
    <ele>2316.8</ele>
   </trkpt>
   <trkpt lat="45.6068570" lon="24.7197480">
    <ele>2316.6</ele>
   </trkpt>
   <trkpt lat="45.6068600" lon="24.7197480">
    <ele>2316.8</ele>
   </trkpt>
   <trkpt lat="45.6068630" lon="24.7197470">
    <ele>2316.8</ele>
   </trkpt>
   <trkpt lat="45.6068650" lon="24.7197460">
    <ele>2316.4</ele>
   </trkpt>
   <trkpt lat="45.6068650" lon="24.7197450">
    <ele>2316.4</ele>
   </trkpt>
   <trkpt lat="45.6068610" lon="24.7197410">
    <ele>2316.0</ele>
   </trkpt>
   <trkpt lat="45.6068600" lon="24.7197410">
    <ele>2315.6</ele>
   </trkpt>
   <trkpt lat="45.6068600" lon="24.7197410">
    <ele>2315.8</ele>
   </trkpt>
   <trkpt lat="45.6068600" lon="24.7197410">
    <ele>2315.8</ele>
   </trkpt>
   <trkpt lat="45.6068600" lon="24.7197410">
    <ele>2315.8</ele>
   </trkpt>
   <trkpt lat="45.6068590" lon="24.7197410">
    <ele>2315.8</ele>
   </trkpt>
   <trkpt lat="45.6068590" lon="24.7197410">
    <ele>2315.6</ele>
   </trkpt>
   <trkpt lat="45.6068590" lon="24.7197410">
    <ele>2315.4</ele>
   </trkpt>
   <trkpt lat="45.6068590" lon="24.7197410">
    <ele>2315.4</ele>
   </trkpt>
   <trkpt lat="45.6068590" lon="24.7197410">
    <ele>2315.2</ele>
   </trkpt>
   <trkpt lat="45.6068590" lon="24.7197410">
    <ele>2315.0</ele>
   </trkpt>
   <trkpt lat="45.6068590" lon="24.7197420">
    <ele>2315.2</ele>
   </trkpt>
   <trkpt lat="45.6068590" lon="24.7197420">
    <ele>2315.2</ele>
   </trkpt>
   <trkpt lat="45.6068590" lon="24.7197420">
    <ele>2315.2</ele>
   </trkpt>
   <trkpt lat="45.6068590" lon="24.7197430">
    <ele>2315.2</ele>
   </trkpt>
   <trkpt lat="45.6068590" lon="24.7197430">
    <ele>2315.2</ele>
   </trkpt>
   <trkpt lat="45.6068590" lon="24.7197430">
    <ele>2315.2</ele>
   </trkpt>
   <trkpt lat="45.6068580" lon="24.7197440">
    <ele>2315.2</ele>
   </trkpt>
   <trkpt lat="45.6068580" lon="24.7197450">
    <ele>2315.2</ele>
   </trkpt>
   <trkpt lat="45.6068580" lon="24.7197450">
    <ele>2315.2</ele>
   </trkpt>
   <trkpt lat="45.6068580" lon="24.7197460">
    <ele>2315.2</ele>
   </trkpt>
   <trkpt lat="45.6068580" lon="24.7197460">
    <ele>2315.2</ele>
   </trkpt>
   <trkpt lat="45.6068570" lon="24.7197480">
    <ele>2315.2</ele>
   </trkpt>
   <trkpt lat="45.6068570" lon="24.7197480">
    <ele>2315.2</ele>
   </trkpt>
   <trkpt lat="45.6068570" lon="24.7197480">
    <ele>2315.2</ele>
   </trkpt>
   <trkpt lat="45.6068570" lon="24.7197490">
    <ele>2315.2</ele>
   </trkpt>
   <trkpt lat="45.6068570" lon="24.7197490">
    <ele>2315.2</ele>
   </trkpt>
   <trkpt lat="45.6068570" lon="24.7197490">
    <ele>2315.2</ele>
   </trkpt>
   <trkpt lat="45.6068560" lon="24.7197490">
    <ele>2315.2</ele>
   </trkpt>
   <trkpt lat="45.6068560" lon="24.7197490">
    <ele>2315.2</ele>
   </trkpt>
   <trkpt lat="45.6068560" lon="24.7197500">
    <ele>2315.2</ele>
   </trkpt>
   <trkpt lat="45.6068560" lon="24.7197520">
    <ele>2315.2</ele>
   </trkpt>
   <trkpt lat="45.6068570" lon="24.7197530">
    <ele>2315.2</ele>
   </trkpt>
   <trkpt lat="45.6068570" lon="24.7197530">
    <ele>2315.2</ele>
   </trkpt>
   <trkpt lat="45.6068570" lon="24.7197530">
    <ele>2315.2</ele>
   </trkpt>
   <trkpt lat="45.6068570" lon="24.7197550">
    <ele>2315.2</ele>
   </trkpt>
   <trkpt lat="45.6068560" lon="24.7197550">
    <ele>2315.2</ele>
   </trkpt>
   <trkpt lat="45.6068560" lon="24.7197560">
    <ele>2315.2</ele>
   </trkpt>
   <trkpt lat="45.6068560" lon="24.7197560">
    <ele>2315.2</ele>
   </trkpt>
   <trkpt lat="45.6068560" lon="24.7197560">
    <ele>2315.2</ele>
   </trkpt>
   <trkpt lat="45.6068550" lon="24.7197570">
    <ele>2315.2</ele>
   </trkpt>
   <trkpt lat="45.6068550" lon="24.7197580">
    <ele>2315.2</ele>
   </trkpt>
   <trkpt lat="45.6068550" lon="24.7197580">
    <ele>2315.2</ele>
   </trkpt>
   <trkpt lat="45.6068550" lon="24.7197580">
    <ele>2315.2</ele>
   </trkpt>
   <trkpt lat="45.6068540" lon="24.7197590">
    <ele>2315.2</ele>
   </trkpt>
   <trkpt lat="45.6068540" lon="24.7197590">
    <ele>2315.2</ele>
   </trkpt>
   <trkpt lat="45.6068540" lon="24.7197600">
    <ele>2315.2</ele>
   </trkpt>
   <trkpt lat="45.6068540" lon="24.7197600">
    <ele>2315.2</ele>
   </trkpt>
   <trkpt lat="45.6068540" lon="24.7197600">
    <ele>2315.2</ele>
   </trkpt>
   <trkpt lat="45.6068530" lon="24.7197600">
    <ele>2315.2</ele>
   </trkpt>
   <trkpt lat="45.6068530" lon="24.7197610">
    <ele>2315.2</ele>
   </trkpt>
   <trkpt lat="45.6068530" lon="24.7197610">
    <ele>2315.2</ele>
   </trkpt>
   <trkpt lat="45.6068530" lon="24.7197620">
    <ele>2315.2</ele>
   </trkpt>
   <trkpt lat="45.6068530" lon="24.7197630">
    <ele>2315.2</ele>
   </trkpt>
   <trkpt lat="45.6068530" lon="24.7197630">
    <ele>2315.2</ele>
   </trkpt>
   <trkpt lat="45.6068520" lon="24.7197630">
    <ele>2315.2</ele>
   </trkpt>
   <trkpt lat="45.6068520" lon="24.7197630">
    <ele>2315.2</ele>
   </trkpt>
   <trkpt lat="45.6068520" lon="24.7197630">
    <ele>2315.2</ele>
   </trkpt>
   <trkpt lat="45.6068520" lon="24.7197640">
    <ele>2315.2</ele>
   </trkpt>
   <trkpt lat="45.6068520" lon="24.7197640">
    <ele>2315.2</ele>
   </trkpt>
   <trkpt lat="45.6068520" lon="24.7197650">
    <ele>2315.2</ele>
   </trkpt>
   <trkpt lat="45.6068520" lon="24.7197650">
    <ele>2315.2</ele>
   </trkpt>
   <trkpt lat="45.6068520" lon="24.7197660">
    <ele>2315.2</ele>
   </trkpt>
   <trkpt lat="45.6068520" lon="24.7197660">
    <ele>2315.2</ele>
   </trkpt>
   <trkpt lat="45.6068520" lon="24.7197660">
    <ele>2315.2</ele>
   </trkpt>
   <trkpt lat="45.6068520" lon="24.7197660">
    <ele>2315.2</ele>
   </trkpt>
   <trkpt lat="45.6068510" lon="24.7197670">
    <ele>2315.2</ele>
   </trkpt>
   <trkpt lat="45.6068510" lon="24.7197670">
    <ele>2315.2</ele>
   </trkpt>
   <trkpt lat="45.6068510" lon="24.7197670">
    <ele>2315.2</ele>
   </trkpt>
   <trkpt lat="45.6068510" lon="24.7197670">
    <ele>2315.2</ele>
   </trkpt>
   <trkpt lat="45.6068510" lon="24.7197670">
    <ele>2315.2</ele>
   </trkpt>
   <trkpt lat="45.6068510" lon="24.7197670">
    <ele>2315.2</ele>
   </trkpt>
   <trkpt lat="45.6068510" lon="24.7197670">
    <ele>2315.2</ele>
   </trkpt>
   <trkpt lat="45.6068510" lon="24.7197670">
    <ele>2315.2</ele>
   </trkpt>
   <trkpt lat="45.6068510" lon="24.7197670">
    <ele>2315.2</ele>
   </trkpt>
   <trkpt lat="45.6068510" lon="24.7197670">
    <ele>2315.2</ele>
   </trkpt>
   <trkpt lat="45.6068510" lon="24.7197670">
    <ele>2315.2</ele>
   </trkpt>
   <trkpt lat="45.6068510" lon="24.7197670">
    <ele>2315.2</ele>
   </trkpt>
   <trkpt lat="45.6068510" lon="24.7197670">
    <ele>2315.2</ele>
   </trkpt>
   <trkpt lat="45.6068510" lon="24.7197680">
    <ele>2315.2</ele>
   </trkpt>
   <trkpt lat="45.6068510" lon="24.7197680">
    <ele>2315.2</ele>
   </trkpt>
   <trkpt lat="45.6068510" lon="24.7197680">
    <ele>2315.2</ele>
   </trkpt>
   <trkpt lat="45.6068510" lon="24.7197680">
    <ele>2315.2</ele>
   </trkpt>
   <trkpt lat="45.6068510" lon="24.7197680">
    <ele>2315.2</ele>
   </trkpt>
   <trkpt lat="45.6068510" lon="24.7197680">
    <ele>2315.2</ele>
   </trkpt>
   <trkpt lat="45.6068510" lon="24.7197680">
    <ele>2315.2</ele>
   </trkpt>
   <trkpt lat="45.6068500" lon="24.7197690">
    <ele>2315.2</ele>
   </trkpt>
   <trkpt lat="45.6068500" lon="24.7197690">
    <ele>2315.2</ele>
   </trkpt>
   <trkpt lat="45.6068500" lon="24.7197690">
    <ele>2315.2</ele>
   </trkpt>
   <trkpt lat="45.6068500" lon="24.7197690">
    <ele>2315.2</ele>
   </trkpt>
   <trkpt lat="45.6068500" lon="24.7197690">
    <ele>2315.2</ele>
   </trkpt>
   <trkpt lat="45.6068500" lon="24.7197690">
    <ele>2315.2</ele>
   </trkpt>
   <trkpt lat="45.6068500" lon="24.7197700">
    <ele>2315.2</ele>
   </trkpt>
   <trkpt lat="45.6068500" lon="24.7197700">
    <ele>2315.2</ele>
   </trkpt>
   <trkpt lat="45.6068500" lon="24.7197700">
    <ele>2315.2</ele>
   </trkpt>
   <trkpt lat="45.6068490" lon="24.7197710">
    <ele>2315.2</ele>
   </trkpt>
   <trkpt lat="45.6068490" lon="24.7197720">
    <ele>2315.2</ele>
   </trkpt>
   <trkpt lat="45.6068480" lon="24.7197720">
    <ele>2315.2</ele>
   </trkpt>
   <trkpt lat="45.6068480" lon="24.7197720">
    <ele>2315.2</ele>
   </trkpt>
   <trkpt lat="45.6068490" lon="24.7197720">
    <ele>2315.2</ele>
   </trkpt>
   <trkpt lat="45.6068490" lon="24.7197720">
    <ele>2315.2</ele>
   </trkpt>
   <trkpt lat="45.6068490" lon="24.7197720">
    <ele>2315.2</ele>
   </trkpt>
   <trkpt lat="45.6068490" lon="24.7197720">
    <ele>2315.2</ele>
   </trkpt>
   <trkpt lat="45.6068490" lon="24.7197720">
    <ele>2315.2</ele>
   </trkpt>
   <trkpt lat="45.6068490" lon="24.7197720">
    <ele>2315.2</ele>
   </trkpt>
   <trkpt lat="45.6068490" lon="24.7197720">
    <ele>2315.2</ele>
   </trkpt>
   <trkpt lat="45.6068490" lon="24.7197710">
    <ele>2315.2</ele>
   </trkpt>
   <trkpt lat="45.6068490" lon="24.7197710">
    <ele>2315.2</ele>
   </trkpt>
   <trkpt lat="45.6068490" lon="24.7197710">
    <ele>2315.2</ele>
   </trkpt>
   <trkpt lat="45.6068490" lon="24.7197720">
    <ele>2315.2</ele>
   </trkpt>
   <trkpt lat="45.6068490" lon="24.7197720">
    <ele>2315.2</ele>
   </trkpt>
   <trkpt lat="45.6068490" lon="24.7197720">
    <ele>2315.2</ele>
   </trkpt>
   <trkpt lat="45.6068490" lon="24.7197720">
    <ele>2315.2</ele>
   </trkpt>
   <trkpt lat="45.6068490" lon="24.7197720">
    <ele>2315.2</ele>
   </trkpt>
   <trkpt lat="45.6068490" lon="24.7197720">
    <ele>2315.2</ele>
   </trkpt>
   <trkpt lat="45.6068480" lon="24.7197730">
    <ele>2315.2</ele>
   </trkpt>
   <trkpt lat="45.6068480" lon="24.7197730">
    <ele>2315.2</ele>
   </trkpt>
   <trkpt lat="45.6068480" lon="24.7197730">
    <ele>2315.2</ele>
   </trkpt>
   <trkpt lat="45.6068480" lon="24.7197730">
    <ele>2315.2</ele>
   </trkpt>
   <trkpt lat="45.6068250" lon="24.7198430">
    <ele>2315.2</ele>
   </trkpt>
   <trkpt lat="45.6068200" lon="24.7198960">
    <ele>2315.2</ele>
   </trkpt>
   <trkpt lat="45.6068210" lon="24.7199330">
    <ele>2315.2</ele>
   </trkpt>
   <trkpt lat="45.6068180" lon="24.7199460">
    <ele>2315.2</ele>
   </trkpt>
   <trkpt lat="45.6068180" lon="24.7199460">
    <ele>2315.2</ele>
   </trkpt>
   <trkpt lat="45.6068280" lon="24.7199210">
    <ele>2315.2</ele>
   </trkpt>
   <trkpt lat="45.6068310" lon="24.7199180">
    <ele>2315.2</ele>
   </trkpt>
   <trkpt lat="45.6068300" lon="24.7198900">
    <ele>2315.2</ele>
   </trkpt>
   <trkpt lat="45.6068320" lon="24.7198900">
    <ele>2315.2</ele>
   </trkpt>
   <trkpt lat="45.6068330" lon="24.7198920">
    <ele>2315.2</ele>
   </trkpt>
   <trkpt lat="45.6068330" lon="24.7198940">
    <ele>2315.2</ele>
   </trkpt>
   <trkpt lat="45.6068330" lon="24.7198980">
    <ele>2315.2</ele>
   </trkpt>
   <trkpt lat="45.6067980" lon="24.7199570">
    <ele>2315.2</ele>
   </trkpt>
   <trkpt lat="45.6067940" lon="24.7200870">
    <ele>2315.2</ele>
   </trkpt>
   <trkpt lat="45.6068030" lon="24.7201360">
    <ele>2315.2</ele>
   </trkpt>
   <trkpt lat="45.6068040" lon="24.7201400">
    <ele>2315.2</ele>
   </trkpt>
   <trkpt lat="45.6068040" lon="24.7201460">
    <ele>2315.2</ele>
   </trkpt>
   <trkpt lat="45.6067930" lon="24.7201590">
    <ele>2315.2</ele>
   </trkpt>
   <trkpt lat="45.6067880" lon="24.7201590">
    <ele>2309.0</ele>
   </trkpt>
   <trkpt lat="45.6067880" lon="24.7201590">
    <ele>2309.0</ele>
   </trkpt>
   <trkpt lat="45.6067920" lon="24.7201550">
    <ele>2309.2</ele>
   </trkpt>
   <trkpt lat="45.6067900" lon="24.7201380">
    <ele>2308.8</ele>
   </trkpt>
   <trkpt lat="45.6067900" lon="24.7201380">
    <ele>2308.6</ele>
   </trkpt>
   <trkpt lat="45.6067900" lon="24.7201380">
    <ele>2308.4</ele>
   </trkpt>
   <trkpt lat="45.6067890" lon="24.7201370">
    <ele>2308.0</ele>
   </trkpt>
   <trkpt lat="45.6067900" lon="24.7201410">
    <ele>2308.2</ele>
   </trkpt>
   <trkpt lat="45.6067990" lon="24.7201480">
    <ele>2308.2</ele>
   </trkpt>
   <trkpt lat="45.6067970" lon="24.7200900">
    <ele>2308.2</ele>
   </trkpt>
   <trkpt lat="45.6067980" lon="24.7199660">
    <ele>2308.2</ele>
   </trkpt>
   <trkpt lat="45.6068070" lon="24.7199520">
    <ele>2308.2</ele>
   </trkpt>
   <trkpt lat="45.6068050" lon="24.7199080">
    <ele>2311.0</ele>
   </trkpt>
   <trkpt lat="45.6068020" lon="24.7198870">
    <ele>2311.0</ele>
   </trkpt>
   <trkpt lat="45.6068110" lon="24.7198760">
    <ele>2311.2</ele>
   </trkpt>
   <trkpt lat="45.6068080" lon="24.7198800">
    <ele>2311.2</ele>
   </trkpt>
   <trkpt lat="45.6068060" lon="24.7198800">
    <ele>2310.8</ele>
   </trkpt>
   <trkpt lat="45.6068000" lon="24.7198800">
    <ele>2310.6</ele>
   </trkpt>
   <trkpt lat="45.6067990" lon="24.7198790">
    <ele>2310.4</ele>
   </trkpt>
   <trkpt lat="45.6068010" lon="24.7198770">
    <ele>2310.6</ele>
   </trkpt>
   <trkpt lat="45.6068040" lon="24.7198770">
    <ele>2310.6</ele>
   </trkpt>
   <trkpt lat="45.6068050" lon="24.7198780">
    <ele>2310.6</ele>
   </trkpt>
   <trkpt lat="45.6068050" lon="24.7198770">
    <ele>2310.6</ele>
   </trkpt>
   <trkpt lat="45.6068040" lon="24.7198770">
    <ele>2310.6</ele>
   </trkpt>
   <trkpt lat="45.6068030" lon="24.7198770">
    <ele>2310.6</ele>
   </trkpt>
   <trkpt lat="45.6068020" lon="24.7198770">
    <ele>2310.6</ele>
   </trkpt>
   <trkpt lat="45.6067960" lon="24.7198760">
    <ele>2310.6</ele>
   </trkpt>
   <trkpt lat="45.6067950" lon="24.7198770">
    <ele>2310.6</ele>
   </trkpt>
   <trkpt lat="45.6067960" lon="24.7198770">
    <ele>2310.6</ele>
   </trkpt>
   <trkpt lat="45.6067960" lon="24.7198770">
    <ele>2310.6</ele>
   </trkpt>
   <trkpt lat="45.6068030" lon="24.7198770">
    <ele>2310.6</ele>
   </trkpt>
   <trkpt lat="45.6068030" lon="24.7198770">
    <ele>2310.6</ele>
   </trkpt>
   <trkpt lat="45.6068000" lon="24.7198460">
    <ele>2310.6</ele>
   </trkpt>
   <trkpt lat="45.6068000" lon="24.7198100">
    <ele>2310.6</ele>
   </trkpt>
   <trkpt lat="45.6067940" lon="24.7197670">
    <ele>2310.6</ele>
   </trkpt>
   <trkpt lat="45.6067860" lon="24.7196850">
    <ele>2310.6</ele>
   </trkpt>
   <trkpt lat="45.6067850" lon="24.7196260">
    <ele>2312.2</ele>
   </trkpt>
   <trkpt lat="45.6067960" lon="24.7196110">
    <ele>2313.6</ele>
   </trkpt>
   <trkpt lat="45.6067930" lon="24.7195870">
    <ele>2314.6</ele>
   </trkpt>
   <trkpt lat="45.6067910" lon="24.7195780">
    <ele>2314.8</ele>
   </trkpt>
   <trkpt lat="45.6067830" lon="24.7195330">
    <ele>2315.2</ele>
   </trkpt>
   <trkpt lat="45.6067830" lon="24.7195160">
    <ele>2315.2</ele>
   </trkpt>
   <trkpt lat="45.6067880" lon="24.7194880">
    <ele>2316.0</ele>
   </trkpt>
   <trkpt lat="45.6067920" lon="24.7194330">
    <ele>2316.4</ele>
   </trkpt>
   <trkpt lat="45.6067860" lon="24.7193820">
    <ele>2317.0</ele>
   </trkpt>
   <trkpt lat="45.6067820" lon="24.7193600">
    <ele>2316.6</ele>
   </trkpt>
   <trkpt lat="45.6067500" lon="24.7192970">
    <ele>2315.8</ele>
   </trkpt>
   <trkpt lat="45.6067300" lon="24.7192410">
    <ele>2315.6</ele>
   </trkpt>
   <trkpt lat="45.6067020" lon="24.7191780">
    <ele>2315.2</ele>
   </trkpt>
   <trkpt lat="45.6067010" lon="24.7191660">
    <ele>2315.2</ele>
   </trkpt>
   <trkpt lat="45.6066950" lon="24.7191610">
    <ele>2315.2</ele>
   </trkpt>
   <trkpt lat="45.6066910" lon="24.7191430">
    <ele>2315.4</ele>
   </trkpt>
   <trkpt lat="45.6066780" lon="24.7191170">
    <ele>2315.6</ele>
   </trkpt>
   <trkpt lat="45.6066730" lon="24.7191080">
    <ele>2315.8</ele>
   </trkpt>
   <trkpt lat="45.6066620" lon="24.7190940">
    <ele>2315.8</ele>
   </trkpt>
   <trkpt lat="45.6066510" lon="24.7190650">
    <ele>2315.8</ele>
   </trkpt>
   <trkpt lat="45.6066520" lon="24.7190580">
    <ele>2315.8</ele>
   </trkpt>
   <trkpt lat="45.6066530" lon="24.7190510">
    <ele>2315.8</ele>
   </trkpt>
   <trkpt lat="45.6066520" lon="24.7190440">
    <ele>2316.4</ele>
   </trkpt>
   <trkpt lat="45.6066530" lon="24.7190360">
    <ele>2316.4</ele>
   </trkpt>
   <trkpt lat="45.6066510" lon="24.7190260">
    <ele>2316.6</ele>
   </trkpt>
   <trkpt lat="45.6066490" lon="24.7190160">
    <ele>2316.6</ele>
   </trkpt>
   <trkpt lat="45.6066380" lon="24.7189740">
    <ele>2316.8</ele>
   </trkpt>
   <trkpt lat="45.6066270" lon="24.7189480">
    <ele>2316.8</ele>
   </trkpt>
   <trkpt lat="45.6066250" lon="24.7189320">
    <ele>2317.2</ele>
   </trkpt>
   <trkpt lat="45.6066210" lon="24.7189210">
    <ele>2317.2</ele>
   </trkpt>
   <trkpt lat="45.6066170" lon="24.7188830">
    <ele>2318.0</ele>
   </trkpt>
   <trkpt lat="45.6066130" lon="24.7188830">
    <ele>2318.2</ele>
   </trkpt>
   <trkpt lat="45.6066110" lon="24.7188840">
    <ele>2318.2</ele>
   </trkpt>
   <trkpt lat="45.6066110" lon="24.7188840">
    <ele>2318.0</ele>
   </trkpt>
   <trkpt lat="45.6066110" lon="24.7188840">
    <ele>2318.0</ele>
   </trkpt>
   <trkpt lat="45.6065950" lon="24.7188220">
    <ele>2318.2</ele>
   </trkpt>
   <trkpt lat="45.6065710" lon="24.7187710">
    <ele>2319.0</ele>
   </trkpt>
   <trkpt lat="45.6065560" lon="24.7187390">
    <ele>2319.2</ele>
   </trkpt>
   <trkpt lat="45.6065120" lon="24.7186590">
    <ele>2318.8</ele>
   </trkpt>
   <trkpt lat="45.6064570" lon="24.7185620">
    <ele>2318.6</ele>
   </trkpt>
   <trkpt lat="45.6064340" lon="24.7184980">
    <ele>2318.6</ele>
   </trkpt>
   <trkpt lat="45.6064120" lon="24.7184620">
    <ele>2318.8</ele>
   </trkpt>
   <trkpt lat="45.6064020" lon="24.7184520">
    <ele>2319.0</ele>
   </trkpt>
   <trkpt lat="45.6063980" lon="24.7184450">
    <ele>2319.0</ele>
   </trkpt>
   <trkpt lat="45.6063810" lon="24.7184130">
    <ele>2319.0</ele>
   </trkpt>
   <trkpt lat="45.6063770" lon="24.7183880">
    <ele>2319.0</ele>
   </trkpt>
   <trkpt lat="45.6063750" lon="24.7183590">
    <ele>2318.8</ele>
   </trkpt>
   <trkpt lat="45.6063440" lon="24.7182560">
    <ele>2320.0</ele>
   </trkpt>
   <trkpt lat="45.6063390" lon="24.7182430">
    <ele>2320.4</ele>
   </trkpt>
   <trkpt lat="45.6063250" lon="24.7181970">
    <ele>2321.0</ele>
   </trkpt>
   <trkpt lat="45.6063180" lon="24.7181890">
    <ele>2321.2</ele>
   </trkpt>
   <trkpt lat="45.6063100" lon="24.7181810">
    <ele>2321.4</ele>
   </trkpt>
   <trkpt lat="45.6062900" lon="24.7181540">
    <ele>2321.6</ele>
   </trkpt>
   <trkpt lat="45.6062730" lon="24.7181050">
    <ele>2322.2</ele>
   </trkpt>
   <trkpt lat="45.6062630" lon="24.7180670">
    <ele>2323.0</ele>
   </trkpt>
   <trkpt lat="45.6062570" lon="24.7180550">
    <ele>2323.0</ele>
   </trkpt>
   <trkpt lat="45.6062540" lon="24.7180430">
    <ele>2323.2</ele>
   </trkpt>
   <trkpt lat="45.6062530" lon="24.7180200">
    <ele>2323.6</ele>
   </trkpt>
   <trkpt lat="45.6062540" lon="24.7180070">
    <ele>2323.6</ele>
   </trkpt>
   <trkpt lat="45.6062440" lon="24.7179760">
    <ele>2324.2</ele>
   </trkpt>
   <trkpt lat="45.6062350" lon="24.7179470">
    <ele>2324.6</ele>
   </trkpt>
   <trkpt lat="45.6062200" lon="24.7179090">
    <ele>2325.0</ele>
   </trkpt>
   <trkpt lat="45.6062150" lon="24.7178970">
    <ele>2325.0</ele>
   </trkpt>
   <trkpt lat="45.6061760" lon="24.7178390">
    <ele>2324.4</ele>
   </trkpt>
   <trkpt lat="45.6061720" lon="24.7178330">
    <ele>2324.4</ele>
   </trkpt>
   <trkpt lat="45.6061370" lon="24.7177490">
    <ele>2323.8</ele>
   </trkpt>
   <trkpt lat="45.6061230" lon="24.7176600">
    <ele>2324.4</ele>
   </trkpt>
   <trkpt lat="45.6061190" lon="24.7176480">
    <ele>2324.4</ele>
   </trkpt>
   <trkpt lat="45.6060530" lon="24.7175810">
    <ele>2325.0</ele>
   </trkpt>
   <trkpt lat="45.6060420" lon="24.7175750">
    <ele>2325.2</ele>
   </trkpt>
   <trkpt lat="45.6059980" lon="24.7175220">
    <ele>2324.6</ele>
   </trkpt>
   <trkpt lat="45.6059590" lon="24.7174830">
    <ele>2324.8</ele>
   </trkpt>
   <trkpt lat="45.6059270" lon="24.7174370">
    <ele>2325.4</ele>
   </trkpt>
   <trkpt lat="45.6059260" lon="24.7174370">
    <ele>2325.4</ele>
   </trkpt>
   <trkpt lat="45.6059250" lon="24.7174390">
    <ele>2325.2</ele>
   </trkpt>
   <trkpt lat="45.6059210" lon="24.7174390">
    <ele>2325.2</ele>
   </trkpt>
   <trkpt lat="45.6058720" lon="24.7174050">
    <ele>2325.8</ele>
   </trkpt>
   <trkpt lat="45.6058110" lon="24.7173290">
    <ele>2326.0</ele>
   </trkpt>
   <trkpt lat="45.6057260" lon="24.7172370">
    <ele>2325.8</ele>
   </trkpt>
   <trkpt lat="45.6056480" lon="24.7171160">
    <ele>2325.2</ele>
   </trkpt>
   <trkpt lat="45.6056170" lon="24.7171060">
    <ele>2325.2</ele>
   </trkpt>
   <trkpt lat="45.6055910" lon="24.7171070">
    <ele>2326.0</ele>
   </trkpt>
   <trkpt lat="45.6055680" lon="24.7171160">
    <ele>2326.2</ele>
   </trkpt>
   <trkpt lat="45.6055560" lon="24.7171170">
    <ele>2326.4</ele>
   </trkpt>
   <trkpt lat="45.6055360" lon="24.7171140">
    <ele>2326.6</ele>
   </trkpt>
   <trkpt lat="45.6055010" lon="24.7171170">
    <ele>2327.0</ele>
   </trkpt>
   <trkpt lat="45.6054930" lon="24.7171220">
    <ele>2327.0</ele>
   </trkpt>
   <trkpt lat="45.6054330" lon="24.7171300">
    <ele>2326.8</ele>
   </trkpt>
   <trkpt lat="45.6054140" lon="24.7171380">
    <ele>2326.6</ele>
   </trkpt>
   <trkpt lat="45.6054080" lon="24.7171390">
    <ele>2326.4</ele>
   </trkpt>
   <trkpt lat="45.6053980" lon="24.7171350">
    <ele>2325.8</ele>
   </trkpt>
   <trkpt lat="45.6054000" lon="24.7171340">
    <ele>2325.6</ele>
   </trkpt>
   <trkpt lat="45.6053840" lon="24.7171310">
    <ele>2325.4</ele>
   </trkpt>
   <trkpt lat="45.6053790" lon="24.7171290">
    <ele>2325.4</ele>
   </trkpt>
   <trkpt lat="45.6053740" lon="24.7171310">
    <ele>2325.8</ele>
   </trkpt>
   <trkpt lat="45.6053270" lon="24.7171240">
    <ele>2326.2</ele>
   </trkpt>
   <trkpt lat="45.6052950" lon="24.7171170">
    <ele>2326.2</ele>
   </trkpt>
   <trkpt lat="45.6052810" lon="24.7171030">
    <ele>2326.4</ele>
   </trkpt>
   <trkpt lat="45.6052740" lon="24.7171040">
    <ele>2326.4</ele>
   </trkpt>
   <trkpt lat="45.6052120" lon="24.7170940">
    <ele>2326.4</ele>
   </trkpt>
   <trkpt lat="45.6051990" lon="24.7171080">
    <ele>2326.0</ele>
   </trkpt>
   <trkpt lat="45.6051730" lon="24.7171230">
    <ele>2325.0</ele>
   </trkpt>
   <trkpt lat="45.6051550" lon="24.7171230">
    <ele>2324.4</ele>
   </trkpt>
   <trkpt lat="45.6051380" lon="24.7171260">
    <ele>2324.0</ele>
   </trkpt>
   <trkpt lat="45.6051070" lon="24.7171350">
    <ele>2323.4</ele>
   </trkpt>
   <trkpt lat="45.6050850" lon="24.7171320">
    <ele>2322.8</ele>
   </trkpt>
   <trkpt lat="45.6050610" lon="24.7171360">
    <ele>2321.8</ele>
   </trkpt>
   <trkpt lat="45.6050350" lon="24.7171470">
    <ele>2320.4</ele>
   </trkpt>
   <trkpt lat="45.6050060" lon="24.7171460">
    <ele>2320.4</ele>
   </trkpt>
   <trkpt lat="45.6049820" lon="24.7171610">
    <ele>2319.4</ele>
   </trkpt>
   <trkpt lat="45.6049750" lon="24.7171600">
    <ele>2319.4</ele>
   </trkpt>
   <trkpt lat="45.6049650" lon="24.7171610">
    <ele>2319.2</ele>
   </trkpt>
   <trkpt lat="45.6049530" lon="24.7171620">
    <ele>2318.8</ele>
   </trkpt>
   <trkpt lat="45.6049470" lon="24.7171620">
    <ele>2318.6</ele>
   </trkpt>
   <trkpt lat="45.6049390" lon="24.7171610">
    <ele>2318.4</ele>
   </trkpt>
   <trkpt lat="45.6049310" lon="24.7171600">
    <ele>2318.4</ele>
   </trkpt>
   <trkpt lat="45.6048930" lon="24.7171440">
    <ele>2317.2</ele>
   </trkpt>
   <trkpt lat="45.6048760" lon="24.7171430">
    <ele>2316.4</ele>
   </trkpt>
   <trkpt lat="45.6048610" lon="24.7171340">
    <ele>2316.2</ele>
   </trkpt>
   <trkpt lat="45.6048510" lon="24.7171340">
    <ele>2316.2</ele>
   </trkpt>
   <trkpt lat="45.6048340" lon="24.7171370">
    <ele>2316.0</ele>
   </trkpt>
   <trkpt lat="45.6048130" lon="24.7171280">
    <ele>2315.0</ele>
   </trkpt>
   <trkpt lat="45.6048020" lon="24.7171250">
    <ele>2315.0</ele>
   </trkpt>
   <trkpt lat="45.6047760" lon="24.7171120">
    <ele>2314.4</ele>
   </trkpt>
   <trkpt lat="45.6047770" lon="24.7171100">
    <ele>2314.4</ele>
   </trkpt>
   <trkpt lat="45.6047750" lon="24.7171070">
    <ele>2314.4</ele>
   </trkpt>
   <trkpt lat="45.6047600" lon="24.7170940">
    <ele>2314.4</ele>
   </trkpt>
   <trkpt lat="45.6047520" lon="24.7170920">
    <ele>2314.4</ele>
   </trkpt>
   <trkpt lat="45.6047350" lon="24.7170940">
    <ele>2314.4</ele>
   </trkpt>
   <trkpt lat="45.6047170" lon="24.7170900">
    <ele>2313.2</ele>
   </trkpt>
   <trkpt lat="45.6047080" lon="24.7170830">
    <ele>2313.0</ele>
   </trkpt>
   <trkpt lat="45.6047050" lon="24.7170780">
    <ele>2313.0</ele>
   </trkpt>
   <trkpt lat="45.6047050" lon="24.7170770">
    <ele>2312.8</ele>
   </trkpt>
   <trkpt lat="45.6046900" lon="24.7170840">
    <ele>2312.4</ele>
   </trkpt>
   <trkpt lat="45.6046880" lon="24.7170850">
    <ele>2312.4</ele>
   </trkpt>
   <trkpt lat="45.6046730" lon="24.7170900">
    <ele>2311.8</ele>
   </trkpt>
   <trkpt lat="45.6046590" lon="24.7171030">
    <ele>2310.8</ele>
   </trkpt>
   <trkpt lat="45.6046470" lon="24.7171120">
    <ele>2310.4</ele>
   </trkpt>
   <trkpt lat="45.6046350" lon="24.7171260">
    <ele>2309.6</ele>
   </trkpt>
   <trkpt lat="45.6046140" lon="24.7171350">
    <ele>2308.6</ele>
   </trkpt>
   <trkpt lat="45.6045990" lon="24.7171390">
    <ele>2308.0</ele>
   </trkpt>
   <trkpt lat="45.6045900" lon="24.7171520">
    <ele>2308.0</ele>
   </trkpt>
   <trkpt lat="45.6045840" lon="24.7171560">
    <ele>2308.0</ele>
   </trkpt>
   <trkpt lat="45.6045770" lon="24.7171550">
    <ele>2307.0</ele>
   </trkpt>
   <trkpt lat="45.6045500" lon="24.7171610">
    <ele>2306.0</ele>
   </trkpt>
   <trkpt lat="45.6045430" lon="24.7171580">
    <ele>2306.0</ele>
   </trkpt>
   <trkpt lat="45.6045280" lon="24.7171590">
    <ele>2305.0</ele>
   </trkpt>
   <trkpt lat="45.6045220" lon="24.7171610">
    <ele>2304.6</ele>
   </trkpt>
   <trkpt lat="45.6044820" lon="24.7171640">
    <ele>2303.4</ele>
   </trkpt>
   <trkpt lat="45.6044580" lon="24.7171660">
    <ele>2303.2</ele>
   </trkpt>
   <trkpt lat="45.6044060" lon="24.7171680">
    <ele>2302.4</ele>
   </trkpt>
   <trkpt lat="45.6043990" lon="24.7171640">
    <ele>2302.4</ele>
   </trkpt>
   <trkpt lat="45.6043910" lon="24.7171630">
    <ele>2302.0</ele>
   </trkpt>
   <trkpt lat="45.6043810" lon="24.7171590">
    <ele>2302.0</ele>
   </trkpt>
   <trkpt lat="45.6043750" lon="24.7171610">
    <ele>2302.0</ele>
   </trkpt>
   <trkpt lat="45.6043310" lon="24.7171630">
    <ele>2301.2</ele>
   </trkpt>
   <trkpt lat="45.6043180" lon="24.7171630">
    <ele>2300.4</ele>
   </trkpt>
   <trkpt lat="45.6043080" lon="24.7171580">
    <ele>2300.2</ele>
   </trkpt>
   <trkpt lat="45.6042600" lon="24.7171580">
    <ele>2299.6</ele>
   </trkpt>
   <trkpt lat="45.6042370" lon="24.7171470">
    <ele>2298.8</ele>
   </trkpt>
   <trkpt lat="45.6042140" lon="24.7171490">
    <ele>2298.0</ele>
   </trkpt>
   <trkpt lat="45.6041970" lon="24.7171510">
    <ele>2297.6</ele>
   </trkpt>
   <trkpt lat="45.6041740" lon="24.7171540">
    <ele>2297.2</ele>
   </trkpt>
   <trkpt lat="45.6041690" lon="24.7171540">
    <ele>2296.6</ele>
   </trkpt>
   <trkpt lat="45.6041350" lon="24.7171490">
    <ele>2296.0</ele>
   </trkpt>
   <trkpt lat="45.6041290" lon="24.7171440">
    <ele>2296.0</ele>
   </trkpt>
   <trkpt lat="45.6041060" lon="24.7171280">
    <ele>2295.4</ele>
   </trkpt>
   <trkpt lat="45.6040680" lon="24.7171550">
    <ele>2294.4</ele>
   </trkpt>
   <trkpt lat="45.6040540" lon="24.7171600">
    <ele>2293.2</ele>
   </trkpt>
   <trkpt lat="45.6040460" lon="24.7171590">
    <ele>2293.2</ele>
   </trkpt>
   <trkpt lat="45.6040280" lon="24.7171540">
    <ele>2293.0</ele>
   </trkpt>
   <trkpt lat="45.6040210" lon="24.7171490">
    <ele>2293.0</ele>
   </trkpt>
   <trkpt lat="45.6040050" lon="24.7171450">
    <ele>2292.4</ele>
   </trkpt>
   <trkpt lat="45.6039820" lon="24.7171370">
    <ele>2292.2</ele>
   </trkpt>
   <trkpt lat="45.6039690" lon="24.7171300">
    <ele>2292.2</ele>
   </trkpt>
   <trkpt lat="45.6039430" lon="24.7171140">
    <ele>2291.0</ele>
   </trkpt>
   <trkpt lat="45.6038920" lon="24.7170850">
    <ele>2290.4</ele>
   </trkpt>
   <trkpt lat="45.6038670" lon="24.7170530">
    <ele>2290.0</ele>
   </trkpt>
   <trkpt lat="45.6037970" lon="24.7170070">
    <ele>2288.6</ele>
   </trkpt>
   <trkpt lat="45.6037760" lon="24.7169920">
    <ele>2288.4</ele>
   </trkpt>
   <trkpt lat="45.6037070" lon="24.7169290">
    <ele>2289.2</ele>
   </trkpt>
   <trkpt lat="45.6036980" lon="24.7169220">
    <ele>2288.8</ele>
   </trkpt>
   <trkpt lat="45.6036610" lon="24.7168670">
    <ele>2288.4</ele>
   </trkpt>
   <trkpt lat="45.6036520" lon="24.7168620">
    <ele>2288.4</ele>
   </trkpt>
   <trkpt lat="45.6036440" lon="24.7168540">
    <ele>2288.6</ele>
   </trkpt>
   <trkpt lat="45.6036260" lon="24.7168370">
    <ele>2289.4</ele>
   </trkpt>
   <trkpt lat="45.6035940" lon="24.7168250">
    <ele>2288.4</ele>
   </trkpt>
   <trkpt lat="45.6035850" lon="24.7168140">
    <ele>2288.0</ele>
   </trkpt>
   <trkpt lat="45.6035680" lon="24.7167960">
    <ele>2287.8</ele>
   </trkpt>
   <trkpt lat="45.6035520" lon="24.7167770">
    <ele>2287.2</ele>
   </trkpt>
   <trkpt lat="45.6035210" lon="24.7167500">
    <ele>2286.6</ele>
   </trkpt>
   <trkpt lat="45.6035130" lon="24.7167380">
    <ele>2286.6</ele>
   </trkpt>
   <trkpt lat="45.6034720" lon="24.7166810">
    <ele>2286.2</ele>
   </trkpt>
   <trkpt lat="45.6034600" lon="24.7166430">
    <ele>2285.0</ele>
   </trkpt>
   <trkpt lat="45.6034520" lon="24.7166260">
    <ele>2285.0</ele>
   </trkpt>
   <trkpt lat="45.6034300" lon="24.7165950">
    <ele>2284.6</ele>
   </trkpt>
   <trkpt lat="45.6033790" lon="24.7164490">
    <ele>2284.6</ele>
   </trkpt>
   <trkpt lat="45.6033740" lon="24.7163790">
    <ele>2284.0</ele>
   </trkpt>
   <trkpt lat="45.6033580" lon="24.7162690">
    <ele>2284.6</ele>
   </trkpt>
   <trkpt lat="45.6033650" lon="24.7161360">
    <ele>2284.6</ele>
   </trkpt>
   <trkpt lat="45.6033530" lon="24.7160850">
    <ele>2284.8</ele>
   </trkpt>
   <trkpt lat="45.6033510" lon="24.7160650">
    <ele>2285.0</ele>
   </trkpt>
   <trkpt lat="45.6033490" lon="24.7160450">
    <ele>2285.0</ele>
   </trkpt>
   <trkpt lat="45.6033460" lon="24.7159920">
    <ele>2285.4</ele>
   </trkpt>
   <trkpt lat="45.6033420" lon="24.7159120">
    <ele>2286.0</ele>
   </trkpt>
   <trkpt lat="45.6033330" lon="24.7158590">
    <ele>2286.2</ele>
   </trkpt>
   <trkpt lat="45.6033220" lon="24.7157930">
    <ele>2285.8</ele>
   </trkpt>
   <trkpt lat="45.6033020" lon="24.7156610">
    <ele>2286.6</ele>
   </trkpt>
   <trkpt lat="45.6032940" lon="24.7156150">
    <ele>2286.6</ele>
   </trkpt>
   <trkpt lat="45.6032820" lon="24.7155050">
    <ele>2287.2</ele>
   </trkpt>
   <trkpt lat="45.6032800" lon="24.7154830">
    <ele>2287.2</ele>
   </trkpt>
   <trkpt lat="45.6032670" lon="24.7154540">
    <ele>2287.8</ele>
   </trkpt>
   <trkpt lat="45.6032520" lon="24.7154220">
    <ele>2287.8</ele>
   </trkpt>
   <trkpt lat="45.6032460" lon="24.7153910">
    <ele>2287.6</ele>
   </trkpt>
   <trkpt lat="45.6032220" lon="24.7153190">
    <ele>2286.4</ele>
   </trkpt>
   <trkpt lat="45.6031960" lon="24.7152490">
    <ele>2286.2</ele>
   </trkpt>
   <trkpt lat="45.6031850" lon="24.7152110">
    <ele>2285.8</ele>
   </trkpt>
   <trkpt lat="45.6031700" lon="24.7151300">
    <ele>2285.0</ele>
   </trkpt>
   <trkpt lat="45.6031720" lon="24.7151010">
    <ele>2286.0</ele>
   </trkpt>
   <trkpt lat="45.6031690" lon="24.7150590">
    <ele>2286.0</ele>
   </trkpt>
   <trkpt lat="45.6031520" lon="24.7150220">
    <ele>2286.0</ele>
   </trkpt>
   <trkpt lat="45.6031400" lon="24.7150070">
    <ele>2286.0</ele>
   </trkpt>
   <trkpt lat="45.6031350" lon="24.7149970">
    <ele>2285.8</ele>
   </trkpt>
   <trkpt lat="45.6031230" lon="24.7149400">
    <ele>2285.2</ele>
   </trkpt>
   <trkpt lat="45.6031040" lon="24.7148990">
    <ele>2284.4</ele>
   </trkpt>
   <trkpt lat="45.6030880" lon="24.7148570">
    <ele>2284.4</ele>
   </trkpt>
   <trkpt lat="45.6030700" lon="24.7147570">
    <ele>2284.0</ele>
   </trkpt>
   <trkpt lat="45.6030480" lon="24.7147250">
    <ele>2283.8</ele>
   </trkpt>
   <trkpt lat="45.6030430" lon="24.7147160">
    <ele>2283.8</ele>
   </trkpt>
   <trkpt lat="45.6030330" lon="24.7146980">
    <ele>2283.4</ele>
   </trkpt>
   <trkpt lat="45.6030050" lon="24.7146160">
    <ele>2282.8</ele>
   </trkpt>
   <trkpt lat="45.6030010" lon="24.7145960">
    <ele>2282.8</ele>
   </trkpt>
   <trkpt lat="45.6029930" lon="24.7145640">
    <ele>2283.0</ele>
   </trkpt>
   <trkpt lat="45.6029730" lon="24.7144720">
    <ele>2282.8</ele>
   </trkpt>
   <trkpt lat="45.6029600" lon="24.7144200">
    <ele>2282.8</ele>
   </trkpt>
   <trkpt lat="45.6029510" lon="24.7144060">
    <ele>2282.8</ele>
   </trkpt>
   <trkpt lat="45.6029500" lon="24.7144000">
    <ele>2282.8</ele>
   </trkpt>
   <trkpt lat="45.6029460" lon="24.7143880">
    <ele>2283.0</ele>
   </trkpt>
   <trkpt lat="45.6029340" lon="24.7143590">
    <ele>2282.8</ele>
   </trkpt>
   <trkpt lat="45.6028950" lon="24.7142980">
    <ele>2282.2</ele>
   </trkpt>
   <trkpt lat="45.6028810" lon="24.7142750">
    <ele>2282.2</ele>
   </trkpt>
   <trkpt lat="45.6028570" lon="24.7142350">
    <ele>2281.6</ele>
   </trkpt>
   <trkpt lat="45.6028480" lon="24.7142240">
    <ele>2281.2</ele>
   </trkpt>
   <trkpt lat="45.6028440" lon="24.7142160">
    <ele>2281.0</ele>
   </trkpt>
   <trkpt lat="45.6028280" lon="24.7141750">
    <ele>2280.8</ele>
   </trkpt>
   <trkpt lat="45.6028210" lon="24.7141640">
    <ele>2281.0</ele>
   </trkpt>
   <trkpt lat="45.6027780" lon="24.7140970">
    <ele>2280.4</ele>
   </trkpt>
   <trkpt lat="45.6027690" lon="24.7140780">
    <ele>2280.2</ele>
   </trkpt>
   <trkpt lat="45.6027390" lon="24.7140120">
    <ele>2280.4</ele>
   </trkpt>
   <trkpt lat="45.6027200" lon="24.7139630">
    <ele>2280.4</ele>
   </trkpt>
   <trkpt lat="45.6026890" lon="24.7138960">
    <ele>2280.4</ele>
   </trkpt>
   <trkpt lat="45.6026710" lon="24.7138660">
    <ele>2280.0</ele>
   </trkpt>
   <trkpt lat="45.6026620" lon="24.7138550">
    <ele>2280.0</ele>
   </trkpt>
   <trkpt lat="45.6026140" lon="24.7137890">
    <ele>2279.6</ele>
   </trkpt>
   <trkpt lat="45.6025870" lon="24.7137500">
    <ele>2279.4</ele>
   </trkpt>
   <trkpt lat="45.6025780" lon="24.7137160">
    <ele>2279.6</ele>
   </trkpt>
   <trkpt lat="45.6025430" lon="24.7136140">
    <ele>2278.8</ele>
   </trkpt>
   <trkpt lat="45.6025360" lon="24.7135460">
    <ele>2278.0</ele>
   </trkpt>
   <trkpt lat="45.6025350" lon="24.7135280">
    <ele>2277.8</ele>
   </trkpt>
   <trkpt lat="45.6024930" lon="24.7134090">
    <ele>2276.8</ele>
   </trkpt>
   <trkpt lat="45.6024660" lon="24.7132680">
    <ele>2277.0</ele>
   </trkpt>
   <trkpt lat="45.6024060" lon="24.7130890">
    <ele>2277.4</ele>
   </trkpt>
   <trkpt lat="45.6023960" lon="24.7130490">
    <ele>2277.6</ele>
   </trkpt>
   <trkpt lat="45.6024010" lon="24.7130390">
    <ele>2278.0</ele>
   </trkpt>
   <trkpt lat="45.6024040" lon="24.7130270">
    <ele>2278.0</ele>
   </trkpt>
   <trkpt lat="45.6024070" lon="24.7130170">
    <ele>2278.6</ele>
   </trkpt>
   <trkpt lat="45.6024080" lon="24.7130080">
    <ele>2278.8</ele>
   </trkpt>
   <trkpt lat="45.6024130" lon="24.7129900">
    <ele>2279.0</ele>
   </trkpt>
   <trkpt lat="45.6024070" lon="24.7129670">
    <ele>2279.2</ele>
   </trkpt>
   <trkpt lat="45.6024050" lon="24.7129550">
    <ele>2279.6</ele>
   </trkpt>
   <trkpt lat="45.6024040" lon="24.7129420">
    <ele>2279.6</ele>
   </trkpt>
   <trkpt lat="45.6023960" lon="24.7129150">
    <ele>2279.6</ele>
   </trkpt>
   <trkpt lat="45.6023910" lon="24.7129000">
    <ele>2280.0</ele>
   </trkpt>
   <trkpt lat="45.6023850" lon="24.7128820">
    <ele>2280.2</ele>
   </trkpt>
   <trkpt lat="45.6023830" lon="24.7128780">
    <ele>2280.2</ele>
   </trkpt>
   <trkpt lat="45.6023820" lon="24.7128680">
    <ele>2280.2</ele>
   </trkpt>
   <trkpt lat="45.6023700" lon="24.7128250">
    <ele>2280.2</ele>
   </trkpt>
   <trkpt lat="45.6023570" lon="24.7128020">
    <ele>2280.2</ele>
   </trkpt>
   <trkpt lat="45.6023460" lon="24.7127690">
    <ele>2280.2</ele>
   </trkpt>
   <trkpt lat="45.6023240" lon="24.7127100">
    <ele>2280.2</ele>
   </trkpt>
   <trkpt lat="45.6023100" lon="24.7126590">
    <ele>2280.4</ele>
   </trkpt>
   <trkpt lat="45.6023000" lon="24.7126230">
    <ele>2280.6</ele>
   </trkpt>
   <trkpt lat="45.6022880" lon="24.7125760">
    <ele>2281.0</ele>
   </trkpt>
   <trkpt lat="45.6022680" lon="24.7125190">
    <ele>2281.4</ele>
   </trkpt>
   <trkpt lat="45.6022640" lon="24.7124930">
    <ele>2281.4</ele>
   </trkpt>
   <trkpt lat="45.6022620" lon="24.7124690">
    <ele>2281.6</ele>
   </trkpt>
   <trkpt lat="45.6022640" lon="24.7124580">
    <ele>2282.2</ele>
   </trkpt>
   <trkpt lat="45.6022560" lon="24.7124060">
    <ele>2282.6</ele>
   </trkpt>
   <trkpt lat="45.6022530" lon="24.7123940">
    <ele>2282.6</ele>
   </trkpt>
   <trkpt lat="45.6022070" lon="24.7123100">
    <ele>2282.4</ele>
   </trkpt>
   <trkpt lat="45.6022060" lon="24.7122350">
    <ele>2283.6</ele>
   </trkpt>
   <trkpt lat="45.6022130" lon="24.7122010">
    <ele>2284.0</ele>
   </trkpt>
   <trkpt lat="45.6022150" lon="24.7121790">
    <ele>2284.6</ele>
   </trkpt>
   <trkpt lat="45.6022140" lon="24.7121200">
    <ele>2284.4</ele>
   </trkpt>
   <trkpt lat="45.6022130" lon="24.7120940">
    <ele>2284.4</ele>
   </trkpt>
   <trkpt lat="45.6022140" lon="24.7120520">
    <ele>2283.8</ele>
   </trkpt>
   <trkpt lat="45.6022170" lon="24.7120190">
    <ele>2283.8</ele>
   </trkpt>
   <trkpt lat="45.6022280" lon="24.7119770">
    <ele>2283.8</ele>
   </trkpt>
   <trkpt lat="45.6022280" lon="24.7119610">
    <ele>2284.0</ele>
   </trkpt>
   <trkpt lat="45.6022250" lon="24.7119470">
    <ele>2283.4</ele>
   </trkpt>
   <trkpt lat="45.6022130" lon="24.7118850">
    <ele>2284.0</ele>
   </trkpt>
   <trkpt lat="45.6022090" lon="24.7118540">
    <ele>2284.2</ele>
   </trkpt>
   <trkpt lat="45.6022060" lon="24.7117840">
    <ele>2284.2</ele>
   </trkpt>
   <trkpt lat="45.6022060" lon="24.7117520">
    <ele>2284.2</ele>
   </trkpt>
   <trkpt lat="45.6022160" lon="24.7116900">
    <ele>2284.2</ele>
   </trkpt>
   <trkpt lat="45.6022150" lon="24.7116730">
    <ele>2284.0</ele>
   </trkpt>
   <trkpt lat="45.6022020" lon="24.7116230">
    <ele>2284.4</ele>
   </trkpt>
   <trkpt lat="45.6021960" lon="24.7116070">
    <ele>2284.2</ele>
   </trkpt>
   <trkpt lat="45.6021740" lon="24.7115510">
    <ele>2284.6</ele>
   </trkpt>
   <trkpt lat="45.6021830" lon="24.7114830">
    <ele>2285.6</ele>
   </trkpt>
   <trkpt lat="45.6021850" lon="24.7114060">
    <ele>2285.8</ele>
   </trkpt>
   <trkpt lat="45.6021860" lon="24.7113410">
    <ele>2286.2</ele>
   </trkpt>
   <trkpt lat="45.6021930" lon="24.7113080">
    <ele>2286.4</ele>
   </trkpt>
   <trkpt lat="45.6021990" lon="24.7112970">
    <ele>2286.6</ele>
   </trkpt>
   <trkpt lat="45.6022280" lon="24.7111550">
    <ele>2287.4</ele>
   </trkpt>
   <trkpt lat="45.6022360" lon="24.7110910">
    <ele>2287.6</ele>
   </trkpt>
   <trkpt lat="45.6022400" lon="24.7110040">
    <ele>2288.4</ele>
   </trkpt>
   <trkpt lat="45.6022360" lon="24.7109750">
    <ele>2288.8</ele>
   </trkpt>
   <trkpt lat="45.6022430" lon="24.7108260">
    <ele>2289.0</ele>
   </trkpt>
   <trkpt lat="45.6022620" lon="24.7107130">
    <ele>2287.6</ele>
   </trkpt>
   <trkpt lat="45.6022720" lon="24.7106820">
    <ele>2287.0</ele>
   </trkpt>
   <trkpt lat="45.6022880" lon="24.7106500">
    <ele>2285.8</ele>
   </trkpt>
   <trkpt lat="45.6023290" lon="24.7105620">
    <ele>2284.2</ele>
   </trkpt>
   <trkpt lat="45.6023340" lon="24.7105470">
    <ele>2284.0</ele>
   </trkpt>
   <trkpt lat="45.6023490" lon="24.7104850">
    <ele>2283.2</ele>
   </trkpt>
   <trkpt lat="45.6023570" lon="24.7104490">
    <ele>2283.0</ele>
   </trkpt>
   <trkpt lat="45.6023620" lon="24.7104290">
    <ele>2281.8</ele>
   </trkpt>
   <trkpt lat="45.6023650" lon="24.7104100">
    <ele>2281.6</ele>
   </trkpt>
   <trkpt lat="45.6024100" lon="24.7102720">
    <ele>2280.4</ele>
   </trkpt>
   <trkpt lat="45.6024170" lon="24.7102500">
    <ele>2280.4</ele>
   </trkpt>
   <trkpt lat="45.6024410" lon="24.7101850">
    <ele>2280.4</ele>
   </trkpt>
   <trkpt lat="45.6024630" lon="24.7101320">
    <ele>2279.2</ele>
   </trkpt>
   <trkpt lat="45.6024840" lon="24.7100850">
    <ele>2278.6</ele>
   </trkpt>
   <trkpt lat="45.6025130" lon="24.7100240">
    <ele>2278.0</ele>
   </trkpt>
   <trkpt lat="45.6025610" lon="24.7099340">
    <ele>2277.6</ele>
   </trkpt>
   <trkpt lat="45.6025810" lon="24.7098840">
    <ele>2277.0</ele>
   </trkpt>
   <trkpt lat="45.6026060" lon="24.7098040">
    <ele>2276.8</ele>
   </trkpt>
   <trkpt lat="45.6026570" lon="24.7097220">
    <ele>2276.2</ele>
   </trkpt>
   <trkpt lat="45.6026770" lon="24.7096960">
    <ele>2276.2</ele>
   </trkpt>
   <trkpt lat="45.6027240" lon="24.7096380">
    <ele>2275.8</ele>
   </trkpt>
   <trkpt lat="45.6027270" lon="24.7096220">
    <ele>2275.8</ele>
   </trkpt>
   <trkpt lat="45.6027410" lon="24.7095950">
    <ele>2275.2</ele>
   </trkpt>
   <trkpt lat="45.6027530" lon="24.7095280">
    <ele>2275.2</ele>
   </trkpt>
   <trkpt lat="45.6027480" lon="24.7094750">
    <ele>2274.0</ele>
   </trkpt>
   <trkpt lat="45.6027520" lon="24.7094470">
    <ele>2274.0</ele>
   </trkpt>
   <trkpt lat="45.6027570" lon="24.7094330">
    <ele>2273.6</ele>
   </trkpt>
   <trkpt lat="45.6027810" lon="24.7093740">
    <ele>2273.6</ele>
   </trkpt>
   <trkpt lat="45.6027840" lon="24.7093690">
    <ele>2273.8</ele>
   </trkpt>
   <trkpt lat="45.6027860" lon="24.7093600">
    <ele>2273.0</ele>
   </trkpt>
   <trkpt lat="45.6028090" lon="24.7092990">
    <ele>2272.8</ele>
   </trkpt>
   <trkpt lat="45.6028300" lon="24.7092180">
    <ele>2273.0</ele>
   </trkpt>
   <trkpt lat="45.6028290" lon="24.7092020">
    <ele>2272.6</ele>
   </trkpt>
   <trkpt lat="45.6028250" lon="24.7091780">
    <ele>2272.0</ele>
   </trkpt>
   <trkpt lat="45.6028290" lon="24.7091480">
    <ele>2271.8</ele>
   </trkpt>
   <trkpt lat="45.6028340" lon="24.7091240">
    <ele>2271.6</ele>
   </trkpt>
   <trkpt lat="45.6028420" lon="24.7090670">
    <ele>2271.0</ele>
   </trkpt>
   <trkpt lat="45.6028520" lon="24.7090350">
    <ele>2270.8</ele>
   </trkpt>
   <trkpt lat="45.6028630" lon="24.7090080">
    <ele>2270.4</ele>
   </trkpt>
   <trkpt lat="45.6028900" lon="24.7089330">
    <ele>2270.4</ele>
   </trkpt>
   <trkpt lat="45.6028970" lon="24.7088730">
    <ele>2269.8</ele>
   </trkpt>
   <trkpt lat="45.6029290" lon="24.7087990">
    <ele>2269.8</ele>
   </trkpt>
   <trkpt lat="45.6029440" lon="24.7087600">
    <ele>2269.4</ele>
   </trkpt>
   <trkpt lat="45.6029440" lon="24.7087560">
    <ele>2269.4</ele>
   </trkpt>
   <trkpt lat="45.6029380" lon="24.7087260">
    <ele>2268.6</ele>
   </trkpt>
   <trkpt lat="45.6029390" lon="24.7087090">
    <ele>2268.4</ele>
   </trkpt>
   <trkpt lat="45.6029450" lon="24.7086750">
    <ele>2267.4</ele>
   </trkpt>
   <trkpt lat="45.6029480" lon="24.7086650">
    <ele>2267.2</ele>
   </trkpt>
   <trkpt lat="45.6029560" lon="24.7086250">
    <ele>2266.2</ele>
   </trkpt>
   <trkpt lat="45.6029570" lon="24.7085800">
    <ele>2265.4</ele>
   </trkpt>
   <trkpt lat="45.6029550" lon="24.7085680">
    <ele>2265.2</ele>
   </trkpt>
   <trkpt lat="45.6029610" lon="24.7085300">
    <ele>2264.8</ele>
   </trkpt>
   <trkpt lat="45.6029570" lon="24.7084960">
    <ele>2264.0</ele>
   </trkpt>
   <trkpt lat="45.6029550" lon="24.7084600">
    <ele>2263.4</ele>
   </trkpt>
   <trkpt lat="45.6029570" lon="24.7084410">
    <ele>2262.8</ele>
   </trkpt>
   <trkpt lat="45.6029670" lon="24.7084080">
    <ele>2262.2</ele>
   </trkpt>
   <trkpt lat="45.6029710" lon="24.7083950">
    <ele>2261.8</ele>
   </trkpt>
   <trkpt lat="45.6029850" lon="24.7083610">
    <ele>2261.2</ele>
   </trkpt>
   <trkpt lat="45.6029900" lon="24.7083370">
    <ele>2260.8</ele>
   </trkpt>
   <trkpt lat="45.6029820" lon="24.7083150">
    <ele>2260.2</ele>
   </trkpt>
   <trkpt lat="45.6029780" lon="24.7082940">
    <ele>2260.0</ele>
   </trkpt>
   <trkpt lat="45.6029820" lon="24.7082700">
    <ele>2259.8</ele>
   </trkpt>
   <trkpt lat="45.6029900" lon="24.7082430">
    <ele>2259.4</ele>
   </trkpt>
   <trkpt lat="45.6029980" lon="24.7082180">
    <ele>2259.0</ele>
   </trkpt>
   <trkpt lat="45.6029990" lon="24.7082080">
    <ele>2258.8</ele>
   </trkpt>
   <trkpt lat="45.6030040" lon="24.7081900">
    <ele>2258.6</ele>
   </trkpt>
   <trkpt lat="45.6030060" lon="24.7081720">
    <ele>2258.2</ele>
   </trkpt>
   <trkpt lat="45.6030140" lon="24.7081500">
    <ele>2257.8</ele>
   </trkpt>
   <trkpt lat="45.6030280" lon="24.7081320">
    <ele>2257.8</ele>
   </trkpt>
   <trkpt lat="45.6030310" lon="24.7081260">
    <ele>2257.4</ele>
   </trkpt>
   <trkpt lat="45.6030320" lon="24.7081130">
    <ele>2257.0</ele>
   </trkpt>
   <trkpt lat="45.6030340" lon="24.7080880">
    <ele>2256.8</ele>
   </trkpt>
   <trkpt lat="45.6030310" lon="24.7080700">
    <ele>2256.6</ele>
   </trkpt>
   <trkpt lat="45.6030360" lon="24.7080370">
    <ele>2256.2</ele>
   </trkpt>
   <trkpt lat="45.6030360" lon="24.7080140">
    <ele>2255.8</ele>
   </trkpt>
   <trkpt lat="45.6030360" lon="24.7079950">
    <ele>2255.0</ele>
   </trkpt>
   <trkpt lat="45.6030390" lon="24.7079550">
    <ele>2254.0</ele>
   </trkpt>
   <trkpt lat="45.6030470" lon="24.7079280">
    <ele>2253.6</ele>
   </trkpt>
   <trkpt lat="45.6030490" lon="24.7079070">
    <ele>2253.4</ele>
   </trkpt>
   <trkpt lat="45.6030470" lon="24.7078900">
    <ele>2252.8</ele>
   </trkpt>
   <trkpt lat="45.6030450" lon="24.7078800">
    <ele>2252.4</ele>
   </trkpt>
   <trkpt lat="45.6030380" lon="24.7078490">
    <ele>2251.8</ele>
   </trkpt>
   <trkpt lat="45.6030390" lon="24.7078420">
    <ele>2251.6</ele>
   </trkpt>
   <trkpt lat="45.6030600" lon="24.7078000">
    <ele>2251.4</ele>
   </trkpt>
   <trkpt lat="45.6030670" lon="24.7077950">
    <ele>2251.4</ele>
   </trkpt>
   <trkpt lat="45.6030690" lon="24.7077540">
    <ele>2251.2</ele>
   </trkpt>
   <trkpt lat="45.6030710" lon="24.7077250">
    <ele>2250.4</ele>
   </trkpt>
   <trkpt lat="45.6030780" lon="24.7077120">
    <ele>2250.2</ele>
   </trkpt>
   <trkpt lat="45.6030790" lon="24.7077060">
    <ele>2250.2</ele>
   </trkpt>
   <trkpt lat="45.6030950" lon="24.7076330">
    <ele>2249.2</ele>
   </trkpt>
   <trkpt lat="45.6031020" lon="24.7076210">
    <ele>2249.2</ele>
   </trkpt>
   <trkpt lat="45.6031220" lon="24.7075470">
    <ele>2248.6</ele>
   </trkpt>
   <trkpt lat="45.6031280" lon="24.7075070">
    <ele>2248.0</ele>
   </trkpt>
   <trkpt lat="45.6031320" lon="24.7074820">
    <ele>2247.8</ele>
   </trkpt>
   <trkpt lat="45.6031290" lon="24.7074590">
    <ele>2247.6</ele>
   </trkpt>
   <trkpt lat="45.6031390" lon="24.7074460">
    <ele>2247.6</ele>
   </trkpt>
   <trkpt lat="45.6031540" lon="24.7073990">
    <ele>2247.0</ele>
   </trkpt>
   <trkpt lat="45.6031560" lon="24.7073890">
    <ele>2247.0</ele>
   </trkpt>
   <trkpt lat="45.6031740" lon="24.7073460">
    <ele>2246.6</ele>
   </trkpt>
   <trkpt lat="45.6031780" lon="24.7073450">
    <ele>2246.6</ele>
   </trkpt>
   <trkpt lat="45.6031730" lon="24.7073170">
    <ele>2246.2</ele>
   </trkpt>
   <trkpt lat="45.6031780" lon="24.7072890">
    <ele>2245.8</ele>
   </trkpt>
   <trkpt lat="45.6031950" lon="24.7072170">
    <ele>2244.8</ele>
   </trkpt>
   <trkpt lat="45.6032160" lon="24.7071600">
    <ele>2244.2</ele>
   </trkpt>
   <trkpt lat="45.6032200" lon="24.7071480">
    <ele>2244.0</ele>
   </trkpt>
   <trkpt lat="45.6032220" lon="24.7071320">
    <ele>2243.6</ele>
   </trkpt>
   <trkpt lat="45.6032230" lon="24.7070580">
    <ele>2242.8</ele>
   </trkpt>
   <trkpt lat="45.6032200" lon="24.7070520">
    <ele>2242.6</ele>
   </trkpt>
   <trkpt lat="45.6032160" lon="24.7070080">
    <ele>2241.2</ele>
   </trkpt>
   <trkpt lat="45.6032190" lon="24.7069990">
    <ele>2241.2</ele>
   </trkpt>
   <trkpt lat="45.6032210" lon="24.7069390">
    <ele>2240.2</ele>
   </trkpt>
   <trkpt lat="45.6032190" lon="24.7069120">
    <ele>2239.8</ele>
   </trkpt>
   <trkpt lat="45.6032220" lon="24.7068550">
    <ele>2239.2</ele>
   </trkpt>
   <trkpt lat="45.6032320" lon="24.7068090">
    <ele>2238.8</ele>
   </trkpt>
   <trkpt lat="45.6032340" lon="24.7068000">
    <ele>2238.4</ele>
   </trkpt>
   <trkpt lat="45.6032380" lon="24.7067650">
    <ele>2238.0</ele>
   </trkpt>
   <trkpt lat="45.6032420" lon="24.7067550">
    <ele>2238.0</ele>
   </trkpt>
   <trkpt lat="45.6032420" lon="24.7067280">
    <ele>2237.6</ele>
   </trkpt>
   <trkpt lat="45.6032310" lon="24.7067040">
    <ele>2236.8</ele>
   </trkpt>
   <trkpt lat="45.6032420" lon="24.7066550">
    <ele>2236.2</ele>
   </trkpt>
   <trkpt lat="45.6032540" lon="24.7066180">
    <ele>2236.0</ele>
   </trkpt>
   <trkpt lat="45.6032550" lon="24.7065990">
    <ele>2235.8</ele>
   </trkpt>
   <trkpt lat="45.6032580" lon="24.7065880">
    <ele>2235.6</ele>
   </trkpt>
   <trkpt lat="45.6032550" lon="24.7065620">
    <ele>2234.8</ele>
   </trkpt>
   <trkpt lat="45.6032420" lon="24.7065420">
    <ele>2234.0</ele>
   </trkpt>
   <trkpt lat="45.6032400" lon="24.7065320">
    <ele>2233.6</ele>
   </trkpt>
   <trkpt lat="45.6032380" lon="24.7065130">
    <ele>2232.6</ele>
   </trkpt>
   <trkpt lat="45.6032410" lon="24.7065000">
    <ele>2232.6</ele>
   </trkpt>
   <trkpt lat="45.6032440" lon="24.7064850">
    <ele>2232.0</ele>
   </trkpt>
   <trkpt lat="45.6032420" lon="24.7064630">
    <ele>2231.8</ele>
   </trkpt>
   <trkpt lat="45.6032400" lon="24.7064490">
    <ele>2231.2</ele>
   </trkpt>
   <trkpt lat="45.6032390" lon="24.7064370">
    <ele>2231.0</ele>
   </trkpt>
   <trkpt lat="45.6032420" lon="24.7064230">
    <ele>2231.0</ele>
   </trkpt>
   <trkpt lat="45.6032460" lon="24.7064090">
    <ele>2230.6</ele>
   </trkpt>
   <trkpt lat="45.6032640" lon="24.7063710">
    <ele>2230.2</ele>
   </trkpt>
   <trkpt lat="45.6032700" lon="24.7063610">
    <ele>2230.2</ele>
   </trkpt>
   <trkpt lat="45.6032740" lon="24.7063440">
    <ele>2229.6</ele>
   </trkpt>
   <trkpt lat="45.6032760" lon="24.7063260">
    <ele>2229.4</ele>
   </trkpt>
   <trkpt lat="45.6032690" lon="24.7063190">
    <ele>2229.4</ele>
   </trkpt>
   <trkpt lat="45.6032670" lon="24.7062970">
    <ele>2228.8</ele>
   </trkpt>
   <trkpt lat="45.6032700" lon="24.7062500">
    <ele>2228.0</ele>
   </trkpt>
   <trkpt lat="45.6032760" lon="24.7062350">
    <ele>2228.0</ele>
   </trkpt>
   <trkpt lat="45.6033010" lon="24.7061710">
    <ele>2227.8</ele>
   </trkpt>
   <trkpt lat="45.6033030" lon="24.7061590">
    <ele>2227.8</ele>
   </trkpt>
   <trkpt lat="45.6033060" lon="24.7061320">
    <ele>2227.0</ele>
   </trkpt>
   <trkpt lat="45.6033210" lon="24.7060730">
    <ele>2226.8</ele>
   </trkpt>
   <trkpt lat="45.6033260" lon="24.7060720">
    <ele>2226.8</ele>
   </trkpt>
   <trkpt lat="45.6033280" lon="24.7060670">
    <ele>2227.0</ele>
   </trkpt>
   <trkpt lat="45.6033370" lon="24.7060470">
    <ele>2226.8</ele>
   </trkpt>
   <trkpt lat="45.6033390" lon="24.7060440">
    <ele>2226.6</ele>
   </trkpt>
   <trkpt lat="45.6033410" lon="24.7060420">
    <ele>2226.0</ele>
   </trkpt>
   <trkpt lat="45.6033410" lon="24.7060420">
    <ele>2225.6</ele>
   </trkpt>
   <trkpt lat="45.6033360" lon="24.7060390">
    <ele>2224.4</ele>
   </trkpt>
   <trkpt lat="45.6033270" lon="24.7060270">
    <ele>2224.0</ele>
   </trkpt>
   <trkpt lat="45.6033250" lon="24.7060130">
    <ele>2223.6</ele>
   </trkpt>
   <trkpt lat="45.6033250" lon="24.7060120">
    <ele>2223.4</ele>
   </trkpt>
   <trkpt lat="45.6033260" lon="24.7059920">
    <ele>2222.4</ele>
   </trkpt>
   <trkpt lat="45.6033330" lon="24.7059740">
    <ele>2222.0</ele>
   </trkpt>
   <trkpt lat="45.6033430" lon="24.7059410">
    <ele>2222.0</ele>
   </trkpt>
   <trkpt lat="45.6033490" lon="24.7059250">
    <ele>2222.0</ele>
   </trkpt>
   <trkpt lat="45.6033630" lon="24.7058870">
    <ele>2221.8</ele>
   </trkpt>
   <trkpt lat="45.6033660" lon="24.7058590">
    <ele>2221.8</ele>
   </trkpt>
   <trkpt lat="45.6033650" lon="24.7058300">
    <ele>2221.2</ele>
   </trkpt>
   <trkpt lat="45.6033750" lon="24.7057970">
    <ele>2221.0</ele>
   </trkpt>
   <trkpt lat="45.6033820" lon="24.7057510">
    <ele>2220.2</ele>
   </trkpt>
   <trkpt lat="45.6033820" lon="24.7057220">
    <ele>2219.6</ele>
   </trkpt>
   <trkpt lat="45.6033850" lon="24.7057170">
    <ele>2219.6</ele>
   </trkpt>
   <trkpt lat="45.6033860" lon="24.7057100">
    <ele>2219.6</ele>
   </trkpt>
   <trkpt lat="45.6033890" lon="24.7056900">
    <ele>2219.0</ele>
   </trkpt>
   <trkpt lat="45.6033890" lon="24.7056810">
    <ele>2219.0</ele>
   </trkpt>
   <trkpt lat="45.6033910" lon="24.7056270">
    <ele>2217.8</ele>
   </trkpt>
   <trkpt lat="45.6033970" lon="24.7055780">
    <ele>2217.4</ele>
   </trkpt>
   <trkpt lat="45.6033970" lon="24.7055630">
    <ele>2217.4</ele>
   </trkpt>
   <trkpt lat="45.6034080" lon="24.7055090">
    <ele>2217.0</ele>
   </trkpt>
   <trkpt lat="45.6034120" lon="24.7054780">
    <ele>2216.8</ele>
   </trkpt>
   <trkpt lat="45.6033960" lon="24.7054020">
    <ele>2215.6</ele>
   </trkpt>
   <trkpt lat="45.6033930" lon="24.7053930">
    <ele>2215.6</ele>
   </trkpt>
   <trkpt lat="45.6033850" lon="24.7053400">
    <ele>2215.0</ele>
   </trkpt>
   <trkpt lat="45.6033860" lon="24.7053260">
    <ele>2214.6</ele>
   </trkpt>
   <trkpt lat="45.6033870" lon="24.7053170">
    <ele>2214.6</ele>
   </trkpt>
   <trkpt lat="45.6033880" lon="24.7053080">
    <ele>2214.2</ele>
   </trkpt>
   <trkpt lat="45.6033850" lon="24.7052470">
    <ele>2213.4</ele>
   </trkpt>
   <trkpt lat="45.6033830" lon="24.7052200">
    <ele>2213.2</ele>
   </trkpt>
   <trkpt lat="45.6033860" lon="24.7052000">
    <ele>2213.0</ele>
   </trkpt>
   <trkpt lat="45.6033880" lon="24.7051930">
    <ele>2212.8</ele>
   </trkpt>
   <trkpt lat="45.6033880" lon="24.7051840">
    <ele>2212.6</ele>
   </trkpt>
   <trkpt lat="45.6033800" lon="24.7051580">
    <ele>2212.6</ele>
   </trkpt>
   <trkpt lat="45.6033820" lon="24.7051530">
    <ele>2212.2</ele>
   </trkpt>
   <trkpt lat="45.6033850" lon="24.7051380">
    <ele>2211.4</ele>
   </trkpt>
   <trkpt lat="45.6033700" lon="24.7050890">
    <ele>2211.0</ele>
   </trkpt>
   <trkpt lat="45.6033570" lon="24.7050590">
    <ele>2210.8</ele>
   </trkpt>
   <trkpt lat="45.6033560" lon="24.7050220">
    <ele>2210.4</ele>
   </trkpt>
   <trkpt lat="45.6033440" lon="24.7049850">
    <ele>2209.8</ele>
   </trkpt>
   <trkpt lat="45.6033450" lon="24.7049520">
    <ele>2209.6</ele>
   </trkpt>
   <trkpt lat="45.6033330" lon="24.7049240">
    <ele>2209.6</ele>
   </trkpt>
   <trkpt lat="45.6033320" lon="24.7048750">
    <ele>2209.2</ele>
   </trkpt>
   <trkpt lat="45.6033250" lon="24.7048210">
    <ele>2208.8</ele>
   </trkpt>
   <trkpt lat="45.6033270" lon="24.7048040">
    <ele>2208.8</ele>
   </trkpt>
   <trkpt lat="45.6033410" lon="24.7047660">
    <ele>2208.6</ele>
   </trkpt>
   <trkpt lat="45.6033420" lon="24.7047440">
    <ele>2208.6</ele>
   </trkpt>
   <trkpt lat="45.6033280" lon="24.7046790">
    <ele>2209.0</ele>
   </trkpt>
   <trkpt lat="45.6033280" lon="24.7046470">
    <ele>2209.2</ele>
   </trkpt>
   <trkpt lat="45.6033290" lon="24.7045980">
    <ele>2209.2</ele>
   </trkpt>
   <trkpt lat="45.6033290" lon="24.7045550">
    <ele>2209.6</ele>
   </trkpt>
   <trkpt lat="45.6033270" lon="24.7045370">
    <ele>2209.6</ele>
   </trkpt>
   <trkpt lat="45.6033060" lon="24.7044590">
    <ele>2209.6</ele>
   </trkpt>
   <trkpt lat="45.6033070" lon="24.7044430">
    <ele>2209.6</ele>
   </trkpt>
   <trkpt lat="45.6033080" lon="24.7044280">
    <ele>2209.6</ele>
   </trkpt>
   <trkpt lat="45.6033090" lon="24.7044110">
    <ele>2210.0</ele>
   </trkpt>
   <trkpt lat="45.6033130" lon="24.7043970">
    <ele>2210.0</ele>
   </trkpt>
   <trkpt lat="45.6033010" lon="24.7042820">
    <ele>2209.8</ele>
   </trkpt>
   <trkpt lat="45.6032570" lon="24.7041240">
    <ele>2210.2</ele>
   </trkpt>
   <trkpt lat="45.6032540" lon="24.7041090">
    <ele>2210.2</ele>
   </trkpt>
   <trkpt lat="45.6032420" lon="24.7040690">
    <ele>2210.8</ele>
   </trkpt>
   <trkpt lat="45.6032240" lon="24.7040250">
    <ele>2210.8</ele>
   </trkpt>
   <trkpt lat="45.6031680" lon="24.7038920">
    <ele>2210.6</ele>
   </trkpt>
   <trkpt lat="45.6031640" lon="24.7038790">
    <ele>2211.0</ele>
   </trkpt>
   <trkpt lat="45.6031610" lon="24.7038650">
    <ele>2211.0</ele>
   </trkpt>
   <trkpt lat="45.6031500" lon="24.7038070">
    <ele>2211.6</ele>
   </trkpt>
   <trkpt lat="45.6031440" lon="24.7037880">
    <ele>2212.0</ele>
   </trkpt>
   <trkpt lat="45.6031430" lon="24.7037820">
    <ele>2212.0</ele>
   </trkpt>
   <trkpt lat="45.6031480" lon="24.7037730">
    <ele>2212.2</ele>
   </trkpt>
   <trkpt lat="45.6031640" lon="24.7037770">
    <ele>2212.6</ele>
   </trkpt>
   <trkpt lat="45.6031590" lon="24.7037570">
    <ele>2212.6</ele>
   </trkpt>
   <trkpt lat="45.6031530" lon="24.7037420">
    <ele>2213.2</ele>
   </trkpt>
   <trkpt lat="45.6031490" lon="24.7037210">
    <ele>2213.4</ele>
   </trkpt>
   <trkpt lat="45.6031490" lon="24.7037000">
    <ele>2214.2</ele>
   </trkpt>
   <trkpt lat="45.6031460" lon="24.7036900">
    <ele>2214.4</ele>
   </trkpt>
   <trkpt lat="45.6031300" lon="24.7036350">
    <ele>2215.4</ele>
   </trkpt>
   <trkpt lat="45.6031230" lon="24.7036210">
    <ele>2215.6</ele>
   </trkpt>
   <trkpt lat="45.6031220" lon="24.7036170">
    <ele>2215.6</ele>
   </trkpt>
   <trkpt lat="45.6031210" lon="24.7036000">
    <ele>2216.8</ele>
   </trkpt>
   <trkpt lat="45.6031380" lon="24.7035910">
    <ele>2217.6</ele>
   </trkpt>
   <trkpt lat="45.6031440" lon="24.7035870">
    <ele>2217.6</ele>
   </trkpt>
   <trkpt lat="45.6031450" lon="24.7035760">
    <ele>2218.0</ele>
   </trkpt>
   <trkpt lat="45.6031540" lon="24.7035950">
    <ele>2218.6</ele>
   </trkpt>
   <trkpt lat="45.6031580" lon="24.7036040">
    <ele>2219.2</ele>
   </trkpt>
   <trkpt lat="45.6031580" lon="24.7036020">
    <ele>2219.4</ele>
   </trkpt>
   <trkpt lat="45.6031580" lon="24.7035920">
    <ele>2220.4</ele>
   </trkpt>
   <trkpt lat="45.6031580" lon="24.7035870">
    <ele>2220.6</ele>
   </trkpt>
   <trkpt lat="45.6031610" lon="24.7035820">
    <ele>2221.4</ele>
   </trkpt>
   <trkpt lat="45.6031630" lon="24.7035510">
    <ele>2221.8</ele>
   </trkpt>
   <trkpt lat="45.6031630" lon="24.7035360">
    <ele>2222.6</ele>
   </trkpt>
   <trkpt lat="45.6031660" lon="24.7035120">
    <ele>2223.8</ele>
   </trkpt>
   <trkpt lat="45.6031750" lon="24.7034820">
    <ele>2224.8</ele>
   </trkpt>
   <trkpt lat="45.6031770" lon="24.7034610">
    <ele>2226.0</ele>
   </trkpt>
   <trkpt lat="45.6032050" lon="24.7034330">
    <ele>2227.0</ele>
   </trkpt>
   <trkpt lat="45.6032160" lon="24.7034060">
    <ele>2228.2</ele>
   </trkpt>
   <trkpt lat="45.6032250" lon="24.7033870">
    <ele>2228.8</ele>
   </trkpt>
   <trkpt lat="45.6032400" lon="24.7033580">
    <ele>2229.2</ele>
   </trkpt>
   <trkpt lat="45.6032540" lon="24.7033380">
    <ele>2229.2</ele>
   </trkpt>
   <trkpt lat="45.6032380" lon="24.7033180">
    <ele>2230.2</ele>
   </trkpt>
   <trkpt lat="45.6032260" lon="24.7032870">
    <ele>2230.8</ele>
   </trkpt>
   <trkpt lat="45.6032340" lon="24.7032730">
    <ele>2231.2</ele>
   </trkpt>
   <trkpt lat="45.6032450" lon="24.7032710">
    <ele>2231.6</ele>
   </trkpt>
   <trkpt lat="45.6032500" lon="24.7032710">
    <ele>2231.8</ele>
   </trkpt>
   <trkpt lat="45.6032670" lon="24.7032710">
    <ele>2232.0</ele>
   </trkpt>
   <trkpt lat="45.6032680" lon="24.7032650">
    <ele>2232.6</ele>
   </trkpt>
   <trkpt lat="45.6032630" lon="24.7032570">
    <ele>2232.8</ele>
   </trkpt>
   <trkpt lat="45.6032620" lon="24.7032470">
    <ele>2233.2</ele>
   </trkpt>
   <trkpt lat="45.6032520" lon="24.7032260">
    <ele>2233.6</ele>
   </trkpt>
   <trkpt lat="45.6032370" lon="24.7031870">
    <ele>2234.8</ele>
   </trkpt>
   <trkpt lat="45.6032370" lon="24.7031320">
    <ele>2235.8</ele>
   </trkpt>
   <trkpt lat="45.6032400" lon="24.7031140">
    <ele>2236.0</ele>
   </trkpt>
   <trkpt lat="45.6032440" lon="24.7031050">
    <ele>2236.4</ele>
   </trkpt>
   <trkpt lat="45.6032430" lon="24.7030890">
    <ele>2237.0</ele>
   </trkpt>
   <trkpt lat="45.6032330" lon="24.7030790">
    <ele>2237.2</ele>
   </trkpt>
   <trkpt lat="45.6032310" lon="24.7030750">
    <ele>2237.4</ele>
   </trkpt>
   <trkpt lat="45.6032300" lon="24.7030630">
    <ele>2237.6</ele>
   </trkpt>
   <trkpt lat="45.6032370" lon="24.7030520">
    <ele>2238.0</ele>
   </trkpt>
   <trkpt lat="45.6032370" lon="24.7030460">
    <ele>2238.0</ele>
   </trkpt>
   <trkpt lat="45.6032370" lon="24.7030390">
    <ele>2238.2</ele>
   </trkpt>
   <trkpt lat="45.6032400" lon="24.7030310">
    <ele>2238.8</ele>
   </trkpt>
   <trkpt lat="45.6032410" lon="24.7030250">
    <ele>2239.0</ele>
   </trkpt>
   <trkpt lat="45.6032410" lon="24.7030150">
    <ele>2239.2</ele>
   </trkpt>
   <trkpt lat="45.6032530" lon="24.7029810">
    <ele>2239.8</ele>
   </trkpt>
   <trkpt lat="45.6032580" lon="24.7029730">
    <ele>2239.8</ele>
   </trkpt>
   <trkpt lat="45.6032700" lon="24.7029640">
    <ele>2240.4</ele>
   </trkpt>
   <trkpt lat="45.6032710" lon="24.7029550">
    <ele>2241.2</ele>
   </trkpt>
   <trkpt lat="45.6032710" lon="24.7029200">
    <ele>2241.6</ele>
   </trkpt>
   <trkpt lat="45.6032700" lon="24.7029100">
    <ele>2241.6</ele>
   </trkpt>
   <trkpt lat="45.6032590" lon="24.7028850">
    <ele>2242.2</ele>
   </trkpt>
   <trkpt lat="45.6032590" lon="24.7028600">
    <ele>2242.6</ele>
   </trkpt>
   <trkpt lat="45.6032550" lon="24.7028350">
    <ele>2242.8</ele>
   </trkpt>
   <trkpt lat="45.6032560" lon="24.7028260">
    <ele>2243.0</ele>
   </trkpt>
   <trkpt lat="45.6032540" lon="24.7028130">
    <ele>2243.4</ele>
   </trkpt>
   <trkpt lat="45.6032530" lon="24.7028020">
    <ele>2243.6</ele>
   </trkpt>
   <trkpt lat="45.6032520" lon="24.7027620">
    <ele>2244.8</ele>
   </trkpt>
   <trkpt lat="45.6032510" lon="24.7027610">
    <ele>2245.2</ele>
   </trkpt>
   <trkpt lat="45.6032490" lon="24.7027740">
    <ele>2245.2</ele>
   </trkpt>
   <trkpt lat="45.6032490" lon="24.7027740">
    <ele>2245.2</ele>
   </trkpt>
   <trkpt lat="45.6032490" lon="24.7027730">
    <ele>2245.2</ele>
   </trkpt>
   <trkpt lat="45.6032520" lon="24.7027700">
    <ele>2245.2</ele>
   </trkpt>
   <trkpt lat="45.6032540" lon="24.7027700">
    <ele>2245.6</ele>
   </trkpt>
   <trkpt lat="45.6032540" lon="24.7027680">
    <ele>2246.0</ele>
   </trkpt>
   <trkpt lat="45.6032540" lon="24.7027650">
    <ele>2246.6</ele>
   </trkpt>
   <trkpt lat="45.6032540" lon="24.7027570">
    <ele>2247.2</ele>
   </trkpt>
   <trkpt lat="45.6032360" lon="24.7027130">
    <ele>2248.0</ele>
   </trkpt>
   <trkpt lat="45.6032360" lon="24.7027060">
    <ele>2248.0</ele>
   </trkpt>
   <trkpt lat="45.6032350" lon="24.7026900">
    <ele>2248.4</ele>
   </trkpt>
   <trkpt lat="45.6032320" lon="24.7026440">
    <ele>2249.0</ele>
   </trkpt>
   <trkpt lat="45.6032310" lon="24.7026300">
    <ele>2249.4</ele>
   </trkpt>
   <trkpt lat="45.6032250" lon="24.7025710">
    <ele>2250.8</ele>
   </trkpt>
   <trkpt lat="45.6032210" lon="24.7025400">
    <ele>2252.2</ele>
   </trkpt>
   <trkpt lat="45.6032150" lon="24.7024680">
    <ele>2253.6</ele>
   </trkpt>
   <trkpt lat="45.6031990" lon="24.7023770">
    <ele>2254.4</ele>
   </trkpt>
   <trkpt lat="45.6031960" lon="24.7023270">
    <ele>2254.6</ele>
   </trkpt>
   <trkpt lat="45.6032010" lon="24.7022940">
    <ele>2255.6</ele>
   </trkpt>
   <trkpt lat="45.6032010" lon="24.7022960">
    <ele>2255.6</ele>
   </trkpt>
   <trkpt lat="45.6032030" lon="24.7022960">
    <ele>2255.8</ele>
   </trkpt>
   <trkpt lat="45.6032040" lon="24.7022960">
    <ele>2256.0</ele>
   </trkpt>
   <trkpt lat="45.6032040" lon="24.7022950">
    <ele>2255.8</ele>
   </trkpt>
   <trkpt lat="45.6032050" lon="24.7022940">
    <ele>2256.0</ele>
   </trkpt>
   <trkpt lat="45.6032050" lon="24.7022920">
    <ele>2256.0</ele>
   </trkpt>
   <trkpt lat="45.6032050" lon="24.7022920">
    <ele>2256.0</ele>
   </trkpt>
   <trkpt lat="45.6032040" lon="24.7022920">
    <ele>2255.8</ele>
   </trkpt>
   <trkpt lat="45.6032040" lon="24.7022920">
    <ele>2255.8</ele>
   </trkpt>
   <trkpt lat="45.6032040" lon="24.7022920">
    <ele>2255.8</ele>
   </trkpt>
   <trkpt lat="45.6032040" lon="24.7022920">
    <ele>2255.8</ele>
   </trkpt>
   <trkpt lat="45.6031980" lon="24.7022900">
    <ele>2255.4</ele>
   </trkpt>
   <trkpt lat="45.6031960" lon="24.7022900">
    <ele>2256.8</ele>
   </trkpt>
   <trkpt lat="45.6031870" lon="24.7022880">
    <ele>2256.8</ele>
   </trkpt>
   <trkpt lat="45.6031770" lon="24.7022150">
    <ele>2257.8</ele>
   </trkpt>
   <trkpt lat="45.6031510" lon="24.7021240">
    <ele>2259.4</ele>
   </trkpt>
   <trkpt lat="45.6031480" lon="24.7021160">
    <ele>2259.4</ele>
   </trkpt>
   <trkpt lat="45.6031210" lon="24.7020440">
    <ele>2260.4</ele>
   </trkpt>
   <trkpt lat="45.6031200" lon="24.7020350">
    <ele>2260.6</ele>
   </trkpt>
   <trkpt lat="45.6031190" lon="24.7020290">
    <ele>2260.6</ele>
   </trkpt>
   <trkpt lat="45.6031110" lon="24.7020040">
    <ele>2261.6</ele>
   </trkpt>
   <trkpt lat="45.6031020" lon="24.7019800">
    <ele>2262.2</ele>
   </trkpt>
   <trkpt lat="45.6030900" lon="24.7019570">
    <ele>2262.6</ele>
   </trkpt>
   <trkpt lat="45.6030810" lon="24.7019400">
    <ele>2263.6</ele>
   </trkpt>
   <trkpt lat="45.6030770" lon="24.7019210">
    <ele>2263.8</ele>
   </trkpt>
   <trkpt lat="45.6030540" lon="24.7018770">
    <ele>2264.8</ele>
   </trkpt>
   <trkpt lat="45.6030340" lon="24.7018370">
    <ele>2265.4</ele>
   </trkpt>
   <trkpt lat="45.6030310" lon="24.7018310">
    <ele>2265.6</ele>
   </trkpt>
   <trkpt lat="45.6030260" lon="24.7018230">
    <ele>2265.8</ele>
   </trkpt>
   <trkpt lat="45.6030180" lon="24.7017770">
    <ele>2266.8</ele>
   </trkpt>
   <trkpt lat="45.6030180" lon="24.7017350">
    <ele>2268.6</ele>
   </trkpt>
   <trkpt lat="45.6030210" lon="24.7017370">
    <ele>2268.8</ele>
   </trkpt>
   <trkpt lat="45.6030220" lon="24.7017400">
    <ele>2268.8</ele>
   </trkpt>
   <trkpt lat="45.6030220" lon="24.7017400">
    <ele>2268.6</ele>
   </trkpt>
   <trkpt lat="45.6030220" lon="24.7017400">
    <ele>2268.6</ele>
   </trkpt>
   <trkpt lat="45.6030220" lon="24.7017400">
    <ele>2268.6</ele>
   </trkpt>
   <trkpt lat="45.6030220" lon="24.7017400">
    <ele>2268.6</ele>
   </trkpt>
   <trkpt lat="45.6030220" lon="24.7017400">
    <ele>2268.6</ele>
   </trkpt>
   <trkpt lat="45.6030220" lon="24.7017400">
    <ele>2268.6</ele>
   </trkpt>
   <trkpt lat="45.6030210" lon="24.7017390">
    <ele>2268.8</ele>
   </trkpt>
   <trkpt lat="45.6030170" lon="24.7017340">
    <ele>2268.8</ele>
   </trkpt>
   <trkpt lat="45.6029800" lon="24.7016630">
    <ele>2269.6</ele>
   </trkpt>
   <trkpt lat="45.6029670" lon="24.7016440">
    <ele>2269.8</ele>
   </trkpt>
   <trkpt lat="45.6029590" lon="24.7016040">
    <ele>2270.8</ele>
   </trkpt>
   <trkpt lat="45.6029540" lon="24.7015930">
    <ele>2271.2</ele>
   </trkpt>
   <trkpt lat="45.6029390" lon="24.7015740">
    <ele>2271.4</ele>
   </trkpt>
   <trkpt lat="45.6029340" lon="24.7015710">
    <ele>2272.0</ele>
   </trkpt>
   <trkpt lat="45.6029180" lon="24.7015720">
    <ele>2272.2</ele>
   </trkpt>
   <trkpt lat="45.6028930" lon="24.7015330">
    <ele>2272.0</ele>
   </trkpt>
   <trkpt lat="45.6028650" lon="24.7015000">
    <ele>2273.2</ele>
   </trkpt>
   <trkpt lat="45.6028550" lon="24.7014850">
    <ele>2273.4</ele>
   </trkpt>
   <trkpt lat="45.6028370" lon="24.7014430">
    <ele>2273.8</ele>
   </trkpt>
   <trkpt lat="45.6028280" lon="24.7014280">
    <ele>2274.2</ele>
   </trkpt>
   <trkpt lat="45.6028280" lon="24.7014260">
    <ele>2274.2</ele>
   </trkpt>
   <trkpt lat="45.6028370" lon="24.7014050">
    <ele>2275.0</ele>
   </trkpt>
   <trkpt lat="45.6028360" lon="24.7014020">
    <ele>2275.2</ele>
   </trkpt>
   <trkpt lat="45.6027930" lon="24.7013670">
    <ele>2276.2</ele>
   </trkpt>
   <trkpt lat="45.6027870" lon="24.7013600">
    <ele>2276.4</ele>
   </trkpt>
   <trkpt lat="45.6027600" lon="24.7013230">
    <ele>2277.2</ele>
   </trkpt>
   <trkpt lat="45.6027410" lon="24.7013040">
    <ele>2277.6</ele>
   </trkpt>
   <trkpt lat="45.6027090" lon="24.7012800">
    <ele>2278.0</ele>
   </trkpt>
   <trkpt lat="45.6027070" lon="24.7012700">
    <ele>2278.2</ele>
   </trkpt>
   <trkpt lat="45.6027080" lon="24.7012610">
    <ele>2278.2</ele>
   </trkpt>
   <trkpt lat="45.6027070" lon="24.7012520">
    <ele>2278.6</ele>
   </trkpt>
   <trkpt lat="45.6027010" lon="24.7012420">
    <ele>2278.6</ele>
   </trkpt>
   <trkpt lat="45.6026900" lon="24.7012300">
    <ele>2278.6</ele>
   </trkpt>
   <trkpt lat="45.6026720" lon="24.7012220">
    <ele>2279.0</ele>
   </trkpt>
   <trkpt lat="45.6026630" lon="24.7012070">
    <ele>2279.4</ele>
   </trkpt>
   <trkpt lat="45.6026490" lon="24.7011820">
    <ele>2279.6</ele>
   </trkpt>
   <trkpt lat="45.6026280" lon="24.7011640">
    <ele>2280.0</ele>
   </trkpt>
   <trkpt lat="45.6025990" lon="24.7011460">
    <ele>2280.6</ele>
   </trkpt>
   <trkpt lat="45.6025870" lon="24.7011340">
    <ele>2280.6</ele>
   </trkpt>
   <trkpt lat="45.6025850" lon="24.7011280">
    <ele>2280.6</ele>
   </trkpt>
   <trkpt lat="45.6025820" lon="24.7011240">
    <ele>2280.8</ele>
   </trkpt>
   <trkpt lat="45.6025560" lon="24.7010840">
    <ele>2282.0</ele>
   </trkpt>
   <trkpt lat="45.6025530" lon="24.7010800">
    <ele>2282.2</ele>
   </trkpt>
   <trkpt lat="45.6025470" lon="24.7010680">
    <ele>2282.4</ele>
   </trkpt>
   <trkpt lat="45.6025470" lon="24.7010550">
    <ele>2283.0</ele>
   </trkpt>
   <trkpt lat="45.6025440" lon="24.7010510">
    <ele>2283.4</ele>
   </trkpt>
   <trkpt lat="45.6025380" lon="24.7010430">
    <ele>2283.8</ele>
   </trkpt>
   <trkpt lat="45.6025300" lon="24.7010340">
    <ele>2284.0</ele>
   </trkpt>
   <trkpt lat="45.6025250" lon="24.7010270">
    <ele>2284.6</ele>
   </trkpt>
   <trkpt lat="45.6025060" lon="24.7009800">
    <ele>2285.6</ele>
   </trkpt>
   <trkpt lat="45.6024960" lon="24.7009540">
    <ele>2286.2</ele>
   </trkpt>
   <trkpt lat="45.6024850" lon="24.7009380">
    <ele>2286.8</ele>
   </trkpt>
   <trkpt lat="45.6024800" lon="24.7009270">
    <ele>2286.8</ele>
   </trkpt>
   <trkpt lat="45.6024620" lon="24.7008690">
    <ele>2288.0</ele>
   </trkpt>
   <trkpt lat="45.6024470" lon="24.7008540">
    <ele>2288.4</ele>
   </trkpt>
   <trkpt lat="45.6024200" lon="24.7008310">
    <ele>2289.0</ele>
   </trkpt>
   <trkpt lat="45.6024090" lon="24.7008130">
    <ele>2290.2</ele>
   </trkpt>
   <trkpt lat="45.6024090" lon="24.7008070">
    <ele>2290.4</ele>
   </trkpt>
   <trkpt lat="45.6024130" lon="24.7008030">
    <ele>2290.6</ele>
   </trkpt>
   <trkpt lat="45.6024110" lon="24.7007940">
    <ele>2291.2</ele>
   </trkpt>
   <trkpt lat="45.6024010" lon="24.7008070">
    <ele>2291.4</ele>
   </trkpt>
   <trkpt lat="45.6023990" lon="24.7008080">
    <ele>2291.6</ele>
   </trkpt>
   <trkpt lat="45.6023990" lon="24.7008090">
    <ele>2291.6</ele>
   </trkpt>
   <trkpt lat="45.6023980" lon="24.7008120">
    <ele>2291.6</ele>
   </trkpt>
   <trkpt lat="45.6023970" lon="24.7008150">
    <ele>2291.4</ele>
   </trkpt>
   <trkpt lat="45.6023920" lon="24.7008230">
    <ele>2292.4</ele>
   </trkpt>
   <trkpt lat="45.6023770" lon="24.7008060">
    <ele>2292.8</ele>
   </trkpt>
   <trkpt lat="45.6023370" lon="24.7007560">
    <ele>2293.4</ele>
   </trkpt>
   <trkpt lat="45.6023180" lon="24.7007360">
    <ele>2293.6</ele>
   </trkpt>
   <trkpt lat="45.6022960" lon="24.7007110">
    <ele>2294.4</ele>
   </trkpt>
   <trkpt lat="45.6022830" lon="24.7006910">
    <ele>2294.8</ele>
   </trkpt>
   <trkpt lat="45.6022780" lon="24.7006850">
    <ele>2294.8</ele>
   </trkpt>
   <trkpt lat="45.6022530" lon="24.7006410">
    <ele>2296.2</ele>
   </trkpt>
   <trkpt lat="45.6022410" lon="24.7006240">
    <ele>2296.6</ele>
   </trkpt>
   <trkpt lat="45.6022330" lon="24.7006090">
    <ele>2297.2</ele>
   </trkpt>
   <trkpt lat="45.6022270" lon="24.7005980">
    <ele>2297.2</ele>
   </trkpt>
   <trkpt lat="45.6022180" lon="24.7005910">
    <ele>2297.4</ele>
   </trkpt>
   <trkpt lat="45.6022110" lon="24.7005870">
    <ele>2297.6</ele>
   </trkpt>
   <trkpt lat="45.6021890" lon="24.7005570">
    <ele>2298.0</ele>
   </trkpt>
   <trkpt lat="45.6021810" lon="24.7005470">
    <ele>2298.2</ele>
   </trkpt>
   <trkpt lat="45.6021760" lon="24.7005370">
    <ele>2298.4</ele>
   </trkpt>
   <trkpt lat="45.6021670" lon="24.7005240">
    <ele>2298.8</ele>
   </trkpt>
   <trkpt lat="45.6021460" lon="24.7005110">
    <ele>2299.6</ele>
   </trkpt>
   <trkpt lat="45.6021310" lon="24.7004990">
    <ele>2299.8</ele>
   </trkpt>
   <trkpt lat="45.6021070" lon="24.7004820">
    <ele>2300.0</ele>
   </trkpt>
   <trkpt lat="45.6021010" lon="24.7004670">
    <ele>2300.6</ele>
   </trkpt>
   <trkpt lat="45.6020900" lon="24.7004350">
    <ele>2301.6</ele>
   </trkpt>
   <trkpt lat="45.6020890" lon="24.7004290">
    <ele>2301.6</ele>
   </trkpt>
   <trkpt lat="45.6020710" lon="24.7004030">
    <ele>2303.0</ele>
   </trkpt>
   <trkpt lat="45.6020680" lon="24.7004000">
    <ele>2303.0</ele>
   </trkpt>
   <trkpt lat="45.6020470" lon="24.7003790">
    <ele>2304.0</ele>
   </trkpt>
   <trkpt lat="45.6020270" lon="24.7003600">
    <ele>2304.8</ele>
   </trkpt>
   <trkpt lat="45.6020150" lon="24.7003470">
    <ele>2305.0</ele>
   </trkpt>
   <trkpt lat="45.6019980" lon="24.7003220">
    <ele>2305.6</ele>
   </trkpt>
   <trkpt lat="45.6019960" lon="24.7003160">
    <ele>2306.4</ele>
   </trkpt>
   <trkpt lat="45.6019680" lon="24.7002930">
    <ele>2307.6</ele>
   </trkpt>
   <trkpt lat="45.6019730" lon="24.7002980">
    <ele>2308.4</ele>
   </trkpt>
   <trkpt lat="45.6019710" lon="24.7002890">
    <ele>2308.6</ele>
   </trkpt>
   <trkpt lat="45.6019720" lon="24.7002840">
    <ele>2308.8</ele>
   </trkpt>
   <trkpt lat="45.6019660" lon="24.7002710">
    <ele>2308.8</ele>
   </trkpt>
   <trkpt lat="45.6019310" lon="24.7002310">
    <ele>2309.8</ele>
   </trkpt>
   <trkpt lat="45.6019270" lon="24.7002320">
    <ele>2310.0</ele>
   </trkpt>
   <trkpt lat="45.6018950" lon="24.7002130">
    <ele>2310.8</ele>
   </trkpt>
   <trkpt lat="45.6018800" lon="24.7002010">
    <ele>2311.0</ele>
   </trkpt>
   <trkpt lat="45.6018580" lon="24.7001890">
    <ele>2311.4</ele>
   </trkpt>
   <trkpt lat="45.6018450" lon="24.7001840">
    <ele>2311.8</ele>
   </trkpt>
   <trkpt lat="45.6018400" lon="24.7001820">
    <ele>2312.2</ele>
   </trkpt>
   <trkpt lat="45.6018330" lon="24.7001730">
    <ele>2312.2</ele>
   </trkpt>
   <trkpt lat="45.6018320" lon="24.7001560">
    <ele>2312.4</ele>
   </trkpt>
   <trkpt lat="45.6018300" lon="24.7001440">
    <ele>2312.6</ele>
   </trkpt>
   <trkpt lat="45.6018210" lon="24.7001320">
    <ele>2313.0</ele>
   </trkpt>
   <trkpt lat="45.6017710" lon="24.7001160">
    <ele>2313.8</ele>
   </trkpt>
   <trkpt lat="45.6017620" lon="24.7001240">
    <ele>2314.2</ele>
   </trkpt>
   <trkpt lat="45.6017420" lon="24.7001130">
    <ele>2314.8</ele>
   </trkpt>
   <trkpt lat="45.6016740" lon="24.7000780">
    <ele>2315.2</ele>
   </trkpt>
   <trkpt lat="45.6016040" lon="24.7000680">
    <ele>2316.2</ele>
   </trkpt>
   <trkpt lat="45.6015800" lon="24.7000530">
    <ele>2316.8</ele>
   </trkpt>
   <trkpt lat="45.6015580" lon="24.7000420">
    <ele>2317.2</ele>
   </trkpt>
   <trkpt lat="45.6015480" lon="24.7000360">
    <ele>2317.4</ele>
   </trkpt>
   <trkpt lat="45.6014910" lon="24.7000080">
    <ele>2318.4</ele>
   </trkpt>
   <trkpt lat="45.6014740" lon="24.6999930">
    <ele>2318.8</ele>
   </trkpt>
   <trkpt lat="45.6014440" lon="24.6999550">
    <ele>2320.0</ele>
   </trkpt>
   <trkpt lat="45.6014310" lon="24.6999470">
    <ele>2320.4</ele>
   </trkpt>
   <trkpt lat="45.6014140" lon="24.6999310">
    <ele>2320.8</ele>
   </trkpt>
   <trkpt lat="45.6014100" lon="24.6999290">
    <ele>2321.0</ele>
   </trkpt>
   <trkpt lat="45.6014050" lon="24.6999200">
    <ele>2321.2</ele>
   </trkpt>
   <trkpt lat="45.6014010" lon="24.6998990">
    <ele>2321.4</ele>
   </trkpt>
   <trkpt lat="45.6013940" lon="24.6998870">
    <ele>2321.4</ele>
   </trkpt>
   <trkpt lat="45.6014130" lon="24.6998880">
    <ele>2321.8</ele>
   </trkpt>
   <trkpt lat="45.6014220" lon="24.6998920">
    <ele>2322.0</ele>
   </trkpt>
   <trkpt lat="45.6014220" lon="24.6998920">
    <ele>2321.8</ele>
   </trkpt>
   <trkpt lat="45.6014220" lon="24.6998920">
    <ele>2321.8</ele>
   </trkpt>
   <trkpt lat="45.6014220" lon="24.6998930">
    <ele>2322.0</ele>
   </trkpt>
   <trkpt lat="45.6014230" lon="24.6998960">
    <ele>2322.0</ele>
   </trkpt>
   <trkpt lat="45.6014240" lon="24.6998970">
    <ele>2322.2</ele>
   </trkpt>
   <trkpt lat="45.6014260" lon="24.6998970">
    <ele>2322.2</ele>
   </trkpt>
   <trkpt lat="45.6014300" lon="24.6998970">
    <ele>2322.4</ele>
   </trkpt>
   <trkpt lat="45.6014320" lon="24.6998970">
    <ele>2322.4</ele>
   </trkpt>
   <trkpt lat="45.6014360" lon="24.6998970">
    <ele>2322.0</ele>
   </trkpt>
   <trkpt lat="45.6014360" lon="24.6998970">
    <ele>2322.2</ele>
   </trkpt>
   <trkpt lat="45.6014390" lon="24.6998740">
    <ele>2322.0</ele>
   </trkpt>
   <trkpt lat="45.6014440" lon="24.6998740">
    <ele>2322.6</ele>
   </trkpt>
   <trkpt lat="45.6014580" lon="24.6998800">
    <ele>2322.2</ele>
   </trkpt>
   <trkpt lat="45.6014580" lon="24.6998810">
    <ele>2322.0</ele>
   </trkpt>
   <trkpt lat="45.6014580" lon="24.6998820">
    <ele>2322.0</ele>
   </trkpt>
   <trkpt lat="45.6014580" lon="24.6998830">
    <ele>2322.0</ele>
   </trkpt>
   <trkpt lat="45.6014520" lon="24.6998810">
    <ele>2322.0</ele>
   </trkpt>
   <trkpt lat="45.6014510" lon="24.6998810">
    <ele>2322.0</ele>
   </trkpt>
   <trkpt lat="45.6014520" lon="24.6998790">
    <ele>2322.0</ele>
   </trkpt>
   <trkpt lat="45.6014600" lon="24.6998740">
    <ele>2322.0</ele>
   </trkpt>
   <trkpt lat="45.6014620" lon="24.6998740">
    <ele>2322.0</ele>
   </trkpt>
   <trkpt lat="45.6014630" lon="24.6998780">
    <ele>2322.0</ele>
   </trkpt>
   <trkpt lat="45.6014630" lon="24.6998800">
    <ele>2322.0</ele>
   </trkpt>
   <trkpt lat="45.6014630" lon="24.6998810">
    <ele>2322.0</ele>
   </trkpt>
   <trkpt lat="45.6014640" lon="24.6998820">
    <ele>2322.0</ele>
   </trkpt>
   <trkpt lat="45.6014640" lon="24.6998840">
    <ele>2322.0</ele>
   </trkpt>
   <trkpt lat="45.6014670" lon="24.6998900">
    <ele>2322.0</ele>
   </trkpt>
   <trkpt lat="45.6014670" lon="24.6998960">
    <ele>2322.0</ele>
   </trkpt>
   <trkpt lat="45.6014630" lon="24.6998960">
    <ele>2322.0</ele>
   </trkpt>
   <trkpt lat="45.6014630" lon="24.6998960">
    <ele>2322.0</ele>
   </trkpt>
   <trkpt lat="45.6014640" lon="24.6998950">
    <ele>2322.0</ele>
   </trkpt>
   <trkpt lat="45.6014640" lon="24.6998950">
    <ele>2322.0</ele>
   </trkpt>
   <trkpt lat="45.6014640" lon="24.6998950">
    <ele>2322.0</ele>
   </trkpt>
   <trkpt lat="45.6014640" lon="24.6998950">
    <ele>2322.0</ele>
   </trkpt>
   <trkpt lat="45.6014640" lon="24.6998950">
    <ele>2322.0</ele>
   </trkpt>
   <trkpt lat="45.6014640" lon="24.6998950">
    <ele>2322.0</ele>
   </trkpt>
   <trkpt lat="45.6014640" lon="24.6998940">
    <ele>2322.0</ele>
   </trkpt>
   <trkpt lat="45.6014640" lon="24.6998940">
    <ele>2322.0</ele>
   </trkpt>
   <trkpt lat="45.6014640" lon="24.6998940">
    <ele>2322.0</ele>
   </trkpt>
   <trkpt lat="45.6014640" lon="24.6998940">
    <ele>2322.0</ele>
   </trkpt>
   <trkpt lat="45.6014640" lon="24.6998940">
    <ele>2322.0</ele>
   </trkpt>
   <trkpt lat="45.6014640" lon="24.6998940">
    <ele>2322.0</ele>
   </trkpt>
   <trkpt lat="45.6014640" lon="24.6998930">
    <ele>2322.0</ele>
   </trkpt>
   <trkpt lat="45.6014640" lon="24.6998930">
    <ele>2322.0</ele>
   </trkpt>
   <trkpt lat="45.6014640" lon="24.6998930">
    <ele>2322.0</ele>
   </trkpt>
   <trkpt lat="45.6014640" lon="24.6998930">
    <ele>2322.0</ele>
   </trkpt>
   <trkpt lat="45.6014640" lon="24.6998930">
    <ele>2322.0</ele>
   </trkpt>
   <trkpt lat="45.6014640" lon="24.6998940">
    <ele>2322.0</ele>
   </trkpt>
   <trkpt lat="45.6014640" lon="24.6998940">
    <ele>2322.0</ele>
   </trkpt>
   <trkpt lat="45.6014640" lon="24.6998940">
    <ele>2322.0</ele>
   </trkpt>
   <trkpt lat="45.6014630" lon="24.6998940">
    <ele>2322.0</ele>
   </trkpt>
   <trkpt lat="45.6014630" lon="24.6998940">
    <ele>2322.0</ele>
   </trkpt>
   <trkpt lat="45.6014630" lon="24.6998940">
    <ele>2322.0</ele>
   </trkpt>
   <trkpt lat="45.6014630" lon="24.6998940">
    <ele>2322.0</ele>
   </trkpt>
   <trkpt lat="45.6014630" lon="24.6998940">
    <ele>2322.0</ele>
   </trkpt>
   <trkpt lat="45.6014630" lon="24.6998940">
    <ele>2322.0</ele>
   </trkpt>
   <trkpt lat="45.6015010" lon="24.6998310">
    <ele>2322.0</ele>
   </trkpt>
   <trkpt lat="45.6015150" lon="24.6997910">
    <ele>2322.0</ele>
   </trkpt>
   <trkpt lat="45.6015050" lon="24.6997640">
    <ele>2321.8</ele>
   </trkpt>
   <trkpt lat="45.6015330" lon="24.6997360">
    <ele>2320.6</ele>
   </trkpt>
   <trkpt lat="45.6015770" lon="24.6997080">
    <ele>2320.2</ele>
   </trkpt>
   <trkpt lat="45.6015960" lon="24.6997080">
    <ele>2320.4</ele>
   </trkpt>
   <trkpt lat="45.6016200" lon="24.6996750">
    <ele>2320.0</ele>
   </trkpt>
   <trkpt lat="45.6016260" lon="24.6996750">
    <ele>2320.2</ele>
   </trkpt>
   <trkpt lat="45.6016720" lon="24.6996150">
    <ele>2319.8</ele>
   </trkpt>
   <trkpt lat="45.6017290" lon="24.6995370">
    <ele>2319.6</ele>
   </trkpt>
   <trkpt lat="45.6017630" lon="24.6995100">
    <ele>2319.4</ele>
   </trkpt>
   <trkpt lat="45.6018610" lon="24.6994320">
    <ele>2319.8</ele>
   </trkpt>
   <trkpt lat="45.6018600" lon="24.6994260">
    <ele>2319.8</ele>
   </trkpt>
   <trkpt lat="45.6018620" lon="24.6994110">
    <ele>2320.2</ele>
   </trkpt>
   <trkpt lat="45.6018680" lon="24.6994000">
    <ele>2320.2</ele>
   </trkpt>
   <trkpt lat="45.6018710" lon="24.6993930">
    <ele>2320.2</ele>
   </trkpt>
   <trkpt lat="45.6018850" lon="24.6993610">
    <ele>2319.6</ele>
   </trkpt>
   <trkpt lat="45.6019270" lon="24.6993200">
    <ele>2319.2</ele>
   </trkpt>
   <trkpt lat="45.6019320" lon="24.6992990">
    <ele>2319.0</ele>
   </trkpt>
   <trkpt lat="45.6019790" lon="24.6992360">
    <ele>2318.6</ele>
   </trkpt>
   <trkpt lat="45.6019960" lon="24.6992280">
    <ele>2318.6</ele>
   </trkpt>
   <trkpt lat="45.6020280" lon="24.6991950">
    <ele>2319.2</ele>
   </trkpt>
   <trkpt lat="45.6020380" lon="24.6991840">
    <ele>2319.2</ele>
   </trkpt>
   <trkpt lat="45.6020300" lon="24.6991770">
    <ele>2319.6</ele>
   </trkpt>
   <trkpt lat="45.6020360" lon="24.6991840">
    <ele>2319.4</ele>
   </trkpt>
   <trkpt lat="45.6020360" lon="24.6991820">
    <ele>2319.6</ele>
   </trkpt>
   <trkpt lat="45.6020360" lon="24.6991820">
    <ele>2319.6</ele>
   </trkpt>
   <trkpt lat="45.6020870" lon="24.6991370">
    <ele>2319.0</ele>
   </trkpt>
   <trkpt lat="45.6021900" lon="24.6990180">
    <ele>2320.4</ele>
   </trkpt>
   <trkpt lat="45.6022220" lon="24.6989800">
    <ele>2320.6</ele>
   </trkpt>
   <trkpt lat="45.6022520" lon="24.6989550">
    <ele>2320.6</ele>
   </trkpt>
   <trkpt lat="45.6022620" lon="24.6989450">
    <ele>2320.8</ele>
   </trkpt>
   <trkpt lat="45.6022930" lon="24.6989320">
    <ele>2320.8</ele>
   </trkpt>
   <trkpt lat="45.6022970" lon="24.6989230">
    <ele>2321.8</ele>
   </trkpt>
   <trkpt lat="45.6022910" lon="24.6989240">
    <ele>2322.0</ele>
   </trkpt>
   <trkpt lat="45.6022970" lon="24.6989250">
    <ele>2322.0</ele>
   </trkpt>
   <trkpt lat="45.6023170" lon="24.6989180">
    <ele>2321.6</ele>
   </trkpt>
   <trkpt lat="45.6023390" lon="24.6988840">
    <ele>2321.6</ele>
   </trkpt>
   <trkpt lat="45.6024100" lon="24.6988210">
    <ele>2321.6</ele>
   </trkpt>
   <trkpt lat="45.6024290" lon="24.6987930">
    <ele>2322.0</ele>
   </trkpt>
   <trkpt lat="45.6024550" lon="24.6987730">
    <ele>2321.6</ele>
   </trkpt>
   <trkpt lat="45.6024710" lon="24.6987430">
    <ele>2321.4</ele>
   </trkpt>
   <trkpt lat="45.6025340" lon="24.6986890">
    <ele>2320.8</ele>
   </trkpt>
   <trkpt lat="45.6025710" lon="24.6986560">
    <ele>2320.8</ele>
   </trkpt>
   <trkpt lat="45.6026630" lon="24.6985720">
    <ele>2320.8</ele>
   </trkpt>
   <trkpt lat="45.6026870" lon="24.6985390">
    <ele>2320.6</ele>
   </trkpt>
   <trkpt lat="45.6027240" lon="24.6984600">
    <ele>2320.4</ele>
   </trkpt>
   <trkpt lat="45.6027310" lon="24.6984390">
    <ele>2320.2</ele>
   </trkpt>
   <trkpt lat="45.6027380" lon="24.6984300">
    <ele>2320.2</ele>
   </trkpt>
   <trkpt lat="45.6027720" lon="24.6983890">
    <ele>2319.8</ele>
   </trkpt>
   <trkpt lat="45.6027790" lon="24.6983790">
    <ele>2319.8</ele>
   </trkpt>
   <trkpt lat="45.6027810" lon="24.6983750">
    <ele>2319.8</ele>
   </trkpt>
   <trkpt lat="45.6027870" lon="24.6983590">
    <ele>2319.6</ele>
   </trkpt>
   <trkpt lat="45.6027930" lon="24.6983520">
    <ele>2319.6</ele>
   </trkpt>
   <trkpt lat="45.6027950" lon="24.6983540">
    <ele>2319.6</ele>
   </trkpt>
   <trkpt lat="45.6028080" lon="24.6983180">
    <ele>2319.2</ele>
   </trkpt>
   <trkpt lat="45.6028270" lon="24.6982890">
    <ele>2318.4</ele>
   </trkpt>
   <trkpt lat="45.6028310" lon="24.6982870">
    <ele>2318.4</ele>
   </trkpt>
   <trkpt lat="45.6028420" lon="24.6982640">
    <ele>2318.6</ele>
   </trkpt>
   <trkpt lat="45.6028910" lon="24.6981860">
    <ele>2319.8</ele>
   </trkpt>
   <trkpt lat="45.6028920" lon="24.6981780">
    <ele>2320.2</ele>
   </trkpt>
   <trkpt lat="45.6029110" lon="24.6981680">
    <ele>2320.2</ele>
   </trkpt>
   <trkpt lat="45.6029200" lon="24.6981520">
    <ele>2320.4</ele>
   </trkpt>
   <trkpt lat="45.6029260" lon="24.6981410">
    <ele>2320.4</ele>
   </trkpt>
   <trkpt lat="45.6029290" lon="24.6981360">
    <ele>2320.8</ele>
   </trkpt>
   <trkpt lat="45.6029230" lon="24.6981180">
    <ele>2320.6</ele>
   </trkpt>
   <trkpt lat="45.6029350" lon="24.6980850">
    <ele>2320.4</ele>
   </trkpt>
   <trkpt lat="45.6029760" lon="24.6980550">
    <ele>2321.0</ele>
   </trkpt>
   <trkpt lat="45.6029800" lon="24.6980490">
    <ele>2321.0</ele>
   </trkpt>
   <trkpt lat="45.6030130" lon="24.6979890">
    <ele>2321.6</ele>
   </trkpt>
   <trkpt lat="45.6030260" lon="24.6979740">
    <ele>2322.0</ele>
   </trkpt>
   <trkpt lat="45.6030390" lon="24.6979480">
    <ele>2322.6</ele>
   </trkpt>
   <trkpt lat="45.6030540" lon="24.6979510">
    <ele>2323.2</ele>
   </trkpt>
   <trkpt lat="45.6030590" lon="24.6979710">
    <ele>2323.4</ele>
   </trkpt>
   <trkpt lat="45.6030560" lon="24.6979680">
    <ele>2323.6</ele>
   </trkpt>
   <trkpt lat="45.6030550" lon="24.6979350">
    <ele>2324.2</ele>
   </trkpt>
   <trkpt lat="45.6030630" lon="24.6979310">
    <ele>2324.2</ele>
   </trkpt>
   <trkpt lat="45.6030790" lon="24.6979080">
    <ele>2324.4</ele>
   </trkpt>
   <trkpt lat="45.6030850" lon="24.6978980">
    <ele>2324.6</ele>
   </trkpt>
   <trkpt lat="45.6031230" lon="24.6978380">
    <ele>2324.6</ele>
   </trkpt>
   <trkpt lat="45.6031550" lon="24.6978210">
    <ele>2325.4</ele>
   </trkpt>
   <trkpt lat="45.6031630" lon="24.6978120">
    <ele>2326.0</ele>
   </trkpt>
   <trkpt lat="45.6031660" lon="24.6978040">
    <ele>2326.0</ele>
   </trkpt>
   <trkpt lat="45.6031700" lon="24.6977990">
    <ele>2326.0</ele>
   </trkpt>
   <trkpt lat="45.6031800" lon="24.6977920">
    <ele>2326.0</ele>
   </trkpt>
   <trkpt lat="45.6031820" lon="24.6977890">
    <ele>2326.4</ele>
   </trkpt>
   <trkpt lat="45.6031830" lon="24.6977870">
    <ele>2326.4</ele>
   </trkpt>
   <trkpt lat="45.6032070" lon="24.6977350">
    <ele>2326.8</ele>
   </trkpt>
   <trkpt lat="45.6032270" lon="24.6977160">
    <ele>2327.4</ele>
   </trkpt>
   <trkpt lat="45.6032160" lon="24.6976860">
    <ele>2327.6</ele>
   </trkpt>
   <trkpt lat="45.6032150" lon="24.6976440">
    <ele>2327.6</ele>
   </trkpt>
   <trkpt lat="45.6033120" lon="24.6976010">
    <ele>2328.4</ele>
   </trkpt>
   <trkpt lat="45.6033160" lon="24.6975920">
    <ele>2328.6</ele>
   </trkpt>
   <trkpt lat="45.6033240" lon="24.6975720">
    <ele>2328.6</ele>
   </trkpt>
   <trkpt lat="45.6033350" lon="24.6975510">
    <ele>2328.6</ele>
   </trkpt>
   <trkpt lat="45.6033640" lon="24.6975250">
    <ele>2328.2</ele>
   </trkpt>
   <trkpt lat="45.6033930" lon="24.6974850">
    <ele>2328.8</ele>
   </trkpt>
   <trkpt lat="45.6033980" lon="24.6974810">
    <ele>2329.0</ele>
   </trkpt>
   <trkpt lat="45.6033980" lon="24.6974760">
    <ele>2329.6</ele>
   </trkpt>
   <trkpt lat="45.6034270" lon="24.6974500">
    <ele>2330.6</ele>
   </trkpt>
   <trkpt lat="45.6034360" lon="24.6974410">
    <ele>2331.0</ele>
   </trkpt>
   <trkpt lat="45.6035250" lon="24.6973810">
    <ele>2331.2</ele>
   </trkpt>
   <trkpt lat="45.6035400" lon="24.6973620">
    <ele>2331.8</ele>
   </trkpt>
   <trkpt lat="45.6035950" lon="24.6973060">
    <ele>2332.8</ele>
   </trkpt>
   <trkpt lat="45.6036380" lon="24.6972640">
    <ele>2332.8</ele>
   </trkpt>
   <trkpt lat="45.6037080" lon="24.6971980">
    <ele>2334.0</ele>
   </trkpt>
   <trkpt lat="45.6037300" lon="24.6971770">
    <ele>2334.2</ele>
   </trkpt>
   <trkpt lat="45.6037430" lon="24.6971540">
    <ele>2334.2</ele>
   </trkpt>
   <trkpt lat="45.6037910" lon="24.6971080">
    <ele>2334.8</ele>
   </trkpt>
   <trkpt lat="45.6038260" lon="24.6970710">
    <ele>2335.0</ele>
   </trkpt>
   <trkpt lat="45.6038280" lon="24.6970650">
    <ele>2335.2</ele>
   </trkpt>
   <trkpt lat="45.6038400" lon="24.6970690">
    <ele>2335.8</ele>
   </trkpt>
   <trkpt lat="45.6038720" lon="24.6970740">
    <ele>2335.4</ele>
   </trkpt>
   <trkpt lat="45.6039120" lon="24.6970630">
    <ele>2335.6</ele>
   </trkpt>
   <trkpt lat="45.6039130" lon="24.6970550">
    <ele>2335.6</ele>
   </trkpt>
   <trkpt lat="45.6039250" lon="24.6970470">
    <ele>2335.4</ele>
   </trkpt>
   <trkpt lat="45.6039370" lon="24.6970380">
    <ele>2335.4</ele>
   </trkpt>
   <trkpt lat="45.6039340" lon="24.6970430">
    <ele>2335.0</ele>
   </trkpt>
   <trkpt lat="45.6039380" lon="24.6970400">
    <ele>2334.8</ele>
   </trkpt>
   <trkpt lat="45.6039550" lon="24.6970160">
    <ele>2335.2</ele>
   </trkpt>
   <trkpt lat="45.6039920" lon="24.6969450">
    <ele>2334.4</ele>
   </trkpt>
   <trkpt lat="45.6040120" lon="24.6969070">
    <ele>2334.0</ele>
   </trkpt>
   <trkpt lat="45.6040460" lon="24.6968810">
    <ele>2333.8</ele>
   </trkpt>
   <trkpt lat="45.6041190" lon="24.6968310">
    <ele>2333.0</ele>
   </trkpt>
   <trkpt lat="45.6041210" lon="24.6968180">
    <ele>2332.8</ele>
   </trkpt>
   <trkpt lat="45.6041300" lon="24.6967830">
    <ele>2332.8</ele>
   </trkpt>
   <trkpt lat="45.6041300" lon="24.6967860">
    <ele>2332.6</ele>
   </trkpt>
   <trkpt lat="45.6041270" lon="24.6967850">
    <ele>2332.6</ele>
   </trkpt>
   <trkpt lat="45.6040920" lon="24.6967990">
    <ele>2331.8</ele>
   </trkpt>
   <trkpt lat="45.6040800" lon="24.6968030">
    <ele>2331.8</ele>
   </trkpt>
   <trkpt lat="45.6040120" lon="24.6968420">
    <ele>2332.0</ele>
   </trkpt>
   <trkpt lat="45.6039950" lon="24.6968340">
    <ele>2332.2</ele>
   </trkpt>
   <trkpt lat="45.6039630" lon="24.6968560">
    <ele>2331.4</ele>
   </trkpt>
   <trkpt lat="45.6039500" lon="24.6968800">
    <ele>2331.0</ele>
   </trkpt>
   <trkpt lat="45.6039530" lon="24.6968810">
    <ele>2331.0</ele>
   </trkpt>
   <trkpt lat="45.6039490" lon="24.6968680">
    <ele>2331.0</ele>
   </trkpt>
   <trkpt lat="45.6039490" lon="24.6968680">
    <ele>2330.8</ele>
   </trkpt>
   <trkpt lat="45.6039490" lon="24.6968680">
    <ele>2329.6</ele>
   </trkpt>
   <trkpt lat="45.6039490" lon="24.6968680">
    <ele>2328.6</ele>
   </trkpt>
   <trkpt lat="45.6039440" lon="24.6968650">
    <ele>2328.0</ele>
   </trkpt>
   <trkpt lat="45.6039310" lon="24.6968580">
    <ele>2328.2</ele>
   </trkpt>
   <trkpt lat="45.6039310" lon="24.6968580">
    <ele>2328.8</ele>
   </trkpt>
   <trkpt lat="45.6039860" lon="24.6968060">
    <ele>2328.4</ele>
   </trkpt>
   <trkpt lat="45.6040190" lon="24.6967320">
    <ele>2329.0</ele>
   </trkpt>
   <trkpt lat="45.6040420" lon="24.6966910">
    <ele>2329.4</ele>
   </trkpt>
   <trkpt lat="45.6041270" lon="24.6966030">
    <ele>2328.8</ele>
   </trkpt>
   <trkpt lat="45.6041760" lon="24.6965060">
    <ele>2328.4</ele>
   </trkpt>
   <trkpt lat="45.6042260" lon="24.6963980">
    <ele>2329.6</ele>
   </trkpt>
   <trkpt lat="45.6042610" lon="24.6963390">
    <ele>2330.6</ele>
   </trkpt>
   <trkpt lat="45.6042740" lon="24.6963190">
    <ele>2330.8</ele>
   </trkpt>
   <trkpt lat="45.6042740" lon="24.6962970">
    <ele>2331.8</ele>
   </trkpt>
   <trkpt lat="45.6042830" lon="24.6962960">
    <ele>2331.8</ele>
   </trkpt>
   <trkpt lat="45.6042850" lon="24.6962900">
    <ele>2331.8</ele>
   </trkpt>
   <trkpt lat="45.6042870" lon="24.6962840">
    <ele>2332.0</ele>
   </trkpt>
   <trkpt lat="45.6042960" lon="24.6962740">
    <ele>2332.6</ele>
   </trkpt>
   <trkpt lat="45.6043040" lon="24.6962530">
    <ele>2333.0</ele>
   </trkpt>
   <trkpt lat="45.6043220" lon="24.6962390">
    <ele>2334.2</ele>
   </trkpt>
   <trkpt lat="45.6043270" lon="24.6962300">
    <ele>2334.4</ele>
   </trkpt>
   <trkpt lat="45.6043530" lon="24.6962030">
    <ele>2335.2</ele>
   </trkpt>
   <trkpt lat="45.6043580" lon="24.6962000">
    <ele>2335.6</ele>
   </trkpt>
   <trkpt lat="45.6043640" lon="24.6961870">
    <ele>2335.8</ele>
   </trkpt>
   <trkpt lat="45.6043820" lon="24.6961550">
    <ele>2336.2</ele>
   </trkpt>
   <trkpt lat="45.6044040" lon="24.6961480">
    <ele>2337.0</ele>
   </trkpt>
   <trkpt lat="45.6044150" lon="24.6961500">
    <ele>2337.6</ele>
   </trkpt>
   <trkpt lat="45.6044220" lon="24.6961510">
    <ele>2338.6</ele>
   </trkpt>
   <trkpt lat="45.6044310" lon="24.6961310">
    <ele>2338.8</ele>
   </trkpt>
   <trkpt lat="45.6044520" lon="24.6960710">
    <ele>2338.8</ele>
   </trkpt>
   <trkpt lat="45.6044590" lon="24.6960420">
    <ele>2338.8</ele>
   </trkpt>
   <trkpt lat="45.6045090" lon="24.6958810">
    <ele>2339.0</ele>
   </trkpt>
   <trkpt lat="45.6045230" lon="24.6958450">
    <ele>2339.2</ele>
   </trkpt>
   <trkpt lat="45.6045380" lon="24.6958250">
    <ele>2339.6</ele>
   </trkpt>
   <trkpt lat="45.6045470" lon="24.6958130">
    <ele>2339.6</ele>
   </trkpt>
   <trkpt lat="45.6045500" lon="24.6957960">
    <ele>2339.6</ele>
   </trkpt>
   <trkpt lat="45.6045540" lon="24.6957850">
    <ele>2339.6</ele>
   </trkpt>
   <trkpt lat="45.6045580" lon="24.6957780">
    <ele>2339.8</ele>
   </trkpt>
   <trkpt lat="45.6045610" lon="24.6957690">
    <ele>2340.0</ele>
   </trkpt>
   <trkpt lat="45.6045630" lon="24.6957640">
    <ele>2340.0</ele>
   </trkpt>
   <trkpt lat="45.6045650" lon="24.6957650">
    <ele>2340.2</ele>
   </trkpt>
   <trkpt lat="45.6045710" lon="24.6957680">
    <ele>2340.0</ele>
   </trkpt>
   <trkpt lat="45.6045700" lon="24.6957670">
    <ele>2339.8</ele>
   </trkpt>
   <trkpt lat="45.6045830" lon="24.6957230">
    <ele>2339.6</ele>
   </trkpt>
   <trkpt lat="45.6045740" lon="24.6956880">
    <ele>2340.0</ele>
   </trkpt>
   <trkpt lat="45.6045780" lon="24.6956780">
    <ele>2339.8</ele>
   </trkpt>
   <trkpt lat="45.6045890" lon="24.6956580">
    <ele>2339.0</ele>
   </trkpt>
   <trkpt lat="45.6046140" lon="24.6956180">
    <ele>2338.6</ele>
   </trkpt>
   <trkpt lat="45.6046180" lon="24.6955840">
    <ele>2338.0</ele>
   </trkpt>
   <trkpt lat="45.6046380" lon="24.6955540">
    <ele>2337.4</ele>
   </trkpt>
   <trkpt lat="45.6046590" lon="24.6955070">
    <ele>2337.2</ele>
   </trkpt>
   <trkpt lat="45.6046820" lon="24.6954100">
    <ele>2337.4</ele>
   </trkpt>
   <trkpt lat="45.6046860" lon="24.6953590">
    <ele>2336.8</ele>
   </trkpt>
   <trkpt lat="45.6046860" lon="24.6953490">
    <ele>2336.6</ele>
   </trkpt>
   <trkpt lat="45.6046980" lon="24.6952860">
    <ele>2336.4</ele>
   </trkpt>
   <trkpt lat="45.6047130" lon="24.6952640">
    <ele>2336.4</ele>
   </trkpt>
   <trkpt lat="45.6047140" lon="24.6952550">
    <ele>2336.4</ele>
   </trkpt>
   <trkpt lat="45.6047130" lon="24.6952440">
    <ele>2336.0</ele>
   </trkpt>
   <trkpt lat="45.6047060" lon="24.6951740">
    <ele>2335.6</ele>
   </trkpt>
   <trkpt lat="45.6047060" lon="24.6951140">
    <ele>2335.2</ele>
   </trkpt>
   <trkpt lat="45.6047090" lon="24.6951050">
    <ele>2335.2</ele>
   </trkpt>
   <trkpt lat="45.6047130" lon="24.6950920">
    <ele>2335.2</ele>
   </trkpt>
   <trkpt lat="45.6047130" lon="24.6950770">
    <ele>2335.2</ele>
   </trkpt>
   <trkpt lat="45.6047270" lon="24.6950510">
    <ele>2334.6</ele>
   </trkpt>
   <trkpt lat="45.6047160" lon="24.6950420">
    <ele>2334.6</ele>
   </trkpt>
   <trkpt lat="45.6047090" lon="24.6950350">
    <ele>2334.4</ele>
   </trkpt>
   <trkpt lat="45.6047030" lon="24.6950230">
    <ele>2334.2</ele>
   </trkpt>
   <trkpt lat="45.6047100" lon="24.6949760">
    <ele>2334.0</ele>
   </trkpt>
   <trkpt lat="45.6047130" lon="24.6949180">
    <ele>2334.2</ele>
   </trkpt>
   <trkpt lat="45.6047150" lon="24.6948790">
    <ele>2333.8</ele>
   </trkpt>
   <trkpt lat="45.6047340" lon="24.6947350">
    <ele>2333.2</ele>
   </trkpt>
   <trkpt lat="45.6047360" lon="24.6946920">
    <ele>2333.4</ele>
   </trkpt>
   <trkpt lat="45.6047290" lon="24.6946740">
    <ele>2333.4</ele>
   </trkpt>
   <trkpt lat="45.6047270" lon="24.6946480">
    <ele>2333.0</ele>
   </trkpt>
   <trkpt lat="45.6047300" lon="24.6946310">
    <ele>2332.8</ele>
   </trkpt>
   <trkpt lat="45.6047280" lon="24.6946310">
    <ele>2332.8</ele>
   </trkpt>
   <trkpt lat="45.6047240" lon="24.6946440">
    <ele>2332.6</ele>
   </trkpt>
   <trkpt lat="45.6047460" lon="24.6946240">
    <ele>2332.8</ele>
   </trkpt>
   <trkpt lat="45.6047450" lon="24.6946230">
    <ele>2332.4</ele>
   </trkpt>
   <trkpt lat="45.6047450" lon="24.6946230">
    <ele>2332.2</ele>
   </trkpt>
   <trkpt lat="45.6047420" lon="24.6946150">
    <ele>2331.6</ele>
   </trkpt>
   <trkpt lat="45.6047270" lon="24.6945740">
    <ele>2331.0</ele>
   </trkpt>
   <trkpt lat="45.6046950" lon="24.6944660">
    <ele>2330.4</ele>
   </trkpt>
   <trkpt lat="45.6046900" lon="24.6944440">
    <ele>2330.4</ele>
   </trkpt>
   <trkpt lat="45.6047010" lon="24.6943740">
    <ele>2329.8</ele>
   </trkpt>
   <trkpt lat="45.6047110" lon="24.6943400">
    <ele>2329.6</ele>
   </trkpt>
   <trkpt lat="45.6047150" lon="24.6943220">
    <ele>2329.4</ele>
   </trkpt>
   <trkpt lat="45.6047230" lon="24.6942160">
    <ele>2329.0</ele>
   </trkpt>
   <trkpt lat="45.6047210" lon="24.6941660">
    <ele>2328.6</ele>
   </trkpt>
   <trkpt lat="45.6047320" lon="24.6941120">
    <ele>2327.8</ele>
   </trkpt>
   <trkpt lat="45.6047360" lon="24.6940960">
    <ele>2327.8</ele>
   </trkpt>
   <trkpt lat="45.6047390" lon="24.6940210">
    <ele>2327.4</ele>
   </trkpt>
   <trkpt lat="45.6047420" lon="24.6940070">
    <ele>2327.4</ele>
   </trkpt>
   <trkpt lat="45.6047390" lon="24.6939880">
    <ele>2327.4</ele>
   </trkpt>
   <trkpt lat="45.6047280" lon="24.6939180">
    <ele>2327.0</ele>
   </trkpt>
   <trkpt lat="45.6047300" lon="24.6939000">
    <ele>2327.0</ele>
   </trkpt>
   <trkpt lat="45.6047420" lon="24.6938770">
    <ele>2326.8</ele>
   </trkpt>
   <trkpt lat="45.6047290" lon="24.6938380">
    <ele>2326.2</ele>
   </trkpt>
   <trkpt lat="45.6047250" lon="24.6938230">
    <ele>2325.8</ele>
   </trkpt>
   <trkpt lat="45.6047330" lon="24.6937780">
    <ele>2325.0</ele>
   </trkpt>
   <trkpt lat="45.6047390" lon="24.6937370">
    <ele>2324.6</ele>
   </trkpt>
   <trkpt lat="45.6047600" lon="24.6936800">
    <ele>2324.6</ele>
   </trkpt>
   <trkpt lat="45.6047640" lon="24.6936600">
    <ele>2324.6</ele>
   </trkpt>
   <trkpt lat="45.6047580" lon="24.6936390">
    <ele>2324.6</ele>
   </trkpt>
   <trkpt lat="45.6047570" lon="24.6936290">
    <ele>2323.8</ele>
   </trkpt>
   <trkpt lat="45.6047650" lon="24.6936370">
    <ele>2324.0</ele>
   </trkpt>
   <trkpt lat="45.6047540" lon="24.6936380">
    <ele>2324.0</ele>
   </trkpt>
   <trkpt lat="45.6047540" lon="24.6936380">
    <ele>2323.4</ele>
   </trkpt>
   <trkpt lat="45.6047540" lon="24.6936290">
    <ele>2322.8</ele>
   </trkpt>
   <trkpt lat="45.6047320" lon="24.6935490">
    <ele>2322.4</ele>
   </trkpt>
   <trkpt lat="45.6047420" lon="24.6935050">
    <ele>2322.4</ele>
   </trkpt>
   <trkpt lat="45.6047460" lon="24.6934850">
    <ele>2322.6</ele>
   </trkpt>
   <trkpt lat="45.6047450" lon="24.6934590">
    <ele>2322.6</ele>
   </trkpt>
   <trkpt lat="45.6047470" lon="24.6933960">
    <ele>2321.8</ele>
   </trkpt>
   <trkpt lat="45.6047480" lon="24.6933780">
    <ele>2321.6</ele>
   </trkpt>
   <trkpt lat="45.6047460" lon="24.6933690">
    <ele>2321.6</ele>
   </trkpt>
   <trkpt lat="45.6047400" lon="24.6933510">
    <ele>2321.4</ele>
   </trkpt>
   <trkpt lat="45.6047460" lon="24.6932890">
    <ele>2320.4</ele>
   </trkpt>
   <trkpt lat="45.6047570" lon="24.6932600">
    <ele>2320.8</ele>
   </trkpt>
   <trkpt lat="45.6047570" lon="24.6932390">
    <ele>2320.8</ele>
   </trkpt>
   <trkpt lat="45.6047600" lon="24.6932320">
    <ele>2320.6</ele>
   </trkpt>
   <trkpt lat="45.6047720" lon="24.6931970">
    <ele>2320.6</ele>
   </trkpt>
   <trkpt lat="45.6047740" lon="24.6931830">
    <ele>2320.6</ele>
   </trkpt>
   <trkpt lat="45.6047780" lon="24.6931620">
    <ele>2320.6</ele>
   </trkpt>
   <trkpt lat="45.6047850" lon="24.6930670">
    <ele>2320.4</ele>
   </trkpt>
   <trkpt lat="45.6047830" lon="24.6930580">
    <ele>2320.4</ele>
   </trkpt>
   <trkpt lat="45.6048070" lon="24.6929710">
    <ele>2319.4</ele>
   </trkpt>
   <trkpt lat="45.6048150" lon="24.6929340">
    <ele>2319.0</ele>
   </trkpt>
   <trkpt lat="45.6048290" lon="24.6928800">
    <ele>2318.4</ele>
   </trkpt>
   <trkpt lat="45.6048340" lon="24.6928690">
    <ele>2318.2</ele>
   </trkpt>
   <trkpt lat="45.6048510" lon="24.6928380">
    <ele>2318.0</ele>
   </trkpt>
   <trkpt lat="45.6048750" lon="24.6928020">
    <ele>2318.0</ele>
   </trkpt>
   <trkpt lat="45.6048780" lon="24.6927770">
    <ele>2317.6</ele>
   </trkpt>
   <trkpt lat="45.6048870" lon="24.6927500">
    <ele>2317.2</ele>
   </trkpt>
   <trkpt lat="45.6048880" lon="24.6927380">
    <ele>2317.2</ele>
   </trkpt>
   <trkpt lat="45.6048890" lon="24.6927270">
    <ele>2317.0</ele>
   </trkpt>
   <trkpt lat="45.6048930" lon="24.6927100">
    <ele>2316.8</ele>
   </trkpt>
   <trkpt lat="45.6048970" lon="24.6927120">
    <ele>2317.0</ele>
   </trkpt>
   <trkpt lat="45.6048950" lon="24.6927140">
    <ele>2316.8</ele>
   </trkpt>
   <trkpt lat="45.6048950" lon="24.6927140">
    <ele>2316.2</ele>
   </trkpt>
   <trkpt lat="45.6048950" lon="24.6927110">
    <ele>2316.8</ele>
   </trkpt>
   <trkpt lat="45.6048950" lon="24.6927110">
    <ele>2316.8</ele>
   </trkpt>
   <trkpt lat="45.6049020" lon="24.6927070">
    <ele>2316.6</ele>
   </trkpt>
   <trkpt lat="45.6049190" lon="24.6926590">
    <ele>2315.8</ele>
   </trkpt>
   <trkpt lat="45.6049470" lon="24.6926360">
    <ele>2315.4</ele>
   </trkpt>
   <trkpt lat="45.6049210" lon="24.6925890">
    <ele>2315.6</ele>
   </trkpt>
   <trkpt lat="45.6049170" lon="24.6925630">
    <ele>2314.8</ele>
   </trkpt>
   <trkpt lat="45.6049190" lon="24.6925540">
    <ele>2314.8</ele>
   </trkpt>
   <trkpt lat="45.6049130" lon="24.6925260">
    <ele>2314.0</ele>
   </trkpt>
   <trkpt lat="45.6049140" lon="24.6925260">
    <ele>2313.8</ele>
   </trkpt>
   <trkpt lat="45.6049230" lon="24.6925000">
    <ele>2313.6</ele>
   </trkpt>
   <trkpt lat="45.6049300" lon="24.6924700">
    <ele>2313.2</ele>
   </trkpt>
   <trkpt lat="45.6049330" lon="24.6924210">
    <ele>2312.6</ele>
   </trkpt>
   <trkpt lat="45.6049280" lon="24.6923730">
    <ele>2311.8</ele>
   </trkpt>
   <trkpt lat="45.6049280" lon="24.6923600">
    <ele>2311.4</ele>
   </trkpt>
   <trkpt lat="45.6049230" lon="24.6923140">
    <ele>2310.6</ele>
   </trkpt>
   <trkpt lat="45.6049220" lon="24.6923020">
    <ele>2310.4</ele>
   </trkpt>
   <trkpt lat="45.6049260" lon="24.6922840">
    <ele>2310.4</ele>
   </trkpt>
   <trkpt lat="45.6049260" lon="24.6922740">
    <ele>2310.2</ele>
   </trkpt>
   <trkpt lat="45.6049210" lon="24.6922550">
    <ele>2310.0</ele>
   </trkpt>
   <trkpt lat="45.6049200" lon="24.6922520">
    <ele>2309.8</ele>
   </trkpt>
   <trkpt lat="45.6049190" lon="24.6922410">
    <ele>2309.4</ele>
   </trkpt>
   <trkpt lat="45.6049210" lon="24.6922360">
    <ele>2309.2</ele>
   </trkpt>
   <trkpt lat="45.6049030" lon="24.6921640">
    <ele>2308.2</ele>
   </trkpt>
   <trkpt lat="45.6049020" lon="24.6921600">
    <ele>2308.2</ele>
   </trkpt>
   <trkpt lat="45.6049020" lon="24.6921570">
    <ele>2308.0</ele>
   </trkpt>
   <trkpt lat="45.6048950" lon="24.6921240">
    <ele>2307.2</ele>
   </trkpt>
   <trkpt lat="45.6048980" lon="24.6921140">
    <ele>2307.2</ele>
   </trkpt>
   <trkpt lat="45.6049100" lon="24.6920940">
    <ele>2306.8</ele>
   </trkpt>
   <trkpt lat="45.6049160" lon="24.6920430">
    <ele>2305.8</ele>
   </trkpt>
   <trkpt lat="45.6049220" lon="24.6920250">
    <ele>2305.6</ele>
   </trkpt>
   <trkpt lat="45.6049210" lon="24.6920200">
    <ele>2305.6</ele>
   </trkpt>
   <trkpt lat="45.6049280" lon="24.6919640">
    <ele>2305.2</ele>
   </trkpt>
   <trkpt lat="45.6049130" lon="24.6919250">
    <ele>2304.8</ele>
   </trkpt>
   <trkpt lat="45.6049090" lon="24.6919190">
    <ele>2304.4</ele>
   </trkpt>
   <trkpt lat="45.6048890" lon="24.6918820">
    <ele>2303.8</ele>
   </trkpt>
   <trkpt lat="45.6048800" lon="24.6918630">
    <ele>2303.4</ele>
   </trkpt>
   <trkpt lat="45.6048760" lon="24.6918570">
    <ele>2303.2</ele>
   </trkpt>
   <trkpt lat="45.6048650" lon="24.6918450">
    <ele>2302.8</ele>
   </trkpt>
   <trkpt lat="45.6048670" lon="24.6918280">
    <ele>2302.4</ele>
   </trkpt>
   <trkpt lat="45.6048710" lon="24.6918070">
    <ele>2302.2</ele>
   </trkpt>
   <trkpt lat="45.6048730" lon="24.6917720">
    <ele>2302.0</ele>
   </trkpt>
   <trkpt lat="45.6048690" lon="24.6917400">
    <ele>2301.2</ele>
   </trkpt>
   <trkpt lat="45.6048660" lon="24.6917080">
    <ele>2300.6</ele>
   </trkpt>
   <trkpt lat="45.6048560" lon="24.6916710">
    <ele>2300.6</ele>
   </trkpt>
   <trkpt lat="45.6048510" lon="24.6916220">
    <ele>2300.0</ele>
   </trkpt>
   <trkpt lat="45.6048370" lon="24.6915450">
    <ele>2299.2</ele>
   </trkpt>
   <trkpt lat="45.6048350" lon="24.6915310">
    <ele>2299.2</ele>
   </trkpt>
   <trkpt lat="45.6048240" lon="24.6914960">
    <ele>2298.8</ele>
   </trkpt>
   <trkpt lat="45.6048190" lon="24.6914590">
    <ele>2298.8</ele>
   </trkpt>
   <trkpt lat="45.6048120" lon="24.6914180">
    <ele>2298.8</ele>
   </trkpt>
   <trkpt lat="45.6048070" lon="24.6913990">
    <ele>2298.8</ele>
   </trkpt>
   <trkpt lat="45.6048030" lon="24.6913760">
    <ele>2298.8</ele>
   </trkpt>
   <trkpt lat="45.6047920" lon="24.6913450">
    <ele>2298.2</ele>
   </trkpt>
   <trkpt lat="45.6047860" lon="24.6913330">
    <ele>2298.2</ele>
   </trkpt>
   <trkpt lat="45.6047820" lon="24.6913220">
    <ele>2297.8</ele>
   </trkpt>
   <trkpt lat="45.6047660" lon="24.6912500">
    <ele>2297.0</ele>
   </trkpt>
   <trkpt lat="45.6047600" lon="24.6912070">
    <ele>2297.8</ele>
   </trkpt>
   <trkpt lat="45.6047690" lon="24.6911490">
    <ele>2298.2</ele>
   </trkpt>
   <trkpt lat="45.6047680" lon="24.6911320">
    <ele>2298.4</ele>
   </trkpt>
   <trkpt lat="45.6047710" lon="24.6911180">
    <ele>2298.4</ele>
   </trkpt>
   <trkpt lat="45.6047720" lon="24.6911140">
    <ele>2298.6</ele>
   </trkpt>
   <trkpt lat="45.6047700" lon="24.6911120">
    <ele>2298.6</ele>
   </trkpt>
   <trkpt lat="45.6047620" lon="24.6911000">
    <ele>2298.6</ele>
   </trkpt>
   <trkpt lat="45.6047650" lon="24.6911020">
    <ele>2298.8</ele>
   </trkpt>
   <trkpt lat="45.6047650" lon="24.6911020">
    <ele>2298.8</ele>
   </trkpt>
   <trkpt lat="45.6047690" lon="24.6911020">
    <ele>2298.8</ele>
   </trkpt>
   <trkpt lat="45.6047690" lon="24.6911020">
    <ele>2298.8</ele>
   </trkpt>
   <trkpt lat="45.6047690" lon="24.6911020">
    <ele>2298.8</ele>
   </trkpt>
   <trkpt lat="45.6047690" lon="24.6911030">
    <ele>2298.6</ele>
   </trkpt>
   <trkpt lat="45.6047700" lon="24.6911070">
    <ele>2298.6</ele>
   </trkpt>
   <trkpt lat="45.6047460" lon="24.6910470">
    <ele>2298.0</ele>
   </trkpt>
   <trkpt lat="45.6047360" lon="24.6909950">
    <ele>2298.0</ele>
   </trkpt>
   <trkpt lat="45.6047270" lon="24.6909750">
    <ele>2297.8</ele>
   </trkpt>
   <trkpt lat="45.6047070" lon="24.6909050">
    <ele>2298.2</ele>
   </trkpt>
   <trkpt lat="45.6046720" lon="24.6908090">
    <ele>2298.2</ele>
   </trkpt>
   <trkpt lat="45.6046230" lon="24.6906960">
    <ele>2297.6</ele>
   </trkpt>
   <trkpt lat="45.6046160" lon="24.6906870">
    <ele>2297.6</ele>
   </trkpt>
   <trkpt lat="45.6046030" lon="24.6906760">
    <ele>2297.6</ele>
   </trkpt>
   <trkpt lat="45.6045590" lon="24.6906140">
    <ele>2296.8</ele>
   </trkpt>
   <trkpt lat="45.6045300" lon="24.6905700">
    <ele>2296.8</ele>
   </trkpt>
   <trkpt lat="45.6044880" lon="24.6905050">
    <ele>2297.2</ele>
   </trkpt>
   <trkpt lat="45.6044450" lon="24.6904490">
    <ele>2297.0</ele>
   </trkpt>
   <trkpt lat="45.6044410" lon="24.6904260">
    <ele>2297.0</ele>
   </trkpt>
   <trkpt lat="45.6044160" lon="24.6903840">
    <ele>2297.2</ele>
   </trkpt>
   <trkpt lat="45.6043940" lon="24.6903510">
    <ele>2297.2</ele>
   </trkpt>
   <trkpt lat="45.6043520" lon="24.6902620">
    <ele>2297.2</ele>
   </trkpt>
   <trkpt lat="45.6043410" lon="24.6902520">
    <ele>2297.2</ele>
   </trkpt>
   <trkpt lat="45.6042940" lon="24.6901880">
    <ele>2297.0</ele>
   </trkpt>
   <trkpt lat="45.6042660" lon="24.6901480">
    <ele>2297.0</ele>
   </trkpt>
   <trkpt lat="45.6042440" lon="24.6901280">
    <ele>2297.2</ele>
   </trkpt>
   <trkpt lat="45.6042340" lon="24.6901110">
    <ele>2297.2</ele>
   </trkpt>
   <trkpt lat="45.6041700" lon="24.6900760">
    <ele>2296.2</ele>
   </trkpt>
   <trkpt lat="45.6041460" lon="24.6900480">
    <ele>2295.6</ele>
   </trkpt>
   <trkpt lat="45.6041230" lon="24.6900010">
    <ele>2295.2</ele>
   </trkpt>
   <trkpt lat="45.6041260" lon="24.6899960">
    <ele>2295.4</ele>
   </trkpt>
   <trkpt lat="45.6041220" lon="24.6899830">
    <ele>2295.6</ele>
   </trkpt>
   <trkpt lat="45.6041140" lon="24.6899750">
    <ele>2295.8</ele>
   </trkpt>
   <trkpt lat="45.6041030" lon="24.6899630">
    <ele>2295.8</ele>
   </trkpt>
   <trkpt lat="45.6040870" lon="24.6899270">
    <ele>2295.8</ele>
   </trkpt>
   <trkpt lat="45.6040780" lon="24.6899130">
    <ele>2295.6</ele>
   </trkpt>
   <trkpt lat="45.6040710" lon="24.6899080">
    <ele>2295.6</ele>
   </trkpt>
   <trkpt lat="45.6040530" lon="24.6899030">
    <ele>2295.2</ele>
   </trkpt>
   <trkpt lat="45.6040020" lon="24.6898380">
    <ele>2295.0</ele>
   </trkpt>
   <trkpt lat="45.6039930" lon="24.6898000">
    <ele>2294.6</ele>
   </trkpt>
   <trkpt lat="45.6039740" lon="24.6897740">
    <ele>2294.4</ele>
   </trkpt>
   <trkpt lat="45.6039710" lon="24.6897640">
    <ele>2294.4</ele>
   </trkpt>
   <trkpt lat="45.6039700" lon="24.6897580">
    <ele>2294.2</ele>
   </trkpt>
   <trkpt lat="45.6039670" lon="24.6897560">
    <ele>2294.4</ele>
   </trkpt>
   <trkpt lat="45.6039680" lon="24.6897540">
    <ele>2294.6</ele>
   </trkpt>
   <trkpt lat="45.6039670" lon="24.6897570">
    <ele>2294.6</ele>
   </trkpt>
   <trkpt lat="45.6039740" lon="24.6897680">
    <ele>2294.2</ele>
   </trkpt>
   <trkpt lat="45.6039740" lon="24.6897680">
    <ele>2294.2</ele>
   </trkpt>
   <trkpt lat="45.6039740" lon="24.6897680">
    <ele>2294.2</ele>
   </trkpt>
   <trkpt lat="45.6039740" lon="24.6897680">
    <ele>2294.0</ele>
   </trkpt>
   <trkpt lat="45.6039740" lon="24.6897680">
    <ele>2294.0</ele>
   </trkpt>
   <trkpt lat="45.6039750" lon="24.6897820">
    <ele>2294.0</ele>
   </trkpt>
   <trkpt lat="45.6039750" lon="24.6897830">
    <ele>2294.0</ele>
   </trkpt>
   <trkpt lat="45.6039780" lon="24.6897850">
    <ele>2294.2</ele>
   </trkpt>
   <trkpt lat="45.6039810" lon="24.6897850">
    <ele>2294.4</ele>
   </trkpt>
   <trkpt lat="45.6039980" lon="24.6897920">
    <ele>2294.0</ele>
   </trkpt>
   <trkpt lat="45.6039980" lon="24.6897920">
    <ele>2294.4</ele>
   </trkpt>
   <trkpt lat="45.6039980" lon="24.6897970">
    <ele>2294.4</ele>
   </trkpt>
   <trkpt lat="45.6039990" lon="24.6897990">
    <ele>2294.4</ele>
   </trkpt>
   <trkpt lat="45.6039980" lon="24.6897980">
    <ele>2294.2</ele>
   </trkpt>
   <trkpt lat="45.6039980" lon="24.6897980">
    <ele>2294.0</ele>
   </trkpt>
   <trkpt lat="45.6039940" lon="24.6897990">
    <ele>2293.6</ele>
   </trkpt>
   <trkpt lat="45.6039940" lon="24.6897990">
    <ele>2293.4</ele>
   </trkpt>
   <trkpt lat="45.6039940" lon="24.6897990">
    <ele>2293.4</ele>
   </trkpt>
   <trkpt lat="45.6039940" lon="24.6897970">
    <ele>2292.6</ele>
   </trkpt>
   <trkpt lat="45.6039930" lon="24.6897960">
    <ele>2292.6</ele>
   </trkpt>
   <trkpt lat="45.6039880" lon="24.6897850">
    <ele>2293.0</ele>
   </trkpt>
   <trkpt lat="45.6039900" lon="24.6897700">
    <ele>2293.4</ele>
   </trkpt>
   <trkpt lat="45.6039940" lon="24.6897640">
    <ele>2293.4</ele>
   </trkpt>
   <trkpt lat="45.6039960" lon="24.6897570">
    <ele>2293.2</ele>
   </trkpt>
   <trkpt lat="45.6039980" lon="24.6897590">
    <ele>2293.4</ele>
   </trkpt>
   <trkpt lat="45.6039970" lon="24.6897600">
    <ele>2293.2</ele>
   </trkpt>
   <trkpt lat="45.6039980" lon="24.6897680">
    <ele>2293.0</ele>
   </trkpt>
   <trkpt lat="45.6039980" lon="24.6897680">
    <ele>2292.8</ele>
   </trkpt>
   <trkpt lat="45.6039970" lon="24.6897680">
    <ele>2292.8</ele>
   </trkpt>
   <trkpt lat="45.6039970" lon="24.6897690">
    <ele>2292.8</ele>
   </trkpt>
   <trkpt lat="45.6039960" lon="24.6897700">
    <ele>2293.6</ele>
   </trkpt>
   <trkpt lat="45.6039960" lon="24.6897700">
    <ele>2293.4</ele>
   </trkpt>
   <trkpt lat="45.6039950" lon="24.6897700">
    <ele>2292.8</ele>
   </trkpt>
   <trkpt lat="45.6039940" lon="24.6897710">
    <ele>2292.6</ele>
   </trkpt>
   <trkpt lat="45.6039940" lon="24.6897710">
    <ele>2292.6</ele>
   </trkpt>
   <trkpt lat="45.6039940" lon="24.6897720">
    <ele>2292.4</ele>
   </trkpt>
   <trkpt lat="45.6039940" lon="24.6897720">
    <ele>2293.0</ele>
   </trkpt>
   <trkpt lat="45.6039930" lon="24.6897730">
    <ele>2292.0</ele>
   </trkpt>
   <trkpt lat="45.6039930" lon="24.6897740">
    <ele>2292.2</ele>
   </trkpt>
   <trkpt lat="45.6039930" lon="24.6897740">
    <ele>2292.2</ele>
   </trkpt>
   <trkpt lat="45.6039930" lon="24.6897750">
    <ele>2291.6</ele>
   </trkpt>
   <trkpt lat="45.6039930" lon="24.6897750">
    <ele>2291.6</ele>
   </trkpt>
   <trkpt lat="45.6039930" lon="24.6897760">
    <ele>2291.4</ele>
   </trkpt>
   <trkpt lat="45.6039930" lon="24.6897760">
    <ele>2291.4</ele>
   </trkpt>
   <trkpt lat="45.6039940" lon="24.6897760">
    <ele>2291.4</ele>
   </trkpt>
   <trkpt lat="45.6039940" lon="24.6897760">
    <ele>2291.4</ele>
   </trkpt>
   <trkpt lat="45.6039940" lon="24.6897760">
    <ele>2291.4</ele>
   </trkpt>
   <trkpt lat="45.6039940" lon="24.6897760">
    <ele>2291.4</ele>
   </trkpt>
   <trkpt lat="45.6039940" lon="24.6897770">
    <ele>2291.0</ele>
   </trkpt>
   <trkpt lat="45.6039940" lon="24.6897770">
    <ele>2291.0</ele>
   </trkpt>
   <trkpt lat="45.6039940" lon="24.6897780">
    <ele>2291.0</ele>
   </trkpt>
   <trkpt lat="45.6039940" lon="24.6897780">
    <ele>2291.0</ele>
   </trkpt>
   <trkpt lat="45.6039940" lon="24.6897780">
    <ele>2291.0</ele>
   </trkpt>
   <trkpt lat="45.6039940" lon="24.6897780">
    <ele>2291.0</ele>
   </trkpt>
   <trkpt lat="45.6039940" lon="24.6897780">
    <ele>2291.0</ele>
   </trkpt>
   <trkpt lat="45.6039950" lon="24.6897790">
    <ele>2291.0</ele>
   </trkpt>
   <trkpt lat="45.6039950" lon="24.6897790">
    <ele>2291.0</ele>
   </trkpt>
   <trkpt lat="45.6039950" lon="24.6897790">
    <ele>2291.0</ele>
   </trkpt>
   <trkpt lat="45.6039940" lon="24.6897800">
    <ele>2291.0</ele>
   </trkpt>
   <trkpt lat="45.6039940" lon="24.6897800">
    <ele>2291.0</ele>
   </trkpt>
   <trkpt lat="45.6039940" lon="24.6897800">
    <ele>2291.0</ele>
   </trkpt>
   <trkpt lat="45.6039940" lon="24.6897800">
    <ele>2291.0</ele>
   </trkpt>
   <trkpt lat="45.6040610" lon="24.6897770">
    <ele>2291.0</ele>
   </trkpt>
   <trkpt lat="45.6040930" lon="24.6897700">
    <ele>2291.0</ele>
   </trkpt>
   <trkpt lat="45.6040960" lon="24.6897710">
    <ele>2291.0</ele>
   </trkpt>
   <trkpt lat="45.6040990" lon="24.6897580">
    <ele>2291.0</ele>
   </trkpt>
   <trkpt lat="45.6041000" lon="24.6897520">
    <ele>2291.0</ele>
   </trkpt>
   <trkpt lat="45.6040980" lon="24.6897470">
    <ele>2291.0</ele>
   </trkpt>
   <trkpt lat="45.6040990" lon="24.6897450">
    <ele>2284.0</ele>
   </trkpt>
   <trkpt lat="45.6041050" lon="24.6897050">
    <ele>2283.4</ele>
   </trkpt>
   <trkpt lat="45.6041080" lon="24.6897090">
    <ele>2283.0</ele>
   </trkpt>
   <trkpt lat="45.6041000" lon="24.6897020">
    <ele>2282.6</ele>
   </trkpt>
   <trkpt lat="45.6041070" lon="24.6897020">
    <ele>2282.0</ele>
   </trkpt>
   <trkpt lat="45.6041070" lon="24.6897020">
    <ele>2281.8</ele>
   </trkpt>
   <trkpt lat="45.6041070" lon="24.6897020">
    <ele>2280.8</ele>
   </trkpt>
   <trkpt lat="45.6041050" lon="24.6897020">
    <ele>2280.4</ele>
   </trkpt>
   <trkpt lat="45.6041040" lon="24.6897020">
    <ele>2280.4</ele>
   </trkpt>
   <trkpt lat="45.6040860" lon="24.6896940">
    <ele>2279.8</ele>
   </trkpt>
   <trkpt lat="45.6040830" lon="24.6896920">
    <ele>2278.6</ele>
   </trkpt>
   <trkpt lat="45.6040830" lon="24.6896790">
    <ele>2277.6</ele>
   </trkpt>
   <trkpt lat="45.6040830" lon="24.6896590">
    <ele>2276.4</ele>
   </trkpt>
   <trkpt lat="45.6040900" lon="24.6896300">
    <ele>2275.2</ele>
   </trkpt>
   <trkpt lat="45.6040860" lon="24.6895560">
    <ele>2274.4</ele>
   </trkpt>
   <trkpt lat="45.6040790" lon="24.6895420">
    <ele>2274.0</ele>
   </trkpt>
   <trkpt lat="45.6040790" lon="24.6894980">
    <ele>2273.2</ele>
   </trkpt>
   <trkpt lat="45.6040850" lon="24.6894900">
    <ele>2272.8</ele>
   </trkpt>
   <trkpt lat="45.6040900" lon="24.6894880">
    <ele>2272.4</ele>
   </trkpt>
   <trkpt lat="45.6041000" lon="24.6894920">
    <ele>2272.6</ele>
   </trkpt>
   <trkpt lat="45.6041060" lon="24.6894980">
    <ele>2272.4</ele>
   </trkpt>
   <trkpt lat="45.6041060" lon="24.6894980">
    <ele>2272.4</ele>
   </trkpt>
   <trkpt lat="45.6041060" lon="24.6894980">
    <ele>2272.4</ele>
   </trkpt>
   <trkpt lat="45.6040900" lon="24.6895320">
    <ele>2271.6</ele>
   </trkpt>
   <trkpt lat="45.6040690" lon="24.6894680">
    <ele>2270.4</ele>
   </trkpt>
   <trkpt lat="45.6040620" lon="24.6894430">
    <ele>2270.4</ele>
   </trkpt>
   <trkpt lat="45.6040610" lon="24.6894240">
    <ele>2269.8</ele>
   </trkpt>
   <trkpt lat="45.6040660" lon="24.6893910">
    <ele>2269.6</ele>
   </trkpt>
   <trkpt lat="45.6040670" lon="24.6893720">
    <ele>2269.6</ele>
   </trkpt>
   <trkpt lat="45.6040650" lon="24.6893530">
    <ele>2269.4</ele>
   </trkpt>
   <trkpt lat="45.6040560" lon="24.6893350">
    <ele>2268.8</ele>
   </trkpt>
   <trkpt lat="45.6040470" lon="24.6892960">
    <ele>2268.2</ele>
   </trkpt>
   <trkpt lat="45.6040430" lon="24.6892740">
    <ele>2268.0</ele>
   </trkpt>
   <trkpt lat="45.6040380" lon="24.6892530">
    <ele>2267.8</ele>
   </trkpt>
   <trkpt lat="45.6040340" lon="24.6892370">
    <ele>2267.6</ele>
   </trkpt>
   <trkpt lat="45.6040290" lon="24.6892200">
    <ele>2267.4</ele>
   </trkpt>
   <trkpt lat="45.6040250" lon="24.6891990">
    <ele>2267.2</ele>
   </trkpt>
   <trkpt lat="45.6040330" lon="24.6891880">
    <ele>2267.2</ele>
   </trkpt>
   <trkpt lat="45.6040220" lon="24.6891570">
    <ele>2266.2</ele>
   </trkpt>
   <trkpt lat="45.6040110" lon="24.6891470">
    <ele>2266.2</ele>
   </trkpt>
   <trkpt lat="45.6039930" lon="24.6891450">
    <ele>2266.0</ele>
   </trkpt>
   <trkpt lat="45.6039970" lon="24.6891470">
    <ele>2266.0</ele>
   </trkpt>
   <trkpt lat="45.6039920" lon="24.6891260">
    <ele>2266.0</ele>
   </trkpt>
   <trkpt lat="45.6039920" lon="24.6890870">
    <ele>2265.4</ele>
   </trkpt>
   <trkpt lat="45.6039910" lon="24.6890790">
    <ele>2265.2</ele>
   </trkpt>
   <trkpt lat="45.6039800" lon="24.6889900">
    <ele>2264.8</ele>
   </trkpt>
   <trkpt lat="45.6039630" lon="24.6889540">
    <ele>2265.2</ele>
   </trkpt>
   <trkpt lat="45.6039670" lon="24.6889520">
    <ele>2265.0</ele>
   </trkpt>
   <trkpt lat="45.6039670" lon="24.6889460">
    <ele>2265.0</ele>
   </trkpt>
   <trkpt lat="45.6039620" lon="24.6889230">
    <ele>2265.0</ele>
   </trkpt>
   <trkpt lat="45.6039900" lon="24.6889110">
    <ele>2264.2</ele>
   </trkpt>
   <trkpt lat="45.6040110" lon="24.6888890">
    <ele>2263.2</ele>
   </trkpt>
   <trkpt lat="45.6040210" lon="24.6888730">
    <ele>2262.4</ele>
   </trkpt>
   <trkpt lat="45.6040220" lon="24.6888370">
    <ele>2261.8</ele>
   </trkpt>
   <trkpt lat="45.6040310" lon="24.6888030">
    <ele>2261.2</ele>
   </trkpt>
   <trkpt lat="45.6040500" lon="24.6887540">
    <ele>2260.6</ele>
   </trkpt>
   <trkpt lat="45.6040610" lon="24.6887440">
    <ele>2259.8</ele>
   </trkpt>
   <trkpt lat="45.6040680" lon="24.6887190">
    <ele>2258.8</ele>
   </trkpt>
   <trkpt lat="45.6040840" lon="24.6886990">
    <ele>2258.6</ele>
   </trkpt>
   <trkpt lat="45.6040860" lon="24.6886880">
    <ele>2258.0</ele>
   </trkpt>
   <trkpt lat="45.6040960" lon="24.6886650">
    <ele>2258.0</ele>
   </trkpt>
   <trkpt lat="45.6040960" lon="24.6886550">
    <ele>2258.0</ele>
   </trkpt>
   <trkpt lat="45.6041050" lon="24.6886560">
    <ele>2257.8</ele>
   </trkpt>
   <trkpt lat="45.6041170" lon="24.6886590">
    <ele>2257.8</ele>
   </trkpt>
   <trkpt lat="45.6041260" lon="24.6886510">
    <ele>2257.8</ele>
   </trkpt>
   <trkpt lat="45.6041370" lon="24.6886210">
    <ele>2257.6</ele>
   </trkpt>
   <trkpt lat="45.6041600" lon="24.6886000">
    <ele>2256.4</ele>
   </trkpt>
   <trkpt lat="45.6041670" lon="24.6886000">
    <ele>2256.4</ele>
   </trkpt>
   <trkpt lat="45.6041850" lon="24.6885850">
    <ele>2255.2</ele>
   </trkpt>
   <trkpt lat="45.6042090" lon="24.6885620">
    <ele>2254.2</ele>
   </trkpt>
   <trkpt lat="45.6042150" lon="24.6885480">
    <ele>2253.8</ele>
   </trkpt>
   <trkpt lat="45.6042420" lon="24.6885130">
    <ele>2253.0</ele>
   </trkpt>
   <trkpt lat="45.6042570" lon="24.6885160">
    <ele>2252.4</ele>
   </trkpt>
   <trkpt lat="45.6042710" lon="24.6885210">
    <ele>2252.0</ele>
   </trkpt>
   <trkpt lat="45.6042780" lon="24.6885040">
    <ele>2251.4</ele>
   </trkpt>
   <trkpt lat="45.6042780" lon="24.6885030">
    <ele>2251.4</ele>
   </trkpt>
   <trkpt lat="45.6042810" lon="24.6885100">
    <ele>2251.4</ele>
   </trkpt>
   <trkpt lat="45.6042890" lon="24.6885030">
    <ele>2251.6</ele>
   </trkpt>
   <trkpt lat="45.6042890" lon="24.6885030">
    <ele>2251.4</ele>
   </trkpt>
   <trkpt lat="45.6042890" lon="24.6885030">
    <ele>2251.0</ele>
   </trkpt>
   <trkpt lat="45.6042890" lon="24.6885030">
    <ele>2250.8</ele>
   </trkpt>
   <trkpt lat="45.6042950" lon="24.6885040">
    <ele>2250.6</ele>
   </trkpt>
   <trkpt lat="45.6043170" lon="24.6885060">
    <ele>2250.0</ele>
   </trkpt>
   <trkpt lat="45.6043330" lon="24.6885060">
    <ele>2248.8</ele>
   </trkpt>
   <trkpt lat="45.6043390" lon="24.6885040">
    <ele>2248.4</ele>
   </trkpt>
   <trkpt lat="45.6043580" lon="24.6885030">
    <ele>2247.8</ele>
   </trkpt>
   <trkpt lat="45.6043740" lon="24.6885000">
    <ele>2247.0</ele>
   </trkpt>
   <trkpt lat="45.6043800" lon="24.6884990">
    <ele>2246.6</ele>
   </trkpt>
   <trkpt lat="45.6044050" lon="24.6884900">
    <ele>2245.2</ele>
   </trkpt>
   <trkpt lat="45.6044240" lon="24.6884730">
    <ele>2244.8</ele>
   </trkpt>
   <trkpt lat="45.6044430" lon="24.6884600">
    <ele>2244.4</ele>
   </trkpt>
   <trkpt lat="45.6044550" lon="24.6884660">
    <ele>2244.0</ele>
   </trkpt>
   <trkpt lat="45.6044640" lon="24.6884700">
    <ele>2244.0</ele>
   </trkpt>
   <trkpt lat="45.6044710" lon="24.6884650">
    <ele>2244.0</ele>
   </trkpt>
   <trkpt lat="45.6044750" lon="24.6884570">
    <ele>2243.8</ele>
   </trkpt>
   <trkpt lat="45.6044900" lon="24.6884570">
    <ele>2243.2</ele>
   </trkpt>
   <trkpt lat="45.6044890" lon="24.6884590">
    <ele>2243.2</ele>
   </trkpt>
   <trkpt lat="45.6044840" lon="24.6884560">
    <ele>2243.0</ele>
   </trkpt>
   <trkpt lat="45.6044930" lon="24.6884570">
    <ele>2242.4</ele>
   </trkpt>
   <trkpt lat="45.6044960" lon="24.6884600">
    <ele>2242.4</ele>
   </trkpt>
   <trkpt lat="45.6045040" lon="24.6884770">
    <ele>2242.4</ele>
   </trkpt>
   <trkpt lat="45.6045040" lon="24.6884770">
    <ele>2242.4</ele>
   </trkpt>
   <trkpt lat="45.6045040" lon="24.6884770">
    <ele>2242.4</ele>
   </trkpt>
   <trkpt lat="45.6045090" lon="24.6884770">
    <ele>2242.6</ele>
   </trkpt>
   <trkpt lat="45.6045110" lon="24.6884840">
    <ele>2242.8</ele>
   </trkpt>
   <trkpt lat="45.6045120" lon="24.6884870">
    <ele>2242.6</ele>
   </trkpt>
   <trkpt lat="45.6045120" lon="24.6884870">
    <ele>2242.6</ele>
   </trkpt>
   <trkpt lat="45.6045130" lon="24.6884910">
    <ele>2242.6</ele>
   </trkpt>
   <trkpt lat="45.6045130" lon="24.6884910">
    <ele>2242.6</ele>
   </trkpt>
   <trkpt lat="45.6045140" lon="24.6884940">
    <ele>2242.6</ele>
   </trkpt>
   <trkpt lat="45.6045170" lon="24.6885120">
    <ele>2242.6</ele>
   </trkpt>
   <trkpt lat="45.6045210" lon="24.6885340">
    <ele>2243.0</ele>
   </trkpt>
   <trkpt lat="45.6045210" lon="24.6885350">
    <ele>2242.8</ele>
   </trkpt>
   <trkpt lat="45.6045210" lon="24.6885350">
    <ele>2242.8</ele>
   </trkpt>
   <trkpt lat="45.6045210" lon="24.6885240">
    <ele>2242.0</ele>
   </trkpt>
   <trkpt lat="45.6045230" lon="24.6884780">
    <ele>2240.8</ele>
   </trkpt>
   <trkpt lat="45.6045340" lon="24.6884510">
    <ele>2239.6</ele>
   </trkpt>
   <trkpt lat="45.6045520" lon="24.6884400">
    <ele>2238.6</ele>
   </trkpt>
   <trkpt lat="45.6045590" lon="24.6884380">
    <ele>2237.4</ele>
   </trkpt>
   <trkpt lat="45.6045650" lon="24.6884590">
    <ele>2236.4</ele>
   </trkpt>
   <trkpt lat="45.6045820" lon="24.6885280">
    <ele>2235.6</ele>
   </trkpt>
   <trkpt lat="45.6045980" lon="24.6885650">
    <ele>2235.0</ele>
   </trkpt>
   <trkpt lat="45.6046230" lon="24.6885770">
    <ele>2234.6</ele>
   </trkpt>
   <trkpt lat="45.6046320" lon="24.6885680">
    <ele>2234.0</ele>
   </trkpt>
   <trkpt lat="45.6046270" lon="24.6885630">
    <ele>2234.0</ele>
   </trkpt>
   <trkpt lat="45.6046260" lon="24.6885330">
    <ele>2233.4</ele>
   </trkpt>
   <trkpt lat="45.6046460" lon="24.6885290">
    <ele>2233.0</ele>
   </trkpt>
   <trkpt lat="45.6046420" lon="24.6885190">
    <ele>2232.6</ele>
   </trkpt>
   <trkpt lat="45.6046660" lon="24.6885030">
    <ele>2231.8</ele>
   </trkpt>
   <trkpt lat="45.6046860" lon="24.6884970">
    <ele>2231.4</ele>
   </trkpt>
   <trkpt lat="45.6046980" lon="24.6884820">
    <ele>2230.8</ele>
   </trkpt>
   <trkpt lat="45.6047330" lon="24.6884640">
    <ele>2229.6</ele>
   </trkpt>
   <trkpt lat="45.6047430" lon="24.6884590">
    <ele>2229.2</ele>
   </trkpt>
   <trkpt lat="45.6047650" lon="24.6884670">
    <ele>2229.0</ele>
   </trkpt>
   <trkpt lat="45.6047670" lon="24.6884680">
    <ele>2228.4</ele>
   </trkpt>
   <trkpt lat="45.6047740" lon="24.6884710">
    <ele>2228.2</ele>
   </trkpt>
   <trkpt lat="45.6047840" lon="24.6884720">
    <ele>2228.2</ele>
   </trkpt>
   <trkpt lat="45.6048010" lon="24.6884710">
    <ele>2227.8</ele>
   </trkpt>
   <trkpt lat="45.6048080" lon="24.6884860">
    <ele>2227.4</ele>
   </trkpt>
   <trkpt lat="45.6048170" lon="24.6884960">
    <ele>2227.2</ele>
   </trkpt>
   <trkpt lat="45.6048180" lon="24.6885000">
    <ele>2227.2</ele>
   </trkpt>
   <trkpt lat="45.6048160" lon="24.6885050">
    <ele>2227.2</ele>
   </trkpt>
   <trkpt lat="45.6048250" lon="24.6885250">
    <ele>2226.8</ele>
   </trkpt>
   <trkpt lat="45.6048350" lon="24.6885220">
    <ele>2226.2</ele>
   </trkpt>
   <trkpt lat="45.6048400" lon="24.6884930">
    <ele>2225.6</ele>
   </trkpt>
   <trkpt lat="45.6048530" lon="24.6884970">
    <ele>2225.4</ele>
   </trkpt>
   <trkpt lat="45.6048590" lon="24.6884980">
    <ele>2225.2</ele>
   </trkpt>
   <trkpt lat="45.6048950" lon="24.6885080">
    <ele>2224.2</ele>
   </trkpt>
   <trkpt lat="45.6048980" lon="24.6885060">
    <ele>2224.2</ele>
   </trkpt>
   <trkpt lat="45.6049290" lon="24.6884830">
    <ele>2223.4</ele>
   </trkpt>
   <trkpt lat="45.6049430" lon="24.6884750">
    <ele>2223.0</ele>
   </trkpt>
   <trkpt lat="45.6049770" lon="24.6884630">
    <ele>2222.4</ele>
   </trkpt>
   <trkpt lat="45.6049860" lon="24.6884660">
    <ele>2222.4</ele>
   </trkpt>
   <trkpt lat="45.6049890" lon="24.6884690">
    <ele>2222.4</ele>
   </trkpt>
   <trkpt lat="45.6049990" lon="24.6884790">
    <ele>2222.2</ele>
   </trkpt>
   <trkpt lat="45.6050000" lon="24.6884780">
    <ele>2221.8</ele>
   </trkpt>
   <trkpt lat="45.6050000" lon="24.6884770">
    <ele>2221.2</ele>
   </trkpt>
   <trkpt lat="45.6049990" lon="24.6884770">
    <ele>2221.2</ele>
   </trkpt>
   <trkpt lat="45.6049930" lon="24.6885070">
    <ele>2220.8</ele>
   </trkpt>
   <trkpt lat="45.6049880" lon="24.6885070">
    <ele>2220.8</ele>
   </trkpt>
   <trkpt lat="45.6049860" lon="24.6885110">
    <ele>2220.4</ele>
   </trkpt>
   <trkpt lat="45.6049900" lon="24.6885170">
    <ele>2220.4</ele>
   </trkpt>
   <trkpt lat="45.6049970" lon="24.6885300">
    <ele>2219.8</ele>
   </trkpt>
   <trkpt lat="45.6049970" lon="24.6885420">
    <ele>2219.8</ele>
   </trkpt>
   <trkpt lat="45.6050040" lon="24.6885610">
    <ele>2219.6</ele>
   </trkpt>
   <trkpt lat="45.6050140" lon="24.6885760">
    <ele>2219.6</ele>
   </trkpt>
   <trkpt lat="45.6050110" lon="24.6886030">
    <ele>2219.0</ele>
   </trkpt>
   <trkpt lat="45.6050110" lon="24.6886140">
    <ele>2218.4</ele>
   </trkpt>
   <trkpt lat="45.6049940" lon="24.6886630">
    <ele>2217.8</ele>
   </trkpt>
   <trkpt lat="45.6049860" lon="24.6887050">
    <ele>2217.2</ele>
   </trkpt>
   <trkpt lat="45.6049840" lon="24.6887080">
    <ele>2217.2</ele>
   </trkpt>
   <trkpt lat="45.6049790" lon="24.6886990">
    <ele>2217.0</ele>
   </trkpt>
   <trkpt lat="45.6050020" lon="24.6887090">
    <ele>2216.4</ele>
   </trkpt>
   <trkpt lat="45.6050050" lon="24.6887140">
    <ele>2216.2</ele>
   </trkpt>
   <trkpt lat="45.6050150" lon="24.6887280">
    <ele>2215.8</ele>
   </trkpt>
   <trkpt lat="45.6050480" lon="24.6887400">
    <ele>2214.8</ele>
   </trkpt>
   <trkpt lat="45.6050550" lon="24.6887500">
    <ele>2214.6</ele>
   </trkpt>
   <trkpt lat="45.6050740" lon="24.6887510">
    <ele>2213.8</ele>
   </trkpt>
   <trkpt lat="45.6050940" lon="24.6887480">
    <ele>2213.6</ele>
   </trkpt>
   <trkpt lat="45.6051210" lon="24.6887340">
    <ele>2212.8</ele>
   </trkpt>
   <trkpt lat="45.6051230" lon="24.6887330">
    <ele>2212.6</ele>
   </trkpt>
   <trkpt lat="45.6051250" lon="24.6887340">
    <ele>2212.4</ele>
   </trkpt>
   <trkpt lat="45.6051290" lon="24.6887370">
    <ele>2212.0</ele>
   </trkpt>
   <trkpt lat="45.6051370" lon="24.6887380">
    <ele>2211.6</ele>
   </trkpt>
   <trkpt lat="45.6051410" lon="24.6887330">
    <ele>2211.4</ele>
   </trkpt>
   <trkpt lat="45.6051430" lon="24.6887320">
    <ele>2211.4</ele>
   </trkpt>
   <trkpt lat="45.6051580" lon="24.6887350">
    <ele>2211.4</ele>
   </trkpt>
   <trkpt lat="45.6051810" lon="24.6887340">
    <ele>2210.6</ele>
   </trkpt>
   <trkpt lat="45.6051850" lon="24.6887310">
    <ele>2210.2</ele>
   </trkpt>
   <trkpt lat="45.6051800" lon="24.6887230">
    <ele>2210.2</ele>
   </trkpt>
   <trkpt lat="45.6051990" lon="24.6887190">
    <ele>2209.8</ele>
   </trkpt>
   <trkpt lat="45.6052180" lon="24.6887230">
    <ele>2209.2</ele>
   </trkpt>
   <trkpt lat="45.6052490" lon="24.6887510">
    <ele>2208.6</ele>
   </trkpt>
   <trkpt lat="45.6052510" lon="24.6887570">
    <ele>2208.4</ele>
   </trkpt>
   <trkpt lat="45.6052510" lon="24.6887640">
    <ele>2208.2</ele>
   </trkpt>
   <trkpt lat="45.6052510" lon="24.6887750">
    <ele>2208.2</ele>
   </trkpt>
   <trkpt lat="45.6052490" lon="24.6887990">
    <ele>2207.8</ele>
   </trkpt>
   <trkpt lat="45.6052490" lon="24.6888140">
    <ele>2207.4</ele>
   </trkpt>
   <trkpt lat="45.6052510" lon="24.6888180">
    <ele>2207.2</ele>
   </trkpt>
   <trkpt lat="45.6052550" lon="24.6888190">
    <ele>2207.2</ele>
   </trkpt>
   <trkpt lat="45.6052610" lon="24.6888200">
    <ele>2207.0</ele>
   </trkpt>
   <trkpt lat="45.6052800" lon="24.6888140">
    <ele>2206.4</ele>
   </trkpt>
   <trkpt lat="45.6052880" lon="24.6888200">
    <ele>2206.4</ele>
   </trkpt>
   <trkpt lat="45.6052960" lon="24.6888240">
    <ele>2206.2</ele>
   </trkpt>
   <trkpt lat="45.6053040" lon="24.6888270">
    <ele>2205.8</ele>
   </trkpt>
   <trkpt lat="45.6053220" lon="24.6888510">
    <ele>2206.0</ele>
   </trkpt>
   <trkpt lat="45.6053170" lon="24.6888640">
    <ele>2206.0</ele>
   </trkpt>
   <trkpt lat="45.6053040" lon="24.6888900">
    <ele>2205.4</ele>
   </trkpt>
   <trkpt lat="45.6052800" lon="24.6889190">
    <ele>2204.6</ele>
   </trkpt>
   <trkpt lat="45.6052920" lon="24.6889380">
    <ele>2203.8</ele>
   </trkpt>
   <trkpt lat="45.6052880" lon="24.6889490">
    <ele>2203.4</ele>
   </trkpt>
   <trkpt lat="45.6052780" lon="24.6889680">
    <ele>2203.2</ele>
   </trkpt>
   <trkpt lat="45.6052810" lon="24.6890000">
    <ele>2202.6</ele>
   </trkpt>
   <trkpt lat="45.6052880" lon="24.6890000">
    <ele>2202.4</ele>
   </trkpt>
   <trkpt lat="45.6052930" lon="24.6890100">
    <ele>2201.4</ele>
   </trkpt>
   <trkpt lat="45.6052990" lon="24.6890130">
    <ele>2201.2</ele>
   </trkpt>
   <trkpt lat="45.6053340" lon="24.6890540">
    <ele>2200.2</ele>
   </trkpt>
   <trkpt lat="45.6053370" lon="24.6890520">
    <ele>2200.2</ele>
   </trkpt>
   <trkpt lat="45.6053570" lon="24.6890820">
    <ele>2199.6</ele>
   </trkpt>
   <trkpt lat="45.6053730" lon="24.6891170">
    <ele>2198.8</ele>
   </trkpt>
   <trkpt lat="45.6053750" lon="24.6891300">
    <ele>2198.8</ele>
   </trkpt>
   <trkpt lat="45.6054030" lon="24.6891720">
    <ele>2198.4</ele>
   </trkpt>
   <trkpt lat="45.6054150" lon="24.6891780">
    <ele>2197.6</ele>
   </trkpt>
   <trkpt lat="45.6054340" lon="24.6891880">
    <ele>2197.0</ele>
   </trkpt>
   <trkpt lat="45.6054320" lon="24.6891980">
    <ele>2196.8</ele>
   </trkpt>
   <trkpt lat="45.6054390" lon="24.6892110">
    <ele>2196.8</ele>
   </trkpt>
   <trkpt lat="45.6054470" lon="24.6892190">
    <ele>2196.6</ele>
   </trkpt>
   <trkpt lat="45.6054820" lon="24.6892720">
    <ele>2196.0</ele>
   </trkpt>
   <trkpt lat="45.6055310" lon="24.6893100">
    <ele>2195.8</ele>
   </trkpt>
   <trkpt lat="45.6055370" lon="24.6893120">
    <ele>2195.8</ele>
   </trkpt>
   <trkpt lat="45.6055400" lon="24.6893120">
    <ele>2195.8</ele>
   </trkpt>
   <trkpt lat="45.6055340" lon="24.6893120">
    <ele>2196.0</ele>
   </trkpt>
   <trkpt lat="45.6055320" lon="24.6893230">
    <ele>2196.2</ele>
   </trkpt>
   <trkpt lat="45.6055350" lon="24.6893210">
    <ele>2196.4</ele>
   </trkpt>
   <trkpt lat="45.6055330" lon="24.6893240">
    <ele>2195.6</ele>
   </trkpt>
   <trkpt lat="45.6055050" lon="24.6893330">
    <ele>2196.6</ele>
   </trkpt>
   <trkpt lat="45.6054970" lon="24.6893350">
    <ele>2197.2</ele>
   </trkpt>
   <trkpt lat="45.6055260" lon="24.6893400">
    <ele>2196.8</ele>
   </trkpt>
   <trkpt lat="45.6055350" lon="24.6893450">
    <ele>2196.6</ele>
   </trkpt>
   <trkpt lat="45.6055480" lon="24.6893530">
    <ele>2196.8</ele>
   </trkpt>
   <trkpt lat="45.6055500" lon="24.6893550">
    <ele>2196.4</ele>
   </trkpt>
   <trkpt lat="45.6055410" lon="24.6893530">
    <ele>2196.4</ele>
   </trkpt>
   <trkpt lat="45.6055420" lon="24.6893500">
    <ele>2196.4</ele>
   </trkpt>
   <trkpt lat="45.6055420" lon="24.6893620">
    <ele>2196.4</ele>
   </trkpt>
   <trkpt lat="45.6055390" lon="24.6893620">
    <ele>2197.0</ele>
   </trkpt>
   <trkpt lat="45.6055400" lon="24.6893590">
    <ele>2197.0</ele>
   </trkpt>
   <trkpt lat="45.6055410" lon="24.6893590">
    <ele>2197.2</ele>
   </trkpt>
   <trkpt lat="45.6055480" lon="24.6893530">
    <ele>2197.6</ele>
   </trkpt>
   <trkpt lat="45.6055500" lon="24.6893530">
    <ele>2196.8</ele>
   </trkpt>
   <trkpt lat="45.6055540" lon="24.6893520">
    <ele>2196.0</ele>
   </trkpt>
   <trkpt lat="45.6055610" lon="24.6893510">
    <ele>2195.6</ele>
   </trkpt>
   <trkpt lat="45.6056330" lon="24.6893150">
    <ele>2194.6</ele>
   </trkpt>
   <trkpt lat="45.6056380" lon="24.6893130">
    <ele>2194.6</ele>
   </trkpt>
   <trkpt lat="45.6056520" lon="24.6892940">
    <ele>2194.2</ele>
   </trkpt>
   <trkpt lat="45.6056610" lon="24.6892830">
    <ele>2194.0</ele>
   </trkpt>
   <trkpt lat="45.6056820" lon="24.6892650">
    <ele>2193.0</ele>
   </trkpt>
   <trkpt lat="45.6057720" lon="24.6892760">
    <ele>2192.0</ele>
   </trkpt>
   <trkpt lat="45.6057880" lon="24.6892830">
    <ele>2192.0</ele>
   </trkpt>
   <trkpt lat="45.6058380" lon="24.6892960">
    <ele>2192.0</ele>
   </trkpt>
   <trkpt lat="45.6058860" lon="24.6892960">
    <ele>2192.6</ele>
   </trkpt>
   <trkpt lat="45.6059600" lon="24.6893090">
    <ele>2192.8</ele>
   </trkpt>
   <trkpt lat="45.6059690" lon="24.6893010">
    <ele>2192.8</ele>
   </trkpt>
   <trkpt lat="45.6060410" lon="24.6892260">
    <ele>2192.6</ele>
   </trkpt>
   <trkpt lat="45.6061120" lon="24.6892250">
    <ele>2192.2</ele>
   </trkpt>
   <trkpt lat="45.6061230" lon="24.6892140">
    <ele>2192.0</ele>
   </trkpt>
   <trkpt lat="45.6061410" lon="24.6892060">
    <ele>2192.2</ele>
   </trkpt>
   <trkpt lat="45.6061420" lon="24.6892020">
    <ele>2192.2</ele>
   </trkpt>
   <trkpt lat="45.6061610" lon="24.6892310">
    <ele>2192.4</ele>
   </trkpt>
   <trkpt lat="45.6061760" lon="24.6892170">
    <ele>2192.4</ele>
   </trkpt>
   <trkpt lat="45.6062120" lon="24.6891260">
    <ele>2191.8</ele>
   </trkpt>
   <trkpt lat="45.6062340" lon="24.6890660">
    <ele>2192.0</ele>
   </trkpt>
   <trkpt lat="45.6062430" lon="24.6890420">
    <ele>2191.8</ele>
   </trkpt>
   <trkpt lat="45.6062500" lon="24.6890330">
    <ele>2191.8</ele>
   </trkpt>
   <trkpt lat="45.6062900" lon="24.6890170">
    <ele>2192.4</ele>
   </trkpt>
   <trkpt lat="45.6063650" lon="24.6889680">
    <ele>2193.4</ele>
   </trkpt>
   <trkpt lat="45.6063880" lon="24.6889630">
    <ele>2193.4</ele>
   </trkpt>
   <trkpt lat="45.6064020" lon="24.6889600">
    <ele>2193.4</ele>
   </trkpt>
   <trkpt lat="45.6064050" lon="24.6889500">
    <ele>2193.2</ele>
   </trkpt>
   <trkpt lat="45.6064070" lon="24.6889550">
    <ele>2193.2</ele>
   </trkpt>
   <trkpt lat="45.6064100" lon="24.6889600">
    <ele>2193.0</ele>
   </trkpt>
   <trkpt lat="45.6064370" lon="24.6889600">
    <ele>2192.8</ele>
   </trkpt>
   <trkpt lat="45.6064320" lon="24.6888830">
    <ele>2193.4</ele>
   </trkpt>
   <trkpt lat="45.6064320" lon="24.6888190">
    <ele>2193.6</ele>
   </trkpt>
   <trkpt lat="45.6064410" lon="24.6887930">
    <ele>2193.6</ele>
   </trkpt>
   <trkpt lat="45.6064470" lon="24.6887830">
    <ele>2193.8</ele>
   </trkpt>
   <trkpt lat="45.6064530" lon="24.6887740">
    <ele>2194.0</ele>
   </trkpt>
   <trkpt lat="45.6064670" lon="24.6887500">
    <ele>2194.4</ele>
   </trkpt>
   <trkpt lat="45.6064670" lon="24.6887240">
    <ele>2194.6</ele>
   </trkpt>
   <trkpt lat="45.6064810" lon="24.6886490">
    <ele>2194.4</ele>
   </trkpt>
   <trkpt lat="45.6064900" lon="24.6886370">
    <ele>2194.4</ele>
   </trkpt>
   <trkpt lat="45.6065100" lon="24.6885890">
    <ele>2194.4</ele>
   </trkpt>
   <trkpt lat="45.6065110" lon="24.6885300">
    <ele>2194.4</ele>
   </trkpt>
   <trkpt lat="45.6065230" lon="24.6884690">
    <ele>2195.0</ele>
   </trkpt>
   <trkpt lat="45.6065450" lon="24.6884250">
    <ele>2195.2</ele>
   </trkpt>
   <trkpt lat="45.6065700" lon="24.6883940">
    <ele>2195.6</ele>
   </trkpt>
   <trkpt lat="45.6065860" lon="24.6883600">
    <ele>2195.8</ele>
   </trkpt>
   <trkpt lat="45.6065920" lon="24.6883490">
    <ele>2195.8</ele>
   </trkpt>
   <trkpt lat="45.6066060" lon="24.6883200">
    <ele>2195.8</ele>
   </trkpt>
   <trkpt lat="45.6066220" lon="24.6882740">
    <ele>2196.0</ele>
   </trkpt>
   <trkpt lat="45.6066290" lon="24.6882220">
    <ele>2196.6</ele>
   </trkpt>
   <trkpt lat="45.6066370" lon="24.6882010">
    <ele>2197.0</ele>
   </trkpt>
   <trkpt lat="45.6066370" lon="24.6881800">
    <ele>2197.6</ele>
   </trkpt>
   <trkpt lat="45.6066380" lon="24.6881660">
    <ele>2197.8</ele>
   </trkpt>
   <trkpt lat="45.6066350" lon="24.6881540">
    <ele>2197.8</ele>
   </trkpt>
   <trkpt lat="45.6066340" lon="24.6881260">
    <ele>2197.8</ele>
   </trkpt>
   <trkpt lat="45.6066520" lon="24.6881010">
    <ele>2197.8</ele>
   </trkpt>
   <trkpt lat="45.6066940" lon="24.6880390">
    <ele>2197.2</ele>
   </trkpt>
   <trkpt lat="45.6067130" lon="24.6880020">
    <ele>2197.0</ele>
   </trkpt>
   <trkpt lat="45.6067300" lon="24.6879920">
    <ele>2196.2</ele>
   </trkpt>
   <trkpt lat="45.6067480" lon="24.6879780">
    <ele>2196.2</ele>
   </trkpt>
   <trkpt lat="45.6067450" lon="24.6879420">
    <ele>2196.8</ele>
   </trkpt>
   <trkpt lat="45.6067520" lon="24.6878970">
    <ele>2197.0</ele>
   </trkpt>
   <trkpt lat="45.6067560" lon="24.6878720">
    <ele>2196.8</ele>
   </trkpt>
   <trkpt lat="45.6067660" lon="24.6878570">
    <ele>2196.6</ele>
   </trkpt>
   <trkpt lat="45.6067670" lon="24.6878600">
    <ele>2196.6</ele>
   </trkpt>
   <trkpt lat="45.6067570" lon="24.6878430">
    <ele>2196.4</ele>
   </trkpt>
   <trkpt lat="45.6067560" lon="24.6878440">
    <ele>2196.6</ele>
   </trkpt>
   <trkpt lat="45.6067230" lon="24.6877860">
    <ele>2195.4</ele>
   </trkpt>
   <trkpt lat="45.6066930" lon="24.6876610">
    <ele>2195.4</ele>
   </trkpt>
   <trkpt lat="45.6066930" lon="24.6876090">
    <ele>2195.2</ele>
   </trkpt>
   <trkpt lat="45.6066800" lon="24.6875630">
    <ele>2195.0</ele>
   </trkpt>
   <trkpt lat="45.6066920" lon="24.6875200">
    <ele>2195.4</ele>
   </trkpt>
   <trkpt lat="45.6066940" lon="24.6875200">
    <ele>2195.4</ele>
   </trkpt>
   <trkpt lat="45.6067220" lon="24.6875100">
    <ele>2194.4</ele>
   </trkpt>
   <trkpt lat="45.6067430" lon="24.6875100">
    <ele>2194.2</ele>
   </trkpt>
   <trkpt lat="45.6068020" lon="24.6874950">
    <ele>2193.8</ele>
   </trkpt>
   <trkpt lat="45.6068550" lon="24.6874550">
    <ele>2193.8</ele>
   </trkpt>
   <trkpt lat="45.6068780" lon="24.6874280">
    <ele>2193.2</ele>
   </trkpt>
   <trkpt lat="45.6068890" lon="24.6874220">
    <ele>2192.6</ele>
   </trkpt>
   <trkpt lat="45.6069070" lon="24.6874020">
    <ele>2192.4</ele>
   </trkpt>
   <trkpt lat="45.6069170" lon="24.6873890">
    <ele>2192.4</ele>
   </trkpt>
   <trkpt lat="45.6069470" lon="24.6872780">
    <ele>2192.2</ele>
   </trkpt>
   <trkpt lat="45.6069540" lon="24.6872370">
    <ele>2191.8</ele>
   </trkpt>
   <trkpt lat="45.6069530" lon="24.6872100">
    <ele>2191.6</ele>
   </trkpt>
   <trkpt lat="45.6069570" lon="24.6871900">
    <ele>2191.4</ele>
   </trkpt>
   <trkpt lat="45.6069560" lon="24.6871460">
    <ele>2190.4</ele>
   </trkpt>
   <trkpt lat="45.6069490" lon="24.6871050">
    <ele>2190.0</ele>
   </trkpt>
   <trkpt lat="45.6069490" lon="24.6870610">
    <ele>2189.2</ele>
   </trkpt>
   <trkpt lat="45.6069670" lon="24.6870220">
    <ele>2188.6</ele>
   </trkpt>
   <trkpt lat="45.6069770" lon="24.6869950">
    <ele>2188.2</ele>
   </trkpt>
   <trkpt lat="45.6069800" lon="24.6869860">
    <ele>2188.0</ele>
   </trkpt>
   <trkpt lat="45.6069920" lon="24.6869390">
    <ele>2187.4</ele>
   </trkpt>
   <trkpt lat="45.6069960" lon="24.6869290">
    <ele>2187.2</ele>
   </trkpt>
   <trkpt lat="45.6069990" lon="24.6869210">
    <ele>2187.2</ele>
   </trkpt>
   <trkpt lat="45.6070010" lon="24.6869150">
    <ele>2187.2</ele>
   </trkpt>
   <trkpt lat="45.6069990" lon="24.6869100">
    <ele>2187.0</ele>
   </trkpt>
   <trkpt lat="45.6070100" lon="24.6868900">
    <ele>2186.0</ele>
   </trkpt>
   <trkpt lat="45.6070310" lon="24.6868330">
    <ele>2185.2</ele>
   </trkpt>
   <trkpt lat="45.6070310" lon="24.6868200">
    <ele>2185.0</ele>
   </trkpt>
   <trkpt lat="45.6070340" lon="24.6867630">
    <ele>2184.8</ele>
   </trkpt>
   <trkpt lat="45.6070370" lon="24.6867040">
    <ele>2184.6</ele>
   </trkpt>
   <trkpt lat="45.6070470" lon="24.6866850">
    <ele>2183.8</ele>
   </trkpt>
   <trkpt lat="45.6070660" lon="24.6866450">
    <ele>2182.8</ele>
   </trkpt>
   <trkpt lat="45.6070720" lon="24.6866410">
    <ele>2182.2</ele>
   </trkpt>
   <trkpt lat="45.6070880" lon="24.6866230">
    <ele>2181.6</ele>
   </trkpt>
   <trkpt lat="45.6070940" lon="24.6866070">
    <ele>2181.4</ele>
   </trkpt>
   <trkpt lat="45.6070990" lon="24.6865920">
    <ele>2181.2</ele>
   </trkpt>
   <trkpt lat="45.6071150" lon="24.6865740">
    <ele>2180.2</ele>
   </trkpt>
   <trkpt lat="45.6071370" lon="24.6865430">
    <ele>2179.2</ele>
   </trkpt>
   <trkpt lat="45.6071440" lon="24.6865250">
    <ele>2179.0</ele>
   </trkpt>
   <trkpt lat="45.6071660" lon="24.6864980">
    <ele>2178.2</ele>
   </trkpt>
   <trkpt lat="45.6071710" lon="24.6864970">
    <ele>2178.2</ele>
   </trkpt>
   <trkpt lat="45.6071740" lon="24.6864980">
    <ele>2177.8</ele>
   </trkpt>
   <trkpt lat="45.6071710" lon="24.6864910">
    <ele>2177.8</ele>
   </trkpt>
   <trkpt lat="45.6071980" lon="24.6864380">
    <ele>2177.6</ele>
   </trkpt>
   <trkpt lat="45.6072230" lon="24.6864360">
    <ele>2176.8</ele>
   </trkpt>
   <trkpt lat="45.6072320" lon="24.6864340">
    <ele>2176.8</ele>
   </trkpt>
   <trkpt lat="45.6072830" lon="24.6863880">
    <ele>2176.0</ele>
   </trkpt>
   <trkpt lat="45.6072860" lon="24.6863740">
    <ele>2175.8</ele>
   </trkpt>
   <trkpt lat="45.6072900" lon="24.6863630">
    <ele>2175.8</ele>
   </trkpt>
   <trkpt lat="45.6072920" lon="24.6863640">
    <ele>2175.8</ele>
   </trkpt>
   <trkpt lat="45.6072950" lon="24.6863670">
    <ele>2176.0</ele>
   </trkpt>
   <trkpt lat="45.6072940" lon="24.6863710">
    <ele>2176.0</ele>
   </trkpt>
   <trkpt lat="45.6072930" lon="24.6863700">
    <ele>2175.8</ele>
   </trkpt>
   <trkpt lat="45.6072930" lon="24.6863710">
    <ele>2175.8</ele>
   </trkpt>
   <trkpt lat="45.6072930" lon="24.6863710">
    <ele>2175.6</ele>
   </trkpt>
   <trkpt lat="45.6072930" lon="24.6863710">
    <ele>2175.4</ele>
   </trkpt>
   <trkpt lat="45.6072940" lon="24.6863700">
    <ele>2174.8</ele>
   </trkpt>
   <trkpt lat="45.6073310" lon="24.6863450">
    <ele>2174.2</ele>
   </trkpt>
   <trkpt lat="45.6073490" lon="24.6863390">
    <ele>2174.0</ele>
   </trkpt>
   <trkpt lat="45.6073730" lon="24.6863330">
    <ele>2173.6</ele>
   </trkpt>
   <trkpt lat="45.6074170" lon="24.6863110">
    <ele>2172.6</ele>
   </trkpt>
   <trkpt lat="45.6074230" lon="24.6863010">
    <ele>2172.4</ele>
   </trkpt>
   <trkpt lat="45.6074620" lon="24.6862830">
    <ele>2171.8</ele>
   </trkpt>
   <trkpt lat="45.6074880" lon="24.6862610">
    <ele>2171.4</ele>
   </trkpt>
   <trkpt lat="45.6075450" lon="24.6862480">
    <ele>2171.0</ele>
   </trkpt>
   <trkpt lat="45.6075530" lon="24.6862480">
    <ele>2171.0</ele>
   </trkpt>
   <trkpt lat="45.6075780" lon="24.6862370">
    <ele>2170.2</ele>
   </trkpt>
   <trkpt lat="45.6075850" lon="24.6862330">
    <ele>2170.0</ele>
   </trkpt>
   <trkpt lat="45.6076320" lon="24.6862180">
    <ele>2169.2</ele>
   </trkpt>
   <trkpt lat="45.6076750" lon="24.6862030">
    <ele>2168.6</ele>
   </trkpt>
   <trkpt lat="45.6077790" lon="24.6861950">
    <ele>2168.0</ele>
   </trkpt>
   <trkpt lat="45.6078650" lon="24.6862120">
    <ele>2167.6</ele>
   </trkpt>
   <trkpt lat="45.6078790" lon="24.6861920">
    <ele>2166.8</ele>
   </trkpt>
   <trkpt lat="45.6078850" lon="24.6861810">
    <ele>2166.6</ele>
   </trkpt>
   <trkpt lat="45.6079080" lon="24.6861570">
    <ele>2166.4</ele>
   </trkpt>
   <trkpt lat="45.6079160" lon="24.6861520">
    <ele>2166.2</ele>
   </trkpt>
   <trkpt lat="45.6079400" lon="24.6861400">
    <ele>2165.6</ele>
   </trkpt>
   <trkpt lat="45.6079790" lon="24.6861280">
    <ele>2165.2</ele>
   </trkpt>
   <trkpt lat="45.6080160" lon="24.6861180">
    <ele>2164.6</ele>
   </trkpt>
   <trkpt lat="45.6080260" lon="24.6861070">
    <ele>2164.4</ele>
   </trkpt>
   <trkpt lat="45.6080640" lon="24.6860740">
    <ele>2164.2</ele>
   </trkpt>
   <trkpt lat="45.6081010" lon="24.6860380">
    <ele>2163.4</ele>
   </trkpt>
   <trkpt lat="45.6081180" lon="24.6860270">
    <ele>2163.2</ele>
   </trkpt>
   <trkpt lat="45.6081670" lon="24.6860020">
    <ele>2162.6</ele>
   </trkpt>
   <trkpt lat="45.6081750" lon="24.6860070">
    <ele>2162.4</ele>
   </trkpt>
   <trkpt lat="45.6081950" lon="24.6860130">
    <ele>2162.2</ele>
   </trkpt>
   <trkpt lat="45.6082380" lon="24.6860010">
    <ele>2161.0</ele>
   </trkpt>
   <trkpt lat="45.6082440" lon="24.6860010">
    <ele>2160.8</ele>
   </trkpt>
   <trkpt lat="45.6082470" lon="24.6859940">
    <ele>2160.8</ele>
   </trkpt>
   <trkpt lat="45.6082580" lon="24.6859810">
    <ele>2160.6</ele>
   </trkpt>
   <trkpt lat="45.6082830" lon="24.6859630">
    <ele>2160.2</ele>
   </trkpt>
   <trkpt lat="45.6082870" lon="24.6859580">
    <ele>2159.8</ele>
   </trkpt>
   <trkpt lat="45.6083080" lon="24.6859530">
    <ele>2159.6</ele>
   </trkpt>
   <trkpt lat="45.6083300" lon="24.6859470">
    <ele>2159.0</ele>
   </trkpt>
   <trkpt lat="45.6083380" lon="24.6859400">
    <ele>2158.8</ele>
   </trkpt>
   <trkpt lat="45.6083680" lon="24.6859290">
    <ele>2158.6</ele>
   </trkpt>
   <trkpt lat="45.6083850" lon="24.6859330">
    <ele>2158.4</ele>
   </trkpt>
   <trkpt lat="45.6084200" lon="24.6859600">
    <ele>2157.4</ele>
   </trkpt>
   <trkpt lat="45.6084350" lon="24.6859780">
    <ele>2157.2</ele>
   </trkpt>
   <trkpt lat="45.6084670" lon="24.6859980">
    <ele>2156.6</ele>
   </trkpt>
   <trkpt lat="45.6084810" lon="24.6860070">
    <ele>2156.4</ele>
   </trkpt>
   <trkpt lat="45.6084880" lon="24.6860150">
    <ele>2156.2</ele>
   </trkpt>
   <trkpt lat="45.6085290" lon="24.6860420">
    <ele>2155.2</ele>
   </trkpt>
   <trkpt lat="45.6085440" lon="24.6860590">
    <ele>2155.0</ele>
   </trkpt>
   <trkpt lat="45.6085500" lon="24.6860680">
    <ele>2154.8</ele>
   </trkpt>
   <trkpt lat="45.6085610" lon="24.6860870">
    <ele>2154.2</ele>
   </trkpt>
   <trkpt lat="45.6085670" lon="24.6861020">
    <ele>2154.0</ele>
   </trkpt>
   <trkpt lat="45.6085710" lon="24.6861060">
    <ele>2154.0</ele>
   </trkpt>
   <trkpt lat="45.6085990" lon="24.6861130">
    <ele>2153.6</ele>
   </trkpt>
   <trkpt lat="45.6086130" lon="24.6861160">
    <ele>2152.8</ele>
   </trkpt>
   <trkpt lat="45.6086240" lon="24.6861190">
    <ele>2152.8</ele>
   </trkpt>
   <trkpt lat="45.6086560" lon="24.6861380">
    <ele>2152.6</ele>
   </trkpt>
   <trkpt lat="45.6086650" lon="24.6861430">
    <ele>2152.0</ele>
   </trkpt>
   <trkpt lat="45.6086810" lon="24.6861510">
    <ele>2151.6</ele>
   </trkpt>
   <trkpt lat="45.6087050" lon="24.6861850">
    <ele>2151.6</ele>
   </trkpt>
   <trkpt lat="45.6087040" lon="24.6861840">
    <ele>2151.2</ele>
   </trkpt>
   <trkpt lat="45.6087130" lon="24.6861890">
    <ele>2150.4</ele>
   </trkpt>
   <trkpt lat="45.6087300" lon="24.6862010">
    <ele>2150.2</ele>
   </trkpt>
   <trkpt lat="45.6087430" lon="24.6861970">
    <ele>2150.0</ele>
   </trkpt>
   <trkpt lat="45.6087430" lon="24.6861970">
    <ele>2150.6</ele>
   </trkpt>
   <trkpt lat="45.6087420" lon="24.6861960">
    <ele>2150.6</ele>
   </trkpt>
   <trkpt lat="45.6087420" lon="24.6861950">
    <ele>2150.8</ele>
   </trkpt>
   <trkpt lat="45.6087430" lon="24.6861950">
    <ele>2149.4</ele>
   </trkpt>
   <trkpt lat="45.6087260" lon="24.6862340">
    <ele>2148.0</ele>
   </trkpt>
   <trkpt lat="45.6087170" lon="24.6862430">
    <ele>2148.0</ele>
   </trkpt>
   <trkpt lat="45.6087270" lon="24.6862470">
    <ele>2148.0</ele>
   </trkpt>
   <trkpt lat="45.6087270" lon="24.6862480">
    <ele>2148.4</ele>
   </trkpt>
   <trkpt lat="45.6087270" lon="24.6862480">
    <ele>2148.4</ele>
   </trkpt>
   <trkpt lat="45.6087110" lon="24.6862510">
    <ele>2148.4</ele>
   </trkpt>
   <trkpt lat="45.6087080" lon="24.6862610">
    <ele>2148.0</ele>
   </trkpt>
   <trkpt lat="45.6087100" lon="24.6862720">
    <ele>2146.8</ele>
   </trkpt>
   <trkpt lat="45.6087530" lon="24.6862900">
    <ele>2146.8</ele>
   </trkpt>
   <trkpt lat="45.6087770" lon="24.6863060">
    <ele>2145.8</ele>
   </trkpt>
   <trkpt lat="45.6087870" lon="24.6863100">
    <ele>2145.8</ele>
   </trkpt>
   <trkpt lat="45.6088030" lon="24.6863160">
    <ele>2145.2</ele>
   </trkpt>
   <trkpt lat="45.6088120" lon="24.6863120">
    <ele>2144.8</ele>
   </trkpt>
   <trkpt lat="45.6088170" lon="24.6863110">
    <ele>2144.8</ele>
   </trkpt>
   <trkpt lat="45.6088460" lon="24.6862880">
    <ele>2144.0</ele>
   </trkpt>
   <trkpt lat="45.6088530" lon="24.6862730">
    <ele>2143.8</ele>
   </trkpt>
   <trkpt lat="45.6088540" lon="24.6862750">
    <ele>2143.8</ele>
   </trkpt>
   <trkpt lat="45.6088550" lon="24.6862830">
    <ele>2143.8</ele>
   </trkpt>
   <trkpt lat="45.6088610" lon="24.6862830">
    <ele>2143.6</ele>
   </trkpt>
   <trkpt lat="45.6088860" lon="24.6862790">
    <ele>2142.6</ele>
   </trkpt>
   <trkpt lat="45.6089120" lon="24.6862750">
    <ele>2142.0</ele>
   </trkpt>
   <trkpt lat="45.6089220" lon="24.6862750">
    <ele>2141.8</ele>
   </trkpt>
   <trkpt lat="45.6089470" lon="24.6863000">
    <ele>2141.2</ele>
   </trkpt>
   <trkpt lat="45.6089560" lon="24.6863070">
    <ele>2140.8</ele>
   </trkpt>
   <trkpt lat="45.6089630" lon="24.6862890">
    <ele>2140.4</ele>
   </trkpt>
   <trkpt lat="45.6089710" lon="24.6862820">
    <ele>2140.2</ele>
   </trkpt>
   <trkpt lat="45.6090000" lon="24.6862590">
    <ele>2139.4</ele>
   </trkpt>
   <trkpt lat="45.6090110" lon="24.6862390">
    <ele>2139.4</ele>
   </trkpt>
   <trkpt lat="45.6090130" lon="24.6862350">
    <ele>2138.8</ele>
   </trkpt>
   <trkpt lat="45.6090240" lon="24.6862190">
    <ele>2138.6</ele>
   </trkpt>
   <trkpt lat="45.6090640" lon="24.6861950">
    <ele>2137.6</ele>
   </trkpt>
   <trkpt lat="45.6090960" lon="24.6862200">
    <ele>2137.0</ele>
   </trkpt>
   <trkpt lat="45.6091140" lon="24.6862250">
    <ele>2136.2</ele>
   </trkpt>
   <trkpt lat="45.6091230" lon="24.6862390">
    <ele>2136.2</ele>
   </trkpt>
   <trkpt lat="45.6091370" lon="24.6862470">
    <ele>2135.6</ele>
   </trkpt>
   <trkpt lat="45.6091390" lon="24.6862430">
    <ele>2135.2</ele>
   </trkpt>
   <trkpt lat="45.6091580" lon="24.6862480">
    <ele>2134.6</ele>
   </trkpt>
   <trkpt lat="45.6091680" lon="24.6862550">
    <ele>2134.2</ele>
   </trkpt>
   <trkpt lat="45.6091770" lon="24.6862860">
    <ele>2133.4</ele>
   </trkpt>
   <trkpt lat="45.6091960" lon="24.6862930">
    <ele>2133.0</ele>
   </trkpt>
   <trkpt lat="45.6092000" lon="24.6862940">
    <ele>2132.8</ele>
   </trkpt>
   <trkpt lat="45.6092310" lon="24.6862850">
    <ele>2132.0</ele>
   </trkpt>
   <trkpt lat="45.6092380" lon="24.6862870">
    <ele>2131.6</ele>
   </trkpt>
   <trkpt lat="45.6092570" lon="24.6862840">
    <ele>2131.2</ele>
   </trkpt>
   <trkpt lat="45.6092650" lon="24.6862790">
    <ele>2131.0</ele>
   </trkpt>
   <trkpt lat="45.6092710" lon="24.6862770">
    <ele>2130.8</ele>
   </trkpt>
   <trkpt lat="45.6092790" lon="24.6862760">
    <ele>2130.2</ele>
   </trkpt>
   <trkpt lat="45.6092900" lon="24.6862840">
    <ele>2130.0</ele>
   </trkpt>
   <trkpt lat="45.6092960" lon="24.6862850">
    <ele>2129.6</ele>
   </trkpt>
   <trkpt lat="45.6093040" lon="24.6862970">
    <ele>2129.2</ele>
   </trkpt>
   <trkpt lat="45.6093020" lon="24.6863270">
    <ele>2128.4</ele>
   </trkpt>
   <trkpt lat="45.6092970" lon="24.6863470">
    <ele>2128.2</ele>
   </trkpt>
   <trkpt lat="45.6092970" lon="24.6863410">
    <ele>2128.0</ele>
   </trkpt>
   <trkpt lat="45.6092990" lon="24.6863590">
    <ele>2127.4</ele>
   </trkpt>
   <trkpt lat="45.6092990" lon="24.6863590">
    <ele>2127.2</ele>
   </trkpt>
   <trkpt lat="45.6092990" lon="24.6863590">
    <ele>2126.4</ele>
   </trkpt>
   <trkpt lat="45.6092990" lon="24.6863590">
    <ele>2126.0</ele>
   </trkpt>
   <trkpt lat="45.6093140" lon="24.6863690">
    <ele>2124.8</ele>
   </trkpt>
   <trkpt lat="45.6093730" lon="24.6863230">
    <ele>2124.2</ele>
   </trkpt>
   <trkpt lat="45.6093880" lon="24.6863110">
    <ele>2123.6</ele>
   </trkpt>
   <trkpt lat="45.6094660" lon="24.6862750">
    <ele>2123.0</ele>
   </trkpt>
   <trkpt lat="45.6094800" lon="24.6863020">
    <ele>2122.6</ele>
   </trkpt>
   <trkpt lat="45.6094940" lon="24.6863810">
    <ele>2121.4</ele>
   </trkpt>
   <trkpt lat="45.6094970" lon="24.6863970">
    <ele>2121.4</ele>
   </trkpt>
   <trkpt lat="45.6095050" lon="24.6864500">
    <ele>2121.0</ele>
   </trkpt>
   <trkpt lat="45.6095200" lon="24.6864920">
    <ele>2120.2</ele>
   </trkpt>
   <trkpt lat="45.6095190" lon="24.6865240">
    <ele>2120.0</ele>
   </trkpt>
   <trkpt lat="45.6095280" lon="24.6865570">
    <ele>2119.0</ele>
   </trkpt>
   <trkpt lat="45.6095550" lon="24.6865970">
    <ele>2118.0</ele>
   </trkpt>
   <trkpt lat="45.6095480" lon="24.6866000">
    <ele>2118.0</ele>
   </trkpt>
   <trkpt lat="45.6095470" lon="24.6866350">
    <ele>2117.6</ele>
   </trkpt>
   <trkpt lat="45.6095440" lon="24.6866620">
    <ele>2117.2</ele>
   </trkpt>
   <trkpt lat="45.6095430" lon="24.6866760">
    <ele>2117.0</ele>
   </trkpt>
   <trkpt lat="45.6095470" lon="24.6867140">
    <ele>2117.0</ele>
   </trkpt>
   <trkpt lat="45.6095530" lon="24.6867250">
    <ele>2117.0</ele>
   </trkpt>
   <trkpt lat="45.6095780" lon="24.6867550">
    <ele>2116.0</ele>
   </trkpt>
   <trkpt lat="45.6095850" lon="24.6867610">
    <ele>2116.0</ele>
   </trkpt>
   <trkpt lat="45.6096000" lon="24.6867750">
    <ele>2115.6</ele>
   </trkpt>
   <trkpt lat="45.6096100" lon="24.6867850">
    <ele>2115.4</ele>
   </trkpt>
   <trkpt lat="45.6096210" lon="24.6867890">
    <ele>2115.0</ele>
   </trkpt>
   <trkpt lat="45.6096330" lon="24.6868020">
    <ele>2114.6</ele>
   </trkpt>
   <trkpt lat="45.6096390" lon="24.6868120">
    <ele>2114.6</ele>
   </trkpt>
   <trkpt lat="45.6096420" lon="24.6868150">
    <ele>2114.4</ele>
   </trkpt>
   <trkpt lat="45.6096550" lon="24.6868100">
    <ele>2113.8</ele>
   </trkpt>
   <trkpt lat="45.6096680" lon="24.6868270">
    <ele>2113.2</ele>
   </trkpt>
   <trkpt lat="45.6096740" lon="24.6868440">
    <ele>2112.8</ele>
   </trkpt>
   <trkpt lat="45.6096960" lon="24.6868580">
    <ele>2111.4</ele>
   </trkpt>
   <trkpt lat="45.6097030" lon="24.6868570">
    <ele>2111.0</ele>
   </trkpt>
   <trkpt lat="45.6097550" lon="24.6868370">
    <ele>2110.2</ele>
   </trkpt>
   <trkpt lat="45.6097730" lon="24.6868500">
    <ele>2109.8</ele>
   </trkpt>
   <trkpt lat="45.6097860" lon="24.6868720">
    <ele>2109.4</ele>
   </trkpt>
   <trkpt lat="45.6097920" lon="24.6868980">
    <ele>2108.6</ele>
   </trkpt>
   <trkpt lat="45.6097960" lon="24.6869060">
    <ele>2108.6</ele>
   </trkpt>
   <trkpt lat="45.6098140" lon="24.6869270">
    <ele>2107.8</ele>
   </trkpt>
   <trkpt lat="45.6098270" lon="24.6869350">
    <ele>2107.6</ele>
   </trkpt>
   <trkpt lat="45.6098410" lon="24.6869380">
    <ele>2107.4</ele>
   </trkpt>
   <trkpt lat="45.6098620" lon="24.6869600">
    <ele>2106.4</ele>
   </trkpt>
   <trkpt lat="45.6098650" lon="24.6869690">
    <ele>2106.4</ele>
   </trkpt>
   <trkpt lat="45.6098660" lon="24.6869790">
    <ele>2106.0</ele>
   </trkpt>
   <trkpt lat="45.6098840" lon="24.6870270">
    <ele>2105.0</ele>
   </trkpt>
   <trkpt lat="45.6098920" lon="24.6870450">
    <ele>2104.2</ele>
   </trkpt>
   <trkpt lat="45.6099170" lon="24.6871060">
    <ele>2103.4</ele>
   </trkpt>
   <trkpt lat="45.6099190" lon="24.6871180">
    <ele>2103.2</ele>
   </trkpt>
   <trkpt lat="45.6099440" lon="24.6871550">
    <ele>2102.2</ele>
   </trkpt>
   <trkpt lat="45.6099700" lon="24.6871690">
    <ele>2101.8</ele>
   </trkpt>
   <trkpt lat="45.6099750" lon="24.6871710">
    <ele>2101.4</ele>
   </trkpt>
   <trkpt lat="45.6099800" lon="24.6871680">
    <ele>2101.0</ele>
   </trkpt>
   <trkpt lat="45.6099900" lon="24.6871600">
    <ele>2100.4</ele>
   </trkpt>
   <trkpt lat="45.6099950" lon="24.6871560">
    <ele>2100.4</ele>
   </trkpt>
   <trkpt lat="45.6100130" lon="24.6871570">
    <ele>2099.6</ele>
   </trkpt>
   <trkpt lat="45.6100390" lon="24.6871640">
    <ele>2098.8</ele>
   </trkpt>
   <trkpt lat="45.6100520" lon="24.6871600">
    <ele>2098.2</ele>
   </trkpt>
   <trkpt lat="45.6100650" lon="24.6871560">
    <ele>2097.8</ele>
   </trkpt>
   <trkpt lat="45.6100740" lon="24.6871480">
    <ele>2097.0</ele>
   </trkpt>
   <trkpt lat="45.6100800" lon="24.6871410">
    <ele>2096.8</ele>
   </trkpt>
   <trkpt lat="45.6100860" lon="24.6871230">
    <ele>2096.8</ele>
   </trkpt>
   <trkpt lat="45.6100920" lon="24.6871090">
    <ele>2096.4</ele>
   </trkpt>
   <trkpt lat="45.6101000" lon="24.6871000">
    <ele>2096.2</ele>
   </trkpt>
   <trkpt lat="45.6101030" lon="24.6870980">
    <ele>2095.8</ele>
   </trkpt>
   <trkpt lat="45.6101170" lon="24.6870920">
    <ele>2095.4</ele>
   </trkpt>
   <trkpt lat="45.6101630" lon="24.6870660">
    <ele>2094.8</ele>
   </trkpt>
   <trkpt lat="45.6101700" lon="24.6870630">
    <ele>2094.8</ele>
   </trkpt>
   <trkpt lat="45.6101760" lon="24.6870620">
    <ele>2094.8</ele>
   </trkpt>
   <trkpt lat="45.6101820" lon="24.6870650">
    <ele>2094.8</ele>
   </trkpt>
   <trkpt lat="45.6101940" lon="24.6870890">
    <ele>2094.4</ele>
   </trkpt>
   <trkpt lat="45.6101880" lon="24.6871210">
    <ele>2094.0</ele>
   </trkpt>
   <trkpt lat="45.6101860" lon="24.6871220">
    <ele>2094.0</ele>
   </trkpt>
   <trkpt lat="45.6101910" lon="24.6871250">
    <ele>2094.0</ele>
   </trkpt>
   <trkpt lat="45.6102000" lon="24.6871410">
    <ele>2093.8</ele>
   </trkpt>
   <trkpt lat="45.6102040" lon="24.6871470">
    <ele>2093.6</ele>
   </trkpt>
   <trkpt lat="45.6102190" lon="24.6871590">
    <ele>2093.4</ele>
   </trkpt>
   <trkpt lat="45.6102370" lon="24.6871830">
    <ele>2092.8</ele>
   </trkpt>
   <trkpt lat="45.6102370" lon="24.6871870">
    <ele>2092.2</ele>
   </trkpt>
   <trkpt lat="45.6102700" lon="24.6871890">
    <ele>2091.6</ele>
   </trkpt>
   <trkpt lat="45.6102710" lon="24.6872090">
    <ele>2091.2</ele>
   </trkpt>
   <trkpt lat="45.6102590" lon="24.6872280">
    <ele>2091.0</ele>
   </trkpt>
   <trkpt lat="45.6102510" lon="24.6872380">
    <ele>2091.0</ele>
   </trkpt>
   <trkpt lat="45.6102400" lon="24.6872590">
    <ele>2090.8</ele>
   </trkpt>
   <trkpt lat="45.6102380" lon="24.6872910">
    <ele>2090.8</ele>
   </trkpt>
   <trkpt lat="45.6102410" lon="24.6873140">
    <ele>2090.6</ele>
   </trkpt>
   <trkpt lat="45.6102400" lon="24.6873380">
    <ele>2090.4</ele>
   </trkpt>
   <trkpt lat="45.6102430" lon="24.6873650">
    <ele>2089.8</ele>
   </trkpt>
   <trkpt lat="45.6102300" lon="24.6874010">
    <ele>2089.8</ele>
   </trkpt>
   <trkpt lat="45.6102190" lon="24.6874130">
    <ele>2089.4</ele>
   </trkpt>
   <trkpt lat="45.6101960" lon="24.6874420">
    <ele>2088.8</ele>
   </trkpt>
   <trkpt lat="45.6101840" lon="24.6874590">
    <ele>2088.6</ele>
   </trkpt>
   <trkpt lat="45.6101550" lon="24.6875270">
    <ele>2087.2</ele>
   </trkpt>
   <trkpt lat="45.6101350" lon="24.6875390">
    <ele>2087.2</ele>
   </trkpt>
   <trkpt lat="45.6101190" lon="24.6875500">
    <ele>2087.0</ele>
   </trkpt>
   <trkpt lat="45.6101090" lon="24.6875710">
    <ele>2086.8</ele>
   </trkpt>
   <trkpt lat="45.6100980" lon="24.6875900">
    <ele>2086.4</ele>
   </trkpt>
   <trkpt lat="45.6100950" lon="24.6875970">
    <ele>2086.2</ele>
   </trkpt>
   <trkpt lat="45.6100830" lon="24.6876050">
    <ele>2085.8</ele>
   </trkpt>
   <trkpt lat="45.6100960" lon="24.6876140">
    <ele>2085.2</ele>
   </trkpt>
   <trkpt lat="45.6101100" lon="24.6876200">
    <ele>2084.8</ele>
   </trkpt>
   <trkpt lat="45.6101100" lon="24.6876200">
    <ele>2085.0</ele>
   </trkpt>
   <trkpt lat="45.6101270" lon="24.6876100">
    <ele>2085.0</ele>
   </trkpt>
   <trkpt lat="45.6101270" lon="24.6876110">
    <ele>2085.2</ele>
   </trkpt>
   <trkpt lat="45.6101230" lon="24.6876040">
    <ele>2085.4</ele>
   </trkpt>
   <trkpt lat="45.6101210" lon="24.6876030">
    <ele>2085.4</ele>
   </trkpt>
   <trkpt lat="45.6101190" lon="24.6876000">
    <ele>2085.0</ele>
   </trkpt>
   <trkpt lat="45.6101200" lon="24.6875980">
    <ele>2085.0</ele>
   </trkpt>
   <trkpt lat="45.6101270" lon="24.6875880">
    <ele>2085.0</ele>
   </trkpt>
   <trkpt lat="45.6101300" lon="24.6875880">
    <ele>2085.2</ele>
   </trkpt>
   <trkpt lat="45.6101350" lon="24.6875930">
    <ele>2085.0</ele>
   </trkpt>
   <trkpt lat="45.6101330" lon="24.6875930">
    <ele>2085.0</ele>
   </trkpt>
   <trkpt lat="45.6101210" lon="24.6875860">
    <ele>2085.2</ele>
   </trkpt>
   <trkpt lat="45.6101200" lon="24.6875860">
    <ele>2085.0</ele>
   </trkpt>
   <trkpt lat="45.6101210" lon="24.6876030">
    <ele>2085.0</ele>
   </trkpt>
   <trkpt lat="45.6101210" lon="24.6876040">
    <ele>2085.0</ele>
   </trkpt>
   <trkpt lat="45.6101210" lon="24.6876070">
    <ele>2085.0</ele>
   </trkpt>
   <trkpt lat="45.6101210" lon="24.6876080">
    <ele>2085.0</ele>
   </trkpt>
   <trkpt lat="45.6101210" lon="24.6876080">
    <ele>2085.0</ele>
   </trkpt>
   <trkpt lat="45.6101210" lon="24.6876090">
    <ele>2085.0</ele>
   </trkpt>
   <trkpt lat="45.6101000" lon="24.6877340">
    <ele>2085.0</ele>
   </trkpt>
   <trkpt lat="45.6100900" lon="24.6878580">
    <ele>2085.0</ele>
   </trkpt>
   <trkpt lat="45.6100920" lon="24.6878630">
    <ele>2085.0</ele>
   </trkpt>
   <trkpt lat="45.6100820" lon="24.6878890">
    <ele>2085.0</ele>
   </trkpt>
   <trkpt lat="45.6100760" lon="24.6878950">
    <ele>2085.0</ele>
   </trkpt>
   <trkpt lat="45.6100830" lon="24.6879680">
    <ele>2085.0</ele>
   </trkpt>
   <trkpt lat="45.6100790" lon="24.6879890">
    <ele>2077.2</ele>
   </trkpt>
   <trkpt lat="45.6100680" lon="24.6880270">
    <ele>2076.6</ele>
   </trkpt>
   <trkpt lat="45.6100260" lon="24.6880440">
    <ele>2076.0</ele>
   </trkpt>
   <trkpt lat="45.6100140" lon="24.6880690">
    <ele>2076.2</ele>
   </trkpt>
   <trkpt lat="45.6100120" lon="24.6880760">
    <ele>2076.0</ele>
   </trkpt>
   <trkpt lat="45.6100050" lon="24.6881050">
    <ele>2075.8</ele>
   </trkpt>
   <trkpt lat="45.6100030" lon="24.6881120">
    <ele>2075.8</ele>
   </trkpt>
   <trkpt lat="45.6099880" lon="24.6881390">
    <ele>2075.6</ele>
   </trkpt>
   <trkpt lat="45.6099820" lon="24.6881510">
    <ele>2075.6</ele>
   </trkpt>
   <trkpt lat="45.6099840" lon="24.6881830">
    <ele>2075.0</ele>
   </trkpt>
   <trkpt lat="45.6099900" lon="24.6882000">
    <ele>2075.0</ele>
   </trkpt>
   <trkpt lat="45.6099900" lon="24.6882190">
    <ele>2074.6</ele>
   </trkpt>
   <trkpt lat="45.6099930" lon="24.6882510">
    <ele>2074.2</ele>
   </trkpt>
   <trkpt lat="45.6099990" lon="24.6882740">
    <ele>2073.8</ele>
   </trkpt>
   <trkpt lat="45.6100010" lon="24.6882840">
    <ele>2073.6</ele>
   </trkpt>
   <trkpt lat="45.6100120" lon="24.6883520">
    <ele>2073.2</ele>
   </trkpt>
   <trkpt lat="45.6100180" lon="24.6883700">
    <ele>2072.8</ele>
   </trkpt>
   <trkpt lat="45.6100180" lon="24.6884110">
    <ele>2072.8</ele>
   </trkpt>
   <trkpt lat="45.6100140" lon="24.6884190">
    <ele>2073.0</ele>
   </trkpt>
   <trkpt lat="45.6100020" lon="24.6885020">
    <ele>2073.8</ele>
   </trkpt>
   <trkpt lat="45.6100010" lon="24.6885140">
    <ele>2073.8</ele>
   </trkpt>
   <trkpt lat="45.6100000" lon="24.6886010">
    <ele>2074.2</ele>
   </trkpt>
   <trkpt lat="45.6100020" lon="24.6886150">
    <ele>2074.2</ele>
   </trkpt>
   <trkpt lat="45.6100050" lon="24.6886540">
    <ele>2074.2</ele>
   </trkpt>
   <trkpt lat="45.6099980" lon="24.6887530">
    <ele>2074.4</ele>
   </trkpt>
   <trkpt lat="45.6099900" lon="24.6887700">
    <ele>2074.8</ele>
   </trkpt>
   <trkpt lat="45.6099770" lon="24.6888260">
    <ele>2075.0</ele>
   </trkpt>
   <trkpt lat="45.6099560" lon="24.6888740">
    <ele>2075.0</ele>
   </trkpt>
   <trkpt lat="45.6099620" lon="24.6888690">
    <ele>2075.0</ele>
   </trkpt>
   <trkpt lat="45.6099580" lon="24.6888720">
    <ele>2075.0</ele>
   </trkpt>
   <trkpt lat="45.6099230" lon="24.6888650">
    <ele>2074.8</ele>
   </trkpt>
   <trkpt lat="45.6098820" lon="24.6888830">
    <ele>2074.6</ele>
   </trkpt>
   <trkpt lat="45.6098720" lon="24.6888910">
    <ele>2074.6</ele>
   </trkpt>
   <trkpt lat="45.6098670" lon="24.6889100">
    <ele>2074.2</ele>
   </trkpt>
   <trkpt lat="45.6098600" lon="24.6889580">
    <ele>2074.2</ele>
   </trkpt>
   <trkpt lat="45.6098530" lon="24.6889720">
    <ele>2074.2</ele>
   </trkpt>
   <trkpt lat="45.6098470" lon="24.6889800">
    <ele>2074.0</ele>
   </trkpt>
   <trkpt lat="45.6098340" lon="24.6890040">
    <ele>2073.8</ele>
   </trkpt>
   <trkpt lat="45.6098290" lon="24.6890120">
    <ele>2073.6</ele>
   </trkpt>
   <trkpt lat="45.6098220" lon="24.6890510">
    <ele>2073.4</ele>
   </trkpt>
   <trkpt lat="45.6098150" lon="24.6891140">
    <ele>2073.4</ele>
   </trkpt>
   <trkpt lat="45.6098010" lon="24.6891290">
    <ele>2073.6</ele>
   </trkpt>
   <trkpt lat="45.6097870" lon="24.6891490">
    <ele>2073.6</ele>
   </trkpt>
   <trkpt lat="45.6097870" lon="24.6891560">
    <ele>2073.6</ele>
   </trkpt>
   <trkpt lat="45.6097840" lon="24.6891610">
    <ele>2073.6</ele>
   </trkpt>
   <trkpt lat="45.6097870" lon="24.6891590">
    <ele>2073.8</ele>
   </trkpt>
   <trkpt lat="45.6097870" lon="24.6891590">
    <ele>2073.8</ele>
   </trkpt>
   <trkpt lat="45.6097950" lon="24.6891940">
    <ele>2073.8</ele>
   </trkpt>
   <trkpt lat="45.6098020" lon="24.6892230">
    <ele>2074.0</ele>
   </trkpt>
   <trkpt lat="45.6098000" lon="24.6892380">
    <ele>2074.0</ele>
   </trkpt>
   <trkpt lat="45.6097970" lon="24.6892370">
    <ele>2074.0</ele>
   </trkpt>
   <trkpt lat="45.6097920" lon="24.6892210">
    <ele>2074.4</ele>
   </trkpt>
   <trkpt lat="45.6097890" lon="24.6892210">
    <ele>2074.4</ele>
   </trkpt>
   <trkpt lat="45.6097890" lon="24.6892210">
    <ele>2074.4</ele>
   </trkpt>
   <trkpt lat="45.6097860" lon="24.6892210">
    <ele>2074.4</ele>
   </trkpt>
   <trkpt lat="45.6097820" lon="24.6892210">
    <ele>2074.2</ele>
   </trkpt>
   <trkpt lat="45.6097780" lon="24.6892220">
    <ele>2074.2</ele>
   </trkpt>
   <trkpt lat="45.6097780" lon="24.6892220">
    <ele>2074.2</ele>
   </trkpt>
   <trkpt lat="45.6097770" lon="24.6892750">
    <ele>2073.8</ele>
   </trkpt>
   <trkpt lat="45.6097850" lon="24.6893120">
    <ele>2073.8</ele>
   </trkpt>
   <trkpt lat="45.6097840" lon="24.6893120">
    <ele>2073.8</ele>
   </trkpt>
   <trkpt lat="45.6097850" lon="24.6893140">
    <ele>2073.8</ele>
   </trkpt>
   <trkpt lat="45.6097800" lon="24.6893020">
    <ele>2073.8</ele>
   </trkpt>
   <trkpt lat="45.6097840" lon="24.6893020">
    <ele>2073.8</ele>
   </trkpt>
   <trkpt lat="45.6097870" lon="24.6893110">
    <ele>2073.8</ele>
   </trkpt>
   <trkpt lat="45.6097900" lon="24.6893210">
    <ele>2073.8</ele>
   </trkpt>
   <trkpt lat="45.6097920" lon="24.6893240">
    <ele>2073.8</ele>
   </trkpt>
   <trkpt lat="45.6097920" lon="24.6893240">
    <ele>2073.8</ele>
   </trkpt>
   <trkpt lat="45.6097890" lon="24.6893010">
    <ele>2073.8</ele>
   </trkpt>
   <trkpt lat="45.6097670" lon="24.6892870">
    <ele>2073.8</ele>
   </trkpt>
   <trkpt lat="45.6097670" lon="24.6892880">
    <ele>2073.8</ele>
   </trkpt>
   <trkpt lat="45.6097670" lon="24.6892880">
    <ele>2073.8</ele>
   </trkpt>
   <trkpt lat="45.6097670" lon="24.6892880">
    <ele>2073.8</ele>
   </trkpt>
   <trkpt lat="45.6097680" lon="24.6892860">
    <ele>2073.8</ele>
   </trkpt>
   <trkpt lat="45.6097690" lon="24.6892860">
    <ele>2073.8</ele>
   </trkpt>
   <trkpt lat="45.6097710" lon="24.6892860">
    <ele>2073.8</ele>
   </trkpt>
   <trkpt lat="45.6097730" lon="24.6892870">
    <ele>2073.8</ele>
   </trkpt>
   <trkpt lat="45.6097780" lon="24.6892880">
    <ele>2073.8</ele>
   </trkpt>
   <trkpt lat="45.6097840" lon="24.6892940">
    <ele>2073.8</ele>
   </trkpt>
   <trkpt lat="45.6097850" lon="24.6892940">
    <ele>2073.8</ele>
   </trkpt>
   <trkpt lat="45.6097850" lon="24.6892940">
    <ele>2073.8</ele>
   </trkpt>
   <trkpt lat="45.6097850" lon="24.6892940">
    <ele>2073.8</ele>
   </trkpt>
   <trkpt lat="45.6097850" lon="24.6892950">
    <ele>2073.8</ele>
   </trkpt>
   <trkpt lat="45.6097850" lon="24.6892950">
    <ele>2073.8</ele>
   </trkpt>
   <trkpt lat="45.6097850" lon="24.6892950">
    <ele>2073.8</ele>
   </trkpt>
   <trkpt lat="45.6097850" lon="24.6892950">
    <ele>2073.8</ele>
   </trkpt>
   <trkpt lat="45.6097710" lon="24.6893480">
    <ele>2073.8</ele>
   </trkpt>
   <trkpt lat="45.6097560" lon="24.6893990">
    <ele>2073.8</ele>
   </trkpt>
   <trkpt lat="45.6097470" lon="24.6894200">
    <ele>2073.8</ele>
   </trkpt>
   <trkpt lat="45.6097300" lon="24.6894360">
    <ele>2073.8</ele>
   </trkpt>
   <trkpt lat="45.6097320" lon="24.6894280">
    <ele>2073.8</ele>
   </trkpt>
   <trkpt lat="45.6097350" lon="24.6894180">
    <ele>2073.8</ele>
   </trkpt>
   <trkpt lat="45.6097170" lon="24.6894050">
    <ele>2073.8</ele>
   </trkpt>
   <trkpt lat="45.6097130" lon="24.6894030">
    <ele>2073.8</ele>
   </trkpt>
   <trkpt lat="45.6097130" lon="24.6894030">
    <ele>2073.8</ele>
   </trkpt>
   <trkpt lat="45.6097000" lon="24.6893920">
    <ele>2070.0</ele>
   </trkpt>
   <trkpt lat="45.6097000" lon="24.6893920">
    <ele>2070.0</ele>
   </trkpt>
   <trkpt lat="45.6097010" lon="24.6893970">
    <ele>2070.0</ele>
   </trkpt>
   <trkpt lat="45.6097020" lon="24.6894010">
    <ele>2069.8</ele>
   </trkpt>
   <trkpt lat="45.6097010" lon="24.6894160">
    <ele>2070.0</ele>
   </trkpt>
   <trkpt lat="45.6097010" lon="24.6894160">
    <ele>2070.0</ele>
   </trkpt>
   <trkpt lat="45.6097010" lon="24.6894160">
    <ele>2070.0</ele>
   </trkpt>
   <trkpt lat="45.6097010" lon="24.6894160">
    <ele>2070.0</ele>
   </trkpt>
   <trkpt lat="45.6097010" lon="24.6894160">
    <ele>2070.0</ele>
   </trkpt>
   <trkpt lat="45.6097080" lon="24.6894170">
    <ele>2069.8</ele>
   </trkpt>
   <trkpt lat="45.6097220" lon="24.6894110">
    <ele>2070.0</ele>
   </trkpt>
   <trkpt lat="45.6097220" lon="24.6894090">
    <ele>2070.2</ele>
   </trkpt>
   <trkpt lat="45.6097220" lon="24.6894080">
    <ele>2069.8</ele>
   </trkpt>
   <trkpt lat="45.6097260" lon="24.6894050">
    <ele>2069.8</ele>
   </trkpt>
   <trkpt lat="45.6097370" lon="24.6894040">
    <ele>2069.8</ele>
   </trkpt>
   <trkpt lat="45.6097410" lon="24.6894040">
    <ele>2069.8</ele>
   </trkpt>
   <trkpt lat="45.6097420" lon="24.6894040">
    <ele>2069.8</ele>
   </trkpt>
   <trkpt lat="45.6097130" lon="24.6894170">
    <ele>2069.8</ele>
   </trkpt>
   <trkpt lat="45.6097140" lon="24.6894150">
    <ele>2069.8</ele>
   </trkpt>
   <trkpt lat="45.6097170" lon="24.6894140">
    <ele>2069.8</ele>
   </trkpt>
   <trkpt lat="45.6097240" lon="24.6894110">
    <ele>2069.8</ele>
   </trkpt>
   <trkpt lat="45.6097260" lon="24.6894080">
    <ele>2069.8</ele>
   </trkpt>
   <trkpt lat="45.6097310" lon="24.6894040">
    <ele>2069.8</ele>
   </trkpt>
   <trkpt lat="45.6097360" lon="24.6893970">
    <ele>2069.8</ele>
   </trkpt>
   <trkpt lat="45.6097380" lon="24.6894030">
    <ele>2069.8</ele>
   </trkpt>
   <trkpt lat="45.6097350" lon="24.6894270">
    <ele>2069.8</ele>
   </trkpt>
   <trkpt lat="45.6097370" lon="24.6894270">
    <ele>2069.8</ele>
   </trkpt>
   <trkpt lat="45.6097280" lon="24.6894280">
    <ele>2069.8</ele>
   </trkpt>
   <trkpt lat="45.6097280" lon="24.6894280">
    <ele>2069.8</ele>
   </trkpt>
   <trkpt lat="45.6097280" lon="24.6894280">
    <ele>2069.8</ele>
   </trkpt>
   <trkpt lat="45.6097270" lon="24.6894280">
    <ele>2069.8</ele>
   </trkpt>
   <trkpt lat="45.6097270" lon="24.6894280">
    <ele>2069.8</ele>
   </trkpt>
   <trkpt lat="45.6097270" lon="24.6894280">
    <ele>2069.8</ele>
   </trkpt>
   <trkpt lat="45.6097270" lon="24.6894280">
    <ele>2069.8</ele>
   </trkpt>
   <trkpt lat="45.6097260" lon="24.6894270">
    <ele>2069.8</ele>
   </trkpt>
   <trkpt lat="45.6097260" lon="24.6894270">
    <ele>2069.8</ele>
   </trkpt>
   <trkpt lat="45.6097270" lon="24.6894260">
    <ele>2069.8</ele>
   </trkpt>
   <trkpt lat="45.6097280" lon="24.6894250">
    <ele>2069.8</ele>
   </trkpt>
   <trkpt lat="45.6097280" lon="24.6894250">
    <ele>2069.8</ele>
   </trkpt>
   <trkpt lat="45.6097280" lon="24.6894250">
    <ele>2069.8</ele>
   </trkpt>
   <trkpt lat="45.6097280" lon="24.6894250">
    <ele>2069.8</ele>
   </trkpt>
   <trkpt lat="45.6097280" lon="24.6894250">
    <ele>2069.8</ele>
   </trkpt>
   <trkpt lat="45.6097280" lon="24.6894240">
    <ele>2069.8</ele>
   </trkpt>
   <trkpt lat="45.6097290" lon="24.6894240">
    <ele>2069.8</ele>
   </trkpt>
   <trkpt lat="45.6097290" lon="24.6894230">
    <ele>2069.8</ele>
   </trkpt>
   <trkpt lat="45.6097280" lon="24.6894230">
    <ele>2069.8</ele>
   </trkpt>
   <trkpt lat="45.6097280" lon="24.6894230">
    <ele>2069.8</ele>
   </trkpt>
   <trkpt lat="45.6097280" lon="24.6894230">
    <ele>2069.8</ele>
   </trkpt>
   <trkpt lat="45.6097270" lon="24.6894220">
    <ele>2069.8</ele>
   </trkpt>
   <trkpt lat="45.6097500" lon="24.6893440">
    <ele>2069.8</ele>
   </trkpt>
   <trkpt lat="45.6097490" lon="24.6893400">
    <ele>2069.8</ele>
   </trkpt>
   <trkpt lat="45.6097610" lon="24.6893010">
    <ele>2069.8</ele>
   </trkpt>
   <trkpt lat="45.6097720" lon="24.6892950">
    <ele>2069.8</ele>
   </trkpt>
   <trkpt lat="45.6097770" lon="24.6892950">
    <ele>2073.2</ele>
   </trkpt>
   <trkpt lat="45.6097820" lon="24.6892920">
    <ele>2073.2</ele>
   </trkpt>
   <trkpt lat="45.6097820" lon="24.6892920">
    <ele>2073.2</ele>
   </trkpt>
   <trkpt lat="45.6097820" lon="24.6892920">
    <ele>2073.0</ele>
   </trkpt>
   <trkpt lat="45.6097890" lon="24.6893100">
    <ele>2073.4</ele>
   </trkpt>
   <trkpt lat="45.6097890" lon="24.6893100">
    <ele>2073.8</ele>
   </trkpt>
  </trkseg>
 </trk>
</gpx>
